q_id,web_list
1,"[1567, 135, 1611, 16, 1607]"
2,"[372, 368, 862, 455, 1905]"
3,"[116, 386, 1733, 857, 1705]"
4,"[1043, 1051, 1704, 1760, 1762]"
5,"[926, 1620, 1520, 1193, 1561]"
6,"[108, 138, 697, 1495, 212]"
7,"[1906, 1528, 1704, 1916, 89]"
8,"[282, 892, 511, 66, 1704]"
9,"[1025, 1193, 1896, 165, 1608]"
10,"[1884, 116, 137, 1197, 1604]"
11,"[102, 1599, 1202, 410, 409]"
12,"[1192, 1611, 114, 1712, 1523]"
13,"[116, 1733, 113, 1884, 1025]"
14,"[372, 1567, 762, 759, 765]"
15,"[1904, 1363, 1316, 18, 1607]"
16,"[1915, 1129, 736, 141, 1649]"
17,"[372, 368, 455, 1191, 1255]"
18,"[1607, 1904, 1903, 1792, 1733]"
19,"[1915, 1900, 1767, 1543, 360]"
20,"[1915, 1620, 1043, 1060, 1051]"
21,"[1915, 455, 1884, 786, 18]"
22,"[1766, 1705, 1748, 1555, 349]"
23,"[511, 1704, 73, 1705, 1809]"
24,"[102, 663, 749, 96, 97]"
25,"[1915, 114, 1641, 1192, 216]"
26,"[455, 372, 368, 862, 1697]"
27,"[1615, 1586, 1538, 1192, 667]"
28,"[96, 97, 1775, 677, 98]"
29,"[1915, 1618, 1619, 89, 216]"
30,"[1884, 1043, 1924, 478, 1760]"
31,"[1915, 1733, 1046, 1618, 1627]"
32,"[116, 408, 1915, 114, 1561]"
33,"[1884, 1915, 1197, 1922, 1897]"
34,"[1499, 1704, 1677, 521, 1705]"
35,"[455, 1704, 1705, 1613, 216]"
36,"[1705, 1704, 271, 1063, 526]"
37,"[1725, 608, 848, 1705, 758]"
38,"[1607, 1608, 765, 1733, 768]"
39,"[478, 1924, 1704, 922, 1705]"
40,"[1071, 437, 1035, 1193, 1041]"
41,"[1524, 1525, 1752, 453, 1670]"
42,"[372, 1191, 1192, 1113, 1570]"
43,"[1793, 1792, 1777, 1765, 1789]"
44,"[1299, 1256, 371, 430, 1258]"
45,"[1063, 739, 149, 925, 872]"
46,"[1620, 1037, 1073, 1042, 1049]"
47,"[1905, 1627, 1907, 1899, 113]"
48,"[455, 1896, 1588, 1705, 1906]"
49,"[1919, 333, 543, 110, 1062]"
50,"[162, 73, 919, 931, 934]"
51,"[511, 1705, 1704, 1809, 1835]"
52,"[1900, 1915, 1543, 408, 1902]"
53,"[1567, 135, 1611, 16, 837]"
54,"[1924, 28, 29, 1704, 98]"
55,"[511, 1704, 1705, 73, 1809]"
56,"[1904, 1748, 1587, 1922, 1897]"
57,"[455, 1, 1705, 1704, 1191]"
58,"[1697, 706, 1696, 855, 335]"
59,"[1068, 89, 114, 29, 1676]"
60,"[1178, 1132, 360, 1936, 1191]"
61,"[511, 1157, 1567, 1704, 1705]"
62,"[1924, 478, 1704, 1705, 1457]"
63,"[1071, 868, 1197, 1748, 692]"
64,"[1567, 1891, 53, 1532, 1562]"
65,"[1567, 259, 1705, 1704, 16]"
66,"[1924, 1915, 1705, 1765, 1777]"
67,"[1705, 1733, 1704, 1164, 1167]"
68,"[866, 666, 634, 633, 664]"
69,"[1915, 1580, 1906, 926, 432]"
70,"[1896, 1608, 1607, 1157, 1567]"
71,"[89, 1534, 165, 1676, 29]"
72,"[124, 1904, 1700, 96, 1232]"
73,"[1855, 677, 376, 1055, 959]"
74,"[1612, 1704, 530, 1705, 1615]"
75,"[1915, 1588, 1899, 1529, 926]"
76,"[1915, 1598, 216, 1193, 1705]"
77,"[408, 1917, 823, 1900, 1915]"
78,"[478, 1884, 116, 102, 1924]"
79,"[823, 1612, 1914, 1762, 1873]"
80,"[372, 1906, 903, 432, 1302]"
81,"[1273, 971, 778, 1926, 1608]"
82,"[1915, 1249, 1761, 823, 824]"
83,"[368, 862, 1697, 1915, 455]"
84,"[368, 372, 216, 862, 455]"
85,"[1079, 1620, 1043, 677, 265]"
86,"[1586, 1615, 338, 346, 1192]"
87,"[1742, 1073, 1550, 884, 667]"
88,"[1896, 1607, 1567, 1192, 1608]"
89,"[1900, 1570, 1557, 1543, 1638]"
90,"[1636, 1449, 1704, 787, 1177]"
91,"[1713, 1701, 928, 1543, 1533]"
92,"[1192, 114, 1567, 1611, 16]"
93,"[677, 903, 1924, 480, 376]"
94,"[16, 116, 478, 1924, 924]"
95,"[114, 1915, 113, 890, 408]"
96,"[478, 1763, 1894, 811, 743]"
97,"[655, 1863, 430, 1260, 1258]"
98,"[887, 219, 368, 605, 1040]"
99,"[1717, 758, 1246, 745, 846]"
100,"[1615, 1567, 1556, 1538, 321]"
101,"[283, 1902, 1279, 1917, 1030]"
102,"[1705, 1904, 1316, 1607, 1363]"
103,"[1299, 420, 1814, 1813, 1706]"
104,"[1567, 926, 1617, 1884, 1555]"
105,"[1772, 1202, 410, 1263, 1580]"
106,"[365, 1014, 408, 1915, 125]"
107,"[371, 1148, 1762, 914, 924]"
108,"[1772, 1704, 661, 1705, 1302]"
109,"[1638, 116, 781, 1694, 171]"
110,"[1490, 1705, 1607, 1704, 1129]"
111,"[1915, 624, 1617, 1598, 324]"
112,"[1193, 1705, 933, 164, 419]"
113,"[73, 4, 1246, 1878, 1707]"
114,"[1900, 1543, 1915, 1902, 101]"
115,"[478, 1030, 443, 289, 455]"
116,"[1193, 1029, 1026, 1620, 1909]"
117,"[1671, 1745, 1616, 96, 1907]"
118,"[765, 1733, 762, 768, 1738]"
119,"[478, 1915, 1924, 1704, 1705]"
120,"[1772, 1646, 1451, 1853, 961]"
121,"[455, 368, 421, 1733, 1255]"
122,"[1814, 1772, 1813, 1811, 1812]"
123,"[735, 89, 102, 938, 164]"
124,"[1570, 135, 1721, 372, 1773]"
125,"[372, 702, 1098, 58, 57]"
126,"[216, 1389, 446, 1733, 1788]"
127,"[1617, 1618, 1025, 1915, 937]"
128,"[1929, 114, 1567, 884, 16]"
129,"[455, 1704, 1, 1705, 1191]"
130,"[1762, 292, 700, 1617, 1758]"
131,"[1878, 1707, 1795, 456, 1246]"
132,"[1907, 1885, 1704, 1887, 786]"
133,"[478, 1924, 1705, 1733, 1704]"
134,"[1924, 478, 1705, 1906, 1704]"
135,"[1704, 511, 1705, 1511, 1472]"
136,"[45, 1596, 1913, 1246, 401]"
137,"[1607, 372, 1608, 1517, 1157]"
138,"[1567, 1618, 1705, 1761, 1607]"
139,"[1607, 1157, 288, 1046, 165]"
140,"[1924, 1861, 1855, 1003, 236]"
141,"[1299, 1915, 1924, 164, 1343]"
142,"[1906, 1191, 1526, 455, 1922]"
143,"[1924, 1299, 1193, 1705, 1704]"
144,"[368, 1192, 1042, 1907, 698]"
145,"[441, 1630, 828, 1922, 1897]"
146,"[453, 1246, 495, 78, 1561]"
147,"[1863, 903, 927, 1901, 1836]"
148,"[1704, 1567, 1705, 1896, 1769]"
149,"[372, 368, 455, 1070, 454]"
150,"[901, 1567, 1705, 53, 1562]"
151,"[1915, 930, 1906, 922, 1528]"
152,"[1113, 114, 1066, 926, 1077]"
153,"[1915, 1917, 1620, 1704, 216]"
154,"[1704, 1705, 1758, 1760, 1761]"
155,"[1726, 1604, 1601, 1705, 1704]"
156,"[1908, 73, 1317, 468, 1717]"
157,"[372, 511, 1704, 125, 1733]"
158,"[1071, 1567, 1807, 1705, 1704]"
159,"[1277, 692, 1726, 1521, 1614]"
160,"[1026, 1029, 1042, 919, 938]"
161,"[1884, 1071, 1922, 1897, 1899]"
162,"[1896, 1567, 1193, 1618, 1549]"
163,"[1567, 1922, 1897, 1192, 1705]"
164,"[1599, 123, 349, 1017, 891]"
165,"[1773, 1768, 1030, 1762, 123]"
166,"[1895, 1570, 1287, 828, 1785]"
167,"[663, 102, 637, 1887, 749]"
168,"[288, 97, 96, 175, 98]"
169,"[136, 275, 1630, 97, 96]"
170,"[1772, 1263, 1299, 595, 599]"
171,"[1673, 1927, 892, 1704, 1886]"
172,"[1567, 1929, 1922, 1897, 1907]"
173,"[47, 1636, 1314, 1922, 1897]"
174,"[128, 1899, 1789, 1792, 1790]"
175,"[794, 1742, 1534, 98, 97]"
176,"[1080, 1089, 1110, 437, 1915]"
177,"[1620, 990, 954, 1676, 511]"
178,"[1915, 1072, 868, 993, 1748]"
179,"[1795, 1888, 1130, 98, 1887]"
180,"[1915, 624, 1617, 926, 324]"
181,"[1570, 1192, 372, 1615, 1121]"
182,"[372, 368, 455, 1915, 454]"
183,"[1902, 1915, 1900, 1917, 101]"
184,"[1915, 1562, 306, 926, 1617]"
185,"[778, 1582, 1380, 88, 49]"
186,"[1894, 368, 455, 1705, 1704]"
187,"[113, 1526, 1899, 1924, 1922]"
188,"[116, 1884, 361, 114, 377]"
189,"[1878, 1707, 1708, 1513, 1246]"
190,"[1915, 1902, 1704, 1705, 926]"
191,"[1915, 1710, 1705, 1704, 1070]"
192,"[1490, 511, 1704, 1612, 1809]"
193,"[624, 320, 1752, 442, 1286]"
194,"[1567, 1746, 1704, 1705, 95]"
195,"[1900, 1924, 1259, 1298, 1261]"
196,"[16, 1071, 1705, 1807, 1704]"
197,"[1363, 1704, 1472, 1705, 765]"
198,"[926, 357, 1598, 1662, 333]"
199,"[865, 1747, 863, 1923, 1929]"
200,"[1884, 116, 919, 1604, 464]"
201,"[1705, 1704, 1193, 1914, 1748]"
202,"[1900, 1809, 1705, 1704, 890]"
203,"[878, 1705, 1772, 1317, 73]"
204,"[1607, 1517, 1532, 1659, 1608]"
205,"[786, 1915, 1884, 116, 1924]"
206,"[1705, 1704, 1758, 1760, 1762]"
207,"[16, 1772, 1513, 594, 1307]"
208,"[1481, 1705, 1032, 1704, 846]"
209,"[862, 1924, 1603, 587, 1746]"
210,"[737, 719, 823, 347, 736]"
211,"[1884, 1704, 16, 1705, 478]"
212,"[1924, 868, 408, 114, 1900]"
213,"[114, 1904, 1705, 1192, 1040]"
214,"[1601, 575, 571, 568, 574]"
215,"[1762, 1063, 1705, 1704, 1758]"
216,"[1523, 1556, 1705, 1567, 114]"
217,"[1878, 1707, 1570, 1721, 372]"
218,"[1705, 1567, 1885, 1899, 1887]"
219,"[1733, 1363, 757, 927, 741]"
220,"[165, 1915, 1733, 1617, 1697]"
221,"[1157, 1607, 1608, 1613, 1191]"
222,"[1013, 945, 1249, 1570, 1705]"
223,"[1704, 1705, 551, 106, 1887]"
224,"[1567, 1192, 135, 1884, 16]"
225,"[1705, 1825, 1906, 1704, 1255]"
226,"[1676, 1666, 1613, 124, 926]"
227,"[478, 432, 1924, 464, 1904]"
228,"[1705, 375, 1704, 1171, 1758]"
229,"[1728, 1732, 1704, 1705, 1628]"
230,"[1915, 1637, 1733, 485, 324]"
231,"[1249, 1775, 1761, 1762, 1760]"
232,"[1599, 440, 1704, 676, 697]"
233,"[114, 455, 16, 884, 1567]"
234,"[107, 884, 73, 927, 1354]"
235,"[1043, 1620, 677, 125, 1051]"
236,"[1636, 884, 1705, 375, 1704]"
237,"[1705, 1874, 1870, 1704, 1832]"
238,"[1043, 677, 1249, 796, 1511]"
239,"[1704, 439, 1884, 1705, 925]"
240,"[1714, 1902, 1030, 1592, 921]"
241,"[368, 372, 1070, 455, 454]"
242,"[1906, 1588, 1358, 1832, 1887]"
243,"[1567, 135, 1896, 1889, 1885]"
244,"[114, 922, 1567, 1556, 1705]"
245,"[478, 1924, 1886, 1775, 1704]"
246,"[1902, 1900, 1917, 114, 368]"
247,"[1825, 1759, 1764, 1705, 403]"
248,"[368, 372, 1157, 1733, 1192]"
249,"[1191, 455, 692, 1758, 1726]"
250,"[7, 1878, 1707, 73, 1246]"
251,"[1601, 692, 1704, 1761, 1758]"
252,"[1906, 1043, 1528, 1916, 1915]"
253,"[1792, 1733, 412, 443, 1788]"
254,"[1884, 1902, 116, 1900, 114]"
255,"[1704, 903, 1705, 107, 440]"
256,"[1157, 368, 455, 1113, 372]"
257,"[1704, 1705, 677, 1894, 933]"
258,"[1260, 1863, 430, 1256, 1258]"
259,"[1915, 1924, 1040, 1066, 89]"
260,"[1079, 406, 407, 1086, 428]"
261,"[1704, 1705, 95, 453, 1525]"
262,"[1249, 1886, 1762, 1761, 1760]"
263,"[419, 1193, 1914, 455, 165]"
264,"[1704, 1705, 89, 901, 1733]"
265,"[1924, 478, 786, 1704, 1705]"
266,"[1704, 1915, 1567, 1578, 1193]"
267,"[1555, 1617, 1900, 1758, 1760]"
268,"[1924, 1884, 102, 478, 1526]"
269,"[368, 1538, 862, 1556, 1615]"
270,"[1599, 1586, 379, 334, 1192]"
271,"[1687, 434, 1918, 1929, 1630]"
272,"[1052, 363, 1733, 1667, 255]"
273,"[1915, 1543, 926, 1929, 1289]"
274,"[1607, 1608, 1896, 1157, 1191]"
275,"[363, 1570, 484, 1188, 1299]"
276,"[290, 864, 257, 1704, 118]"
277,"[1232, 1567, 1296, 1785, 1238]"
278,"[1915, 527, 1607, 114, 89]"
279,"[1491, 1555, 364, 1772, 760]"
280,"[403, 514, 765, 751, 759]"
281,"[1608, 1607, 1896, 1157, 1191]"
282,"[1899, 530, 1704, 95, 1705]"
283,"[372, 455, 368, 1191, 1113]"
284,"[1607, 1705, 1906, 530, 1704]"
285,"[927, 594, 1609, 1772, 1513]"
286,"[1900, 892, 1917, 872, 1543]"
287,"[1157, 368, 1113, 455, 421]"
288,"[1904, 124, 18, 1670, 1316]"
289,"[1675, 1915, 216, 1676, 455]"
290,"[125, 1924, 1704, 1761, 478]"
291,"[1915, 677, 1792, 1789, 1790]"
292,"[1173, 1166, 113, 409, 1788]"
293,"[885, 420, 862, 1603, 606]"
294,"[933, 1620, 1836, 1873, 267]"
295,"[1917, 1900, 216, 692, 1902]"
296,"[1620, 1793, 1915, 1043, 89]"
297,"[1917, 1902, 1612, 1914, 1704]"
298,"[114, 1904, 454, 116, 1192]"
299,"[1884, 432, 171, 1562, 1890]"
300,"[1704, 1249, 1607, 1202, 410]"
301,"[796, 1704, 1043, 1705, 885]"
302,"[1516, 349, 1752, 1705, 1772]"
303,"[677, 1793, 1832, 1792, 1789]"
304,"[1704, 1705, 1030, 1884, 478]"
305,"[1795, 1878, 1707, 875, 73]"
306,"[1727, 1728, 808, 1015, 381]"
307,"[418, 1257, 1531, 1240, 1068]"
308,"[1705, 419, 933, 1704, 886]"
309,"[411, 1733, 1704, 1787, 1769]"
310,"[135, 1768, 1889, 60, 1570]"
311,"[501, 1659, 1531, 1030, 1068]"
312,"[1525, 1887, 1541, 749, 1746]"
313,"[1915, 1825, 493, 1705, 1704]"
314,"[441, 1295, 298, 1772, 433]"
315,"[165, 924, 925, 931, 934]"
316,"[587, 599, 590, 608, 595]"
317,"[114, 1884, 811, 1610, 455]"
318,"[1900, 1915, 890, 677, 1917]"
319,"[114, 1900, 455, 1902, 1884]"
320,"[1932, 1704, 530, 1705, 896]"
321,"[1924, 1915, 1884, 1900, 478]"
322,"[886, 368, 1072, 372, 1604]"
323,"[198, 736, 737, 988, 1049]"
324,"[1924, 216, 1610, 1733, 16]"
325,"[1886, 1772, 1301, 356, 428]"
326,"[1607, 1733, 1737, 1608, 768]"
327,"[1924, 811, 1899, 1599, 1063]"
328,"[926, 885, 919, 1915, 1560]"
329,"[409, 1713, 688, 1704, 96]"
330,"[1915, 1863, 1828, 922, 1935]"
331,"[361, 360, 446, 818, 371]"
332,"[1705, 926, 1618, 1677, 1704]"
333,"[1192, 1607, 1704, 1705, 1615]"
334,"[1607, 1608, 1517, 1904, 1192]"
335,"[1604, 216, 1915, 1536, 1748]"
336,"[1028, 329, 1034, 1925, 751]"
337,"[1704, 1902, 1699, 1926, 1705]"
338,"[1526, 1529, 1899, 1527, 113]"
339,"[1570, 1192, 372, 1615, 1121]"
340,"[1884, 114, 1922, 1897, 1705]"
341,"[372, 89, 1192, 114, 29]"
342,"[1902, 1713, 98, 171, 102]"
343,"[114, 1875, 1705, 1712, 454]"
344,"[1570, 372, 1878, 1707, 1804]"
345,"[1269, 1286, 1607, 1586, 1705]"
346,"[1915, 1192, 1617, 455, 1113]"
347,"[1604, 1601, 692, 888, 1705]"
348,"[1915, 1249, 677, 406, 98]"
349,"[1884, 114, 368, 116, 455]"
350,"[1705, 1704, 1619, 1561, 114]"
351,"[478, 1924, 1884, 1705, 1758]"
352,"[368, 372, 1570, 455, 862]"
353,"[472, 1701, 1006, 277, 861]"
354,"[1193, 1704, 164, 1705, 1612]"
355,"[1915, 1924, 677, 368, 455]"
356,"[1915, 885, 1590, 1906, 1619]"
357,"[1924, 1884, 478, 1922, 1897]"
358,"[677, 1855, 1812, 1811, 1705]"
359,"[890, 1704, 1705, 1904, 112]"
360,"[1917, 1599, 1612, 1914, 1704]"
361,"[1900, 1543, 1620, 1809, 1705]"
362,"[1917, 1612, 1599, 1914, 1762]"
363,"[1900, 1543, 43, 112, 890]"
364,"[1915, 1762, 1899, 216, 485]"
365,"[919, 1025, 1749, 921, 938]"
366,"[1795, 1887, 1888, 875, 1829]"
367,"[1270, 1896, 1658, 1636, 1592]"
368,"[1316, 1836, 1704, 1832, 1752]"
369,"[1023, 398, 594, 90, 1863]"
370,"[1704, 1760, 1705, 1769, 1768]"
371,"[1137, 1705, 511, 857, 1704]"
372,"[73, 171, 403, 1887, 749]"
373,"[446, 1787, 1786, 412, 1733]"
374,"[116, 1884, 1296, 1924, 1197]"
375,"[1524, 749, 1525, 1752, 1670]"
376,"[1704, 106, 1637, 1705, 1091]"
377,"[1704, 1902, 1915, 1705, 1928]"
378,"[561, 1316, 1461, 1457, 565]"
379,"[1704, 478, 1907, 1904, 388]"
380,"[1762, 1612, 1758, 1586, 1914]"
381,"[368, 1, 1705, 421, 1704]"
382,"[1915, 478, 1924, 216, 1917]"
383,"[1760, 1705, 1567, 1733, 1704]"
384,"[1607, 1193, 1191, 1909, 1914]"
385,"[1017, 1599, 349, 1769, 919]"
386,"[1790, 1789, 292, 1788, 446]"
387,"[1567, 372, 1249, 1611, 16]"
388,"[1070, 1059, 455, 98, 1628]"
389,"[1704, 289, 511, 1705, 1809]"
390,"[1915, 1900, 1557, 1543, 1638]"
391,"[1758, 1760, 361, 818, 1521]"
392,"[1922, 1897, 1627, 89, 1905]"
393,"[1488, 1705, 1704, 824, 1133]"
394,"[1704, 878, 73, 1795, 487]"
395,"[1567, 1192, 1896, 135, 1884]"
396,"[478, 677, 1924, 590, 597]"
397,"[114, 1147, 1899, 375, 455]"
398,"[1906, 1704, 926, 1705, 1675]"
399,"[1792, 1924, 868, 1587, 1787]"
400,"[1567, 1756, 1072, 1704, 851]"
401,"[1746, 1705, 930, 1704, 158]"
402,"[1884, 1915, 116, 1922, 1897]"
403,"[1884, 1758, 1705, 1799, 1043]"
404,"[1026, 990, 347, 1769, 339]"
405,"[511, 135, 1704, 1809, 1705]"
406,"[368, 862, 1157, 455, 1191]"
407,"[1900, 1259, 1261, 1298, 1260]"
408,"[1902, 1713, 1900, 165, 1552]"
409,"[1655, 339, 1705, 1760, 1761]"
410,"[1745, 1616, 1671, 96, 1041]"
411,"[28, 1675, 1699, 29, 1248]"
412,"[1726, 1601, 1191, 692, 846]"
413,"[204, 140, 195, 200, 952]"
414,"[126, 1855, 787, 59, 1746]"
415,"[135, 1570, 1803, 821, 1800]"
416,"[1915, 1904, 175, 163, 1025]"
417,"[1618, 930, 1705, 1704, 1762]"
418,"[1592, 1915, 197, 1154, 408]"
419,"[1157, 1067, 128, 1162, 432]"
420,"[1915, 1148, 924, 1762, 914]"
421,"[851, 361, 1705, 317, 479]"
422,"[1587, 1037, 1627, 165, 1905]"
423,"[594, 1580, 1513, 1772, 1340]"
424,"[1607, 511, 1704, 1809, 1705]"
425,"[1628, 1705, 1733, 1704, 455]"
426,"[446, 365, 688, 398, 1197]"
427,"[1192, 1733, 114, 1611, 116]"
428,"[1157, 1924, 276, 1567, 455]"
429,"[1549, 1727, 739, 1551, 692]"
430,"[1042, 1030, 885, 1026, 728]"
431,"[398, 361, 533, 681, 683]"
432,"[478, 1884, 1924, 1922, 1897]"
433,"[1915, 677, 376, 140, 1704]"
434,"[1193, 862, 164, 455, 1191]"
435,"[1567, 372, 135, 16, 1607]"
436,"[1659, 1704, 926, 1705, 1809]"
437,"[933, 1704, 1705, 511, 1809]"
438,"[421, 478, 1030, 1909, 216]"
439,"[1772, 1580, 1486, 66, 749]"
440,"[1917, 1902, 1612, 1599, 1914]"
441,"[1915, 216, 1491, 1555, 349]"
442,"[1761, 1904, 1705, 1032, 1887]"
443,"[372, 368, 58, 1072, 1024]"
444,"[455, 372, 368, 862, 1113]"
445,"[677, 376, 1302, 1370, 1363]"
446,"[1900, 114, 868, 1748, 1902]"
447,"[1915, 1249, 1705, 1704, 1021]"
448,"[1924, 125, 116, 1704, 114]"
449,"[1071, 1587, 89, 1255, 1905]"
450,"[1193, 1836, 1835, 1704, 1873]"
451,"[1, 1705, 1704, 455, 1894]"
452,"[1917, 901, 1612, 1705, 1704]"
453,"[1900, 1902, 1917, 1543, 1552]"
454,"[1865, 162, 919, 931, 934]"
455,"[261, 1002, 232, 267, 266]"
456,"[1915, 1900, 1627, 1922, 1897]"
457,"[1916, 1906, 125, 1928, 1915]"
458,"[1900, 1924, 677, 1102, 1676]"
459,"[1737, 1095, 1705, 1252, 1259]"
460,"[1915, 1863, 1836, 1511, 1302]"
461,"[737, 727, 726, 1650, 734]"
462,"[437, 1873, 1861, 1855, 1836]"
463,"[1884, 1924, 1556, 921, 163]"
464,"[1924, 1915, 408, 1704, 1299]"
465,"[1570, 1773, 372, 135, 1557]"
466,"[926, 335, 1158, 885, 1617]"
467,"[73, 1759, 1764, 1776, 1757]"
468,"[1900, 1704, 349, 1543, 1555]"
469,"[1570, 1192, 412, 1615, 1733]"
470,"[811, 1192, 1071, 1611, 1246]"
471,"[1255, 1304, 1617, 291, 692]"
472,"[110, 1062, 1124, 1875, 1694]"
473,"[197, 1042, 402, 1620, 216]"
474,"[278, 1752, 737, 276, 1592]"
475,"[1915, 677, 1598, 1191, 872]"
476,"[594, 1580, 1513, 542, 1340]"
477,"[1073, 1763, 901, 1777, 1765]"
478,"[1900, 1543, 1193, 1927, 868]"
479,"[1758, 1762, 1705, 1704, 1899]"
480,"[455, 368, 372, 1255, 1191]"
481,"[1667, 1630, 79, 1053, 1002]"
482,"[1617, 292, 1761, 1758, 1762]"
483,"[1607, 1608, 1733, 1517, 608]"
484,"[1884, 1902, 1900, 116, 478]"
485,"[1071, 1924, 1705, 103, 1807]"
486,"[1607, 1517, 1608, 1904, 1659]"
487,"[1567, 114, 16, 901, 1907]"
488,"[1612, 1511, 1299, 1620, 1626]"
489,"[1853, 356, 98, 425, 1837]"
490,"[1915, 1900, 1884, 1917, 114]"
491,"[1549, 1551, 1901, 216, 1547]"
492,"[1608, 1607, 368, 372, 1598]"
493,"[1900, 1775, 1543, 216, 1886]"
494,"[1792, 1733, 1788, 1072, 1787]"
495,"[1894, 1704, 1760, 922, 1890]"
496,"[1735, 1733, 1737, 1705, 1704]"
497,"[455, 368, 1193, 1704, 511]"
498,"[1924, 175, 1025, 165, 1033]"
499,"[1192, 1712, 114, 692, 116]"
500,"[360, 1767, 403, 73, 111]"
501,"[1273, 1191, 455, 1125, 1523]"
502,"[1536, 1030, 1370, 1531, 1358]"
503,"[1762, 679, 1521, 682, 111]"
504,"[478, 1030, 164, 1704, 1705]"
505,"[1889, 1019, 1022, 749, 340]"
506,"[1246, 1617, 1619, 927, 1901]"
507,"[1936, 357, 823, 1666, 1104]"
508,"[1906, 1528, 1588, 1705, 1704]"
509,"[1762, 1646, 1063, 1704, 1612]"
510,"[1900, 1902, 1619, 757, 1917]"
511,"[114, 535, 1915, 1567, 16]"
512,"[1202, 410, 372, 368, 1157]"
513,"[219, 1338, 1060, 719, 1584]"
514,"[1056, 1613, 1607, 1527, 1188]"
515,"[1587, 113, 216, 165, 89]"
516,"[408, 965, 1884, 916, 455]"
517,"[1255, 1906, 1733, 455, 1738]"
518,"[1620, 1917, 1902, 1752, 1074]"
519,"[1171, 1015, 220, 1058, 1005]"
520,"[1884, 1704, 1043, 788, 1705]"
521,"[1570, 1773, 1878, 1707, 372]"
522,"[1825, 1792, 1790, 1787, 1789]"
523,"[1704, 1590, 677, 1809, 1900]"
524,"[1754, 885, 1752, 1923, 1766]"
525,"[1917, 408, 98, 1544, 1924]"
526,"[1705, 1704, 1924, 1713, 1701]"
527,"[926, 1202, 410, 258, 1558]"
528,"[1613, 1530, 257, 1554, 1191]"
529,"[212, 1772, 1193, 1026, 639]"
530,"[165, 1899, 1705, 1704, 1191]"
531,"[1915, 357, 1906, 1561, 125]"
532,"[1607, 1659, 1618, 29, 1619]"
533,"[1567, 368, 862, 1157, 455]"
534,"[1074, 1030, 478, 1531, 304]"
535,"[1924, 1832, 1307, 1704, 1705]"
536,"[1207, 1612, 73, 37, 1490]"
537,"[1924, 455, 1761, 1884, 786]"
538,"[478, 1924, 1705, 1562, 1704]"
539,"[1317, 837, 1567, 1604, 135]"
540,"[1922, 1897, 89, 29, 1113]"
541,"[452, 97, 1131, 96, 749]"
542,"[1611, 1192, 1936, 451, 114]"
543,"[1915, 1906, 1928, 432, 165]"
544,"[1705, 478, 1567, 1704, 1193]"
545,"[1873, 1836, 511, 1906, 1832]"
546,"[398, 150, 1617, 914, 136]"
547,"[1586, 1607, 432, 1263, 1636]"
548,"[478, 1924, 1607, 453, 1561]"
549,"[552, 1705, 1924, 1884, 1758]"
550,"[371, 1828, 1833, 1837, 1148]"
551,"[1659, 1915, 1043, 1602, 1906]"
552,"[368, 1113, 1567, 455, 1066]"
553,"[1607, 765, 1733, 768, 745]"
554,"[511, 1157, 1192, 1704, 1607]"
555,"[1536, 1899, 1772, 1193, 1526]"
556,"[1924, 1210, 1307, 114, 1705]"
557,"[1567, 372, 135, 1885, 1607]"
558,"[478, 1924, 1884, 1071, 409]"
559,"[811, 1071, 322, 1899, 1599]"
560,"[1704, 1705, 1768, 349, 1760]"
561,"[114, 216, 1915, 1567, 116]"
562,"[1900, 1543, 1902, 890, 1915]"
563,"[1704, 1811, 527, 1705, 1516]"
564,"[1924, 786, 1884, 478, 1915]"
565,"[1620, 1520, 515, 1519, 419]"
566,"[413, 1902, 1900, 811, 114]"
567,"[628, 1887, 749, 1541, 1894]"
568,"[1915, 1900, 677, 1746, 216]"
569,"[1705, 1899, 455, 1567, 1193]"
570,"[1607, 1904, 403, 216, 1249]"
571,"[1906, 1528, 1899, 1191, 1588]"
572,"[1915, 1603, 408, 1704, 1705]"
573,"[1915, 114, 113, 1676, 890]"
574,"[1567, 135, 1607, 1611, 901]"
575,"[1915, 868, 1748, 926, 125]"
576,"[1814, 1813, 1811, 1812, 1815]"
577,"[1772, 1580, 594, 1340, 649]"
578,"[1922, 1897, 1249, 1924, 1526]"
579,"[1899, 1924, 1599, 1900, 1922]"
580,"[223, 1338, 1584, 1649, 736]"
581,"[259, 1153, 1567, 1288, 256]"
582,"[98, 1855, 1550, 1619, 1620]"
583,"[1671, 1616, 1745, 1924, 1534]"
584,"[1705, 1884, 1704, 16, 114]"
585,"[1155, 1904, 1441, 1316, 660]"
586,"[165, 1592, 1025, 141, 1924]"
587,"[1915, 216, 1887, 1904, 1536]"
588,"[1612, 1915, 624, 1704, 1620]"
589,"[926, 1659, 1620, 1534, 1561]"
590,"[1915, 1560, 1861, 1855, 1900]"
591,"[116, 1884, 1724, 1704, 1705]"
592,"[1681, 1761, 982, 461, 21]"
593,"[420, 862, 1603, 606, 1786]"
594,"[1915, 1705, 1704, 878, 125]"
595,"[1900, 1917, 501, 927, 1704]"
596,"[1884, 1064, 1066, 1924, 1916]"
597,"[1904, 1915, 1924, 1567, 1598]"
598,"[1704, 903, 868, 1705, 309]"
599,"[1825, 1705, 1607, 1363, 1826]"
600,"[1924, 1705, 125, 1561, 1915]"
601,"[1704, 1836, 511, 1873, 398]"
602,"[1742, 1900, 1836, 1832, 1873]"
603,"[1878, 1707, 692, 1246, 73]"
604,"[1760, 1704, 1758, 1705, 1761]"
605,"[1915, 408, 1900, 1917, 216]"
606,"[1900, 1704, 1705, 1752, 478]"
607,"[1756, 851, 257, 1607, 108]"
608,"[677, 16, 114, 58, 57]"
609,"[1924, 1705, 114, 478, 1704]"
610,"[1142, 411, 1855, 1861, 1846]"
611,"[58, 54, 57, 1772, 440]"
612,"[1726, 692, 1712, 1191, 1601]"
613,"[114, 116, 1760, 1567, 16]"
614,"[1704, 1705, 1758, 1878, 1707]"
615,"[1915, 677, 1705, 1704, 1436]"
616,"[125, 1705, 578, 128, 408]"
617,"[760, 624, 1555, 115, 1550]"
618,"[749, 862, 1603, 606, 1786]"
619,"[1936, 1556, 1538, 1906, 1086]"
620,"[835, 1704, 1705, 1758, 1760]"
621,"[102, 409, 97, 96, 421]"
622,"[289, 357, 926, 1615, 1008]"
623,"[368, 455, 379, 1113, 862]"
624,"[1772, 1704, 1705, 1760, 1758]"
625,"[1915, 455, 1618, 890, 114]"
626,"[1915, 371, 1659, 1658, 1148]"
627,"[1772, 1932, 1034, 1639, 681]"
628,"[1704, 1226, 1677, 851, 1870]"
629,"[29, 527, 1213, 523, 1440]"
630,"[114, 1875, 1705, 454, 1307]"
631,"[1620, 1074, 1612, 1536, 1914]"
632,"[1915, 1884, 1917, 216, 997]"
633,"[677, 1768, 1863, 1704, 1887]"
634,"[1915, 1924, 114, 1902, 1705]"
635,"[1193, 1659, 1612, 933, 1914]"
636,"[1878, 1707, 1570, 372, 1721]"
637,"[1772, 594, 542, 1513, 361]"
638,"[1915, 1001, 455, 1193, 368]"
639,"[1302, 1906, 1762, 1193, 1885]"
640,"[1902, 861, 443, 1074, 1599]"
641,"[1915, 1618, 926, 1202, 410]"
642,"[1043, 1620, 885, 1590, 1051]"
643,"[793, 1313, 749, 1541, 1887]"
644,"[114, 216, 368, 478, 1567]"
645,"[135, 1705, 372, 1704, 1570]"
646,"[1615, 511, 1704, 1894, 1607]"
647,"[351, 1924, 604, 1511, 1060]"
648,"[1899, 530, 1704, 1922, 1897]"
649,"[1607, 1191, 1608, 1894, 1705]"
650,"[372, 1607, 1896, 1191, 1157]"
651,"[1884, 455, 1191, 1636, 1705]"
652,"[195, 153, 203, 432, 958]"
653,"[1704, 1705, 114, 1773, 1246]"
654,"[1491, 28, 1618, 1772, 1675]"
655,"[1705, 1704, 1072, 1809, 511]"
656,"[1567, 455, 114, 128, 16]"
657,"[1896, 1567, 1157, 1617, 1608]"
658,"[116, 1884, 1249, 1900, 1306]"
659,"[455, 454, 535, 1210, 1457]"
660,"[1567, 1899, 1604, 58, 57]"
661,"[644, 1225, 73, 1704, 601]"
662,"[1924, 1937, 1191, 1655, 1312]"
663,"[114, 1726, 1662, 1604, 1915]"
664,"[114, 1928, 116, 1889, 1567]"
665,"[1032, 114, 231, 1924, 216]"
666,"[1086, 1936, 1534, 1618, 1928]"
667,"[1915, 341, 334, 1705, 1704]"
668,"[911, 381, 288, 150, 149]"
669,"[1273, 697, 1030, 1926, 1113]"
670,"[1915, 900, 616, 1404, 1581]"
671,"[599, 1906, 593, 595, 597]"
672,"[1072, 282, 1805, 1620, 1911]"
673,"[1121, 1615, 1192, 379, 1011]"
674,"[1, 1705, 455, 511, 1704]"
675,"[1786, 1787, 1791, 1792, 1788]"
676,"[1931, 1273, 291, 447, 1926]"
677,"[1900, 1917, 114, 1902, 408]"
678,"[48, 1704, 1705, 165, 114]"
679,"[125, 18, 1792, 1733, 1187]"
680,"[1567, 372, 1618, 1885, 1607]"
681,"[997, 1067, 454, 1904, 616]"
682,"[108, 372, 368, 1072, 1705]"
683,"[216, 408, 150, 1168, 263]"
684,"[1705, 1762, 688, 1704, 1147]"
685,"[1896, 1899, 1608, 1775, 698]"
686,"[1915, 727, 726, 1650, 734]"
687,"[1915, 1630, 1001, 1705, 1704]"
688,"[925, 938, 1042, 1039, 921]"
689,"[1628, 455, 1906, 97, 96]"
690,"[1570, 1760, 1114, 1761, 372]"
691,"[1586, 1615, 1890, 1904, 1025]"
692,"[1704, 1902, 1699, 1926, 1705]"
693,"[1924, 1884, 116, 1614, 1610]"
694,"[1704, 1773, 1504, 1434, 1705]"
695,"[570, 1902, 1511, 1302, 1926]"
696,"[455, 372, 368, 1705, 114]"
697,"[1666, 719, 1030, 455, 919]"
698,"[1808, 165, 1704, 844, 1705]"
699,"[478, 1617, 1924, 1704, 163]"
700,"[1617, 1655, 700, 292, 1762]"
701,"[1567, 368, 1157, 862, 372]"
702,"[1705, 138, 1704, 903, 987]"
703,"[511, 1704, 1809, 1705, 501]"
704,"[197, 1042, 1193, 1909, 484]"
705,"[1915, 1788, 446, 1789, 911]"
706,"[441, 120, 1922, 1897, 1935]"
707,"[1153, 1884, 255, 692, 1197]"
708,"[1607, 781, 901, 1704, 48]"
709,"[291, 1533, 667, 1713, 1550]"
710,"[1667, 1630, 79, 1053, 1002]"
711,"[1915, 1256, 1260, 1863, 1259]"
712,"[1567, 1192, 1896, 135, 1884]"
713,"[372, 113, 1570, 1192, 29]"
714,"[1551, 421, 1901, 1670, 425]"
715,"[1772, 1899, 1072, 1612, 1654]"
716,"[368, 1704, 1705, 455, 421]"
717,"[1916, 1659, 926, 365, 136]"
718,"[1192, 926, 1263, 1915, 1202]"
719,"[478, 1884, 1197, 1924, 1897]"
720,"[1191, 1705, 1536, 861, 1696]"
721,"[114, 390, 375, 553, 1115]"
722,"[681, 1626, 887, 1705, 1746]"
723,"[1900, 1543, 1704, 1074, 560]"
724,"[1570, 1773, 372, 1557, 1802]"
725,"[1607, 1191, 1157, 372, 1608]"
726,"[1193, 1927, 1612, 1656, 1889]"
727,"[677, 377, 455, 1188, 376]"
728,"[455, 1896, 1567, 368, 1884]"
729,"[1147, 1592, 320, 1771, 277]"
730,"[765, 1704, 511, 1835, 1873]"
731,"[1607, 1608, 511, 1704, 1705]"
732,"[1636, 1608, 778, 1157, 1907]"
733,"[878, 1772, 594, 1704, 922]"
734,"[1900, 1902, 1917, 1915, 408]"
735,"[165, 167, 938, 924, 925]"
736,"[1613, 150, 1259, 163, 136]"
737,"[1904, 1607, 1587, 1599, 1905]"
738,"[1915, 1704, 903, 757, 762]"
739,"[1567, 1889, 135, 1072, 16]"
740,"[1705, 1601, 1704, 1726, 582]"
741,"[455, 1567, 454, 1113, 16]"
742,"[163, 423, 1244, 925, 1036]"
743,"[1570, 1773, 372, 135, 108]"
744,"[1915, 530, 1704, 1705, 1612]"
745,"[992, 368, 1113, 1894, 455]"
746,"[1915, 862, 368, 455, 1697]"
747,"[116, 1896, 1618, 114, 1924]"
748,"[1900, 1917, 1902, 1915, 216]"
749,"[1752, 1043, 1599, 697, 688]"
750,"[1570, 1803, 1800, 1704, 1762]"
751,"[1299, 1620, 1924, 1617, 1705]"
752,"[1790, 1733, 114, 1247, 1788]"
753,"[116, 1884, 1924, 455, 114]"
754,"[478, 409, 339, 1902, 116]"
755,"[631, 821, 1299, 749, 111]"
756,"[1567, 1922, 1897, 1704, 1588]"
757,"[936, 1793, 1863, 604, 1855]"
758,"[1911, 1789, 1790, 1103, 443]"
759,"[990, 96, 164, 162, 778]"
760,"[1900, 1074, 1620, 1809, 1543]"
761,"[1705, 933, 1809, 419, 406]"
762,"[1915, 1070, 1917, 1607, 1704]"
763,"[1608, 1607, 1811, 735, 921]"
764,"[1192, 1611, 1523, 1705, 16]"
765,"[677, 1900, 1902, 377, 376]"
766,"[1763, 1088, 306, 349, 1108]"
767,"[1762, 1193, 1758, 1899, 1704]"
768,"[1219, 692, 409, 1746, 102]"
769,"[1733, 1659, 1612, 1914, 1762]"
770,"[1570, 1878, 1707, 372, 631]"
771,"[368, 1193, 455, 1612, 862]"
772,"[73, 1742, 1525, 1887, 749]"
773,"[843, 1894, 1891, 1620, 1520]"
774,"[1567, 1746, 1704, 1705, 1896]"
775,"[1192, 608, 371, 1611, 360]"
776,"[1620, 1193, 1917, 1915, 1902]"
777,"[363, 1613, 1891, 1662, 1542]"
778,"[1607, 1608, 1157, 1615, 441]"
779,"[149, 915, 136, 959, 914]"
780,"[1915, 1733, 926, 1906, 412]"
781,"[372, 368, 455, 1157, 1070]"
782,"[1915, 1026, 677, 1029, 1043]"
783,"[1155, 868, 1748, 320, 48]"
784,"[739, 1733, 1704, 1705, 257]"
785,"[1761, 1704, 1705, 1769, 1775]"
786,"[1591, 270, 1911, 1592, 144]"
787,"[1570, 810, 1763, 927, 479]"
788,"[114, 1704, 1567, 860, 1523]"
789,"[1704, 1705, 380, 660, 1674]"
790,"[1556, 1520, 1538, 1518, 885]"
791,"[16, 1884, 1704, 1760, 1604]"
792,"[372, 368, 455, 1788, 454]"
793,"[1692, 1082, 637, 663, 664]"
794,"[1795, 165, 875, 614, 1130]"
795,"[368, 372, 1072, 1607, 1192]"
796,"[372, 1636, 292, 1191, 1619]"
797,"[1617, 292, 692, 1722, 455]"
798,"[1555, 1491, 1619, 364, 760]"
799,"[903, 1705, 1762, 1758, 1704]"
800,"[1915, 1906, 1638, 1545, 1528]"
801,"[1570, 412, 1192, 1733, 216]"
802,"[1207, 1835, 1680, 1534, 1620]"
803,"[1612, 1924, 1425, 1636, 1216]"
804,"[1915, 1861, 408, 1917, 1704]"
805,"[856, 97, 96, 594, 98]"
806,"[114, 1610, 137, 1405, 1704]"
807,"[1762, 1191, 1704, 1760, 1884]"
808,"[1567, 1157, 1604, 114, 16]"
809,"[1204, 927, 165, 1630, 1249]"
810,"[1070, 692, 342, 1761, 1627]"
811,"[1929, 1637, 1307, 114, 276]"
812,"[125, 408, 165, 1733, 412]"
813,"[1070, 1904, 289, 1705, 116]"
814,"[1899, 510, 1526, 1705, 1063]"
815,"[1063, 120, 1772, 1612, 1193]"
816,"[1030, 1193, 1917, 1916, 455]"
817,"[1705, 1712, 1704, 558, 1762]"
818,"[1704, 1705, 1592, 1765, 1777]"
819,"[1760, 553, 1761, 1758, 1704]"
820,"[1922, 1897, 1526, 1899, 927]"
821,"[1029, 1017, 930, 1025, 65]"
822,"[1924, 1760, 1191, 1523, 1553]"
823,"[692, 1191, 1726, 1601, 693]"
824,"[165, 1935, 1733, 1677, 1192]"
825,"[339, 718, 1567, 1655, 1562]"
826,"[1705, 113, 1748, 89, 1924]"
827,"[1071, 868, 1705, 1587, 1704]"
828,"[1817, 1816, 1814, 1813, 1820]"
829,"[1705, 530, 1704, 1762, 1878]"
830,"[1922, 1897, 1899, 166, 113]"
831,"[116, 1904, 1884, 1705, 1704]"
832,"[1616, 1671, 1745, 1025, 1071]"
833,"[116, 114, 1066, 454, 1192]"
834,"[1924, 1904, 1785, 1890, 778]"
835,"[925, 1904, 166, 1705, 1746]"
836,"[206, 969, 955, 970, 976]"
837,"[693, 1907, 1636, 926, 1604]"
838,"[216, 992, 1915, 1704, 1037]"
839,"[1899, 1922, 1897, 1558, 1526]"
840,"[478, 1026, 1612, 1924, 901]"
841,"[1615, 1538, 1556, 1586, 1025]"
842,"[1055, 153, 925, 978, 1495]"
843,"[1636, 1119, 136, 1027, 438]"
844,"[1037, 836, 81, 287, 965]"
845,"[1587, 1193, 1586, 1615, 1192]"
846,"[1915, 1590, 1591, 286, 1042]"
847,"[927, 1772, 1588, 1906, 1529]"
848,"[1627, 1905, 1527, 89, 1598]"
849,"[1726, 1704, 1761, 1760, 1705]"
850,"[1612, 1832, 1914, 1762, 1704]"
851,"[1073, 1915, 659, 1704, 922]"
852,"[1627, 165, 1905, 1896, 113]"
853,"[1676, 1261, 1255, 1298, 1191]"
854,"[69, 275, 280, 1016, 281]"
855,"[1774, 626, 1661, 1705, 1659]"
856,"[408, 455, 1902, 1917, 1915]"
857,"[250, 1922, 1897, 269, 89]"
858,"[409, 1555, 98, 164, 1025]"
859,"[1406, 1307, 1338, 1599, 1458]"
860,"[1526, 1899, 1926, 1905, 409]"
861,"[1087, 478, 1014, 1077, 440]"
862,"[1620, 1613, 1072, 1612, 165]"
863,"[1248, 1787, 1890, 612, 412]"
864,"[409, 102, 1197, 1902, 1853]"
865,"[1915, 677, 1855, 1861, 425]"
866,"[1705, 1704, 530, 1612, 1758]"
867,"[28, 164, 1193, 29, 1705]"
868,"[1924, 1704, 478, 111, 1317]"
869,"[1904, 1746, 1531, 1705, 1704]"
870,"[386, 731, 350, 730, 1167]"
871,"[1246, 1705, 1878, 1707, 1704]"
872,"[112, 1745, 113, 1671, 1616]"
873,"[89, 890, 681, 113, 1620]"
874,"[927, 1630, 1905, 1899, 1627]"
875,"[209, 261, 252, 262, 256]"
876,"[219, 1677, 1134, 89, 114]"
877,"[789, 1697, 1696, 1884, 432]"
878,"[1032, 1193, 263, 1022, 393]"
879,"[164, 96, 97, 409, 98]"
880,"[1915, 1587, 1922, 1897, 1904]"
881,"[1915, 927, 1526, 128, 1529]"
882,"[868, 1587, 1071, 1615, 1239]"
883,"[692, 1726, 693, 1523, 1192]"
884,"[291, 667, 113, 1534, 892]"
885,"[1112, 442, 1192, 1253, 1863]"
886,"[291, 1191, 811, 113, 112]"
887,"[1745, 1556, 1538, 112, 1905]"
888,"[409, 1070, 1713, 1533, 1264]"
889,"[409, 667, 102, 1713, 97]"
890,"[289, 1904, 1705, 1889, 1704]"
891,"[1307, 1899, 128, 1904, 113]"
892,"[1705, 1704, 1612, 1063, 1914]"
893,"[1878, 1707, 1705, 1704, 1708]"
894,"[785, 1167, 1006, 1729, 1319]"
895,"[1922, 1897, 1627, 1905, 166]"
896,"[1193, 1077, 165, 114, 1627]"
897,"[1915, 1666, 1193, 1042, 624]"
898,"[1922, 1897, 1760, 1761, 1567]"
899,"[1191, 1907, 1726, 1601, 1904]"
900,"[1006, 223, 73, 260, 997]"
901,"[1627, 1905, 959, 1193, 1526]"
902,"[408, 1917, 1197, 1676, 1902]"
903,"[1495, 1659, 1592, 261, 262]"
904,"[1592, 784, 1014, 1025, 1590]"
905,"[1671, 1616, 1745, 1070, 1041]"
906,"[1627, 1905, 1587, 1899, 1904]"
907,"[1809, 921, 1193, 165, 1666]"
908,"[403, 1915, 1649, 1498, 408]"
909,"[1612, 1617, 1762, 1539, 1758]"
910,"[1704, 1705, 106, 1889, 1890]"
911,"[1904, 1191, 1906, 102, 455]"
912,"[1903, 926, 1922, 1897, 166]"
913,"[403, 1061, 1666, 719, 66]"
914,"[1113, 455, 368, 1613, 1904]"
915,"[1915, 1193, 128, 1526, 1922]"
916,"[1821, 1822, 1902, 1900, 403]"
917,"[828, 479, 1863, 1235, 1768]"
918,"[1704, 1705, 1637, 1904, 1760]"
919,"[1761, 693, 1760, 1885, 1704]"
920,"[113, 1627, 1615, 1586, 1193]"
921,"[1795, 446, 1129, 113, 1700]"
922,"[1863, 933, 65, 617, 1935]"
923,"[1193, 1924, 1041, 1319, 1029]"
924,"[1612, 50, 785, 1758, 1357]"
925,"[222, 1047, 216, 1788, 1786]"
926,"[216, 1030, 1591, 1680, 1592]"
927,"[1627, 1905, 1922, 1897, 1899]"
928,"[1922, 1897, 1899, 408, 1526]"
929,"[1915, 1066, 737, 719, 736]"
930,"[128, 898, 1927, 216, 1746]"
931,"[1167, 1729, 1069, 386, 731]"
932,"[1025, 113, 164, 937, 159]"
933,"[113, 89, 1587, 890, 29]"
934,"[667, 1705, 1758, 291, 1561]"
935,"[1045, 406, 407, 1296, 428]"
936,"[1612, 1927, 1114, 1762, 478]"
937,"[89, 1899, 1915, 1526, 1615]"
938,"[1516, 1704, 1705, 1344, 1043]"
939,"[1726, 1704, 1761, 1760, 1705]"
940,"[1523, 1924, 1192, 1199, 478]"
941,"[1598, 1704, 1904, 96, 97]"
942,"[1192, 1604, 888, 1907, 1523]"
943,"[1902, 1900, 408, 114, 1552]"
944,"[350, 1055, 278, 164, 276]"
945,"[1068, 1067, 1904, 1191, 1907]"
946,"[1567, 1704, 1772, 1705, 1618]"
947,"[933, 1617, 1706, 1810, 1822]"
948,"[1115, 1676, 1073, 1534, 1675]"
949,"[677, 1063, 749, 1646, 874]"
950,"[1904, 1705, 1191, 1746, 1890]"
951,"[1666, 219, 357, 1046, 823]"
952,"[1666, 1772, 1929, 440, 594]"
953,"[1627, 1905, 1924, 484, 1704]"
954,"[1884, 1889, 1705, 1704, 1904]"
955,"[1899, 1612, 1762, 1519, 1705]"
956,"[106, 1704, 1890, 1191, 1705]"
957,"[1071, 1748, 1587, 1905, 1924]"
958,"[1852, 1856, 1857, 1878, 1707]"
959,"[1907, 1705, 1926, 1704, 1904]"
960,"[1527, 1533, 1556, 1538, 1534]"
961,"[1601, 116, 1610, 1277, 1523]"
962,"[1424, 1772, 54, 57, 58]"
963,"[1705, 496, 216, 1704, 1904]"
964,"[1191, 1904, 375, 1889, 116]"
965,"[636, 1043, 824, 1924, 1030]"
966,"[89, 1534, 114, 455, 1255]"
967,"[702, 446, 1063, 1733, 1459]"
968,"[648, 1137, 657, 926, 1543]"
969,"[862, 163, 164, 1630, 985]"
970,"[1902, 1900, 1917, 1901, 408]"
971,"[112, 890, 1070, 1191, 113]"
972,"[1349, 898, 893, 115, 1375]"
973,"[1922, 1897, 1615, 1905, 1586]"
974,"[919, 164, 938, 931, 924]"
975,"[1924, 1193, 368, 1608, 1704]"
976,"[927, 441, 1935, 1526, 1863]"
977,"[256, 994, 218, 974, 217]"
978,"[692, 1726, 693, 455, 1601]"
979,"[990, 163, 403, 1811, 164]"
980,"[267, 266, 239, 238, 235]"
981,"[1705, 1072, 1704, 886, 1752]"
982,"[1065, 812, 320, 279, 616]"
983,"[1586, 1752, 1915, 1924, 425]"
984,"[1915, 1061, 1676, 1677, 408]"
985,"[1915, 171, 28, 1063, 216]"
986,"[1922, 1897, 1526, 1899, 113]"
987,"[165, 1193, 1042, 1045, 1915]"
988,"[1191, 1904, 1747, 1606, 1704]"
989,"[1915, 927, 211, 441, 930]"
990,"[1526, 1899, 113, 1922, 1897]"
991,"[704, 1762, 1704, 1705, 1063]"
992,"[106, 275, 1704, 1899, 1890]"
993,"[408, 1429, 522, 1900, 1543]"
994,"[1304, 274, 275, 1924, 701]"
995,"[289, 1825, 692, 1934, 1676]"
996,"[409, 1247, 1307, 1197, 1929]"
997,"[1587, 927, 1671, 1745, 1616]"
998,"[1904, 1191, 379, 1889, 116]"
999,"[409, 296, 299, 1699, 1566]"
1000,"[1386, 952, 915, 284, 938]"
1001,"[1627, 216, 1905, 1587, 460]"
1002,"[1760, 1705, 1567, 1704, 1885]"
1003,"[1705, 1567, 1890, 1889, 1704]"
1004,"[1809, 1495, 175, 159, 937]"
1005,"[1915, 1863, 1809, 1370, 1363]"
1006,"[1884, 1915, 102, 1924, 1277]"
1007,"[376, 169, 677, 1040, 1929]"
1008,"[1246, 909, 211, 1734, 437]"
1009,"[1903, 419, 1535, 1620, 28]"
1010,"[1526, 1523, 166, 1521, 1914]"
1011,"[1713, 1655, 1536, 1615, 1556]"
1012,"[692, 1191, 1726, 1601, 693]"
1013,"[1587, 1914, 1704, 1762, 1705]"
1014,"[1193, 1042, 164, 446, 921]"
1015,"[1627, 1615, 1905, 89, 1586]"
1016,"[1899, 1915, 113, 128, 1922]"
1017,"[1863, 1260, 1298, 430, 1901]"
1018,"[89, 1191, 165, 1904, 1627]"
1019,"[1086, 1922, 1897, 150, 1613]"
1020,"[1704, 1907, 1705, 1032, 718]"
1021,"[1536, 1113, 455, 1523, 1534]"
1022,"[1705, 1704, 1696, 113, 1762]"
1023,"[1308, 1784, 1610, 1614, 43]"
1024,"[1793, 1792, 1790, 1789, 1791]"
1025,"[1705, 1758, 1704, 1904, 1601]"
1026,"[1424, 73, 1624, 54, 57]"
1027,"[1586, 1704, 165, 1160, 1036]"
1028,"[1863, 1772, 1513, 1935, 927]"
1029,"[1560, 1915, 1030, 641, 1561]"
1030,"[443, 649, 807, 1743, 396]"
1031,"[1906, 1928, 1704, 1705, 1916]"
1032,"[1704, 1705, 1904, 1567, 114]"
1033,"[1255, 1534, 759, 1906, 1528]"
1034,"[1924, 275, 279, 274, 277]"
1035,"[657, 648, 1670, 1706, 1018]"
1036,"[165, 375, 1069, 1248, 89]"
1037,"[1643, 1705, 1607, 1618, 1704]"
1038,"[1726, 1677, 1704, 1705, 1523]"
1039,"[1890, 1525, 1557, 1555, 1619]"
1040,"[964, 164, 441, 96, 97]"
1041,"[1649, 286, 823, 258, 1014]"
1042,"[437, 1652, 442, 1283, 1087]"
1043,"[981, 985, 153, 211, 984]"
1044,"[368, 408, 1915, 1902, 1900]"
1045,"[415, 613, 417, 1247, 416]"
1046,"[1590, 1592, 543, 1915, 1929]"
1047,"[1924, 1915, 1561, 1590, 408]"
1048,"[667, 102, 291, 933, 504]"
1049,"[921, 749, 175, 938, 1933]"
1050,"[1611, 1066, 1192, 116, 1904]"
1051,"[113, 1527, 1534, 925, 1733]"
1052,"[452, 403, 1704, 425, 1300]"
1053,"[1201, 1176, 1700, 402, 936]"
1054,"[1706, 216, 1853, 1828, 1544]"
1055,"[95, 1063, 1762, 1758, 1705]"
1056,"[1227, 1383, 1226, 1373, 485]"
1057,"[1040, 1019, 1704, 1810, 1706]"
1058,"[289, 1705, 1704, 1915, 1762]"
1059,"[1191, 339, 1904, 379, 860]"
1060,"[289, 1904, 1705, 1889, 1704]"
1061,"[1590, 1752, 1705, 1704, 1763]"
1062,"[1704, 1562, 1705, 1191, 682]"
1063,"[113, 165, 89, 1733, 1922]"
1064,"[1191, 1299, 387, 1676, 1261]"
1065,"[1511, 677, 1455, 1924, 930]"
1066,"[1065, 1927, 1193, 455, 1612]"
1067,"[1915, 1733, 677, 412, 1299]"
1068,"[1192, 1772, 594, 1513, 1246]"
1069,"[446, 1792, 807, 412, 1915]"
1070,"[164, 89, 113, 1922, 1897]"
1071,"[259, 1526, 1924, 1030, 1899]"
1072,"[1904, 1705, 1746, 97, 96]"
1073,"[1538, 1556, 1589, 1523, 1518]"
1074,"[1892, 692, 1670, 1924, 93]"
1075,"[1915, 1590, 787, 1039, 1908]"
1076,"[933, 286, 277, 1151, 1075]"
1077,"[290, 1538, 1615, 478, 96]"
1078,"[1904, 1890, 1907, 1620, 819]"
1079,"[96, 171, 1315, 102, 409]"
1080,"[823, 1916, 1030, 1257, 1363]"
1081,"[1055, 406, 407, 1890, 162]"
1082,"[1761, 1762, 572, 1758, 1704]"
1083,"[1899, 128, 1915, 113, 1193]"
1084,"[1900, 1543, 1705, 1638, 1704]"
1085,"[788, 265, 452, 1130, 409]"
1086,"[1904, 1191, 1562, 1884, 1627]"
1087,"[116, 1924, 1655, 700, 339]"
1088,"[1069, 1618, 320, 1567, 89]"
1089,"[1014, 1929, 1592, 1046, 1590]"
1090,"[1924, 624, 1612, 216, 1914]"
1091,"[1690, 599, 468, 597, 593]"
1092,"[959, 270, 965, 1488, 1704]"
1093,"[1010, 267, 266, 239, 238]"
1094,"[108, 212, 887, 1733, 1721]"
1095,"[1753, 1042, 1705, 919, 165]"
1096,"[1915, 497, 868, 677, 1792]"
1097,"[1924, 1560, 1519, 1733, 1527]"
1098,"[1437, 1215, 1328, 1414, 1431]"
1099,"[4, 1199, 749, 1201, 1915]"
1100,"[1713, 1915, 409, 1615, 692]"
1101,"[1055, 1612, 933, 1914, 1670]"
1102,"[1762, 1761, 1758, 1775, 1760]"
1103,"[1760, 1704, 1705, 106, 1761]"
1104,"[1096, 1106, 451, 1689, 1705]"
1105,"[1855, 677, 376, 1915, 236]"
1106,"[1600, 106, 1705, 1704, 1904]"
1107,"[28, 1193, 1063, 1612, 29]"
1108,"[1253, 1676, 1258, 1260, 1299]"
1109,"[1704, 1705, 1612, 530, 1615]"
1110,"[1705, 1704, 1210, 1032, 1491]"
1111,"[1878, 1707, 1708, 1246, 1513]"
1112,"[291, 688, 1615, 1070, 1538]"
1113,"[1046, 702, 408, 1123, 95]"
1114,"[1264, 1282, 1192, 114, 29]"
1115,"[1462, 557, 1704, 1448, 1574]"
1116,"[1907, 1922, 1897, 1618, 89]"
1117,"[1922, 1897, 163, 113, 1905]"
1118,"[1304, 783, 324, 1893, 885]"
1119,"[692, 1726, 1890, 1523, 1601]"
1120,"[1612, 1620, 1074, 1193, 1574]"
1121,"[1705, 890, 1533, 1704, 112]"
1122,"[276, 1915, 275, 1318, 1016]"
1123,"[1073, 1900, 1807, 1036, 1296]"
1124,"[1204, 1915, 1900, 1544, 1704]"
1125,"[1325, 1863, 927, 1935, 1901]"
1126,"[440, 324, 1134, 711, 1246]"
1127,"[1587, 1627, 113, 1905, 819]"
1128,"[1612, 37, 1762, 1758, 1705]"
1129,"[1677, 113, 89, 114, 29]"
1130,"[276, 1907, 1745, 1905, 1616]"
1131,"[522, 1054, 1196, 1095, 649]"
1132,"[990, 1037, 1875, 1363, 1753]"
1133,"[1900, 1543, 1902, 1552, 1201]"
1134,"[1030, 1902, 478, 455, 1561]"
1135,"[110, 689, 1705, 216, 703]"
1136,"[1614, 1636, 1610, 1188, 363]"
1137,"[1590, 1026, 165, 1906, 885]"
1138,"[1922, 1897, 430, 1526, 1259]"
1139,"[1087, 73, 75, 1088, 1689]"
1140,"[1723, 1101, 1556, 1538, 1752]"
1141,"[1899, 1556, 530, 1704, 1526]"
1142,"[1704, 1832, 1014, 1919, 1873]"
1143,"[102, 1533, 1201, 1313, 97]"
1144,"[278, 281, 408, 1462, 126]"
1145,"[1210, 1578, 1457, 587, 1466]"
1146,"[290, 1122, 1696, 1615, 1064]"
1147,"[339, 1070, 1889, 60, 1904]"
1148,"[149, 1680, 548, 1659, 1933]"
1149,"[106, 1705, 1704, 379, 1889]"
1150,"[1915, 891, 440, 614, 618]"
1151,"[1704, 1761, 1705, 1760, 468]"
1152,"[1904, 292, 1274, 1600, 1607]"
1153,"[1155, 926, 778, 1736, 1534]"
1154,"[1405, 1705, 1704, 1570, 808]"
1155,"[739, 1179, 1630, 1733, 1263]"
1156,"[408, 1590, 1915, 1042, 1014]"
1157,"[1193, 159, 937, 1694, 1055]"
1158,"[1705, 1704, 114, 1192, 445]"
1159,"[116, 1704, 1890, 1746, 1904]"
1160,"[692, 1191, 1726, 693, 846]"
1161,"[1193, 96, 97, 1612, 98]"
1162,"[1928, 1273, 1191, 1637, 1336]"
1163,"[1924, 1062, 1033, 1627, 1905]"
1164,"[1586, 1041, 1556, 1538, 1554]"
1165,"[735, 1620, 935, 927, 1520]"
1166,"[1006, 1632, 223, 1002, 236]"
1167,"[325, 707, 345, 394, 370]"
1168,"[1075, 919, 1049, 165, 1915]"
1169,"[1915, 1256, 1935, 1260, 1863]"
1170,"[1924, 1704, 1705, 478, 1600]"
1171,"[1915, 216, 1042, 1704, 1646]"
1172,"[1705, 1704, 1760, 1904, 1758]"
1173,"[113, 28, 1922, 1897, 165]"
1174,"[1924, 1538, 1556, 1523, 1904]"
1175,"[1677, 1029, 211, 286, 1915]"
1176,"[1610, 1246, 673, 250, 610]"
1177,"[689, 110, 1192, 439, 44]"
1178,"[692, 1726, 1890, 1601, 846]"
1179,"[347, 1924, 430, 1192, 1828]"
1180,"[412, 1733, 1772, 1916, 1659]"
1181,"[1915, 259, 216, 223, 787]"
1182,"[1516, 1889, 1201, 98, 96]"
1183,"[1080, 765, 758, 1719, 1787]"
1184,"[275, 277, 274, 280, 350]"
1185,"[1581, 1586, 91, 379, 440]"
1186,"[926, 1041, 1489, 1523, 1554]"
1187,"[1135, 289, 1916, 360, 114]"
1188,"[1204, 865, 1747, 863, 265]"
1189,"[873, 999, 901, 1106, 1889]"
1190,"[1924, 1247, 925, 930, 1704]"
1191,"[165, 937, 159, 1534, 1526]"
1192,"[455, 1896, 613, 417, 416]"
1193,"[1705, 1704, 1612, 1887, 1889]"
1194,"[1916, 1906, 1030, 1529, 1588]"
1195,"[1575, 643, 1281, 437, 446]"
1196,"[216, 437, 1575, 402, 405]"
1197,"[1899, 113, 1526, 1627, 1907]"
1198,"[95, 216, 1915, 114, 790]"
1199,"[890, 113, 291, 112, 1604]"
1200,"[1889, 1768, 1904, 1567, 1775]"
1201,"[1772, 927, 1705, 1704, 221]"
1202,"[1066, 1534, 1924, 1618, 1604]"
1203,"[1922, 1897, 1526, 1915, 927]"
1204,"[1192, 1904, 1704, 1191, 1746]"
1205,"[1610, 1733, 327, 1789, 454]"
1206,"[1705, 862, 1325, 1675, 1677]"
1207,"[1863, 1511, 927, 211, 1935]"
1208,"[1825, 1885, 1511, 1836, 1873]"
1209,"[1627, 1905, 1527, 89, 165]"
1210,"[1299, 1246, 1772, 430, 326]"
1211,"[1890, 116, 1768, 1769, 1889]"
1212,"[89, 113, 1922, 1897, 1627]"
1213,"[1704, 1191, 319, 149, 1760]"
1214,"[68, 1733, 1788, 1787, 74]"
1215,"[410, 1202, 1915, 1592, 175]"
1216,"[1836, 1873, 1828, 1935, 1825]"
1217,"[406, 407, 1906, 478, 1924]"
1218,"[1746, 1617, 4, 1263, 437]"
1219,"[1157, 1924, 886, 349, 108]"
1220,"[112, 890, 1533, 1523, 1610]"
1221,"[1726, 1604, 692, 1523, 1601]"
1222,"[1620, 1567, 1705, 1618, 124]"
1223,"[1904, 1704, 1705, 1191, 1746]"
1224,"[1705, 1904, 1063, 1704, 106]"
1225,"[1878, 1707, 1246, 73, 1317]"
1226,"[1197, 1524, 1516, 718, 1752]"
1227,"[1915, 605, 114, 408, 412]"
1228,"[933, 1809, 1193, 164, 1873]"
1229,"[16, 1192, 1523, 455, 1191]"
1230,"[1760, 553, 1704, 1761, 1758]"
1231,"[1523, 860, 1277, 1192, 109]"
1232,"[1915, 624, 1598, 403, 324]"
1233,"[1915, 702, 1025, 1618, 1553]"
1234,"[1705, 759, 1915, 1670, 1733]"
1235,"[1705, 890, 1704, 530, 113]"
1236,"[289, 1904, 1705, 1889, 1704]"
1237,"[437, 1620, 1861, 394, 1722]"
1238,"[1049, 1041, 159, 937, 175]"
1239,"[1285, 1704, 1705, 1111, 1279]"
1240,"[1924, 291, 1704, 1705, 667]"
1241,"[222, 1047, 1933, 1680, 312]"
1242,"[95, 93, 1646, 874, 1073]"
1243,"[1074, 59, 1063, 1612, 1539]"
1244,"[1904, 811, 1924, 1620, 1905]"
1245,"[1915, 688, 692, 1091, 1637]"
1246,"[1705, 97, 96, 116, 1704]"
1247,"[113, 89, 29, 1897, 1922]"
1248,"[1904, 291, 938, 124, 1600]"
1249,"[1922, 1897, 1526, 1899, 166]"
1250,"[1705, 1878, 1707, 1704, 289]"
1251,"[1071, 1587, 1133, 1904, 1922]"
1252,"[1733, 405, 903, 113, 478]"
1253,"[1924, 478, 1937, 1061, 1904]"
1254,"[1176, 1246, 1878, 1707, 1063]"
1255,"[915, 952, 911, 964, 149]"
1256,"[1050, 1033, 1119, 166, 1027]"
1257,"[1118, 1534, 1675, 478, 1911]"
1258,"[1772, 216, 1628, 708, 1717]"
1259,"[403, 432, 552, 1924, 1080]"
1260,"[1924, 530, 1704, 1705, 113]"
1261,"[1899, 396, 1627, 419, 43]"
1262,"[1006, 260, 1055, 1060, 981]"
1263,"[1907, 1526, 1922, 1897, 89]"
1264,"[1032, 1676, 1534, 1258, 1298]"
1265,"[749, 1706, 866, 682, 771]"
1266,"[1924, 478, 275, 1704, 1191]"
1267,"[1904, 1890, 1746, 1191, 1921]"
1268,"[1587, 1746, 1527, 1627, 113]"
1269,"[787, 116, 58, 57, 54]"
1270,"[116, 1884, 1704, 1890, 1043]"
1271,"[1567, 1072, 1613, 1069, 164]"
1272,"[350, 219, 1055, 964, 68]"
1273,"[419, 807, 1714, 633, 1246]"
1274,"[113, 1534, 1556, 1538, 1489]"
1275,"[1904, 1191, 1704, 1489, 922]"
1276,"[368, 455, 1160, 1899, 1733]"
1277,"[1935, 441, 1936, 1863, 1192]"
1278,"[1601, 1726, 692, 1523, 1704]"
1279,"[1906, 1924, 1529, 1588, 1191]"
1280,"[1080, 403, 433, 1562, 432]"
1281,"[1922, 1897, 1615, 1627, 1587]"
1282,"[749, 113, 112, 890, 1701]"
1283,"[1495, 1666, 925, 928, 934]"
1284,"[1924, 1600, 1904, 1191, 478]"
1285,"[1772, 1924, 527, 370, 1696]"
1286,"[1905, 1527, 1907, 928, 1745]"
1287,"[1472, 1825, 1705, 688, 1363]"
1288,"[165, 1899, 921, 175, 1560]"
1289,"[1705, 418, 1904, 1240, 289]"
1290,"[1612, 1063, 1733, 1762, 1758]"
1291,"[1915, 288, 1902, 138, 212]"
1292,"[320, 1029, 1125, 692, 96]"
1293,"[1924, 484, 1885, 354, 930]"
1294,"[222, 719, 1809, 1584, 1046]"
1295,"[1246, 909, 211, 1734, 1109]"
1296,"[1733, 778, 48, 165, 89]"
1297,"[261, 222, 1075, 267, 266]"
1298,"[1905, 1627, 166, 1071, 1922]"
1299,"[1915, 380, 408, 1929, 1042]"
1300,"[1071, 1924, 1627, 1922, 1897]"
1301,"[1627, 1905, 1922, 1897, 1587]"
1302,"[1929, 1649, 1590, 1592, 1498]"
1303,"[1899, 1873, 1836, 1784, 452]"
1304,"[1135, 1041, 165, 1017, 360]"
1305,"[1587, 1627, 1905, 1191, 113]"
1306,"[1363, 1836, 1863, 1302, 1935]"
1307,"[1722, 688, 689, 686, 676]"
1308,"[1904, 1705, 339, 1704, 1889]"
1309,"[1904, 1705, 1774, 1067, 1567]"
1310,"[1627, 1905, 1587, 1899, 1904]"
1311,"[1659, 926, 1560, 1907, 1561]"
1312,"[1191, 1746, 1899, 1886, 1671]"
1313,"[1705, 1704, 1612, 1063, 1193]"
1314,"[261, 267, 266, 239, 238]"
1315,"[938, 1042, 1041, 446, 165]"
1316,"[432, 403, 1636, 1924, 1191]"
1317,"[1922, 1897, 1697, 1915, 1175]"
1318,"[921, 408, 159, 937, 925]"
1319,"[1809, 403, 933, 886, 1705]"
1320,"[1025, 1915, 1807, 1677, 926]"
1321,"[139, 790, 1014, 408, 1733]"
1322,"[1705, 1704, 406, 1807, 407]"
1323,"[1659, 965, 933, 455, 1697]"
1324,"[1692, 1704, 903, 1705, 403]"
1325,"[1363, 1733, 1612, 749, 1307]"
1326,"[308, 296, 681, 307, 1087]"
1327,"[403, 1815, 1666, 1705, 902]"
1328,"[1922, 1897, 166, 972, 1526]"
1329,"[420, 1202, 410, 1030, 1906]"
1330,"[1063, 1760, 1761, 1905, 1627]"
1331,"[1038, 927, 385, 889, 274]"
1332,"[116, 1924, 1904, 60, 135]"
1333,"[1033, 1746, 1627, 150, 165]"
1334,"[1260, 1298, 1256, 1828, 1192]"
1335,"[1612, 1620, 1626, 530, 1704]"
1336,"[625, 1770, 1131, 613, 11]"
1337,"[656, 637, 663, 657, 651]"
1338,"[1055, 1649, 1584, 736, 1495]"
1339,"[341, 660, 343, 452, 1066]"
1340,"[1922, 1897, 1615, 1586, 1905]"
1341,"[1587, 1025, 1627, 1556, 43]"
1342,"[1922, 1897, 1627, 1612, 1587]"
1343,"[919, 934, 924, 938, 925]"
1344,"[1071, 868, 1705, 43, 1748]"
1345,"[1077, 165, 1733, 446, 1133]"
1346,"[1899, 1588, 1592, 97, 96]"
1347,"[1191, 1556, 1890, 1620, 1885]"
1348,"[125, 165, 164, 919, 1025]"
1349,"[1064, 1588, 1529, 1924, 1899]"
1350,"[1612, 924, 915, 964, 1063]"
1351,"[408, 1917, 114, 1902, 1704]"
1352,"[210, 106, 1910, 1889, 1618]"
1353,"[1704, 1705, 408, 1457, 1438]"
1354,"[1907, 1623, 1401, 1705, 1887]"
1355,"[692, 443, 687, 1581, 1810]"
1356,"[1338, 1584, 1358, 1649, 736]"
1357,"[1889, 1904, 1567, 1147, 1704]"
1358,"[921, 1193, 1924, 1627, 321]"
1359,"[403, 432, 1924, 1607, 1556]"
1360,"[1721, 1828, 1863, 1935, 1837]"
1361,"[1922, 1897, 1924, 928, 165]"
1362,"[1915, 1085, 216, 1646, 1704]"
1363,"[1760, 1836, 1704, 1705, 1873]"
1364,"[1112, 1191, 692, 1760, 1070]"
1365,"[291, 1931, 1894, 1273, 1906]"
1366,"[128, 1587, 1627, 1899, 43]"
1367,"[1792, 1704, 1791, 1788, 1733]"
1368,"[1915, 707, 1042, 1068, 926]"
1369,"[885, 1205, 976, 969, 964]"
1370,"[1567, 1704, 1705, 1708, 1612]"
1371,"[452, 1300, 1513, 1899, 1904]"
1372,"[419, 1902, 1526, 1054, 114]"
1373,"[1034, 1917, 1914, 1612, 1902]"
1374,"[1192, 1902, 647, 1321, 320]"
1375,"[89, 1915, 1670, 717, 1887]"
1376,"[1906, 275, 350, 1529, 1528]"
1377,"[1884, 1904, 1905, 1762, 1599]"
1378,"[1889, 1904, 1567, 116, 1768]"
1379,"[1054, 368, 320, 1285, 1695]"
1380,"[1073, 89, 1925, 165, 1534]"
1381,"[1488, 1590, 1249, 719, 255]"
1382,"[927, 1746, 1063, 216, 1915]"
1383,"[1902, 114, 128, 408, 1344]"
1384,"[1022, 1019, 1130, 1893, 1462]"
1385,"[1762, 1705, 1758, 1752, 1704]"
1386,"[1901, 1704, 808, 1907, 1547]"
1387,"[1157, 1124, 1176, 1580, 343]"
1388,"[1904, 440, 778, 1733, 1192]"
1389,"[1612, 1160, 1027, 1762, 1758]"
1390,"[554, 1705, 535, 1249, 1461]"
1391,"[1192, 289, 1904, 1705, 1704]"
1392,"[1548, 1564, 1489, 1554, 1532]"
1393,"[1197, 1897, 1915, 1922, 1704]"
1394,"[1733, 1902, 1788, 1928, 903]"
1395,"[1459, 1705, 1704, 558, 1176]"
1396,"[1772, 927, 828, 1884, 594]"
1397,"[16, 1192, 116, 1241, 1704]"
1398,"[408, 737, 291, 1917, 1640]"
1399,"[1604, 1726, 692, 1523, 1192]"
1400,"[443, 530, 1704, 896, 1073]"
1401,"[276, 1924, 707, 1762, 394]"
1402,"[1705, 1601, 1704, 1157, 455]"
1403,"[1713, 1626, 98, 1893, 1924]"
1404,"[368, 1647, 1567, 1549, 372]"
1405,"[1246, 513, 1193, 509, 171]"
1406,"[165, 89, 1033, 113, 128]"
1407,"[1021, 1774, 1912, 575, 564]"
1408,"[441, 1863, 1828, 1592, 1833]"
1409,"[1922, 1897, 89, 113, 1615]"
1410,"[819, 511, 1694, 1607, 1836]"
1411,"[1192, 116, 1769, 1067, 1889]"
1412,"[1863, 1029, 1041, 211, 1193]"
1413,"[116, 1191, 1890, 1904, 363]"
1414,"[1904, 1191, 1899, 1890, 1489]"
1415,"[1902, 114, 455, 408, 1900]"
1416,"[403, 1041, 1592, 902, 212]"
1417,"[1705, 1704, 1914, 455, 1905]"
1418,"[408, 97, 96, 1936, 1029]"
1419,"[1055, 245, 925, 1320, 1495]"
1420,"[1358, 1704, 1906, 1705, 1887]"
1421,"[1523, 109, 1157, 1192, 811]"
1422,"[1587, 1905, 1904, 1191, 1529]"
1423,"[692, 1191, 1726, 846, 1924]"
1424,"[1523, 679, 1199, 787, 691]"
1425,"[1187, 1692, 1147, 289, 1113]"
1426,"[1907, 926, 1618, 1885, 1526]"
1427,"[1612, 1617, 1539, 1762, 1193]"
1428,"[1891, 1612, 1063, 1617, 704]"
1429,"[1812, 1811, 1828, 1837, 1833]"
1430,"[1904, 1567, 1643, 1618, 43]"
1431,"[1828, 1935, 677, 1837, 1833]"
1432,"[1922, 1897, 89, 1762, 1526]"
1433,"[1534, 113, 89, 890, 1248]"
1434,"[1705, 1878, 1707, 1704, 108]"
1435,"[1898, 49, 533, 1582, 1380]"
1436,"[1712, 1705, 1704, 558, 1656]"
1437,"[1704, 919, 1025, 165, 921]"
1438,"[1193, 1627, 1899, 165, 1905]"
1439,"[1612, 1620, 1029, 1074, 1927]"
1440,"[1193, 1620, 165, 1612, 1911]"
1441,"[1248, 455, 1193, 252, 262]"
1442,"[1112, 1611, 1617, 1610, 1307]"
1443,"[1704, 1705, 1612, 165, 1620]"
1444,"[291, 667, 478, 1924, 1077]"
1445,"[1915, 1592, 1590, 1929, 270]"
1446,"[1907, 1076, 216, 1063, 1085]"
1447,"[643, 1615, 1614, 1893, 607]"
1448,"[1538, 1556, 1489, 1532, 1554]"
1449,"[1526, 1529, 113, 112, 1030]"
1450,"[273, 275, 1677, 765, 1607]"
1451,"[1902, 1900, 1560, 408, 1552]"
1452,"[1119, 1027, 338, 53, 272]"
1453,"[1789, 1790, 1792, 1788, 1787]"
1454,"[1030, 1039, 405, 98, 97]"
1455,"[1055, 1809, 1705, 1620, 1193]"
1456,"[1192, 216, 862, 673, 927]"
1457,"[291, 896, 898, 1306, 1521]"
1458,"[1792, 1733, 1627, 1786, 1788]"
1459,"[1786, 1335, 498, 1345, 1329]"
1460,"[1922, 1897, 1615, 1586, 1627]"
1461,"[1924, 1900, 646, 51, 847]"
1462,"[1899, 530, 1704, 1705, 113]"
1463,"[89, 1704, 862, 1603, 1915]"
1464,"[1762, 1063, 1775, 1769, 1922]"
1465,"[1545, 405, 97, 96, 98]"
1466,"[926, 823, 919, 1025, 1618]"
1467,"[879, 876, 124, 925, 880]"
1468,"[409, 171, 687, 667, 102]"
1469,"[409, 102, 1040, 1702, 96]"
1470,"[720, 988, 1043, 1591, 1205]"
1471,"[1905, 1627, 1587, 1176, 43]"
1472,"[1899, 1726, 692, 1277, 1705]"
1473,"[1649, 1836, 1873, 408, 1053]"
1474,"[1077, 114, 326, 333, 394]"
1475,"[1915, 406, 407, 1646, 618]"
1476,"[120, 594, 1421, 1772, 484]"
1477,"[901, 862, 1519, 1612, 1549]"
1478,"[1627, 1905, 113, 862, 1924]"
1479,"[1067, 116, 1904, 1724, 60]"
1480,"[1922, 1897, 113, 89, 1627]"
1481,"[1915, 98, 1748, 868, 1536]"
1482,"[1922, 1897, 1608, 1607, 89]"
1483,"[677, 594, 412, 446, 408]"
1484,"[106, 1704, 1758, 1705, 1762]"
1485,"[1590, 1591, 410, 1202, 1919]"
1486,"[1700, 1201, 880, 869, 124]"
1487,"[927, 1193, 1863, 1935, 1792]"
1488,"[1924, 409, 102, 478, 1705]"
1489,"[1636, 438, 901, 1637, 926]"
1490,"[291, 667, 926, 711, 1070]"
1491,"[289, 1491, 1704, 1705, 1692]"
1492,"[688, 1014, 1836, 412, 1733]"
1493,"[89, 1733, 113, 1587, 1905]"
1494,"[291, 1915, 1904, 1531, 1561]"
1495,"[1071, 1263, 1704, 1705, 1080]"
1496,"[1504, 789, 1924, 1814, 1813]"
1497,"[1567, 135, 1611, 16, 1607]"
1498,"[643, 1697, 1640, 7, 1696]"
1499,"[1316, 1904, 1825, 216, 1915]"
1500,"[1761, 1072, 1775, 1705, 1567]"
1501,"[1607, 1904, 1517, 1704, 1490]"
1502,"[116, 114, 1915, 1618, 1617]"
1503,"[1157, 368, 455, 1113, 372]"
1504,"[1704, 1705, 1136, 322, 319]"
1505,"[926, 1617, 289, 1279, 1191]"
1506,"[1705, 1704, 1752, 432, 1340]"
1507,"[1607, 432, 1157, 1906, 1904]"
1508,"[1884, 98, 1604, 466, 786]"
1509,"[900, 1607, 1586, 1894, 511]"
1510,"[1409, 1705, 1704, 1466, 1752]"
1511,"[1836, 1873, 823, 1832, 722]"
1512,"[163, 1587, 164, 1906, 937]"
1513,"[195, 153, 146, 900, 1592]"
1514,"[1016, 276, 278, 350, 1915]"
1515,"[361, 1042, 445, 1762, 818]"
1516,"[1567, 837, 135, 752, 1607]"
1517,"[1338, 408, 1352, 964, 145]"
1518,"[1567, 1705, 1775, 1704, 1768]"
1519,"[114, 1567, 16, 1704, 1611]"
1520,"[1826, 1705, 793, 637, 510]"
1521,"[794, 1889, 867, 793, 1119]"
1522,"[1863, 1923, 1792, 1790, 1793]"
1523,"[890, 1620, 1612, 530, 112]"
1524,"[1567, 362, 1192, 114, 1085]"
1525,"[1615, 1586, 346, 1650, 727]"
1526,"[1630, 1030, 1649, 1659, 911]"
1527,"[1612, 997, 1704, 1705, 1193]"
1528,"[409, 102, 97, 96, 1137]"
1529,"[793, 102, 749, 98, 1541]"
1530,"[1915, 1705, 1704, 1552, 1890]"
1531,"[372, 368, 455, 1191, 1157]"
1532,"[342, 1873, 1704, 73, 282]"
1533,"[1344, 1317, 1083, 365, 1484]"
1534,"[1788, 1072, 1792, 1733, 1787]"
1535,"[1936, 419, 1598, 1904, 409]"
1536,"[165, 927, 892, 1887, 1193]"
1537,"[1705, 1072, 1567, 1157, 1067]"
1538,"[1567, 1915, 114, 16, 110]"
1539,"[164, 1627, 1704, 1905, 1705]"
1540,"[659, 1062, 1273, 1604, 1931]"
1541,"[1902, 1915, 1705, 1704, 1561]"
1542,"[1567, 16, 1705, 114, 1071]"
1543,"[1721, 1105, 1557, 1710, 1705]"
1544,"[1119, 1027, 1041, 1037, 1612]"
1545,"[1523, 641, 379, 1726, 692]"
1546,"[1900, 1917, 1902, 408, 1748]"
1547,"[1570, 1773, 372, 135, 1557]"
1548,"[1833, 1828, 1837, 1249, 1567]"
1549,"[1705, 1030, 1567, 1704, 591]"
1550,"[1157, 1704, 1192, 1705, 1191]"
1551,"[1902, 447, 1273, 361, 1579]"
1552,"[165, 919, 1592, 164, 1590]"
1553,"[704, 73, 807, 1027, 1902]"
1554,"[1567, 837, 135, 752, 1607]"
1555,"[1567, 135, 1157, 16, 1607]"
1556,"[1902, 478, 1068, 1900, 1306]"
1557,"[1244, 423, 1036, 1101, 1183]"
1558,"[1884, 216, 919, 1183, 1924]"
1559,"[1072, 372, 1157, 368, 683]"
1560,"[1567, 1705, 1072, 1704, 1904]"
1561,"[114, 1742, 16, 1567, 1558]"
1562,"[1924, 1120, 1113, 478, 1705]"
1563,"[368, 1567, 862, 372, 455]"
1564,"[1899, 1705, 1704, 1071, 811]"
1565,"[1587, 1896, 1586, 890, 113]"
1566,"[527, 1583, 523, 468, 1213]"
1567,"[1488, 1030, 1756, 432, 1666]"
1568,"[1670, 171, 1023, 1855, 398]"
1569,"[1567, 1929, 1906, 1704, 796]"
1570,"[1613, 257, 901, 1270, 1607]"
1571,"[1608, 1607, 1272, 412, 1659]"
1572,"[1705, 1636, 372, 1607, 1704]"
1573,"[73, 229, 1058, 1615, 875]"
1574,"[1772, 927, 309, 1123, 1704]"
1575,"[1316, 1904, 1705, 1363, 1607]"
1576,"[1138, 641, 624, 454, 884]"
1577,"[885, 1900, 221, 1076, 1277]"
1578,"[1700, 1904, 171, 1701, 1889]"
1579,"[692, 114, 1385, 1902, 1552]"
1580,"[1561, 1560, 1192, 1370, 1899]"
1581,"[114, 1611, 455, 102, 454]"
1582,"[1924, 1704, 1225, 1202, 410]"
1583,"[361, 446, 116, 377, 1246]"
1584,"[1063, 1039, 321, 1773, 128]"
1585,"[80, 1705, 1592, 1704, 1590]"
1586,"[1659, 417, 446, 455, 412]"
1587,"[1627, 1193, 892, 1927, 1025]"
1588,"[1607, 432, 1587, 1586, 1904]"
1589,"[926, 1620, 1520, 1618, 1924]"
1590,"[1192, 608, 1611, 371, 265]"
1591,"[1705, 1704, 361, 1626, 1924]"
1592,"[1027, 1894, 1548, 114, 1915]"
1593,"[1705, 1700, 420, 73, 1704]"
1594,"[124, 880, 877, 882, 869]"
1595,"[793, 1541, 749, 1670, 98]"
1596,"[1916, 1587, 1704, 1705, 1246]"
1597,"[1917, 1924, 478, 443, 1021]"
1598,"[1915, 97, 96, 1666, 1704]"
1599,"[749, 1607, 1894, 1902, 1552]"
1600,"[1758, 885, 1762, 1752, 1618]"
1601,"[1607, 1157, 1896, 1191, 1638]"
1602,"[1259, 1298, 347, 1260, 357]"
1603,"[1287, 1570, 1785, 1015, 1877]"
1604,"[1157, 1191, 432, 165, 1255]"
1605,"[1915, 1900, 1917, 216, 114]"
1606,"[1896, 1608, 1157, 1033, 1607]"
1607,"[368, 372, 1187, 1191, 1192]"
1608,"[1788, 1790, 1733, 1792, 1789]"
1609,"[1762, 292, 1758, 1760, 1617]"
1610,"[1320, 452, 1701, 171, 1646]"
1611,"[885, 893, 606, 862, 1603]"
1612,"[1721, 1567, 368, 1904, 372]"
1613,"[308, 1321, 309, 1099, 1197]"
1614,"[321, 467, 1587, 1556, 1627]"
1615,"[97, 96, 1541, 1201, 1746]"
1616,"[1904, 1587, 1315, 1889, 1627]"
1617,"[692, 1191, 1601, 1726, 1523]"
1618,"[1588, 1529, 1906, 1528, 1899]"
1619,"[454, 1113, 455, 368, 1567]"
1620,"[823, 289, 1618, 728, 1697]"
1621,"[1726, 1191, 1534, 692, 1604]"
1622,"[1615, 1704, 1628, 511, 1645]"
1623,"[1567, 1721, 1570, 108, 135]"
1624,"[52, 1863, 1828, 1935, 1814]"
1625,"[1113, 324, 1929, 379, 1545]"
1626,"[1915, 478, 1924, 1618, 216]"
1627,"[1027, 765, 432, 1607, 758]"
1628,"[1567, 455, 915, 114, 16]"
1629,"[1899, 1612, 1762, 1705, 1758]"
1630,"[1902, 1073, 1861, 96, 937]"
1631,"[1261, 262, 216, 1113, 368]"
1632,"[1192, 1611, 888, 1567, 16]"
1633,"[1915, 478, 1924, 128, 1618]"
1634,"[1915, 216, 1599, 919, 271]"
1635,"[165, 1587, 1906, 1697, 819]"
1636,"[1705, 1704, 1809, 1612, 511]"
1637,"[1601, 692, 1726, 1191, 1604]"
1638,"[37, 480, 479, 885, 1607]"
1639,"[1906, 1528, 432, 1607, 1267]"
1640,"[1762, 1758, 1617, 292, 1761]"
1641,"[114, 116, 1915, 1924, 1748]"
1642,"[1915, 1067, 1927, 1065, 1193]"
1643,"[1902, 1900, 1917, 408, 1552]"
1644,"[1896, 1607, 1608, 1615, 1517]"
1645,"[478, 1924, 884, 1704, 1705]"
1646,"[1915, 1030, 1128, 1202, 410]"
1647,"[1889, 1884, 116, 1724, 1067]"
1648,"[1192, 692, 888, 1726, 116]"
1649,"[1615, 1011, 1019, 1586, 277]"
1650,"[1085, 1064, 1799, 1804, 1772]"
1651,"[372, 368, 608, 1725, 1]"
1652,"[1193, 1705, 537, 964, 1338]"
1653,"[1567, 135, 1157, 16, 1607]"
1654,"[1608, 1570, 1607, 1896, 1517]"
1655,"[1240, 1191, 164, 418, 1897]"
1656,"[1193, 1915, 408, 1917, 1620]"
1657,"[1567, 1880, 1617, 16, 114]"
1658,"[1705, 1704, 667, 1607, 1544]"
1659,"[171, 96, 97, 1863, 98]"
1660,"[1915, 527, 285, 89, 1192]"
1661,"[1567, 259, 1590, 403, 1153]"
1662,"[1567, 333, 16, 508, 114]"
1663,"[1627, 1587, 1193, 892, 1191]"
1664,"[1208, 718, 1210, 1704, 535]"
1665,"[1617, 1555, 1762, 292, 1758]"
1666,"[1567, 1896, 1705, 1922, 1897]"
1667,"[1316, 1904, 1705, 1363, 1607]"
1668,"[1906, 885, 1752, 926, 403]"
1669,"[478, 1787, 1704, 1705, 1924]"
1670,"[1937, 171, 96, 97, 98]"
1671,"[1884, 1567, 16, 1705, 114]"
1672,"[1607, 1896, 1608, 1567, 1517]"
1673,"[1567, 1896, 1884, 1157, 1899]"
1674,"[1902, 530, 1704, 1899, 1705]"
1675,"[455, 1705, 1704, 1628, 1607]"
1676,"[223, 272, 1863, 1567, 1935]"
1677,"[1317, 1785, 259, 1567, 1319]"
1678,"[1072, 1567, 1733, 1705, 1760]"
1679,"[1618, 1906, 1705, 1191, 1768]"
1680,"[1543, 1900, 1922, 1897, 97]"
1681,"[1929, 1567, 1899, 1192, 1907]"
1682,"[208, 149, 955, 1880, 1207]"
1683,"[1924, 28, 408, 1705, 1894]"
1684,"[16, 1884, 455, 1306, 1203]"
1685,"[1559, 1752, 1516, 1760, 1705]"
1686,"[216, 125, 1001, 1915, 279]"
1687,"[1613, 1894, 484, 1188, 165]"
1688,"[1884, 432, 1559, 1562, 1890]"
1689,"[110, 1062, 1705, 866, 1704]"
1690,"[1936, 1935, 433, 926, 159]"
1691,"[787, 478, 1544, 1924, 1606]"
1692,"[1924, 1742, 478, 1630, 1528]"
1693,"[1193, 1030, 1257, 1899, 1495]"
1694,"[317, 1171, 216, 1587, 706]"
1695,"[1713, 1541, 97, 96, 1670]"
1696,"[1937, 97, 96, 98, 1772]"
1697,"[1701, 1201, 1893, 126, 1559]"
1698,"[1607, 511, 1193, 455, 1638]"
1699,"[96, 1320, 1832, 420, 1873]"
1700,"[511, 1704, 73, 1705, 162]"
1701,"[171, 409, 1887, 102, 98]"
1702,"[1738, 926, 282, 1598, 1125]"
1703,"[643, 737, 1250, 607, 1911]"
1704,"[1188, 1187, 1338, 135, 468]"
1705,"[643, 350, 1560, 664, 55]"
1706,"[1587, 1627, 1894, 1193, 1025]"
1707,"[1884, 98, 1562, 1887, 96]"
1708,"[1915, 1902, 1561, 478, 408]"
1709,"[1157, 1761, 1705, 1759, 1704]"
1710,"[1924, 1466, 420, 1700, 1894]"
1711,"[1923, 313, 314, 895, 865]"
1712,"[1201, 1059, 606, 1786, 862]"
1713,"[1316, 1574, 648, 1599, 1152]"
1714,"[1900, 1561, 1552, 677, 1560]"
1715,"[1204, 739, 1113, 1733, 401]"
1716,"[1705, 1704, 114, 807, 510]"
1717,"[1899, 1638, 1191, 1726, 1523]"
1718,"[468, 1704, 808, 1705, 1615]"
1719,"[1527, 861, 1587, 1627, 1552]"
1720,"[106, 1207, 114, 1902, 1561]"
1721,"[1704, 933, 1705, 511, 1809]"
1722,"[455, 1704, 1604, 114, 1617]"
1723,"[1704, 1705, 1552, 1543, 1746]"
1724,"[1924, 1362, 588, 808, 692]"
1725,"[1666, 219, 159, 937, 1592]"
1726,"[1567, 1746, 1884, 1922, 1897]"
1727,"[1525, 1524, 884, 164, 1752]"
1728,"[1567, 1705, 455, 1896, 1884]"
1729,"[1915, 1884, 116, 121, 98]"
1730,"[282, 892, 511, 66, 1704]"
1731,"[1617, 1762, 292, 1722, 1555]"
1732,"[726, 727, 1650, 1915, 734]"
1733,"[1570, 363, 372, 1080, 1705]"
1734,"[1528, 1906, 1536, 165, 1915]"
1735,"[1586, 1297, 1704, 1705, 1615]"
1736,"[793, 1700, 102, 98, 1541]"
1737,"[1900, 361, 116, 1928, 1902]"
1738,"[938, 114, 605, 412, 1612]"
1739,"[1704, 808, 1705, 1065, 1733]"
1740,"[125, 1676, 397, 1255, 276]"
1741,"[1025, 937, 159, 926, 1915]"
1742,"[677, 102, 98, 1313, 749]"
1743,"[1560, 409, 350, 1118, 102]"
1744,"[1570, 59, 1901, 1287, 135]"
1745,"[368, 1567, 372, 1157, 455]"
1746,"[1761, 1567, 1760, 1072, 1775]"
1747,"[1615, 1586, 329, 1192, 1099]"
1748,"[455, 731, 1924, 1193, 1414]"
1749,"[1556, 73, 1670, 1865, 749]"
1750,"[1607, 1608, 1896, 1517, 1157]"
1751,"[679, 1762, 1926, 37, 859]"
1752,"[1526, 1523, 1192, 1899, 1538]"
1753,"[1567, 1884, 1712, 1025, 1124]"
1754,"[621, 1785, 1710, 1604, 1192]"
1755,"[1756, 851, 1063, 257, 108]"
1756,"[865, 1747, 863, 1117, 1923]"
1757,"[1899, 1906, 1929, 1746, 1526]"
1758,"[1915, 361, 1607, 1612, 1894]"
1759,"[1088, 1044, 1019, 1108, 994]"
1760,"[1321, 1297, 1664, 1924, 440]"
1761,"[1070, 1899, 1526, 1586, 1889]"
1762,"[1072, 1567, 1704, 1705, 1887]"
1763,"[594, 364, 1513, 319, 28]"
1764,"[1059, 392, 1016, 357, 1162]"
1765,"[423, 1244, 925, 1792, 1197]"
1766,"[1745, 1616, 1671, 1071, 925]"
1767,"[1704, 1760, 1924, 1762, 1884]"
1768,"[1915, 1029, 1046, 1626, 1030]"
1769,"[455, 372, 368, 1628, 164]"
1770,"[1247, 1937, 126, 1705, 114]"
1771,"[1704, 1705, 828, 1733, 50]"
1772,"[102, 1549, 1551, 1534, 1547]"
1773,"[827, 812, 457, 84, 88]"
1774,"[1567, 135, 837, 1607, 1602]"
1775,"[1071, 1529, 1748, 868, 1526]"
1776,"[1157, 511, 1072, 1035, 599]"
1777,"[372, 1607, 1704, 901, 1705]"
1778,"[1705, 1904, 1316, 1607, 1363]"
1779,"[511, 1865, 1704, 1705, 514]"
1780,"[361, 377, 1721, 446, 1618]"
1781,"[1926, 1588, 1697, 862, 1899]"
1782,"[1655, 1924, 1617, 757, 1906]"
1783,"[1567, 1704, 1193, 1612, 1705]"
1784,"[1789, 780, 1792, 998, 1648]"
1785,"[1607, 1608, 1896, 1517, 1157]"
1786,"[276, 397, 1178, 1008, 28]"
1787,"[1924, 368, 527, 1705, 547]"
1788,"[599, 593, 511, 595, 597]"
1789,"[1704, 511, 1705, 1777, 1765]"
1790,"[1607, 1615, 1192, 819, 1608]"
1791,"[1700, 1701, 1889, 171, 1904]"
1792,"[1613, 1894, 1188, 1733, 1567]"
1793,"[1775, 1768, 1705, 1760, 1704]"
1794,"[1601, 1726, 692, 1191, 1604]"
1795,"[1937, 97, 96, 98, 408]"
1796,"[794, 1887, 1197, 925, 46]"
1797,"[216, 1900, 1677, 1917, 1704]"
1798,"[1607, 1904, 1704, 1316, 1517]"
1799,"[1924, 1833, 1828, 1837, 1863]"
1800,"[1517, 47, 1607, 1896, 1608]"
1801,"[1559, 409, 350, 1891, 749]"
1802,"[171, 60, 415, 409, 1746]"
1803,"[1904, 1587, 781, 1193, 1700]"
1804,"[98, 97, 96, 1746, 124]"
1805,"[1567, 1705, 1072, 1896, 1922]"
1806,"[1608, 1157, 307, 308, 1165]"
1807,"[483, 1324, 98, 1704, 1322]"
1808,"[276, 1159, 369, 1061, 614]"
1809,"[1617, 1555, 1762, 1758, 1760]"
1810,"[116, 1924, 1610, 1677, 113]"
1811,"[692, 1601, 1726, 1191, 693]"
1812,"[411, 455, 1733, 412, 1786]"
1813,"[862, 368, 455, 1697, 1809]"
1814,"[1072, 1567, 1704, 1705, 1756]"
1815,"[1904, 96, 1587, 1700, 1193]"
1816,"[1884, 1704, 1601, 16, 114]"
1817,"[1924, 1705, 1773, 1704, 1155]"
1818,"[1615, 1081, 198, 1202, 410]"
1819,"[643, 1674, 925, 128, 607]"
1820,"[898, 893, 896, 1283, 1080]"
1821,"[1906, 1704, 1836, 1873, 1705]"
1822,"[719, 728, 1666, 89, 1041]"
1823,"[1906, 1528, 1529, 1928, 1916]"
1824,"[1915, 921, 1587, 1899, 1905]"
1825,"[98, 102, 125, 1662, 1197]"
1826,"[478, 1924, 1197, 1884, 660]"
1827,"[1556, 1924, 1615, 1626, 1905]"
1828,"[1060, 890, 1534, 1924, 1073]"
1829,"[1567, 507, 16, 114, 1898]"
1830,"[927, 1256, 430, 1828, 1833]"
1831,"[1613, 1627, 1905, 257, 901]"
1832,"[314, 1028, 1704, 1925, 794]"
1833,"[379, 372, 1721, 1072, 361]"
1834,"[403, 1873, 1836, 341, 452]"
1835,"[478, 1924, 1884, 1733, 58]"
1836,"[1192, 1567, 16, 1906, 478]"
1837,"[1157, 373, 1704, 1154, 866]"
1838,"[116, 114, 1884, 1889, 1724]"
1839,"[1705, 1906, 1567, 1588, 1072]"
1840,"[1567, 1884, 114, 1157, 1906]"
1841,"[1114, 119, 1704, 314, 899]"
1842,"[1704, 455, 108, 1705, 1567]"
1843,"[408, 289, 1887, 1588, 1917]"
1844,"[165, 1613, 1742, 675, 1655]"
1845,"[1915, 677, 1863, 1861, 1865]"
1846,"[165, 1704, 1705, 164, 1025]"
1847,"[1607, 478, 1924, 1191, 455]"
1848,"[1188, 128, 1761, 1758, 1762]"
1849,"[1119, 1926, 1071, 409, 1064]"
1850,"[692, 1601, 1191, 1726, 693]"
1851,"[1914, 1748, 1114, 1193, 165]"
1852,"[1902, 1900, 1917, 1279, 408]"
1853,"[1567, 1705, 1704, 1620, 1193]"
1854,"[478, 1924, 216, 455, 1618]"
1855,"[637, 663, 642, 1628, 658]"
1856,"[1570, 1721, 372, 1615, 1192]"
1857,"[73, 1759, 631, 1705, 1764]"
1858,"[1704, 1924, 1705, 788, 1773]"
1859,"[1884, 478, 1924, 1604, 1922]"
1860,"[306, 1884, 786, 51, 1915]"
1861,"[1936, 1733, 1255, 1295, 1277]"
1862,"[1670, 1742, 749, 1564, 1489]"
1863,"[1915, 1906, 1277, 1733, 1263]"
1864,"[1607, 1608, 1517, 1904, 1896]"
1865,"[368, 1193, 1113, 511, 1704]"
1866,"[1705, 1704, 1762, 1761, 1924]"
1867,"[1607, 1608, 1615, 1704, 1517]"
1868,"[1776, 1757, 677, 885, 1591]"
1869,"[1915, 96, 97, 455, 98]"
1870,"[444, 1733, 1789, 1788, 459]"
1871,"[1761, 1705, 1567, 1588, 1704]"
1872,"[1915, 1760, 1761, 1758, 16]"
1873,"[204, 953, 956, 151, 1205]"
1874,"[165, 924, 925, 931, 934]"
1875,"[1746, 4, 216, 862, 1541]"
1876,"[286, 1649, 862, 1786, 1787]"
1877,"[757, 758, 1466, 1705, 933]"
1878,"[511, 1263, 599, 597, 1511]"
1879,"[1915, 113, 1627, 1598, 1905]"
1880,"[1756, 851, 1063, 257, 108]"
1881,"[149, 353, 1193, 1927, 175]"
1882,"[1549, 1620, 1704, 1922, 1897]"
1883,"[408, 1902, 1917, 1193, 1900]"
1884,"[1147, 372, 1089, 1072, 1704]"
1885,"[368, 372, 1157, 409, 1113]"
1886,"[455, 1705, 1704, 1628, 1607]"
1887,"[1915, 1902, 1618, 114, 1705]"
1888,"[314, 1704, 648, 1605, 1747]"
1889,"[1567, 1072, 1620, 1896, 1615]"
1890,"[1072, 1760, 1567, 1896, 1705]"
1891,"[1887, 664, 643, 749, 793]"
1892,"[454, 455, 1191, 460, 465]"
1893,"[1617, 292, 1762, 1655, 1761]"
1894,"[1924, 125, 478, 114, 455]"
1895,"[1601, 692, 1704, 1726, 1662]"
1896,"[919, 162, 938, 934, 176]"
1897,"[911, 1924, 1046, 1483, 1338]"
1898,"[1697, 478, 1696, 1924, 1906]"
1899,"[884, 114, 16, 1567, 1249]"
1900,"[16, 1203, 1772, 1246, 903]"
1901,"[478, 1924, 90, 1704, 1705]"
1902,"[1316, 37, 963, 150, 408]"
1903,"[919, 1627, 1526, 1900, 1899]"
1904,"[1590, 885, 954, 1705, 911]"
1905,"[1567, 1922, 1897, 16, 114]"
1906,"[1567, 135, 1611, 16, 837]"
1907,"[1677, 1673, 892, 1157, 898]"
1908,"[1705, 583, 1704, 1761, 507]"
1909,"[890, 1902, 455, 1552, 1063]"
1910,"[98, 96, 97, 1746, 1541]"
1911,"[511, 1705, 1704, 1474, 1809]"
1912,"[359, 1050, 1651, 1704, 341]"
1913,"[1028, 1034, 60, 1036, 1674]"
1914,"[1046, 853, 1026, 360, 1073]"
1915,"[1607, 1608, 1517, 1193, 1615]"
1916,"[441, 1304, 1159, 393, 357]"
1917,"[1924, 1001, 455, 454, 1937]"
1918,"[1904, 1915, 1113, 1704, 1599]"
1919,"[1613, 1607, 1666, 1191, 455]"
1920,"[1607, 1202, 410, 1906, 599]"
1921,"[455, 114, 1922, 1897, 112]"
1922,"[1697, 7, 862, 1246, 1696]"
1923,"[1705, 1704, 1878, 1707, 108]"
1924,"[1705, 1812, 1855, 1704, 1811]"
1925,"[1607, 1608, 1705, 1704, 1894]"
1926,"[900, 1907, 1627, 1892, 1588]"
1927,"[1894, 1607, 1567, 1586, 1904]"
1928,"[372, 1607, 1704, 1705, 901]"
1929,"[368, 455, 372, 1157, 862]"
1930,"[1567, 135, 50, 1611, 16]"
1931,"[1192, 1607, 1615, 432, 1906]"
1932,"[372, 368, 455, 1191, 1746]"
1933,"[1772, 927, 828, 1863, 1935]"
1934,"[478, 1924, 1762, 1761, 1758]"
1935,"[1613, 1666, 1894, 165, 1255]"
1936,"[1608, 1607, 1896, 1517, 1615]"
1937,"[793, 98, 1670, 1887, 102]"
1938,"[118, 1280, 98, 1727, 96]"
1939,"[108, 1721, 1570, 1125, 1704]"
1940,"[1915, 1158, 1916, 1193, 1239]"
1941,"[1904, 1900, 1902, 441, 216]"
1942,"[1076, 1626, 1659, 96, 1518]"
1943,"[1836, 1873, 511, 1704, 1835]"
1944,"[1030, 927, 165, 1886, 919]"
1945,"[1762, 1612, 1898, 426, 905]"
1946,"[1570, 108, 1670, 1804, 468]"
1947,"[408, 128, 1148, 371, 1762]"
1948,"[219, 996, 1659, 1704, 1705]"
1949,"[1207, 1299, 64, 265, 1332]"
1950,"[454, 455, 1705, 1704, 1676]"
1951,"[1721, 1557, 1204, 927, 108]"
1952,"[135, 631, 468, 1927, 111]"
1953,"[637, 663, 97, 96, 1313]"
1954,"[1611, 16, 1567, 1915, 114]"
1955,"[1570, 1192, 412, 1733, 372]"
1956,"[1704, 1924, 1705, 478, 1761]"
1957,"[862, 886, 1704, 1705, 1618]"
1958,"[1917, 1207, 408, 1279, 1902]"
1959,"[16, 1884, 114, 116, 1924]"
1960,"[1542, 862, 1603, 606, 1786]"
1961,"[478, 1924, 1915, 408, 403]"
1962,"[1617, 926, 292, 1655, 1555]"
1963,"[926, 1666, 1704, 1705, 510]"
1964,"[1832, 1836, 96, 1873, 1302]"
1965,"[793, 1541, 98, 749, 97]"
1966,"[1884, 114, 462, 16, 1567]"
1967,"[1906, 162, 919, 165, 931]"
1968,"[454, 16, 1618, 456, 114]"
1969,"[1067, 727, 726, 1650, 737]"
1970,"[1878, 1707, 1197, 1922, 1897]"
1971,"[1567, 1772, 114, 16, 535]"
1972,"[108, 1608, 1607, 1557, 1761]"
1973,"[96, 1832, 1302, 1252, 1830]"
1974,"[1636, 778, 1191, 1157, 438]"
1975,"[372, 368, 455, 1157, 1070]"
1976,"[901, 149, 971, 1924, 1704]"
1977,"[372, 368, 455, 1570, 862]"
1978,"[1604, 1567, 1896, 1922, 1897]"
1979,"[1613, 372, 1191, 1894, 368]"
1980,"[159, 937, 116, 1724, 1555]"
1981,"[1705, 1739, 1704, 808, 683]"
1982,"[1193, 413, 114, 1905, 1124]"
1983,"[1922, 1897, 113, 1192, 1676]"
1984,"[1607, 1608, 1896, 1517, 1157]"
1985,"[361, 1246, 1758, 1762, 818]"
1986,"[1884, 702, 1312, 1677, 1704]"
1987,"[925, 1073, 320, 1197, 1066]"
1988,"[1588, 1070, 1906, 1894, 1255]"
1989,"[1915, 528, 1507, 1192, 1863]"
1990,"[1704, 1705, 1762, 1612, 1758]"
1991,"[1601, 692, 1726, 693, 1277]"
1992,"[1606, 1142, 1615, 1192, 1896]"
1993,"[1878, 1707, 73, 1708, 1772]"
1994,"[1591, 175, 919, 153, 749]"
1995,"[216, 1147, 1915, 694, 1523]"
1996,"[116, 1884, 1924, 114, 786]"
1997,"[73, 1861, 1846, 1761, 1758]"
1998,"[1804, 1802, 1798, 1705, 1782]"
1999,"[1567, 135, 1192, 1896, 1884]"
2000,"[16, 926, 455, 406, 407]"
2001,"[1915, 1742, 1555, 1520, 1536]"
2002,"[1899, 1526, 1071, 1915, 1705]"
2003,"[420, 60, 1320, 1658, 864]"
2004,"[1039, 1930, 150, 1545, 1527]"
2005,"[1567, 1705, 1618, 1704, 511]"
2006,"[1570, 1875, 1187, 1803, 808]"
2007,"[114, 16, 507, 1611, 1567]"
2008,"[419, 925, 1030, 1193, 927]"
2009,"[1924, 478, 464, 1772, 1705]"
2010,"[1590, 1055, 1052, 1704, 900]"
2011,"[1613, 257, 1530, 901, 363]"
2012,"[1705, 511, 1704, 1249, 1809]"
2013,"[1022, 583, 1148, 1334, 1704]"
2014,"[1884, 163, 1617, 1924, 159]"
2015,"[116, 1915, 1902, 1924, 1884]"
2016,"[430, 63, 1828, 1833, 1837]"
2017,"[1548, 1529, 1666, 1046, 736]"
2018,"[1902, 1659, 408, 1915, 1704]"
2019,"[1567, 1922, 1897, 114, 1192]"
2020,"[1924, 1742, 1705, 1884, 535]"
2021,"[1904, 1587, 1192, 1608, 1607]"
2022,"[1899, 1157, 1567, 1147, 114]"
2023,"[1746, 96, 97, 1541, 1540]"
2024,"[1673, 1019, 1704, 1927, 1705]"
2025,"[926, 1927, 862, 919, 1025]"
2026,"[1658, 1917, 1132, 1434, 787]"
2027,"[290, 1615, 1556, 1538, 1696]"
2028,"[1936, 1590, 885, 1592, 1704]"
2029,"[143, 957, 964, 943, 201]"
2030,"[1032, 285, 1916, 885, 1704]"
2031,"[1907, 1762, 1760, 1761, 1733]"
2032,"[1733, 89, 1192, 125, 455]"
2033,"[59, 157, 155, 158, 1846]"
2034,"[18, 1922, 1897, 1705, 478]"
2035,"[1705, 1884, 1704, 997, 1567]"
2036,"[478, 1924, 1704, 1705, 1885]"
2037,"[1836, 1873, 403, 1832, 1300]"
2038,"[1199, 1742, 1564, 1489, 1541]"
2039,"[1618, 1025, 919, 885, 159]"
2040,"[1884, 478, 1924, 102, 919]"
2041,"[455, 454, 463, 465, 461]"
2042,"[361, 1924, 478, 1884, 1922]"
2043,"[1662, 1021, 1155, 332, 334]"
2044,"[163, 289, 1043, 165, 1338]"
2045,"[1201, 1617, 1555, 1762, 1073]"
2046,"[1659, 1607, 1790, 1788, 1733]"
2047,"[1567, 1705, 1922, 1897, 1884]"
2048,"[1287, 30, 1785, 1710, 828]"
2049,"[372, 511, 1704, 1705, 778]"
2050,"[1049, 165, 921, 403, 164]"
2051,"[862, 1722, 1884, 1697, 432]"
2052,"[1541, 171, 1138, 1701, 212]"
2053,"[1191, 692, 1904, 78, 1192]"
2054,"[1312, 650, 432, 1705, 689]"
2055,"[1704, 1705, 1259, 902, 1257]"
2056,"[1193, 115, 1927, 417, 164]"
2057,"[16, 1762, 114, 1147, 679]"
2058,"[926, 1617, 1924, 1655, 1705]"
2059,"[681, 368, 321, 372, 1676]"
2060,"[1655, 125, 1733, 89, 1604]"
2061,"[1187, 1570, 543, 135, 1338]"
2062,"[1896, 1705, 1704, 1567, 1885]"
2063,"[1836, 1873, 162, 1832, 919]"
2064,"[1666, 89, 114, 1676, 1029]"
2065,"[1915, 1924, 478, 1704, 1705]"
2066,"[1795, 1317, 73, 1246, 1135]"
2067,"[1704, 1705, 1612, 1567, 37]"
2068,"[357, 1704, 1030, 1705, 952]"
2069,"[1915, 114, 455, 408, 862]"
2070,"[1207, 1667, 73, 834, 1061]"
2071,"[1701, 290, 1041, 1524, 1752]"
2072,"[116, 1113, 1070, 1911, 28]"
2073,"[16, 116, 1889, 114, 1704]"
2074,"[1704, 511, 1809, 1705, 1872]"
2075,"[781, 351, 1670, 604, 408]"
2076,"[1884, 1806, 1708, 1878, 1707]"
2077,"[1607, 1567, 1157, 372, 1191]"
2078,"[1924, 1705, 1704, 478, 1457]"
2079,"[1902, 1917, 1775, 1752, 1704]"
2080,"[1127, 1050, 927, 401, 1544]"
2081,"[292, 1758, 1617, 1586, 1070]"
2082,"[1917, 1449, 1900, 960, 966]"
2083,"[1896, 1606, 97, 96, 138]"
2084,"[1559, 1746, 606, 1705, 862]"
2085,"[1704, 1705, 1082, 618, 1900]"
2086,"[1704, 1733, 1705, 808, 1151]"
2087,"[938, 1030, 216, 1907, 1536]"
2088,"[79, 1567, 1884, 114, 16]"
2089,"[1001, 1915, 1028, 1070, 216]"
2090,"[1613, 257, 901, 1191, 1530]"
2091,"[1071, 1627, 1705, 1704, 1905]"
2092,"[97, 96, 102, 1201, 98]"
2093,"[1607, 1191, 1517, 1896, 1157]"
2094,"[1115, 1523, 114, 1726, 692]"
2095,"[1526, 1899, 317, 1896, 216]"
2096,"[933, 1567, 1704, 1705, 1752]"
2097,"[1607, 1904, 1517, 1587, 1191]"
2098,"[1617, 1762, 292, 700, 997]"
2099,"[1773, 1704, 1705, 1434, 1504]"
2100,"[1252, 1915, 1302, 1809, 1193]"
2101,"[16, 1704, 114, 1705, 1924]"
2102,"[403, 1072, 1064, 1249, 1405]"
2103,"[1900, 1085, 114, 1599, 408]"
2104,"[1924, 1915, 125, 165, 937]"
2105,"[1119, 1612, 1027, 1042, 1041]"
2106,"[152, 771, 1299, 1079, 437]"
2107,"[1637, 1025, 1028, 692, 1915]"
2108,"[1248, 408, 29, 1676, 89]"
2109,"[1567, 1761, 1762, 1072, 135]"
2110,"[455, 1567, 1617, 292, 1722]"
2111,"[1900, 1543, 1545, 1246, 1894]"
2112,"[1922, 1897, 1907, 1526, 89]"
2113,"[1915, 216, 1587, 1570, 372]"
2114,"[1607, 1517, 1608, 1896, 1157]"
2115,"[1894, 1628, 102, 1887, 1541]"
2116,"[1896, 1157, 478, 1618, 1608]"
2117,"[1924, 1673, 478, 1704, 1705]"
2118,"[368, 372, 455, 778, 1607]"
2119,"[1677, 1613, 257, 1704, 1705]"
2120,"[114, 446, 1610, 1733, 691]"
2121,"[89, 1526, 1580, 1899, 116]"
2122,"[1900, 1915, 890, 408, 112]"
2123,"[1742, 1555, 1617, 1762, 1758]"
2124,"[1915, 530, 1704, 1899, 901]"
2125,"[1567, 1705, 1922, 1897, 1896]"
2126,"[478, 1924, 1904, 98, 102]"
2127,"[1607, 1705, 510, 1826, 1704]"
2128,"[1617, 1567, 1929, 1704, 1890]"
2129,"[275, 633, 280, 1016, 272]"
2130,"[211, 1789, 212, 1733, 980]"
2131,"[1192, 1567, 511, 1704, 1615]"
2132,"[455, 1896, 1613, 1705, 1704]"
2133,"[1627, 1193, 1025, 892, 1927]"
2134,"[1607, 446, 1251, 692, 1255]"
2135,"[1937, 1924, 1705, 1704, 1191]"
2136,"[1917, 216, 1612, 1646, 1762]"
2137,"[1721, 108, 1760, 1705, 1704]"
2138,"[681, 954, 102, 1651, 1538]"
2139,"[116, 379, 692, 1601, 1726]"
2140,"[1607, 1608, 1896, 1517, 1615]"
2141,"[372, 1072, 1191, 368, 1157]"
2142,"[372, 1567, 368, 1192, 752]"
2143,"[455, 1705, 510, 1704, 1826]"
2144,"[1772, 361, 818, 1210, 1762]"
2145,"[1559, 1772, 97, 96, 98]"
2146,"[1705, 73, 1472, 1826, 1704]"
2147,"[1570, 135, 372, 1557, 1705]"
2148,"[1690, 1157, 1891, 1607, 901]"
2149,"[465, 461, 455, 1309, 1308]"
2150,"[1620, 1670, 419, 1705, 933]"
2151,"[1884, 1924, 478, 116, 1922]"
2152,"[1567, 1896, 1192, 1899, 135]"
2153,"[1884, 432, 171, 1562, 1890]"
2154,"[1072, 372, 1157, 368, 683]"
2155,"[1704, 511, 1705, 1472, 1363]"
2156,"[793, 409, 1313, 749, 1541]"
2157,"[1615, 1586, 726, 1650, 727]"
2158,"[1607, 1608, 1896, 1517, 1157]"
2159,"[1915, 1733, 1027, 1705, 114]"
2160,"[1915, 97, 96, 98, 1148]"
2161,"[1704, 1761, 1760, 1705, 1758]"
2162,"[1628, 1607, 1704, 1705, 1604]"
2163,"[1704, 89, 890, 113, 1705]"
2164,"[368, 1705, 1704, 1098, 1762]"
2165,"[1646, 667, 1742, 420, 793]"
2166,"[862, 368, 1894, 455, 1697]"
2167,"[1567, 372, 926, 403, 1192]"
2168,"[1526, 1837, 1828, 1833, 1260]"
2169,"[1617, 292, 1762, 1761, 1758]"
2170,"[1936, 1182, 1935, 1277, 1928]"
2171,"[73, 749, 1541, 793, 1670]"
2172,"[1567, 1922, 1897, 1705, 1884]"
2173,"[1513, 455, 594, 368, 542]"
2174,"[1157, 901, 511, 1704, 1705]"
2175,"[1884, 1775, 1567, 919, 1071]"
2176,"[421, 455, 862, 1193, 1705]"
2177,"[368, 1607, 372, 1756, 1014]"
2178,"[1836, 1704, 1490, 1873, 1752]"
2179,"[1915, 511, 1704, 1809, 501]"
2180,"[447, 1902, 1154, 1147, 361]"
2181,"[96, 97, 921, 1626, 1620]"
2182,"[1567, 135, 132, 901, 1607]"
2183,"[1884, 784, 1727, 1066, 1924]"
2184,"[1705, 1704, 1924, 478, 1884]"
2185,"[106, 1536, 583, 507, 1926]"
2186,"[1705, 112, 1704, 1746, 890]"
2187,"[1705, 464, 1773, 1712, 1704]"
2188,"[1902, 1900, 1915, 1884, 116]"
2189,"[368, 455, 1192, 1705, 1704]"
2190,"[1588, 1904, 1899, 1526, 1529]"
2191,"[1191, 7, 1696, 1124, 333]"
2192,"[930, 1863, 1865, 1866, 1670]"
2193,"[1637, 1014, 1041, 692, 1137]"
2194,"[1077, 1599, 1574, 1787, 1133]"
2195,"[1567, 135, 132, 16, 1744]"
2196,"[1804, 1570, 372, 1875, 1536]"
2197,"[1828, 1833, 1837, 1863, 65]"
2198,"[1915, 890, 89, 1890, 1600]"
2199,"[1705, 1924, 1704, 114, 478]"
2200,"[1914, 1273, 1890, 1904, 1523]"
2201,"[1567, 372, 368, 1607, 135]"
2202,"[1567, 1896, 372, 1884, 1191]"
2203,"[1559, 1746, 1821, 1670, 1822]"
2204,"[1193, 1705, 1704, 1733, 1299]"
2205,"[1567, 1922, 1897, 1896, 1192]"
2206,"[1567, 1192, 135, 1884, 16]"
2207,"[455, 372, 368, 1157, 1191]"
2208,"[1772, 440, 1302, 1704, 1705]"
2209,"[875, 1263, 1028, 1770, 329]"
2210,"[45, 338, 1666, 346, 624]"
2211,"[1884, 1924, 478, 96, 97]"
2212,"[1617, 1555, 1890, 1705, 1704]"
2213,"[1607, 1567, 1072, 1608, 1157]"
2214,"[1567, 455, 368, 1157, 372]"
2215,"[1071, 868, 1924, 1902, 114]"
2216,"[430, 441, 1260, 1936, 1935]"
2217,"[164, 1612, 1914, 1536, 868]"
2218,"[794, 4, 1313, 749, 793]"
2219,"[478, 606, 58, 57, 54]"
2220,"[1651, 1733, 1873, 1788, 68]"
2221,"[1157, 1704, 1705, 455, 1613]"
2222,"[933, 985, 979, 983, 1911]"
2223,"[901, 1705, 1072, 480, 28]"
2224,"[1567, 1192, 1896, 1607, 1705]"
2225,"[1729, 668, 1907, 1131, 1646]"
2226,"[1567, 135, 1072, 1896, 16]"
2227,"[165, 1704, 1705, 1697, 48]"
2228,"[1772, 530, 1704, 1924, 1705]"
2229,"[425, 926, 159, 937, 1025]"
2230,"[749, 1485, 1541, 793, 1670]"
2231,"[1915, 1588, 1529, 1906, 1030]"
2232,"[530, 1903, 1704, 1705, 1612]"
2233,"[1717, 757, 171, 1882, 1886]"
2234,"[1906, 1021, 1186, 96, 97]"
2235,"[1904, 1316, 1567, 1705, 1608]"
2236,"[1607, 1659, 860, 1704, 926]"
2237,"[372, 1662, 646, 1191, 368]"
2238,"[1567, 114, 1192, 1733, 1607]"
2239,"[1900, 1902, 890, 1915, 1543]"
2240,"[650, 654, 663, 653, 1887]"
2241,"[1207, 1612, 1607, 1889, 1704]"
2242,"[892, 1673, 893, 872, 871]"
2243,"[1567, 455, 368, 1157, 372]"
2244,"[1884, 432, 1562, 1312, 1677]"
2245,"[350, 171, 1891, 749, 1885]"
2246,"[1481, 647, 1397, 1751, 1783]"
2247,"[606, 1752, 723, 1746, 466]"
2248,"[677, 368, 1760, 1761, 1762]"
2249,"[372, 1570, 489, 1437, 1125]"
2250,"[149, 271, 823, 67, 1150]"
2251,"[292, 1762, 1760, 718, 1722]"
2252,"[1762, 1761, 1617, 1758, 292]"
2253,"[884, 1011, 163, 368, 1046]"
2254,"[1717, 1895, 480, 1753, 433]"
2255,"[745, 1134, 1697, 1734, 331]"
2256,"[1924, 102, 1884, 783, 478]"
2257,"[1778, 1118, 1700, 1887, 1670]"
2258,"[1726, 1601, 1604, 1705, 1704]"
2259,"[16, 1567, 1704, 1611, 114]"
2260,"[1915, 1192, 1615, 1620, 1113]"
2261,"[1451, 1853, 1772, 290, 1850]"
2262,"[1936, 1277, 1295, 1906, 1202]"
2263,"[363, 1662, 1613, 1733, 1607]"
2264,"[893, 1511, 1924, 1603, 862]"
2265,"[1617, 124, 114, 926, 1705]"
2266,"[964, 914, 915, 988, 149]"
2267,"[1065, 368, 403, 862, 1249]"
2268,"[1063, 1891, 1762, 1758, 1705]"
2269,"[1932, 1924, 886, 1705, 1358]"
2270,"[1762, 1926, 1758, 1612, 1914]"
2271,"[1428, 282, 1880, 1911, 1882]"
2272,"[677, 1617, 165, 1760, 926]"
2273,"[828, 518, 1895, 525, 1485]"
2274,"[1936, 1928, 1086, 1295, 1935]"
2275,"[1157, 368, 455, 986, 421]"
2276,"[1904, 1636, 1191, 1607, 401]"
2277,"[1924, 1900, 114, 1733, 408]"
2278,"[114, 455, 1917, 16, 116]"
2279,"[1704, 1705, 1567, 1805, 1670]"
2280,"[1717, 1711, 1716, 884, 1882]"
2281,"[455, 454, 465, 1567, 1308]"
2282,"[1025, 113, 89, 1627, 937]"
2283,"[1884, 688, 692, 1192, 1604]"
2284,"[1043, 1906, 1928, 1705, 1704]"
2285,"[1607, 1608, 1896, 511, 1894]"
2286,"[1612, 125, 423, 1244, 1193]"
2287,"[398, 126, 1905, 605, 383]"
2288,"[1923, 794, 118, 1733, 1788]"
2289,"[1884, 116, 1549, 1610, 464]"
2290,"[1570, 108, 368, 1557, 372]"
2291,"[1924, 478, 126, 111, 1704]"
2292,"[1063, 1590, 554, 343, 455]"
2293,"[1599, 1019, 1088, 697, 1192]"
2294,"[108, 135, 1762, 1758, 1705]"
2295,"[1759, 458, 466, 527, 1764]"
2296,"[1762, 1063, 1758, 1705, 1704]"
2297,"[89, 1025, 113, 165, 1041]"
2298,"[259, 1567, 1319, 114, 256]"
2299,"[1072, 1275, 449, 1567, 1887]"
2300,"[1570, 1773, 1878, 1707, 372]"
2301,"[1705, 1071, 1807, 1704, 478]"
2302,"[200, 1705, 961, 1759, 143]"
2303,"[1191, 1884, 98, 937, 1197]"
2304,"[1915, 1630, 1049, 209, 165]"
2305,"[1915, 114, 216, 1567, 1705]"
2306,"[1592, 1935, 1591, 964, 175]"
2307,"[1937, 1704, 126, 1705, 1778]"
2308,"[1192, 1611, 1277, 1066, 1884]"
2309,"[866, 1073, 477, 1116, 793]"
2310,"[1915, 1704, 1705, 165, 919]"
2311,"[1900, 1917, 114, 1902, 359]"
2312,"[478, 116, 408, 114, 1924]"
2313,"[1490, 1904, 1316, 489, 1363]"
2314,"[1567, 837, 135, 1607, 1602]"
2315,"[1490, 1704, 511, 1705, 73]"
2316,"[698, 1907, 890, 1915, 1748]"
2317,"[1704, 1705, 1906, 1588, 1529]"
2318,"[1802, 368, 1801, 1804, 1704]"
2319,"[102, 124, 97, 96, 98]"
2320,"[925, 938, 935, 164, 926]"
2321,"[1758, 114, 1762, 1612, 1704]"
2322,"[1896, 1607, 1608, 1615, 1517]"
2323,"[409, 453, 749, 1561, 1541]"
2324,"[1167, 438, 1062, 1636, 1070]"
2325,"[1567, 1587, 1618, 1705, 1607]"
2326,"[604, 976, 911, 209, 1630]"
2327,"[900, 926, 511, 1705, 901]"
2328,"[128, 1825, 511, 1906, 1704]"
2329,"[793, 1570, 1704, 828, 1735]"
2330,"[1617, 1704, 1705, 165, 926]"
2331,"[1592, 725, 1884, 137, 925]"
2332,"[114, 1472, 1617, 464, 1567]"
2333,"[1570, 1773, 372, 1557, 1705]"
2334,"[1617, 1555, 1762, 292, 1890]"
2335,"[1930, 885, 1906, 1666, 1607]"
2336,"[1607, 1615, 1586, 277, 1192]"
2337,"[1062, 1137, 1049, 320, 1636]"
2338,"[1542, 1072, 363, 1488, 1613]"
2339,"[1599, 1019, 379, 697, 1192]"
2340,"[1659, 1193, 446, 625, 417]"
2341,"[1900, 1543, 1073, 922, 1705]"
2342,"[1613, 257, 92, 901, 1530]"
2343,"[1700, 1701, 102, 658, 642]"
2344,"[1902, 1900, 408, 1704, 406]"
2345,"[997, 808, 171, 291, 58]"
2346,"[1904, 1316, 1567, 1705, 1608]"
2347,"[1900, 1543, 511, 1704, 1705]"
2348,"[1922, 1897, 98, 1884, 1924]"
2349,"[267, 266, 239, 238, 235]"
2350,"[1924, 1884, 378, 1921, 1922]"
2351,"[1924, 116, 919, 1197, 1067]"
2352,"[409, 102, 443, 1068, 97]"
2353,"[1193, 1627, 1885, 89, 164]"
2354,"[120, 1735, 1733, 277, 269]"
2355,"[1613, 1705, 1567, 363, 1618]"
2356,"[1042, 1038, 1752, 1704, 1705]"
2357,"[1613, 1733, 257, 1530, 1488]"
2358,"[692, 1601, 693, 1726, 1192]"
2359,"[1113, 1604, 1138, 1064, 1620]"
2360,"[1607, 1608, 1517, 1615, 1191]"
2361,"[1191, 1567, 455, 1726, 454]"
2362,"[1617, 1618, 434, 1687, 292]"
2363,"[692, 1192, 1523, 1726, 1277]"
2364,"[1704, 1226, 752, 1037, 898]"
2365,"[749, 164, 98, 163, 1670]"
2366,"[1884, 1567, 1604, 16, 462]"
2367,"[1192, 114, 1611, 371, 454]"
2368,"[1705, 567, 114, 510, 1826]"
2369,"[1044, 1627, 1924, 1746, 1905]"
2370,"[1073, 443, 1017, 1135, 972]"
2371,"[164, 992, 1188, 1121, 165]"
2372,"[1902, 1906, 1277, 1704, 1255]"
2373,"[677, 1704, 1550, 1555, 1618]"
2374,"[1704, 1705, 1472, 1825, 1363]"
2375,"[1900, 1270, 1924, 1915, 681]"
2376,"[1904, 1884, 1191, 1562, 1656]"
2377,"[1157, 1907, 1191, 1899, 1627]"
2378,"[1894, 1704, 1758, 1761, 1549]"
2379,"[1620, 1034, 164, 933, 162]"
2380,"[1705, 37, 1207, 95, 1704]"
2381,"[1762, 1063, 1219, 1704, 1383]"
2382,"[359, 1207, 408, 1149, 1902]"
2383,"[1599, 1017, 1021, 320, 478]"
2384,"[7, 1697, 618, 164, 1021]"
2385,"[349, 1758, 1704, 1705, 1762]"
2386,"[1113, 1892, 1875, 1907, 1040]"
2387,"[1704, 1777, 1765, 1490, 1705]"
2388,"[1030, 1560, 688, 1202, 410]"
2389,"[588, 575, 402, 571, 566]"
2390,"[608, 1733, 1894, 765, 848]"
2391,"[1017, 1760, 1768, 1769, 1775]"
2392,"[314, 1923, 313, 885, 703]"
2393,"[926, 1617, 1655, 1558, 620]"
2394,"[1607, 1517, 1904, 1608, 1896]"
2395,"[1157, 455, 368, 1191, 1613]"
2396,"[1915, 919, 409, 937, 159]"
2397,"[114, 1567, 368, 1636, 1249]"
2398,"[1192, 1011, 1615, 1607, 1544]"
2399,"[1705, 1567, 511, 1704, 1733]"
2400,"[368, 862, 1, 608, 455]"
2401,"[1932, 1931, 349, 1042, 165]"
2402,"[1055, 1061, 1052, 985, 223]"
2403,"[885, 1763, 1704, 85, 1761]"
2404,"[1607, 608, 432, 1733, 1192]"
2405,"[314, 1772, 1923, 1878, 1707]"
2406,"[1915, 901, 165, 113, 1025]"
2407,"[455, 1567, 368, 1157, 372]"
2408,"[1932, 661, 1931, 190, 139]"
2409,"[886, 1705, 1758, 1704, 1762]"
2410,"[1733, 1836, 1873, 1300, 1301]"
2411,"[289, 1704, 125, 1125, 1662]"
2412,"[408, 1788, 1733, 1789, 1786]"
2413,"[1567, 455, 1896, 1192, 1613]"
2414,"[886, 1704, 1705, 732, 885]"
2415,"[372, 368, 1191, 455, 1255]"
2416,"[1570, 368, 1529, 1528, 1636]"
2417,"[793, 1869, 533, 398, 1073]"
2418,"[361, 409, 919, 372, 216]"
2419,"[1922, 1897, 868, 1526, 96]"
2420,"[646, 1317, 111, 480, 468]"
2421,"[933, 1738, 768, 762, 765]"
2422,"[1607, 511, 1704, 1705, 1628]"
2423,"[1520, 1558, 1550, 1519, 1556]"
2424,"[1567, 1066, 114, 1922, 1897]"
2425,"[1900, 1543, 1917, 890, 1193]"
2426,"[1772, 212, 1705, 1704, 1768]"
2427,"[888, 1495, 897, 171, 1887]"
2428,"[1385, 1752, 289, 1249, 1210]"
2429,"[1704, 1580, 455, 1762, 1705]"
2430,"[1721, 108, 1704, 1758, 1762]"
2431,"[1125, 289, 1557, 926, 1617]"
2432,"[1704, 1705, 478, 1924, 1536]"
2433,"[1607, 1608, 1517, 1904, 1636]"
2434,"[972, 207, 971, 968, 208]"
2435,"[1670, 1704, 1760, 555, 1833]"
2436,"[1762, 1612, 1758, 1914, 1705]"
2437,"[1900, 361, 478, 114, 1894]"
2438,"[926, 374, 1617, 341, 265]"
2439,"[412, 1001, 618, 136, 150]"
2440,"[1607, 1704, 1612, 1490, 1193]"
2441,"[63, 349, 1722, 749, 546]"
2442,"[1915, 162, 926, 216, 919]"
2443,"[1157, 1072, 1775, 1567, 1067]"
2444,"[1704, 1072, 1705, 108, 190]"
2445,"[1599, 884, 1614, 1192, 1890]"
2446,"[1655, 700, 1617, 292, 1762]"
2447,"[59, 1855, 594, 124, 1513]"
2448,"[1525, 1786, 1559, 1524, 1197]"
2449,"[290, 1696, 313, 1122, 1167]"
2450,"[349, 787, 594, 1908, 1544]"
2451,"[1608, 1607, 1205, 885, 1586]"
2452,"[677, 594, 1490, 1363, 903]"
2453,"[890, 1534, 113, 1193, 1543]"
2454,"[1733, 1573, 216, 398, 739]"
2455,"[1610, 855, 1521, 1884, 1558]"
2456,"[1887, 749, 1541, 793, 73]"
2457,"[1895, 828, 1287, 82, 1785]"
2458,"[1600, 730, 1167, 359, 1636]"
2459,"[1899, 1924, 1030, 165, 1193]"
2460,"[368, 1607, 455, 1704, 511]"
2461,"[1617, 1762, 1555, 292, 1758]"
2462,"[408, 868, 919, 1788, 1900]"
2463,"[116, 1697, 60, 1747, 865]"
2464,"[1900, 1902, 1074, 1543, 1279]"
2465,"[1917, 1207, 1900, 408, 1279]"
2466,"[1761, 1618, 1705, 1899, 1704]"
2467,"[677, 1915, 1617, 114, 890]"
2468,"[1560, 1257, 1768, 1704, 1760]"
2469,"[455, 1567, 1896, 368, 1157]"
2470,"[1670, 102, 98, 793, 1746]"
2471,"[1915, 677, 408, 289, 823]"
2472,"[1915, 430, 1863, 1256, 1704]"
2473,"[1906, 1922, 1897, 1588, 1705]"
2474,"[1924, 1026, 1046, 1906, 1649]"
2475,"[511, 965, 1704, 1809, 1894]"
2476,"[1904, 1316, 1441, 58, 57]"
2477,"[1607, 1904, 1192, 1532, 1517]"
2478,"[1710, 700, 1922, 1897, 300]"
2479,"[428, 1795, 1886, 1890, 1655]"
2480,"[114, 377, 1123, 361, 1733]"
2481,"[1607, 1608, 886, 1517, 903]"
2482,"[1567, 454, 114, 16, 1922]"
2483,"[739, 1733, 1737, 745, 1906]"
2484,"[261, 1878, 1707, 238, 235]"
2485,"[1617, 1655, 1555, 292, 1762]"
2486,"[267, 266, 911, 73, 262]"
2487,"[28, 24, 1875, 1536, 125]"
2488,"[368, 372, 1522, 1192, 114]"
2489,"[290, 866, 1696, 1701, 1670]"
2490,"[485, 1246, 1761, 1677, 554]"
2491,"[372, 368, 1191, 455, 1255]"
2492,"[1157, 412, 1607, 411, 1541]"
2493,"[135, 1567, 1098, 108, 1611]"
2494,"[1567, 837, 135, 1072, 16]"
2495,"[1924, 478, 1611, 1773, 1705]"
2496,"[1567, 1570, 135, 16, 1611]"
2497,"[1490, 1255, 59, 124, 1873]"
2498,"[1072, 372, 1157, 368, 1907]"
2499,"[1705, 850, 1704, 1752, 1809]"
2500,"[109, 1523, 416, 425, 811]"
2501,"[1900, 114, 1917, 757, 762]"
2502,"[1900, 1917, 408, 1915, 1902]"
2503,"[1705, 1704, 1765, 1777, 511]"
2504,"[82, 1287, 1895, 1877, 828]"
2505,"[1900, 1902, 1543, 96, 97]"
2506,"[1042, 1915, 938, 886, 919]"
2507,"[1599, 1064, 1536, 24, 164]"
2508,"[468, 216, 372, 1570, 363]"
2509,"[757, 926, 1904, 774, 756]"
2510,"[1915, 386, 1587, 890, 1899]"
2511,"[884, 1620, 1080, 926, 1066]"
2512,"[1607, 1019, 1608, 1035, 1549]"
2513,"[1260, 1935, 1256, 1863, 216]"
2514,"[1197, 1524, 1525, 1752, 1890]"
2515,"[1705, 1878, 1707, 553, 1760]"
2516,"[4, 1643, 749, 1670, 793]"
2517,"[420, 717, 1009, 1013, 1137]"
2518,"[290, 1246, 807, 1878, 1707]"
2519,"[1793, 1861, 1915, 1792, 1790]"
2520,"[1587, 1905, 1704, 1627, 1705]"
2521,"[1610, 114, 1614, 455, 1521]"
2522,"[708, 1705, 639, 1752, 1704]"
2523,"[1673, 1915, 1541, 1028, 478]"
2524,"[102, 637, 663, 1670, 749]"
2525,"[478, 1204, 1705, 1704, 1924]"
2526,"[372, 1570, 924, 1615, 1049]"
2527,"[1620, 1704, 164, 1705, 1074]"
2528,"[1904, 96, 1889, 1700, 52]"
2529,"[1142, 320, 1649, 347, 736]"
2530,"[73, 1878, 1707, 1317, 1246]"
2531,"[1924, 1704, 1705, 478, 1762]"
2532,"[1935, 903, 63, 430, 65]"
2533,"[1915, 1906, 938, 216, 926]"
2534,"[655, 677, 660, 749, 4]"
2535,"[265, 682, 1178, 1936, 1129]"
2536,"[1704, 1915, 601, 1299, 1865]"
2537,"[1812, 59, 587, 124, 1932]"
2538,"[1915, 885, 478, 1906, 919]"
2539,"[1900, 1543, 834, 1638, 388]"
2540,"[1072, 1567, 95, 1618, 1705]"
2541,"[1924, 478, 781, 1599, 29]"
2542,"[1610, 583, 1733, 507, 1705]"
2543,"[1915, 1344, 1026, 1659, 1046]"
2544,"[171, 643, 1560, 663, 350]"
2545,"[110, 1246, 1062, 1216, 1878]"
2546,"[692, 1601, 1726, 1523, 693]"
2547,"[1705, 1516, 1704, 1713, 1760]"
2548,"[1607, 1608, 1704, 511, 1615]"
2549,"[478, 1900, 1924, 1902, 90]"
2550,"[1705, 1704, 1760, 216, 1761]"
2551,"[677, 925, 1670, 1073, 1887]"
2552,"[1524, 1197, 933, 1320, 1525]"
2553,"[1926, 441, 1906, 1562, 1191]"
2554,"[1133, 1900, 1902, 408, 1917]"
2555,"[1935, 97, 96, 1547, 1828]"
2556,"[911, 190, 1705, 213, 138]"
2557,"[511, 1704, 1809, 1705, 1873]"
2558,"[63, 407, 979, 604, 164]"
2559,"[478, 1924, 1704, 1792, 1705]"
2560,"[372, 368, 1113, 1256, 455]"
2561,"[1061, 1082, 1581, 375, 739]"
2562,"[663, 102, 653, 651, 637]"
2563,"[1713, 1704, 1705, 665, 107]"
2564,"[1900, 1704, 1752, 1705, 1620]"
2565,"[1915, 1936, 1043, 97, 96]"
2566,"[420, 60, 1320, 98, 1746]"
2567,"[390, 1924, 924, 1710, 125]"
2568,"[1607, 1157, 1896, 886, 1608]"
2569,"[1619, 757, 762, 379, 758]"
2570,"[455, 612, 890, 113, 446]"
2571,"[1733, 1737, 759, 765, 432]"
2572,"[1924, 1915, 16, 1704, 1611]"
2573,"[1567, 1896, 1586, 1192, 1615]"
2574,"[1704, 1705, 1801, 1802, 1799]"
2575,"[1704, 1705, 1544, 1760, 260]"
2576,"[1677, 1704, 1599, 701, 1705]"
2577,"[1728, 1405, 1015, 108, 1731]"
2578,"[82, 1306, 335, 468, 111]"
2579,"[916, 306, 965, 1591, 911]"
2580,"[1704, 1171, 1910, 1587, 1705]"
2581,"[455, 1567, 368, 1157, 372]"
2582,"[1607, 1191, 1896, 1894, 1202]"
2583,"[276, 89, 1534, 1604, 29]"
2584,"[420, 935, 172, 920, 166]"
2585,"[165, 164, 927, 271, 175]"
2586,"[368, 216, 1, 455, 1915]"
2587,"[1157, 1249, 216, 1592, 900]"
2588,"[1906, 1922, 1897, 1588, 1705]"
2589,"[1586, 1615, 1042, 1607, 926]"
2590,"[1917, 1599, 1612, 1914, 1704]"
2591,"[372, 368, 455, 1070, 1157]"
2592,"[1900, 114, 1599, 1917, 1902]"
2593,"[1604, 1884, 1916, 1491, 462]"
2594,"[420, 60, 1320, 893, 1700]"
2595,"[943, 202, 143, 962, 964]"
2596,"[1567, 372, 1570, 1804, 1782]"
2597,"[1607, 1586, 1904, 1915, 1193]"
2598,"[152, 85, 1591, 1911, 146]"
2599,"[212, 823, 1918, 1590, 403]"
2600,"[216, 790, 128, 1915, 884]"
2601,"[1192, 1704, 114, 1705, 16]"
2602,"[1607, 886, 403, 1608, 452]"
2603,"[606, 1915, 1603, 1772, 723]"
2604,"[1704, 1705, 1063, 543, 903]"
2605,"[175, 149, 446, 165, 150]"
2606,"[1561, 1560, 1915, 1543, 1900]"
2607,"[677, 162, 165, 919, 164]"
2608,"[478, 1924, 296, 1705, 1761]"
2609,"[1899, 1905, 1666, 1914, 1612]"
2610,"[1700, 1701, 1904, 1889, 124]"
2611,"[1705, 1670, 1826, 1704, 1825]"
2612,"[1130, 868, 1086, 1277, 98]"
2613,"[1567, 1570, 135, 16, 114]"
2614,"[1924, 478, 583, 1704, 919]"
2615,"[1192, 692, 1726, 114, 1924]"
2616,"[128, 1733, 1788, 1191, 1886]"
2617,"[351, 1205, 1608, 29, 964]"
2618,"[1613, 1618, 1924, 1894, 165]"
2619,"[903, 1603, 862, 878, 96]"
2620,"[1072, 1705, 1761, 1567, 1704]"
2621,"[388, 1636, 911, 1705, 913]"
2622,"[478, 1924, 1704, 1705, 1761]"
2623,"[1932, 1931, 1626, 190, 1116]"
2624,"[1884, 1604, 1567, 114, 16]"
2625,"[1, 1704, 511, 1705, 1809]"
2626,"[1936, 1885, 1277, 432, 1906]"
2627,"[1705, 1607, 1618, 1567, 933]"
2628,"[1704, 1705, 872, 1607, 425]"
2629,"[1890, 1030, 292, 1544, 1704]"
2630,"[1900, 1902, 1917, 1924, 858]"
2631,"[1567, 114, 1604, 375, 1922]"
2632,"[1567, 1704, 1705, 1896, 1611]"
2633,"[1299, 901, 1705, 212, 1704]"
2634,"[1884, 1312, 1599, 782, 1890]"
2635,"[1598, 1915, 1704, 1705, 1752]"
2636,"[1799, 1705, 1704, 1802, 1804]"
2637,"[1704, 1491, 1555, 1705, 1516]"
2638,"[677, 1704, 1705, 499, 1539]"
2639,"[114, 624, 1567, 1915, 216]"
2640,"[1620, 1193, 1915, 1917, 1902]"
2641,"[1604, 1761, 1618, 1890, 1760]"
2642,"[372, 368, 455, 1191, 1607]"
2643,"[1567, 114, 1157, 16, 1611]"
2644,"[1915, 1863, 1935, 927, 1828]"
2645,"[1900, 1543, 890, 112, 1915]"
2646,"[1915, 868, 993, 1748, 1526]"
2647,"[478, 1030, 1531, 1257, 1924]"
2648,"[1607, 1567, 1192, 1615, 1604]"
2649,"[1752, 1559, 835, 1760, 1705]"
2650,"[1889, 1555, 1887, 1525, 793]"
2651,"[409, 1746, 97, 96, 164]"
2652,"[1705, 1704, 1927, 1458, 1752]"
2653,"[372, 924, 1570, 1615, 1049]"
2654,"[1896, 1607, 1608, 1705, 1704]"
2655,"[409, 1812, 96, 97, 1746]"
2656,"[1570, 372, 1721, 363, 1705]"
2657,"[1721, 1802, 1570, 1705, 1704]"
2658,"[455, 114, 1192, 1705, 1604]"
2659,"[1576, 1599, 1887, 794, 1670]"
2660,"[1617, 292, 1762, 1924, 1722]"
2661,"[784, 1924, 160, 478, 158]"
2662,"[1570, 1802, 372, 1801, 1615]"
2663,"[1072, 1567, 1761, 1896, 1705]"
2664,"[1792, 1705, 1790, 1788, 443]"
2665,"[1072, 1612, 162, 1906, 919]"
2666,"[1302, 212, 108, 138, 1932]"
2667,"[1524, 1119, 1525, 1752, 1559]"
2668,"[1772, 406, 407, 428, 868]"
2669,"[1385, 478, 1175, 1924, 1916]"
2670,"[1567, 368, 1157, 862, 455]"
2671,"[1705, 108, 1026, 1758, 1704]"
2672,"[1608, 454, 1379, 1191, 692]"
2673,"[1902, 1917, 1049, 1900, 1915]"
2674,"[1705, 1704, 108, 1567, 1721]"
2675,"[1113, 1617, 1618, 455, 368]"
2676,"[128, 1125, 372, 1072, 740]"
2677,"[1900, 349, 1768, 1543, 1638]"
2678,"[1068, 1607, 421, 1157, 938]"
2679,"[1523, 1904, 455, 1906, 1191]"
2680,"[1900, 1543, 1638, 891, 1073]"
2681,"[1555, 1772, 364, 760, 1491]"
2682,"[890, 1586, 1556, 1615, 1538]"
2683,"[1704, 1705, 1035, 108, 1014]"
2684,"[624, 114, 1705, 1704, 1457]"
2685,"[1836, 1873, 926, 1832, 1906]"
2686,"[1193, 165, 164, 1620, 1029]"
2687,"[1113, 891, 368, 455, 1555]"
2688,"[1704, 1758, 108, 511, 1762]"
2689,"[1896, 361, 1608, 317, 1202]"
2690,"[291, 1704, 1003, 261, 232]"
2691,"[371, 1742, 1705, 926, 1915]"
2692,"[96, 97, 98, 1832, 1887]"
2693,"[1761, 1760, 1768, 1769, 1775]"
2694,"[1915, 1543, 408, 455, 7]"
2695,"[1884, 1567, 16, 1704, 114]"
2696,"[1526, 793, 1863, 749, 1541]"
2697,"[1931, 1932, 1197, 190, 139]"
2698,"[1894, 886, 1749, 811, 1890]"
2699,"[903, 1705, 1704, 114, 535]"
2700,"[455, 368, 372, 454, 1157]"
2701,"[1900, 1902, 1917, 408, 1552]"
2702,"[1567, 53, 1804, 1570, 372]"
2703,"[1073, 349, 1704, 1538, 1536]"
2704,"[1900, 1902, 1543, 1070, 408]"
2705,"[1163, 114, 1603, 1636, 455]"
2706,"[1592, 1929, 1911, 964, 1591]"
2707,"[1567, 1929, 16, 114, 1617]"
2708,"[1902, 1900, 1704, 1917, 1761]"
2709,"[1567, 808, 16, 1611, 1772]"
2710,"[793, 98, 1670, 102, 1541]"
2711,"[1620, 1899, 1618, 1704, 1761]"
2712,"[1297, 102, 98, 1197, 478]"
2713,"[1705, 1894, 583, 507, 1471]"
2714,"[730, 731, 1167, 1190, 1636]"
2715,"[1073, 1028, 472, 793, 866]"
2716,"[478, 1704, 1924, 1705, 1761]"
2717,"[271, 886, 1061, 952, 1863]"
2718,"[1902, 760, 857, 364, 114]"
2719,"[828, 1863, 927, 1895, 441]"
2720,"[895, 1065, 136, 92, 904]"
2721,"[930, 163, 160, 1670, 604]"
2722,"[299, 1089, 1878, 1707, 1637]"
2723,"[1676, 1915, 1619, 408, 114]"
2724,"[455, 1705, 1249, 1704, 114]"
2725,"[1620, 1149, 1704, 165, 1193]"
2726,"[1915, 147, 200, 964, 271]"
2727,"[1900, 1853, 1902, 1821, 442]"
2728,"[1915, 1704, 1760, 1762, 1758]"
2729,"[1746, 1742, 1541, 1520, 1547]"
2730,"[1066, 1901, 1534, 1615, 89]"
2731,"[1607, 1608, 511, 1704, 1705]"
2732,"[1915, 624, 1930, 455, 1617]"
2733,"[1054, 1915, 216, 1026, 1666]"
2734,"[97, 96, 1538, 1556, 1270]"
2735,"[501, 1246, 332, 1880, 1256]"
2736,"[190, 925, 149, 271, 1050]"
2737,"[341, 749, 1246, 471, 1744]"
2738,"[1607, 1608, 765, 1733, 768]"
2739,"[1915, 1792, 1790, 1789, 1793]"
2740,"[430, 1907, 1192, 927, 1659]"
2741,"[1915, 1536, 1561, 171, 125]"
2742,"[102, 793, 409, 663, 749]"
2743,"[1915, 1193, 1809, 1536, 164]"
2744,"[1900, 1917, 1902, 114, 408]"
2745,"[1033, 1627, 1733, 872, 927]"
2746,"[413, 1586, 1904, 1599, 1615]"
2747,"[1607, 1608, 1896, 1567, 1894]"
2748,"[1617, 1567, 1761, 455, 1157]"
2749,"[89, 1519, 1620, 165, 1534]"
2750,"[1617, 926, 1704, 1781, 16]"
2751,"[1607, 1896, 1567, 1192, 1608]"
2752,"[455, 454, 1899, 1191, 114]"
2753,"[1613, 1924, 1726, 1530, 901]"
2754,"[1700, 98, 1889, 1887, 96]"
2755,"[1705, 216, 1113, 454, 1704]"
2756,"[366, 793, 400, 533, 322]"
2757,"[1762, 1795, 559, 1769, 1758]"
2758,"[1567, 368, 1203, 1896, 1607]"
2759,"[1677, 1705, 1704, 1157, 1904]"
2760,"[1615, 1607, 608, 765, 1733]"
2761,"[372, 455, 1894, 1746, 368]"
2762,"[267, 266, 239, 238, 235]"
2763,"[1902, 1900, 1752, 1928, 1561]"
2764,"[441, 927, 1812, 1935, 1192]"
2765,"[1114, 1759, 468, 1705, 682]"
2766,"[1192, 1600, 1178, 608, 1611]"
2767,"[1704, 1043, 1798, 1615, 1620]"
2768,"[1899, 1915, 1612, 216, 1914]"
2769,"[1704, 1617, 1705, 926, 455]"
2770,"[1915, 116, 1536, 164, 98]"
2771,"[926, 341, 1899, 437, 257]"
2772,"[1899, 1762, 1219, 1211, 1383]"
2773,"[478, 1197, 1922, 1897, 1924]"
2774,"[1137, 1062, 95, 1894, 494]"
2775,"[1567, 1792, 452, 1733, 1787]"
2776,"[1932, 1620, 190, 625, 1885]"
2777,"[1902, 1900, 677, 408, 1256]"
2778,"[1704, 468, 1705, 1615, 1192]"
2779,"[1896, 1608, 1191, 1613, 1157]"
2780,"[925, 163, 164, 749, 1042]"
2781,"[1900, 1917, 1543, 1902, 892]"
2782,"[1199, 1670, 103, 794, 46]"
2783,"[793, 1541, 1313, 73, 749]"
2784,"[4, 1902, 1197, 1082, 405]"
2785,"[398, 1290, 1023, 1861, 1003]"
2786,"[1615, 1586, 329, 1192, 1650]"
2787,"[1570, 216, 828, 1611, 1922]"
2788,"[1617, 926, 1924, 1705, 1704]"
2789,"[368, 1113, 1617, 891, 455]"
2790,"[216, 372, 1708, 606, 1536]"
2791,"[677, 376, 1915, 1549, 1025]"
2792,"[125, 1733, 1545, 1192, 58]"
2793,"[1612, 1193, 1762, 1758, 171]"
2794,"[677, 412, 1787, 1791, 1789]"
2795,"[455, 1704, 1705, 1112, 1758]"
2796,"[1723, 1513, 542, 594, 1772]"
2797,"[1927, 1742, 1884, 1549, 1598]"
2798,"[1927, 1025, 1627, 357, 159]"
2799,"[261, 259, 267, 266, 239]"
2800,"[1924, 1922, 1897, 1905, 1733]"
2801,"[1705, 1704, 1762, 412, 1758]"
2802,"[938, 1157, 921, 1608, 1607]"
2803,"[1922, 1897, 928, 925, 166]"
2804,"[165, 778, 98, 1904, 1907]"
2805,"[1191, 1601, 1726, 1611, 1705]"
2806,"[165, 1202, 410, 1042, 1193]"
2807,"[1063, 1028, 884, 320, 454]"
2808,"[1587, 1570, 1922, 1897, 1906]"
2809,"[1922, 1897, 1526, 1904, 1899]"
2810,"[1704, 368, 1248, 1697, 862]"
2811,"[454, 1792, 1788, 412, 1733]"
2812,"[1019, 1613, 412, 903, 612]"
2813,"[1746, 96, 97, 102, 409]"
2814,"[807, 1704, 1705, 413, 1610]"
2815,"[1073, 42, 401, 1060, 47]"
2816,"[1705, 1704, 108, 1721, 368]"
2817,"[403, 911, 1370, 1358, 271]"
2818,"[455, 1157, 368, 1192, 1904]"
2819,"[1068, 1523, 102, 1705, 1704]"
2820,"[965, 964, 862, 952, 271]"
2821,"[290, 1615, 1556, 1538, 1696]"
2822,"[1904, 1191, 1242, 1606, 1489]"
2823,"[667, 749, 1825, 291, 1233]"
2824,"[1904, 1191, 1704, 1890, 1705]"
2825,"[1612, 1907, 952, 89, 1905]"
2826,"[1904, 1531, 97, 96, 1705]"
2827,"[1915, 124, 125, 1706, 1748]"
2828,"[289, 1704, 1705, 1884, 1600]"
2829,"[1894, 1896, 1915, 216, 1884]"
2830,"[1548, 1518, 1537, 1520, 1556]"
2831,"[1904, 692, 922, 1637, 686]"
2832,"[1828, 1833, 1837, 1924, 1822]"
2833,"[1173, 353, 1176, 289, 779]"
2834,"[1612, 1620, 1574, 1063, 1519]"
2835,"[1922, 1897, 113, 1627, 1615]"
2836,"[28, 1618, 1193, 1924, 901]"
2837,"[1527, 1924, 1534, 1520, 1556]"
2838,"[1705, 1704, 1612, 1063, 1889]"
2839,"[1627, 1526, 1904, 892, 1587]"
2840,"[89, 1922, 1897, 165, 1627]"
2841,"[1704, 107, 1761, 1705, 1442]"
2842,"[1587, 1905, 1904, 1922, 1897]"
2843,"[667, 1751, 5, 291, 682]"
2844,"[1904, 97, 96, 1532, 1589]"
2845,"[291, 1904, 1705, 1704, 1191]"
2846,"[1162, 1069, 53, 438, 165]"
2847,"[1704, 1746, 97, 96, 1615]"
2848,"[125, 1884, 411, 446, 1788]"
2849,"[128, 1761, 1704, 1705, 1646]"
2850,"[1922, 1897, 166, 903, 1907]"
2851,"[1924, 1705, 530, 1704, 1746]"
2852,"[500, 1836, 1873, 1455, 1832]"
2853,"[1922, 1897, 1246, 443, 1907]"
2854,"[320, 690, 676, 686, 1567]"
2855,"[1899, 1063, 1612, 1762, 1704]"
2856,"[1889, 1904, 289, 1705, 1704]"
2857,"[1904, 1924, 89, 1489, 1191]"
2858,"[1924, 1526, 114, 1147, 1890]"
2859,"[1014, 1929, 1562, 1532, 1163]"
2860,"[1902, 793, 102, 1073, 1552]"
2861,"[165, 128, 1529, 1899, 1904]"
2862,"[927, 464, 1772, 43, 1904]"
2863,"[1904, 1704, 1705, 289, 1191]"
2864,"[1807, 1279, 1936, 1073, 1076]"
2865,"[1886, 356, 1704, 1301, 1068]"
2866,"[1722, 686, 688, 711, 1544]"
2867,"[403, 1149, 1649, 1029, 1633]"
2868,"[613, 655, 625, 1770, 611]"
2869,"[270, 271, 964, 1205, 267]"
2870,"[1771, 1705, 1587, 291, 1410]"
2871,"[1929, 926, 55, 1592, 1590]"
2872,"[1548, 1554, 1040, 1556, 1538]"
2873,"[1705, 1704, 1592, 996, 1170]"
2874,"[1924, 1030, 324, 692, 1677]"
2875,"[216, 913, 140, 267, 266]"
2876,"[89, 1762, 1922, 1897, 1612]"
2877,"[1704, 1705, 1567, 1760, 547]"
2878,"[1591, 898, 1677, 1592, 1704]"
2879,"[1904, 1705, 37, 1567, 1894]"
2880,"[1705, 530, 1704, 89, 1762]"
2881,"[1915, 1148, 371, 914, 511]"
2882,"[1837, 1833, 1828, 1822, 1821]"
2883,"[116, 1614, 1191, 1904, 1521]"
2884,"[1904, 1025, 1746, 1884, 1705]"
2885,"[408, 1917, 412, 1147, 125]"
2886,"[1922, 1897, 927, 1526, 1899]"
2887,"[896, 1704, 1495, 1363, 530]"
2888,"[927, 1922, 1897, 441, 1863]"
2889,"[1340, 1697, 317, 1567, 862]"
2890,"[980, 749, 1071, 926, 1618]"
2891,"[1705, 1726, 1768, 1921, 1068]"
2892,"[1915, 677, 1906, 1193, 1697]"
2893,"[1922, 1897, 1526, 927, 1899]"
2894,"[1705, 1191, 1567, 1922, 1897]"
2895,"[98, 1746, 102, 1201, 866]"
2896,"[464, 675, 706, 812, 310]"
2897,"[113, 165, 163, 89, 1025]"
2898,"[1705, 1612, 1704, 530, 1927]"
2899,"[263, 216, 977, 67, 1459]"
2900,"[1899, 1762, 1063, 1758, 1705]"
2901,"[1511, 1919, 1421, 523, 1924]"
2902,"[1809, 933, 1055, 1705, 1620]"
2903,"[890, 1760, 113, 291, 89]"
2904,"[1704, 116, 1890, 1889, 114]"
2905,"[265, 329, 261, 998, 429]"
2906,"[1907, 928, 289, 1905, 1627]"
2907,"[1922, 1897, 1899, 1526, 166]"
2908,"[1526, 1922, 1897, 1907, 1899]"
2909,"[1068, 1704, 1915, 1066, 1705]"
2910,"[216, 1627, 1587, 1886, 1193]"
2911,"[1607, 1608, 1896, 1191, 1615]"
2912,"[927, 1902, 1526, 1828, 1899]"
2913,"[1627, 1905, 89, 165, 1896]"
2914,"[291, 1677, 667, 1908, 1874]"
2915,"[1612, 1762, 1914, 927, 1704]"
2916,"[1899, 1915, 216, 1340, 1263]"
2917,"[728, 1762, 1659, 1758, 1760]"
2918,"[269, 639, 285, 1876, 1932]"
2919,"[89, 1922, 1897, 1905, 1526]"
2920,"[1902, 1612, 1915, 408, 1746]"
2921,"[692, 1538, 1924, 1558, 1029]"
2922,"[1901, 1750, 98, 1617, 216]"
2923,"[149, 461, 18, 924, 1588]"
2924,"[1627, 1899, 1905, 89, 1922]"
2925,"[116, 1277, 1726, 692, 1191]"
2926,"[261, 267, 266, 239, 238]"
2927,"[1399, 1705, 1704, 1178, 547]"
2928,"[1068, 1904, 289, 1705, 1601]"
2929,"[868, 1071, 1587, 1896, 406]"
2930,"[1931, 116, 377, 1704, 1904]"
2931,"[1904, 1529, 97, 96, 1746]"
2932,"[1899, 1612, 1762, 1704, 1772]"
2933,"[1043, 1620, 692, 1885, 1051]"
2934,"[1034, 1676, 1041, 113, 1915]"
2935,"[936, 1924, 1034, 1154, 823]"
2936,"[128, 428, 1193, 892, 1887]"
2937,"[296, 431, 1087, 408, 1697]"
2938,"[1193, 1358, 937, 1263, 924]"
2939,"[408, 1902, 1917, 139, 278]"
2940,"[447, 1273, 1878, 1707, 1708]"
2941,"[165, 89, 927, 29, 113]"
2942,"[1907, 890, 1771, 113, 926]"
2943,"[1917, 114, 1902, 408, 1536]"
2944,"[216, 1067, 1904, 60, 1747]"
2945,"[1191, 1726, 1705, 1601, 1704]"
2946,"[919, 165, 928, 924, 164]"
2947,"[933, 428, 406, 407, 59]"
2948,"[1612, 37, 1620, 1574, 1063]"
2949,"[1906, 1704, 1588, 594, 1887]"
2950,"[420, 1902, 96, 97, 102]"
2951,"[1905, 1627, 89, 1892, 1618]"
2952,"[1613, 1904, 1191, 409, 113]"
2953,"[1627, 1193, 1025, 164, 937]"
2954,"[102, 409, 125, 1040, 1704]"
2955,"[1928, 1807, 1279, 1936, 1900]"
2956,"[1924, 1620, 1014, 1296, 1915]"
2957,"[273, 275, 1733, 276, 1318]"
2958,"[1922, 1897, 1526, 1287, 1899]"
2959,"[1915, 212, 1230, 1042, 136]"
2960,"[1191, 1904, 1704, 116, 1705]"
2961,"[1704, 440, 783, 1191, 692]"
2962,"[291, 1915, 1752, 1704, 1760]"
2963,"[1704, 1705, 1769, 1768, 1598]"
2964,"[1915, 1560, 824, 823, 1591]"
2965,"[1902, 1552, 1900, 114, 1915]"
2966,"[1904, 1713, 1552, 1700, 922]"
2967,"[113, 1533, 1587, 1526, 1527]"
2968,"[1579, 447, 291, 667, 1761]"
2969,"[1558, 1588, 1071, 903, 1904]"
2970,"[1745, 1616, 1671, 1070, 112]"
2971,"[1915, 1603, 1085, 605, 862]"
2972,"[1915, 890, 114, 1085, 1899]"
2973,"[1045, 1050, 1034, 1933, 1670]"
2974,"[108, 212, 842, 440, 1929]"
2975,"[102, 1201, 925, 409, 98]"
2976,"[102, 1527, 1627, 1905, 1526]"
2977,"[128, 1627, 165, 1587, 95]"
2978,"[1724, 1068, 1889, 1768, 860]"
2979,"[1549, 1907, 446, 1697, 421]"
2980,"[1363, 162, 919, 165, 924]"
2981,"[1902, 1900, 857, 478, 1704]"
2982,"[884, 1704, 1705, 125, 1752]"
2983,"[1358, 42, 1334, 501, 1368]"
2984,"[1065, 136, 904, 1193, 895]"
2985,"[452, 1825, 1300, 1836, 1301]"
2986,"[1607, 403, 1193, 1620, 1659]"
2987,"[478, 1607, 1157, 1608, 1924]"
2988,"[1915, 677, 1299, 430, 1705]"
2989,"[1705, 1704, 1071, 1562, 1807]"
2990,"[1902, 1917, 1900, 1049, 408]"
2991,"[417, 1193, 1239, 878, 612]"
2992,"[430, 1260, 1256, 1906, 1929]"
2993,"[395, 1226, 892, 1531, 1037]"
2994,"[1705, 1071, 1704, 1807, 1562]"
2995,"[1041, 1537, 1155, 1556, 1538]"
2996,"[454, 66, 1607, 1638, 1809]"
2997,"[1792, 1855, 1790, 1764, 1789]"
2998,"[928, 934, 164, 931, 1705]"
2999,"[1659, 1193, 446, 417, 1704]"
3000,"[1041, 1620, 419, 1030, 1039]"
3001,"[1863, 1256, 1935, 1704, 1705]"
3002,"[1531, 474, 1030, 1257, 395]"
3003,"[1705, 933, 1809, 1704, 1193]"
3004,"[1855, 1620, 1861, 164, 1193]"
3005,"[425, 1073, 1620, 446, 1068]"
3006,"[1151, 1531, 1074, 1030, 1068]"
3007,"[478, 1567, 819, 1618, 1704]"
3008,"[359, 1548, 1889, 1088, 1087]"
3009,"[408, 1705, 1704, 1902, 796]"
3010,"[677, 933, 1809, 1704, 432]"
3011,"[1075, 1041, 1068, 446, 1704]"
3012,"[452, 1704, 1705, 403, 1873]"
3013,"[1253, 1863, 1836, 1935, 1837]"
3014,"[1076, 466, 1073, 750, 454]"
3015,"[1915, 677, 1836, 1927, 1873]"
3016,"[1855, 1846, 1861, 933, 1142]"
3017,"[454, 478, 455, 1567, 862]"
3018,"[289, 403, 1704, 1906, 1029]"
3019,"[1620, 1909, 1193, 1626, 1704]"
3020,"[28, 1074, 1620, 1659, 1193]"
3021,"[1617, 1173, 1567, 1901, 1263]"
3022,"[1705, 1704, 1071, 1807, 1924]"
3023,"[125, 1244, 423, 1690, 1080]"
3024,"[125, 423, 1244, 1702, 926]"
3025,"[125, 423, 1244, 1028, 1925]"
3026,"[125, 1244, 423, 677, 397]"
3027,"[423, 1244, 125, 1690, 1126]"
3028,"[125, 1244, 423, 1915, 1606]"
3029,"[125, 423, 1244, 1550, 493]"
3030,"[125, 1244, 423, 926, 1617]"
3031,"[125, 423, 1244, 1690, 1126]"
3032,"[125, 721, 423, 1244, 1169]"
3033,"[125, 423, 1244, 412, 368]"
3034,"[125, 423, 1244, 1825, 1495]"
3035,"[125, 1244, 423, 677, 408]"
3036,"[578, 580, 1690, 1704, 585]"
3037,"[125, 1025, 423, 1244, 919]"
3038,"[125, 1244, 423, 1702, 408]"
3039,"[125, 1370, 677, 1334, 1363]"
3040,"[773, 1649, 1555, 361, 1873]"
3041,"[1126, 125, 376, 360, 423]"
3042,"[125, 1612, 423, 1244, 1702]"
3043,"[125, 585, 586, 577, 1900]"
3044,"[125, 216, 263, 1282, 1285]"
3045,"[125, 1244, 423, 1677, 1915]"
3046,"[125, 1244, 423, 1561, 1902]"
3047,"[125, 320, 408, 1244, 423]"
3048,"[125, 1792, 1690, 408, 1244]"
3049,"[125, 423, 1244, 1702, 1705]"
3050,"[125, 926, 1617, 1612, 423]"
3051,"[594, 1265, 1513, 542, 1864]"
3052,"[125, 613, 1915, 1902, 423]"
3053,"[125, 478, 1924, 106, 1915]"
3054,"[125, 1244, 423, 1607, 1915]"
3055,"[125, 578, 545, 1511, 423]"
3056,"[125, 423, 1244, 1028, 1690]"
3057,"[125, 1690, 423, 1244, 1906]"
3058,"[1344, 1612, 1677, 1626, 1104]"
3059,"[125, 1244, 423, 566, 564]"
3060,"[125, 423, 1244, 1900, 1690]"
3061,"[125, 1915, 423, 1244, 1301]"
3062,"[927, 1302, 1830, 1924, 79]"
3063,"[125, 423, 1244, 406, 407]"
3064,"[677, 459, 460, 1309, 1915]"
3065,"[423, 1244, 125, 1635, 824]"
3066,"[460, 1643, 1772, 1307, 311]"
3067,"[1924, 478, 1885, 114, 408]"
3068,"[1924, 1434, 528, 677, 1507]"
3069,"[1924, 1915, 408, 171, 478]"
3070,"[1924, 922, 478, 1560, 1915]"
3071,"[1030, 478, 1924, 1915, 1704]"
3072,"[1924, 1915, 528, 1507, 1705]"
3073,"[504, 1755, 1885, 1706, 1810]"
3074,"[478, 1924, 1677, 98, 1695]"
3075,"[478, 1924, 919, 1704, 1705]"
3076,"[478, 1902, 1927, 922, 1065]"
3077,"[1915, 1924, 216, 1704, 1677]"
3078,"[478, 1704, 1924, 96, 97]"
3079,"[1915, 1504, 497, 89, 1299]"
3080,"[1924, 478, 528, 1507, 339]"
3081,"[485, 1705, 528, 1507, 1434]"
3082,"[1924, 478, 1885, 98, 96]"
3083,"[1924, 478, 1915, 528, 1030]"
3084,"[1915, 1863, 98, 42, 402]"
3085,"[1915, 1561, 1902, 1552, 1560]"
3086,"[504, 1755, 528, 1507, 1885]"
3087,"[1915, 124, 275, 216, 97]"
3088,"[478, 1924, 1704, 1705, 1620]"
3089,"[1744, 1276, 817, 1863, 1864]"
3090,"[1924, 98, 96, 97, 1550]"
3091,"[1924, 1913, 114, 1908, 171]"
3092,"[528, 926, 1507, 333, 921]"
3093,"[922, 1915, 1704, 478, 98]"
3094,"[1915, 1704, 1705, 1062, 1561]"
3095,"[1760, 1705, 1704, 1761, 485]"
3096,"[1915, 216, 1924, 1792, 1789]"
3097,"[1924, 1192, 1935, 1906, 1863]"
3098,"[478, 1924, 1704, 289, 1560]"
3099,"[1915, 408, 1536, 528, 1507]"
3100,"[1924, 478, 453, 1705, 495]"
3101,"[1560, 1507, 528, 98, 1434]"
3102,"[1924, 1915, 478, 334, 1677]"
3103,"[1915, 677, 478, 1704, 1924]"
3104,"[1915, 1924, 528, 1536, 1742]"
3105,"[1924, 478, 528, 1507, 1536]"
3106,"[528, 1434, 1507, 538, 1695]"
3107,"[1915, 1618, 693, 1659, 106]"
3108,"[1758, 361, 1901, 1762, 98]"
3109,"[1813, 1814, 1815, 1828, 1837]"
3110,"[1758, 114, 361, 1604, 1042]"
3111,"[368, 455, 1592, 1157, 216]"
3112,"[594, 216, 53, 1915, 405]"
3113,"[1024, 1704, 1798, 1781, 1802]"
3114,"[898, 893, 108, 1024, 80]"
3115,"[1721, 108, 80, 1024, 1801]"
3116,"[1344, 80, 329, 1008, 853]"
3117,"[885, 1776, 1757, 972, 911]"
3118,"[80, 1612, 1193, 1656, 1889]"
3119,"[1929, 1890, 1592, 108, 1191]"
3120,"[108, 1721, 1705, 1024, 1704]"
3121,"[1929, 1592, 108, 1636, 1721]"
3122,"[1915, 1618, 1636, 1561, 1677]"
3123,"[1929, 1592, 108, 1191, 1726]"
3124,"[108, 1704, 857, 1758, 1705]"
3125,"[1929, 1592, 1890, 1721, 108]"
3126,"[1705, 1704, 108, 412, 1591]"
3127,"[108, 1721, 1705, 1423, 503]"
3128,"[80, 853, 292, 1733, 1721]"
3129,"[1024, 242, 688, 18, 1636]"
3130,"[1704, 1762, 1760, 1756, 1765]"
3131,"[413, 408, 165, 1193, 1592]"
3132,"[380, 108, 1159, 1024, 1705]"
3133,"[348, 354, 1181, 364, 1024]"
3134,"[1762, 1704, 1761, 1756, 1705]"
3135,"[108, 927, 1721, 1705, 1024]"
3136,"[387, 1929, 287, 108, 679]"
3137,"[1915, 737, 1592, 719, 80]"
3138,"[80, 1024, 108, 339, 1721]"
3139,"[361, 1680, 1732, 1704, 884]"
3140,"[1721, 1024, 108, 80, 1098]"
3141,"[911, 1591, 952, 964, 270]"
3142,"[1024, 108, 1761, 1721, 1762]"
3143,"[42, 430, 1260, 402, 1368]"
3144,"[1721, 688, 108, 887, 80]"
3145,"[1799, 1024, 1798, 1557, 1187]"
3146,"[1184, 1915, 1188, 98, 1172]"
3147,"[1491, 1409, 1442, 1405, 1759]"
3148,"[1760, 1704, 1705, 1191, 1636]"
3149,"[383, 1705, 1704, 108, 392]"
3150,"[1929, 1721, 1592, 1024, 1924]"
3151,"[108, 1721, 339, 1567, 1889]"
3152,"[80, 835, 1027, 272, 114]"
3153,"[1721, 108, 80, 1024, 1592]"
3154,"[216, 1915, 1024, 1592, 1113]"
3155,"[1705, 1904, 1704, 441, 1761]"
3156,"[1655, 1617, 1192, 292, 1924]"
3157,"[165, 1922, 1897, 102, 1698]"
3158,"[1617, 1924, 926, 1705, 1704]"
3159,"[1617, 926, 1626, 1705, 811]"
3160,"[1617, 292, 1762, 700, 1655]"
3161,"[216, 1143, 645, 1610, 1562]"
3162,"[1617, 1762, 292, 1760, 1758]"
3163,"[1617, 1555, 1705, 1191, 900]"
3164,"[292, 1722, 1762, 171, 1617]"
3165,"[1924, 441, 1636, 478, 1937]"
3166,"[292, 700, 1617, 1762, 1555]"
3167,"[1617, 926, 292, 1655, 1704]"
3168,"[926, 1733, 412, 1608, 1788]"
3169,"[1617, 1762, 292, 1722, 1760]"
3170,"[1617, 1924, 292, 1762, 1761]"
3171,"[441, 1099, 440, 1191, 1144]"
3172,"[292, 440, 1617, 1762, 1758]"
3173,"[1617, 1555, 1655, 1762, 1761]"
3174,"[1567, 1617, 292, 1884, 114]"
3175,"[1924, 1617, 1628, 292, 1722]"
3176,"[1617, 1762, 292, 1758, 1760]"
3177,"[1924, 1655, 464, 749, 1536]"
3178,"[1653, 292, 339, 1762, 1617]"
3179,"[1617, 292, 1762, 1722, 1758]"
3180,"[1924, 1906, 716, 478, 1705]"
3181,"[1617, 1555, 1762, 1924, 1760]"
3182,"[1722, 292, 1617, 1758, 1884]"
3183,"[98, 292, 96, 97, 163]"
3184,"[621, 1555, 1705, 102, 1617]"
3185,"[292, 114, 1037, 1617, 1704]"
3186,"[164, 425, 1713, 441, 1626]"
3187,"[1617, 926, 1125, 1655, 900]"
3188,"[441, 1894, 1412, 1617, 900]"
3189,"[1761, 1567, 1617, 16, 114]"
3190,"[1617, 292, 1884, 1722, 1762]"
3191,"[1617, 292, 1762, 1655, 1555]"
3192,"[1722, 292, 1617, 1562, 673]"
3193,"[1249, 1884, 159, 937, 900]"
3194,"[1617, 1890, 1618, 926, 1705]"
3195,"[441, 997, 98, 1536, 808]"
3196,"[1617, 292, 1758, 1762, 1722]"
3197,"[292, 1071, 1884, 1890, 1617]"
3198,"[441, 1878, 1707, 1513, 1772]"
3199,"[794, 1313, 1746, 4, 1761]"
3200,"[681, 1626, 1705, 887, 1760]"
3201,"[16, 811, 1071, 322, 103]"
3202,"[1172, 126, 659, 1241, 1063]"
3203,"[1071, 1191, 1807, 1704, 1705]"
3204,"[1191, 1746, 1924, 126, 1489]"
3205,"[706, 324, 711, 1191, 704]"
3206,"[1558, 1752, 1518, 1554, 1114]"
3207,"[848, 1705, 1704, 124, 1538]"
3208,"[314, 1705, 1704, 1693, 1412]"
3209,"[1071, 242, 1586, 1588, 1587]"
3210,"[1249, 321, 1588, 1556, 1612]"
3211,"[1071, 1807, 1191, 1705, 1704]"
3212,"[1760, 1705, 1761, 1704, 900]"
3213,"[365, 1587, 1056, 43, 1627]"
3214,"[112, 113, 1191, 291, 432]"
3215,"[1191, 415, 1587, 1904, 1554]"
3216,"[706, 711, 465, 781, 462]"
3217,"[1526, 1905, 1899, 1627, 1705]"
3218,"[1191, 1070, 291, 1760, 1758]"
3219,"[1626, 1538, 1705, 1556, 112]"
3220,"[1191, 1904, 89, 409, 1627]"
3221,"[1626, 681, 1638, 1518, 1531]"
3222,"[681, 409, 1626, 887, 1705]"
3223,"[291, 900, 1746, 1249, 460]"
3224,"[1071, 1191, 1807, 1705, 43]"
3225,"[112, 890, 1070, 1704, 113]"
3226,"[273, 332, 220, 1551, 1649]"
3227,"[1904, 1191, 1890, 1627, 1746]"
3228,"[291, 1746, 1529, 96, 97]"
3229,"[113, 112, 1191, 1533, 1884]"
3230,"[291, 1626, 1533, 1746, 667]"
3231,"[291, 89, 1904, 18, 1538]"
3232,"[291, 1605, 667, 1606, 706]"
3233,"[1191, 112, 1904, 113, 1531]"
3234,"[291, 667, 409, 1890, 1626]"
3235,"[681, 409, 1538, 1705, 887]"
3236,"[1746, 1705, 291, 1704, 1927]"
3237,"[1533, 112, 113, 1626, 1070]"
3238,"[106, 455, 1704, 368, 1032]"
3239,"[321, 440, 1588, 1615, 317]"
3240,"[811, 1071, 1807, 1748, 868]"
3241,"[1705, 1704, 1537, 1629, 1752]"
3242,"[1071, 811, 322, 1927, 365]"
3243,"[1713, 1924, 338, 1655, 1626]"
3244,"[291, 1529, 1899, 1523, 667]"
3245,"[1562, 1531, 1924, 1191, 1904]"
3246,"[1913, 1308, 1924, 1908, 454]"
3247,"[291, 1899, 1905, 1527, 667]"
3248,"[1924, 1904, 1760, 1704, 1761]"
3249,"[1762, 111, 1274, 1273, 1704]"
3250,"[572, 1705, 1704, 1063, 1706]"
3251,"[1924, 663, 1937, 478, 1628]"
3252,"[1924, 890, 112, 1191, 1533]"
3253,"[1924, 1264, 1937, 1761, 1760]"
3254,"[1924, 432, 1705, 1704, 1937]"
3255,"[1924, 1705, 1070, 1937, 1562]"
3256,"[1704, 1924, 1705, 1071, 478]"
3257,"[1913, 1937, 1924, 1705, 111]"
3258,"[1906, 1528, 1533, 291, 112]"
3259,"[1904, 1627, 331, 1910, 409]"
3260,"[1924, 1760, 1761, 1705, 692]"
3261,"[1924, 1191, 1910, 1899, 1904]"
3262,"[1671, 1066, 1907, 1745, 1616]"
3263,"[1191, 1924, 291, 112, 113]"
3264,"[478, 1924, 1908, 1308, 1063]"
3265,"[1924, 1533, 1191, 112, 111]"
3266,"[1910, 1890, 1904, 1598, 1887]"
3267,"[1924, 1562, 1523, 1556, 1191]"
3268,"[291, 1924, 1606, 667, 1761]"
3269,"[1924, 111, 1704, 1705, 641]"
3270,"[112, 113, 1191, 1924, 291]"
3271,"[1704, 1924, 1705, 1071, 114]"
3272,"[572, 1704, 1924, 1705, 1761]"
3273,"[1733, 1908, 478, 109, 1924]"
3274,"[291, 667, 1924, 1761, 1760]"
3275,"[884, 1030, 1899, 1697, 1526]"
3276,"[291, 667, 1924, 1636, 1191]"
3277,"[1191, 1924, 1904, 291, 1533]"
3278,"[1608, 1191, 739, 1815, 1239]"
3279,"[1924, 1713, 1626, 1556, 1916]"
3280,"[1913, 926, 118, 510, 409]"
3281,"[112, 890, 1705, 1704, 1924]"
3282,"[1924, 1760, 1761, 1705, 1904]"
3283,"[291, 1904, 1924, 1191, 667]"
3284,"[1924, 1308, 432, 478, 1704]"
3285,"[1526, 1529, 1527, 1906, 1588]"
3286,"[291, 1924, 667, 1761, 1937]"
3287,"[1902, 1915, 1561, 1552, 97]"
3288,"[1628, 1562, 1553, 782, 216]"
3289,"[1915, 398, 291, 667, 692]"
3290,"[112, 1191, 291, 1070, 16]"
3291,"[114, 125, 1677, 116, 1676]"
3292,"[579, 1924, 588, 590, 587]"
3293,"[1614, 45, 1610, 1188, 1192]"
3294,"[1277, 465, 928, 1705, 1760]"
3295,"[1614, 1610, 1521, 45, 1636]"
3296,"[1191, 1070, 291, 289, 1758]"
3297,"[432, 1704, 1761, 1705, 682]"
3298,"[1533, 1191, 113, 1746, 314]"
3299,"[291, 112, 811, 1523, 113]"
3300,"[1887, 98, 1746, 97, 96]"
3301,"[1704, 1705, 1761, 1760, 1758]"
3302,"[1191, 692, 1726, 693, 1523]"
3303,"[1705, 1704, 1807, 291, 415]"
3304,"[1538, 1626, 1556, 1615, 890]"
3305,"[1028, 1626, 409, 216, 1697]"
3306,"[112, 291, 811, 113, 1523]"
3307,"[291, 1201, 667, 1713, 1746]"
3308,"[291, 125, 1533, 1677, 667]"
3309,"[1761, 1760, 1705, 1758, 1704]"
3310,"[1614, 1636, 809, 216, 45]"
3311,"[291, 1904, 1606, 667, 1890]"
3312,"[102, 1746, 749, 121, 1701]"
3313,"[1191, 112, 890, 113, 1705]"
3314,"[291, 667, 468, 599, 1246]"
3315,"[1614, 1636, 1070, 1610, 783]"
3316,"[1924, 1704, 1562, 682, 1705]"
3317,"[1191, 291, 1070, 113, 112]"
3318,"[1192, 112, 113, 1523, 811]"
3319,"[291, 667, 1708, 1878, 1707]"
3320,"[102, 1746, 98, 96, 97]"
3321,"[1523, 1192, 291, 109, 1277]"
3322,"[341, 414, 761, 1191, 409]"
3323,"[291, 667, 409, 102, 1606]"
3324,"[1204, 708, 216, 782, 432]"
3325,"[4, 1246, 1317, 73, 468]"
3326,"[291, 1677, 1604, 667, 1704]"
3327,"[1191, 109, 1192, 811, 113]"
3328,"[1191, 291, 112, 1070, 113]"
3329,"[112, 890, 1191, 1070, 113]"
3330,"[112, 890, 1770, 113, 1704]"
3331,"[1750, 599, 468, 587, 1704]"
3332,"[1705, 1704, 116, 16, 1915]"
3333,"[1915, 171, 175, 528, 1935]"
3334,"[921, 528, 1507, 1434, 1885]"
3335,"[1884, 1924, 478, 786, 1306]"
3336,"[1828, 1837, 1833, 1821, 1822]"
3337,"[90, 1705, 1704, 1755, 1434]"
3338,"[1924, 478, 787, 926, 1618]"
3339,"[1884, 1258, 1261, 1259, 1298]"
3340,"[1924, 1705, 1204, 1704, 216]"
3341,"[1705, 1760, 1704, 1762, 1758]"
3342,"[1050, 114, 1204, 1020, 283]"
3343,"[1915, 128, 1924, 786, 478]"
3344,"[1924, 1900, 478, 114, 1705]"
3345,"[528, 1434, 1507, 333, 1561]"
3346,"[93, 95, 1612, 1833, 1837]"
3347,"[646, 1878, 1707, 3, 474]"
3348,"[1924, 624, 1937, 528, 1507]"
3349,"[1924, 478, 1705, 1704, 1884]"
3350,"[921, 1885, 528, 1550, 1507]"
3351,"[1915, 216, 1884, 1204, 114]"
3352,"[216, 1064, 1915, 1704, 1705]"
3353,"[1884, 1924, 478, 1677, 921]"
3354,"[1924, 1884, 478, 904, 1704]"
3355,"[1924, 478, 1884, 789, 464]"
3356,"[1811, 1771, 1812, 1764, 1789]"
3357,"[1504, 460, 1937, 667, 1884]"
3358,"[96, 97, 98, 1192, 1924]"
3359,"[126, 1815, 528, 1706, 1507]"
3360,"[1884, 25, 24, 799, 1704]"
3361,"[1704, 1705, 1082, 1733, 907]"
3362,"[1705, 1704, 1434, 528, 1507]"
3363,"[285, 1930, 618, 784, 478]"
3364,"[1561, 333, 528, 1507, 1434]"
3365,"[1755, 361, 1762, 360, 114]"
3366,"[1504, 1704, 553, 1705, 687]"
3367,"[1812, 1863, 1935, 1828, 1901]"
3368,"[892, 1924, 128, 1673, 898]"
3369,"[1113, 1884, 1915, 1385, 368]"
3370,"[528, 1507, 538, 1434, 1511]"
3371,"[478, 1924, 1704, 1760, 1758]"
3372,"[528, 511, 1507, 1434, 1128]"
3373,"[441, 493, 1915, 1368, 787]"
3374,"[291, 1638, 921, 667, 1821]"
3375,"[1705, 1600, 1904, 1043, 819]"
3376,"[1746, 1588, 1904, 1890, 1191]"
3377,"[1924, 1904, 1129, 1727, 478]"
3378,"[478, 1899, 1526, 1924, 1588]"
3379,"[1904, 97, 96, 1890, 1922]"
3380,"[1526, 1922, 1897, 1905, 1627]"
3381,"[1904, 1191, 1890, 1909, 1746]"
3382,"[1526, 113, 1915, 1922, 1897]"
3383,"[1904, 1890, 1704, 43, 1191]"
3384,"[681, 1043, 1564, 1489, 1554]"
3385,"[677, 1900, 1917, 922, 1924]"
3386,"[1904, 1063, 446, 1924, 43]"
3387,"[1185, 778, 1699, 1628, 454]"
3388,"[1904, 1586, 1615, 1903, 1899]"
3389,"[1904, 1705, 925, 1890, 1746]"
3390,"[1904, 1063, 1589, 862, 1697]"
3391,"[1760, 1904, 114, 1704, 1885]"
3392,"[113, 1587, 1533, 890, 1627]"
3393,"[1904, 1191, 1890, 1489, 341]"
3394,"[677, 216, 1611, 1899, 1904]"
3395,"[1620, 1519, 1924, 1191, 434]"
3396,"[1904, 1600, 1191, 1489, 1532]"
3397,"[282, 1904, 1738, 765, 926]"
3398,"[1904, 1191, 1899, 1907, 1924]"
3399,"[1904, 175, 1909, 425, 1890]"
3400,"[1904, 1792, 1733, 1890, 1191]"
3401,"[1904, 1758, 1489, 1532, 1191]"
3402,"[1899, 406, 1935, 407, 1837]"
3403,"[1062, 1041, 1926, 408, 924]"
3404,"[1704, 1904, 1646, 1705, 1114]"
3405,"[1308, 216, 114, 1898, 1582]"
3406,"[1063, 530, 1606, 1705, 1704]"
3407,"[1309, 868, 478, 1916, 1655]"
3408,"[1044, 1863, 1915, 420, 1023]"
3409,"[1915, 677, 1526, 1904, 1529]"
3410,"[478, 937, 159, 919, 496]"
3411,"[1904, 163, 1909, 1890, 1193]"
3412,"[1904, 1607, 1598, 432, 570]"
3413,"[1904, 1705, 1890, 1191, 1887]"
3414,"[1904, 1643, 860, 1114, 1567]"
3415,"[454, 1191, 1704, 114, 455]"
3416,"[1063, 1904, 1762, 1758, 1705]"
3417,"[43, 1071, 1705, 868, 1904]"
3418,"[1904, 1191, 1914, 819, 1890]"
3419,"[1201, 420, 1700, 1320, 1073]"
3420,"[1902, 420, 1757, 1776, 1320]"
3421,"[464, 96, 97, 98, 1701]"
3422,"[1902, 1320, 408, 420, 60]"
3423,"[1902, 408, 1219, 1924, 1552]"
3424,"[164, 1700, 42, 1915, 1368]"
3425,"[1700, 420, 171, 164, 102]"
3426,"[420, 1902, 409, 102, 96]"
3427,"[1902, 1552, 716, 1219, 1040]"
3428,"[1902, 408, 164, 1552, 1776]"
3429,"[1902, 452, 1300, 925, 1705]"
3430,"[716, 98, 1320, 420, 1040]"
3431,"[716, 109, 1029, 1219, 1040]"
3432,"[1924, 925, 1700, 749, 420]"
3433,"[1902, 1219, 1900, 1543, 408]"
3434,"[1915, 409, 212, 124, 1042]"
3435,"[1902, 1552, 1201, 749, 1197]"
3436,"[1902, 1552, 102, 408, 1197]"
3437,"[1902, 1863, 922, 1935, 1828]"
3438,"[1902, 420, 922, 1700, 1552]"
3439,"[97, 96, 102, 749, 409]"
3440,"[1902, 1924, 1700, 408, 793]"
3441,"[102, 409, 98, 96, 97]"
3442,"[171, 1915, 1733, 878, 216]"
3443,"[716, 1073, 171, 1733, 1550]"
3444,"[1902, 409, 1552, 102, 97]"
3445,"[1118, 749, 162, 1670, 1855]"
3446,"[1118, 1197, 409, 749, 96]"
3447,"[1118, 1201, 97, 409, 1197]"
3448,"[98, 1518, 409, 96, 97]"
3449,"[1915, 677, 1135, 493, 1846]"
3450,"[96, 97, 98, 749, 1541]"
3451,"[716, 1040, 1915, 171, 1902]"
3452,"[1320, 864, 126, 894, 162]"
3453,"[97, 96, 98, 749, 1541]"
3454,"[1902, 126, 1540, 102, 1320]"
3455,"[1902, 1552, 97, 96, 408]"
3456,"[1902, 1915, 216, 1552, 1541]"
3457,"[1902, 409, 332, 1889, 102]"
3458,"[1902, 408, 171, 114, 1552]"
3459,"[1626, 124, 116, 408, 1900]"
3460,"[1902, 102, 409, 1776, 1757]"
3461,"[1358, 1368, 1411, 42, 107]"
3462,"[98, 102, 96, 97, 1746]"
3463,"[1935, 430, 1256, 1260, 1705]"
3464,"[1620, 719, 1917, 1520, 1705]"
3465,"[1915, 223, 211, 980, 985]"
3466,"[954, 1052, 935, 216, 1763]"
3467,"[1917, 1924, 1666, 1929, 1604]"
3468,"[1495, 1924, 1260, 1207, 1258]"
3469,"[1659, 1705, 721, 1207, 702]"
3470,"[1915, 478, 1924, 1899, 164]"
3471,"[1900, 1902, 1046, 408, 1917]"
3472,"[357, 1915, 823, 1924, 1299]"
3473,"[1915, 1899, 1526, 1904, 485]"
3474,"[1915, 1899, 216, 823, 1905]"
3475,"[1207, 206, 1299, 1256, 1260]"
3476,"[1543, 1915, 1900, 347, 890]"
3477,"[1915, 1299, 1338, 1369, 964]"
3478,"[1915, 972, 968, 971, 974]"
3479,"[1299, 430, 927, 1935, 441]"
3480,"[1915, 408, 1917, 1900, 1733]"
3481,"[1915, 329, 408, 1001, 216]"
3482,"[1915, 430, 1260, 1256, 1900]"
3483,"[1772, 1704, 452, 1301, 1705]"
3484,"[1915, 1299, 1592, 719, 1085]"
3485,"[677, 376, 1244, 423, 1014]"
3486,"[372, 368, 265, 1205, 1030]"
3487,"[271, 1630, 1649, 1205, 265]"
3488,"[1915, 1526, 165, 1886, 927]"
3489,"[1915, 823, 719, 501, 1338]"
3490,"[1915, 1863, 428, 1906, 430]"
3491,"[1915, 724, 1549, 216, 1777]"
3492,"[736, 206, 729, 732, 1733]"
3493,"[1077, 677, 1135, 1050, 376]"
3494,"[927, 1833, 1837, 430, 1828]"
3495,"[1915, 114, 1610, 1545, 216]"
3496,"[1789, 1792, 1863, 1793, 903]"
3497,"[1917, 408, 1900, 1902, 1536]"
3498,"[216, 1176, 1905, 890, 112]"
3499,"[1915, 1792, 1789, 1790, 1793]"
3500,"[1028, 1556, 1527, 1025, 1627]"
3501,"[1017, 1046, 219, 972, 736]"
3502,"[1905, 1899, 163, 1627, 1025]"
3503,"[1591, 963, 1592, 196, 177]"
3504,"[918, 275, 136, 927, 1299]"
3505,"[1915, 125, 455, 1924, 1676]"
3506,"[1193, 175, 1618, 1649, 924]"
3507,"[1915, 1704, 1924, 1705, 1607]"
3508,"[1042, 886, 455, 349, 1193]"
3509,"[1915, 1902, 1917, 408, 216]"
3510,"[1900, 1915, 1924, 408, 1543]"
3511,"[1915, 1747, 865, 863, 1655]"
3512,"[1861, 371, 1766, 1023, 1764]"
3513,"[1721, 1900, 107, 1757, 1776]"
3514,"[1847, 1845, 1849, 1848, 1837]"
3515,"[1900, 1917, 114, 1760, 1902]"
3516,"[1041, 1861, 1855, 1846, 1863]"
3517,"[1900, 1543, 1561, 1560, 114]"
3518,"[1900, 1902, 1917, 1536, 1543]"
3519,"[1900, 1917, 1902, 114, 606]"
3520,"[1902, 1900, 1917, 1552, 212]"
3521,"[1900, 1792, 1790, 1789, 1791]"
3522,"[1618, 891, 1157, 1555, 1191]"
3523,"[1761, 1902, 1760, 1552, 1191]"
3524,"[1915, 408, 1902, 216, 1917]"
3525,"[1900, 849, 1362, 1781, 1782]"
3526,"[677, 376, 808, 1567, 930]"
3527,"[1543, 1900, 1915, 1775, 101]"
3528,"[1900, 1543, 1915, 1917, 1017]"
3529,"[1906, 760, 364, 885, 608]"
3530,"[1915, 1592, 921, 1025, 408]"
3531,"[1932, 1772, 1758, 1704, 1705]"
3532,"[1900, 296, 1902, 1531, 1552]"
3533,"[1902, 1900, 1543, 1552, 1917]"
3534,"[1915, 1249, 1202, 410, 403]"
3535,"[807, 478, 443, 197, 1077]"
3536,"[1915, 1020, 1704, 1705, 1001]"
3537,"[368, 455, 1617, 1733, 412]"
3538,"[478, 139, 1045, 1055, 1934]"
3539,"[1902, 1863, 1935, 927, 1865]"
3540,"[78, 692, 411, 1561, 453]"
3541,"[1900, 1902, 114, 408, 1917]"
3542,"[1924, 478, 1915, 1704, 1705]"
3543,"[138, 108, 918, 141, 212]"
3544,"[1113, 368, 455, 1555, 1550]"
3545,"[223, 406, 1079, 407, 428]"
3546,"[1636, 1263, 438, 1072, 1586]"
3547,"[1915, 1900, 1602, 1133, 1704]"
3548,"[1704, 1555, 1550, 1491, 1521]"
3549,"[1915, 114, 605, 1071, 216]"
3550,"[1915, 1863, 430, 1299, 1935]"
3551,"[873, 870, 1705, 1709, 73]"
3552,"[1246, 82, 73, 111, 1717]"
3553,"[1366, 446, 1420, 1638, 1067]"
3554,"[1913, 1878, 1707, 456, 1242]"
3555,"[95, 870, 874, 1705, 1463]"
3556,"[1922, 1897, 89, 113, 890]"
3557,"[1615, 677, 376, 1586, 890]"
3558,"[1534, 1044, 1538, 98, 165]"
3559,"[1878, 1707, 24, 1246, 1856]"
3560,"[794, 1251, 1313, 1605, 4]"
3561,"[1024, 1924, 1899, 1905, 1526]"
3562,"[1044, 1746, 1618, 1704, 1775]"
3563,"[1627, 1905, 919, 1924, 165]"
3564,"[22, 14, 40, 5, 806]"
3565,"[1537, 530, 677, 1704, 1903]"
3566,"[135, 1537, 1704, 332, 1705]"
3567,"[1044, 1192, 371, 1537, 98]"
3568,"[873, 1770, 1073, 113, 112]"
3569,"[1556, 1538, 1615, 1193, 1626]"
3570,"[112, 113, 1770, 1070, 890]"
3571,"[1704, 1705, 413, 1770, 113]"
3572,"[62, 1863, 1734, 398, 1014]"
3573,"[1626, 89, 921, 165, 1586]"
3574,"[220, 1556, 1538, 1518, 1908]"
3575,"[291, 667, 29, 1612, 1080]"
3576,"[1795, 95, 1705, 1704, 870]"
3577,"[112, 890, 1191, 113, 1070]"
3578,"[1463, 1795, 1208, 1776, 1757]"
3579,"[1705, 1612, 1762, 1758, 624]"
3580,"[1899, 289, 870, 1705, 1795]"
3581,"[1537, 1063, 1535, 1746, 1618]"
3582,"[291, 1905, 1627, 667, 925]"
3583,"[890, 89, 1615, 29, 1070]"
3584,"[89, 1676, 113, 1196, 1675]"
3585,"[1040, 1618, 862, 1746, 98]"
3586,"[1537, 1903, 1535, 1534, 1538]"
3587,"[1746, 216, 1567, 1905, 1627]"
3588,"[1704, 1795, 1705, 95, 1463]"
3589,"[1044, 1924, 1704, 1538, 1556]"
3590,"[1795, 873, 1924, 1704, 870]"
3591,"[1044, 1705, 1927, 1704, 1612]"
3592,"[1927, 1044, 862, 98, 1697]"
3593,"[1044, 1556, 97, 96, 1537]"
3594,"[62, 1868, 1576, 108, 446]"
3595,"[1893, 1890, 1666, 1548, 344]"
3596,"[1299, 97, 96, 478, 1775]"
3597,"[1807, 1705, 1564, 1556, 1489]"
3598,"[1603, 321, 1787, 97, 96]"
3599,"[440, 442, 1769, 1760, 344]"
3600,"[1713, 1618, 1538, 1697, 1696]"
3601,"[1628, 1137, 686, 1615, 1030]"
3602,"[1893, 164, 1833, 1837, 1828]"
3603,"[1071, 1191, 1890, 1893, 1704]"
3604,"[1761, 1769, 1760, 1704, 1768]"
3605,"[1705, 1704, 1894, 1807, 419]"
3606,"[1041, 410, 1202, 165, 1131]"
3607,"[1890, 885, 1893, 1562, 1626]"
3608,"[1769, 1768, 1775, 1761, 1760]"
3609,"[368, 414, 1014, 276, 925]"
3610,"[406, 89, 407, 1534, 1890]"
3611,"[1561, 78, 1548, 692, 1562]"
3612,"[1713, 681, 1538, 1536, 1676]"
3613,"[1828, 1833, 1837, 1893, 692]"
3614,"[873, 1705, 1704, 1760, 1758]"
3615,"[1768, 1769, 1761, 1760, 1775]"
3616,"[1890, 788, 1929, 919, 1893]"
3617,"[1899, 1627, 1526, 1527, 1905]"
3618,"[926, 885, 919, 1191, 1025]"
3619,"[408, 1344, 1733, 787, 114]"
3620,"[1704, 935, 1618, 1038, 1885]"
3621,"[1617, 176, 174, 931, 934]"
3622,"[89, 1044, 890, 1534, 1760]"
3623,"[1890, 406, 407, 419, 1894]"
3624,"[406, 407, 1697, 419, 1855]"
3625,"[1538, 1040, 1713, 1031, 1039]"
3626,"[1037, 289, 1618, 1033, 935]"
3627,"[1524, 419, 162, 406, 919]"
3628,"[1204, 419, 1024, 406, 407]"
3629,"[1193, 165, 289, 1620, 1556]"
3630,"[1040, 1037, 1031, 1030, 932]"
3631,"[1680, 1032, 1697, 1534, 884]"
3632,"[406, 1909, 1901, 1890, 1666]"
3633,"[1071, 1890, 1704, 1191, 868]"
3634,"[89, 1893, 406, 364, 407]"
3635,"[1039, 1912, 1040, 935, 1890]"
3636,"[1704, 1761, 1618, 106, 1899]"
3637,"[1769, 1768, 1761, 1556, 1534]"
3638,"[1890, 1193, 1032, 89, 289]"
3639,"[1924, 1907, 1761, 1705, 1677]"
3640,"[1191, 1705, 1567, 1704, 1608]"
3641,"[379, 1904, 1747, 116, 60]"
3642,"[1191, 1726, 1705, 1534, 1567]"
3643,"[1915, 1904, 60, 677, 1705]"
3644,"[1726, 1567, 692, 1192, 1705]"
3645,"[1904, 1070, 1705, 116, 1191]"
3646,"[1726, 455, 1523, 1191, 1192]"
3647,"[1704, 1705, 1906, 1610, 1899]"
3648,"[1904, 289, 1890, 1705, 339]"
3649,"[1598, 1705, 1704, 1904, 900]"
3650,"[1704, 1904, 1705, 1746, 1191]"
3651,"[1726, 1192, 114, 692, 1704]"
3652,"[379, 1904, 1705, 1704, 1889]"
3653,"[1904, 1724, 1191, 1705, 1562]"
3654,"[116, 379, 455, 1904, 1191]"
3655,"[106, 1615, 1916, 1926, 868]"
3656,"[1904, 289, 1705, 1191, 1704]"
3657,"[1147, 346, 1191, 1713, 1067]"
3658,"[1915, 1611, 1192, 412, 411]"
3659,"[1890, 1904, 1704, 1705, 1191]"
3660,"[106, 455, 368, 1567, 1904]"
3661,"[1904, 1705, 289, 1704, 1191]"
3662,"[1904, 1899, 1705, 1608, 1704]"
3663,"[1191, 1904, 1704, 1705, 289]"
3664,"[1192, 1662, 692, 1523, 1726]"
3665,"[1705, 1191, 1890, 1567, 1904]"
3666,"[1705, 1704, 1904, 1531, 289]"
3667,"[1904, 1705, 289, 1704, 1768]"
3668,"[114, 1191, 1907, 1726, 116]"
3669,"[1904, 1705, 289, 1704, 1191]"
3670,"[692, 1604, 1726, 1191, 1899]"
3671,"[1192, 1615, 1068, 1904, 1705]"
3672,"[1890, 1636, 1929, 406, 1704]"
3673,"[1904, 1044, 1915, 1705, 1536]"
3674,"[106, 1705, 1191, 1567, 1904]"
3675,"[1904, 1068, 97, 96, 1746]"
3676,"[455, 125, 368, 1928, 412]"
3677,"[1904, 1705, 289, 1704, 1191]"
3678,"[1704, 1904, 1705, 1032, 1890]"
3679,"[289, 1760, 1904, 1705, 1704]"
3680,"[1704, 1705, 289, 1921, 1904]"
3681,"[1705, 1704, 1070, 289, 1762]"
3682,"[1704, 1705, 1904, 1191, 1907]"
3683,"[1046, 286, 219, 1029, 1049]"
3684,"[1065, 136, 1551, 425, 421]"
3685,"[1915, 612, 1900, 455, 1603]"
3686,"[1071, 921, 1202, 410, 102]"
3687,"[420, 1704, 1131, 1608, 1607]"
3688,"[1073, 98, 97, 96, 478]"
3689,"[788, 1742, 1543, 1552, 749]"
3690,"[1131, 1019, 477, 1022, 1904]"
3691,"[452, 1855, 1901, 1617, 1300]"
3692,"[1894, 921, 1033, 159, 937]"
3693,"[74, 1092, 1674, 1705, 1286]"
3694,"[1863, 1828, 1837, 1833, 1260]"
3695,"[1699, 74, 1891, 89, 250]"
3696,"[163, 1658, 1620, 267, 266]"
3697,"[1131, 1088, 1202, 410, 1029]"
3698,"[1320, 1915, 1900, 1704, 1705]"
3699,"[599, 593, 597, 595, 579]"
3700,"[1828, 1837, 1833, 1811, 1812]"
3701,"[1068, 1073, 1704, 1705, 1251]"
3702,"[1863, 1861, 1023, 1003, 232]"
3703,"[222, 1863, 65, 1867, 1836]"
3704,"[1131, 1704, 1607, 425, 1638]"
3705,"[1915, 677, 408, 1607, 749]"
3706,"[1022, 749, 477, 1019, 1131]"
3707,"[1902, 1917, 1619, 1617, 1704]"
3708,"[1704, 368, 1193, 455, 1255]"
3709,"[1704, 1326, 1620, 1884, 1626]"
3710,"[368, 1192, 1121, 309, 1934]"
3711,"[1846, 1861, 1855, 780, 938]"
3712,"[1617, 1915, 1901, 1832, 1836]"
3713,"[838, 1704, 1753, 1757, 1776]"
3714,"[1863, 922, 1828, 1837, 1833]"
3715,"[1131, 1861, 1915, 1029, 618]"
3716,"[1607, 1608, 1157, 1891, 1517]"
3717,"[870, 93, 1072, 1704, 1620]"
3718,"[163, 262, 1861, 1019, 614]"
3719,"[95, 696, 659, 1575, 874]"
3720,"[1704, 1762, 1705, 1758, 1761]"
3721,"[289, 99, 368, 677, 1560]"
3722,"[452, 99, 1828, 1837, 1833]"
3723,"[455, 223, 1193, 688, 412]"
3724,"[1904, 670, 446, 1700, 96]"
3725,"[1704, 1904, 1147, 697, 1043]"
3726,"[1279, 1915, 1066, 618, 868]"
3727,"[1922, 1897, 1389, 530, 1704]"
3728,"[1587, 1627, 89, 1927, 1905]"
3729,"[1705, 1193, 1746, 164, 1927]"
3730,"[1924, 1899, 113, 455, 890]"
3731,"[1922, 1897, 1924, 1526, 1627]"
3732,"[1704, 1922, 1897, 530, 1705]"
3733,"[113, 1899, 1627, 1897, 1922]"
3734,"[1922, 1897, 1526, 166, 1627]"
3735,"[332, 1246, 388, 1640, 18]"
3736,"[677, 1922, 1897, 89, 165]"
3737,"[113, 1193, 89, 1922, 1897]"
3738,"[1567, 1905, 89, 1618, 1704]"
3739,"[1924, 1063, 1400, 1299, 1762]"
3740,"[1905, 1627, 165, 1924, 159]"
3741,"[1071, 927, 1193, 113, 1922]"
3742,"[1063, 1612, 1762, 1758, 903]"
3743,"[113, 1627, 1905, 1587, 1193]"
3744,"[1705, 530, 1704, 1063, 1897]"
3745,"[1924, 1922, 1897, 530, 1704]"
3746,"[163, 1915, 1899, 1627, 1025]"
3747,"[927, 1340, 1922, 1897, 1884]"
3748,"[1587, 113, 1627, 1905, 467]"
3749,"[1627, 1905, 113, 1527, 467]"
3750,"[1922, 1897, 113, 1526, 1899]"
3751,"[1922, 1897, 1627, 1526, 166]"
3752,"[794, 89, 113, 927, 1025]"
3753,"[1160, 1922, 1897, 1155, 1526]"
3754,"[1922, 1897, 927, 1915, 89]"
3755,"[114, 1077, 326, 333, 332]"
3756,"[1907, 89, 1922, 1897, 1526]"
3757,"[1762, 1705, 1620, 1891, 1063]"
3758,"[1899, 1526, 1753, 113, 1588]"
3759,"[1526, 1907, 1924, 1922, 1897]"
3760,"[1567, 1760, 1705, 1704, 1887]"
3761,"[1922, 1897, 89, 530, 1704]"
3762,"[1884, 478, 102, 1924, 1526]"
3763,"[828, 1863, 1897, 1922, 1210]"
3764,"[1627, 1063, 1612, 1762, 1758]"
3765,"[1914, 1063, 49, 792, 905]"
3766,"[1613, 1904, 1191, 1620, 1894]"
3767,"[1598, 1899, 1926, 1907, 341]"
3768,"[1705, 1704, 1894, 1887, 1892]"
3769,"[677, 1899, 1746, 1615, 1192]"
3770,"[1705, 1704, 1255, 1898, 49]"
3771,"[1924, 1705, 1704, 1556, 1523]"
3772,"[165, 1704, 1705, 1733, 1701]"
3773,"[165, 1627, 1905, 164, 1705]"
3774,"[1244, 423, 1705, 1545, 1704]"
3775,"[1713, 1201, 1541, 1628, 97]"
3776,"[1704, 1705, 165, 1713, 1697]"
3777,"[165, 1705, 1704, 1772, 164]"
3778,"[1704, 165, 1705, 164, 1070]"
3779,"[1704, 1705, 165, 1760, 1929]"
3780,"[1924, 165, 98, 1705, 164]"
3781,"[1899, 1066, 1526, 1892, 1606]"
3782,"[1705, 1704, 89, 926, 113]"
3783,"[1705, 1704, 165, 1713, 164]"
3784,"[165, 1705, 1704, 1701, 749]"
3785,"[165, 698, 1704, 1008, 289]"
3786,"[1705, 1924, 1704, 114, 413]"
3787,"[1878, 1707, 1246, 1806, 1708]"
3788,"[1704, 1705, 1070, 1191, 1904]"
3789,"[430, 1828, 1833, 1837, 927]"
3790,"[1704, 1705, 1899, 1526, 113]"
3791,"[1924, 388, 1907, 1176, 1890]"
3792,"[1704, 1705, 1070, 16, 1063]"
3793,"[291, 165, 1705, 1704, 164]"
3794,"[1704, 1705, 291, 1713, 1070]"
3795,"[89, 1073, 1534, 478, 1861]"
3796,"[1704, 1070, 1705, 114, 1610]"
3797,"[926, 1705, 1704, 165, 1073]"
3798,"[165, 1704, 1705, 1924, 1906]"
3799,"[1704, 1705, 165, 164, 1542]"
3800,"[1070, 781, 1895, 165, 1746]"
3801,"[1069, 1775, 819, 165, 1704]"
3802,"[165, 1704, 164, 1025, 1071]"
3803,"[1633, 1145, 1628, 1888, 708]"
3804,"[165, 164, 1705, 1704, 1204]"
3805,"[1704, 164, 1705, 1519, 165]"
3806,"[930, 936, 160, 163, 165]"
3807,"[1705, 1704, 1646, 1746, 1887]"
3808,"[1704, 1705, 165, 1070, 291]"
3809,"[1753, 1755, 1885, 1763, 1754]"
3810,"[165, 1704, 1705, 1713, 164]"
3811,"[164, 1705, 1704, 165, 359]"
3812,"[1705, 1704, 1070, 291, 1545]"
3813,"[1705, 1704, 1915, 884, 291]"
3814,"[1473, 692, 1705, 1704, 289]"
3815,"[1907, 1193, 1914, 368, 89]"
3816,"[1193, 1746, 417, 1875, 455]"
3817,"[1179, 615, 1251, 369, 1355]"
3818,"[1926, 1899, 388, 1922, 1897]"
3819,"[527, 903, 1901, 722, 1659]"
3820,"[1902, 1552, 1900, 1543, 1526]"
3821,"[927, 828, 1592, 1905, 1746]"
3822,"[677, 1704, 1705, 1588, 1762]"
3823,"[1907, 1071, 1898, 457, 426]"
3824,"[1704, 1062, 530, 1705, 896]"
3825,"[1922, 1897, 1033, 166, 165]"
3826,"[1906, 1704, 1705, 1899, 1733]"
3827,"[1907, 1922, 1897, 1630, 1915]"
3828,"[903, 1705, 560, 1780, 1800]"
3829,"[164, 1705, 1704, 165, 1922]"
3830,"[89, 1899, 113, 1733, 412]"
3831,"[1935, 1936, 1922, 1897, 65]"
3832,"[1922, 1897, 1907, 927, 1915]"
3833,"[1772, 1704, 530, 964, 1705]"
3834,"[1922, 1897, 1612, 317, 1899]"
3835,"[1025, 165, 919, 163, 1905]"
3836,"[165, 1905, 89, 1025, 1193]"
3837,"[927, 63, 430, 65, 290]"
3838,"[1922, 1897, 1526, 927, 903]"
3839,"[1526, 1899, 1922, 1897, 1618]"
3840,"[89, 1627, 1915, 1905, 165]"
3841,"[1193, 933, 89, 1885, 930]"
3842,"[1922, 1897, 89, 165, 1907]"
3843,"[1922, 1897, 1705, 1704, 1587]"
3844,"[42, 1772, 594, 1368, 402]"
3845,"[1922, 1897, 89, 935, 113]"
3846,"[1922, 1897, 113, 1193, 1618]"
3847,"[1926, 530, 1915, 1704, 1063]"
3848,"[1170, 739, 1163, 1727, 1705]"
3849,"[1907, 1915, 165, 89, 164]"
3850,"[430, 1261, 1256, 1659, 1299]"
3851,"[1922, 1897, 1526, 1907, 1905]"
3852,"[1907, 89, 165, 1899, 1627]"
3853,"[163, 164, 1316, 361, 1025]"
3854,"[1907, 1168, 7, 1697, 1251]"
3855,"[1922, 1897, 1526, 478, 1676]"
3856,"[739, 1733, 120, 1922, 1897]"
3857,"[868, 1904, 1001, 1748, 1922]"
3858,"[1062, 1901, 361, 1263, 1202]"
3859,"[102, 98, 1201, 793, 749]"
3860,"[73, 4, 1246, 111, 1317]"
3861,"[73, 1541, 1555, 1887, 749]"
3862,"[1704, 1537, 1705, 171, 291]"
3863,"[1904, 124, 1316, 18, 1670]"
3864,"[1700, 1915, 126, 216, 420]"
3865,"[1878, 1707, 73, 468, 413]"
3866,"[1704, 1705, 1760, 1762, 1073]"
3867,"[171, 1701, 1670, 1199, 1887]"
3868,"[1786, 862, 1670, 1603, 606]"
3869,"[171, 1550, 384, 956, 1076]"
3870,"[4, 1670, 1701, 749, 1887]"
3871,"[606, 216, 1156, 1786, 862]"
3872,"[1878, 1707, 1772, 1513, 1742]"
3873,"[1320, 420, 1628, 1700, 1540]"
3874,"[1520, 1742, 1541, 1553, 1929]"
3875,"[793, 1541, 749, 637, 96]"
3876,"[73, 1887, 1541, 793, 749]"
3877,"[1705, 1826, 1704, 667, 512]"
3878,"[103, 1705, 1807, 1704, 1071]"
3879,"[73, 1742, 111, 480, 403]"
3880,"[1937, 1320, 1705, 1704, 73]"
3881,"[1746, 98, 1887, 749, 1536]"
3882,"[903, 73, 282, 468, 111]"
3883,"[1742, 1519, 1520, 1552, 1543]"
3884,"[4, 73, 1317, 1246, 282]"
3885,"[171, 1910, 903, 1670, 73]"
3886,"[1701, 73, 1246, 413, 1006]"
3887,"[677, 1792, 1855, 1790, 1789]"
3888,"[628, 1761, 1149, 1768, 281]"
3889,"[802, 1864, 1878, 1707, 73]"
3890,"[1746, 938, 102, 1821, 1822]"
3891,"[98, 97, 96, 102, 1746]"
3892,"[409, 1746, 1541, 97, 96]"
3893,"[1611, 1746, 121, 1563, 466]"
3894,"[171, 1560, 216, 1915, 1197]"
3895,"[749, 420, 65, 862, 171]"
3896,"[794, 4, 1313, 793, 749]"
3897,"[594, 118, 1091, 1772, 361]"
3898,"[1887, 1670, 904, 794, 1199]"
3899,"[118, 594, 533, 1091, 361]"
3900,"[893, 1770, 885, 480, 1428]"
3901,"[159, 937, 496, 1748, 171]"
3902,"[927, 1837, 1833, 1828, 1573]"
3903,"[1704, 1705, 1626, 425, 848]"
3904,"[1193, 1155, 1909, 1029, 1556]"
3905,"[1526, 1828, 1837, 1833, 290]"
3906,"[677, 113, 89, 890, 1847]"
3907,"[97, 96, 1655, 159, 937]"
3908,"[1924, 1534, 89, 165, 890]"
3909,"[1029, 1704, 1771, 171, 164]"
3910,"[1040, 1193, 1026, 1043, 1924]"
3911,"[1193, 1029, 1026, 1202, 165]"
3912,"[403, 885, 1704, 1705, 1752]"
3913,"[1059, 926, 1041, 1626, 1556]"
3914,"[89, 1299, 398, 1023, 1077]"
3915,"[289, 1894, 956, 1044, 870]"
3916,"[1029, 1055, 928, 1620, 165]"
3917,"[1850, 1851, 1844, 1885, 425]"
3918,"[1752, 1701, 1670, 1772, 1023]"
3919,"[1029, 716, 216, 1040, 926]"
3920,"[1025, 1672, 169, 677, 1036]"
3921,"[1924, 1040, 1026, 620, 470]"
3922,"[405, 164, 1029, 1909, 1193]"
3923,"[1713, 1848, 1845, 1849, 1850]"
3924,"[1073, 1041, 1202, 410, 1029]"
3925,"[637, 663, 664, 643, 642]"
3926,"[290, 121, 1118, 1696, 866]"
3927,"[169, 1193, 1040, 1025, 1893]"
3928,"[166, 1704, 165, 928, 1705]"
3929,"[1586, 164, 169, 1672, 1025]"
3930,"[165, 1202, 410, 1029, 1034]"
3931,"[1193, 165, 1029, 1202, 410]"
3932,"[934, 175, 164, 174, 167]"
3933,"[1776, 1757, 1704, 98, 1626]"
3934,"[478, 1924, 1193, 1040, 175]"
3935,"[1146, 1924, 1168, 355, 432]"
3936,"[1040, 1202, 410, 1029, 165]"
3937,"[1655, 1885, 1193, 1704, 1705]"
3938,"[1458, 1586, 698, 102, 1890]"
3939,"[165, 1026, 169, 1193, 1040]"
3940,"[428, 1928, 1070, 1822, 1821]"
3941,"[1626, 1534, 1538, 89, 1586]"
3942,"[175, 677, 164, 1040, 165]"
3943,"[1176, 1821, 1713, 1822, 1837]"
3944,"[1041, 849, 1193, 1040, 1029]"
3945,"[1924, 166, 159, 937, 928]"
3946,"[1815, 1040, 1193, 1817, 1816]"
3947,"[1666, 719, 990, 730, 738]"
3948,"[1666, 719, 1046, 1649, 286]"
3949,"[1520, 1041, 1554, 1556, 1279]"
3950,"[206, 289, 1590, 1776, 1757]"
3951,"[1666, 719, 1649, 286, 59]"
3952,"[1915, 1027, 902, 1649, 122]"
3953,"[823, 1649, 725, 728, 1191]"
3954,"[1042, 1666, 1029, 211, 159]"
3955,"[1042, 1046, 1666, 1873, 1836]"
3956,"[1915, 1620, 1704, 1193, 1705]"
3957,"[1042, 159, 937, 1825, 921]"
3958,"[1666, 1649, 165, 1042, 1906]"
3959,"[1915, 1590, 1592, 1901, 1617]"
3960,"[1511, 969, 357, 976, 972]"
3961,"[1032, 938, 925, 935, 735]"
3962,"[1836, 1832, 1873, 1704, 1752]"
3963,"[1026, 885, 1054, 286, 1030]"
3964,"[1666, 1046, 403, 1649, 408]"
3965,"[1042, 1415, 921, 159, 937]"
3966,"[902, 408, 1590, 1299, 1202]"
3967,"[1836, 1873, 1832, 1828, 1833]"
3968,"[1915, 823, 972, 969, 737]"
3969,"[719, 203, 989, 271, 211]"
3970,"[97, 96, 1818, 1819, 1820]"
3971,"[362, 361, 1159, 316, 432]"
3972,"[1666, 719, 1649, 1046, 165]"
3973,"[1915, 165, 1154, 1026, 1030]"
3974,"[1836, 1873, 1861, 1855, 398]"
3975,"[719, 1666, 1046, 1592, 1590]"
3976,"[1855, 1792, 1928, 1861, 1591]"
3977,"[1590, 885, 1026, 1042, 1049]"
3978,"[1666, 823, 1649, 731, 736]"
3979,"[1083, 1733, 1792, 412, 1788]"
3980,"[1079, 823, 1302, 824, 358]"
3981,"[1915, 1666, 1042, 1704, 1030]"
3982,"[1620, 1809, 1705, 1704, 1885]"
3983,"[1053, 1079, 1635, 1775, 1617]"
3984,"[1030, 1915, 1906, 1528, 1916]"
3985,"[165, 1915, 410, 1202, 1900]"
3986,"[1704, 1705, 1560, 333, 460]"
3987,"[1026, 1046, 1832, 1704, 1873]"
3988,"[1202, 410, 1029, 1772, 1040]"
3989,"[1915, 1193, 1073, 959, 952]"
3990,"[1915, 677, 1255, 376, 930]"
3991,"[1915, 1299, 1620, 1666, 1906]"
3992,"[823, 1666, 692, 737, 738]"
3993,"[1025, 18, 125, 1906, 1618]"
3994,"[1924, 1677, 1915, 165, 1029]"
3995,"[1260, 1677, 1929, 1935, 1256]"
3996,"[728, 724, 223, 738, 902]"
3997,"[1055, 1042, 1916, 165, 1049]"
3998,"[1204, 1133, 848, 1705, 212]"
3999,"[823, 1135, 1666, 1872, 738]"
4000,"[1915, 1906, 926, 1299, 430]"
4001,"[1733, 408, 1792, 1590, 1906]"
4002,"[1043, 1051, 1620, 1060, 1659]"
4003,"[1148, 885, 1659, 1704, 1885]"
4004,"[1915, 1299, 1906, 430, 497]"
4005,"[1055, 212, 478, 1052, 1046]"
4006,"[1042, 1043, 1592, 1590, 1048]"
4007,"[954, 138, 216, 212, 136]"
4008,"[1704, 1659, 1733, 1705, 1696]"
4009,"[335, 1704, 784, 692, 681]"
4010,"[289, 823, 89, 1135, 478]"
4011,"[1043, 34, 1054, 1359, 936]"
4012,"[1321, 256, 1590, 1297, 1592]"
4013,"[1915, 1066, 1030, 1618, 165]"
4014,"[996, 1733, 1788, 1792, 412]"
4015,"[1825, 1030, 97, 96, 1029]"
4016,"[1742, 1042, 1924, 1590, 478]"
4017,"[89, 160, 1915, 158, 157]"
4018,"[1055, 1205, 980, 1590, 982]"
4019,"[1592, 1590, 1935, 1924, 1863]"
4020,"[1299, 1924, 1321, 1549, 898]"
4021,"[1915, 1676, 89, 1677, 1675]"
4022,"[219, 1075, 1592, 1061, 1918]"
4023,"[692, 1713, 1458, 688, 470]"
4024,"[1130, 1077, 396, 618, 1900]"
4025,"[1721, 212, 373, 51, 1705]"
4026,"[1344, 365, 28, 1083, 1705]"
4027,"[1902, 485, 1592, 1590, 1900]"
4028,"[725, 1073, 136, 972, 1040]"
4029,"[928, 165, 1025, 163, 159]"
4030,"[1915, 216, 1903, 1135, 1640]"
4031,"[197, 1924, 1911, 1618, 1248]"
4032,"[1924, 1915, 478, 1192, 1610]"
4033,"[1302, 73, 309, 468, 403]"
4034,"[1248, 1678, 113, 1676, 1677]"
4035,"[926, 1936, 1277, 1659, 1906]"
4036,"[1760, 1704, 1916, 103, 1705]"
4037,"[1690, 1301, 1906, 1873, 1836]"
4038,"[1025, 159, 937, 921, 919]"
4039,"[1705, 1704, 677, 1825, 1935]"
4040,"[377, 265, 1035, 1626, 341]"
4041,"[1936, 1861, 1863, 1836, 1764]"
4042,"[919, 1025, 165, 926, 159]"
4043,"[677, 376, 1920, 1885, 1786]"
4044,"[1526, 1528, 1906, 1899, 919]"
4045,"[1906, 1030, 1916, 1928, 1528]"
4046,"[926, 1620, 1705, 1704, 900]"
4047,"[677, 1906, 1915, 1705, 1825]"
4048,"[1904, 1255, 1915, 1924, 1704]"
4049,"[1049, 677, 271, 728, 732]"
4050,"[1915, 114, 1792, 677, 1790]"
4051,"[446, 1321, 219, 1059, 1251]"
4052,"[1915, 165, 171, 919, 934]"
4053,"[1906, 1705, 1025, 926, 403]"
4054,"[1148, 924, 371, 624, 265]"
4055,"[1936, 1618, 1255, 926, 1617]"
4056,"[1892, 1792, 1788, 1936, 1791]"
4057,"[166, 1886, 1193, 1529, 1028]"
4058,"[1906, 1928, 1193, 1030, 1588]"
4059,"[914, 1936, 371, 1295, 926]"
4060,"[765, 677, 1670, 425, 930]"
4061,"[377, 165, 926, 1025, 919]"
4062,"[1086, 1906, 1928, 1916, 1528]"
4063,"[1936, 926, 1598, 1618, 1191]"
4064,"[926, 430, 1906, 1863, 1836]"
4065,"[1025, 98, 919, 159, 937]"
4066,"[1905, 1193, 164, 165, 919]"
4067,"[1936, 1752, 403, 1704, 1906]"
4068,"[1906, 1086, 1928, 1302, 1255]"
4069,"[677, 1192, 1863, 1610, 1915]"
4070,"[1321, 1752, 1670, 765, 758]"
4071,"[1906, 1919, 1916, 1832, 1920]"
4072,"[823, 1029, 1915, 1046, 1043]"
4073,"[1558, 926, 1885, 289, 1752]"
4074,"[377, 265, 1035, 1906, 765]"
4075,"[1906, 1588, 1916, 1528, 926]"
4076,"[1626, 1183, 1761, 1518, 1704]"
4077,"[1885, 1142, 1059, 219, 1755]"
4078,"[1043, 1906, 1936, 1915, 1704]"
4079,"[1033, 927, 1193, 1587, 1034]"
4080,"[737, 732, 729, 150, 719]"
4081,"[1789, 1788, 1733, 1787, 1786]"
4082,"[1760, 1063, 959, 1761, 1067]"
4083,"[1050, 408, 1915, 216, 164]"
4084,"[1788, 1758, 1704, 1733, 1612]"
4085,"[1033, 1193, 1030, 1025, 937]"
4086,"[1063, 423, 1244, 147, 28]"
4087,"[140, 913, 146, 145, 960]"
4088,"[927, 164, 924, 371, 1828]"
4089,"[274, 275, 136, 1016, 276]"
4090,"[368, 862, 455, 1733, 1675]"
4091,"[1587, 1704, 1905, 1705, 165]"
4092,"[211, 1705, 1809, 419, 1651]"
4093,"[862, 1549, 927, 1670, 938]"
4094,"[1704, 1705, 164, 1193, 1034]"
4095,"[737, 216, 408, 972, 1733]"
4096,"[719, 1338, 1704, 736, 724]"
4097,"[1789, 1788, 1884, 1786, 1063]"
4098,"[1617, 442, 978, 1901, 1659]"
4099,"[927, 164, 1193, 1001, 1033]"
4100,"[1033, 1193, 1029, 1733, 165]"
4101,"[1789, 1733, 1788, 412, 1787]"
4102,"[927, 1742, 63, 1454, 65]"
4103,"[408, 1139, 1787, 1017, 1733]"
4104,"[368, 216, 862, 1915, 1157]"
4105,"[1193, 1025, 165, 164, 175]"
4106,"[1063, 739, 368, 1039, 862]"
4107,"[737, 206, 207, 408, 719]"
4108,"[1033, 1063, 927, 924, 175]"
4109,"[1649, 1909, 1608, 412, 1193]"
4110,"[214, 255, 967, 972, 53]"
4111,"[1915, 1902, 408, 927, 1935]"
4112,"[1035, 1050, 737, 1033, 1789]"
4113,"[1033, 959, 1035, 1733, 89]"
4114,"[736, 1063, 145, 915, 149]"
4115,"[1029, 1033, 1915, 1193, 408]"
4116,"[1915, 1587, 925, 1627, 1001]"
4117,"[151, 969, 1704, 408, 190]"
4118,"[1277, 1638, 151, 350, 198]"
4119,"[1705, 1704, 1618, 1890, 1752]"
4120,"[959, 408, 1733, 908, 737]"
4121,"[1917, 408, 1900, 1193, 1902]"
4122,"[1637, 139, 1458, 350, 1638]"
4123,"[1915, 1924, 670, 620, 470]"
4124,"[1915, 1924, 1704, 97, 96]"
4125,"[1197, 159, 937, 1884, 1592]"
4126,"[885, 358, 1043, 1617, 1026]"
4127,"[408, 1915, 1606, 18, 1041]"
4128,"[1915, 1438, 1299, 430, 1906]"
4129,"[1680, 1045, 210, 1911, 1050]"
4130,"[1591, 1045, 1042, 1193, 124]"
4131,"[1042, 1591, 1045, 1592, 1590]"
4132,"[1900, 1902, 408, 1916, 1591]"
4133,"[159, 937, 165, 164, 924]"
4134,"[1042, 927, 1924, 1630, 212]"
4135,"[125, 1915, 1630, 212, 165]"
4136,"[213, 28, 24, 125, 1875]"
4137,"[927, 1828, 1936, 1935, 1457]"
4138,"[1915, 478, 1733, 1792, 455]"
4139,"[419, 1757, 1776, 1888, 1779]"
4140,"[1902, 1917, 1042, 1900, 1552]"
4141,"[1915, 624, 1591, 216, 1592]"
4142,"[1915, 1907, 1042, 1299, 128]"
4143,"[1721, 927, 1863, 1299, 1828]"
4144,"[1902, 408, 1591, 114, 1900]"
4145,"[1915, 1045, 618, 1050, 1929]"
4146,"[159, 937, 1042, 1193, 164]"
4147,"[677, 1924, 376, 1592, 1590]"
4148,"[1043, 1154, 1924, 796, 1680]"
4149,"[1900, 408, 216, 1902, 1592]"
4150,"[1030, 1560, 1561, 1042, 1592]"
4151,"[927, 1027, 670, 1031, 1912]"
4152,"[165, 921, 1617, 1924, 249]"
4153,"[1042, 921, 926, 164, 165]"
4154,"[1915, 618, 1929, 1536, 408]"
4155,"[1591, 1045, 1592, 1619, 1901]"
4156,"[165, 1676, 1026, 1248, 1135]"
4157,"[1370, 1592, 1915, 490, 1929]"
4158,"[1915, 1591, 677, 1592, 1045]"
4159,"[885, 1216, 1919, 1590, 1043]"
4160,"[1560, 1649, 1704, 1079, 327]"
4161,"[1773, 825, 938, 454, 1705]"
4162,"[1048, 1606, 1906, 212, 478]"
4163,"[419, 1536, 406, 407, 162]"
4164,"[1193, 1915, 1924, 1536, 455]"
4165,"[1915, 1027, 1344, 114, 359]"
4166,"[1915, 1042, 1536, 1620, 1591]"
4167,"[1592, 1929, 1014, 1590, 55]"
4168,"[1014, 1406, 1929, 1458, 1592]"
4169,"[1163, 1704, 1231, 1705, 55]"
4170,"[1915, 1894, 113, 125, 1676]"
4171,"[1014, 1012, 1191, 1637, 692]"
4172,"[1014, 1592, 1590, 1511, 1929]"
4173,"[1896, 1611, 1192, 1606, 1929]"
4174,"[1723, 1513, 542, 1134, 1526]"
4175,"[1138, 67, 1046, 1649, 1592]"
4176,"[1924, 698, 1934, 1592, 1899]"
4177,"[1592, 1885, 1406, 1340, 1389]"
4178,"[1033, 1193, 1592, 1929, 1042]"
4179,"[1046, 1628, 785, 1182, 1116]"
4180,"[1517, 1608, 1205, 1607, 1592]"
4181,"[1592, 1828, 1935, 1590, 1837]"
4182,"[692, 1592, 1251, 48, 1704]"
4183,"[1014, 1586, 1607, 1929, 427]"
4184,"[1929, 1592, 1590, 1014, 216]"
4185,"[1929, 1592, 1490, 1863, 927]"
4186,"[869, 877, 882, 880, 879]"
4187,"[1723, 1704, 1705, 1592, 1758]"
4188,"[1705, 543, 1014, 1511, 1490]"
4189,"[1014, 1929, 511, 114, 1704]"
4190,"[1915, 1900, 1902, 216, 1592]"
4191,"[1193, 886, 1042, 1894, 1613]"
4192,"[796, 1705, 427, 1043, 1704]"
4193,"[1042, 1915, 408, 1049, 359]"
4194,"[408, 1924, 125, 455, 1788]"
4195,"[543, 1929, 1014, 1705, 89]"
4196,"[1608, 1042, 1924, 1607, 886]"
4197,"[604, 361, 1592, 823, 788]"
4198,"[1929, 1592, 926, 455, 1733]"
4199,"[265, 1929, 1592, 261, 1607]"
4200,"[1915, 1924, 165, 1598, 125]"
4201,"[1607, 1608, 1014, 1157, 1517]"
4202,"[862, 368, 1014, 1592, 812]"
4203,"[1612, 1914, 1898, 426, 1730]"
4204,"[1193, 164, 1704, 1705, 1042]"
4205,"[796, 1042, 1043, 1590, 1873]"
4206,"[1784, 157, 155, 158, 1875]"
4207,"[1929, 377, 1592, 287, 408]"
4208,"[1608, 1607, 543, 1014, 885]"
4209,"[677, 164, 165, 1042, 1915]"
4210,"[1592, 1915, 371, 1929, 441]"
4211,"[1055, 1632, 259, 980, 1052]"
4212,"[222, 1836, 927, 1828, 1833]"
4213,"[1809, 1055, 933, 1705, 1193]"
4214,"[919, 165, 925, 164, 928]"
4215,"[933, 1055, 1809, 1705, 1193]"
4216,"[1811, 1924, 1706, 1750, 1815]"
4217,"[1055, 259, 1049, 982, 211]"
4218,"[1358, 1704, 1902, 1705, 408]"
4219,"[928, 925, 931, 174, 175]"
4220,"[1915, 968, 1863, 209, 1659]"
4221,"[1809, 933, 1873, 1836, 1832]"
4222,"[1915, 408, 1900, 216, 1042]"
4223,"[1809, 1873, 1836, 1832, 933]"
4224,"[1055, 259, 1049, 982, 211]"
4225,"[408, 261, 125, 267, 266]"
4226,"[862, 886, 368, 1697, 455]"
4227,"[1055, 1495, 245, 261, 925]"
4228,"[1055, 245, 1495, 925, 165]"
4229,"[1049, 1928, 1918, 1030, 1836]"
4230,"[1055, 259, 998, 980, 1672]"
4231,"[1299, 575, 259, 211, 1055]"
4232,"[1053, 978, 74, 1838, 1842]"
4233,"[933, 1617, 74, 1053, 1873]"
4234,"[1055, 1924, 1495, 972, 1584]"
4235,"[1809, 1435, 1358, 1486, 1446]"
4236,"[1935, 1828, 1833, 1837, 261]"
4237,"[1077, 1047, 408, 219, 969]"
4238,"[261, 268, 1705, 1704, 230]"
4239,"[261, 1053, 267, 266, 239]"
4240,"[933, 1193, 164, 1495, 1705]"
4241,"[1858, 1047, 523, 1421, 261]"
4242,"[259, 1317, 1488, 837, 1511]"
4243,"[408, 1715, 222, 1049, 1055]"
4244,"[862, 368, 1038, 455, 405]"
4245,"[1053, 1929, 1030, 1697, 261]"
4246,"[1055, 259, 442, 211, 213]"
4247,"[1055, 403, 1919, 1666, 1918]"
4248,"[1055, 211, 259, 1049, 982]"
4249,"[245, 1495, 1055, 1752, 925]"
4250,"[1486, 165, 919, 1873, 1836]"
4251,"[1055, 1048, 259, 216, 1915]"
4252,"[1742, 1055, 150, 1205, 271]"
4253,"[403, 1077, 1733, 1630, 441]"
4254,"[957, 1316, 1754, 136, 143]"
4255,"[1915, 1193, 1548, 1536, 1545]"
4256,"[1915, 1888, 216, 1666, 1046]"
4257,"[1302, 1836, 1832, 1825, 1873]"
4258,"[847, 1666, 51, 1863, 1590]"
4259,"[1705, 1704, 824, 1904, 737]"
4260,"[1026, 1079, 969, 976, 728]"
4261,"[1915, 408, 216, 930, 122]"
4262,"[159, 937, 938, 1042, 921]"
4263,"[1666, 1900, 1915, 1902, 408]"
4264,"[1666, 990, 1042, 719, 1756]"
4265,"[885, 543, 1705, 1704, 1026]"
4266,"[159, 937, 1042, 175, 921]"
4267,"[1649, 286, 677, 1906, 122]"
4268,"[1915, 1030, 1900, 1809, 1080]"
4269,"[1836, 1906, 1863, 1935, 1929]"
4270,"[1612, 1666, 1030, 1915, 437]"
4271,"[624, 303, 1666, 1915, 1598]"
4272,"[1026, 1511, 1508, 1509, 1659]"
4273,"[1626, 1666, 1030, 1915, 1027]"
4274,"[1026, 1666, 1046, 1756, 1042]"
4275,"[1915, 216, 408, 1902, 1590]"
4276,"[1079, 1248, 412, 612, 114]"
4277,"[1915, 402, 42, 1659, 216]"
4278,"[885, 728, 969, 976, 1757]"
4279,"[1825, 1560, 1704, 1705, 1299]"
4280,"[1933, 1061, 1207, 1915, 1592]"
4281,"[1590, 1915, 271, 206, 972]"
4282,"[1855, 677, 1861, 1832, 232]"
4283,"[452, 1915, 677, 1667, 823]"
4284,"[1026, 1046, 1042, 1915, 408]"
4285,"[1766, 1027, 270, 271, 1906]"
4286,"[885, 1832, 1026, 212, 1873]"
4287,"[543, 1705, 969, 976, 559]"
4288,"[921, 1042, 1046, 286, 1026]"
4289,"[1042, 1055, 1046, 1026, 1029]"
4290,"[1915, 677, 165, 1025, 1590]"
4291,"[1705, 1704, 885, 1043, 1753]"
4292,"[1915, 1193, 163, 1025, 1916]"
4293,"[1077, 1863, 1298, 1828, 1833]"
4294,"[1666, 1649, 1030, 719, 1046]"
4295,"[885, 1205, 1591, 271, 976]"
4296,"[1915, 677, 1666, 1620, 420]"
4297,"[1026, 903, 1612, 823, 1776]"
4298,"[1900, 1917, 327, 1666, 1649]"
4299,"[616, 1721, 1136, 607, 7]"
4300,"[430, 1549, 1935, 1528, 1863]"
4301,"[616, 1134, 618, 485, 1758]"
4302,"[1608, 1704, 1157, 1705, 126]"
4303,"[777, 783, 630, 1317, 111]"
4304,"[1704, 1884, 1705, 1191, 1562]"
4305,"[1642, 887, 258, 681, 1721]"
4306,"[102, 692, 1893, 1890, 1567]"
4307,"[126, 739, 659, 814, 216]"
4308,"[324, 102, 1704, 1191, 1760]"
4309,"[1924, 1070, 1523, 478, 1906]"
4310,"[1904, 1607, 18, 1599, 1316]"
4311,"[1705, 1704, 1192, 1662, 689]"
4312,"[1902, 1900, 408, 114, 1917]"
4313,"[1242, 1705, 403, 1006, 1317]"
4314,"[1567, 688, 677, 361, 1249]"
4315,"[1773, 1314, 368, 1050, 47]"
4316,"[1705, 1704, 686, 447, 1273]"
4317,"[478, 1924, 1076, 807, 1077]"
4318,"[1884, 1562, 432, 1704, 1191]"
4319,"[1900, 1902, 1704, 408, 1543]"
4320,"[1249, 900, 1924, 478, 783]"
4321,"[440, 1191, 777, 783, 692]"
4322,"[114, 116, 445, 1248, 887]"
4323,"[689, 335, 678, 683, 1704]"
4324,"[1187, 652, 1030, 1148, 1074]"
4325,"[1121, 700, 686, 887, 1115]"
4326,"[1704, 258, 673, 1705, 1133]"
4327,"[1924, 1611, 478, 1704, 1610]"
4328,"[357, 1906, 1696, 719, 1697]"
4329,"[1929, 1705, 1704, 1890, 1442]"
4330,"[1562, 461, 1884, 708, 1705]"
4331,"[1924, 1760, 1937, 1191, 409]"
4332,"[275, 273, 277, 279, 274]"
4333,"[1599, 657, 1050, 114, 1888]"
4334,"[440, 1191, 1875, 692, 324]"
4335,"[1884, 1562, 1704, 1760, 1722]"
4336,"[1924, 1705, 1906, 885, 1704]"
4337,"[1147, 1281, 291, 1064, 616]"
4338,"[1908, 1760, 1636, 258, 787]"
4339,"[361, 1562, 790, 1773, 163]"
4340,"[1704, 1705, 1273, 447, 693]"
4341,"[1248, 219, 1130, 996, 1698]"
4342,"[1581, 691, 216, 1915, 641]"
4343,"[333, 324, 319, 1521, 528]"
4344,"[1896, 585, 586, 577, 592]"
4345,"[922, 1935, 1833, 1837, 1828]"
4346,"[1145, 333, 1639, 46, 128]"
4347,"[677, 376, 360, 1705, 85]"
4348,"[1704, 1705, 126, 794, 46]"
4349,"[163, 1462, 1752, 126, 903]"
4350,"[1902, 1552, 1543, 408, 114]"
4351,"[114, 1155, 113, 320, 89]"
4352,"[1894, 1155, 281, 1824, 1890]"
4353,"[1700, 1902, 1705, 1704, 637]"
4354,"[1705, 1246, 1704, 126, 281]"
4355,"[171, 165, 89, 113, 1538]"
4356,"[274, 447, 1273, 361, 377]"
4357,"[629, 1100, 409, 335, 102]"
4358,"[1670, 98, 1915, 1547, 216]"
4359,"[98, 409, 1746, 97, 96]"
4360,"[658, 793, 102, 1543, 1192]"
4361,"[665, 658, 629, 281, 1155]"
4362,"[281, 277, 1165, 443, 276]"
4363,"[281, 1559, 1615, 1538, 1192]"
4364,"[1924, 1705, 216, 46, 1704]"
4365,"[1786, 862, 277, 1603, 606]"
4366,"[1313, 102, 793, 98, 1628]"
4367,"[1560, 273, 171, 1561, 276]"
4368,"[1313, 1541, 409, 1628, 793]"
4369,"[1902, 925, 171, 1700, 102]"
4370,"[296, 665, 1030, 1915, 1711]"
4371,"[1902, 1670, 1887, 666, 654]"
4372,"[1902, 793, 1863, 749, 1541]"
4373,"[1201, 98, 866, 1746, 1700]"
4374,"[629, 665, 102, 658, 409]"
4375,"[1073, 677, 1560, 1885, 1887]"
4376,"[1192, 114, 890, 1696, 1676]"
4377,"[959, 267, 266, 239, 238]"
4378,"[1655, 43, 44, 1704, 320]"
4379,"[658, 665, 875, 1889, 1670]"
4380,"[290, 1925, 281, 1675, 1911]"
4381,"[171, 409, 1155, 102, 1885]"
4382,"[1863, 927, 1411, 1935, 1592]"
4383,"[665, 1705, 1704, 1826, 510]"
4384,"[1705, 1554, 1733, 703, 1704]"
4385,"[1144, 164, 1639, 333, 1145]"
4386,"[528, 1507, 333, 92, 707]"
4387,"[865, 1747, 863, 1050, 739]"
4388,"[1878, 1707, 12, 802, 1246]"
4389,"[865, 863, 1747, 314, 313]"
4390,"[863, 865, 1747, 118, 422]"
4391,"[1923, 314, 1747, 863, 313]"
4392,"[637, 651, 653, 657, 654]"
4393,"[1923, 865, 863, 1747, 118]"
4394,"[284, 720, 265, 1154, 171]"
4395,"[1923, 1915, 528, 1507, 314]"
4396,"[863, 1747, 865, 314, 242]"
4397,"[863, 1747, 1923, 865, 749]"
4398,"[863, 1747, 865, 59, 1923]"
4399,"[28, 452, 478, 98, 125]"
4400,"[1923, 314, 864, 216, 118]"
4401,"[1115, 528, 314, 1507, 1695]"
4402,"[1747, 863, 865, 1598, 1608]"
4403,"[118, 1541, 749, 1923, 1887]"
4404,"[863, 1747, 865, 118, 59]"
4405,"[865, 1747, 863, 314, 1693]"
4406,"[865, 1747, 863, 314, 59]"
4407,"[1923, 314, 864, 118, 1019]"
4408,"[1923, 1747, 863, 865, 1808]"
4409,"[863, 865, 1747, 78, 314]"
4410,"[1923, 863, 1747, 796, 865]"
4411,"[314, 1900, 1902, 422, 890]"
4412,"[865, 863, 1747, 1792, 1790]"
4413,"[865, 1747, 863, 59, 314]"
4414,"[863, 865, 1747, 1923, 314]"
4415,"[289, 114, 926, 1032, 349]"
4416,"[1923, 864, 118, 314, 1693]"
4417,"[865, 1747, 863, 313, 749]"
4418,"[863, 1747, 865, 314, 313]"
4419,"[313, 865, 1747, 863, 1923]"
4420,"[1747, 863, 865, 314, 313]"
4421,"[1900, 290, 430, 1863, 1543]"
4422,"[865, 863, 1747, 59, 314]"
4423,"[863, 1747, 865, 1923, 1598]"
4424,"[865, 1747, 863, 59, 1523]"
4425,"[865, 1747, 863, 314, 1924]"
4426,"[1742, 1923, 1115, 313, 314]"
4427,"[314, 1923, 863, 1747, 865]"
4428,"[1923, 863, 1747, 865, 1117]"
4429,"[1923, 1705, 1704, 446, 314]"
4430,"[1915, 927, 314, 1863, 1935]"
4431,"[1567, 114, 16, 1922, 1897]"
4432,"[321, 455, 1567, 1157, 1692]"
4433,"[1896, 903, 1760, 1705, 1072]"
4434,"[1567, 114, 1924, 1906, 16]"
4435,"[1922, 1897, 114, 1567, 1588]"
4436,"[16, 1567, 455, 1922, 1897]"
4437,"[1704, 1907, 1567, 1705, 114]"
4438,"[1191, 455, 1567, 16, 114]"
4439,"[1615, 926, 869, 882, 877]"
4440,"[1704, 1191, 1705, 1567, 1807]"
4441,"[1924, 1884, 114, 478, 163]"
4442,"[535, 1567, 16, 1929, 114]"
4443,"[114, 1636, 1567, 1900, 926]"
4444,"[1191, 1704, 1567, 16, 114]"
4445,"[535, 1567, 1704, 1890, 1601]"
4446,"[1567, 16, 1191, 455, 114]"
4447,"[1929, 455, 1191, 1704, 1705]"
4448,"[1032, 1064, 114, 291, 1910]"
4449,"[16, 1567, 114, 110, 1704]"
4450,"[1618, 926, 100, 1567, 1884]"
4451,"[455, 454, 1761, 1567, 1704]"
4452,"[1567, 1896, 1615, 1884, 321]"
4453,"[1567, 455, 16, 114, 1611]"
4454,"[1567, 1618, 114, 862, 16]"
4455,"[1611, 1567, 114, 16, 418]"
4456,"[1567, 16, 114, 1896, 1611]"
4457,"[114, 1567, 16, 1924, 1604]"
4458,"[1567, 455, 114, 16, 1611]"
4459,"[114, 1636, 375, 1929, 1671]"
4460,"[1071, 868, 114, 1748, 409]"
4461,"[1567, 1191, 1922, 1897, 455]"
4462,"[114, 1567, 368, 16, 1042]"
4463,"[1567, 16, 1704, 1705, 114]"
4464,"[455, 1567, 1113, 16, 454]"
4465,"[1567, 1896, 1906, 321, 114]"
4466,"[1567, 1191, 455, 1922, 1897]"
4467,"[1567, 1705, 1758, 16, 1072]"
4468,"[276, 114, 1924, 1567, 1884]"
4469,"[1567, 16, 1192, 114, 1704]"
4470,"[1899, 1526, 1567, 1191, 1928]"
4471,"[1896, 175, 926, 113, 89]"
4472,"[1567, 1299, 1637, 114, 1899]"
4473,"[1567, 16, 1705, 888, 114]"
4474,"[1567, 1762, 1906, 1758, 114]"
4475,"[455, 862, 1613, 1896, 1191]"
4476,"[765, 1725, 1490, 768, 1733]"
4477,"[1567, 455, 1896, 368, 862]"
4478,"[455, 368, 1157, 1607, 1192]"
4479,"[1607, 1608, 511, 1704, 1157]"
4480,"[1567, 1157, 368, 455, 372]"
4481,"[511, 1704, 1490, 1809, 1836]"
4482,"[1567, 1705, 1922, 1897, 1704]"
4483,"[455, 368, 1904, 1613, 1905]"
4484,"[1705, 1896, 1733, 1761, 1704]"
4485,"[1192, 1746, 1567, 1733, 372]"
4486,"[1567, 1758, 1762, 1192, 16]"
4487,"[1824, 1705, 1704, 898, 1870]"
4488,"[372, 1157, 762, 1636, 368]"
4489,"[1072, 1567, 1618, 1705, 1191]"
4490,"[1072, 1567, 1760, 1705, 1704]"
4491,"[1904, 677, 1204, 1760, 1249]"
4492,"[1607, 1608, 1157, 1261, 1259]"
4493,"[1896, 1608, 1607, 1618, 1567]"
4494,"[1072, 1620, 1607, 1556, 1567]"
4495,"[1613, 1542, 1705, 1607, 1191]"
4496,"[1607, 1924, 1896, 1608, 89]"
4497,"[368, 1924, 1204, 446, 421]"
4498,"[1705, 1761, 1567, 1760, 1907]"
4499,"[455, 1905, 1627, 862, 1896]"
4500,"[368, 372, 1721, 1761, 1072]"
4501,"[1704, 455, 1705, 1733, 1765]"
4502,"[1705, 1704, 1889, 1067, 1747]"
4503,"[1567, 1157, 1608, 1607, 1896]"
4504,"[1863, 594, 1935, 1513, 927]"
4505,"[1607, 903, 901, 1604, 985]"
4506,"[1896, 1567, 1607, 1608, 1192]"
4507,"[933, 677, 1067, 372, 1805]"
4508,"[1065, 136, 872, 904, 895]"
4509,"[1157, 1733, 372, 432, 1788]"
4510,"[1896, 1607, 1191, 1157, 1904]"
4511,"[1613, 1542, 1530, 1191, 1489]"
4512,"[1567, 372, 368, 455, 1157]"
4513,"[1567, 1604, 89, 1607, 1192]"
4514,"[368, 455, 372, 1896, 1191]"
4515,"[1607, 1636, 372, 1704, 135]"
4516,"[677, 1437, 1899, 1567, 1924]"
4517,"[1613, 1615, 1705, 1620, 1538]"
4518,"[677, 1567, 1191, 455, 1884]"
4519,"[1065, 1266, 287, 411, 1284]"
4520,"[1787, 443, 114, 1786, 1733]"
4521,"[605, 445, 1168, 125, 332]"
4522,"[1517, 1929, 640, 57, 58]"
4523,"[618, 1022, 89, 1676, 29]"
4524,"[614, 269, 28, 1613, 20]"
4525,"[1134, 379, 1727, 969, 276]"
4526,"[1863, 1828, 1837, 1833, 430]"
4527,"[269, 17, 1191, 1727, 969]"
4528,"[1924, 563, 1459, 564, 1641]"
4529,"[1878, 1707, 1708, 1246, 73]"
4530,"[1022, 1155, 1121, 263, 605]"
4531,"[1880, 1454, 1210, 640, 1459]"
4532,"[1191, 276, 1705, 1704, 969]"
4533,"[933, 1821, 1822, 160, 1853]"
4534,"[835, 1292, 649, 256, 906]"
4535,"[1459, 1246, 558, 1878, 1707]"
4536,"[7, 1697, 1459, 1696, 445]"
4537,"[618, 1705, 1704, 1924, 1761]"
4538,"[474, 28, 807, 805, 693]"
4539,"[1613, 611, 269, 1191, 969]"
4540,"[1586, 1192, 1615, 285, 358]"
4541,"[216, 286, 306, 1059, 358]"
4542,"[120, 901, 1106, 1599, 739]"
4543,"[739, 1792, 614, 263, 1791]"
4544,"[1288, 7, 606, 1787, 1786]"
4545,"[969, 269, 259, 1273, 1046]"
4546,"[1283, 250, 700, 211, 1155]"
4547,"[1792, 1286, 1733, 1791, 443]"
4548,"[1828, 1863, 1833, 1837, 216]"
4549,"[614, 269, 20, 1037, 611]"
4550,"[692, 480, 1705, 1704, 1826]"
4551,"[269, 285, 1878, 1707, 1615]"
4552,"[116, 625, 1770, 613, 660]"
4553,"[269, 848, 1022, 1403, 999]"
4554,"[263, 1155, 1166, 1610, 1172]"
4555,"[1201, 1462, 452, 1893, 1697]"
4556,"[349, 269, 1785, 631, 1011]"
4557,"[139, 320, 1191, 277, 454]"
4558,"[1697, 6, 1060, 969, 1696]"
4559,"[28, 1176, 216, 700, 405]"
4560,"[114, 368, 349, 835, 1022]"
4561,"[1608, 1607, 1517, 1157, 1188]"
4562,"[332, 1296, 1022, 374, 1263]"
4563,"[1610, 1656, 443, 1521, 43]"
4564,"[1902, 408, 1900, 1552, 114]"
4565,"[1705, 1704, 511, 1765, 1777]"
4566,"[1071, 868, 811, 103, 1748]"
4567,"[1915, 564, 596, 598, 600]"
4568,"[1900, 1902, 1915, 1561, 1917]"
4569,"[1705, 478, 1762, 1704, 1758]"
4570,"[1523, 1158, 1894, 1191, 1542]"
4571,"[1929, 1592, 408, 1248, 1928]"
4572,"[1252, 1302, 1705, 1704, 1915]"
4573,"[438, 432, 1636, 1080, 1263]"
4574,"[478, 926, 1924, 1544, 1202]"
4575,"[1900, 478, 1285, 116, 1077]"
4576,"[442, 1640, 607, 28, 409]"
4577,"[408, 1917, 1900, 216, 890]"
4578,"[1900, 1915, 1917, 1902, 1543]"
4579,"[1191, 1587, 1904, 1192, 1529]"
4580,"[440, 427, 480, 1540, 1576]"
4581,"[1529, 1588, 478, 1526, 1556]"
4582,"[1900, 1915, 1543, 1902, 1193]"
4583,"[428, 1091, 1762, 1148, 371]"
4584,"[1924, 1070, 1274, 485, 1123]"
4585,"[1915, 1607, 1704, 1073, 1536]"
4586,"[102, 409, 98, 1746, 46]"
4587,"[409, 102, 1137, 1906, 1746]"
4588,"[1924, 1705, 1704, 1825, 1809]"
4589,"[1257, 1906, 409, 102, 1137]"
4590,"[106, 1607, 1193, 114, 1344]"
4591,"[1861, 1855, 1549, 1846, 1620]"
4592,"[1915, 1705, 1704, 286, 1607]"
4593,"[1073, 607, 605, 396, 901]"
4594,"[1906, 1611, 1116, 1191, 1607]"
4595,"[1900, 1902, 1104, 1917, 1713]"
4596,"[1900, 1567, 478, 1705, 1704]"
4597,"[1899, 1915, 1627, 1526, 1588]"
4598,"[1607, 1896, 1608, 1517, 1192]"
4599,"[1924, 677, 478, 1922, 1897]"
4600,"[403, 1916, 1249, 1931, 778]"
4601,"[1607, 1924, 1548, 1893, 1289]"
4602,"[1915, 216, 1917, 890, 1899]"
4603,"[1915, 409, 1900, 102, 408]"
4604,"[1612, 95, 1620, 1615, 1926]"
4605,"[1705, 1704, 1765, 1777, 1809]"
4606,"[1899, 1526, 96, 97, 677]"
4607,"[1924, 1704, 478, 1915, 1705]"
4608,"[1807, 446, 431, 433, 1080]"
4609,"[1807, 1104, 1197, 446, 403]"
4610,"[1836, 1873, 1279, 1831, 1825]"
4611,"[1279, 102, 1653, 425, 1821]"
4612,"[360, 1160, 294, 90, 1666]"
4613,"[1915, 1807, 1618, 890, 1604]"
4614,"[1279, 1807, 293, 1096, 1108]"
4615,"[1928, 1279, 1906, 1528, 1178]"
4616,"[1607, 1704, 433, 1705, 1836]"
4617,"[116, 125, 89, 1659, 1928]"
4618,"[1705, 1704, 1677, 1191, 1606]"
4619,"[904, 102, 128, 1279, 265]"
4620,"[1199, 1482, 1476, 1187, 1828]"
4621,"[1607, 408, 1659, 1807, 1638]"
4622,"[1279, 1936, 1807, 1277, 1295]"
4623,"[1915, 1102, 1064, 692, 1076]"
4624,"[1279, 1936, 433, 1107, 448]"
4625,"[1279, 302, 1129, 1104, 1086]"
4626,"[1279, 1603, 1915, 862, 1659]"
4627,"[1301, 1793, 1792, 1790, 1789]"
4628,"[1279, 1807, 1082, 926, 1915]"
4629,"[1279, 1915, 1936, 1192, 216]"
4630,"[1191, 1906, 1636, 1598, 433]"
4631,"[1742, 1279, 1807, 73, 1522]"
4632,"[403, 1704, 1705, 606, 862]"
4633,"[1915, 1611, 1279, 1191, 60]"
4634,"[1766, 1915, 1792, 1764, 1789]"
4635,"[1279, 1915, 1169, 403, 1104]"
4636,"[1807, 1928, 1178, 1086, 1522]"
4637,"[1752, 1915, 1902, 1104, 1928]"
4638,"[1936, 1279, 1277, 1295, 433]"
4639,"[1279, 360, 777, 1924, 552]"
4640,"[1197, 1807, 478, 1560, 1915]"
4641,"[1915, 1807, 1561, 1617, 1936]"
4642,"[1704, 1705, 1915, 522, 1438]"
4643,"[1279, 1807, 1607, 306, 1101]"
4644,"[1936, 1277, 1617, 1086, 89]"
4645,"[1677, 1673, 872, 1674, 892]"
4646,"[1247, 412, 1279, 1750, 1485]"
4647,"[1279, 1607, 1608, 1659, 432]"
4648,"[1279, 1704, 432, 1705, 1906]"
4649,"[1915, 606, 1279, 862, 1603]"
4650,"[360, 1742, 1807, 1543, 1552]"
4651,"[1313, 308, 46, 1746, 1607]"
4652,"[1923, 1674, 474, 866, 114]"
4653,"[69, 618, 1291, 1915, 171]"
4654,"[1902, 91, 359, 1552, 1543]"
4655,"[1915, 1906, 1828, 1833, 1837]"
4656,"[1269, 643, 46, 443, 921]"
4657,"[1900, 1543, 1887, 749, 1705]"
4658,"[1902, 1552, 1543, 1313, 1887]"
4659,"[1029, 618, 1077, 1915, 1617]"
4660,"[423, 1244, 1882, 632, 1751]"
4661,"[677, 568, 1704, 566, 563]"
4662,"[42, 430, 1474, 1256, 575]"
4663,"[1863, 1258, 1256, 430, 936]"
4664,"[1055, 866, 1118, 1250, 1677]"
4665,"[46, 834, 69, 632, 1269]"
4666,"[1615, 1599, 1196, 890, 1192]"
4667,"[46, 4, 402, 126, 1269]"
4668,"[114, 1878, 1707, 1749, 1048]"
4669,"[430, 1902, 1863, 1935, 1865]"
4670,"[1772, 216, 1885, 97, 96]"
4671,"[46, 1522, 1201, 258, 632]"
4672,"[1796, 1704, 748, 1705, 844]"
4673,"[868, 927, 1746, 1915, 1748]"
4674,"[677, 376, 441, 571, 1490]"
4675,"[478, 1924, 1915, 1269, 1815]"
4676,"[1704, 579, 468, 530, 1607]"
4677,"[624, 511, 1502, 1490, 600]"
4678,"[1320, 60, 1778, 1700, 126]"
4679,"[624, 692, 926, 1255, 1279]"
4680,"[1836, 1863, 1935, 1873, 1865]"
4681,"[1063, 7, 128, 1187, 386]"
4682,"[1753, 379, 734, 1067, 1575]"
4683,"[1608, 1607, 441, 26, 1517]"
4684,"[356, 291, 748, 844, 1073]"
4685,"[1733, 900, 258, 46, 208]"
4686,"[1051, 1787, 2, 1473, 208]"
4687,"[1301, 452, 1704, 1873, 1300]"
4688,"[1900, 1543, 1269, 1915, 408]"
4689,"[1704, 1247, 1313, 530, 1705]"
4690,"[878, 922, 1924, 1915, 1269]"
4691,"[1608, 1902, 485, 1270, 359]"
4692,"[1611, 1651, 1649, 824, 1241]"
4693,"[1900, 1543, 443, 1638, 1269]"
4694,"[1855, 398, 1023, 1290, 122]"
4695,"[468, 758, 1705, 1760, 1759]"
4696,"[341, 739, 1551, 320, 1179]"
4697,"[1710, 514, 1570, 828, 1287]"
4698,"[1895, 828, 1863, 290, 1935]"
4699,"[1630, 1611, 490, 1825, 432]"
4700,"[1287, 1015, 828, 1877, 1785]"
4701,"[484, 1902, 1915, 1267, 1895]"
4702,"[1922, 1897, 89, 29, 165]"
4703,"[397, 276, 21, 1704, 1178]"
4704,"[368, 1306, 455, 1193, 1191]"
4705,"[1249, 165, 89, 29, 776]"
4706,"[828, 1756, 1570, 1781, 468]"
4707,"[430, 1895, 1192, 1863, 1260]"
4708,"[677, 1844, 1851, 1850, 1849]"
4709,"[1192, 1915, 677, 1622, 1530]"
4710,"[1885, 1148, 286, 1030, 1928]"
4711,"[45, 1248, 368, 1697, 1675]"
4712,"[441, 1570, 1746, 1192, 16]"
4713,"[1922, 1897, 364, 1615, 527]"
4714,"[1246, 216, 1915, 1708, 876]"
4715,"[1067, 1704, 379, 1705, 1894]"
4716,"[368, 455, 1113, 1138, 216]"
4717,"[1570, 216, 1905, 1627, 1620]"
4718,"[441, 442, 1759, 1363, 1764]"
4719,"[1659, 639, 1772, 1246, 1662]"
4720,"[527, 828, 1213, 1897, 1922]"
4721,"[1785, 1317, 107, 224, 135]"
4722,"[1905, 1627, 1488, 1527, 787]"
4723,"[927, 769, 754, 755, 742]"
4724,"[441, 1935, 927, 828, 1936]"
4725,"[82, 1895, 828, 1287, 1863]"
4726,"[621, 307, 401, 468, 703]"
4727,"[1192, 95, 98, 1607, 809]"
4728,"[1488, 809, 787, 776, 1908]"
4729,"[1704, 1705, 1733, 73, 903]"
4730,"[1922, 1897, 1526, 164, 1044]"
4731,"[1681, 73, 1756, 468, 1704]"
4732,"[82, 828, 1863, 1935, 927]"
4733,"[441, 594, 1513, 1651, 357]"
4734,"[1210, 927, 1863, 1454, 1935]"
4735,"[368, 1915, 1618, 125, 455]"
4736,"[411, 1023, 398, 90, 89]"
4737,"[82, 691, 606, 1592, 1896]"
4738,"[1260, 1256, 430, 1192, 1935]"
4739,"[478, 1924, 1704, 1705, 1592]"
4740,"[381, 1704, 1772, 1434, 1924]"
4741,"[1915, 441, 1863, 1935, 102]"
4742,"[408, 1902, 114, 1216, 1917]"
4743,"[478, 1710, 1197, 343, 1897]"
4744,"[1915, 408, 1917, 216, 1900]"
4745,"[296, 1915, 478, 1924, 1761]"
4746,"[1900, 1902, 1915, 99, 1306]"
4747,"[1902, 116, 1924, 1900, 478]"
4748,"[1884, 159, 937, 1907, 478]"
4749,"[1884, 1924, 478, 98, 783]"
4750,"[1704, 1705, 1761, 1924, 478]"
4751,"[478, 1924, 1197, 96, 97]"
4752,"[1889, 789, 1884, 303, 1787]"
4753,"[1704, 1705, 1924, 919, 1884]"
4754,"[1884, 1064, 114, 116, 455]"
4755,"[478, 1924, 1884, 1915, 1562]"
4756,"[1884, 1924, 1067, 1704, 114]"
4757,"[1924, 478, 116, 114, 786]"
4758,"[1614, 455, 1610, 1521, 1636]"
4759,"[478, 1924, 1902, 114, 1197]"
4760,"[1916, 1885, 1704, 1928, 901]"
4761,"[478, 1924, 1296, 98, 1884]"
4762,"[116, 1884, 1915, 1788, 1733]"
4763,"[116, 1489, 1562, 1558, 296]"
4764,"[478, 1924, 114, 1884, 1922]"
4765,"[1924, 478, 1915, 1552, 408]"
4766,"[1924, 116, 1884, 216, 455]"
4767,"[1742, 478, 1761, 1884, 1705]"
4768,"[1704, 1761, 1705, 478, 1924]"
4769,"[1924, 1884, 1434, 478, 783]"
4770,"[16, 1924, 478, 114, 116]"
4771,"[1924, 1080, 1263, 423, 1244]"
4772,"[1884, 1246, 1922, 1897, 1604]"
4773,"[919, 1704, 163, 938, 89]"
4774,"[1924, 126, 329, 1113, 1558]"
4775,"[1884, 675, 465, 1197, 462]"
4776,"[1884, 116, 1924, 478, 137]"
4777,"[216, 1915, 408, 1917, 361]"
4778,"[1884, 1246, 116, 1907, 1916]"
4779,"[1924, 478, 1825, 1705, 1704]"
4780,"[116, 1924, 1902, 478, 114]"
4781,"[1936, 1928, 1197, 125, 116]"
4782,"[1915, 1924, 1705, 478, 1704]"
4783,"[216, 1788, 1786, 58, 57]"
4784,"[1900, 1704, 1705, 1543, 1773]"
4785,"[447, 1637, 692, 1704, 363]"
4786,"[1915, 441, 1704, 1760, 1461]"
4787,"[1773, 691, 1758, 1733, 361]"
4788,"[1897, 1922, 478, 1192, 114]"
4789,"[1924, 478, 1608, 1607, 783]"
4790,"[361, 1246, 818, 1760, 1762]"
4791,"[1884, 786, 465, 1197, 446]"
4792,"[361, 116, 446, 377, 1705]"
4793,"[1900, 606, 571, 568, 575]"
4794,"[116, 377, 1088, 24, 164]"
4795,"[1080, 290, 1675, 1699, 1704]"
4796,"[1057, 1605, 1599, 1163, 1750]"
4797,"[116, 1067, 379, 1747, 1192]"
4798,"[1157, 1607, 116, 114, 1191]"
4799,"[1760, 1636, 1182, 1063, 446]"
4800,"[478, 1704, 1760, 1762, 1192]"
4801,"[1704, 1405, 1457, 1038, 446]"
4802,"[1915, 446, 381, 114, 383]"
4803,"[1599, 1904, 18, 454, 782]"
4804,"[583, 1461, 507, 1760, 1297]"
4805,"[1773, 1705, 1192, 828, 1704]"
4806,"[361, 1606, 1030, 1038, 446]"
4807,"[1246, 1894, 1313, 1878, 1707]"
4808,"[1011, 1784, 1192, 216, 1599]"
4809,"[921, 116, 1884, 938, 1636]"
4810,"[1705, 1704, 1924, 478, 1192]"
4811,"[1884, 1915, 446, 786, 1733]"
4812,"[1915, 221, 1067, 1604, 624]"
4813,"[1884, 1772, 786, 446, 1197]"
4814,"[98, 361, 102, 1191, 1606]"
4815,"[1915, 1192, 1113, 114, 29]"
4816,"[446, 1246, 361, 1760, 818]"
4817,"[478, 1045, 1908, 1924, 1434]"
4818,"[1615, 1878, 1707, 1586, 1192]"
4819,"[1704, 1772, 1760, 1762, 1461]"
4820,"[96, 97, 361, 1182, 98]"
4821,"[1904, 1607, 1773, 1705, 1192]"
4822,"[478, 1924, 1915, 1197, 1705]"
4823,"[1705, 1607, 1773, 1704, 1192]"
4824,"[1762, 1760, 361, 446, 1461]"
4825,"[137, 7, 1640, 1772, 605]"
4826,"[1704, 1705, 628, 460, 786]"
4827,"[1008, 322, 926, 1807, 511]"
4828,"[292, 1762, 1617, 1555, 1758]"
4829,"[926, 1249, 1758, 677, 1705]"
4830,"[926, 288, 1561, 125, 114]"
4831,"[1906, 1928, 432, 1202, 410]"
4832,"[1915, 1202, 410, 1825, 1561]"
4833,"[937, 511, 1193, 1704, 1927]"
4834,"[1617, 937, 159, 926, 409]"
4835,"[1762, 292, 1617, 1655, 1758]"
4836,"[1915, 1902, 1561, 1704, 1705]"
4837,"[1071, 1704, 289, 868, 1705]"
4838,"[408, 1893, 1890, 1588, 892]"
4839,"[289, 1704, 1705, 1915, 125]"
4840,"[1915, 510, 493, 269, 1825]"
4841,"[1915, 1705, 1620, 1704, 408]"
4842,"[1915, 1825, 1748, 1598, 868]"
4843,"[1191, 97, 96, 1617, 102]"
4844,"[1617, 1155, 1296, 292, 1148]"
4845,"[926, 1617, 1915, 1618, 1924]"
4846,"[1917, 1064, 1034, 862, 125]"
4847,"[993, 408, 926, 1561, 735]"
4848,"[885, 1902, 380, 1561, 357]"
4849,"[1924, 1034, 1906, 925, 1555]"
4850,"[1915, 1193, 1344, 1917, 1030]"
4851,"[1915, 1887, 1191, 823, 926]"
4852,"[1915, 1928, 216, 926, 432]"
4853,"[1111, 432, 125, 331, 1906]"
4854,"[1902, 1618, 1900, 114, 408]"
4855,"[872, 460, 1674, 1529, 1191]"
4856,"[926, 1915, 292, 1618, 1705]"
4857,"[125, 937, 165, 159, 1603]"
4858,"[1761, 1598, 1762, 980, 1191]"
4859,"[1550, 1748, 1071, 926, 1617]"
4860,"[357, 1662, 1037, 1558, 1279]"
4861,"[1915, 1193, 359, 1561, 1904]"
4862,"[1618, 1887, 1762, 1760, 1758]"
4863,"[1915, 1906, 1924, 1902, 1528]"
4864,"[1916, 1906, 1928, 1030, 1636]"
4865,"[1758, 1752, 1704, 1809, 1705]"
4866,"[1915, 408, 322, 125, 397]"
4867,"[125, 1917, 1618, 1550, 409]"
4868,"[1927, 165, 331, 1617, 1191]"
4869,"[1915, 1902, 1561, 1073, 1704]"
4870,"[1915, 926, 1618, 1617, 124]"
4871,"[1549, 120, 1551, 739, 1608]"
4872,"[829, 739, 1787, 785, 825]"
4873,"[825, 1549, 1618, 1551, 739]"
4874,"[120, 75, 1113, 826, 1733]"
4875,"[1116, 477, 408, 1924, 290]"
4876,"[438, 1637, 1081, 444, 437]"
4877,"[120, 803, 618, 804, 1733]"
4878,"[1924, 825, 786, 1608, 1549]"
4879,"[794, 807, 1313, 468, 1610]"
4880,"[29, 1568, 1752, 815, 749]"
4881,"[120, 636, 378, 1095, 1634]"
4882,"[120, 636, 1634, 218, 65]"
4883,"[786, 1549, 739, 408, 1762]"
4884,"[1733, 1705, 114, 1192, 624]"
4885,"[408, 1705, 1704, 1733, 216]"
4886,"[16, 1119, 739, 1001, 1924]"
4887,"[216, 1191, 786, 1549, 825]"
4888,"[815, 1875, 468, 1161, 1292]"
4889,"[739, 618, 1549, 1551, 1533]"
4890,"[1733, 120, 1735, 815, 790]"
4891,"[1924, 772, 1762, 1733, 1588]"
4892,"[120, 1338, 1733, 1406, 412]"
4893,"[120, 1733, 1634, 218, 815]"
4894,"[120, 1733, 785, 636, 927]"
4895,"[1567, 1113, 455, 825, 1191]"
4896,"[120, 1735, 1733, 216, 815]"
4897,"[1314, 120, 1599, 1638, 1900]"
4898,"[120, 1659, 1733, 1314, 116]"
4899,"[1191, 120, 1549, 739, 1551]"
4900,"[216, 1191, 1210, 1549, 1924]"
4901,"[815, 1733, 1314, 1636, 455]"
4902,"[1792, 1733, 1899, 1924, 1549]"
4903,"[1191, 154, 1549, 1001, 1119]"
4904,"[408, 1191, 216, 1705, 322]"
4905,"[401, 89, 825, 623, 114]"
4906,"[7, 610, 216, 1292, 804]"
4907,"[1924, 815, 1314, 739, 730]"
4908,"[1573, 815, 1735, 1733, 1924]"
4909,"[618, 1161, 1549, 1551, 739]"
4910,"[120, 455, 114, 1705, 1826]"
4911,"[1674, 894, 1734, 1117, 866]"
4912,"[618, 7, 120, 408, 1275]"
4913,"[1117, 1119, 866, 314, 1924]"
4914,"[1191, 1001, 1549, 1551, 739]"
4915,"[289, 1141, 1157, 1607, 291]"
4916,"[408, 1924, 114, 1705, 1599]"
4917,"[1074, 1531, 1037, 1030, 1349]"
4918,"[1193, 425, 1659, 446, 1620]"
4919,"[1704, 886, 419, 1620, 406]"
4920,"[1071, 1704, 868, 1705, 1748]"
4921,"[1836, 1042, 1873, 1659, 175]"
4922,"[1705, 74, 114, 1826, 1704]"
4923,"[113, 89, 1612, 165, 1193]"
4924,"[1861, 1023, 1825, 1495, 1855]"
4925,"[1114, 1257, 1927, 1705, 1531]"
4926,"[677, 1659, 1137, 376, 1277]"
4927,"[1586, 1193, 356, 1752, 1809]"
4928,"[1495, 1704, 1705, 74, 1490]"
4929,"[823, 1034, 1480, 18, 96]"
4930,"[1511, 1836, 1873, 1704, 1867]"
4931,"[1193, 1405, 1411, 164, 1437]"
4932,"[1670, 1704, 1705, 1901, 1251]"
4933,"[165, 933, 919, 931, 925]"
4934,"[1193, 419, 886, 164, 1705]"
4935,"[904, 371, 1073, 1434, 1705]"
4936,"[168, 1043, 939, 990, 954]"
4937,"[919, 933, 165, 938, 174]"
4938,"[368, 862, 1704, 1705, 455]"
4939,"[1253, 1256, 1260, 1863, 1929]"
4940,"[1704, 1705, 1191, 289, 1257]"
4941,"[1664, 1752, 1809, 885, 1705]"
4942,"[1704, 1705, 1873, 1836, 505]"
4943,"[101, 1534, 89, 608, 1041]"
4944,"[1567, 165, 901, 162, 919]"
4945,"[1620, 1659, 1072, 98, 1694]"
4946,"[933, 1704, 1705, 1620, 1752]"
4947,"[1607, 1659, 455, 421, 862]"
4948,"[1922, 1897, 1617, 1762, 1612]"
4949,"[406, 1620, 419, 1890, 1029]"
4950,"[919, 162, 267, 266, 239]"
4951,"[933, 1705, 1620, 1704, 930]"
4952,"[1620, 1705, 1704, 1612, 1626]"
4953,"[1012, 251, 243, 246, 244]"
4954,"[933, 165, 162, 924, 925]"
4955,"[1705, 403, 1704, 1300, 452]"
4956,"[1037, 1894, 937, 159, 1771]"
4957,"[1704, 1072, 1705, 446, 1670]"
4958,"[1915, 289, 395, 1257, 1068]"
4959,"[5, 14, 26, 337, 12]"
4960,"[1690, 423, 1244, 1126, 1612]"
4961,"[125, 1495, 1640, 927, 1244]"
4962,"[125, 423, 1244, 1690, 1126]"
4963,"[98, 423, 1244, 125, 1619]"
4964,"[677, 481, 493, 770, 1861]"
4965,"[1073, 657, 633, 634, 638]"
4966,"[1704, 1915, 1873, 1836, 578]"
4967,"[1855, 1829, 677, 1866, 1795]"
4968,"[125, 677, 575, 566, 1244]"
4969,"[125, 1126, 1690, 423, 1244]"
4970,"[1244, 423, 125, 1690, 1248]"
4971,"[125, 1915, 1825, 493, 1676]"
4972,"[28, 23, 1704, 1705, 1761]"
4973,"[1612, 125, 1690, 1126, 423]"
4974,"[1197, 1036, 216, 405, 423]"
4975,"[125, 1705, 423, 1244, 1704]"
4976,"[423, 1244, 125, 1702, 1690]"
4977,"[1855, 677, 376, 411, 1861]"
4978,"[423, 1244, 1792, 1793, 1733]"
4979,"[925, 423, 1244, 1036, 1704]"
4980,"[1124, 125, 1126, 1288, 1344]"
4981,"[125, 1690, 1126, 1612, 423]"
4982,"[423, 1244, 125, 1690, 1702]"
4983,"[125, 423, 1244, 1702, 1612]"
4984,"[1555, 1766, 1704, 364, 760]"
4985,"[125, 423, 1244, 926, 1690]"
4986,"[677, 1746, 1748, 926, 1795]"
4987,"[1795, 1697, 1696, 1130, 875]"
4988,"[1181, 1675, 1080, 1699, 1676]"
4989,"[1244, 423, 125, 1690, 924]"
4990,"[1855, 125, 1846, 1244, 423]"
4991,"[1244, 423, 125, 1915, 1792]"
4992,"[423, 1244, 125, 1677, 1676]"
4993,"[423, 1244, 125, 1690, 1702]"
4994,"[441, 125, 423, 1244, 114]"
4995,"[125, 423, 1244, 1690, 1702]"
4996,"[677, 1863, 89, 376, 1861]"
4997,"[125, 1244, 423, 1795, 98]"
4998,"[1828, 1837, 1833, 65, 1935]"
4999,"[125, 423, 1244, 1746, 1752]"
5000,"[677, 125, 376, 604, 1670]"
5001,"[1008, 1748, 868, 1612, 125]"
5002,"[125, 423, 1244, 1690, 1702]"
5003,"[1924, 478, 216, 1434, 528]"
5004,"[1915, 478, 1924, 1704, 408]"
5005,"[1915, 1705, 1704, 408, 865]"
5006,"[361, 818, 1762, 360, 1760]"
5007,"[1924, 478, 926, 1704, 1705]"
5008,"[1915, 1902, 1068, 1900, 1561]"
5009,"[96, 97, 1580, 408, 478]"
5010,"[265, 1385, 926, 341, 1626]"
5011,"[408, 116, 1924, 1704, 114]"
5012,"[593, 1276, 590, 597, 1472]"
5013,"[926, 341, 292, 265, 1673]"
5014,"[478, 1924, 1755, 1915, 1590]"
5015,"[1915, 1924, 478, 921, 922]"
5016,"[1924, 478, 1915, 528, 1507]"
5017,"[1924, 478, 528, 922, 1507]"
5018,"[1560, 528, 275, 279, 350]"
5019,"[1560, 1561, 341, 453, 265]"
5020,"[1704, 1561, 1705, 1524, 1550]"
5021,"[528, 1507, 1560, 1704, 1128]"
5022,"[1902, 478, 1560, 1704, 1705]"
5023,"[1755, 1761, 848, 921, 528]"
5024,"[1915, 478, 926, 1677, 1733]"
5025,"[478, 1924, 1915, 1792, 1705]"
5026,"[1924, 1884, 478, 1705, 446]"
5027,"[478, 1924, 1704, 1560, 1705]"
5028,"[1915, 290, 1924, 1696, 165]"
5029,"[927, 1924, 1915, 1863, 441]"
5030,"[65, 441, 1935, 927, 1863]"
5031,"[1915, 1793, 1924, 478, 1792]"
5032,"[789, 1884, 1755, 289, 1763]"
5033,"[547, 1733, 528, 1507, 1788]"
5034,"[1561, 1885, 1755, 528, 1507]"
5035,"[1704, 1755, 1705, 919, 922]"
5036,"[1828, 1837, 1833, 430, 1935]"
5037,"[1705, 395, 265, 1704, 926]"
5038,"[1924, 98, 478, 1792, 216]"
5039,"[528, 1507, 921, 1761, 1434]"
5040,"[528, 1507, 885, 538, 1434]"
5041,"[1915, 1296, 677, 823, 528]"
5042,"[341, 289, 1934, 528, 1507]"
5043,"[1915, 1924, 1434, 1030, 921]"
5044,"[1924, 478, 1915, 1704, 1705]"
5045,"[1915, 97, 96, 1924, 1192]"
5046,"[624, 478, 1755, 1915, 1885]"
5047,"[1024, 1705, 1799, 1704, 1447]"
5048,"[1721, 1192, 1915, 1592, 42]"
5049,"[1929, 1592, 1890, 1721, 108]"
5050,"[1618, 1024, 98, 900, 926]"
5051,"[1801, 1758, 1799, 1802, 1125]"
5052,"[1890, 1491, 1802, 1799, 1704]"
5053,"[1721, 339, 1889, 108, 1724]"
5054,"[1098, 1437, 1411, 1760, 216]"
5055,"[1098, 1760, 1705, 1704, 1761]"
5056,"[1024, 1721, 1929, 108, 395]"
5057,"[1929, 1592, 1890, 80, 1824]"
5058,"[1611, 376, 677, 114, 1580]"
5059,"[1704, 1061, 505, 1705, 853]"
5060,"[697, 1024, 1704, 1705, 857]"
5061,"[700, 1617, 692, 1653, 1762]"
5062,"[1617, 1555, 1762, 1758, 1761]"
5063,"[1915, 441, 1875, 95, 216]"
5064,"[1617, 98, 1618, 1555, 114]"
5065,"[1617, 926, 1655, 292, 1733]"
5066,"[1617, 478, 1555, 292, 1924]"
5067,"[1617, 1762, 1760, 292, 1761]"
5068,"[1617, 1762, 1555, 1758, 1761]"
5069,"[1722, 292, 1617, 1762, 1758]"
5070,"[292, 1617, 1722, 1915, 1762]"
5071,"[441, 73, 1708, 301, 1099]"
5072,"[1924, 1617, 926, 900, 1906]"
5073,"[164, 1617, 1771, 1556, 1538]"
5074,"[292, 1722, 1617, 1762, 1758]"
5075,"[1884, 1562, 441, 159, 937]"
5076,"[441, 1722, 432, 1562, 1884]"
5077,"[292, 1762, 700, 1617, 1758]"
5078,"[1884, 441, 1722, 1562, 1191]"
5079,"[292, 1617, 1762, 1758, 1722]"
5080,"[291, 1655, 1705, 1761, 1704]"
5081,"[1567, 135, 1617, 16, 1762]"
5082,"[1617, 1655, 700, 1762, 292]"
5083,"[164, 1887, 98, 1201, 749]"
5084,"[1655, 1705, 1704, 1758, 292]"
5085,"[1192, 811, 1611, 1617, 292]"
5086,"[1617, 1924, 926, 1705, 1555]"
5087,"[1555, 1617, 1884, 124, 292]"
5088,"[455, 1617, 1567, 1761, 368]"
5089,"[1617, 1555, 1762, 1758, 292]"
5090,"[1924, 1937, 1191, 441, 478]"
5091,"[1704, 1884, 1677, 1562, 1555]"
5092,"[292, 1617, 1758, 1762, 1722]"
5093,"[441, 442, 28, 1675, 454]"
5094,"[1617, 926, 1924, 900, 1705]"
5095,"[1655, 1705, 1704, 1626, 544]"
5096,"[1655, 1705, 292, 1704, 900]"
5097,"[441, 1513, 1772, 1246, 1878]"
5098,"[1617, 478, 1762, 1924, 292]"
5099,"[1704, 1884, 1697, 1705, 466]"
5100,"[1617, 1762, 292, 1758, 1760]"
5101,"[1562, 1722, 1884, 441, 1191]"
5102,"[1617, 1924, 926, 1705, 900]"
5103,"[1617, 926, 1705, 1704, 125]"
5104,"[292, 1617, 680, 1758, 700]"
5105,"[1191, 1904, 43, 983, 984]"
5106,"[1567, 1191, 1598, 1905, 1887]"
5107,"[1191, 409, 455, 321, 1533]"
5108,"[1191, 1904, 1587, 1627, 1533]"
5109,"[1191, 1523, 811, 900, 1704]"
5110,"[1892, 1191, 43, 1533, 1904]"
5111,"[96, 97, 98, 409, 321]"
5112,"[1905, 1627, 1191, 1904, 1193]"
5113,"[1191, 43, 455, 1904, 102]"
5114,"[1904, 1884, 1191, 1627, 1587]"
5115,"[112, 1191, 291, 113, 1070]"
5116,"[1191, 1587, 1904, 1598, 1899]"
5117,"[1531, 1070, 112, 1713, 1615]"
5118,"[98, 102, 1905, 1896, 1567]"
5119,"[1705, 1924, 1704, 873, 692]"
5120,"[439, 1072, 1617, 1241, 1894]"
5121,"[1904, 1587, 1627, 1905, 1884]"
5122,"[1567, 98, 1892, 102, 460]"
5123,"[1892, 1915, 43, 1191, 1533]"
5124,"[1191, 409, 113, 1746, 1733]"
5125,"[1905, 1627, 1191, 1587, 1899]"
5126,"[1904, 455, 1191, 102, 98]"
5127,"[1191, 1746, 1904, 1533, 1523]"
5128,"[1905, 1904, 409, 1191, 113]"
5129,"[1904, 1924, 1191, 1532, 1599]"
5130,"[1713, 1626, 1893, 1160, 1924]"
5131,"[1924, 1937, 663, 1191, 1553]"
5132,"[1273, 1762, 1191, 1926, 1274]"
5133,"[454, 456, 1241, 1704, 1273]"
5134,"[1924, 1937, 1761, 1760, 1705]"
5135,"[1924, 1636, 478, 454, 1273]"
5136,"[1913, 1636, 1937, 1924, 1191]"
5137,"[1924, 1760, 1761, 1705, 1704]"
5138,"[1897, 1922, 125, 1677, 89]"
5139,"[1614, 455, 1112, 1070, 1636]"
5140,"[1608, 1607, 454, 379, 1192]"
5141,"[681, 1746, 409, 46, 1589]"
5142,"[216, 1746, 1761, 415, 1760]"
5143,"[1070, 1712, 113, 335, 314]"
5144,"[1550, 164, 288, 1137, 1307]"
5145,"[171, 1890, 1887, 1025, 1536]"
5146,"[886, 1063, 1581, 684, 1757]"
5147,"[291, 667, 409, 1904, 1192]"
5148,"[1705, 997, 1704, 1406, 860]"
5149,"[667, 1908, 291, 1760, 1758]"
5150,"[16, 164, 1748, 1733, 1536]"
5151,"[1192, 682, 91, 1112, 1121]"
5152,"[863, 1747, 684, 1757, 1776]"
5153,"[1757, 1776, 1744, 62, 684]"
5154,"[468, 1704, 1758, 1705, 1760]"
5155,"[1705, 1704, 1761, 1760, 599]"
5156,"[1913, 1924, 454, 1562, 860]"
5157,"[1704, 1705, 708, 1677, 1884]"
5158,"[7, 1697, 415, 1696, 412]"
5159,"[1915, 455, 605, 89, 1676]"
5160,"[888, 1606, 1192, 1191, 454]"
5161,"[291, 667, 46, 1622, 860]"
5162,"[1712, 1406, 1656, 1705, 1704]"
5163,"[291, 667, 1656, 578, 1889]"
5164,"[1070, 113, 291, 455, 112]"
5165,"[1704, 1758, 1761, 1762, 1760]"
5166,"[1614, 1704, 1705, 216, 1915]"
5167,"[1070, 113, 1704, 1386, 112]"
5168,"[113, 112, 890, 28, 1533]"
5169,"[1191, 112, 113, 291, 1746]"
5170,"[1913, 1693, 456, 1712, 1246]"
5171,"[1614, 1636, 1924, 1607, 125]"
5172,"[1896, 1758, 1924, 900, 1705]"
5173,"[291, 667, 1606, 1904, 1070]"
5174,"[1704, 1705, 73, 1701, 1246]"
5175,"[1705, 1704, 1712, 558, 1614]"
5176,"[291, 667, 1746, 1192, 727]"
5177,"[1191, 291, 112, 113, 1070]"
5178,"[1610, 114, 692, 1614, 455]"
5179,"[667, 291, 925, 171, 1041]"
5180,"[1677, 113, 89, 1656, 1604]"
5181,"[1757, 1776, 684, 1412, 1705]"
5182,"[1924, 478, 1705, 1704, 1558]"
5183,"[787, 352, 1544, 1871, 1834]"
5184,"[478, 1924, 395, 1705, 477]"
5185,"[114, 1604, 1790, 1027, 412]"
5186,"[1504, 1937, 1704, 528, 1507]"
5187,"[480, 646, 828, 1403, 479]"
5188,"[1705, 528, 1704, 1507, 1761]"
5189,"[528, 1507, 511, 1434, 514]"
5190,"[590, 599, 593, 597, 587]"
5191,"[1924, 1884, 786, 1377, 478]"
5192,"[478, 1924, 93, 1308, 165]"
5193,"[807, 1792, 216, 1788, 1789]"
5194,"[216, 368, 528, 1507, 1434]"
5195,"[511, 528, 1507, 1434, 514]"
5196,"[1507, 528, 1704, 1760, 1434]"
5197,"[1434, 538, 1507, 528, 1924]"
5198,"[1756, 1705, 1704, 1061, 1488]"
5199,"[1507, 528, 921, 538, 1434]"
5200,"[1757, 1776, 1864, 1860, 1705]"
5201,"[817, 62, 1119, 1246, 216]"
5202,"[1924, 1884, 478, 1306, 786]"
5203,"[409, 102, 1746, 1886, 1899]"
5204,"[921, 528, 1507, 1885, 1434]"
5205,"[361, 1924, 377, 1219, 1429]"
5206,"[921, 528, 1507, 1434, 538]"
5207,"[1311, 1504, 1310, 460, 1937]"
5208,"[1924, 478, 919, 1704, 1025]"
5209,"[587, 590, 528, 1507, 1434]"
5210,"[1704, 346, 528, 1507, 1705]"
5211,"[1884, 171, 1306, 1924, 464]"
5212,"[1758, 1705, 1760, 1704, 1461]"
5213,"[1915, 1550, 1924, 898, 1677]"
5214,"[1704, 1705, 1760, 1762, 1193]"
5215,"[441, 1863, 1866, 430, 1828]"
5216,"[1507, 528, 526, 333, 1434]"
5217,"[1507, 528, 511, 514, 1434]"
5218,"[478, 1924, 1704, 659, 1705]"
5219,"[1878, 1707, 1246, 1513, 1772]"
5220,"[528, 1507, 1704, 1434, 1760]"
5221,"[1704, 1705, 1755, 1924, 124]"
5222,"[478, 1924, 1705, 1704, 464]"
5223,"[1704, 478, 1705, 1915, 1924]"
5224,"[594, 1863, 1513, 1935, 1772]"
5225,"[1504, 1712, 1908, 1523, 1705]"
5226,"[1266, 1134, 1121, 411, 1063]"
5227,"[1808, 163, 1915, 175, 919]"
5228,"[165, 927, 925, 931, 938]"
5229,"[1899, 1526, 868, 1063, 504]"
5230,"[368, 1904, 1567, 1643, 455]"
5231,"[1675, 1676, 113, 1025, 213]"
5232,"[1567, 1643, 43, 1704, 1887]"
5233,"[1924, 165, 1534, 1618, 159]"
5234,"[1906, 1528, 1030, 1828, 1899]"
5235,"[1556, 1538, 1523, 1529, 1519]"
5236,"[43, 163, 937, 159, 425]"
5237,"[1904, 1705, 1704, 1191, 97]"
5238,"[1904, 1746, 1890, 97, 96]"
5239,"[1904, 1612, 1890, 1191, 1589]"
5240,"[1904, 1890, 43, 1191, 425]"
5241,"[1627, 1905, 1587, 1899, 1904]"
5242,"[165, 1905, 692, 1627, 1526]"
5243,"[1904, 1909, 1589, 1191, 1906]"
5244,"[1904, 1191, 1193, 1890, 1489]"
5245,"[1762, 1612, 1063, 1620, 1758]"
5246,"[1915, 1884, 1526, 1529, 1899]"
5247,"[1904, 43, 1890, 1191, 1746]"
5248,"[1904, 1192, 1191, 1899, 1890]"
5249,"[1904, 1890, 1191, 1598, 425]"
5250,"[1705, 113, 1534, 530, 890]"
5251,"[819, 1774, 1705, 1885, 1887]"
5252,"[1837, 1833, 1828, 1935, 1299]"
5253,"[1742, 106, 1556, 1538, 1562]"
5254,"[1904, 1191, 1890, 1909, 1589]"
5255,"[1904, 89, 43, 175, 1191]"
5256,"[1904, 1890, 89, 163, 1191]"
5257,"[1025, 919, 926, 1904, 937]"
5258,"[113, 890, 1629, 1534, 1539]"
5259,"[1904, 43, 1899, 1032, 89]"
5260,"[1904, 43, 1191, 1890, 1589]"
5261,"[890, 1915, 1526, 113, 1748]"
5262,"[1534, 1564, 1489, 1554, 1527]"
5263,"[1612, 1620, 1065, 1659, 1762]"
5264,"[1915, 1169, 1038, 930, 216]"
5265,"[1316, 1043, 1618, 1885, 1887]"
5266,"[1534, 1519, 1924, 1529, 1542]"
5267,"[1526, 1537, 1564, 1534, 1489]"
5268,"[925, 1196, 1924, 862, 1102]"
5269,"[1904, 89, 43, 1890, 1783]"
5270,"[922, 1915, 1040, 878, 716]"
5271,"[1902, 1863, 1901, 922, 1828]"
5272,"[1915, 1698, 408, 125, 265]"
5273,"[97, 1040, 96, 1028, 98]"
5274,"[171, 749, 927, 903, 1073]"
5275,"[98, 96, 97, 1855, 164]"
5276,"[1201, 1646, 749, 409, 848]"
5277,"[749, 1902, 1543, 408, 1900]"
5278,"[409, 1822, 102, 1030, 1853]"
5279,"[677, 1863, 749, 1836, 1832]"
5280,"[1902, 97, 96, 1757, 1776]"
5281,"[876, 1562, 437, 877, 882]"
5282,"[1320, 933, 126, 1462, 1040]"
5283,"[98, 97, 96, 1746, 793]"
5284,"[98, 96, 97, 163, 102]"
5285,"[409, 171, 1812, 1299, 1865]"
5286,"[1040, 1915, 1073, 171, 716]"
5287,"[1700, 1902, 409, 402, 1201]"
5288,"[98, 96, 97, 1924, 1915]"
5289,"[102, 1776, 1757, 409, 1698]"
5290,"[1902, 420, 102, 96, 97]"
5291,"[1902, 1776, 1757, 1279, 108]"
5292,"[1197, 409, 1524, 1746, 1525]"
5293,"[1902, 1915, 408, 1700, 216]"
5294,"[164, 98, 1541, 1313, 96]"
5295,"[1746, 96, 97, 102, 98]"
5296,"[1118, 1700, 1197, 1201, 409]"
5297,"[1902, 1776, 1757, 408, 409]"
5298,"[1915, 171, 409, 97, 96]"
5299,"[102, 409, 1757, 1776, 96]"
5300,"[1073, 171, 1201, 1556, 1534]"
5301,"[98, 1073, 1040, 1776, 1757]"
5302,"[102, 409, 1810, 1130, 1853]"
5303,"[1746, 409, 925, 102, 171]"
5304,"[1040, 96, 1670, 1924, 1887]"
5305,"[409, 102, 1746, 1197, 1040]"
5306,"[102, 1626, 409, 97, 96]"
5307,"[1197, 1746, 1524, 1525, 1041]"
5308,"[1118, 1197, 1700, 1462, 1893]"
5309,"[1833, 1837, 1828, 1820, 1819]"
5310,"[1902, 1320, 1543, 107, 1040]"
5311,"[1900, 1902, 408, 114, 1197]"
5312,"[1902, 420, 102, 97, 96]"
5313,"[667, 1219, 1746, 409, 171]"
5314,"[1915, 926, 935, 1733, 1620]"
5315,"[165, 1193, 1924, 175, 1618]"
5316,"[1202, 410, 937, 175, 159]"
5317,"[890, 1917, 1902, 1899, 113]"
5318,"[1915, 357, 411, 1046, 823]"
5319,"[1915, 1620, 1043, 1051, 1060]"
5320,"[1193, 128, 1191, 1255, 428]"
5321,"[1299, 1809, 928, 1705, 208]"
5322,"[408, 357, 1917, 145, 1676]"
5323,"[915, 270, 200, 1338, 862]"
5324,"[1046, 823, 1915, 357, 149]"
5325,"[1924, 739, 440, 1299, 162]"
5326,"[1915, 1704, 1705, 822, 1154]"
5327,"[1915, 408, 216, 1063, 1906]"
5328,"[1207, 1332, 1659, 1618, 1617]"
5329,"[1916, 1915, 1590, 216, 1487]"
5330,"[966, 137, 1915, 1205, 986]"
5331,"[1915, 1541, 409, 216, 1343]"
5332,"[511, 1363, 1704, 1370, 1705]"
5333,"[927, 1915, 1863, 1836, 1338]"
5334,"[719, 1158, 972, 1754, 216]"
5335,"[165, 1620, 1927, 1556, 353]"
5336,"[925, 938, 1071, 935, 1030]"
5337,"[1915, 1792, 1863, 430, 1935]"
5338,"[1915, 1637, 1091, 320, 1899]"
5339,"[1030, 357, 1649, 1630, 823]"
5340,"[1915, 408, 430, 1256, 1260]"
5341,"[1836, 1873, 511, 1872, 823]"
5342,"[1915, 823, 216, 357, 1584]"
5343,"[1158, 165, 1705, 919, 1809]"
5344,"[1299, 175, 927, 926, 163]"
5345,"[1046, 702, 926, 1630, 1617]"
5346,"[60, 1649, 1193, 937, 1855]"
5347,"[1915, 1899, 485, 216, 1598]"
5348,"[190, 964, 270, 150, 823]"
5349,"[165, 1527, 937, 159, 1924]"
5350,"[1915, 236, 237, 1003, 232]"
5351,"[1825, 150, 1560, 1016, 274]"
5352,"[1030, 1649, 823, 956, 1049]"
5353,"[937, 1836, 175, 1873, 159]"
5354,"[408, 125, 1924, 1915, 165]"
5355,"[890, 1917, 1915, 1900, 1902]"
5356,"[1915, 1742, 408, 165, 1592]"
5357,"[408, 1148, 371, 924, 1762]"
5358,"[18, 1932, 1894, 1904, 1489]"
5359,"[1932, 1931, 190, 1772, 139]"
5360,"[1705, 1704, 1697, 1760, 1618]"
5361,"[445, 114, 1900, 1676, 139]"
5362,"[1676, 1193, 398, 116, 1070]"
5363,"[1762, 1704, 677, 1705, 1637]"
5364,"[1878, 1707, 757, 762, 758]"
5365,"[1246, 261, 267, 233, 266]"
5366,"[1932, 349, 1029, 1043, 168]"
5367,"[1900, 1902, 1915, 1917, 1543]"
5368,"[1894, 788, 1704, 1705, 317]"
5369,"[1337, 1932, 661, 190, 139]"
5370,"[1607, 1608, 1517, 1896, 773]"
5371,"[1863, 1828, 65, 1833, 1837]"
5372,"[1066, 1704, 1705, 1932, 1560]"
5373,"[1705, 1704, 1906, 1618, 1617]"
5374,"[108, 308, 1100, 307, 1766]"
5375,"[78, 453, 292, 495, 1561]"
5376,"[1924, 677, 1894, 114, 455]"
5377,"[1900, 1543, 857, 289, 1917]"
5378,"[1900, 1705, 1543, 388, 349]"
5379,"[677, 1607, 1191, 1894, 1157]"
5380,"[926, 1733, 1894, 677, 1924]"
5381,"[1900, 1804, 1798, 1799, 1801]"
5382,"[114, 1618, 1696, 807, 1697]"
5383,"[478, 1924, 1607, 116, 89]"
5384,"[1607, 1659, 926, 1903, 1705]"
5385,"[1758, 1704, 1761, 1705, 1762]"
5386,"[1491, 1758, 97, 96, 1655]"
5387,"[1299, 1302, 1760, 885, 1761]"
5388,"[1555, 1491, 364, 760, 479]"
5389,"[1705, 1704, 1772, 493, 1826]"
5390,"[1900, 1917, 1543, 890, 1555]"
5391,"[1902, 1900, 1917, 1761, 1640]"
5392,"[1249, 368, 1894, 862, 1761]"
5393,"[430, 1828, 1833, 1837, 1863]"
5394,"[1915, 1761, 1705, 1760, 216]"
5395,"[1769, 1894, 1704, 1516, 1705]"
5396,"[1924, 155, 158, 157, 1887]"
5397,"[1733, 98, 1772, 1491, 1555]"
5398,"[1131, 412, 760, 1607, 1555]"
5399,"[109, 1924, 1915, 1561, 887]"
5400,"[1723, 1101, 891, 852, 777]"
5401,"[1808, 1706, 1815, 1810, 1837]"
5402,"[1878, 1707, 1772, 1246, 1708]"
5403,"[1705, 1063, 1762, 1758, 1612]"
5404,"[113, 890, 291, 112, 1070]"
5405,"[89, 1914, 113, 1526, 165]"
5406,"[1759, 458, 1556, 1538, 1752]"
5407,"[1924, 89, 1615, 1538, 1586]"
5408,"[1915, 1537, 1526, 1899, 97]"
5409,"[89, 890, 113, 1615, 1626]"
5410,"[89, 870, 1924, 1044, 1717]"
5411,"[1772, 1924, 1914, 1762, 1898]"
5412,"[1914, 1556, 1534, 1520, 1564]"
5413,"[1537, 1044, 890, 1534, 1533]"
5414,"[95, 1463, 1795, 1753, 1704]"
5415,"[89, 890, 113, 1615, 1534]"
5416,"[1759, 1764, 135, 458, 1762]"
5417,"[870, 873, 1705, 482, 1463]"
5418,"[1735, 1044, 890, 1618, 1924]"
5419,"[89, 1534, 125, 1248, 113]"
5420,"[291, 1533, 1550, 1705, 1655]"
5421,"[1704, 1697, 530, 1526, 1899]"
5422,"[1537, 1535, 1903, 1533, 926]"
5423,"[1533, 1618, 1615, 1534, 1537]"
5424,"[291, 1705, 1762, 1758, 1704]"
5425,"[890, 112, 291, 686, 1638]"
5426,"[406, 407, 788, 1614, 48]"
5427,"[1704, 1807, 1705, 1890, 1884]"
5428,"[1890, 1901, 421, 89, 752]"
5429,"[1038, 935, 1039, 1030, 1037]"
5430,"[406, 1526, 1935, 1192, 1890]"
5431,"[1618, 1534, 1526, 89, 921]"
5432,"[1772, 1705, 722, 162, 406]"
5433,"[1618, 1586, 1615, 1523, 1924]"
5434,"[1258, 1863, 1676, 1935, 1260]"
5435,"[935, 1039, 1037, 166, 1030]"
5436,"[406, 407, 1904, 919, 162]"
5437,"[1705, 1704, 1344, 1697, 1696]"
5438,"[408, 1915, 1733, 1924, 1543]"
5439,"[1760, 1769, 1761, 1768, 440]"
5440,"[1935, 1936, 1256, 1618, 1915]"
5441,"[98, 1495, 619, 1548, 1087]"
5442,"[1904, 1614, 461, 1100, 1884]"
5443,"[1713, 1538, 1556, 1893, 1853]"
5444,"[1915, 1538, 1556, 455, 1890]"
5445,"[1890, 160, 921, 156, 930]"
5446,"[1704, 1733, 1705, 1893, 787]"
5447,"[1516, 1039, 935, 565, 1037]"
5448,"[1704, 1131, 1490, 1620, 933]"
5449,"[1077, 1705, 382, 89, 1073]"
5450,"[1760, 1924, 1905, 1768, 1769]"
5451,"[1792, 1733, 1906, 1788, 1534]"
5452,"[1534, 116, 1191, 1924, 1733]"
5453,"[1890, 1893, 819, 1548, 1191]"
5454,"[1617, 1893, 1618, 1890, 1548]"
5455,"[1762, 95, 98, 878, 1915]"
5456,"[164, 919, 167, 165, 174]"
5457,"[1671, 96, 1616, 1745, 866]"
5458,"[928, 1617, 89, 1025, 1890]"
5459,"[1039, 1820, 1819, 1818, 935]"
5460,"[927, 1922, 1897, 406, 407]"
5461,"[1761, 1768, 1617, 1769, 760]"
5462,"[1032, 216, 1676, 1261, 1298]"
5463,"[919, 1025, 673, 406, 937]"
5464,"[1526, 1742, 1548, 1552, 1915]"
5465,"[1924, 478, 1528, 1526, 1548]"
5466,"[1618, 1586, 1615, 1523, 1924]"
5467,"[1046, 919, 937, 159, 291]"
5468,"[1119, 1041, 216, 1027, 1786]"
5469,"[116, 89, 406, 407, 1677]"
5470,"[1899, 1904, 596, 598, 568]"
5471,"[1191, 1904, 1705, 1704, 289]"
5472,"[368, 455, 1191, 1567, 1896]"
5473,"[1904, 1704, 1705, 1191, 289]"
5474,"[114, 1066, 412, 216, 1610]"
5475,"[1904, 1705, 379, 1607, 1608]"
5476,"[1705, 1904, 1067, 1191, 455]"
5477,"[116, 1904, 1531, 60, 1724]"
5478,"[1904, 1705, 1890, 1704, 289]"
5479,"[1904, 455, 1705, 1070, 379]"
5480,"[1705, 1567, 1704, 1608, 1191]"
5481,"[1567, 114, 1922, 1897, 1192]"
5482,"[1705, 1068, 1704, 1066, 1915]"
5483,"[1760, 1768, 1761, 1769, 1775]"
5484,"[1191, 1899, 1534, 1904, 1567]"
5485,"[289, 1904, 1705, 1704, 1240]"
5486,"[1191, 1904, 1899, 220, 1534]"
5487,"[1904, 1705, 289, 1191, 1704]"
5488,"[1904, 289, 1746, 1705, 752]"
5489,"[106, 1894, 1896, 1704, 1761]"
5490,"[1191, 1904, 1704, 1705, 289]"
5491,"[1523, 1277, 692, 1726, 1733]"
5492,"[289, 1904, 1705, 339, 1704]"
5493,"[1904, 1070, 1705, 116, 1704]"
5494,"[1904, 289, 1705, 1704, 1191]"
5495,"[1531, 1070, 113, 1113, 1904]"
5496,"[1904, 1704, 1705, 289, 1890]"
5497,"[1890, 1904, 1705, 819, 1191]"
5498,"[1191, 1904, 1704, 692, 1705]"
5499,"[1726, 1523, 1191, 455, 692]"
5500,"[1904, 289, 1704, 1705, 1890]"
5501,"[1191, 1904, 1704, 289, 1890]"
5502,"[116, 1191, 1904, 114, 1705]"
5503,"[289, 1531, 1904, 1705, 1704]"
5504,"[1191, 1704, 1904, 1705, 289]"
5505,"[1704, 1761, 1760, 106, 341]"
5506,"[1890, 1904, 1704, 1705, 1191]"
5507,"[1192, 1904, 455, 1907, 1191]"
5508,"[1032, 1719, 343, 390, 1071]"
5509,"[689, 110, 1705, 1191, 1151]"
5510,"[1726, 1704, 1761, 1567, 846]"
5511,"[1904, 1704, 1191, 1705, 289]"
5512,"[1904, 1246, 1772, 3, 1192]"
5513,"[1904, 1705, 1768, 1704, 1889]"
5514,"[1073, 1083, 1028, 1705, 1157]"
5515,"[677, 1607, 1131, 377, 1608]"
5516,"[1849, 1848, 1847, 1845, 1853]"
5517,"[1607, 1022, 1019, 1608, 477]"
5518,"[393, 332, 1001, 7, 1040]"
5519,"[1821, 1837, 1833, 1818, 1819]"
5520,"[1019, 1022, 477, 340, 749]"
5521,"[360, 1019, 1022, 1924, 1891]"
5522,"[175, 164, 1658, 165, 1896]"
5523,"[1022, 749, 1607, 477, 1191]"
5524,"[1814, 1813, 927, 1837, 1828]"
5525,"[1704, 7, 163, 1019, 1320]"
5526,"[1768, 1760, 1769, 1775, 478]"
5527,"[1607, 1608, 1517, 96, 97]"
5528,"[1704, 98, 96, 97, 868]"
5529,"[1192, 1608, 1157, 1607, 1896]"
5530,"[1790, 1791, 1023, 1792, 760]"
5531,"[430, 441, 1192, 1606, 1924]"
5532,"[360, 329, 384, 1168, 1177]"
5533,"[1915, 368, 1925, 1076, 332]"
5534,"[933, 1250, 425, 930, 936]"
5535,"[1828, 1837, 1833, 1813, 1814]"
5536,"[1915, 1704, 1837, 1833, 1828]"
5537,"[1314, 1666, 306, 1202, 410]"
5538,"[1704, 1689, 1059, 1019, 1086]"
5539,"[1615, 1586, 97, 1606, 96]"
5540,"[1704, 96, 97, 98, 1019]"
5541,"[1286, 1167, 1904, 1022, 70]"
5542,"[1157, 1607, 1191, 1034, 1893]"
5543,"[1042, 1041, 1193, 1086, 455]"
5544,"[443, 884, 1022, 1011, 816]"
5545,"[1022, 1704, 1705, 1193, 749]"
5546,"[749, 1904, 787, 1334, 1370]"
5547,"[1490, 1752, 1891, 1002, 237]"
5548,"[749, 1022, 477, 1700, 368]"
5549,"[1077, 1041, 1560, 1704, 1603]"
5550,"[677, 1915, 1320, 655, 403]"
5551,"[371, 1915, 1762, 1148, 1758]"
5552,"[1847, 1845, 1849, 1848, 1842]"
5553,"[1915, 677, 376, 1885, 1887]"
5554,"[441, 1705, 857, 1863, 858]"
5555,"[28, 428, 1073, 1640, 216]"
5556,"[1861, 1915, 1855, 1762, 1148]"
5557,"[1269, 396, 302, 605, 1285]"
5558,"[1922, 1897, 89, 1907, 1063]"
5559,"[65, 63, 1922, 1897, 441]"
5560,"[1340, 1890, 1705, 1704, 1752]"
5561,"[1922, 1897, 927, 1630, 1612]"
5562,"[1191, 1627, 1886, 1904, 1554]"
5563,"[113, 89, 1922, 1897, 890]"
5564,"[1705, 1567, 1890, 1889, 1704]"
5565,"[95, 433, 1246, 165, 12]"
5566,"[1762, 1922, 1897, 89, 1063]"
5567,"[1586, 1615, 43, 1192, 1556]"
5568,"[1899, 1085, 1526, 1133, 43]"
5569,"[1627, 1905, 1587, 113, 1899]"
5570,"[1915, 1927, 368, 216, 1677]"
5571,"[1907, 1922, 1897, 1526, 478]"
5572,"[927, 165, 1077, 1904, 1025]"
5573,"[1627, 1905, 1904, 1894, 1613]"
5574,"[1072, 1618, 1704, 1890, 1705]"
5575,"[89, 113, 1885, 1733, 1567]"
5576,"[1587, 1627, 1907, 89, 1612]"
5577,"[927, 1063, 1588, 1704, 1762]"
5578,"[113, 165, 1191, 1627, 1904]"
5579,"[594, 42, 1368, 1922, 1897]"
5580,"[1884, 1526, 1588, 478, 1906]"
5581,"[1922, 1897, 1907, 455, 368]"
5582,"[1915, 1922, 1897, 1526, 1907]"
5583,"[1704, 896, 530, 1922, 1897]"
5584,"[1608, 1607, 1193, 1586, 886]"
5585,"[1922, 1897, 1915, 1704, 530]"
5586,"[165, 927, 1905, 1025, 937]"
5587,"[1612, 1762, 1772, 1704, 1758]"
5588,"[1922, 1897, 1526, 1915, 166]"
5589,"[1905, 1894, 1613, 1922, 1897]"
5590,"[1922, 1897, 1587, 166, 1526]"
5591,"[927, 1193, 113, 159, 937]"
5592,"[935, 1035, 1754, 89, 1892]"
5593,"[1922, 1897, 1615, 1905, 1586]"
5594,"[1915, 1526, 478, 1927, 331]"
5595,"[1705, 1704, 1917, 1612, 114]"
5596,"[1704, 1612, 1887, 1907, 1620]"
5597,"[1627, 1587, 1905, 164, 165]"
5598,"[1587, 530, 1704, 113, 1705]"
5599,"[1922, 1897, 1907, 89, 1526]"
5600,"[1922, 1897, 1526, 587, 1063]"
5601,"[1704, 530, 1607, 468, 1705]"
5602,"[1705, 1704, 1907, 165, 1924]"
5603,"[16, 1705, 1704, 1713, 1071]"
5604,"[1705, 1704, 37, 1751, 1717]"
5605,"[1704, 1705, 1178, 1906, 1529]"
5606,"[1915, 216, 1704, 677, 1620]"
5607,"[106, 1704, 1705, 1890, 1910]"
5608,"[1071, 937, 159, 164, 329]"
5609,"[1746, 164, 165, 787, 760]"
5610,"[1905, 1627, 165, 113, 1527]"
5611,"[1704, 1705, 589, 1070, 1701]"
5612,"[1704, 1924, 1705, 341, 926]"
5613,"[1704, 165, 1705, 48, 43]"
5614,"[165, 164, 1704, 1705, 1020]"
5615,"[1705, 1704, 60, 688, 165]"
5616,"[16, 291, 1704, 1705, 1070]"
5617,"[1627, 1705, 1905, 1704, 1896]"
5618,"[1191, 1021, 1906, 692, 1904]"
5619,"[1705, 1704, 1534, 1697, 1610]"
5620,"[1612, 1705, 1704, 1889, 114]"
5621,"[510, 1705, 1704, 1472, 114]"
5622,"[464, 1705, 1704, 165, 164]"
5623,"[165, 1704, 1705, 164, 113]"
5624,"[1905, 1627, 1554, 16, 1191]"
5625,"[1705, 1704, 478, 1155, 1924]"
5626,"[1705, 1704, 1878, 1707, 413]"
5627,"[447, 1273, 1887, 1579, 377]"
5628,"[165, 1704, 547, 543, 1705]"
5629,"[1020, 1915, 1704, 1705, 618]"
5630,"[1224, 348, 341, 1403, 360]"
5631,"[165, 1704, 1705, 1701, 1070]"
5632,"[1705, 1704, 589, 216, 1904]"
5633,"[165, 1704, 1705, 164, 1070]"
5634,"[1705, 1704, 1878, 1707, 413]"
5635,"[1705, 1704, 1924, 1906, 1592]"
5636,"[1924, 165, 163, 164, 866]"
5637,"[1704, 289, 165, 1705, 819]"
5638,"[165, 1704, 1705, 1922, 1897]"
5639,"[1934, 1705, 1704, 1906, 1086]"
5640,"[921, 163, 164, 1915, 1705]"
5641,"[688, 165, 1272, 1251, 480]"
5642,"[1704, 1705, 1070, 1701, 48]"
5643,"[1705, 1704, 589, 462, 460]"
5644,"[1899, 1588, 1906, 1529, 1705]"
5645,"[1201, 788, 1869, 171, 1701]"
5646,"[1193, 455, 98, 1899, 1922]"
5647,"[113, 1025, 165, 89, 739]"
5648,"[1922, 1897, 868, 1705, 1748]"
5649,"[1899, 1907, 1627, 895, 927]"
5650,"[642, 1523, 1879, 227, 1010]"
5651,"[1922, 1897, 89, 1526, 165]"
5652,"[113, 1899, 478, 1929, 900]"
5653,"[460, 1612, 1620, 1519, 677]"
5654,"[1907, 1901, 1935, 927, 63]"
5655,"[1907, 1612, 1762, 1901, 1758]"
5656,"[28, 1915, 1299, 1256, 1260]"
5657,"[1922, 1897, 1526, 1899, 1905]"
5658,"[1705, 1704, 165, 1193, 1197]"
5659,"[1704, 1899, 530, 1705, 896]"
5660,"[1907, 1612, 1762, 1926, 1758]"
5661,"[406, 732, 407, 440, 1263]"
5662,"[1704, 1836, 1302, 1873, 530]"
5663,"[1922, 1897, 1899, 1907, 166]"
5664,"[1899, 440, 216, 1263, 1762]"
5665,"[927, 1907, 1627, 1922, 1897]"
5666,"[1922, 1897, 1915, 1526, 1887]"
5667,"[1687, 1026, 1919, 63, 65]"
5668,"[1922, 1897, 621, 1899, 1526]"
5669,"[361, 362, 1159, 1915, 1176]"
5670,"[1620, 1836, 1678, 1855, 1023]"
5671,"[96, 1792, 1790, 1789, 1791]"
5672,"[113, 89, 1915, 1922, 1897]"
5673,"[97, 96, 1846, 1915, 1031]"
5674,"[1922, 1897, 89, 1587, 1905]"
5675,"[1659, 1855, 1836, 1873, 1832]"
5676,"[1899, 1705, 106, 1907, 1704]"
5677,"[1135, 408, 1733, 125, 1918]"
5678,"[329, 1133, 575, 319, 571]"
5679,"[1670, 102, 98, 793, 1201]"
5680,"[1742, 1554, 1544, 1553, 1542]"
5681,"[1201, 1118, 1927, 1887, 1087]"
5682,"[420, 1628, 60, 1549, 1320]"
5683,"[1832, 96, 1873, 1836, 1302]"
5684,"[171, 73, 1607, 1615, 403]"
5685,"[1924, 420, 862, 487, 1603]"
5686,"[73, 1541, 749, 793, 102]"
5687,"[802, 4, 1878, 1707, 73]"
5688,"[118, 4, 1873, 1836, 432]"
5689,"[171, 420, 583, 749, 1670]"
5690,"[793, 171, 749, 66, 1670]"
5691,"[171, 1887, 73, 749, 1670]"
5692,"[866, 1889, 1119, 867, 1925]"
5693,"[73, 4, 803, 1246, 1878]"
5694,"[420, 97, 96, 919, 1915]"
5695,"[1541, 637, 96, 97, 98]"
5696,"[1878, 1707, 1246, 1708, 1772]"
5697,"[667, 1887, 749, 1670, 1541]"
5698,"[1541, 1520, 1628, 1553, 1742]"
5699,"[1937, 73, 1878, 1707, 295]"
5700,"[1742, 73, 1525, 1541, 1533]"
5701,"[1701, 1697, 749, 1670, 1320]"
5702,"[73, 1878, 1707, 1320, 1317]"
5703,"[329, 1549, 835, 1915, 1133]"
5704,"[1670, 793, 749, 102, 98]"
5705,"[73, 4, 1246, 1878, 1707]"
5706,"[1705, 1317, 1704, 1769, 1783]"
5707,"[1670, 1863, 1935, 1833, 1837]"
5708,"[1700, 1904, 1701, 1889, 124]"
5709,"[1320, 420, 60, 1700, 126]"
5710,"[677, 376, 1705, 933, 171]"
5711,"[1786, 1563, 1603, 862, 606]"
5712,"[216, 1670, 1915, 1246, 1317]"
5713,"[420, 1320, 60, 893, 1700]"
5714,"[420, 1700, 1670, 96, 73]"
5715,"[848, 851, 89, 62, 1878]"
5716,"[640, 46, 643, 651, 634]"
5717,"[4, 1246, 73, 1317, 282]"
5718,"[4, 73, 1317, 1246, 282]"
5719,"[1742, 1520, 1534, 1554, 1553]"
5720,"[1887, 1201, 1886, 1885, 1457]"
5721,"[1742, 1525, 1701, 282, 73]"
5722,"[421, 1193, 1904, 1547, 1550]"
5723,"[1586, 1713, 1070, 409, 1746]"
5724,"[96, 97, 425, 1270, 1073]"
5725,"[1201, 96, 925, 139, 289]"
5726,"[1193, 1041, 1924, 1248, 1040]"
5727,"[290, 1538, 1073, 1556, 1167]"
5728,"[1924, 169, 1586, 1041, 1025]"
5729,"[1026, 1040, 169, 1193, 1036]"
5730,"[1524, 1909, 1885, 1193, 1586]"
5731,"[1041, 1554, 1556, 1927, 926]"
5732,"[1924, 1025, 1029, 1317, 165]"
5733,"[1036, 1025, 169, 1041, 1035]"
5734,"[1026, 1193, 164, 165, 1025]"
5735,"[926, 1041, 1006, 1699, 175]"
5736,"[1040, 1202, 1041, 410, 1193]"
5737,"[1026, 265, 1604, 1040, 1647]"
5738,"[425, 936, 421, 165, 1670]"
5739,"[425, 1885, 1626, 1761, 98]"
5740,"[1193, 165, 164, 1040, 1026]"
5741,"[1176, 1173, 890, 89, 353]"
5742,"[1298, 98, 96, 97, 1863]"
5743,"[1586, 1029, 1025, 169, 1672]"
5744,"[1586, 1615, 1193, 1041, 89]"
5745,"[1040, 1757, 1776, 107, 1130]"
5746,"[169, 1025, 1035, 1041, 1043]"
5747,"[885, 1831, 1193, 165, 1911]"
5748,"[1026, 1029, 1193, 478, 1034]"
5749,"[1193, 165, 1040, 1026, 169]"
5750,"[1924, 97, 96, 1713, 938]"
5751,"[1915, 497, 1343, 1299, 1369]"
5752,"[220, 1490, 903, 1130, 212]"
5753,"[1041, 1193, 1040, 1924, 1885]"
5754,"[1745, 1671, 1616, 1041, 112]"
5755,"[1029, 165, 1040, 1670, 1534]"
5756,"[1924, 1193, 1029, 159, 937]"
5757,"[1270, 1727, 681, 53, 1924]"
5758,"[1586, 1567, 698, 1713, 925]"
5759,"[1029, 1649, 1149, 1030, 1666]"
5760,"[930, 1742, 928, 938, 164]"
5761,"[408, 410, 1202, 1029, 362]"
5762,"[1757, 1776, 302, 1026, 452]"
5763,"[1935, 1820, 927, 1298, 430]"
5764,"[719, 1026, 1046, 1048, 1590]"
5765,"[1885, 1832, 1302, 1649, 1030]"
5766,"[1260, 1256, 1299, 1836, 1258]"
5767,"[677, 1915, 972, 969, 976]"
5768,"[719, 258, 1704, 1705, 1026]"
5769,"[928, 938, 1704, 1705, 164]"
5770,"[89, 165, 1025, 164, 113]"
5771,"[1029, 921, 164, 159, 937]"
5772,"[1025, 165, 302, 164, 1193]"
5773,"[972, 914, 1651, 1148, 371]"
5774,"[356, 719, 1590, 823, 1704]"
5775,"[408, 120, 1731, 1692, 969]"
5776,"[1148, 758, 1068, 410, 1202]"
5777,"[358, 824, 853, 1026, 823]"
5778,"[1915, 1049, 1029, 1054, 1666]"
5779,"[1935, 1704, 1705, 430, 1258]"
5780,"[1666, 719, 1030, 1046, 403]"
5781,"[1666, 719, 1649, 885, 1906]"
5782,"[165, 1030, 1915, 1620, 1026]"
5783,"[446, 1029, 1197, 1255, 926]"
5784,"[1915, 408, 1561, 317, 1821]"
5785,"[1590, 286, 283, 258, 1014]"
5786,"[788, 298, 1692, 1346, 165]"
5787,"[1052, 1055, 823, 74, 1193]"
5788,"[1900, 1649, 1666, 1042, 1902]"
5789,"[1906, 1649, 677, 1828, 1528]"
5790,"[1529, 1526, 1519, 1592, 1527]"
5791,"[1590, 1026, 1906, 1046, 1079]"
5792,"[197, 1018, 1038, 997, 1680]"
5793,"[1677, 165, 125, 1042, 1915]"
5794,"[197, 1836, 1873, 216, 1832]"
5795,"[1680, 1073, 884, 1054, 361]"
5796,"[405, 1299, 1924, 1915, 1618]"
5797,"[1915, 408, 1733, 128, 1299]"
5798,"[1915, 136, 212, 927, 138]"
5799,"[1915, 885, 419, 749, 1030]"
5800,"[332, 78, 1077, 1011, 1029]"
5801,"[1022, 583, 1148, 1334, 1704]"
5802,"[197, 1207, 1918, 1911, 1038]"
5803,"[847, 51, 1590, 303, 1038]"
5804,"[408, 615, 1193, 1029, 323]"
5805,"[692, 781, 165, 960, 1698]"
5806,"[885, 114, 1344, 1030, 1915]"
5807,"[1046, 1536, 1193, 80, 1148]"
5808,"[692, 97, 96, 165, 1591]"
5809,"[125, 1630, 927, 89, 165]"
5810,"[1030, 1076, 1916, 1906, 1928]"
5811,"[1915, 919, 1299, 164, 163]"
5812,"[1137, 1133, 138, 1618, 1193]"
5813,"[1014, 1590, 1592, 258, 1929]"
5814,"[197, 1680, 1666, 1018, 1154]"
5815,"[1055, 1863, 1592, 1901, 408]"
5816,"[1666, 823, 719, 165, 1649]"
5817,"[1148, 1918, 1048, 1192, 1076]"
5818,"[1055, 165, 980, 1193, 408]"
5819,"[368, 1915, 373, 1280, 1066]"
5820,"[1133, 1135, 212, 1137, 89]"
5821,"[1046, 89, 1041, 113, 470]"
5822,"[273, 276, 1016, 278, 1318]"
5823,"[1915, 1042, 926, 265, 1204]"
5824,"[478, 1130, 1073, 1626, 1900]"
5825,"[1017, 1030, 165, 1202, 410]"
5826,"[1590, 1592, 1014, 1591, 197]"
5827,"[1030, 1026, 1915, 165, 1202]"
5828,"[1630, 464, 1676, 89, 1922]"
5829,"[1705, 1590, 1024, 1704, 155]"
5830,"[1133, 1135, 108, 1042, 1926]"
5831,"[1154, 1018, 197, 1680, 1697]"
5832,"[197, 1680, 1018, 1154, 1038]"
5833,"[165, 1038, 885, 1906, 159]"
5834,"[1055, 1590, 212, 1592, 1042]"
5835,"[1135, 1192, 1133, 138, 1137]"
5836,"[1148, 1863, 1901, 1104, 1023]"
5837,"[1620, 1792, 1904, 1733, 1029]"
5838,"[1025, 919, 159, 937, 1618]"
5839,"[1025, 926, 159, 937, 919]"
5840,"[1704, 1473, 1836, 1873, 1832]"
5841,"[1936, 1526, 1899, 97, 96]"
5842,"[1915, 219, 1046, 930, 1771]"
5843,"[1344, 1249, 1915, 1032, 419]"
5844,"[1936, 1193, 937, 1025, 1935]"
5845,"[1906, 1588, 1529, 937, 1528]"
5846,"[1936, 1193, 1191, 926, 1598]"
5847,"[1705, 1906, 1704, 1873, 1836]"
5848,"[1666, 1042, 1649, 1620, 1705]"
5849,"[1528, 1704, 1906, 1705, 1191]"
5850,"[823, 1792, 1790, 1836, 1873]"
5851,"[377, 1704, 1705, 1752, 1249]"
5852,"[1915, 1906, 1529, 1588, 1899]"
5853,"[1904, 1885, 1906, 455, 1936]"
5854,"[1825, 1835, 1872, 1873, 1836]"
5855,"[1915, 1906, 885, 89, 1528]"
5856,"[1193, 1936, 1555, 1550, 1915]"
5857,"[1590, 1014, 1936, 1008, 1592]"
5858,"[1916, 1906, 125, 1928, 1086]"
5859,"[1917, 1193, 455, 408, 1191]"
5860,"[1705, 1704, 1620, 1618, 1193]"
5861,"[1915, 265, 1863, 1929, 1704]"
5862,"[1906, 1705, 1704, 1618, 1588]"
5863,"[1936, 1157, 1277, 1255, 926]"
5864,"[1915, 1861, 97, 1906, 1620]"
5865,"[926, 1906, 1916, 1025, 1193]"
5866,"[1690, 1086, 1928, 1906, 1178]"
5867,"[1916, 901, 1885, 1620, 1193]"
5868,"[1906, 1936, 403, 1705, 1704]"
5869,"[1936, 1935, 1752, 1704, 1148]"
5870,"[1906, 1588, 1030, 1529, 1916]"
5871,"[1906, 1528, 1704, 1299, 1705]"
5872,"[1025, 926, 159, 937, 919]"
5873,"[677, 952, 1046, 914, 160]"
5874,"[919, 1025, 1792, 1793, 1764]"
5875,"[919, 765, 1759, 1793, 1025]"
5876,"[1906, 1704, 1705, 1916, 1528]"
5877,"[1906, 1086, 1936, 1528, 1928]"
5878,"[1617, 1936, 1915, 926, 1041]"
5879,"[1936, 1063, 1904, 926, 1899]"
5880,"[736, 207, 350, 151, 164]"
5881,"[1613, 1033, 928, 730, 736]"
5882,"[1063, 1539, 1762, 1908, 1114]"
5883,"[732, 729, 913, 967, 151]"
5884,"[892, 927, 1063, 96, 924]"
5885,"[1193, 862, 1033, 1029, 165]"
5886,"[175, 164, 925, 924, 938]"
5887,"[216, 1786, 1787, 1733, 1788]"
5888,"[1608, 1205, 1607, 736, 1649]"
5889,"[1042, 1915, 1193, 1924, 1716]"
5890,"[862, 216, 89, 1915, 1904]"
5891,"[1588, 442, 1286, 1529, 190]"
5892,"[606, 349, 723, 862, 1603]"
5893,"[736, 988, 1649, 943, 969]"
5894,"[1052, 1924, 1046, 149, 1915]"
5895,"[1790, 1788, 618, 216, 1733]"
5896,"[165, 1676, 927, 1638, 1900]"
5897,"[1705, 1338, 1704, 719, 1584]"
5898,"[1587, 128, 1788, 1733, 113]"
5899,"[164, 1618, 1193, 165, 421]"
5900,"[862, 927, 1587, 1886, 1887]"
5901,"[925, 408, 1733, 1035, 1050]"
5902,"[1587, 1733, 165, 927, 1627]"
5903,"[349, 1670, 1120, 351, 366]"
5904,"[925, 924, 914, 165, 408]"
5905,"[406, 407, 919, 162, 442]"
5906,"[190, 145, 149, 914, 736]"
5907,"[924, 1030, 1039, 1704, 925]"
5908,"[1063, 1733, 1792, 408, 1762]"
5909,"[1917, 408, 350, 145, 1902]"
5910,"[1704, 1705, 1034, 165, 1193]"
5911,"[927, 1924, 1389, 938, 935]"
5912,"[924, 1248, 604, 351, 250]"
5913,"[885, 1704, 1705, 261, 235]"
5914,"[165, 1587, 28, 868, 164]"
5915,"[886, 1193, 165, 164, 419]"
5916,"[1033, 1705, 1733, 164, 165]"
5917,"[1316, 206, 977, 1904, 736]"
5918,"[1733, 175, 216, 541, 1788]"
5919,"[1029, 1035, 1034, 737, 175]"
5920,"[1587, 1025, 927, 1193, 175]"
5921,"[150, 1793, 145, 964, 140]"
5922,"[351, 1018, 1050, 918, 1033]"
5923,"[1016, 1704, 278, 274, 350]"
5924,"[1885, 371, 1906, 1901, 1836]"
5925,"[1902, 1900, 1591, 114, 901]"
5926,"[1591, 1302, 1901, 1617, 1074]"
5927,"[1915, 408, 164, 1148, 455]"
5928,"[1907, 28, 1050, 1680, 24]"
5929,"[1704, 1753, 1705, 1052, 267]"
5930,"[1915, 641, 1752, 1733, 1705]"
5931,"[1590, 1592, 1591, 921, 1042]"
5932,"[1030, 1915, 1592, 1042, 1591]"
5933,"[1915, 927, 1673, 892, 1592]"
5934,"[28, 1713, 618, 125, 24]"
5935,"[1154, 1026, 114, 411, 165]"
5936,"[903, 370, 1636, 1753, 1069]"
5937,"[1560, 1742, 1561, 1550, 1552]"
5938,"[1704, 1836, 1299, 317, 1873]"
5939,"[1030, 1591, 165, 1042, 1592]"
5940,"[1022, 835, 1705, 1704, 1733]"
5941,"[102, 1676, 647, 89, 1619]"
5942,"[1915, 1592, 419, 1705, 1932]"
5943,"[1900, 1915, 1902, 885, 317]"
5944,"[1915, 1193, 164, 1299, 165]"
5945,"[1042, 1193, 1617, 1915, 165]"
5946,"[1193, 1916, 1926, 425, 937]"
5947,"[1915, 1045, 618, 659, 1050]"
5948,"[965, 1591, 964, 1592, 1029]"
5949,"[1042, 1041, 159, 937, 921]"
5950,"[28, 1592, 1590, 1705, 1659]"
5951,"[1042, 1591, 1592, 1590, 1809]"
5952,"[28, 868, 1748, 959, 408]"
5953,"[1917, 1915, 408, 114, 216]"
5954,"[1900, 1902, 1591, 1592, 408]"
5955,"[1592, 1915, 927, 1906, 1590]"
5956,"[1902, 1915, 1591, 1042, 1193]"
5957,"[1029, 212, 1135, 1606, 1026]"
5958,"[289, 1561, 1733, 408, 1915]"
5959,"[1900, 1592, 1591, 1902, 1042]"
5960,"[419, 406, 407, 1042, 165]"
5961,"[1602, 1148, 1042, 291, 925]"
5962,"[1873, 1836, 150, 1832, 1234]"
5963,"[1836, 1828, 1833, 1837, 1704]"
5964,"[1915, 885, 1043, 1049, 1037]"
5965,"[692, 887, 655, 1637, 620]"
5966,"[1915, 921, 1607, 164, 1608]"
5967,"[1915, 408, 1900, 1902, 289]"
5968,"[1592, 1157, 1014, 886, 1924]"
5969,"[1049, 380, 1042, 1929, 1154]"
5970,"[1592, 430, 1148, 1929, 1935]"
5971,"[150, 1488, 1202, 410, 719]"
5972,"[1750, 1272, 455, 1202, 410]"
5973,"[1929, 55, 787, 1704, 1705]"
5974,"[1705, 1043, 796, 1592, 1704]"
5975,"[1043, 1051, 1014, 1620, 1474]"
5976,"[1608, 1607, 1033, 1014, 1517]"
5977,"[1894, 1704, 89, 455, 612]"
5978,"[1705, 543, 1704, 1014, 267]"
5979,"[1911, 1592, 1680, 1924, 926]"
5980,"[1607, 1592, 1157, 1929, 1014]"
5981,"[543, 1705, 427, 1704, 1511]"
5982,"[1915, 1043, 1620, 1608, 1607]"
5983,"[1072, 1809, 1704, 1705, 1042]"
5984,"[1014, 1592, 55, 1929, 512]"
5985,"[1704, 1592, 1705, 1014, 1723]"
5986,"[1043, 1051, 936, 1620, 823]"
5987,"[1014, 260, 1632, 218, 262]"
5988,"[1567, 1787, 1733, 1788, 58]"
5989,"[875, 1608, 1050, 1795, 1014]"
5990,"[440, 427, 1040, 1014, 308]"
5991,"[823, 1666, 89, 478, 728]"
5992,"[1191, 1014, 1607, 1157, 1608]"
5993,"[1915, 1620, 34, 97, 96]"
5994,"[1411, 1704, 1073, 1705, 1929]"
5995,"[543, 1658, 1592, 1014, 1705]"
5996,"[1805, 1778, 1882, 262, 252]"
5997,"[1894, 1705, 1704, 1592, 749]"
5998,"[55, 1490, 1929, 377, 1704]"
5999,"[1163, 643, 785, 1164, 1692]"
6000,"[1704, 1014, 1607, 729, 1929]"
6001,"[1592, 1924, 1915, 1590, 1042]"
6002,"[1014, 55, 1723, 1929, 1704]"
6003,"[1608, 1586, 26, 1517, 1607]"
6004,"[1033, 1026, 1029, 1042, 164]"
6005,"[543, 1929, 1590, 1511, 1014]"
6006,"[1592, 1929, 1207, 529, 1933]"
6007,"[478, 1924, 1014, 1592, 673]"
6008,"[1043, 1658, 1592, 692, 97]"
6009,"[1042, 1607, 1608, 1590, 1592]"
6010,"[812, 1894, 455, 1014, 1613]"
6011,"[1929, 89, 455, 1592, 116]"
6012,"[933, 1815, 1299, 919, 1814]"
6013,"[261, 245, 267, 266, 239]"
6014,"[886, 965, 1042, 368, 1894]"
6015,"[1792, 1791, 412, 1789, 1899]"
6016,"[1055, 1052, 1325, 408, 1911]"
6017,"[965, 886, 862, 368, 1648]"
6018,"[862, 965, 886, 368, 259]"
6019,"[1851, 1850, 1844, 1843, 1828]"
6020,"[222, 1047, 1055, 150, 153]"
6021,"[1809, 933, 1193, 1873, 1836]"
6022,"[1704, 1915, 530, 1705, 1825]"
6023,"[1053, 74, 1873, 1836, 1850]"
6024,"[933, 1809, 1873, 1836, 1832]"
6025,"[1737, 886, 1049, 259, 274]"
6026,"[261, 245, 1002, 1003, 236]"
6027,"[982, 213, 1590, 211, 985]"
6028,"[282, 66, 1055, 403, 267]"
6029,"[1915, 1193, 1042, 937, 159]"
6030,"[149, 1055, 1037, 1677, 1205]"
6031,"[1055, 1911, 1052, 980, 985]"
6032,"[933, 1809, 1705, 1193, 1704]"
6033,"[720, 1153, 1049, 933, 242]"
6034,"[1809, 933, 1495, 1705, 1704]"
6035,"[1055, 980, 259, 211, 1697]"
6036,"[222, 1047, 523, 1421, 1867]"
6037,"[1055, 1193, 1049, 1704, 1705]"
6038,"[1002, 261, 232, 236, 1003]"
6039,"[1055, 925, 216, 1495, 1042]"
6040,"[271, 1742, 1205, 74, 261]"
6041,"[1924, 562, 259, 1055, 567]"
6042,"[1620, 1055, 245, 925, 1495]"
6043,"[1863, 1836, 1935, 1832, 1816]"
6044,"[1853, 1810, 1816, 1817, 1818]"
6045,"[916, 964, 408, 145, 988]"
6046,"[261, 267, 266, 239, 238]"
6047,"[261, 1617, 1659, 1002, 267]"
6048,"[1809, 933, 1873, 1836, 1832]"
6049,"[261, 1049, 1065, 1927, 267]"
6050,"[1055, 259, 1049, 211, 982]"
6051,"[259, 224, 261, 1317, 267]"
6052,"[1053, 408, 1873, 1836, 1832]"
6053,"[403, 1704, 452, 1300, 1873]"
6054,"[677, 886, 1, 1620, 1890]"
6055,"[1917, 1832, 1873, 1836, 408]"
6056,"[1029, 1027, 1037, 164, 165]"
6057,"[1742, 1338, 988, 959, 1666]"
6058,"[965, 1073, 408, 916, 749]"
6059,"[403, 372, 765, 1202, 410]"
6060,"[1560, 990, 1561, 1760, 147]"
6061,"[1046, 1026, 1079, 969, 976]"
6062,"[1053, 1832, 1873, 1836, 1026]"
6063,"[1863, 1649, 1861, 236, 1003]"
6064,"[1915, 1030, 1935, 1906, 1560]"
6065,"[1863, 1828, 1833, 1837, 1906]"
6066,"[885, 1026, 903, 719, 1704]"
6067,"[1037, 1923, 1027, 1832, 1752]"
6068,"[1915, 163, 419, 677, 408]"
6069,"[163, 677, 1915, 408, 1924]"
6070,"[885, 1193, 1555, 1809, 1026]"
6071,"[719, 1026, 1590, 286, 1832]"
6072,"[1861, 1912, 271, 1836, 1873]"
6073,"[1836, 1906, 371, 938, 1256]"
6074,"[921, 1046, 1026, 1042, 446]"
6075,"[1915, 1929, 1863, 1935, 927]"
6076,"[885, 1202, 410, 1029, 1026]"
6077,"[1915, 496, 1620, 1924, 1705]"
6078,"[637, 653, 656, 657, 634]"
6079,"[1046, 1026, 1079, 969, 976]"
6080,"[1042, 1029, 1030, 1620, 1666]"
6081,"[1885, 1053, 938, 921, 1590]"
6082,"[237, 1003, 232, 236, 1002]"
6083,"[1915, 1027, 1030, 164, 163]"
6084,"[1495, 1924, 1511, 1026, 1299]"
6085,"[1873, 1836, 911, 962, 1002]"
6086,"[1915, 1026, 1906, 406, 407]"
6087,"[1885, 1053, 938, 921, 1590]"
6088,"[1924, 1306, 673, 454, 1704]"
6089,"[1304, 1825, 1760, 464, 933]"
6090,"[1191, 1884, 1562, 1704, 432]"
6091,"[98, 1742, 1536, 1562, 1555]"
6092,"[1191, 1064, 1825, 440, 1523]"
6093,"[1924, 275, 350, 273, 277]"
6094,"[1704, 164, 98, 673, 1133]"
6095,"[1926, 1191, 1273, 1825, 1274]"
6096,"[1705, 1704, 1157, 689, 686]"
6097,"[1833, 1837, 1828, 1822, 1821]"
6098,"[1924, 1937, 1191, 1523, 1760]"
6099,"[1704, 1705, 1607, 1442, 901]"
6100,"[1249, 1273, 552, 783, 1926]"
6101,"[1704, 114, 1902, 408, 1705]"
6102,"[1924, 116, 552, 478, 454]"
6103,"[116, 1070, 440, 1112, 680]"
6104,"[1677, 114, 116, 890, 1704]"
6105,"[98, 368, 455, 1825, 97]"
6106,"[1825, 1538, 1556, 333, 1705]"
6107,"[1902, 1900, 890, 1676, 112]"
6108,"[89, 455, 689, 1191, 612]"
6109,"[1821, 1822, 1833, 1837, 1828]"
6110,"[332, 1191, 114, 1523, 1899]"
6111,"[1772, 777, 1304, 1704, 1705]"
6112,"[258, 1576, 1721, 887, 1760]"
6113,"[409, 1191, 1705, 1758, 1704]"
6114,"[275, 137, 350, 274, 136]"
6115,"[887, 692, 1760, 1705, 1562]"
6116,"[478, 1697, 412, 1696, 1924]"
6117,"[842, 1705, 884, 1192, 1704]"
6118,"[1704, 1705, 706, 1272, 1191]"
6119,"[383, 1705, 371, 1704, 616]"
6120,"[1924, 1772, 777, 1210, 1403]"
6121,"[1608, 1607, 1896, 1517, 1157]"
6122,"[60, 1618, 1141, 1704, 1915]"
6123,"[280, 275, 1929, 884, 406]"
6124,"[1721, 443, 379, 1147, 437]"
6125,"[1884, 1562, 432, 1704, 1191]"
6126,"[1904, 1607, 18, 1192, 1248]"
6127,"[1133, 324, 321, 1128, 320]"
6128,"[1192, 258, 1705, 1615, 1620]"
6129,"[717, 1187, 379, 1787, 1721]"
6130,"[1902, 60, 116, 114, 455]"
6131,"[1697, 862, 333, 1825, 1696]"
6132,"[281, 1704, 1705, 1191, 1531]"
6133,"[1547, 163, 1551, 1742, 1549]"
6134,"[1122, 7, 1924, 1697, 616]"
6135,"[1902, 1052, 1071, 1552, 1121]"
6136,"[1760, 922, 1296, 1775, 1761]"
6137,"[1192, 1134, 1163, 1752, 1705]"
6138,"[665, 793, 1670, 102, 654]"
6139,"[441, 1915, 1863, 1902, 927]"
6140,"[1022, 749, 477, 629, 665]"
6141,"[1915, 1299, 216, 437, 1343]"
6142,"[1902, 408, 1543, 281, 702]"
6143,"[137, 154, 138, 1029, 168]"
6144,"[164, 1255, 216, 1628, 1666]"
6145,"[1815, 1841, 1839, 1838, 1840]"
6146,"[1902, 1617, 1556, 1926, 420]"
6147,"[1705, 46, 681, 1704, 1889]"
6148,"[1643, 441, 1863, 65, 1906]"
6149,"[644, 601, 1194, 1704, 1517]"
6150,"[274, 279, 277, 275, 649]"
6151,"[1320, 665, 60, 126, 420]"
6152,"[927, 828, 65, 1863, 1772]"
6153,"[665, 171, 73, 403, 1320]"
6154,"[1902, 1924, 1900, 1552, 1540]"
6155,"[46, 1915, 1662, 1614, 216]"
6156,"[1935, 420, 1041, 1915, 97]"
6157,"[665, 171, 1615, 1556, 1538]"
6158,"[616, 710, 280, 1752, 1163]"
6159,"[1902, 1552, 1900, 1915, 408]"
6160,"[1524, 1559, 1525, 126, 1538]"
6161,"[665, 171, 749, 874, 102]"
6162,"[1704, 1705, 335, 346, 1275]"
6163,"[655, 677, 1861, 376, 1855]"
6164,"[96, 97, 1598, 927, 1935]"
6165,"[164, 98, 1628, 96, 97]"
6166,"[1915, 1704, 1137, 1705, 891]"
6167,"[324, 216, 1163, 1727, 1915]"
6168,"[1604, 114, 1163, 89, 1705]"
6169,"[420, 1837, 1833, 1828, 1863]"
6170,"[1789, 1201, 1786, 1559, 1787]"
6171,"[1855, 793, 1863, 1827, 1823]"
6172,"[1036, 1924, 1915, 216, 102]"
6173,"[1902, 1201, 164, 409, 97]"
6174,"[1201, 97, 96, 1746, 409]"
6175,"[43, 1704, 922, 681, 1760]"
6176,"[313, 865, 1747, 863, 1693]"
6177,"[865, 863, 1747, 749, 314]"
6178,"[1923, 314, 863, 1747, 865]"
6179,"[1119, 314, 427, 1192, 1904]"
6180,"[1299, 785, 865, 863, 1747]"
6181,"[865, 863, 1747, 314, 313]"
6182,"[1923, 1742, 314, 1117, 1539]"
6183,"[314, 865, 1704, 1705, 1747]"
6184,"[314, 313, 1887, 118, 1923]"
6185,"[863, 1747, 865, 313, 314]"
6186,"[863, 1662, 1900, 1598, 865]"
6187,"[1923, 314, 865, 863, 1747]"
6188,"[1923, 863, 1747, 865, 1517]"
6189,"[863, 1923, 865, 1747, 314]"
6190,"[118, 314, 865, 863, 1747]"
6191,"[692, 335, 216, 688, 1747]"
6192,"[1027, 1147, 447, 720, 361]"
6193,"[1915, 528, 1507, 1434, 1695]"
6194,"[865, 1747, 863, 1923, 1924]"
6195,"[1931, 1932, 466, 190, 1116]"
6196,"[865, 1747, 863, 1923, 314]"
6197,"[863, 1747, 865, 1923, 73]"
6198,"[1117, 1543, 1923, 1116, 1742]"
6199,"[865, 1747, 863, 313, 1598]"
6200,"[1747, 865, 863, 314, 1608]"
6201,"[314, 865, 1747, 863, 1924]"
6202,"[1747, 863, 865, 314, 749]"
6203,"[1923, 313, 314, 1117, 1674]"
6204,"[1929, 1484, 1863, 1256, 1922]"
6205,"[1713, 1722, 688, 1544, 1538]"
6206,"[314, 1923, 1534, 863, 1747]"
6207,"[314, 863, 1598, 1608, 865]"
6208,"[863, 865, 1747, 313, 314]"
6209,"[655, 1900, 1923, 66, 367]"
6210,"[1902, 447, 1147, 1889, 1273]"
6211,"[865, 1747, 863, 904, 1884]"
6212,"[926, 265, 1926, 341, 1626]"
6213,"[865, 863, 1747, 314, 1923]"
6214,"[314, 111, 1717, 1317, 1428]"
6215,"[59, 865, 1747, 863, 1700]"
6216,"[863, 1747, 314, 865, 118]"
6217,"[863, 865, 1598, 1747, 1608]"
6218,"[1923, 863, 314, 865, 1747]"
6219,"[1915, 528, 1507, 1924, 333]"
6220,"[455, 1567, 1191, 216, 1884]"
6221,"[1567, 1922, 1897, 114, 1611]"
6222,"[1567, 455, 114, 16, 1922]"
6223,"[1567, 455, 114, 1307, 16]"
6224,"[1762, 1758, 1113, 1705, 454]"
6225,"[1567, 455, 16, 1611, 216]"
6226,"[1567, 455, 1157, 114, 16]"
6227,"[1567, 16, 1880, 114, 1704]"
6228,"[276, 829, 1929, 1637, 837]"
6229,"[1922, 1897, 1705, 1704, 1588]"
6230,"[455, 1567, 16, 114, 1611]"
6231,"[455, 1567, 114, 1922, 1897]"
6232,"[16, 1544, 884, 1722, 1522]"
6233,"[1726, 1191, 692, 390, 1157]"
6234,"[1567, 114, 16, 1071, 1192]"
6235,"[1899, 1567, 926, 114, 1555]"
6236,"[1567, 1191, 507, 16, 114]"
6237,"[1617, 926, 114, 1705, 1704]"
6238,"[114, 1899, 496, 455, 1704]"
6239,"[1884, 1191, 1899, 1705, 1704]"
6240,"[1617, 16, 1567, 455, 926]"
6241,"[455, 1567, 16, 114, 1191]"
6242,"[1567, 455, 1929, 16, 1636]"
6243,"[1567, 16, 1191, 1611, 114]"
6244,"[825, 926, 1677, 1567, 1617]"
6245,"[1191, 1705, 1760, 1567, 1192]"
6246,"[1567, 455, 1929, 1636, 16]"
6247,"[1704, 390, 455, 1192, 1307]"
6248,"[1567, 926, 1191, 114, 1922]"
6249,"[1915, 114, 216, 1567, 1611]"
6250,"[455, 1567, 16, 114, 535]"
6251,"[1884, 455, 1157, 454, 1907]"
6252,"[1192, 1567, 828, 1863, 114]"
6253,"[16, 1567, 1704, 1924, 114]"
6254,"[1924, 1567, 16, 1704, 114]"
6255,"[1567, 16, 1617, 114, 1611]"
6256,"[1795, 1866, 1884, 1924, 1704]"
6257,"[114, 1922, 1897, 1567, 1929]"
6258,"[1567, 507, 16, 114, 535]"
6259,"[114, 1704, 718, 1922, 1897]"
6260,"[455, 1617, 114, 1191, 1567]"
6261,"[1899, 114, 1924, 1526, 455]"
6262,"[114, 1928, 16, 1611, 1567]"
6263,"[16, 1191, 1899, 1526, 1636]"
6264,"[1188, 1671, 1714, 372, 412]"
6265,"[1896, 1607, 1608, 1157, 1705]"
6266,"[372, 403, 762, 1636, 1627]"
6267,"[1897, 1922, 89, 29, 1636]"
6268,"[1301, 1924, 125, 452, 1300]"
6269,"[1067, 1567, 1907, 1924, 1884]"
6270,"[1567, 1192, 114, 1896, 135]"
6271,"[368, 1558, 1011, 372, 108]"
6272,"[1567, 135, 901, 16, 1607]"
6273,"[361, 447, 1273, 1098, 1607]"
6274,"[1191, 1705, 1899, 1636, 1567]"
6275,"[1705, 1567, 1733, 1896, 216]"
6276,"[1705, 1704, 128, 1761, 1567]"
6277,"[1068, 165, 1202, 410, 372]"
6278,"[1567, 368, 1192, 1202, 410]"
6279,"[1570, 135, 132, 1759, 511]"
6280,"[1607, 1608, 1517, 1904, 1896]"
6281,"[1567, 1157, 368, 455, 1113]"
6282,"[368, 1896, 1192, 372, 1567]"
6283,"[1627, 1905, 1527, 1907, 1745]"
6284,"[1567, 1896, 1618, 455, 1922]"
6285,"[1015, 1705, 468, 135, 111]"
6286,"[1567, 1157, 53, 372, 368]"
6287,"[1338, 1191, 491, 485, 1666]"
6288,"[1072, 372, 1157, 368, 683]"
6289,"[368, 216, 1042, 1157, 886]"
6290,"[921, 1191, 1202, 410, 1567]"
6291,"[1721, 1567, 1611, 114, 403]"
6292,"[1705, 1704, 511, 1511, 1809]"
6293,"[1906, 599, 593, 1878, 1707]"
6294,"[259, 918, 1268, 441, 224]"
6295,"[1567, 1915, 1192, 1922, 1897]"
6296,"[1567, 1193, 1072, 1618, 1607]"
6297,"[216, 1072, 1063, 1896, 368]"
6298,"[1896, 1063, 1904, 1567, 1618]"
6299,"[862, 1705, 1704, 455, 1777]"
6300,"[677, 1567, 1884, 1894, 1880]"
6301,"[372, 368, 455, 1567, 752]"
6302,"[455, 368, 1, 1704, 1705]"
6303,"[511, 1705, 1704, 1809, 1835]"
6304,"[1896, 363, 1607, 1567, 372]"
6305,"[1896, 1157, 1607, 819, 1191]"
6306,"[1896, 1157, 1191, 1567, 1608]"
6307,"[1607, 844, 748, 372, 1704]"
6308,"[1704, 700, 1314, 114, 1615]"
6309,"[1022, 605, 1155, 1121, 349]"
6310,"[1615, 1586, 1556, 1011, 1192]"
6311,"[1021, 114, 1627, 1604, 274]"
6312,"[1704, 1705, 445, 614, 1192]"
6313,"[216, 1320, 667, 1019, 306]"
6314,"[862, 1697, 120, 854, 318]"
6315,"[1704, 1705, 223, 831, 1875]"
6316,"[269, 639, 285, 1876, 1932]"
6317,"[374, 1733, 1788, 1924, 1191]"
6318,"[1188, 692, 1615, 1192, 455]"
6319,"[1077, 1437, 1411, 1524, 1559]"
6320,"[349, 631, 1059, 1600, 374]"
6321,"[1155, 1884, 1191, 1059, 1157]"
6322,"[269, 320, 207, 955, 973]"
6323,"[1587, 1191, 547, 1904, 1529]"
6324,"[269, 285, 739, 706, 1442]"
6325,"[1023, 1704, 1121, 454, 1705]"
6326,"[1022, 1702, 1705, 1704, 1155]"
6327,"[272, 1878, 1707, 999, 190]"
6328,"[878, 547, 1191, 1904, 78]"
6329,"[269, 285, 134, 1704, 1932]"
6330,"[269, 379, 969, 276, 341]"
6331,"[306, 216, 1666, 358, 1191]"
6332,"[1155, 842, 433, 92, 1887]"
6333,"[1022, 374, 1161, 1121, 1059]"
6334,"[379, 969, 276, 269, 341]"
6335,"[1828, 1833, 1837, 1863, 1935]"
6336,"[614, 28, 868, 24, 1610]"
6337,"[29, 1544, 28, 89, 125]"
6338,"[1697, 805, 1022, 1696, 1156]"
6339,"[969, 222, 269, 443, 1180]"
6340,"[269, 1786, 285, 1876, 69]"
6341,"[1915, 408, 1902, 406, 1704]"
6342,"[1900, 1543, 443, 1638, 437]"
6343,"[1884, 815, 1573, 1704, 1604]"
6344,"[1586, 120, 1081, 1615, 840]"
6345,"[269, 639, 285, 1876, 1932]"
6346,"[1022, 1155, 1249, 708, 1600]"
6347,"[361, 1733, 1788, 1197, 1789]"
6348,"[1135, 1787, 1603, 862, 1786]"
6349,"[1613, 276, 269, 969, 1191]"
6350,"[285, 1627, 1102, 1083, 1905]"
6351,"[618, 7, 408, 1001, 216]"
6352,"[1116, 1626, 1518, 418, 1150]"
6353,"[1607, 1894, 1917, 1612, 1599]"
6354,"[890, 1762, 59, 216, 112]"
6355,"[1915, 1536, 1534, 478, 1607]"
6356,"[1299, 1019, 1088, 1072, 309]"
6357,"[116, 1875, 1790, 1924, 1789]"
6358,"[1896, 1906, 1219, 1529, 1884]"
6359,"[409, 102, 163, 1906, 112]"
6360,"[1705, 1704, 1030, 1531, 1490]"
6361,"[1906, 1704, 1705, 1528, 110]"
6362,"[1076, 1255, 1603, 1872, 1835]"
6363,"[1899, 1526, 1915, 677, 1904]"
6364,"[403, 452, 478, 1697, 1924]"
6365,"[1905, 1063, 1762, 1526, 1899]"
6366,"[890, 1612, 1155, 1620, 677]"
6367,"[1917, 1704, 1637, 1612, 1705]"
6368,"[868, 165, 164, 1193, 124]"
6369,"[1899, 106, 583, 507, 1471]"
6370,"[1900, 580, 1607, 596, 598]"
6371,"[102, 1529, 409, 1704, 97]"
6372,"[1902, 575, 1607, 596, 598]"
6373,"[1915, 164, 1607, 890, 1906]"
6374,"[1155, 1900, 1160, 1905, 1891]"
6375,"[1302, 1225, 1281, 1322, 1705]"
6376,"[1902, 1620, 1704, 1752, 1193]"
6377,"[1899, 1612, 1762, 1758, 1705]"
6378,"[1704, 1762, 1758, 1612, 1914]"
6379,"[478, 1704, 1887, 1705, 1562]"
6380,"[1636, 1113, 320, 1903, 1535]"
6381,"[1900, 1791, 1543, 1787, 1832]"
6382,"[1900, 1902, 1915, 442, 1543]"
6383,"[1902, 1900, 1917, 1567, 114]"
6384,"[1915, 1063, 216, 1762, 1599]"
6385,"[1704, 1137, 1705, 1072, 1873]"
6386,"[1225, 1836, 1705, 1873, 1322]"
6387,"[454, 1721, 1030, 478, 92]"
6388,"[1705, 1567, 1599, 1775, 1704]"
6389,"[116, 530, 114, 1704, 1705]"
6390,"[504, 1650, 1259, 1261, 1298]"
6391,"[515, 1704, 95, 1809, 1705]"
6392,"[409, 102, 163, 1906, 112]"
6393,"[1646, 1574, 1612, 1704, 1914]"
6394,"[530, 1900, 1704, 114, 1705]"
6395,"[1915, 1148, 1192, 1704, 1620]"
6396,"[1279, 1704, 1670, 401, 632]"
6397,"[1279, 504, 1272, 1690, 431]"
6398,"[73, 1394, 396, 1417, 1690]"
6399,"[1279, 1066, 1178, 73, 759]"
6400,"[1807, 1936, 1279, 926, 1638]"
6401,"[1936, 1807, 1073, 294, 1279]"
6402,"[677, 1704, 376, 688, 1705]"
6403,"[1787, 1279, 1603, 1733, 1659]"
6404,"[1915, 1704, 1705, 1659, 1873]"
6405,"[823, 486, 257, 641, 352]"
6406,"[1690, 1279, 94, 1781, 1266]"
6407,"[1677, 1705, 1704, 1874, 1870]"
6408,"[1706, 1814, 1813, 1815, 1817]"
6409,"[1279, 1086, 216, 403, 1666]"
6410,"[1637, 1906, 1178, 1928, 1191]"
6411,"[1279, 1150, 1080, 433, 1099]"
6412,"[1279, 1191, 1255, 1607, 1080]"
6413,"[1906, 1928, 1178, 1193, 1529]"
6414,"[1279, 1104, 1902, 1819, 1816]"
6415,"[1705, 1704, 1607, 901, 1777]"
6416,"[575, 1863, 568, 42, 563]"
6417,"[1915, 1807, 409, 1904, 1899]"
6418,"[1807, 1544, 676, 1722, 1316]"
6419,"[1279, 1088, 1138, 1428, 1717]"
6420,"[1807, 1522, 1191, 1924, 1705]"
6421,"[1270, 1807, 851, 441, 1104]"
6422,"[1279, 1705, 1160, 1704, 1193]"
6423,"[677, 128, 60, 1279, 102]"
6424,"[1279, 1277, 1884, 1936, 1534]"
6425,"[208, 1704, 1705, 969, 516]"
6426,"[1273, 126, 1274, 1926, 447]"
6427,"[1807, 446, 441, 1608, 1607]"
6428,"[359, 55, 1672, 432, 997]"
6429,"[1786, 1279, 862, 1603, 606]"
6430,"[10, 1750, 1915, 446, 1204]"
6431,"[1807, 1928, 511, 1873, 1836]"
6432,"[1279, 73, 1317, 468, 1717]"
6433,"[73, 1717, 1317, 468, 1703]"
6434,"[1285, 1279, 1197, 94, 1781]"
6435,"[1279, 926, 1148, 438, 1534]"
6436,"[1807, 1935, 1936, 1086, 1809]"
6437,"[1279, 1936, 1082, 1659, 309]"
6438,"[862, 98, 1915, 1603, 1279]"
6439,"[1204, 1178, 1906, 1086, 1928]"
6440,"[440, 1192, 1604, 114, 29]"
6441,"[1863, 927, 1828, 1837, 1833]"
6442,"[1249, 68, 1792, 1733, 1790]"
6443,"[1155, 656, 1704, 1269, 1]"
6444,"[807, 1083, 478, 440, 1129]"
6445,"[1121, 890, 1113, 29, 1922]"
6446,"[1062, 114, 1599, 1123, 1894]"
6447,"[116, 359, 24, 164, 1875]"
6448,"[1612, 1742, 73, 403, 1855]"
6449,"[1313, 749, 1247, 677, 98]"
6450,"[1545, 97, 96, 1924, 98]"
6451,"[1607, 368, 1894, 1608, 1196]"
6452,"[46, 1599, 1639, 409, 102]"
6453,"[1704, 468, 530, 1705, 1903]"
6454,"[734, 726, 1650, 727, 1586]"
6455,"[1607, 363, 1894, 1608, 1196]"
6456,"[1041, 868, 1538, 1520, 1073]"
6457,"[1599, 1615, 1019, 1196, 1246]"
6458,"[986, 128, 125, 901, 1543]"
6459,"[1650, 726, 727, 338, 1615]"
6460,"[408, 114, 624, 1638, 868]"
6461,"[1196, 96, 97, 1894, 1557]"
6462,"[734, 1894, 1196, 1608, 727]"
6463,"[1, 1052, 1704, 1269, 1705]"
6464,"[1052, 1705, 1076, 1484, 309]"
6465,"[140, 1233, 443, 137, 963]"
6466,"[1607, 1599, 1196, 1894, 1313]"
6467,"[409, 102, 98, 1639, 1746]"
6468,"[1309, 1306, 463, 1617, 739]"
6469,"[1646, 1878, 1707, 1586, 1615]"
6470,"[1915, 1543, 1252, 1552, 1544]"
6471,"[1615, 1019, 1599, 1196, 1246]"
6472,"[1608, 1100, 307, 363, 1493]"
6473,"[1196, 1878, 1707, 1522, 1549]"
6474,"[1607, 1894, 1608, 480, 1196]"
6475,"[1894, 732, 479, 1313, 1607]"
6476,"[1522, 1302, 1607, 1480, 1704]"
6477,"[1086, 594, 1334, 542, 1513]"
6478,"[1113, 113, 1192, 890, 29]"
6479,"[1313, 793, 163, 4, 1746]"
6480,"[515, 1492, 1475, 1894, 506]"
6481,"[1608, 616, 901, 363, 307]"
6482,"[1894, 734, 1607, 1615, 726]"
6483,"[320, 464, 302, 90, 724]"
6484,"[430, 1922, 1897, 1828, 1256]"
6485,"[1008, 276, 430, 933, 925]"
6486,"[1895, 594, 828, 1570, 1863]"
6487,"[865, 1747, 863, 1923, 1733]"
6488,"[884, 1772, 1704, 1705, 1735]"
6489,"[1187, 1188, 1338, 1114, 1711]"
6490,"[1895, 1287, 34, 1570, 89]"
6491,"[828, 865, 1895, 863, 1747]"
6492,"[801, 771, 1728, 808, 441]"
6493,"[1934, 1924, 412, 341, 1697]"
6494,"[47, 734, 727, 1650, 726]"
6495,"[1287, 1759, 1015, 1764, 1785]"
6496,"[1287, 1832, 1216, 1786, 110]"
6497,"[1256, 1905, 1627, 1298, 430]"
6498,"[927, 1915, 1863, 1935, 1906]"
6499,"[11, 216, 647, 1681, 978]"
6500,"[808, 726, 727, 1650, 135]"
6501,"[1764, 1795, 1759, 1776, 1757]"
6502,"[135, 955, 1277, 468, 1352]"
6503,"[949, 1570, 73, 1704, 1705]"
6504,"[165, 1704, 1261, 1905, 1249]"
6505,"[393, 116, 1900, 806, 468]"
6506,"[1772, 1863, 1895, 828, 1935]"
6507,"[165, 114, 1897, 29, 1619]"
6508,"[1895, 828, 1863, 1935, 927]"
6509,"[133, 400, 906, 1158, 1]"
6510,"[441, 624, 884, 692, 615]"
6511,"[107, 898, 1756, 468, 441]"
6512,"[1895, 828, 594, 1863, 1935]"
6513,"[1733, 624, 1737, 1699, 1618]"
6514,"[884, 615, 1662, 1727, 1636]"
6515,"[1895, 1863, 828, 1935, 1772]"
6516,"[381, 1704, 1921, 1705, 259]"
6517,"[1704, 808, 1705, 1065, 1733]"
6518,"[82, 1863, 1570, 828, 1855]"
6519,"[1733, 1705, 1704, 739, 1020]"
6520,"[1114, 1607, 1917, 263, 1062]"
6521,"[447, 1273, 1705, 1098, 361]"
6522,"[1440, 1567, 527, 1213, 523]"
6523,"[1185, 1731, 1732, 381, 808]"
6524,"[1287, 1895, 1015, 1877, 1570]"
6525,"[884, 631, 624, 454, 460]"
6526,"[927, 1772, 65, 828, 1863]"
6527,"[1895, 828, 1645, 1619, 996]"
6528,"[478, 1924, 1705, 1704, 1761]"
6529,"[478, 1296, 1680, 1900, 1924]"
6530,"[478, 1924, 1705, 1434, 1704]"
6531,"[114, 1902, 1733, 455, 16]"
6532,"[1884, 116, 137, 1197, 1604]"
6533,"[1915, 361, 1884, 446, 1066]"
6534,"[478, 1884, 1924, 163, 1922]"
6535,"[1924, 478, 1884, 1604, 787]"
6536,"[1787, 1704, 1705, 807, 1792]"
6537,"[1884, 116, 1915, 1197, 1924]"
6538,"[1884, 1772, 786, 395, 1246]"
6539,"[1915, 125, 1733, 412, 1788]"
6540,"[16, 1915, 114, 1884, 786]"
6541,"[1884, 114, 1907, 1567, 1922]"
6542,"[478, 1704, 1924, 1705, 1761]"
6543,"[1915, 216, 1197, 478, 1922]"
6544,"[1915, 478, 677, 18, 216]"
6545,"[361, 807, 1762, 29, 446]"
6546,"[1884, 1924, 1604, 1922, 1897]"
6547,"[1924, 478, 116, 1915, 1884]"
6548,"[1884, 1197, 464, 1924, 478]"
6549,"[1924, 1884, 478, 1705, 1915]"
6550,"[1915, 216, 114, 408, 1924]"
6551,"[1924, 1884, 1915, 51, 1457]"
6552,"[1704, 1761, 1924, 395, 1705]"
6553,"[1924, 478, 1772, 1705, 1704]"
6554,"[1884, 361, 1043, 377, 478]"
6555,"[1710, 1192, 1915, 1610, 368]"
6556,"[1924, 116, 478, 1884, 114]"
6557,"[478, 1924, 1614, 1884, 1662]"
6558,"[1884, 1915, 455, 1924, 116]"
6559,"[1558, 919, 204, 1246, 1902]"
6560,"[1884, 1924, 454, 259, 1604]"
6561,"[1884, 1924, 1604, 1246, 28]"
6562,"[1900, 1924, 1902, 114, 1705]"
6563,"[1884, 478, 922, 1924, 921]"
6564,"[478, 1704, 1705, 1924, 1063]"
6565,"[1924, 478, 1705, 1197, 1704]"
6566,"[1924, 478, 116, 1884, 1705]"
6567,"[1884, 1924, 478, 395, 786]"
6568,"[361, 1915, 216, 807, 377]"
6569,"[1884, 116, 1705, 1773, 1197]"
6570,"[114, 116, 1884, 1704, 1924]"
6571,"[1191, 1884, 98, 102, 937]"
6572,"[96, 97, 361, 98, 807]"
6573,"[478, 1297, 1924, 1705, 159]"
6574,"[1434, 1772, 1932, 1877, 190]"
6575,"[446, 1246, 1760, 361, 1461]"
6576,"[1785, 828, 1776, 1757, 1658]"
6577,"[1773, 1705, 478, 1922, 1897]"
6578,"[1704, 1705, 383, 1761, 1542]"
6579,"[478, 1704, 1760, 1762, 1758]"
6580,"[1607, 1896, 1608, 138, 441]"
6581,"[18, 114, 1191, 1904, 336]"
6582,"[1784, 921, 412, 1610, 411]"
6583,"[1884, 919, 1704, 1924, 691]"
6584,"[1915, 1788, 216, 1704, 1705]"
6585,"[1884, 116, 1704, 919, 1924]"
6586,"[386, 114, 1705, 1704, 116]"
6587,"[1924, 1610, 1581, 478, 1704]"
6588,"[1786, 1705, 1773, 1788, 1704]"
6589,"[1705, 114, 1773, 1704, 1321]"
6590,"[1915, 1705, 1704, 1924, 1011]"
6591,"[1562, 1434, 1063, 1544, 1924]"
6592,"[361, 216, 1182, 446, 1762]"
6593,"[1555, 784, 1915, 478, 1617]"
6594,"[409, 102, 1191, 98, 1886]"
6595,"[1197, 493, 165, 924, 928]"
6596,"[1617, 1762, 292, 1760, 1704]"
6597,"[926, 511, 1704, 1809, 1202]"
6598,"[1080, 1076, 1777, 1765, 1911]"
6599,"[1902, 1928, 1809, 1704, 1705]"
6600,"[1098, 114, 926, 125, 1655]"
6601,"[362, 361, 1705, 1704, 1191]"
6602,"[1917, 1148, 371, 1762, 924]"
6603,"[1758, 1762, 1655, 292, 1617]"
6604,"[1928, 1906, 1025, 937, 159]"
6605,"[937, 1635, 159, 1030, 1612]"
6606,"[1618, 98, 1924, 1904, 89]"
6607,"[1617, 937, 1762, 159, 1915]"
6608,"[1104, 885, 1705, 1704, 1809]"
6609,"[926, 1523, 1704, 1705, 1249]"
6610,"[1618, 937, 1936, 1915, 926]"
6611,"[926, 289, 823, 885, 1666]"
6612,"[1705, 282, 1704, 885, 66]"
6613,"[1915, 1762, 1758, 1073, 1705]"
6614,"[1915, 511, 1809, 1704, 501]"
6615,"[292, 1722, 1762, 1617, 403]"
6616,"[926, 1618, 1705, 1704, 412]"
6617,"[1928, 1906, 289, 1025, 1255]"
6618,"[926, 1025, 937, 159, 1618]"
6619,"[408, 1915, 165, 216, 1561]"
6620,"[1902, 1704, 1809, 1705, 162]"
6621,"[868, 1748, 408, 1080, 1071]"
6622,"[926, 885, 1704, 1705, 1193]"
6623,"[1555, 1618, 926, 938, 925]"
6624,"[1618, 926, 811, 1617, 124]"
6625,"[1902, 1704, 1809, 1705, 162]"
6626,"[1917, 1927, 1612, 925, 926]"
6627,"[885, 1193, 1915, 1049, 359]"
6628,"[1915, 926, 1618, 1561, 1598]"
6629,"[1915, 1618, 1550, 175, 164]"
6630,"[1677, 758, 1674, 1025, 760]"
6631,"[1618, 1905, 1886, 200, 1627]"
6632,"[409, 1915, 163, 1191, 1558]"
6633,"[926, 1550, 1742, 159, 937]"
6634,"[1618, 926, 1705, 1902, 1659]"
6635,"[1618, 926, 1704, 1705, 162]"
6636,"[825, 1567, 16, 1611, 1549]"
6637,"[862, 356, 212, 982, 216]"
6638,"[381, 1001, 1182, 1163, 257]"
6639,"[7, 408, 412, 1697, 1790]"
6640,"[825, 443, 1292, 1549, 1001]"
6641,"[385, 739, 825, 1167, 1729]"
6642,"[16, 1113, 455, 1191, 1762]"
6643,"[24, 739, 825, 1001, 1326]"
6644,"[1733, 408, 1924, 455, 114]"
6645,"[120, 1924, 1634, 1733, 605]"
6646,"[1924, 1922, 1897, 1899, 89]"
6647,"[120, 1634, 1292, 1733, 815]"
6648,"[1052, 286, 1071, 212, 1836]"
6649,"[1071, 811, 1531, 1915, 1538]"
6650,"[1643, 360, 1355, 1309, 460]"
6651,"[1899, 1902, 1917, 1915, 408]"
6652,"[1561, 677, 1915, 1901, 408]"
6653,"[1902, 97, 96, 98, 102]"
6654,"[1636, 1567, 114, 1611, 16]"
6655,"[43, 1904, 1627, 1905, 1890]"
6656,"[1902, 925, 171, 1700, 102]"
6657,"[106, 1567, 1705, 1704, 1904]"
6658,"[1647, 785, 648, 1542, 1197]"
6659,"[403, 762, 1249, 1734, 901]"
6660,"[1929, 1592, 1890, 1636, 1191]"
6661,"[1705, 1704, 1755, 409, 1889]"
6662,"[403, 1861, 452, 1300, 1704]"
6663,"[1904, 1705, 1768, 1704, 289]"
6664,"[113, 1526, 1905, 1627, 1899]"
6665,"[954, 138, 216, 212, 136]"
6666,"[1704, 1705, 933, 511, 1567]"
6667,"[441, 1607, 1828, 1863, 1833]"
6668,"[1042, 1591, 1045, 1590, 1915]"
6669,"[98, 102, 97, 96, 1313]"
6670,"[265, 1704, 395, 1280, 1705]"
6671,"[716, 1781, 849, 1782, 102]"
6672,"[927, 1627, 1905, 1587, 165]"
6673,"[108, 1570, 511, 1721, 1704]"
6674,"[865, 1747, 863, 314, 216]"
6675,"[1915, 1828, 1833, 1837, 922]"
6676,"[1889, 1904, 1705, 1704, 1890]"
6677,"[1712, 1704, 1705, 860, 1523]"
6678,"[1937, 1924, 126, 1705, 1815]"
6679,"[1063, 1203, 1772, 1192, 442]"
6680,"[1915, 223, 707, 394, 1193]"
6681,"[1915, 408, 114, 1900, 116]"
6682,"[692, 335, 216, 688, 1747]"
6683,"[125, 423, 1244, 1702, 1612]"
6684,"[1915, 528, 1507, 1865, 1861]"
6685,"[322, 89, 901, 823, 114]"
6686,"[291, 667, 1708, 1878, 1707]"
6687,"[1915, 1705, 1704, 216, 165]"
6688,"[1043, 419, 1705, 1704, 933]"
6689,"[665, 629, 1028, 1746, 1549]"
6690,"[1936, 1807, 1073, 294, 1279]"
6691,"[1567, 535, 16, 114, 507]"
6692,"[314, 528, 1507, 1902, 1434]"
6693,"[150, 1605, 73, 1604, 1754]"
6694,"[292, 1617, 1924, 1191, 1722]"
6695,"[1705, 349, 1704, 1760, 1758]"
6696,"[403, 902, 1666, 719, 175]"
6697,"[1030, 1137, 138, 954, 1560]"
6698,"[1828, 1837, 1833, 1836, 1906]"
6699,"[1929, 1677, 165, 1592, 1906]"
6700,"[1587, 113, 114, 964, 1907]"
6701,"[1915, 125, 677, 423, 1244]"
6702,"[1915, 1591, 1030, 216, 1042]"
6703,"[1264, 860, 431, 1760, 1081]"
6704,"[125, 423, 1244, 1900, 1690]"
6705,"[1915, 937, 1924, 915, 952]"
6706,"[1915, 1536, 165, 868, 1748]"
6707,"[933, 919, 1733, 164, 924]"
6708,"[165, 1192, 260, 1029, 1046]"
6709,"[1915, 455, 1193, 1704, 1705]"
6710,"[1924, 1705, 1937, 1677, 1704]"
6711,"[478, 1924, 116, 124, 114]"
6712,"[1889, 1193, 1025, 60, 1795]"
6713,"[1191, 291, 1614, 1070, 455]"
6714,"[265, 1929, 1592, 261, 1607]"
6715,"[1705, 1904, 1068, 1704, 496]"
6716,"[930, 604, 936, 1670, 351]"
6717,"[1775, 1705, 698, 478, 89]"
6718,"[677, 1884, 376, 688, 919]"
6719,"[478, 1884, 1924, 163, 1922]"
6720,"[261, 1809, 1788, 1787, 1053]"
6721,"[1040, 1462, 126, 1572, 301]"
6722,"[291, 667, 1606, 1614, 1636]"
6723,"[1755, 1761, 848, 921, 528]"
6724,"[1896, 1608, 1191, 1157, 1567]"
6725,"[1700, 1863, 1935, 927, 1828]"
6726,"[98, 1201, 96, 97, 749]"
6727,"[1191, 455, 16, 114, 1899]"
6728,"[938, 926, 925, 935, 1158]"
6729,"[677, 952, 1046, 914, 160]"
6730,"[618, 1296, 1680, 1900, 1073]"
6731,"[1705, 1704, 276, 1526, 116]"
6732,"[1915, 1924, 478, 1704, 1746]"
6733,"[408, 1659, 1915, 1259, 1261]"
6734,"[216, 1878, 1707, 1915, 807]"
6735,"[1916, 1906, 1030, 1178, 165]"
6736,"[1902, 1929, 1592, 1915, 406]"
6737,"[1155, 1030, 1630, 926, 241]"
6738,"[1098, 368, 1567, 108, 95]"
6739,"[1567, 507, 535, 114, 16]"
6740,"[113, 1025, 937, 159, 926]"
6741,"[636, 884, 1068, 824, 1886]"
6742,"[1884, 1806, 1708, 1878, 1707]"
6743,"[1319, 259, 276, 1875, 1153]"
6744,"[1704, 499, 636, 1705, 1073]"
6745,"[1889, 1878, 1707, 1317, 73]"
6746,"[291, 1614, 667, 1606, 1636]"
6747,"[1704, 1705, 926, 1733, 1734]"
6748,"[1902, 1552, 1197, 409, 1646]"
6749,"[1567, 114, 16, 507, 1611]"
6750,"[1922, 1897, 1567, 1896, 114]"
6751,"[1915, 1885, 1901, 96, 97]"
6752,"[28, 24, 504, 1536, 1114]"
6753,"[1704, 1905, 1705, 1627, 1527]"
6754,"[749, 171, 1757, 1776, 1704]"
6755,"[1861, 1131, 1026, 937, 159]"
6756,"[423, 1244, 125, 1690, 1792]"
6757,"[1922, 1897, 1692, 1907, 1627]"
6758,"[1191, 692, 1928, 1906, 1666]"
6759,"[1042, 114, 212, 289, 1916]"
6760,"[409, 164, 98, 1746, 96]"
6761,"[863, 865, 1747, 313, 314]"
6762,"[276, 1704, 1705, 737, 1516]"
6763,"[1135, 1855, 1546, 1130, 1866]"
6764,"[120, 1573, 1733, 1634, 1306]"
6765,"[1073, 1646, 1552, 420, 1538]"
6766,"[919, 165, 925, 164, 928]"
6767,"[89, 1914, 113, 1526, 165]"
6768,"[528, 1507, 1704, 1434, 333]"
6769,"[1924, 97, 96, 921, 922]"
6770,"[216, 277, 1148, 1033, 1915]"
6771,"[623, 1704, 1705, 1131, 34]"
6772,"[1904, 28, 1191, 175, 1255]"
6773,"[1069, 862, 1696, 396, 1697]"
6774,"[1042, 712, 1758, 1073, 1070]"
6775,"[1915, 1561, 528, 1507, 1902]"
6776,"[807, 197, 396, 1915, 349]"
6777,"[165, 1704, 1705, 1924, 1567]"
6778,"[1552, 1915, 1541, 96, 97]"
6779,"[1055, 1929, 212, 1042, 1890]"
6780,"[1915, 616, 322, 1343, 408]"
6781,"[665, 1028, 68, 875, 281]"
6782,"[665, 1705, 689, 1704, 649]"
6783,"[1531, 848, 1742, 1533, 1555]"
6784,"[1702, 1706, 440, 1617, 122]"
6785,"[430, 1828, 1833, 1837, 1253]"
6786,"[1542, 1530, 1613, 380, 37]"
6787,"[1705, 1904, 1191, 1768, 1193]"
6788,"[1701, 618, 1559, 1610, 1199]"
6789,"[1924, 1434, 528, 677, 1507]"
6790,"[1620, 1226, 1349, 1375, 1495]"
6791,"[1915, 927, 1900, 1891, 1929]"
6792,"[409, 1700, 1197, 420, 1646]"
6793,"[291, 667, 1627, 1905, 4]"
6794,"[125, 423, 1244, 677, 1702]"
6795,"[165, 1905, 1627, 1704, 1705]"
6796,"[749, 1902, 1118, 1700, 1201]"
6797,"[1531, 885, 1030, 478, 440]"
6798,"[96, 97, 1924, 98, 102]"
6799,"[858, 1917, 1045, 1073, 1052]"
6800,"[1900, 1902, 116, 114, 361]"
6801,"[455, 454, 1308, 1191, 114]"
6802,"[1915, 528, 1924, 1434, 1507]"
6803,"[1072, 1275, 449, 1567, 1191]"
6804,"[1923, 314, 864, 216, 118]"
6805,"[1902, 1700, 409, 164, 420]"
6806,"[1192, 1019, 1121, 1517, 1011]"
6807,"[211, 1705, 913, 911, 1630]"
6808,"[700, 781, 1534, 1191, 1726]"
6809,"[1567, 1113, 16, 114, 1896]"
6810,"[1904, 1614, 461, 1100, 1884]"
6811,"[165, 89, 1705, 1704, 394]"
6812,"[1902, 102, 749, 1197, 97]"
6813,"[1902, 1088, 1098, 1618, 1552]"
6814,"[339, 978, 528, 1507, 1695]"
6815,"[1618, 1906, 1705, 1620, 1704]"
6816,"[1567, 888, 372, 1863, 1884]"
6817,"[1705, 1704, 511, 1302, 1765]"
6818,"[1759, 458, 1556, 1538, 1752]"
6819,"[96, 97, 98, 164, 1040]"
6820,"[1246, 1878, 1707, 1708, 73]"
6821,"[1922, 1897, 113, 89, 1526]"
6822,"[1636, 1263, 438, 1072, 1586]"
6823,"[706, 1697, 465, 781, 711]"
6824,"[1279, 1936, 823, 1277, 1659]"
6825,"[1618, 1896, 1567, 1733, 1704]"
6826,"[368, 372, 455, 1570, 862]"
6827,"[1163, 1165, 1758, 1705, 1760]"
6828,"[455, 1070, 292, 1617, 1722]"
6829,"[1531, 89, 1562, 1746, 1894]"
6830,"[1904, 291, 938, 124, 1600]"
6831,"[1252, 1302, 1705, 1704, 1915]"
6832,"[175, 281, 1615, 1136, 276]"
6833,"[1915, 78, 165, 1905, 98]"
6834,"[1705, 1071, 1807, 1704, 1915]"
6835,"[1704, 1705, 1890, 1904, 1191]"
6836,"[1742, 368, 216, 1529, 1534]"
6837,"[1023, 808, 691, 398, 1290]"
6838,"[409, 922, 102, 1516, 1700]"
6839,"[1037, 1027, 74, 1073, 1936]"
6840,"[1863, 89, 1855, 1836, 398]"
6841,"[853, 216, 103, 1057, 278]"
6842,"[1659, 1617, 1836, 1873, 1901]"
6843,"[1586, 1653, 1193, 1620, 1885]"
6844,"[1755, 1704, 1705, 1863, 1792]"
6845,"[1935, 65, 63, 1863, 441]"
6846,"[1904, 1191, 1890, 819, 1598]"
6847,"[276, 1246, 1878, 1707, 1008]"
6848,"[368, 455, 1607, 372, 1567]"
6849,"[862, 455, 1157, 368, 1929]"
6850,"[1915, 1704, 1705, 1899, 165]"
6851,"[1896, 1608, 1607, 1567, 1191]"
6852,"[1704, 291, 1705, 165, 1606]"
6853,"[1830, 688, 79, 1831, 1254]"
6854,"[1833, 1837, 1828, 1863, 1935]"
6855,"[1148, 885, 1659, 1704, 1885]"
6856,"[729, 736, 732, 1649, 683]"
6857,"[1193, 164, 417, 933, 1659]"
6858,"[1459, 1246, 1705, 558, 1704]"
6859,"[1613, 1542, 1705, 1607, 1191]"
6860,"[1271, 1092, 441, 1078, 60]"
6861,"[125, 1702, 1690, 423, 1126]"
6862,"[28, 89, 414, 29, 276]"
6863,"[1279, 1915, 408, 1617, 1902]"
6864,"[1704, 164, 1705, 1626, 425]"
6865,"[1604, 1924, 1050, 927, 739]"
6866,"[125, 423, 1244, 1915, 1603]"
6867,"[1924, 1590, 1014, 1704, 1592]"
6868,"[165, 1924, 927, 1042, 1025]"
6869,"[216, 1705, 1639, 1733, 333]"
6870,"[1552, 1902, 1701, 1700, 409]"
6871,"[1072, 372, 368, 1087, 683]"
6872,"[1118, 162, 165, 175, 925]"
6873,"[1902, 409, 1197, 102, 1201]"
6874,"[1019, 749, 1022, 477, 367]"
6875,"[1772, 777, 1304, 1704, 1705]"
6876,"[1615, 1193, 1586, 289, 1909]"
6877,"[147, 754, 1023, 206, 398]"
6878,"[1567, 368, 1604, 1317, 1192]"
6879,"[1191, 1567, 1192, 16, 114]"
6880,"[1197, 97, 96, 749, 102]"
6881,"[1915, 1618, 1753, 1752, 1364]"
6882,"[521, 1704, 1705, 1677, 1499]"
6883,"[665, 1541, 1549, 1699, 1547]"
6884,"[1902, 1900, 1591, 1552, 1543]"
6885,"[1704, 1705, 165, 1070, 164]"
6886,"[413, 1925, 1914, 1642, 107]"
6887,"[1279, 1705, 1704, 1677, 1191]"
6888,"[1704, 1755, 1705, 1924, 922]"
6889,"[1613, 1191, 1607, 372, 216]"
6890,"[1567, 1746, 1618, 1704, 1705]"
6891,"[1899, 1526, 96, 97, 1922]"
6892,"[361, 1924, 377, 1219, 1429]"
6893,"[1041, 1042, 223, 1836, 933]"
6894,"[1924, 1704, 478, 1705, 408]"
6895,"[1022, 120, 1634, 218, 815]"
6896,"[1896, 1567, 1608, 1157, 1705]"
6897,"[1902, 1591, 1900, 1592, 408]"
6898,"[1795, 1463, 1753, 1733, 1704]"
6899,"[1263, 1113, 1911, 887, 1202]"
6900,"[1157, 1072, 1705, 1704, 1613]"
6901,"[1567, 1157, 893, 1704, 1922]"
6902,"[1560, 1926, 1561, 1202, 410]"
6903,"[1704, 1705, 589, 1908, 1701]"
6904,"[1860, 1864, 3, 1868, 594]"
6905,"[1924, 90, 478, 1251, 1705]"
6906,"[1742, 216, 703, 781, 408]"
6907,"[1935, 430, 927, 1607, 1592]"
6908,"[1524, 1525, 1197, 665, 1752]"
6909,"[865, 863, 1747, 1923, 314]"
6910,"[1899, 1705, 1704, 1526, 165]"
6911,"[1789, 1201, 1786, 1559, 1787]"
6912,"[128, 1704, 1705, 1887, 1775]"
6913,"[1607, 1592, 1157, 1929, 1014]"
6914,"[1560, 1059, 1915, 102, 1704]"
6915,"[1915, 1063, 1762, 216, 1705]"
6916,"[1567, 1193, 165, 1620, 1705]"
6917,"[1615, 396, 605, 387, 165]"
6918,"[1904, 1191, 1909, 1489, 1886]"
6919,"[885, 1915, 1649, 719, 1924]"
6920,"[207, 1863, 1915, 209, 849]"
6921,"[1575, 1807, 4, 1102, 437]"
6922,"[46, 1889, 794, 1704, 1705]"
6923,"[1157, 1705, 1704, 455, 1905]"
6924,"[1592, 1828, 1935, 1590, 1837]"
6925,"[1567, 1671, 1924, 409, 16]"
6926,"[125, 1690, 1635, 1244, 423]"
6927,"[1915, 1676, 1618, 164, 612]"
6928,"[455, 368, 1157, 165, 1113]"
6929,"[1607, 1904, 368, 372, 1705]"
6930,"[1905, 1627, 1907, 1527, 1922]"
6931,"[1556, 1534, 1255, 1536, 1066]"
6932,"[1902, 102, 1552, 1776, 1757]"
6933,"[1902, 1863, 1935, 927, 1865]"
6934,"[1761, 1760, 1699, 1758, 1762]"
6935,"[823, 1649, 730, 1666, 738]"
6936,"[291, 1760, 1070, 667, 1758]"
6937,"[731, 70, 1022, 477, 778]"
6938,"[921, 528, 1507, 1193, 1434]"
6939,"[1119, 1041, 216, 1027, 1786]"
6940,"[1924, 478, 528, 1561, 1507]"
6941,"[1704, 1915, 1705, 926, 1924]"
6942,"[1636, 1772, 1190, 1880, 1167]"
6943,"[739, 734, 1171, 1650, 727]"
6944,"[1704, 1705, 480, 1924, 1490]"
6945,"[1902, 1757, 1776, 1073, 1915]"
6946,"[1599, 320, 1613, 1043, 1904]"
6947,"[1902, 1552, 1900, 408, 1040]"
6948,"[820, 1773, 1910, 1705, 1704]"
6949,"[1705, 1659, 1906, 1901, 1617]"
6950,"[1916, 1030, 1042, 1906, 1666]"
6951,"[98, 1560, 1561, 528, 1507]"
6952,"[1201, 866, 1073, 1320, 864]"
6953,"[641, 820, 446, 860, 1023]"
6954,"[175, 164, 1658, 165, 1896]"
6955,"[1926, 1193, 1531, 1886, 164]"
6956,"[1924, 1937, 1761, 1760, 1705]"
6957,"[933, 162, 165, 919, 924]"
6958,"[175, 164, 925, 924, 938]"
6959,"[98, 97, 96, 1201, 1746]"
6960,"[1922, 1897, 89, 890, 113]"
6961,"[969, 222, 269, 443, 1180]"
6962,"[1896, 89, 1587, 331, 128]"
6963,"[1204, 114, 1567, 16, 1705]"
6964,"[332, 1246, 388, 1640, 18]"
6965,"[1899, 164, 165, 1193, 937]"
6966,"[1915, 1343, 1299, 1438, 1369]"
6967,"[1904, 1071, 1890, 1924, 43]"
6968,"[1705, 1704, 165, 1071, 164]"
6969,"[478, 1924, 114, 1884, 1922]"
6970,"[1704, 1071, 1191, 1904, 1890]"
6971,"[1612, 1598, 1886, 1558, 1887]"
6972,"[1646, 409, 1118, 1620, 1887]"
6973,"[1902, 216, 171, 420, 1219]"
6974,"[1627, 1905, 1071, 368, 1527]"
6975,"[543, 1157, 1608, 1607, 1705]"
6976,"[1072, 1760, 1567, 683, 1705]"
6977,"[432, 403, 1924, 1677, 1636]"
