q_id,web_list
1,"[135, 1567, 1880, 114, 108]"
2,"[368, 372, 862, 455, 1570]"
3,"[1175, 1704, 1705, 386, 1758]"
4,"[1043, 1704, 1705, 1761, 1760]"
5,"[926, 1620, 1520, 1518, 1561]"
6,"[1495, 108, 212, 141, 349]"
7,"[1637, 1906, 1528, 1916, 1592]"
8,"[480, 282, 1704, 1705, 73]"
9,"[165, 164, 1705, 89, 1618]"
10,"[116, 1884, 1246, 786, 935]"
11,"[1599, 89, 455, 1192, 1676]"
12,"[1192, 114, 1611, 1523, 1704]"
13,"[164, 455, 1915, 937, 159]"
14,"[372, 753, 752, 759, 765]"
15,"[1316, 1904, 1441, 18, 1705]"
16,"[1915, 1129, 141, 1269, 918]"
17,"[372, 368, 455, 1733, 1738]"
18,"[1903, 1607, 1273, 1904, 1316]"
19,"[1900, 360, 1543, 95, 1767]"
20,"[1915, 1043, 1249, 1520, 1676]"
21,"[1915, 116, 1884, 1792, 18]"
22,"[1752, 1766, 1748, 868, 349]"
23,"[73, 1704, 1705, 162, 165]"
24,"[102, 1746, 656, 96, 97]"
25,"[1915, 116, 868, 455, 114]"
26,"[368, 372, 862, 455, 1697]"
27,"[1538, 1556, 1586, 1615, 1011]"
28,"[1775, 1769, 1760, 1900, 1768]"
29,"[1915, 1618, 89, 455, 1676]"
30,"[1043, 1884, 1705, 1704, 819]"
31,"[1915, 409, 1618, 113, 89]"
32,"[116, 1915, 1704, 1705, 1561]"
33,"[1246, 1924, 1884, 388, 1897]"
34,"[1704, 1705, 898, 1677, 872]"
35,"[455, 1607, 1705, 1704, 1628]"
36,"[1704, 526, 1705, 1649, 1063]"
37,"[1725, 608, 848, 757, 1705]"
38,"[1607, 1277, 768, 1608, 745]"
39,"[478, 1705, 1924, 1704, 159]"
40,"[1915, 692, 919, 96, 98]"
41,"[1752, 453, 749, 1524, 1525]"
42,"[372, 1570, 1121, 1557, 1191]"
43,"[1791, 1832, 1836, 1873, 1789]"
44,"[371, 1260, 1256, 1299, 430]"
45,"[1063, 149, 739, 273, 1613]"
46,"[1620, 163, 1030, 1705, 1704]"
47,"[1627, 1905, 1907, 1745, 1616]"
48,"[1896, 1704, 1705, 455, 900]"
49,"[1705, 333, 1919, 543, 110]"
50,"[73, 162, 165, 931, 924]"
51,"[511, 1704, 1705, 1809, 1873]"
52,"[1915, 1900, 1917, 1543, 1902]"
53,"[135, 1567, 1880, 114, 108]"
54,"[98, 1924, 96, 97, 116]"
55,"[511, 1704, 480, 1705, 1836]"
56,"[1627, 1905, 921, 163, 1587]"
57,"[1607, 455, 1705, 1628, 1704]"
58,"[335, 164, 920, 1697, 1696]"
59,"[1068, 89, 455, 1676, 113]"
60,"[1040, 1600, 360, 1936, 1926]"
61,"[432, 1704, 1705, 1567, 1063]"
62,"[1924, 1704, 1705, 1457, 898]"
63,"[1071, 868, 1748, 1197, 1637]"
64,"[1891, 1567, 1321, 1704, 1557]"
65,"[1704, 1705, 995, 837, 1567]"
66,"[1924, 1902, 1765, 1777, 1705]"
67,"[1704, 1705, 385, 383, 739]"
68,"[1073, 666, 663, 637, 638]"
69,"[1915, 1580, 1340, 510, 1486]"
70,"[1896, 1157, 1607, 1608, 1517]"
71,"[125, 89, 409, 1534, 116]"
72,"[124, 1120, 1700, 1904, 1232]"
73,"[376, 1855, 677, 1135, 1846]"
74,"[1612, 1704, 1705, 530, 896]"
75,"[1915, 1588, 1906, 1899, 1526]"
76,"[1915, 1705, 1704, 624, 1193]"
77,"[1917, 1915, 408, 1733, 347]"
78,"[1726, 478, 116, 1884, 1617]"
79,"[823, 1762, 1758, 1914, 905]"
80,"[1906, 372, 1302, 599, 593]"
81,"[447, 440, 1926, 1608, 455]"
82,"[1915, 1761, 1760, 216, 1249]"
83,"[368, 1915, 862, 455, 408]"
84,"[368, 372, 862, 216, 1697]"
85,"[1043, 1051, 1590, 573, 677]"
86,"[338, 1586, 1615, 1088, 1019]"
87,"[1534, 171, 1742, 1539, 1564]"
88,"[1896, 1607, 1157, 410, 1202]"
89,"[1557, 1570, 1900, 1543, 372]"
90,"[787, 1449, 438, 1675, 1924]"
91,"[1713, 1701, 289, 1518, 1068]"
92,"[1192, 114, 1567, 372, 1604]"
93,"[903, 1924, 688, 677, 376]"
94,"[116, 16, 124, 1924, 1922]"
95,"[1915, 455, 1618, 89, 114]"
96,"[743, 750, 1894, 1763, 139]"
97,"[90, 1828, 1837, 1863, 927]"
98,"[887, 368, 219, 1040, 372]"
99,"[1878, 1707, 753, 310, 846]"
100,"[1615, 321, 1071, 1567, 409]"
101,"[1917, 1902, 1900, 1030, 455]"
102,"[1704, 1316, 1607, 1904, 1705]"
103,"[1820, 1818, 1813, 1814, 1822]"
104,"[926, 124, 1884, 455, 1567]"
105,"[1772, 1813, 410, 1810, 1202]"
106,"[1915, 408, 1014, 322, 1008]"
107,"[1148, 371, 1762, 1760, 1758]"
108,"[1772, 1704, 1705, 903, 828]"
109,"[781, 1638, 116, 1694, 868]"
110,"[116, 892, 164, 1704, 1903]"
111,"[1915, 624, 1598, 1277, 1319]"
112,"[933, 165, 164, 1025, 1193]"
113,"[73, 4, 1878, 1707, 7]"
114,"[1900, 1915, 1543, 1068, 455]"
115,"[455, 443, 1030, 1068, 1257]"
116,"[410, 1202, 165, 159, 937]"
117,"[1671, 1616, 1907, 1745, 866]"
118,"[1873, 1836, 768, 1832, 1738]"
119,"[478, 1915, 1924, 1705, 1704]"
120,"[1772, 1646, 961, 1451, 777]"
121,"[455, 421, 89, 1607, 216]"
122,"[1772, 1812, 1821, 1822, 1706]"
123,"[89, 735, 935, 938, 1924]"
124,"[1705, 1570, 1721, 1759, 372]"
125,"[372, 368, 683, 1072, 1704]"
126,"[1389, 1793, 1792, 1733, 446]"
127,"[1915, 937, 159, 164, 1618]"
128,"[1929, 375, 1307, 1567, 114]"
129,"[1607, 455, 1705, 1704, 1628]"
130,"[1758, 292, 1762, 1722, 1617]"
131,"[8, 1605, 4, 2, 9]"
132,"[1907, 1704, 786, 1705, 1618]"
133,"[1924, 1705, 1704, 1733, 216]"
134,"[1924, 478, 1704, 1906, 1705]"
135,"[1704, 511, 1705, 480, 1885]"
136,"[1708, 45, 1878, 1707, 1596]"
137,"[1157, 1607, 1608, 1517, 372]"
138,"[1704, 1567, 1618, 1705, 1760]"
139,"[1157, 1607, 165, 1648, 1074]"
140,"[165, 1249, 398, 1142, 1135]"
141,"[1915, 1924, 1343, 1438, 1369]"
142,"[124, 862, 1926, 102, 1922]"
143,"[1704, 1899, 1762, 1924, 1906]"
144,"[368, 1192, 455, 1113, 862]"
145,"[828, 1922, 1897, 1630, 1705]"
146,"[1878, 1707, 1068, 453, 78]"
147,"[903, 927, 1863, 90, 1828]"
148,"[1705, 1704, 1567, 95, 93]"
149,"[368, 372, 1570, 1613, 455]"
150,"[256, 83, 901, 1567, 28]"
151,"[1915, 1651, 398, 90, 1704]"
152,"[1113, 1066, 114, 1569, 1617]"
153,"[1620, 1752, 1704, 1924, 216]"
154,"[1704, 1758, 1752, 1760, 1761]"
155,"[1726, 1601, 1604, 1705, 1704]"
156,"[73, 1723, 1717, 3, 8]"
157,"[89, 125, 1835, 1903, 1704]"
158,"[1071, 1807, 1705, 322, 1896]"
159,"[1277, 692, 1726, 1638, 216]"
160,"[1029, 1026, 938, 1042, 286]"
161,"[1071, 1884, 921, 165, 163]"
162,"[1896, 1618, 1549, 164, 1567]"
163,"[1704, 1705, 1567, 1721, 1388]"
164,"[722, 1599, 123, 1772, 349]"
165,"[1768, 1775, 1773, 1030, 1749]"
166,"[1895, 1015, 1570, 1785, 1287]"
167,"[102, 97, 96, 98, 656]"
168,"[288, 924, 98, 96, 97]"
169,"[136, 275, 273, 277, 274]"
170,"[1772, 599, 1832, 361, 1263]"
171,"[1673, 1704, 872, 1705, 164]"
172,"[1897, 1899, 1567, 1705, 1760]"
173,"[47, 1314, 368, 856, 527]"
174,"[1786, 1922, 1897, 1790, 1793]"
175,"[794, 1742, 1313, 1533, 1534]"
176,"[1110, 438, 1915, 437, 1705]"
177,"[1705, 89, 1704, 920, 511]"
178,"[1064, 326, 993, 868, 1072]"
179,"[1135, 1795, 1888, 1887, 1130]"
180,"[1915, 624, 1598, 868, 1748]"
181,"[1570, 372, 1192, 1121, 1134]"
182,"[368, 1915, 372, 455, 216]"
183,"[1915, 1902, 1917, 1900, 1620]"
184,"[1915, 1562, 410, 1202, 306]"
185,"[216, 1705, 1704, 1607, 1909]"
186,"[1894, 455, 1705, 1704, 1613]"
187,"[113, 1922, 1897, 1899, 1762]"
188,"[116, 1884, 455, 1705, 1704]"
189,"[1708, 1878, 1707, 3, 5]"
190,"[1902, 1704, 1705, 926, 403]"
191,"[1915, 1710, 1704, 1136, 862]"
192,"[1704, 1705, 901, 162, 165]"
193,"[1319, 1752, 624, 1277, 1606]"
194,"[1615, 1704, 1705, 1904, 1567]"
195,"[1900, 1260, 430, 1253, 1261]"
196,"[1705, 1807, 16, 1704, 884]"
197,"[511, 1705, 1704, 510, 749]"
198,"[926, 1617, 1557, 333, 1277]"
199,"[865, 1747, 863, 885, 1249]"
200,"[919, 163, 1884, 175, 786]"
201,"[1704, 1025, 1705, 1193, 165]"
202,"[1900, 1705, 1543, 1704, 1620]"
203,"[1269, 73, 1317, 878, 1705]"
204,"[1607, 1517, 1608, 1904, 1532]"
205,"[1915, 116, 1924, 1884, 455]"
206,"[1758, 1704, 1317, 1705, 1760]"
207,"[165, 1772, 594, 16, 1041]"
208,"[1032, 1705, 1704, 110, 903]"
209,"[862, 587, 1924, 1603, 1788]"
210,"[737, 719, 731, 347, 1649]"
211,"[1705, 1704, 478, 165, 1924]"
212,"[1924, 116, 408, 1599, 1192]"
213,"[1704, 1705, 1904, 114, 1067]"
214,"[575, 568, 571, 1606, 574]"
215,"[1762, 1705, 1704, 1758, 95]"
216,"[1705, 1906, 1615, 1926, 455]"
217,"[1878, 1707, 1570, 372, 1704]"
218,"[1899, 1705, 1526, 1704, 1041]"
219,"[493, 1733, 927, 757, 741]"
220,"[1915, 1697, 1698, 1200, 1733]"
221,"[1157, 1613, 1607, 108, 212]"
222,"[945, 1013, 734, 1705, 1704]"
223,"[1704, 1705, 551, 1887, 1885]"
224,"[1192, 135, 1567, 1704, 1705]"
225,"[1705, 1704, 1906, 1255, 1607]"
226,"[1613, 1666, 1676, 926, 124]"
227,"[464, 1025, 159, 937, 921]"
228,"[1705, 1704, 1171, 1349, 1521]"
229,"[1728, 1732, 1705, 1704, 1192]"
230,"[1041, 1637, 165, 485, 1733]"
231,"[1761, 1760, 1762, 1758, 1249]"
232,"[1599, 557, 1281, 1192, 1900]"
233,"[884, 114, 455, 16, 1192]"
234,"[107, 927, 884, 1905, 216]"
235,"[1043, 677, 372, 1676, 455]"
236,"[1604, 1705, 1704, 884, 16]"
237,"[1704, 1358, 1705, 1370, 1363]"
238,"[1761, 1511, 1836, 1302, 1873]"
239,"[1705, 439, 631, 1704, 1884]"
240,"[1902, 1714, 1014, 1202, 410]"
241,"[368, 372, 1570, 1613, 455]"
242,"[1351, 1252, 1302, 1588, 1906]"
243,"[135, 1567, 1906, 1704, 1705]"
244,"[922, 114, 1705, 1704, 163]"
245,"[478, 1924, 1704, 1705, 1886]"
246,"[1900, 1902, 1917, 368, 372]"
247,"[73, 514, 1759, 282, 1764]"
248,"[372, 368, 1040, 1733, 321]"
249,"[455, 1726, 1191, 454, 390]"
250,"[7, 1878, 1707, 1708, 73]"
251,"[1601, 692, 1760, 1705, 1761]"
252,"[1043, 1916, 1915, 1906, 1928]"
253,"[1792, 1793, 443, 1786, 1789]"
254,"[116, 1900, 1902, 1917, 1916]"
255,"[1704, 107, 440, 1705, 464]"
256,"[1157, 368, 1613, 1035, 455]"
257,"[1705, 1704, 677, 1894, 1885]"
258,"[1704, 1863, 1935, 933, 1705]"
259,"[1915, 1924, 89, 409, 1676]"
260,"[223, 1079, 428, 406, 407]"
261,"[1704, 1705, 1764, 494, 903]"
262,"[1761, 1760, 1598, 1758, 1762]"
263,"[419, 1914, 159, 937, 164]"
264,"[1704, 1705, 1733, 89, 1602]"
265,"[1924, 478, 1704, 1705, 1457]"
266,"[1915, 1578, 1705, 1704, 1580]"
267,"[1900, 1758, 1762, 1617, 1902]"
268,"[1924, 478, 1884, 1762, 1705]"
269,"[368, 862, 1538, 1752, 1556]"
270,"[1586, 379, 1615, 380, 1053]"
271,"[1030, 1929, 927, 1592, 1630]"
272,"[1052, 1667, 1025, 255, 1704]"
273,"[1915, 1289, 361, 114, 876]"
274,"[1896, 1607, 165, 921, 1608]"
275,"[1570, 1607, 1705, 1924, 1704]"
276,"[290, 1704, 1705, 257, 749]"
277,"[1785, 1296, 259, 1567, 1511]"
278,"[527, 125, 89, 455, 113]"
279,"[1412, 1491, 364, 1704, 760]"
280,"[372, 762, 73, 403, 1202]"
281,"[1157, 1202, 1607, 410, 1608]"
282,"[1899, 95, 530, 1705, 1704]"
283,"[372, 368, 455, 1570, 421]"
284,"[1607, 1906, 1705, 1704, 1588]"
285,"[594, 1513, 542, 1772, 927]"
286,"[1900, 1917, 1543, 892, 1902]"
287,"[368, 1157, 1113, 862, 455]"
288,"[1320, 1705, 1904, 1532, 1704]"
289,"[1675, 1676, 286, 455, 89]"
290,"[1761, 1762, 478, 1924, 1705]"
291,"[1915, 677, 624, 1789, 1790]"
292,"[1173, 164, 1166, 1733, 1191]"
293,"[1788, 749, 1790, 1789, 1787]"
294,"[933, 1836, 1873, 1832, 1620]"
295,"[1917, 1915, 216, 1932, 408]"
296,"[1620, 1915, 1043, 677, 1790]"
297,"[1917, 1705, 1704, 1914, 1762]"
298,"[1704, 116, 1705, 1904, 1192]"
299,"[1884, 171, 1677, 432, 1562]"
300,"[1249, 866, 1202, 410, 1749]"
301,"[1043, 1249, 1705, 1704, 796]"
302,"[1772, 1752, 349, 1758, 1705]"
303,"[677, 1791, 1789, 1249, 1790]"
304,"[1705, 478, 1704, 1884, 1924]"
305,"[1795, 1707, 875, 1135, 1130]"
306,"[1731, 1727, 1015, 379, 1728]"
307,"[455, 1257, 1068, 1030, 478]"
308,"[1705, 1704, 419, 886, 165]"
309,"[1769, 1775, 1733, 455, 1768]"
310,"[1721, 135, 60, 1889, 339]"
311,"[501, 1531, 1030, 1257, 1875]"
312,"[1746, 1541, 98, 793, 97]"
313,"[1249, 493, 1825, 1705, 1831]"
314,"[441, 298, 1295, 1087, 433]"
315,"[934, 174, 176, 924, 167]"
316,"[599, 595, 597, 593, 1725]"
317,"[811, 1610, 114, 455, 1884]"
318,"[1900, 1915, 890, 1676, 1543]"
319,"[455, 1900, 114, 1884, 1917]"
320,"[1932, 1704, 1705, 530, 896]"
321,"[1915, 1924, 1884, 1917, 114]"
322,"[1676, 886, 455, 89, 1249]"
323,"[911, 1704, 136, 1705, 1649]"
324,"[1192, 1611, 116, 1915, 125]"
325,"[1763, 1772, 1886, 1301, 428]"
326,"[1607, 1157, 768, 745, 765]"
327,"[1924, 1599, 1705, 1704, 1758]"
328,"[926, 175, 885, 1704, 1705]"
329,"[1713, 98, 1704, 96, 97]"
330,"[1915, 1935, 1825, 1863, 90]"
331,"[361, 446, 1762, 818, 1307]"
332,"[926, 1705, 1618, 1704, 1249]"
333,"[1607, 1192, 1704, 1705, 1615]"
334,"[1607, 1517, 1157, 1192, 1608]"
335,"[1604, 216, 1915, 1748, 165]"
336,"[1028, 1925, 784, 1626, 891]"
337,"[1902, 1704, 1926, 1699, 1705]"
338,"[1924, 1041, 1899, 1034, 1529]"
339,"[1570, 372, 1192, 1121, 1134]"
340,"[1192, 114, 1884, 1705, 466]"
341,"[89, 372, 455, 1676, 113]"
342,"[1902, 98, 1713, 420, 171]"
343,"[114, 1705, 454, 1704, 1875]"
344,"[1875, 1570, 372, 1536, 1694]"
345,"[1269, 1607, 1096, 511, 1344]"
346,"[1915, 1192, 455, 1900, 114]"
347,"[1705, 888, 1601, 1726, 692]"
348,"[1915, 677, 406, 407, 1030]"
349,"[116, 114, 339, 455, 1884]"
350,"[1705, 1561, 1704, 1761, 1917]"
351,"[478, 1924, 1762, 1761, 1705]"
352,"[1570, 368, 372, 455, 862]"
353,"[472, 1701, 2, 4, 73]"
354,"[1704, 1612, 164, 1705, 1193]"
355,"[677, 1900, 926, 1924, 455]"
356,"[1915, 89, 885, 1619, 216]"
357,"[478, 1924, 1705, 1922, 1897]"
358,"[688, 677, 376, 1706, 1812]"
359,"[890, 1704, 1705, 1904, 114]"
360,"[1917, 1599, 1705, 1704, 1762]"
361,"[1900, 1543, 1029, 1760, 1704]"
362,"[1599, 1917, 1705, 1762, 1914]"
363,"[1900, 1543, 113, 112, 1638]"
364,"[1915, 1705, 485, 216, 1762]"
365,"[919, 163, 410, 1202, 903]"
366,"[1795, 1135, 1887, 1888, 1130]"
367,"[1270, 1658, 1896, 1611, 692]"
368,"[1836, 1832, 1873, 903, 1704]"
369,"[90, 398, 1863, 1023, 1290]"
370,"[1769, 1775, 1704, 1705, 660]"
371,"[1705, 1704, 1072, 511, 1809]"
372,"[73, 171, 1670, 749, 1320]"
373,"[1786, 655, 411, 1733, 1793]"
374,"[116, 1915, 1296, 1680, 1760]"
375,"[1197, 1752, 1524, 1525, 1559]"
376,"[1704, 1705, 1637, 242, 1762]"
377,"[1902, 1704, 1705, 902, 1809]"
378,"[1461, 561, 361, 1762, 1210]"
379,"[1907, 1704, 1705, 478, 1899]"
380,"[1758, 1762, 884, 1705, 1914]"
381,"[368, 1, 1607, 1704, 1705]"
382,"[478, 1705, 1924, 921, 216]"
383,"[1733, 1704, 1705, 1567, 1607]"
384,"[1608, 1613, 1909, 1914, 455]"
385,"[1599, 349, 149, 190, 618]"
386,"[292, 590, 599, 597, 587]"
387,"[1567, 1721, 372, 1924, 1557]"
388,"[368, 98, 97, 96, 455]"
389,"[1704, 1705, 1885, 823, 1929]"
390,"[1915, 1900, 1543, 1125, 868]"
391,"[361, 1760, 1600, 1762, 1191]"
392,"[881, 1922, 1897, 982, 1681]"
393,"[1029, 1133, 824, 1705, 1704]"
394,"[1269, 487, 922, 1705, 878]"
395,"[1192, 135, 1896, 1567, 1704]"
396,"[478, 590, 597, 593, 599]"
397,"[1899, 455, 375, 114, 1567]"
398,"[1906, 1302, 1704, 1705, 926]"
399,"[1924, 1587, 1792, 1786, 1788]"
400,"[1894, 1756, 851, 1705, 1704]"
401,"[930, 1704, 1705, 1645, 898]"
402,"[116, 1038, 455, 380, 1246]"
403,"[1758, 1798, 1762, 1781, 1782]"
404,"[1026, 990, 1775, 73, 347]"
405,"[903, 1704, 1705, 73, 511]"
406,"[368, 862, 901, 455, 1613]"
407,"[1900, 430, 1260, 1253, 1256]"
408,"[1713, 1902, 1900, 1704, 1917]"
409,"[1760, 1705, 1758, 1761, 1704]"
410,"[1671, 1745, 1616, 866, 1907]"
411,"[1302, 1675, 1699, 1676, 1926]"
412,"[692, 1601, 1726, 846, 1191]"
413,"[966, 204, 199, 140, 195]"
414,"[1855, 787, 1908, 59, 1544]"
415,"[135, 1800, 1711, 1570, 1187]"
416,"[921, 937, 159, 919, 163]"
417,"[1618, 930, 1705, 1704, 1906]"
418,"[1038, 1592, 1915, 1018, 1014]"
419,"[1157, 128, 1035, 1072, 1567]"
420,"[959, 914, 1148, 924, 1760]"
421,"[1026, 317, 1666, 1733, 1705]"
422,"[1587, 1627, 921, 1037, 102]"
423,"[594, 1340, 1513, 1772, 542]"
424,"[1607, 1704, 1705, 511, 1885]"
425,"[1705, 1607, 1704, 1733, 432]"
426,"[464, 398, 446, 688, 334]"
427,"[1040, 116, 114, 1192, 1611]"
428,"[1157, 368, 1319, 259, 1924]"
429,"[1549, 320, 1166, 396, 1728]"
430,"[1030, 975, 1042, 925, 1026]"
431,"[361, 533, 398, 681, 683]"
432,"[478, 919, 1924, 1884, 1922]"
433,"[1915, 140, 677, 376, 1704]"
434,"[862, 164, 1613, 455, 165]"
435,"[1567, 372, 1705, 1704, 108]"
436,"[1302, 926, 1704, 1705, 165]"
437,"[1705, 1704, 1887, 511, 1809]"
438,"[1924, 1909, 1760, 1705, 1768]"
439,"[1772, 1580, 1486, 1223, 1340]"
440,"[1917, 1705, 1704, 1914, 1762]"
441,"[1915, 1752, 216, 1704, 349]"
442,"[124, 102, 1904, 1752, 18]"
443,"[372, 368, 1072, 1024, 683]"
444,"[368, 862, 1896, 372, 455]"
445,"[376, 677, 1302, 1705, 1704]"
446,"[1900, 1902, 97, 1029, 1133]"
447,"[1249, 1511, 1705, 1704, 1825]"
448,"[116, 125, 1758, 1924, 1762]"
449,"[1071, 1587, 89, 1897, 1922]"
450,"[1832, 1704, 1193, 1705, 1752]"
451,"[1607, 1705, 455, 1704, 1628]"
452,"[1917, 1705, 1704, 485, 901]"
453,"[1900, 1902, 1917, 1875, 408]"
454,"[95, 925, 928, 931, 938]"
455,"[837, 261, 1317, 266, 239]"
456,"[1915, 1900, 1922, 1897, 1192]"
457,"[1916, 1928, 116, 455, 1924]"
458,"[1900, 1924, 1102, 886, 677]"
459,"[1083, 1259, 1906, 1704, 823]"
460,"[1915, 1302, 1935, 1863, 1862]"
461,"[734, 727, 726, 1650, 1011]"
462,"[1924, 90, 1855, 1086, 1861]"
463,"[175, 163, 1884, 921, 919]"
464,"[1915, 1924, 1705, 1704, 408]"
465,"[1705, 1570, 108, 372, 1704]"
466,"[926, 335, 959, 1748, 331]"
467,"[73, 1759, 1764, 1776, 468]"
468,"[1900, 349, 1705, 1704, 1543]"
469,"[1570, 372, 1792, 1733, 412]"
470,"[811, 1192, 322, 1611, 1071]"
471,"[1304, 1255, 1250, 1677, 1904]"
472,"[1063, 116, 781, 1193, 1875]"
473,"[1042, 1924, 1915, 402, 212]"
474,"[1052, 278, 1902, 1071, 1752]"
475,"[1915, 677, 915, 331, 1927]"
476,"[594, 1513, 1340, 1580, 1223]"
477,"[1302, 901, 1777, 1765, 1761]"
478,"[1900, 1543, 164, 1927, 1620]"
479,"[1523, 1705, 1521, 1762, 1758]"
480,"[368, 765, 745, 455, 768]"
481,"[1667, 1053, 1666, 1630, 79]"
482,"[292, 1617, 1758, 125, 1762]"
483,"[1607, 1157, 1608, 410, 1202]"
484,"[1900, 1902, 1884, 706, 1516]"
485,"[1704, 1924, 1705, 1807, 1900]"
486,"[1607, 1517, 1608, 1904, 1532]"
487,"[888, 901, 535, 1567, 125]"
488,"[1666, 1612, 1704, 1762, 1620]"
489,"[98, 1837, 1833, 1902, 96]"
490,"[1915, 1917, 116, 1042, 1884]"
491,"[1549, 1915, 1551, 862, 421]"
492,"[372, 1608, 1607, 1517, 1598]"
493,"[1900, 1068, 1886, 1543, 621]"
494,"[1792, 1192, 1599, 1733, 54]"
495,"[1752, 1890, 1758, 1516, 1760]"
496,"[1734, 1696, 1704, 1699, 1705]"
497,"[455, 1607, 1613, 1192, 1894]"
498,"[1041, 921, 164, 165, 1025]"
499,"[1192, 1277, 114, 1604, 1726]"
500,"[360, 1767, 319, 459, 160]"
501,"[126, 1705, 1125, 455, 421]"
502,"[1030, 1358, 1531, 1363, 455]"
503,"[1762, 679, 682, 1600, 903]"
504,"[1752, 164, 1705, 1704, 1620]"
505,"[1019, 1889, 477, 749, 1022]"
506,"[1246, 1617, 927, 1775, 1588]"
507,"[1936, 823, 1704, 1277, 1086]"
508,"[1906, 1704, 1705, 1529, 432]"
509,"[1705, 1704, 1762, 1758, 216]"
510,"[1917, 757, 1552, 927, 741]"
511,"[1915, 114, 455, 1567, 16]"
512,"[410, 1202, 368, 372, 1607]"
513,"[994, 1046, 1363, 1338, 1649]"
514,"[1056, 1613, 1607, 1627, 1894]"
515,"[216, 1025, 921, 113, 125]"
516,"[408, 1915, 200, 960, 1884]"
517,"[1906, 455, 1733, 1255, 1607]"
518,"[1902, 1620, 1752, 95, 1704]"
519,"[1727, 1015, 828, 1710, 220]"
520,"[1704, 1705, 1884, 786, 788]"
521,"[1878, 1707, 1705, 108, 372]"
522,"[1363, 1836, 1511, 511, 1334]"
523,"[1900, 1026, 677, 1705, 1249]"
524,"[1752, 1766, 851, 1755, 1923]"
525,"[1917, 1924, 661, 326, 408]"
526,"[1704, 1705, 1924, 1536, 1556]"
527,"[926, 258, 1558, 1041, 162]"
528,"[257, 1613, 1627, 1530, 1905]"
529,"[1772, 1041, 1193, 1026, 1580]"
530,"[1899, 1705, 1704, 1610, 1523]"
531,"[1915, 1079, 125, 1277, 1263]"
532,"[1607, 164, 1608, 89, 1618]"
533,"[862, 368, 1567, 455, 1733]"
534,"[478, 1257, 1030, 1068, 1531]"
535,"[1924, 1705, 1704, 1307, 1592]"
536,"[73, 1207, 37, 1505, 529]"
537,"[1762, 1761, 1924, 116, 455]"
538,"[478, 1924, 395, 1705, 1704]"
539,"[837, 135, 1317, 1567, 259]"
540,"[455, 89, 349, 113, 1676]"
541,"[98, 97, 96, 452, 1301]"
542,"[1040, 360, 451, 1611, 1192]"
543,"[1915, 1676, 599, 1299, 207]"
544,"[1705, 1704, 1899, 1906, 1193]"
545,"[1906, 1873, 1836, 1704, 1705]"
546,"[398, 927, 1202, 410, 1557]"
547,"[1586, 1607, 138, 1263, 1765]"
548,"[928, 1607, 1924, 453, 78]"
549,"[1704, 552, 1924, 1705, 478]"
550,"[1148, 371, 1935, 927, 1192]"
551,"[1043, 1915, 1906, 1302, 1602]"
552,"[368, 1066, 862, 455, 1733]"
553,"[1607, 768, 745, 765, 373]"
554,"[1157, 1607, 1704, 1705, 1903]"
555,"[1536, 1561, 1899, 1526, 1932]"
556,"[1760, 1924, 1705, 1932, 1704]"
557,"[1567, 1704, 1705, 1618, 1733]"
558,"[478, 1924, 1071, 1884, 1922]"
559,"[811, 1071, 322, 1762, 1705]"
560,"[1775, 1769, 1704, 1705, 349]"
561,"[114, 116, 216, 455, 1567]"
562,"[1900, 1915, 1917, 1902, 890]"
563,"[1704, 1705, 527, 452, 1752]"
564,"[478, 1924, 1705, 1704, 1884]"
565,"[1041, 1620, 419, 1705, 1029]"
566,"[413, 811, 1718, 533, 457]"
567,"[1746, 98, 1541, 793, 96]"
568,"[1915, 677, 1900, 216, 1543]"
569,"[1899, 1526, 1705, 1704, 455]"
570,"[1607, 216, 1316, 1904, 1587]"
571,"[1906, 1528, 1899, 1916, 1910]"
572,"[1915, 1705, 1704, 1792, 1790]"
573,"[1915, 1676, 455, 89, 114]"
574,"[135, 1567, 108, 1880, 1705]"
575,"[1915, 868, 1748, 20, 125]"
576,"[1811, 1814, 1813, 1810, 1815]"
577,"[1772, 1340, 1580, 441, 1486]"
578,"[1922, 1897, 165, 89, 1924]"
579,"[1924, 1543, 1900, 1705, 1914]"
580,"[736, 1338, 1584, 738, 1649]"
581,"[259, 1153, 256, 1604, 1319]"
582,"[97, 96, 1619, 1550, 125]"
583,"[1616, 1671, 1745, 1924, 1520]"
584,"[1705, 1704, 1884, 1567, 16]"
585,"[660, 1316, 1904, 18, 1587]"
586,"[206, 1592, 141, 125, 212]"
587,"[1899, 216, 1704, 1705, 1193]"
588,"[1612, 1704, 624, 1705, 395]"
589,"[926, 1561, 1556, 1518, 1520]"
590,"[1030, 1900, 1762, 1560, 1861]"
591,"[116, 1884, 379, 1705, 1704]"
592,"[982, 461, 21, 1681, 188]"
593,"[749, 1700, 1787, 1790, 1792]"
594,"[1915, 1704, 1705, 98, 1638]"
595,"[1900, 1917, 765, 927, 760]"
596,"[1064, 1916, 1884, 919, 175]"
597,"[1915, 1924, 1904, 1316, 1705]"
598,"[903, 868, 1704, 1748, 1924]"
599,"[468, 1705, 1704, 926, 1826]"
600,"[1704, 1705, 1924, 116, 1915]"
601,"[1704, 1705, 1825, 1832, 511]"
602,"[1900, 1742, 1543, 1836, 1832]"
603,"[1878, 1707, 692, 73, 1708]"
604,"[1760, 1704, 1761, 1521, 1705]"
605,"[1915, 1049, 216, 1620, 408]"
606,"[1900, 1752, 1704, 1705, 1543]"
607,"[1756, 108, 851, 1705, 1270]"
608,"[688, 677, 58, 57, 54]"
609,"[478, 1924, 1704, 1705, 114]"
610,"[1142, 411, 1855, 1861, 90]"
611,"[57, 54, 58, 903, 1704]"
612,"[692, 1726, 1601, 1191, 1758]"
613,"[116, 1760, 455, 114, 1567]"
614,"[1705, 1704, 1758, 1761, 1762]"
615,"[1915, 677, 1705, 1704, 1765]"
616,"[406, 407, 1705, 1704, 1936]"
617,"[90, 398, 756, 763, 769]"
618,"[749, 1790, 1789, 1887, 1792]"
619,"[1936, 1086, 1906, 1556, 372]"
620,"[1762, 835, 1758, 1760, 1752]"
621,"[102, 1746, 1599, 409, 1192]"
622,"[1903, 1557, 965, 1030, 1075]"
623,"[368, 1157, 1113, 455, 862]"
624,"[1772, 1705, 1704, 1761, 1758]"
625,"[411, 116, 455, 89, 1676]"
626,"[1915, 371, 1658, 1896, 692]"
627,"[1772, 1034, 1932, 1639, 1337]"
628,"[363, 1677, 1824, 1870, 1874]"
629,"[29, 527, 1213, 523, 1440]"
630,"[114, 1705, 454, 1704, 1875]"
631,"[1620, 1705, 1072, 1927, 1704]"
632,"[1915, 116, 1900, 1884, 216]"
633,"[677, 1863, 1935, 1705, 927]"
634,"[1915, 1705, 1704, 1902, 1924]"
635,"[933, 1193, 1914, 1705, 1762]"
636,"[1878, 1707, 1570, 372, 1704]"
637,"[1772, 542, 594, 595, 593]"
638,"[1915, 1001, 368, 455, 1733]"
639,"[1906, 1302, 903, 1762, 1872]"
640,"[1902, 861, 1599, 162, 165]"
641,"[1915, 926, 1618, 1202, 410]"
642,"[1043, 333, 1026, 258, 1051]"
643,"[793, 1313, 749, 1746, 98]"
644,"[455, 216, 114, 1567, 1761]"
645,"[1705, 1704, 108, 372, 1570]"
646,"[1607, 1705, 1704, 432, 1903]"
647,"[604, 1924, 1338, 924, 930]"
648,"[1899, 530, 1705, 1704, 890]"
649,"[1607, 1608, 1704, 1894, 1705]"
650,"[1157, 1607, 1570, 1613, 1608]"
651,"[455, 438, 406, 1929, 1884]"
652,"[73, 954, 432, 1704, 1612]"
653,"[114, 1705, 1704, 1192, 1773]"
654,"[597, 590, 587, 593, 595]"
655,"[1705, 1704, 901, 1752, 432]"
656,"[455, 1567, 1899, 1880, 114]"
657,"[1896, 1157, 1617, 1615, 1762]"
658,"[116, 1884, 455, 1758, 1760]"
659,"[454, 455, 1929, 1224, 1592]"
660,"[1899, 1604, 781, 1922, 1897]"
661,"[73, 1704, 1225, 601, 1705]"
662,"[98, 1924, 1655, 478, 1191]"
663,"[1277, 1915, 116, 1726, 1604]"
664,"[116, 1705, 1704, 114, 1567]"
665,"[1910, 1032, 231, 355, 1299]"
666,"[1086, 1936, 1277, 1915, 89]"
667,"[1704, 1779, 1050, 1915, 1705]"
668,"[150, 288, 1915, 381, 692]"
669,"[327, 1926, 1931, 697, 447]"
670,"[1915, 1404, 501, 900, 616]"
671,"[514, 599, 593, 125, 781]"
672,"[1072, 1911, 213, 1882, 981]"
673,"[1011, 1192, 1586, 1088, 1615]"
674,"[1607, 1705, 1704, 455, 1906]"
675,"[1786, 1787, 1788, 1789, 1790]"
676,"[1931, 447, 1705, 1926, 1704]"
677,"[1900, 1902, 1917, 408, 349]"
678,"[48, 1705, 1704, 114, 890]"
679,"[125, 1172, 1792, 28, 1187]"
680,"[1567, 1618, 1704, 1705, 1733]"
681,"[1067, 1112, 997, 1124, 603]"
682,"[368, 372, 108, 1704, 1705]"
683,"[216, 1123, 964, 408, 150]"
684,"[1704, 1147, 1705, 688, 1600]"
685,"[1775, 1899, 1705, 1704, 1771]"
686,"[1915, 734, 89, 727, 1650]"
687,"[1352, 493, 497, 1001, 1363]"
688,"[1042, 925, 938, 164, 735]"
689,"[1628, 98, 368, 455, 1934]"
690,"[1705, 1570, 1761, 1114, 372]"
691,"[1586, 165, 921, 164, 1607]"
692,"[1902, 1704, 1926, 1699, 1705]"
693,"[1924, 116, 919, 1884, 175]"
694,"[1705, 1704, 1773, 1434, 1504]"
695,"[1902, 1302, 570, 1704, 531]"
696,"[1896, 1704, 1705, 1613, 455]"
697,"[823, 1666, 455, 89, 925]"
698,"[844, 748, 1570, 1705, 1249]"
699,"[1705, 1704, 1760, 1617, 292]"
700,"[292, 1617, 1762, 1758, 1760]"
701,"[368, 1567, 455, 1880, 1602]"
702,"[138, 903, 1704, 1705, 495]"
703,"[511, 1705, 1704, 749, 1511]"
704,"[197, 1042, 1193, 165, 89]"
705,"[1915, 911, 446, 216, 954]"
706,"[441, 1922, 1897, 927, 290]"
707,"[1153, 255, 1884, 1633, 218]"
708,"[1607, 781, 432, 1620, 48]"
709,"[291, 1713, 102, 1556, 1538]"
710,"[1667, 1053, 1666, 1630, 79]"
711,"[1915, 1863, 927, 1935, 1936]"
712,"[1192, 135, 1896, 1567, 1704]"
713,"[1903, 372, 29, 89, 125]"
714,"[421, 1551, 1202, 1909, 1901]"
715,"[1772, 1758, 1654, 1762, 1891]"
716,"[1705, 1704, 421, 1193, 1894]"
717,"[1050, 365, 1907, 136, 1916]"
718,"[1705, 1611, 1263, 1202, 410]"
719,"[478, 1197, 1924, 1884, 116]"
720,"[1190, 7, 455, 1124, 1696]"
721,"[553, 1758, 1762, 1760, 1761]"
722,"[681, 887, 1704, 1705, 1626]"
723,"[1900, 560, 1543, 1705, 1704]"
724,"[108, 1721, 1570, 372, 1704]"
725,"[1607, 1157, 372, 1896, 1608]"
726,"[1612, 1889, 1570, 1193, 1656]"
727,"[376, 677, 368, 455, 421]"
728,"[1896, 368, 455, 1157, 1567]"
729,"[206, 1592, 277, 1030, 1771]"
730,"[1704, 1873, 1836, 1832, 1705]"
731,"[1607, 1608, 1704, 1705, 1517]"
732,"[438, 1704, 372, 1608, 1072]"
733,"[1772, 594, 878, 1704, 922]"
734,"[1900, 1902, 1915, 1917, 455]"
735,"[1832, 1836, 1873, 165, 176]"
736,"[1246, 1613, 365, 924, 1637]"
737,"[1587, 1607, 1904, 1905, 124]"
738,"[1098, 757, 758, 760, 741]"
739,"[1889, 135, 1567, 372, 1880]"
740,"[1705, 1704, 1726, 582, 1601]"
741,"[455, 1896, 1192, 368, 1704]"
742,"[1183, 925, 1704, 423, 1244]"
743,"[1705, 1570, 108, 372, 1704]"
744,"[1915, 530, 1705, 1704, 896]"
745,"[368, 992, 455, 421, 1894]"
746,"[368, 862, 412, 455, 1697]"
747,"[116, 455, 1618, 1896, 89]"
748,"[1900, 1917, 1902, 1269, 216]"
749,"[1752, 1043, 697, 1599, 1705]"
750,"[1800, 1803, 1762, 1705, 821]"
751,"[165, 1704, 1924, 1620, 1705]"
752,"[1789, 1787, 1792, 1733, 1247]"
753,"[478, 1924, 455, 114, 1884]"
754,"[339, 116, 102, 96, 97]"
755,"[68, 282, 1303, 1809, 631]"
756,"[1922, 1897, 1899, 1567, 1705]"
757,"[1863, 936, 1792, 1790, 1789]"
758,"[1789, 1790, 1791, 1878, 1707]"
759,"[990, 165, 1924, 938, 931]"
760,"[1074, 1900, 1752, 1704, 1543]"
761,"[1705, 1704, 933, 165, 931]"
762,"[1917, 139, 1704, 977, 46]"
763,"[102, 1746, 1607, 409, 1608]"
764,"[1192, 1611, 16, 1705, 1704]"
765,"[1900, 1902, 677, 376, 1917]"
766,"[1763, 349, 1108, 1772, 1088]"
767,"[1899, 1762, 1704, 595, 1758]"
768,"[102, 892, 1746, 409, 96]"
769,"[1733, 1762, 1758, 1705, 1914]"
770,"[1878, 1707, 1705, 1570, 372]"
771,"[368, 455, 862, 1697, 1193]"
772,"[73, 1742, 1541, 1564, 1489]"
773,"[1072, 1620, 1626, 1520, 1518]"
774,"[1567, 1705, 1704, 1896, 1192]"
775,"[1040, 360, 1270, 1936, 1600]"
776,"[1902, 1620, 1074, 1704, 1705]"
777,"[363, 1613, 257, 1662, 851]"
778,"[1607, 1157, 1517, 1277, 1608]"
779,"[972, 924, 347, 1011, 136]"
780,"[1915, 1202, 410, 1733, 1676]"
781,"[372, 368, 455, 1570, 421]"
782,"[1915, 1026, 410, 1202, 1029]"
783,"[1027, 1748, 1490, 868, 175]"
784,"[739, 257, 1704, 1705, 1065]"
785,"[1704, 1705, 1760, 1761, 1316]"
786,"[1591, 971, 920, 886, 1592]"
787,"[1785, 1881, 1763, 927, 132]"
788,"[1704, 1705, 1760, 1523, 1761]"
789,"[1704, 1705, 1674, 380, 1317]"
790,"[1041, 1520, 1556, 1538, 1518]"
791,"[1761, 935, 919, 1758, 175]"
792,"[368, 372, 1613, 1792, 455]"
793,"[643, 1692, 1673, 607, 175]"
794,"[1135, 1130, 614, 1795, 607]"
795,"[368, 372, 89, 455, 1676]"
796,"[1125, 372, 292, 1619, 1774]"
797,"[1617, 292, 1722, 1677, 1758]"
798,"[1246, 1491, 1704, 1766, 760]"
799,"[1705, 1760, 1704, 454, 903]"
800,"[1915, 1545, 1277, 1916, 1906]"
801,"[1903, 1570, 1792, 372, 1915]"
802,"[1534, 1680, 1915, 1207, 1752]"
803,"[1216, 390, 1299, 1677, 1612]"
804,"[1915, 1917, 1861, 455, 1704]"
805,"[96, 97, 98, 698, 1772]"
806,"[1050, 114, 1405, 1704, 1705]"
807,"[1762, 1760, 1705, 1704, 1761]"
808,"[1604, 368, 1567, 1910, 1192]"
809,"[927, 1204, 1924, 729, 165]"
810,"[291, 1761, 1704, 1627, 1758]"
811,"[1307, 1929, 276, 1406, 1567]"
812,"[408, 125, 165, 1677, 1754]"
813,"[289, 116, 1704, 1705, 113]"
814,"[1899, 510, 1704, 1826, 1705]"
815,"[1772, 1922, 1897, 120, 1762]"
816,"[1030, 1917, 1916, 1919, 455]"
817,"[1712, 1705, 1704, 558, 684]"
818,"[1705, 1765, 1777, 1704, 1592]"
819,"[1758, 1761, 1762, 553, 1760]"
820,"[1922, 1897, 1526, 1899, 927]"
821,"[930, 1029, 1030, 164, 1924]"
822,"[1924, 1600, 1705, 1523, 1937]"
823,"[692, 1726, 1601, 1191, 846]"
824,"[1935, 1733, 1793, 455, 1786]"
825,"[339, 718, 1655, 116, 60]"
826,"[1704, 1705, 455, 113, 89]"
827,"[1071, 868, 1748, 1704, 1705]"
828,"[1837, 1828, 1833, 1810, 1630]"
829,"[1705, 1704, 530, 896, 1762]"
830,"[1922, 1897, 1526, 166, 1697]"
831,"[116, 1704, 1705, 455, 1884]"
832,"[1616, 1671, 1745, 1907, 1924]"
833,"[116, 339, 1724, 455, 1899]"
834,"[1924, 1904, 1785, 1191, 1489]"
835,"[409, 928, 124, 1704, 1705]"
836,"[206, 955, 969, 970, 972]"
837,"[693, 1907, 926, 801, 26]"
838,"[212, 216, 1915, 1704, 478]"
839,"[1899, 1922, 1897, 1558, 1545]"
840,"[478, 1026, 1924, 901, 1029]"
841,"[1586, 339, 1615, 1556, 1924]"
842,"[1055, 153, 925, 1495, 928]"
843,"[1027, 969, 1052, 927, 1069]"
844,"[1037, 836, 81, 965, 1786]"
845,"[1607, 1192, 1615, 1627, 921]"
846,"[1915, 1042, 1591, 1630, 1544]"
847,"[1772, 927, 1588, 1906, 1529]"
848,"[1905, 216, 89, 698, 1705]"
849,"[1761, 1760, 1758, 1246, 1705]"
850,"[1511, 484, 1704, 1762, 1705]"
851,"[1922, 1897, 95, 560, 207]"
852,"[1896, 89, 165, 113, 1191]"
853,"[1298, 1299, 1256, 1260, 430]"
854,"[69, 275, 274, 273, 280]"
855,"[1768, 1775, 626, 1661, 529]"
856,"[408, 1014, 1902, 455, 1899]"
857,"[250, 89, 1246, 1907, 1897]"
858,"[165, 96, 97, 628, 98]"
859,"[1307, 1406, 1458, 1212, 1637]"
860,"[1526, 1705, 1899, 1556, 1926]"
861,"[1077, 478, 1929, 1014, 440]"
862,"[1612, 1620, 921, 165, 1615]"
863,"[1907, 612, 614, 1890, 412]"
864,"[1902, 1746, 922, 1197, 409]"
865,"[1915, 677, 376, 1855, 868]"
866,"[1705, 1704, 1762, 1612, 530]"
867,"[1762, 1705, 1758, 1114, 1193]"
868,"[1705, 1924, 1761, 478, 1937]"
869,"[1704, 1899, 1705, 1904, 1906]"
870,"[1705, 727, 1704, 385, 1163]"
871,"[1246, 1878, 1707, 1705, 1704]"
872,"[1616, 1671, 112, 89, 1745]"
873,"[1615, 89, 890, 441, 440]"
874,"[927, 1044, 1630, 1027, 1905]"
875,"[256, 408, 1911, 1632, 261]"
876,"[219, 1677, 89, 455, 1676]"
877,"[125, 1697, 1696, 1884, 862]"
878,"[1113, 1032, 624, 977, 1695]"
879,"[96, 97, 98, 1313, 102]"
880,"[1922, 1897, 1704, 1705, 1746]"
881,"[1027, 1036, 1526, 927, 1192]"
882,"[868, 922, 1071, 1700, 164]"
883,"[692, 693, 1726, 1601, 846]"
884,"[291, 113, 667, 89, 159]"
885,"[1828, 1833, 1837, 1936, 1935]"
886,"[291, 1070, 112, 113, 890]"
887,"[866, 1671, 1616, 1527, 1745]"
888,"[1746, 98, 97, 96, 102]"
889,"[1746, 102, 97, 96, 667]"
890,"[1705, 1704, 1904, 1424, 860]"
891,"[921, 590, 1915, 587, 409]"
892,"[1705, 1704, 1914, 1612, 1762]"
893,"[1878, 1707, 1708, 1704, 1705]"
894,"[785, 1647, 385, 1319, 53]"
895,"[1922, 1897, 1905, 1044, 1627]"
896,"[409, 1193, 1905, 164, 1627]"
897,"[1915, 1042, 165, 1030, 1666]"
898,"[1922, 1897, 1761, 1760, 1705]"
899,"[1601, 1907, 1523, 1191, 1712]"
900,"[221, 997, 260, 73, 255]"
901,"[1905, 409, 164, 921, 1922]"
902,"[1917, 408, 1602, 1655, 1197]"
903,"[1495, 1704, 1705, 261, 1922]"
904,"[1014, 925, 1592, 1590, 737]"
905,"[1616, 1671, 1745, 1907, 866]"
906,"[1627, 1063, 1587, 165, 1886]"
907,"[1809, 165, 74, 66, 886]"
908,"[116, 1649, 1561, 1832, 902]"
909,"[1705, 1758, 1762, 1617, 1922]"
910,"[1704, 1705, 1904, 1889, 1885]"
911,"[455, 1909, 1878, 1707, 1191]"
912,"[1903, 1922, 1897, 1907, 926]"
913,"[222, 1299, 403, 1061, 1046]"
914,"[368, 1113, 455, 1896, 421]"
915,"[1915, 128, 1526, 868, 124]"
916,"[1902, 875, 1841, 1840, 1838]"
917,"[479, 837, 1777, 1765, 1499]"
918,"[1704, 1705, 1406, 1581, 114]"
919,"[1760, 1705, 903, 1704, 927]"
920,"[113, 1627, 89, 409, 921]"
921,"[1135, 1795, 1700, 927, 446]"
922,"[933, 1837, 1863, 1833, 1828]"
923,"[1040, 1193, 165, 1025, 1909]"
924,"[484, 1357, 497, 1758, 1762]"
925,"[222, 1047, 1788, 216, 1786]"
926,"[1195, 216, 204, 1592, 1591]"
927,"[1627, 1922, 1897, 1899, 102]"
928,"[1899, 1922, 1897, 408, 1526]"
929,"[1915, 729, 1246, 732, 719]"
930,"[128, 927, 1927, 1611, 1887]"
931,"[1729, 1069, 53, 385, 1733]"
932,"[937, 159, 113, 1025, 409]"
933,"[113, 89, 921, 409, 1676]"
934,"[291, 1561, 1704, 1760, 1705]"
935,"[428, 406, 223, 407, 607]"
936,"[1927, 1114, 551, 1612, 1762]"
937,"[1915, 1899, 878, 1526, 1610]"
938,"[1704, 1705, 164, 1676, 1516]"
939,"[1246, 1761, 1760, 1705, 1704]"
940,"[1704, 1705, 811, 860, 291]"
941,"[409, 97, 96, 102, 98]"
942,"[888, 1192, 692, 1915, 1249]"
943,"[1902, 1900, 1917, 1552, 408]"
944,"[1055, 1915, 270, 1603, 89]"
945,"[409, 1068, 97, 96, 124]"
946,"[1704, 1705, 1567, 73, 1317]"
947,"[933, 1617, 1811, 1618, 1706]"
948,"[1115, 89, 1676, 1675, 125]"
949,"[677, 1704, 1705, 1762, 1758]"
950,"[1904, 97, 1704, 1705, 1890]"
951,"[1666, 386, 396, 1130, 139]"
952,"[1772, 594, 1929, 1666, 1649]"
953,"[1627, 1705, 1704, 1899, 1922]"
954,"[1889, 1032, 1704, 1705, 1424]"
955,"[1899, 1705, 1762, 1758, 1704]"
956,"[106, 1704, 1705, 1910, 1890]"
957,"[1071, 1924, 1091, 1705, 1704]"
958,"[7, 1852, 1856, 1857, 1878]"
959,"[1926, 1704, 1705, 1899, 1904]"
960,"[1527, 1533, 113, 1587, 1538]"
961,"[1601, 1277, 116, 1726, 1610]"
962,"[1317, 54, 57, 58, 1424]"
963,"[1705, 1424, 1704, 903, 1401]"
964,"[375, 339, 116, 60, 1724]"
965,"[333, 1924, 1919, 636, 1133]"
966,"[455, 89, 125, 1534, 1924]"
967,"[1063, 1459, 446, 1733, 1793]"
968,"[159, 937, 657, 1618, 116]"
969,"[360, 165, 862, 998, 1630]"
970,"[1900, 1917, 1902, 114, 408]"
971,"[1705, 1070, 112, 890, 113]"
972,"[893, 1349, 1246, 1770, 1224]"
973,"[1922, 1897, 1905, 1615, 1586]"
974,"[4, 749, 165, 919, 162]"
975,"[1924, 1704, 1193, 421, 1705]"
976,"[441, 1935, 927, 1863, 1936]"
977,"[1042, 256, 994, 1776, 1757]"
978,"[1726, 692, 368, 1277, 455]"
979,"[990, 163, 175, 1809, 1705]"
980,"[990, 1004, 212, 1003, 1002]"
981,"[1704, 1072, 1490, 1705, 1752]"
982,"[1065, 320, 137, 1039, 273]"
983,"[1586, 1924, 1752, 1705, 1909]"
984,"[1061, 1014, 408, 125, 1676]"
985,"[1762, 1758, 216, 95, 1193]"
986,"[1899, 1922, 1897, 1526, 921]"
987,"[921, 116, 164, 937, 159]"
988,"[1705, 1704, 1904, 1604, 1523]"
989,"[1202, 1915, 927, 153, 930]"
990,"[1526, 1899, 113, 1627, 1922]"
991,"[704, 1762, 1758, 1705, 1063]"
992,"[106, 275, 1910, 1926, 1899]"
993,"[408, 1431, 522, 1231, 1341]"
994,"[1304, 274, 279, 277, 275]"
995,"[1934, 1560, 692, 341, 1705]"
996,"[1813, 96, 97, 1247, 1929]"
997,"[165, 163, 927, 164, 1025]"
998,"[116, 124, 1191, 1904, 455]"
999,"[1889, 1699, 1100, 296, 299]"
1000,"[952, 284, 1030, 1386, 1636]"
1001,"[1627, 165, 1063, 460, 124]"
1002,"[590, 1354, 1704, 587, 1705]"
1003,"[1723, 1889, 1704, 1705, 1890]"
1004,"[1495, 216, 1704, 1705, 1915]"
1005,"[1363, 1828, 1833, 1837, 89]"
1006,"[98, 919, 116, 18, 1269]"
1007,"[1041, 169, 1035, 677, 1086]"
1008,"[1246, 909, 211, 437, 1109]"
1009,"[419, 1903, 1535, 1875, 28]"
1010,"[1600, 1538, 1556, 1518, 1914]"
1011,"[1713, 1752, 1536, 1531, 1556]"
1012,"[692, 1601, 1726, 846, 1191]"
1013,"[1905, 1704, 1758, 1762, 1914]"
1014,"[921, 159, 165, 1202, 1193]"
1015,"[1627, 1905, 1586, 1922, 1897]"
1016,"[1915, 113, 1899, 1922, 1897]"
1017,"[1863, 1915, 927, 1592, 1935]"
1018,"[89, 921, 1025, 165, 937]"
1019,"[998, 924, 1922, 1897, 228]"
1020,"[1032, 1704, 1705, 1875, 650]"
1021,"[455, 1896, 1536, 1518, 1538]"
1022,"[1704, 1705, 1762, 1758, 1696]"
1023,"[1308, 1784, 678, 1704, 43]"
1024,"[1637, 1789, 364, 1792, 1791]"
1025,"[1704, 1705, 1424, 1904, 1316]"
1026,"[1723, 1424, 1624, 54, 57]"
1027,"[1041, 1704, 1705, 937, 159]"
1028,"[1772, 1863, 927, 1935, 1828]"
1029,"[1030, 1915, 1560, 1902, 212]"
1030,"[443, 807, 649, 396, 1743]"
1031,"[1825, 1704, 1832, 1705, 1906]"
1032,"[1704, 1705, 1904, 1826, 1567]"
1033,"[759, 1906, 1255, 1534, 1066]"
1034,"[279, 275, 277, 1924, 273]"
1035,"[657, 648, 1018, 171, 931]"
1036,"[375, 1069, 1171, 89, 113]"
1037,"[781, 1643, 1704, 1618, 1705]"
1038,"[1677, 1604, 1705, 1704, 1192]"
1039,"[1555, 1890, 757, 760, 758]"
1040,"[964, 441, 98, 97, 96]"
1041,"[1649, 258, 1014, 286, 1053]"
1042,"[1283, 437, 1928, 53, 89]"
1043,"[954, 956, 271, 1836, 1912]"
1044,"[1915, 1649, 455, 406, 265]"
1045,"[1247, 415, 101, 613, 96]"
1046,"[1929, 1832, 1511, 1592, 1825]"
1047,"[1924, 1915, 1071, 97, 96]"
1048,"[933, 930, 667, 1752, 452]"
1049,"[938, 919, 1933, 1344, 163]"
1050,"[116, 1704, 1705, 1611, 1192]"
1051,"[113, 1587, 925, 89, 890]"
1052,"[1705, 1704, 452, 1300, 403]"
1053,"[1700, 402, 1196, 1259, 1253]"
1054,"[922, 1544, 216, 1704, 1705]"
1055,"[1705, 1762, 1772, 1758, 1063]"
1056,"[1227, 1383, 1226, 485, 1415]"
1057,"[1019, 1131, 1704, 1626, 97]"
1058,"[1704, 1915, 1705, 1536, 1887]"
1059,"[116, 1600, 1724, 60, 1191]"
1060,"[1705, 1704, 1904, 1424, 860]"
1061,"[1705, 1752, 1590, 1704, 787]"
1062,"[1704, 1761, 1760, 1677, 1824]"
1063,"[113, 159, 937, 921, 409]"
1064,"[1250, 1906, 1260, 1298, 1258]"
1065,"[1455, 566, 568, 571, 677]"
1066,"[1065, 1927, 455, 1914, 1762]"
1067,"[1915, 677, 1733, 128, 412]"
1068,"[1772, 1192, 1928, 1513, 1299]"
1069,"[1792, 807, 361, 446, 605]"
1070,"[89, 164, 409, 1193, 1922]"
1071,"[1526, 1049, 1825, 786, 1924]"
1072,"[1904, 124, 819, 1890, 1704]"
1073,"[1518, 1904, 1523, 43, 1538]"
1074,"[1892, 692, 1924, 924, 1704]"
1075,"[1915, 1590, 1934, 787, 1908]"
1076,"[933, 688, 996, 1075, 1128]"
1077,"[290, 96, 98, 1538, 1615]"
1078,"[819, 1904, 166, 1587, 175]"
1079,"[1197, 1247, 171, 108, 1019]"
1080,"[1030, 1257, 139, 1302, 911]"
1081,"[410, 1202, 1592, 1590, 162]"
1082,"[1878, 1707, 1705, 1704, 572]"
1083,"[921, 1915, 409, 128, 1899]"
1084,"[1900, 1543, 1704, 440, 1705]"
1085,"[787, 452, 409, 102, 97]"
1086,"[124, 1904, 1884, 97, 96]"
1087,"[116, 339, 700, 753, 1724]"
1088,"[125, 1063, 819, 89, 1618]"
1089,"[1014, 1592, 1929, 719, 1590]"
1090,"[1924, 1914, 216, 1705, 1762]"
1091,"[1690, 1704, 1705, 125, 599]"
1092,"[1704, 140, 1705, 1488, 148]"
1093,"[468, 479, 925, 924, 928]"
1094,"[108, 141, 887, 212, 138]"
1095,"[1753, 1705, 212, 886, 1704]"
1096,"[1915, 1924, 868, 677, 1789]"
1097,"[1924, 1561, 1556, 1548, 1603]"
1098,"[1437, 1215, 1431, 1328, 1451]"
1099,"[4, 1915, 1541, 102, 98]"
1100,"[1713, 335, 1915, 1615, 1775]"
1101,"[1055, 933, 1914, 1705, 1762]"
1102,"[1758, 1762, 1761, 1760, 1705]"
1103,"[1760, 1761, 1705, 1704, 552]"
1104,"[1096, 1704, 451, 1689, 1705]"
1105,"[1855, 1915, 376, 677, 1846]"
1106,"[106, 1704, 1899, 1705, 1600]"
1107,"[1193, 1612, 1705, 1762, 1758]"
1108,"[1299, 1261, 1260, 1258, 1256]"
1109,"[1704, 1705, 530, 618, 896]"
1110,"[1032, 1705, 1704, 860, 1249]"
1111,"[1878, 1707, 1708, 8, 1864]"
1112,"[688, 291, 1586, 1531, 107]"
1113,"[1772, 408, 1123, 1008, 1001]"
1114,"[113, 471, 125, 89, 1264]"
1115,"[557, 37, 1723, 1328, 1574]"
1116,"[1922, 1897, 89, 1907, 216]"
1117,"[1922, 1897, 921, 165, 1025]"
1118,"[1304, 783, 1131, 1911, 777]"
1119,"[692, 1726, 693, 1601, 1277]"
1120,"[1612, 1620, 1574, 1065, 1762]"
1121,"[1704, 890, 1705, 1539, 1904]"
1122,"[1915, 276, 275, 278, 381]"
1123,"[1030, 1900, 1760, 1807, 1296]"
1124,"[1915, 1204, 1900, 1924, 1704]"
1125,"[1325, 1828, 1833, 1837, 927]"
1126,"[440, 1134, 324, 711, 1144]"
1127,"[1587, 1905, 819, 409, 113]"
1128,"[1612, 37, 1762, 1758, 1705]"
1129,"[89, 116, 455, 1676, 113]"
1130,"[1907, 1671, 1616, 1905, 1745]"
1131,"[522, 595, 597, 593, 1196]"
1132,"[990, 1875, 925, 1753, 163]"
1133,"[1902, 1201, 1900, 1543, 1552]"
1134,"[918, 1704, 288, 455, 1902]"
1135,"[441, 1722, 689, 216, 1915]"
1136,"[1614, 438, 1610, 1636, 363]"
1137,"[165, 1026, 885, 1030, 159]"
1138,"[430, 1922, 1897, 1526, 1261]"
1139,"[73, 1087, 75, 440, 1088]"
1140,"[1101, 1723, 1752, 1556, 1538]"
1141,"[1899, 1526, 530, 1705, 1704]"
1142,"[1014, 1704, 1705, 1832, 165]"
1143,"[102, 97, 96, 1746, 1313]"
1144,"[1795, 1016, 1040, 358, 658]"
1145,"[587, 1511, 1404, 1578, 1784]"
1146,"[290, 1122, 1696, 1167, 1615]"
1147,"[339, 628, 60, 540, 1705]"
1148,"[149, 1933, 1680, 548, 1122]"
1149,"[1704, 1705, 1531, 1249, 1904]"
1150,"[368, 7, 618, 891, 614]"
1151,"[1761, 1704, 468, 1705, 1760]"
1152,"[455, 1904, 1274, 1191, 1489]"
1153,"[1924, 624, 1041, 926, 681]"
1154,"[1405, 828, 1704, 1705, 1880]"
1155,"[739, 1727, 1916, 1924, 1263]"
1156,"[1915, 1026, 408, 990, 1590]"
1157,"[1025, 165, 1694, 921, 1869]"
1158,"[1704, 1705, 89, 1348, 114]"
1159,"[116, 1704, 1705, 1900, 336]"
1160,"[692, 1726, 1601, 1191, 846]"
1161,"[98, 96, 97, 1029, 1752]"
1162,"[1928, 1899, 1526, 1336, 1926]"
1163,"[1033, 935, 1924, 28, 903]"
1164,"[885, 1538, 1556, 1523, 1554]"
1165,"[735, 1041, 1030, 1620, 1039]"
1166,"[223, 1006, 260, 239, 238]"
1167,"[394, 1495, 707, 345, 370]"
1168,"[89, 1029, 937, 1202, 410]"
1169,"[1915, 1828, 1935, 1833, 1837]"
1170,"[1705, 1924, 478, 1760, 1937]"
1171,"[1042, 1915, 1044, 216, 1771]"
1172,"[1705, 1704, 1424, 1536, 111]"
1173,"[113, 921, 409, 159, 937]"
1174,"[97, 96, 1924, 1523, 478]"
1175,"[1029, 1915, 1677, 1676, 89]"
1176,"[1246, 1910, 1610, 250, 673]"
1177,"[441, 44, 1274, 1722, 110]"
1178,"[692, 1726, 846, 888, 1890]"
1179,"[1924, 1750, 441, 1935, 1833]"
1180,"[110, 1916, 1787, 412, 1733]"
1181,"[1915, 259, 787, 216, 108]"
1182,"[1201, 98, 96, 97, 102]"
1183,"[1787, 1788, 1789, 907, 1790]"
1184,"[1246, 275, 279, 1878, 1707]"
1185,"[379, 440, 1615, 1088, 885]"
1186,"[1041, 1532, 1523, 1519, 1489]"
1187,"[360, 1028, 1135, 1924, 437]"
1188,"[265, 719, 367, 737, 732]"
1189,"[999, 901, 48, 739, 1551]"
1190,"[1247, 925, 1924, 410, 806]"
1191,"[1924, 89, 1520, 1538, 1556]"
1192,"[455, 1613, 421, 1894, 1192]"
1193,"[1705, 1704, 1889, 73, 796]"
1194,"[1916, 1027, 1030, 1906, 1620]"
1195,"[1281, 437, 1575, 446, 402]"
1196,"[216, 437, 1099, 1281, 1196]"
1197,"[1899, 1627, 1526, 1922, 1897]"
1198,"[95, 216, 1758, 1762, 1705]"
1199,"[291, 113, 112, 1604, 890]"
1200,"[1889, 1775, 60, 1704, 1768]"
1201,"[1772, 927, 1704, 1261, 1705]"
1202,"[89, 1604, 1726, 1924, 692]"
1203,"[1922, 1897, 1526, 1915, 927]"
1204,"[1705, 1704, 1192, 1906, 1904]"
1205,"[1148, 455, 1733, 1610, 1792]"
1206,"[1325, 1677, 862, 1705, 1704]"
1207,"[1409, 1825, 1828, 1498, 927]"
1208,"[1836, 1873, 1832, 1457, 1484]"
1209,"[1905, 1627, 1527, 1025, 937]"
1210,"[326, 1772, 408, 322, 1256]"
1211,"[116, 1769, 1775, 1890, 60]"
1212,"[1922, 1897, 921, 113, 1615]"
1213,"[1704, 1705, 319, 1760, 1761]"
1214,"[1787, 1786, 74, 1733, 1792]"
1215,"[1202, 410, 175, 213, 952]"
1216,"[1836, 1825, 1873, 1935, 1832]"
1217,"[1066, 1202, 410, 406, 407]"
1218,"[4, 1762, 437, 1263, 1617]"
1219,"[1157, 349, 108, 886, 1924]"
1220,"[1610, 1533, 291, 112, 1521]"
1221,"[807, 1726, 692, 1277, 1604]"
1222,"[1620, 1704, 1705, 164, 1618]"
1223,"[1705, 1704, 124, 1904, 1191]"
1224,"[289, 1063, 106, 1704, 1705]"
1225,"[1878, 1707, 1708, 1246, 73]"
1226,"[339, 1197, 1524, 1752, 1559]"
1227,"[1915, 412, 455, 1733, 116]"
1228,"[74, 1809, 1670, 1193, 164]"
1229,"[455, 1199, 1523, 16, 1192]"
1230,"[1758, 1762, 89, 553, 1761]"
1231,"[1157, 1523, 109, 811, 1199]"
1232,"[1915, 624, 1598, 1319, 1277]"
1233,"[411, 410, 1202, 1618, 1270]"
1234,"[1705, 759, 1704, 1915, 125]"
1235,"[1705, 1704, 530, 412, 1192]"
1236,"[1705, 1704, 1904, 1424, 860]"
1237,"[89, 437, 1284, 1620, 90]"
1238,"[1049, 1746, 937, 159, 692]"
1239,"[1704, 73, 1705, 66, 1575]"
1240,"[1704, 291, 1705, 1924, 667]"
1241,"[1047, 350, 222, 1933, 339]"
1242,"[95, 93, 1761, 1705, 1704]"
1243,"[1762, 1646, 59, 1758, 1617]"
1244,"[811, 1071, 1904, 1924, 96]"
1245,"[688, 1915, 1637, 319, 1091]"
1246,"[116, 409, 1704, 1561, 1536]"
1247,"[409, 113, 921, 890, 89]"
1248,"[938, 1904, 1600, 819, 425]"
1249,"[1922, 1897, 1899, 1526, 166]"
1250,"[1878, 1707, 1704, 1705, 1424]"
1251,"[1071, 1705, 1704, 1587, 1904]"
1252,"[1793, 1915, 405, 1924, 1733]"
1253,"[1924, 1904, 478, 1523, 1599]"
1254,"[1246, 1176, 73, 1772, 1907]"
1255,"[914, 915, 952, 911, 964]"
1256,"[1027, 1050, 165, 164, 1025]"
1257,"[1041, 1675, 1118, 211, 1911]"
1258,"[216, 1772, 1628, 1717, 1841]"
1259,"[432, 1080, 403, 1705, 777]"
1260,"[1924, 1705, 1704, 530, 896]"
1261,"[1646, 113, 409, 1527, 1627]"
1262,"[221, 260, 1060, 997, 981]"
1263,"[1907, 89, 1526, 1899, 1897]"
1264,"[430, 1298, 1704, 1299, 1534]"
1265,"[749, 682, 771, 900, 851]"
1266,"[1924, 478, 275, 273, 274]"
1267,"[409, 124, 1704, 1890, 1904]"
1268,"[409, 1587, 113, 819, 460]"
1269,"[58, 57, 54, 1063, 691]"
1270,"[116, 1704, 1884, 1705, 819]"
1271,"[1072, 1613, 164, 1704, 1705]"
1272,"[1055, 1046, 980, 732, 68]"
1273,"[790, 633, 959, 125, 419]"
1274,"[113, 1534, 1556, 1538, 1561]"
1275,"[1704, 455, 1904, 1705, 1022]"
1276,"[1899, 1733, 455, 1914, 1904]"
1277,"[441, 1935, 1828, 1833, 1837]"
1278,"[1601, 1726, 1705, 1704, 1758]"
1279,"[1928, 1906, 1924, 1916, 1528]"
1280,"[1080, 403, 777, 1263, 438]"
1281,"[1922, 1897, 1906, 1615, 1899]"
1282,"[749, 113, 112, 890, 1701]"
1283,"[1495, 165, 925, 1488, 1049]"
1284,"[1904, 1924, 1906, 478, 1553]"
1285,"[1772, 1748, 1924, 527, 868]"
1286,"[1527, 1616, 1587, 289, 1554]"
1287,"[1511, 1704, 1705, 688, 1592]"
1288,"[419, 937, 159, 1548, 89]"
1289,"[289, 1240, 1705, 1704, 1241]"
1290,"[1705, 1063, 1758, 1762, 1733]"
1291,"[1915, 918, 288, 138, 212]"
1292,"[1135, 409, 681, 98, 1560]"
1293,"[1924, 354, 1030, 1008, 161]"
1294,"[1836, 1046, 728, 1788, 1584]"
1295,"[1246, 909, 211, 437, 1109]"
1296,"[48, 1033, 175, 164, 1063]"
1297,"[222, 408, 1370, 261, 1363]"
1298,"[1044, 1052, 343, 1627, 1905]"
1299,"[919, 1042, 1041, 408, 1202]"
1300,"[1071, 1025, 1907, 1924, 1922]"
1301,"[904, 921, 1922, 1897, 362]"
1302,"[1929, 1590, 1511, 1338, 1649]"
1303,"[1784, 1899, 1300, 1922, 1897]"
1304,"[1030, 1135, 360, 1029, 419]"
1305,"[1587, 409, 819, 113, 1771]"
1306,"[1836, 1873, 1832, 1837, 1511]"
1307,"[1722, 688, 108, 1544, 689]"
1308,"[1705, 1704, 1889, 1904, 1890]"
1309,"[1704, 1705, 1904, 116, 819]"
1310,"[1627, 1587, 1905, 1063, 921]"
1311,"[1519, 1561, 1535, 1523, 1529]"
1312,"[921, 291, 1904, 1071, 1191]"
1313,"[1705, 1704, 1762, 1914, 1612]"
1314,"[261, 1197, 240, 267, 235]"
1315,"[1320, 925, 1670, 1042, 163]"
1316,"[432, 403, 1924, 1705, 1080]"
1317,"[1163, 1922, 1897, 1050, 1697]"
1318,"[921, 408, 159, 937, 1049]"
1319,"[1809, 886, 403, 165, 1704]"
1320,"[1125, 1677, 1676, 926, 1807]"
1321,"[1014, 139, 790, 408, 1916]"
1322,"[1704, 1705, 1523, 1556, 1906]"
1323,"[1250, 1232, 862, 933, 930]"
1324,"[1692, 903, 1705, 1704, 1317]"
1325,"[1363, 1733, 1762, 1758, 1729]"
1326,"[307, 1274, 1100, 308, 1270]"
1327,"[1705, 1821, 1822, 902, 1704]"
1328,"[928, 166, 1897, 1922, 1191]"
1329,"[1030, 1705, 1202, 410, 1906]"
1330,"[1063, 1905, 1627, 1761, 1760]"
1331,"[385, 1647, 219, 927, 618]"
1332,"[116, 1924, 60, 1724, 339]"
1333,"[937, 164, 89, 421, 165]"
1334,"[1256, 1260, 927, 1935, 1733]"
1335,"[1612, 1620, 1574, 896, 1704]"
1336,"[1770, 613, 52, 629, 70]"
1337,"[637, 663, 656, 664, 638]"
1338,"[1055, 1584, 1495, 972, 255]"
1339,"[341, 343, 452, 495, 1704]"
1340,"[1922, 1897, 1615, 1905, 1586]"
1341,"[1587, 921, 165, 1627, 1905]"
1342,"[1922, 1897, 396, 1615, 89]"
1343,"[934, 174, 176, 175, 167]"
1344,"[1071, 1704, 1705, 1701, 413]"
1345,"[165, 128, 1672, 1733, 1133]"
1346,"[1899, 1588, 1592, 1922, 1897]"
1347,"[1598, 1556, 1704, 1890, 1705]"
1348,"[164, 1906, 165, 926, 159]"
1349,"[1064, 1545, 1627, 1905, 1588]"
1350,"[873, 1065, 901, 1612, 862]"
1351,"[408, 1917, 1902, 1704, 1705]"
1352,"[106, 1910, 1618, 1705, 1704]"
1353,"[1705, 1457, 1704, 1511, 1249]"
1354,"[1907, 1705, 1704, 1887, 1567]"
1355,"[692, 1581, 697, 1761, 591]"
1356,"[1358, 1370, 1363, 1338, 1584]"
1357,"[1889, 1907, 1704, 1705, 60]"
1358,"[163, 165, 921, 321, 164]"
1359,"[432, 403, 1924, 552, 478]"
1360,"[1721, 1863, 1935, 927, 1828]"
1361,"[1922, 1897, 1915, 866, 1924]"
1362,"[1915, 216, 1076, 1705, 1704]"
1363,"[903, 1316, 1705, 1704, 1761]"
1364,"[455, 1112, 116, 692, 291]"
1365,"[1906, 692, 1926, 1894, 1600]"
1366,"[128, 1587, 1627, 1588, 1905]"
1367,"[1792, 1793, 1704, 1789, 1733]"
1368,"[1915, 394, 707, 1068, 1902]"
1369,"[885, 178, 184, 947, 189]"
1370,"[1878, 1707, 1246, 1704, 73]"
1371,"[1300, 1301, 587, 590, 452]"
1372,"[419, 1906, 114, 540, 408]"
1373,"[1917, 1902, 1620, 1612, 1914]"
1374,"[1113, 1041, 1192, 320, 911]"
1375,"[1915, 924, 89, 446, 717]"
1376,"[275, 1906, 273, 274, 1899]"
1377,"[1884, 1904, 1762, 1758, 1705]"
1378,"[1889, 60, 116, 1704, 1705]"
1379,"[1054, 320, 368, 618, 319]"
1380,"[1073, 1925, 165, 89, 681]"
1381,"[1488, 1026, 719, 1249, 523]"
1382,"[216, 1611, 927, 1203, 1705]"
1383,"[1902, 128, 952, 1917, 321]"
1384,"[1019, 1022, 1893, 1462, 477]"
1385,"[1758, 1762, 1704, 1705, 1752]"
1386,"[1246, 1772, 1901, 1763, 1704]"
1387,"[1124, 455, 1176, 1312, 1038]"
1388,"[440, 1904, 165, 1733, 446]"
1389,"[1027, 1758, 1762, 1705, 114]"
1390,"[1704, 1705, 554, 1534, 345]"
1391,"[1704, 1192, 1705, 60, 1904]"
1392,"[1520, 1518, 1538, 1556, 1529]"
1393,"[1922, 1897, 1197, 89, 455]"
1394,"[1733, 903, 1788, 1792, 1786]"
1395,"[1176, 1704, 558, 1459, 1705]"
1396,"[1772, 594, 1513, 927, 1884]"
1397,"[1043, 339, 1192, 116, 16]"
1398,"[408, 737, 1640, 736, 732]"
1399,"[1604, 1726, 692, 1662, 1277]"
1400,"[443, 1705, 530, 1704, 95]"
1401,"[345, 1319, 394, 707, 679]"
1402,"[1157, 1704, 1705, 1601, 1896]"
1403,"[1713, 1893, 1818, 1819, 1820]"
1404,"[368, 1647, 1567, 1549, 785]"
1405,"[1246, 509, 513, 1193, 1772]"
1406,"[89, 128, 113, 455, 1733]"
1407,"[1912, 1021, 1774, 577, 1334]"
1408,"[1484, 550, 1828, 1837, 1833]"
1409,"[1922, 1897, 921, 1615, 113]"
1410,"[819, 24, 511, 781, 116]"
1411,"[116, 60, 339, 1192, 863]"
1412,"[1027, 1029, 1034, 1035, 1040]"
1413,"[116, 692, 1600, 1637, 1191]"
1414,"[455, 1904, 1191, 89, 868]"
1415,"[1902, 1900, 455, 1917, 884]"
1416,"[1029, 212, 902, 403, 158]"
1417,"[1705, 1704, 1914, 1613, 1193]"
1418,"[165, 408, 937, 159, 1277]"
1419,"[1055, 1320, 925, 1495, 1042]"
1420,"[1354, 1704, 1705, 1762, 1758]"
1421,"[1157, 109, 1523, 811, 1199]"
1422,"[287, 102, 1627, 1025, 1904]"
1423,"[692, 1726, 1191, 1601, 1924]"
1424,"[445, 1204, 1314, 1249, 679]"
1425,"[1147, 1692, 289, 318, 292]"
1426,"[1907, 1704, 1705, 901, 926]"
1427,"[1705, 1758, 1762, 1617, 1922]"
1428,"[1705, 1762, 1758, 704, 1617]"
1429,"[1833, 1828, 1837, 1611, 1863]"
1430,"[1904, 1643, 43, 1618, 1705]"
1431,"[1299, 1833, 1837, 1828, 1935]"
1432,"[1905, 89, 1922, 1897, 1526]"
1433,"[1613, 890, 89, 1534, 1676]"
1434,"[1878, 1707, 1705, 1704, 108]"
1435,"[1400, 1924, 1898, 457, 533]"
1436,"[1712, 1705, 1704, 558, 1889]"
1437,"[1704, 164, 165, 937, 921]"
1438,"[124, 921, 1899, 165, 89]"
1439,"[1620, 1612, 659, 1762, 1574]"
1440,"[1620, 1193, 1762, 1705, 1758]"
1441,"[351, 455, 230, 1686, 1617]"
1442,"[1112, 455, 1611, 1307, 281]"
1443,"[1704, 1705, 1620, 1612, 901]"
1444,"[291, 478, 667, 1902, 1705]"
1445,"[1915, 270, 1590, 1592, 911]"
1446,"[1922, 1897, 216, 1762, 1705]"
1447,"[643, 1250, 1911, 1614, 607]"
1448,"[1518, 1523, 1904, 1538, 1556]"
1449,"[1041, 1527, 1519, 113, 1529]"
1450,"[273, 275, 1677, 279, 128]"
1451,"[1902, 1900, 1917, 455, 408]"
1452,"[1119, 272, 1027, 1006, 996]"
1453,"[1792, 1789, 1788, 1786, 1916]"
1454,"[405, 1526, 1558, 1125, 1704]"
1455,"[1055, 1704, 1705, 165, 1193]"
1456,"[862, 673, 1192, 421, 1697]"
1457,"[1899, 1521, 1705, 1704, 1588]"
1458,"[1792, 1793, 89, 1786, 1787]"
1459,"[1335, 1329, 1330, 1345, 498]"
1460,"[1922, 1897, 1586, 1615, 1627]"
1461,"[1902, 1917, 1924, 1929, 51]"
1462,"[1899, 530, 1705, 1704, 1219]"
1463,"[1704, 1603, 1705, 862, 89]"
1464,"[1922, 1897, 1775, 1762, 1758]"
1465,"[1545, 1700, 402, 1196, 97]"
1466,"[926, 1618, 399, 406, 1125]"
1467,"[876, 880, 869, 925, 933]"
1468,"[102, 409, 171, 1746, 583]"
1469,"[409, 96, 97, 1702, 1746]"
1470,"[988, 720, 911, 149, 198]"
1471,"[1905, 1627, 1587, 124, 1886]"
1472,"[1192, 1704, 1762, 692, 1705]"
1473,"[1054, 1649, 980, 408, 1053]"
1474,"[326, 114, 333, 296, 394]"
1475,"[1899, 618, 406, 407, 1922]"
1476,"[594, 1772, 1421, 1513, 1227]"
1477,"[862, 1567, 1549, 1914, 901]"
1478,"[1627, 1905, 113, 1527, 862]"
1479,"[1067, 339, 1724, 60, 116]"
1480,"[1627, 1613, 164, 921, 89]"
1481,"[1915, 216, 1748, 96, 97]"
1482,"[1922, 1897, 89, 1907, 1608]"
1483,"[376, 567, 568, 677, 563]"
1484,"[106, 1705, 1704, 1762, 1758]"
1485,"[1590, 410, 1202, 1919, 1041]"
1486,"[79, 1700, 1904, 124, 96]"
1487,"[927, 1935, 1863, 1193, 1788]"
1488,"[478, 1705, 1924, 1937, 216]"
1489,"[438, 211, 1636, 1704, 1705]"
1490,"[291, 711, 1662, 926, 692]"
1491,"[289, 1704, 1692, 1705, 607]"
1492,"[688, 1041, 1733, 412, 128]"
1493,"[1627, 1792, 89, 1793, 1786]"
1494,"[291, 409, 1705, 1704, 1904]"
1495,"[1071, 1807, 1705, 1704, 926]"
1496,"[171, 1504, 126, 1924, 781]"
1497,"[135, 1567, 1880, 114, 108]"
1498,"[781, 125, 1640, 1112, 862]"
1499,"[1316, 1915, 216, 1705, 1904]"
1500,"[1072, 1760, 372, 1733, 1705]"
1501,"[1607, 1904, 1316, 18, 1704]"
1502,"[116, 159, 937, 455, 1461]"
1503,"[1157, 368, 1035, 1613, 455]"
1504,"[1704, 1705, 125, 322, 1772]"
1505,"[926, 1191, 1255, 1617, 1239]"
1506,"[1704, 1705, 1752, 511, 903]"
1507,"[511, 1607, 1157, 432, 1072]"
1508,"[466, 1704, 175, 1884, 1705]"
1509,"[1607, 1894, 1705, 1704, 1809]"
1510,"[1409, 1704, 1705, 1338, 903]"
1511,"[1836, 1873, 722, 347, 1832]"
1512,"[164, 1587, 1025, 937, 1072]"
1513,"[146, 153, 982, 1924, 271]"
1514,"[278, 1016, 350, 273, 1915]"
1515,"[361, 445, 1762, 818, 1249]"
1516,"[135, 1567, 752, 762, 1603]"
1517,"[1352, 960, 1334, 200, 977]"
1518,"[1704, 1705, 1567, 37, 95]"
1519,"[114, 1704, 1705, 1567, 16]"
1520,"[1704, 793, 1705, 98, 1541]"
1521,"[867, 793, 1119, 1028, 1925]"
1522,"[1853, 481, 1789, 933, 1790]"
1523,"[890, 1612, 1705, 1599, 530]"
1524,"[698, 362, 1192, 1567, 1076]"
1525,"[1615, 1586, 346, 1088, 726]"
1526,"[924, 1332, 1630, 1649, 911]"
1527,"[1704, 1705, 997, 1909, 1193]"
1528,"[98, 1746, 409, 102, 97]"
1529,"[793, 102, 97, 96, 1320]"
1530,"[1552, 1705, 1704, 1529, 1887]"
1531,"[372, 368, 455, 1896, 421]"
1532,"[1704, 282, 1705, 1007, 111]"
1533,"[1317, 365, 1083, 1411, 1344]"
1534,"[1792, 1787, 1786, 372, 1733]"
1535,"[1936, 419, 1904, 926, 1617]"
1536,"[1114, 1041, 927, 165, 1193]"
1537,"[1157, 1768, 1705, 1775, 1704]"
1538,"[1915, 1567, 1040, 216, 108]"
1539,"[1627, 1905, 1705, 1704, 1922]"
1540,"[1062, 659, 1931, 476, 447]"
1541,"[1074, 1704, 1620, 1752, 1705]"
1542,"[1071, 1704, 1705, 1567, 16]"
1543,"[1721, 1098, 1105, 1557, 1710]"
1544,"[1027, 1119, 1041, 165, 1042]"
1545,"[1523, 692, 1726, 641, 1277]"
1546,"[1900, 1917, 408, 1748, 114]"
1547,"[1705, 1570, 108, 372, 1704]"
1548,"[1828, 1758, 1567, 1760, 1761]"
1549,"[198, 1704, 1705, 1567, 1192]"
1550,"[1705, 1704, 1607, 1613, 432]"
1551,"[1579, 447, 1273, 361, 992]"
1552,"[919, 164, 1704, 921, 125]"
1553,"[73, 704, 807, 364, 1027]"
1554,"[135, 1567, 752, 762, 1603]"
1555,"[135, 1157, 1567, 1459, 903]"
1556,"[1902, 1068, 1713, 289, 1924]"
1557,"[925, 423, 1244, 1183, 1704]"
1558,"[1172, 1175, 1916, 1884, 216]"
1559,"[1072, 372, 1157, 368, 1704]"
1560,"[1704, 1705, 1072, 1567, 93]"
1561,"[1922, 1897, 1896, 1899, 1742]"
1562,"[1120, 1924, 291, 1705, 1704]"
1563,"[862, 368, 1705, 372, 1704]"
1564,"[1705, 1899, 1704, 1906, 1610]"
1565,"[1607, 1613, 921, 1599, 113]"
1566,"[1440, 527, 523, 1704, 468]"
1567,"[1030, 1488, 209, 978, 432]"
1568,"[1670, 749, 1320, 171, 90]"
1569,"[1705, 1567, 1906, 796, 1704]"
1570,"[257, 1613, 1270, 1056, 901]"
1571,"[1901, 1607, 446, 412, 1126]"
1572,"[1705, 372, 259, 1704, 1607]"
1573,"[73, 229, 1058, 875, 1184]"
1574,"[1772, 927, 309, 1704, 1705]"
1575,"[1316, 1704, 1607, 1904, 73]"
1576,"[641, 1138, 884, 455, 1191]"
1577,"[1704, 1705, 885, 359, 1900]"
1578,"[1700, 171, 1904, 1232, 96]"
1579,"[1147, 1385, 1900, 692, 408]"
1580,"[1935, 1884, 110, 1370, 1363]"
1581,"[114, 1897, 1192, 455, 1600]"
1582,"[1924, 1704, 1202, 410, 1498]"
1583,"[361, 446, 1762, 818, 1457]"
1584,"[1773, 915, 321, 1249, 914]"
1585,"[1705, 1704, 108, 1592, 1721]"
1586,"[455, 417, 1193, 446, 1239]"
1587,"[1627, 165, 1193, 1025, 921]"
1588,"[1607, 432, 1587, 1277, 860]"
1589,"[926, 1520, 1924, 89, 1620]"
1590,"[440, 1040, 360, 1192, 451]"
1591,"[1377, 1705, 1704, 464, 1701]"
1592,"[1027, 1894, 1548, 1030, 1649]"
1593,"[73, 1700, 420, 1704, 171]"
1594,"[124, 876, 1746, 97, 96]"
1595,"[793, 1541, 98, 1313, 102]"
1596,"[1587, 1246, 1705, 1704, 1171]"
1597,"[443, 1924, 478, 1136, 1130]"
1598,"[1915, 900, 1704, 1705, 1733]"
1599,"[1746, 98, 1552, 96, 97]"
1600,"[1762, 1758, 885, 1752, 1704]"
1601,"[1157, 1277, 1607, 1202, 410]"
1602,"[928, 430, 347, 1637, 885]"
1603,"[1570, 1895, 1287, 1015, 1785]"
1604,"[1157, 1035, 1255, 432, 1636]"
1605,"[1900, 1915, 1917, 216, 408]"
1606,"[1896, 1157, 1727, 1015, 1607]"
1607,"[368, 1089, 1187, 1188, 1896]"
1608,"[1789, 1792, 1787, 1793, 1733]"
1609,"[1758, 292, 1762, 1761, 1722]"
1610,"[1320, 1701, 171, 452, 1300]"
1611,"[1887, 749, 1788, 1789, 1787]"
1612,"[1721, 1733, 372, 609, 1904]"
1613,"[1083, 1321, 1099, 441, 437]"
1614,"[124, 321, 96, 467, 1904]"
1615,"[1746, 1541, 102, 98, 96]"
1616,"[124, 1587, 1700, 1904, 1232]"
1617,"[1726, 692, 1601, 846, 339]"
1618,"[1899, 1030, 1916, 1588, 1906]"
1619,"[368, 455, 1113, 1567, 1899]"
1620,"[1705, 1704, 737, 1618, 998]"
1621,"[1924, 1604, 116, 692, 1726]"
1622,"[1704, 1705, 432, 1544, 1924]"
1623,"[108, 1721, 1567, 135, 1570]"
1624,"[1813, 1814, 1828, 1810, 1706]"
1625,"[605, 1113, 1545, 128, 324]"
1626,"[1915, 478, 116, 1704, 1705]"
1627,"[1027, 758, 765, 1202, 410]"
1628,"[915, 1936, 1567, 952, 1269]"
1629,"[1899, 1762, 1705, 1758, 1704]"
1630,"[937, 159, 1041, 163, 1861]"
1631,"[1261, 928, 166, 421, 262]"
1632,"[1192, 1611, 888, 114, 1567]"
1633,"[1915, 128, 1924, 1705, 1704]"
1634,"[1915, 216, 938, 174, 931]"
1635,"[1534, 164, 1704, 819, 165]"
1636,"[1704, 1705, 1752, 511, 749]"
1637,"[692, 1601, 1726, 1277, 1760]"
1638,"[37, 479, 1607, 480, 1778]"
1639,"[1906, 1277, 1267, 1202, 410]"
1640,"[1758, 1762, 292, 1617, 1761]"
1641,"[1915, 116, 114, 1748, 868]"
1642,"[1915, 1065, 1067, 1927, 116]"
1643,"[1900, 1902, 1917, 141, 212]"
1644,"[1607, 1896, 1157, 1608, 1586]"
1645,"[478, 1924, 1704, 1705, 1297]"
1646,"[1041, 1183, 165, 1030, 410]"
1647,"[1889, 1884, 116, 379, 1724]"
1648,"[1277, 692, 1192, 1726, 1523]"
1649,"[1615, 1088, 277, 1586, 1157]"
1650,"[1799, 1801, 1781, 1782, 891]"
1651,"[372, 368, 608, 757, 455]"
1652,"[537, 1338, 1705, 1704, 1193]"
1653,"[135, 1157, 1567, 903, 1459]"
1654,"[1570, 1607, 1608, 1157, 1517]"
1655,"[1240, 1897, 1922, 1191, 1704]"
1656,"[1915, 1902, 1193, 1620, 164]"
1657,"[1782, 1781, 1802, 1567, 1798]"
1658,"[1607, 1705, 1704, 1587, 1544]"
1659,"[171, 1828, 1837, 1833, 1771]"
1660,"[1676, 128, 1599, 89, 1192]"
1661,"[259, 1153, 1567, 256, 1316]"
1662,"[333, 1192, 1906, 1567, 543]"
1663,"[165, 1025, 937, 159, 921]"
1664,"[1705, 1704, 1210, 718, 1171]"
1665,"[1617, 1758, 1760, 292, 1762]"
1666,"[1704, 1705, 1896, 1760, 1899]"
1667,"[1316, 1704, 1607, 1904, 73]"
1668,"[1906, 926, 885, 1752, 823]"
1669,"[478, 1924, 1704, 1705, 412]"
1670,"[1937, 171, 97, 96, 98]"
1671,"[1192, 1704, 1896, 1884, 1567]"
1672,"[1607, 1896, 1517, 1608, 1157]"
1673,"[1760, 1896, 1899, 1704, 1705]"
1674,"[1902, 530, 1705, 1704, 896]"
1675,"[455, 1607, 1705, 1628, 1704]"
1676,"[223, 1863, 1935, 927, 96]"
1677,"[837, 259, 1153, 1317, 256]"
1678,"[1072, 1733, 1761, 1705, 1760]"
1679,"[1906, 1704, 1618, 1705, 1761]"
1680,"[1543, 1900, 96, 97, 1922]"
1681,"[1907, 1567, 927, 1863, 1935]"
1682,"[955, 976, 972, 1650, 1008]"
1683,"[1705, 408, 1924, 1704, 1807]"
1684,"[1192, 919, 16, 1884, 935]"
1685,"[1752, 1559, 1758, 1705, 1704]"
1686,"[1054, 279, 1915, 216, 125]"
1687,"[1613, 1056, 363, 484, 1894]"
1688,"[1884, 1559, 432, 1677, 1704]"
1689,"[1045, 1705, 1062, 1704, 1907]"
1690,"[1936, 1935, 159, 994, 1758]"
1691,"[787, 1544, 1030, 1249, 926]"
1692,"[140, 1592, 1523, 1906, 739]"
1693,"[1030, 1495, 1257, 1906, 1193]"
1694,"[1171, 317, 216, 1915, 706]"
1695,"[1713, 1541, 102, 98, 1746]"
1696,"[1937, 97, 96, 98, 408]"
1697,"[1118, 1201, 1701, 866, 1937]"
1698,"[1607, 1705, 1638, 455, 1704]"
1699,"[96, 420, 60, 1320, 864]"
1700,"[1612, 1704, 511, 1705, 162]"
1701,"[97, 1887, 409, 171, 1746]"
1702,"[1927, 1125, 926, 921, 159]"
1703,"[79, 643, 938, 1911, 1640]"
1704,"[1188, 1187, 1089, 135, 1338]"
1705,"[1560, 350, 864, 55, 663]"
1706,"[921, 164, 50, 937, 159]"
1707,"[1884, 98, 97, 96, 102]"
1708,"[1915, 1902, 408, 1733, 1704]"
1709,"[1760, 1762, 1758, 1761, 1704]"
1710,"[420, 1457, 1169, 1924, 1658]"
1711,"[314, 388, 863, 865, 1747]"
1712,"[1201, 1788, 1787, 606, 1603]"
1713,"[1316, 647, 1574, 1152, 301]"
1714,"[1915, 1902, 1705, 1561, 1704]"
1715,"[1040, 1204, 645, 739, 1705]"
1716,"[807, 1705, 1704, 1826, 114]"
1717,"[1704, 1606, 1600, 1523, 455]"
1718,"[468, 1704, 1705, 73, 135]"
1719,"[1527, 1627, 1587, 1905, 1552]"
1720,"[1890, 1074, 95, 1207, 1705]"
1721,"[1704, 1705, 511, 1670, 480]"
1722,"[455, 1613, 1896, 1676, 1604]"
1723,"[1704, 1552, 1705, 1884, 1701]"
1724,"[1705, 1808, 1924, 89, 1164]"
1725,"[1592, 1666, 737, 1591, 1204]"
1726,"[1192, 1567, 1884, 1880, 1899]"
1727,"[1889, 1752, 1524, 1525, 1041]"
1728,"[1704, 455, 1899, 1567, 1896]"
1729,"[116, 1884, 98, 919, 868]"
1730,"[892, 282, 1704, 1705, 511]"
1731,"[1617, 1758, 1722, 292, 1761]"
1732,"[734, 726, 1650, 727, 1011]"
1733,"[1800, 372, 1570, 1803, 1911]"
1734,"[1915, 1906, 1825, 1916, 903]"
1735,"[1586, 1704, 1615, 1705, 1246]"
1736,"[793, 102, 97, 96, 98]"
1737,"[116, 1900, 1924, 1915, 361]"
1738,"[938, 412, 935, 605, 735]"
1739,"[73, 1065, 1704, 468, 1705]"
1740,"[397, 125, 1676, 89, 608]"
1741,"[937, 159, 165, 163, 926]"
1742,"[677, 102, 98, 97, 1746]"
1743,"[1560, 864, 350, 55, 1810]"
1744,"[1287, 59, 1704, 198, 1763]"
1745,"[368, 1567, 752, 455, 762]"
1746,"[1760, 1705, 1588, 1704, 93]"
1747,"[1615, 1586, 1099, 346, 1088]"
1748,"[862, 368, 1924, 1414, 455]"
1749,"[1865, 73, 1670, 749, 1320]"
1750,"[1607, 1157, 1896, 1608, 1517]"
1751,"[679, 1762, 682, 1758, 37]"
1752,"[1526, 1523, 1041, 1192, 1899]"
1753,"[1066, 1627, 1249, 1905, 1527]"
1754,"[1710, 621, 1190, 1924, 1171]"
1755,"[1756, 257, 1063, 851, 1270]"
1756,"[865, 1747, 863, 1923, 118]"
1757,"[1929, 441, 1825, 1526, 1828]"
1758,"[1027, 1915, 1607, 1894, 1612]"
1759,"[1019, 994, 265, 326, 1088]"
1760,"[1321, 125, 440, 89, 1676]"
1761,"[96, 97, 1926, 124, 1746]"
1762,"[1072, 1705, 1704, 1775, 1567]"
1763,"[594, 1513, 1772, 364, 533]"
1764,"[1059, 1176, 392, 1162, 1065]"
1765,"[423, 1244, 1197, 1788, 862]"
1766,"[1671, 1745, 1616, 866, 1071]"
1767,"[1704, 1705, 1760, 1762, 1761]"
1768,"[1030, 1915, 1029, 1649, 1626]"
1769,"[368, 372, 455, 1557, 1613]"
1770,"[1247, 1937, 1773, 114, 1704]"
1771,"[1704, 73, 1705, 1611, 739]"
1772,"[102, 165, 98, 1541, 1538]"
1773,"[1730, 1898, 1718, 792, 533]"
1774,"[135, 1567, 1602, 89, 1880]"
1775,"[1071, 1748, 868, 16, 1588]"
1776,"[511, 1157, 1072, 599, 1035]"
1777,"[372, 1607, 1704, 1705, 901]"
1778,"[1704, 1316, 1607, 1904, 1705]"
1779,"[1705, 1704, 511, 514, 1249]"
1780,"[361, 1618, 446, 1762, 818]"
1781,"[1926, 922, 862, 1697, 272]"
1782,"[1655, 1924, 757, 741, 758]"
1783,"[631, 1114, 1705, 1704, 1567]"
1784,"[1788, 1787, 780, 1789, 1648]"
1785,"[1607, 1896, 1157, 1608, 1517]"
1786,"[276, 778, 397, 1179, 1008]"
1787,"[368, 1924, 1385, 1674, 1761]"
1788,"[511, 599, 595, 597, 593]"
1789,"[1705, 1704, 480, 1901, 749]"
1790,"[1896, 277, 1088, 819, 1586]"
1791,"[1700, 96, 171, 1904, 1232]"
1792,"[1613, 1056, 1733, 1705, 1894]"
1793,"[1775, 1769, 1768, 1705, 1760]"
1794,"[692, 1601, 1726, 1277, 1760]"
1795,"[1937, 97, 96, 98, 408]"
1796,"[1169, 925, 794, 1704, 1929]"
1797,"[1677, 1705, 1924, 1704, 1884]"
1798,"[1607, 1904, 1316, 18, 1587]"
1799,"[1924, 1828, 1837, 1833, 1863]"
1800,"[1880, 1069, 1896, 1157, 1608]"
1801,"[1560, 1559, 350, 55, 149]"
1802,"[409, 415, 171, 414, 692]"
1803,"[1587, 124, 1700, 781, 1904]"
1804,"[124, 98, 1746, 102, 96]"
1805,"[1704, 1705, 1072, 1896, 1922]"
1806,"[1157, 1132, 691, 1127, 1608]"
1807,"[483, 868, 1324, 1225, 1748]"
1808,"[1179, 276, 1159, 362, 614]"
1809,"[1617, 1758, 1761, 1762, 1760]"
1810,"[116, 1924, 89, 1704, 1705]"
1811,"[692, 1726, 1601, 1277, 846]"
1812,"[1793, 455, 1789, 1792, 412]"
1813,"[368, 862, 455, 1697, 1696]"
1814,"[1613, 1704, 1705, 851, 1752]"
1815,"[1889, 781, 1904, 1700, 1232]"
1816,"[1704, 1705, 1758, 1884, 1601]"
1817,"[1654, 383, 1705, 1704, 1924]"
1818,"[1040, 1202, 410, 1121, 1277]"
1819,"[667, 643, 128, 607, 1692]"
1820,"[442, 441, 898, 893, 896]"
1821,"[1906, 1836, 1873, 1704, 823]"
1822,"[719, 1041, 731, 737, 724]"
1823,"[1906, 1528, 1928, 1588, 1916]"
1824,"[1915, 921, 1025, 165, 113]"
1825,"[97, 732, 1297, 729, 1746]"
1826,"[478, 1884, 1704, 1705, 1760]"
1827,"[1527, 1924, 1538, 113, 1518]"
1828,"[1060, 1073, 89, 1676, 1704]"
1829,"[828, 1567, 1898, 533, 49]"
1830,"[927, 1828, 1837, 1833, 441]"
1831,"[257, 1613, 1527, 1905, 1627]"
1832,"[1073, 1925, 1704, 1705, 793]"
1833,"[372, 1721, 1040, 368, 108]"
1834,"[1906, 1528, 1300, 452, 403]"
1835,"[478, 1924, 1733, 1792, 1884]"
1836,"[1192, 1899, 1704, 1567, 16]"
1837,"[1154, 1157, 1704, 866, 1131]"
1838,"[116, 1884, 455, 1724, 1900]"
1839,"[1705, 1704, 1072, 1906, 1752]"
1840,"[1249, 1761, 1704, 1567, 1884]"
1841,"[1704, 1705, 1114, 119, 457]"
1842,"[108, 1721, 1705, 455, 1704]"
1843,"[1929, 1917, 1588, 164, 924]"
1844,"[1613, 1742, 1544, 53, 599]"
1845,"[1915, 677, 408, 165, 1902]"
1846,"[1705, 1704, 1896, 1534, 1922]"
1847,"[478, 1924, 1607, 1157, 455]"
1848,"[128, 1760, 1761, 1758, 1762]"
1849,"[1119, 1071, 1926, 1064, 281]"
1850,"[692, 1601, 1726, 846, 1191]"
1851,"[1914, 1025, 159, 165, 921]"
1852,"[1900, 1902, 1917, 349, 408]"
1853,"[1620, 1567, 1704, 1705, 1618]"
1854,"[478, 1924, 216, 455, 1705]"
1855,"[1746, 1541, 628, 97, 96]"
1856,"[372, 1570, 1705, 1903, 1586]"
1857,"[73, 1764, 68, 1704, 631]"
1858,"[1924, 1705, 1704, 1761, 1658]"
1859,"[1884, 1924, 938, 1549, 921]"
1860,"[306, 1884, 175, 938, 464]"
1861,"[1936, 1295, 1277, 1086, 1733]"
1862,"[1670, 1742, 1564, 1489, 1541]"
1863,"[1915, 1277, 1263, 1738, 1822]"
1864,"[1607, 1896, 1157, 1517, 1608]"
1865,"[368, 455, 1607, 1113, 1704]"
1866,"[1705, 1704, 1249, 468, 892]"
1867,"[1607, 1608, 89, 1704, 1903]"
1868,"[677, 945, 947, 191, 184]"
1869,"[1915, 98, 96, 97, 455]"
1870,"[444, 459, 1600, 1786, 1789]"
1871,"[1588, 1704, 1760, 1705, 1761]"
1872,"[1761, 1758, 1915, 1760, 1704]"
1873,"[149, 956, 1205, 1912, 271]"
1874,"[934, 174, 176, 924, 167]"
1875,"[4, 216, 1541, 1553, 1199]"
1876,"[1649, 862, 1788, 1603, 606]"
1877,"[166, 1466, 1705, 519, 972]"
1878,"[599, 567, 1263, 562, 564]"
1879,"[1915, 113, 890, 165, 1922]"
1880,"[1756, 257, 1063, 851, 1270]"
1881,"[924, 164, 1025, 165, 921]"
1882,"[1620, 1704, 1520, 1705, 1539]"
1883,"[1917, 1902, 1915, 408, 455]"
1884,"[1147, 372, 1704, 1705, 1072]"
1885,"[368, 372, 1705, 1704, 455]"
1886,"[455, 1607, 1705, 1628, 1704]"
1887,"[1915, 1704, 1902, 1552, 1705]"
1888,"[865, 841, 903, 314, 1747]"
1889,"[1072, 1567, 1704, 1705, 901]"
1890,"[1760, 1761, 1705, 1704, 1567]"
1891,"[656, 749, 96, 97, 793]"
1892,"[455, 454, 465, 460, 1191]"
1893,"[292, 1617, 1758, 1760, 1655]"
1894,"[1924, 114, 125, 455, 1676]"
1895,"[1726, 1601, 1758, 1704, 1761]"
1896,"[934, 924, 938, 928, 925]"
1897,"[972, 911, 1483, 1924, 975]"
1898,"[1696, 1697, 164, 125, 89]"
1899,"[884, 276, 1567, 1604, 114]"
1900,"[1203, 16, 1246, 903, 169]"
1901,"[478, 1924, 1704, 1705, 1733]"
1902,"[1316, 150, 37, 408, 480]"
1903,"[1922, 1897, 1587, 1900, 163]"
1904,"[885, 823, 911, 1836, 1873]"
1905,"[1922, 1897, 1567, 1705, 1704]"
1906,"[135, 1567, 1880, 114, 108]"
1907,"[1674, 1673, 898, 893, 872]"
1908,"[1705, 1471, 583, 1704, 507]"
1909,"[1902, 455, 1705, 1704, 1758]"
1910,"[97, 96, 98, 1746, 102]"
1911,"[1704, 1705, 511, 432, 111]"
1912,"[1050, 1021, 359, 1651, 250]"
1913,"[1028, 60, 1925, 1674, 784]"
1914,"[1046, 1026, 853, 1048, 1042]"
1915,"[1607, 1517, 1608, 1202, 1277]"
1916,"[998, 441, 1159, 393, 1675]"
1917,"[1001, 1924, 368, 1937, 455]"
1918,"[1924, 926, 624, 110, 1705]"
1919,"[1613, 1607, 455, 919, 162]"
1920,"[1607, 1202, 410, 599, 1636]"
1921,"[455, 114, 1899, 116, 890]"
1922,"[212, 862, 110, 44, 1697]"
1923,"[1171, 1704, 1705, 108, 1641]"
1924,"[1704, 1855, 1705, 1853, 59]"
1925,"[1607, 1608, 1894, 1704, 1705]"
1926,"[900, 124, 113, 1627, 1905]"
1927,"[1894, 1607, 1192, 608, 757]"
1928,"[372, 1607, 1704, 1705, 901]"
1929,"[368, 455, 862, 1704, 421]"
1930,"[135, 1567, 768, 745, 1880]"
1931,"[1607, 1192, 1040, 1011, 1202]"
1932,"[368, 372, 1894, 455, 1613]"
1933,"[1772, 927, 1705, 1863, 1935]"
1934,"[1762, 478, 1705, 1924, 1704]"
1935,"[1613, 1666, 110, 1255, 1904]"
1936,"[1607, 1608, 1896, 1517, 1157]"
1937,"[793, 98, 102, 1249, 97]"
1938,"[118, 1280, 98, 1727, 97]"
1939,"[1721, 108, 1570, 1704, 1557]"
1940,"[1915, 1193, 165, 1239, 175]"
1941,"[1915, 1917, 1924, 441, 216]"
1942,"[1116, 73, 1076, 1772, 496]"
1943,"[73, 1704, 1705, 1809, 480]"
1944,"[164, 921, 927, 937, 159]"
1945,"[1892, 1620, 1898, 426, 905]"
1946,"[1570, 468, 108, 1721, 73]"
1947,"[408, 128, 1148, 1762, 371]"
1948,"[219, 347, 1705, 1704, 1649]"
1949,"[1150, 1332, 1918, 435, 1154]"
1950,"[1760, 1510, 1705, 1704, 1761]"
1951,"[1721, 1557, 1204, 372, 108]"
1952,"[135, 631, 1637, 372, 113]"
1953,"[1746, 97, 96, 1313, 628]"
1954,"[455, 1192, 1906, 926, 1611]"
1955,"[1915, 1903, 1570, 372, 1192]"
1956,"[1705, 1704, 1924, 1457, 1772]"
1957,"[862, 1704, 1705, 901, 455]"
1958,"[1917, 359, 1207, 1561, 408]"
1959,"[1910, 1705, 1884, 16, 1704]"
1960,"[1788, 1789, 1787, 1603, 1792]"
1961,"[1924, 1705, 1704, 455, 216]"
1962,"[1617, 1655, 292, 926, 1722]"
1963,"[926, 1607, 1705, 1704, 510]"
1964,"[1298, 430, 1830, 1836, 1832]"
1965,"[793, 97, 96, 102, 98]"
1966,"[455, 1192, 464, 1567, 114]"
1967,"[1906, 162, 165, 176, 925]"
1968,"[454, 461, 16, 438, 465]"
1969,"[1650, 727, 726, 734, 1011]"
1970,"[1878, 1707, 1197, 1297, 1922]"
1971,"[464, 1899, 967, 1041, 1567]"
1972,"[108, 1704, 1705, 1607, 1762]"
1973,"[1830, 430, 4, 1670, 1298]"
1974,"[438, 455, 372, 1607, 1191]"
1975,"[368, 372, 455, 1570, 421]"
1976,"[1825, 1924, 901, 1202, 410]"
1977,"[368, 1570, 372, 1607, 862]"
1978,"[1604, 1922, 1897, 1896, 1567]"
1979,"[372, 1613, 368, 1894, 901]"
1980,"[116, 1746, 102, 1724, 124]"
1981,"[1704, 683, 1705, 656, 220]"
1982,"[437, 1607, 346, 1878, 1707]"
1983,"[1192, 1676, 89, 113, 1704]"
1984,"[1607, 1608, 1896, 1517, 1157]"
1985,"[1246, 361, 371, 1772, 1762]"
1986,"[1704, 1884, 1677, 1824, 1562]"
1987,"[925, 1066, 320, 1073, 340]"
1988,"[1906, 1255, 1588, 835, 216]"
1989,"[1915, 528, 1507, 455, 1863]"
1990,"[1705, 1704, 1762, 1758, 1887]"
1991,"[692, 1601, 1726, 1277, 1760]"
1992,"[1896, 1606, 1088, 138, 1615]"
1993,"[1878, 1707, 73, 1772, 2]"
1994,"[1591, 937, 1297, 1030, 1321]"
1995,"[1523, 216, 1786, 1915, 1787]"
1996,"[116, 1924, 1884, 478, 786]"
1997,"[73, 1861, 1846, 1758, 1762]"
1998,"[1804, 1798, 1782, 1705, 1802]"
1999,"[135, 1192, 1896, 1567, 1704]"
2000,"[1922, 1014, 165, 935, 1034]"
2001,"[1618, 1249, 1742, 1617, 1555]"
2002,"[1071, 1899, 1705, 1704, 1526]"
2003,"[420, 60, 864, 749, 1746]"
2004,"[269, 1545, 1930, 150, 1905]"
2005,"[1567, 1704, 1705, 1618, 1885]"
2006,"[1187, 1800, 1570, 1803, 1875]"
2007,"[114, 1915, 1192, 1567, 16]"
2008,"[419, 927, 1704, 1705, 164]"
2009,"[1924, 1704, 478, 464, 1772]"
2010,"[1055, 1704, 823, 1752, 1705]"
2011,"[1613, 257, 1011, 901, 1488]"
2012,"[1249, 1705, 885, 1704, 1873]"
2013,"[821, 1705, 583, 554, 1787]"
2014,"[919, 1884, 159, 937, 1025]"
2015,"[116, 1915, 1704, 1900, 1902]"
2016,"[1828, 1837, 1833, 441, 1935]"
2017,"[926, 323, 1523, 1519, 1529]"
2018,"[1915, 1704, 1705, 408, 116]"
2019,"[1704, 1705, 455, 1192, 1676]"
2020,"[1558, 1742, 1307, 1884, 1564]"
2021,"[1192, 1587, 1904, 1607, 1905]"
2022,"[1907, 1147, 455, 1567, 440]"
2023,"[1746, 97, 96, 102, 1313]"
2024,"[1019, 1705, 1673, 1704, 51]"
2025,"[926, 1927, 159, 1705, 1704]"
2026,"[1917, 898, 1640, 1030, 1434]"
2027,"[290, 1615, 1586, 1556, 1538]"
2028,"[1936, 911, 1758, 1705, 1704]"
2029,"[988, 957, 201, 959, 914]"
2030,"[1032, 285, 1704, 1933, 1705]"
2031,"[1758, 1752, 1760, 1761, 372]"
2032,"[165, 125, 1676, 89, 455]"
2033,"[59, 1297, 124, 882, 877]"
2034,"[1922, 1897, 18, 1705, 1899]"
2035,"[1705, 1704, 1884, 1924, 997]"
2036,"[478, 1924, 1705, 1704, 743]"
2037,"[1249, 1300, 1705, 1704, 403]"
2038,"[1670, 1742, 1541, 1564, 1489]"
2039,"[1618, 1752, 1704, 1705, 1666]"
2040,"[1884, 165, 938, 1896, 1592]"
2041,"[455, 454, 465, 461, 1308]"
2042,"[478, 361, 1297, 1884, 1197]"
2043,"[332, 1125, 1021, 1246, 327]"
2044,"[175, 289, 163, 210, 165]"
2045,"[1555, 1825, 1760, 1758, 1617]"
2046,"[1793, 1792, 411, 1157, 1570]"
2047,"[1705, 1704, 1567, 1880, 862]"
2048,"[1287, 30, 1710, 216, 1929]"
2049,"[1607, 1705, 1704, 432, 1894]"
2050,"[1014, 165, 175, 1026, 164]"
2051,"[862, 614, 1697, 1884, 125]"
2052,"[1541, 171, 46, 1138, 146]"
2053,"[1726, 390, 1191, 1202, 216]"
2054,"[1312, 1705, 1704, 650, 1677]"
2055,"[902, 1704, 1253, 1705, 1257]"
2056,"[1620, 115, 164, 417, 1328]"
2057,"[1705, 1762, 679, 16, 114]"
2058,"[1924, 926, 1705, 1655, 1704]"
2059,"[681, 368, 1040, 372, 321]"
2060,"[125, 683, 89, 1733, 1901]"
2061,"[1187, 1089, 1570, 135, 543]"
2062,"[1613, 1894, 1704, 1705, 1586]"
2063,"[1836, 1873, 1832, 165, 162]"
2064,"[1666, 89, 1676, 125, 1619]"
2065,"[1924, 1704, 1705, 1922, 1897]"
2066,"[1795, 1135, 1130, 607, 875]"
2067,"[1704, 1705, 1567, 1904, 73]"
2068,"[1030, 914, 952, 915, 924]"
2069,"[114, 1915, 408, 862, 455]"
2070,"[73, 1317, 282, 1207, 1918]"
2071,"[290, 1524, 1752, 1525, 1041]"
2072,"[116, 1911, 18, 390, 605]"
2073,"[116, 16, 1067, 379, 1928]"
2074,"[1705, 1704, 511, 1809, 1873]"
2075,"[781, 359, 604, 408, 164]"
2076,"[1884, 1708, 1878, 1707, 48]"
2077,"[1157, 372, 455, 440, 1607]"
2078,"[1704, 1924, 1705, 898, 497]"
2079,"[1902, 1752, 1704, 1705, 1620]"
2080,"[1127, 727, 1650, 726, 692]"
2081,"[292, 1758, 1617, 1762, 1761]"
2082,"[1917, 1449, 80, 408, 357]"
2083,"[1896, 97, 1606, 98, 138]"
2084,"[1704, 1705, 862, 1603, 606]"
2085,"[1705, 1704, 1543, 1922, 1897]"
2086,"[468, 1717, 1704, 1705, 111]"
2087,"[1030, 739, 125, 1915, 216]"
2088,"[1637, 1884, 307, 79, 1567]"
2089,"[1001, 1028, 7, 1915, 216]"
2090,"[1613, 257, 1530, 901, 1924]"
2091,"[1071, 1705, 1704, 409, 124]"
2092,"[1746, 97, 96, 102, 98]"
2093,"[1607, 1157, 1517, 1896, 1608]"
2094,"[1147, 692, 1726, 1192, 1915]"
2095,"[1899, 317, 1907, 1915, 223]"
2096,"[933, 1704, 1705, 1752, 1567]"
2097,"[1607, 1517, 1157, 1587, 1608]"
2098,"[1758, 292, 1617, 1762, 1760]"
2099,"[1434, 1704, 1705, 1773, 1655]"
2100,"[1915, 1252, 1298, 1302, 1253]"
2101,"[1705, 1704, 478, 1924, 16]"
2102,"[1072, 1155, 1064, 1405, 403]"
2103,"[1900, 408, 1076, 938, 918]"
2104,"[1915, 1924, 164, 1676, 478]"
2105,"[1027, 1612, 1042, 1480, 1041]"
2106,"[152, 771, 1283, 1079, 437]"
2107,"[1637, 1041, 165, 1649, 1529]"
2108,"[408, 89, 1676, 1675, 1666]"
2109,"[1762, 135, 1758, 1617, 1567]"
2110,"[1617, 1722, 292, 1760, 1761]"
2111,"[1900, 1545, 1543, 1894, 363]"
2112,"[1907, 1922, 1897, 89, 1704]"
2113,"[1915, 1570, 159, 937, 1749]"
2114,"[1607, 1517, 1896, 1157, 1277]"
2115,"[102, 98, 1313, 73, 97]"
2116,"[1157, 1896, 1618, 89, 1608]"
2117,"[1673, 1924, 868, 1704, 1705]"
2118,"[368, 455, 745, 1738, 1607]"
2119,"[1677, 1705, 1613, 1704, 872]"
2120,"[114, 691, 1192, 446, 1733]"
2121,"[116, 89, 1526, 1676, 1580]"
2122,"[1900, 1915, 890, 1543, 1704]"
2123,"[1617, 1758, 1762, 1555, 1550]"
2124,"[1915, 530, 1705, 1704, 1899]"
2125,"[1705, 1704, 1922, 1897, 1896]"
2126,"[124, 478, 1924, 1904, 1746]"
2127,"[1607, 510, 1705, 1704, 1826]"
2128,"[1617, 1760, 1761, 292, 1762]"
2129,"[633, 275, 273, 277, 274]"
2130,"[211, 212, 980, 1792, 985]"
2131,"[1192, 1567, 1704, 1705, 1615]"
2132,"[1896, 1613, 455, 1704, 1894]"
2133,"[1627, 165, 164, 1025, 159]"
2134,"[1607, 692, 455, 446, 1239]"
2135,"[1705, 1924, 1523, 1704, 16]"
2136,"[1917, 216, 1705, 1762, 1914]"
2137,"[108, 1705, 1721, 1704, 1762]"
2138,"[1649, 1676, 681, 455, 1704]"
2139,"[116, 379, 1726, 1705, 692]"
2140,"[1896, 1607, 928, 441, 1157]"
2141,"[372, 1045, 697, 1700, 1191]"
2142,"[372, 752, 765, 762, 759]"
2143,"[455, 1613, 1607, 510, 1249]"
2144,"[1772, 361, 1762, 818, 1457]"
2145,"[1772, 1559, 97, 96, 594]"
2146,"[73, 1705, 1704, 1826, 1670]"
2147,"[135, 1570, 372, 1705, 1704]"
2148,"[1704, 1690, 1705, 851, 1459]"
2149,"[465, 461, 1309, 459, 1310]"
2150,"[1670, 1705, 1704, 165, 419]"
2151,"[478, 1924, 1884, 1922, 1897]"
2152,"[1896, 1192, 135, 1567, 1704]"
2153,"[1884, 171, 1887, 1677, 432]"
2154,"[1072, 372, 1157, 368, 1704]"
2155,"[1704, 1705, 511, 480, 749]"
2156,"[1313, 98, 96, 97, 102]"
2157,"[1615, 1586, 726, 727, 1650]"
2158,"[1607, 1608, 1896, 1517, 1157]"
2159,"[1915, 1027, 1733, 1792, 1705]"
2160,"[1915, 1148, 165, 1762, 97]"
2161,"[1704, 1705, 1762, 1758, 1600]"
2162,"[1607, 1705, 1704, 89, 1604]"
2163,"[1704, 1705, 89, 114, 1529]"
2164,"[1704, 1758, 1705, 1752, 1762]"
2165,"[97, 667, 1742, 749, 171]"
2166,"[1894, 368, 862, 835, 1201]"
2167,"[372, 926, 1567, 765, 1733]"
2168,"[1297, 1935, 1828, 1837, 1833]"
2169,"[1760, 1617, 292, 1758, 1722]"
2170,"[1936, 1935, 1277, 1086, 1295]"
2171,"[73, 1541, 793, 98, 1313]"
2172,"[1704, 1761, 1705, 1192, 1760]"
2173,"[1513, 594, 542, 368, 455]"
2174,"[1157, 1035, 1704, 1705, 901]"
2175,"[1704, 1558, 1533, 1884, 1705]"
2176,"[455, 421, 1894, 1705, 1704]"
2177,"[372, 368, 1040, 1756, 1014]"
2178,"[1836, 1873, 1832, 1704, 1705]"
2179,"[1915, 1704, 1705, 162, 165]"
2180,"[1902, 447, 1273, 361, 1579]"
2181,"[938, 98, 1561, 97, 96]"
2182,"[135, 1567, 1880, 114, 108]"
2183,"[784, 455, 1924, 478, 1884]"
2184,"[1705, 1704, 1924, 1600, 111]"
2185,"[1536, 583, 507, 1915, 1705]"
2186,"[1705, 1704, 890, 1896, 113]"
2187,"[1705, 1704, 1773, 114, 807]"
2188,"[1902, 1915, 1038, 116, 1900]"
2189,"[455, 1704, 1705, 900, 1567]"
2190,"[1899, 1523, 1587, 868, 1748]"
2191,"[110, 7, 861, 605, 1124]"
2192,"[89, 1863, 90, 1924, 158]"
2193,"[1041, 1637, 1444, 688, 319]"
2194,"[1599, 291, 478, 396, 1793]"
2195,"[135, 132, 1744, 1772, 1567]"
2196,"[1875, 1570, 372, 1536, 1694]"
2197,"[1828, 1833, 1837, 1863, 1935]"
2198,"[1924, 1906, 927, 1600, 1907]"
2199,"[1704, 1705, 1924, 125, 408]"
2200,"[629, 1914, 321, 1913, 467]"
2201,"[108, 1705, 1567, 372, 1704]"
2202,"[1896, 1567, 455, 1884, 165]"
2203,"[1559, 1670, 667, 1841, 1838]"
2204,"[1704, 1705, 1752, 1733, 412]"
2205,"[1567, 1922, 1897, 1618, 1896]"
2206,"[1192, 135, 1567, 1704, 1705]"
2207,"[372, 368, 455, 862, 1896]"
2208,"[1772, 440, 441, 1302, 442]"
2209,"[1795, 98, 1770, 1263, 1028]"
2210,"[45, 346, 1143, 1144, 1666]"
2211,"[1926, 96, 97, 1916, 1884]"
2212,"[1617, 1705, 926, 1704, 1890]"
2213,"[1607, 900, 1558, 1704, 1550]"
2214,"[368, 455, 1567, 1880, 1602]"
2215,"[1071, 1902, 1705, 1704, 1025]"
2216,"[1936, 1828, 1833, 1837, 1935]"
2217,"[164, 1705, 1758, 1762, 1914]"
2218,"[794, 1313, 4, 793, 126]"
2219,"[478, 606, 723, 58, 57]"
2220,"[1651, 1050, 1792, 1793, 1733]"
2221,"[1613, 1705, 1607, 1704, 455]"
2222,"[1052, 985, 903, 979, 1195]"
2223,"[83, 901, 28, 1488, 256]"
2224,"[1896, 1705, 1192, 1607, 1704]"
2225,"[1733, 1729, 668, 1907, 1646]"
2226,"[135, 1567, 1704, 1705, 1752]"
2227,"[1204, 1705, 1704, 1573, 1611]"
2228,"[1772, 1705, 530, 1704, 1924]"
2229,"[425, 159, 937, 926, 165]"
2230,"[793, 1865, 96, 97, 98]"
2231,"[1915, 1030, 1916, 455, 1588]"
2232,"[890, 1705, 1704, 530, 1915]"
2233,"[617, 171, 1717, 1726, 1716]"
2234,"[96, 97, 98, 1906, 1760]"
2235,"[1316, 1904, 1704, 1705, 1608]"
2236,"[1607, 860, 164, 781, 1638]"
2237,"[372, 1662, 646, 344, 447]"
2238,"[1889, 455, 135, 1792, 116]"
2239,"[1900, 1915, 1543, 890, 1207]"
2240,"[98, 1887, 97, 96, 1646]"
2241,"[1612, 1607, 1207, 620, 470]"
2242,"[893, 892, 898, 1673, 872]"
2243,"[368, 455, 1880, 1567, 89]"
2244,"[1884, 1677, 432, 1562, 1656]"
2245,"[350, 171, 1875, 1536, 1694]"
2246,"[1749, 1783, 647, 1397, 1705]"
2247,"[1752, 1915, 1788, 1787, 862]"
2248,"[368, 677, 1705, 1762, 1704]"
2249,"[1570, 372, 1372, 489, 1437]"
2250,"[972, 67, 347, 1150, 736]"
2251,"[692, 292, 1758, 1722, 1761]"
2252,"[292, 1762, 1758, 1761, 1617]"
2253,"[884, 1011, 368, 564, 1068]"
2254,"[1717, 1895, 433, 1753, 482]"
2255,"[745, 125, 765, 835, 164]"
2256,"[783, 1924, 478, 124, 1025]"
2257,"[1700, 1118, 1778, 1937, 1887]"
2258,"[1726, 1604, 1601, 1705, 1704]"
2259,"[16, 1704, 1705, 1611, 1567]"
2260,"[1134, 1610, 1121, 1903, 1011]"
2261,"[290, 1028, 393, 1141, 1451]"
2262,"[371, 1936, 1295, 1277, 410]"
2263,"[1662, 363, 372, 1613, 1733]"
2264,"[749, 1603, 893, 862, 1924]"
2265,"[1924, 1899, 455, 1704, 1192]"
2266,"[149, 988, 915, 914, 911]"
2267,"[1065, 862, 455, 1249, 904]"
2268,"[1063, 1762, 1758, 1705, 37]"
2269,"[1932, 1924, 1704, 1358, 1705]"
2270,"[1705, 1762, 1926, 1704, 1914]"
2271,"[73, 282, 213, 1911, 981]"
2272,"[677, 1617, 1121, 1761, 926]"
2273,"[518, 1485, 1468, 1439, 828]"
2274,"[1936, 1086, 1928, 1295, 1906]"
2275,"[368, 1157, 141, 421, 1]"
2276,"[16, 401, 1904, 926, 1191]"
2277,"[1900, 1924, 1792, 408, 116]"
2278,"[455, 114, 1567, 408, 641]"
2279,"[1704, 1705, 1723, 37, 480]"
2280,"[1711, 1716, 1717, 1726, 1898]"
2281,"[455, 465, 1899, 454, 1308]"
2282,"[921, 113, 1025, 159, 937]"
2283,"[692, 1884, 621, 697, 8]"
2284,"[1043, 1906, 1704, 1705, 1758]"
2285,"[1607, 1608, 1894, 1704, 1705]"
2286,"[423, 125, 1244, 1612, 124]"
2287,"[126, 734, 928, 727, 726]"
2288,"[1923, 118, 1733, 614, 1792]"
2289,"[1549, 1610, 1884, 1748, 938]"
2290,"[1570, 108, 135, 368, 372]"
2291,"[478, 1924, 1705, 126, 1704]"
2292,"[220, 1063, 554, 343, 1590]"
2293,"[1088, 1599, 1586, 697, 1615]"
2294,"[108, 1762, 1317, 1758, 1705]"
2295,"[466, 458, 1764, 135, 527]"
2296,"[1758, 1705, 1762, 1904, 1897]"
2297,"[921, 937, 159, 1041, 89]"
2298,"[259, 1567, 256, 1153, 1319]"
2299,"[37, 1273, 1704, 449, 1275]"
2300,"[1878, 1707, 1705, 108, 372]"
2301,"[1705, 1704, 1807, 478, 1924]"
2302,"[211, 1705, 1704, 1759, 1764]"
2303,"[1726, 1197, 478, 1884, 1922]"
2304,"[1915, 1630, 911, 1930, 924]"
2305,"[1915, 114, 510, 1705, 1704]"
2306,"[1498, 1045, 1935, 1035, 1666]"
2307,"[1705, 1704, 1751, 480, 1882]"
2308,"[1192, 455, 692, 1884, 1611]"
2309,"[1116, 1073, 1118, 793, 290]"
2310,"[1915, 1704, 1705, 165, 164]"
2311,"[1900, 1902, 1917, 1543, 114]"
2312,"[116, 455, 408, 1705, 1704]"
2313,"[1316, 1607, 1904, 1705, 1704]"
2314,"[135, 1567, 89, 1602, 1880]"
2315,"[73, 1705, 1704, 480, 1317]"
2316,"[1915, 368, 1748, 618, 868]"
2317,"[1906, 1705, 1704, 1529, 1924]"
2318,"[1705, 1704, 1542, 1894, 480]"
2319,"[102, 1746, 96, 97, 1313]"
2320,"[938, 925, 1704, 935, 735]"
2321,"[1758, 1762, 1705, 1704, 1599]"
2322,"[1896, 1607, 1157, 1608, 1586]"
2323,"[1561, 1746, 453, 102, 1541]"
2324,"[368, 438, 1733, 372, 1190]"
2325,"[1587, 1704, 1612, 1705, 164]"
2326,"[604, 978, 911, 209, 1630]"
2327,"[900, 926, 1704, 1705, 511]"
2328,"[1906, 128, 1704, 432, 1705]"
2329,"[468, 82, 1705, 1704, 793]"
2330,"[1704, 1705, 1884, 1599, 1523]"
2331,"[137, 925, 1042, 1884, 1592]"
2332,"[1307, 1704, 510, 1705, 1617]"
2333,"[1570, 108, 1705, 1704, 372]"
2334,"[1617, 1758, 292, 1760, 1762]"
2335,"[1030, 1906, 1705, 1607, 1704]"
2336,"[1586, 277, 1088, 1157, 1615]"
2337,"[1072, 1025, 320, 1049, 937]"
2338,"[1072, 363, 1488, 372, 1542]"
2339,"[1599, 379, 1088, 1586, 697]"
2340,"[1251, 1705, 446, 1239, 1607]"
2341,"[1900, 1543, 1704, 1705, 1620]"
2342,"[1613, 257, 363, 1530, 901]"
2343,"[1700, 102, 656, 637, 663]"
2344,"[1902, 1900, 1704, 601, 1752]"
2345,"[1875, 997, 781, 1694, 1772]"
2346,"[1316, 1904, 1704, 1705, 1608]"
2347,"[1900, 1704, 1543, 1705, 443]"
2348,"[919, 478, 159, 937, 1924]"
2349,"[267, 266, 239, 238, 235]"
2350,"[455, 1038, 1922, 1897, 1884]"
2351,"[116, 1924, 102, 140, 195]"
2352,"[1746, 95, 409, 102, 1581]"
2353,"[164, 124, 165, 937, 159]"
2354,"[120, 216, 269, 739, 1604]"
2355,"[1705, 1704, 1618, 1697, 1696]"
2356,"[1038, 1752, 1704, 1705, 1249]"
2357,"[1613, 257, 1748, 1530, 1705]"
2358,"[692, 1726, 1277, 1601, 1604]"
2359,"[1040, 1724, 1064, 1704, 1604]"
2360,"[1607, 1157, 1608, 1517, 1570]"
2361,"[455, 390, 1726, 1191, 441]"
2362,"[1617, 292, 1758, 1555, 1762]"
2363,"[692, 1726, 1277, 216, 455]"
2364,"[752, 53, 892, 1677, 1870]"
2365,"[749, 98, 97, 96, 1746]"
2366,"[1604, 1884, 1567, 455, 16]"
2367,"[1040, 1192, 114, 455, 360]"
2368,"[1670, 510, 1705, 1704, 1826]"
2369,"[1044, 96, 97, 98, 466]"
2370,"[1041, 1775, 1135, 1017, 1769]"
2371,"[1056, 164, 1121, 994, 992]"
2372,"[1902, 992, 361, 1277, 1636]"
2373,"[376, 677, 1550, 216, 688]"
2374,"[1705, 1704, 511, 510, 1826]"
2375,"[1900, 1924, 681, 1270, 868]"
2376,"[124, 1904, 1656, 97, 1677]"
2377,"[1907, 125, 1899, 1191, 900]"
2378,"[1752, 1516, 1890, 1760, 1761]"
2379,"[1620, 1034, 933, 164, 1041]"
2380,"[1704, 1705, 1761, 1207, 95]"
2381,"[95, 1899, 1762, 1705, 1704]"
2382,"[359, 1900, 1207, 1917, 1680]"
2383,"[1599, 1017, 478, 443, 396]"
2384,"[125, 7, 618, 1697, 164]"
2385,"[1772, 349, 1752, 1758, 1705]"
2386,"[349, 1040, 190, 1011, 1072]"
2387,"[73, 990, 282, 924, 928]"
2388,"[1655, 1030, 688, 455, 1560]"
2389,"[402, 575, 571, 588, 1490]"
2390,"[765, 848, 608, 1607, 1738]"
2391,"[1775, 1769, 1768, 1704, 1760]"
2392,"[314, 1923, 1118, 959, 1642]"
2393,"[1617, 926, 1754, 165, 868]"
2394,"[1607, 1517, 1157, 1316, 1608]"
2395,"[1157, 368, 1035, 1896, 1613]"
2396,"[919, 937, 159, 1915, 921]"
2397,"[114, 372, 438, 900, 1567]"
2398,"[1011, 1192, 1586, 1615, 1088]"
2399,"[1705, 1704, 1733, 1567, 432]"
2400,"[368, 862, 599, 608, 455]"
2401,"[1932, 1931, 349, 163, 1030]"
2402,"[1061, 1055, 223, 985, 1052]"
2403,"[1763, 1704, 1705, 1777, 1765]"
2404,"[1607, 608, 757, 768, 1192]"
2405,"[314, 1246, 1878, 1707, 1923]"
2406,"[921, 409, 165, 1025, 901]"
2407,"[368, 1113, 1157, 862, 1896]"
2408,"[661, 1932, 190, 139, 1917]"
2409,"[111, 1704, 1705, 1758, 1752]"
2410,"[1733, 1300, 1301, 452, 1704]"
2411,"[1125, 125, 289, 257, 1662]"
2412,"[408, 1789, 1733, 1792, 926]"
2413,"[455, 1896, 1613, 1705, 1192]"
2414,"[886, 1704, 1705, 885, 903]"
2415,"[372, 368, 455, 608, 757]"
2416,"[335, 1934, 1570, 1314, 1191]"
2417,"[793, 533, 1869, 398, 1815]"
2418,"[377, 372, 921, 1041, 919]"
2419,"[1922, 1897, 868, 921, 163]"
2420,"[646, 3, 7, 474, 661]"
2421,"[1738, 768, 762, 745, 761]"
2422,"[1607, 1704, 1705, 511, 1873]"
2423,"[1550, 1520, 1518, 1524, 425]"
2424,"[1704, 1567, 928, 114, 1880]"
2425,"[1900, 1260, 890, 1543, 430]"
2426,"[1772, 1758, 1704, 1705, 1760]"
2427,"[888, 171, 1495, 1315, 1704]"
2428,"[1040, 289, 1104, 1147, 1385]"
2429,"[1704, 1580, 1762, 1705, 1758]"
2430,"[1889, 108, 1721, 1704, 1762]"
2431,"[1125, 1889, 289, 1557, 1277]"
2432,"[1924, 1705, 1704, 1536, 464]"
2433,"[1607, 1896, 1608, 1157, 1517]"
2434,"[208, 209, 973, 974, 976]"
2435,"[1761, 1760, 922, 555, 1670]"
2436,"[1705, 1758, 1762, 511, 1914]"
2437,"[116, 361, 1297, 455, 1894]"
2438,"[926, 374, 265, 341, 1704]"
2439,"[618, 114, 1001, 73, 924]"
2440,"[1607, 511, 164, 116, 24]"
2441,"[63, 349, 1722, 546, 990]"
2442,"[1620, 216, 165, 934, 174]"
2443,"[1157, 1768, 1769, 1775, 1705]"
2444,"[108, 1705, 1704, 1758, 213]"
2445,"[1614, 884, 291, 1615, 1586]"
2446,"[292, 1762, 1758, 1617, 1760]"
2447,"[1297, 594, 1855, 59, 124]"
2448,"[1752, 749, 1525, 1723, 1524]"
2449,"[1122, 290, 1167, 1696, 1694]"
2450,"[349, 1045, 787, 587, 595]"
2451,"[885, 1157, 1607, 1586, 1608]"
2452,"[903, 376, 677, 1705, 587]"
2453,"[890, 1676, 455, 1538, 89]"
2454,"[1573, 216, 1747, 863, 865]"
2455,"[1112, 1610, 855, 1558, 320]"
2456,"[98, 749, 1887, 102, 97]"
2457,"[1895, 828, 1287, 82, 1863]"
2458,"[1062, 1190, 359, 1158, 331]"
2459,"[921, 164, 165, 159, 937]"
2460,"[368, 1607, 1704, 1705, 216]"
2461,"[1617, 1758, 1762, 1760, 1761]"
2462,"[868, 919, 1676, 1900, 926]"
2463,"[116, 124, 102, 1697, 125]"
2464,"[1900, 1902, 1917, 1705, 1704]"
2465,"[1917, 1900, 1207, 1154, 408]"
2466,"[1705, 1775, 1495, 1704, 1618]"
2467,"[1915, 688, 677, 1618, 89]"
2468,"[1775, 1768, 1769, 349, 1760]"
2469,"[1192, 455, 1607, 1762, 1613]"
2470,"[1670, 1746, 102, 793, 98]"
2471,"[1915, 677, 1560, 1733, 408]"
2472,"[1915, 1863, 1704, 1705, 1885]"
2473,"[1922, 1897, 1705, 1704, 900]"
2474,"[1014, 1906, 1026, 1030, 1924]"
2475,"[1873, 511, 1704, 1705, 1249]"
2476,"[1441, 1316, 1904, 1880, 18]"
2477,"[1607, 1192, 1517, 1904, 18]"
2478,"[1710, 700, 927, 1936, 1833]"
2479,"[1130, 1795, 128, 1247, 1135]"
2480,"[361, 395, 1123, 376, 89]"
2481,"[1607, 886, 1517, 478, 1608]"
2482,"[1098, 1922, 1897, 1567, 1880]"
2483,"[1734, 739, 745, 761, 768]"
2484,"[1878, 1707, 261, 234, 239]"
2485,"[1617, 1758, 125, 292, 1761]"
2486,"[73, 911, 1705, 1704, 954]"
2487,"[28, 1536, 125, 603, 1875]"
2488,"[368, 372, 89, 1619, 1192]"
2489,"[290, 102, 793, 98, 96]"
2490,"[1705, 1704, 1752, 485, 900]"
2491,"[372, 368, 745, 455, 1738]"
2492,"[412, 1157, 1608, 1191, 1704]"
2493,"[135, 108, 1098, 1567, 132]"
2494,"[135, 1604, 1567, 1704, 1705]"
2495,"[1924, 125, 1922, 1897, 1705]"
2496,"[135, 1567, 1570, 372, 108]"
2497,"[1490, 1255, 1297, 59, 124]"
2498,"[1072, 372, 1157, 1125, 368]"
2499,"[1705, 850, 1704, 1752, 1809]"
2500,"[109, 1157, 416, 1523, 1146]"
2501,"[1900, 1917, 627, 757, 758]"
2502,"[1900, 998, 1917, 1046, 216]"
2503,"[1704, 1705, 1809, 1825, 1302]"
2504,"[1287, 82, 1877, 107, 1015]"
2505,"[1900, 1902, 98, 1713, 1838]"
2506,"[159, 937, 1026, 1249, 1924]"
2507,"[1599, 1536, 116, 1064, 1649]"
2508,"[468, 372, 216, 1570, 1915]"
2509,"[757, 774, 758, 1316, 765]"
2510,"[95, 386, 1900, 1781, 1782]"
2511,"[884, 438, 250, 773, 1066]"
2512,"[1035, 1607, 1157, 1088, 438]"
2513,"[1935, 1828, 1833, 927, 1902]"
2514,"[1197, 1524, 1752, 1525, 1559]"
2515,"[1878, 1707, 1704, 1760, 553]"
2516,"[102, 793, 749, 96, 97]"
2517,"[420, 717, 372, 369, 1137]"
2518,"[1246, 275, 807, 290, 1878]"
2519,"[1915, 1791, 1790, 1789, 1792]"
2520,"[1905, 1527, 1627, 1704, 1705]"
2521,"[1610, 114, 1705, 116, 1704]"
2522,"[1705, 1760, 1752, 708, 1755]"
2523,"[1915, 1673, 902, 1522, 1050]"
2524,"[102, 793, 97, 96, 98]"
2525,"[1924, 1704, 1705, 1204, 1894]"
2526,"[372, 1570, 1903, 1035, 734]"
2527,"[1074, 1704, 1705, 1752, 1762]"
2528,"[96, 1889, 52, 1700, 1904]"
2529,"[1202, 410, 911, 347, 207]"
2530,"[73, 4, 1878, 1707, 6]"
2531,"[1704, 1924, 1705, 1600, 111]"
2532,"[1935, 1828, 1833, 1906, 1936]"
2533,"[1906, 938, 1916, 216, 935]"
2534,"[688, 655, 677, 660, 376]"
2535,"[265, 682, 1129, 1936, 1040]"
2536,"[1704, 1915, 1030, 1666, 1029]"
2537,"[1297, 59, 124, 1746, 96]"
2538,"[1915, 919, 885, 938, 1132]"
2539,"[1900, 1543, 1638, 349, 868]"
2540,"[95, 1903, 1704, 1705, 1618]"
2541,"[1599, 1924, 478, 1916, 781]"
2542,"[1610, 1705, 1704, 583, 507]"
2543,"[1915, 1344, 1026, 1757, 1776]"
2544,"[1560, 171, 864, 350, 55]"
2545,"[1878, 1707, 1772, 110, 1216]"
2546,"[692, 1601, 1726, 1277, 455]"
2547,"[1705, 1713, 1704, 1924, 1758]"
2548,"[1607, 1157, 1704, 1705, 1608]"
2549,"[1900, 478, 1902, 1924, 212]"
2550,"[1705, 1761, 1704, 1760, 1758]"
2551,"[688, 677, 376, 794, 618]"
2552,"[1320, 1524, 1752, 1525, 1197]"
2553,"[1926, 692, 441, 688, 409]"
2554,"[1902, 1917, 891, 1704, 1133]"
2555,"[96, 97, 1935, 370, 1901]"
2556,"[190, 73, 213, 138, 1705]"
2557,"[511, 1704, 1705, 1607, 1885]"
2558,"[164, 407, 63, 1704, 406]"
2559,"[1924, 1704, 1705, 1733, 807]"
2560,"[372, 1113, 1935, 455, 1863]"
2561,"[375, 739, 222, 1581, 446]"
2562,"[102, 793, 1541, 98, 663]"
2563,"[667, 749, 1704, 1705, 107]"
2564,"[1900, 1752, 1704, 1705, 1074]"
2565,"[1915, 1936, 1906, 1704, 165]"
2566,"[420, 60, 1746, 96, 1320]"
2567,"[1924, 1710, 924, 390, 1403]"
2568,"[1157, 1607, 1896, 1608, 1618]"
2569,"[1619, 443, 760, 757, 758]"
2570,"[455, 1239, 89, 1193, 1676]"
2571,"[1734, 373, 745, 432, 768]"
2572,"[1924, 1704, 1705, 395, 1567]"
2573,"[1896, 1192, 1615, 1567, 1157]"
2574,"[1705, 1249, 1704, 480, 1801]"
2575,"[1758, 1704, 1760, 1705, 1752]"
2576,"[1704, 1705, 1599, 1677, 1884]"
2577,"[1731, 1728, 108, 1015, 1727]"
2578,"[1306, 82, 175, 1929, 1592]"
2579,"[144, 200, 960, 911, 1900]"
2580,"[1705, 1171, 1910, 1704, 1008]"
2581,"[368, 1113, 1157, 862, 1896]"
2582,"[1896, 1157, 1607, 1202, 410]"
2583,"[125, 89, 1905, 1922, 1897]"
2584,"[935, 172, 173, 1700, 420]"
2585,"[1025, 164, 165, 159, 937]"
2586,"[368, 1915, 216, 1204, 1628]"
2587,"[1157, 857, 1249, 216, 900]"
2588,"[1922, 1897, 1192, 1705, 1704]"
2589,"[1586, 1615, 1042, 1030, 163]"
2590,"[1917, 1599, 1705, 1704, 1914]"
2591,"[372, 368, 455, 1570, 421]"
2592,"[1900, 1902, 1917, 116, 455]"
2593,"[257, 462, 1884, 333, 1210]"
2594,"[420, 60, 1320, 893, 606]"
2595,"[911, 202, 988, 957, 913]"
2596,"[729, 1704, 1567, 372, 1570]"
2597,"[1586, 1612, 1915, 1705, 1904]"
2598,"[152, 85, 911, 146, 207]"
2599,"[1928, 885, 1704, 1705, 1255]"
2600,"[884, 1011, 1915, 216, 128]"
2601,"[1192, 1704, 1705, 114, 926]"
2602,"[1607, 452, 1608, 403, 1517]"
2603,"[1772, 1603, 606, 862, 1915]"
2604,"[1704, 1705, 1063, 543, 535]"
2605,"[175, 924, 918, 139, 347]"
2606,"[1915, 1561, 1900, 692, 1560]"
2607,"[167, 934, 174, 176, 164]"
2608,"[478, 1924, 1297, 1705, 1704]"
2609,"[1202, 410, 1899, 1041, 1906]"
2610,"[1700, 1701, 124, 96, 1904]"
2611,"[1705, 73, 1704, 1826, 1878]"
2612,"[868, 1277, 1086, 1748, 1936]"
2613,"[135, 828, 1567, 884, 1011]"
2614,"[1924, 1705, 1704, 1610, 921]"
2615,"[1277, 692, 1192, 455, 1924]"
2616,"[128, 1733, 1792, 1789, 1793]"
2617,"[920, 125, 89, 1676, 1607]"
2618,"[1761, 1760, 1924, 1762, 1758]"
2619,"[903, 1490, 96, 97, 1603]"
2620,"[1072, 1761, 1705, 1760, 1704]"
2621,"[455, 388, 1919, 390, 1063]"
2622,"[478, 1924, 1704, 464, 1705]"
2623,"[1932, 1626, 1116, 190, 139]"
2624,"[361, 1884, 1922, 1897, 466]"
2625,"[1607, 480, 1705, 1704, 511]"
2626,"[1936, 1906, 432, 926, 1704]"
2627,"[1704, 1705, 1618, 1567, 1670]"
2628,"[1705, 1607, 425, 1704, 432]"
2629,"[292, 1544, 1890, 1705, 1704]"
2630,"[1902, 1917, 858, 1924, 1721]"
2631,"[1604, 89, 1676, 1567, 455]"
2632,"[1704, 1705, 1567, 901, 1607]"
2633,"[1929, 1705, 1704, 1548, 108]"
2634,"[781, 692, 1884, 1312, 1599]"
2635,"[1915, 1704, 1705, 1752, 1836]"
2636,"[1704, 1781, 1705, 1782, 1798]"
2637,"[1752, 1761, 1758, 1760, 1705]"
2638,"[677, 1705, 1704, 594, 597]"
2639,"[114, 1915, 624, 216, 1567]"
2640,"[1902, 1620, 1074, 1705, 1193]"
2641,"[1618, 1922, 1897, 1890, 1617]"
2642,"[372, 368, 1705, 1704, 455]"
2643,"[1157, 1567, 114, 1192, 1880]"
2644,"[1915, 1863, 1828, 927, 1837]"
2645,"[1900, 1915, 1543, 1924, 408]"
2646,"[994, 1915, 868, 1748, 124]"
2647,"[478, 1030, 455, 1257, 1531]"
2648,"[1607, 1704, 1567, 1705, 89]"
2649,"[1752, 1559, 835, 1758, 1705]"
2650,"[1889, 793, 102, 1541, 98]"
2651,"[102, 98, 96, 97, 1746]"
2652,"[1705, 1704, 1752, 73, 1805]"
2653,"[372, 1570, 1035, 1903, 734]"
2654,"[1896, 1607, 1608, 1704, 1705]"
2655,"[1746, 102, 96, 97, 1819]"
2656,"[1800, 108, 1705, 372, 1704]"
2657,"[1721, 361, 108, 1570, 135]"
2658,"[455, 1704, 1705, 125, 1761]"
2659,"[1576, 925, 794, 1670, 1599]"
2660,"[292, 1617, 1758, 1760, 1761]"
2661,"[160, 1924, 158, 155, 478]"
2662,"[1705, 1570, 1615, 1557, 1586]"
2663,"[1072, 1704, 1705, 368, 1567]"
2664,"[1789, 1792, 1793, 1704, 1705]"
2665,"[1072, 162, 1705, 919, 174]"
2666,"[1302, 141, 138, 212, 108]"
2667,"[749, 665, 1524, 1525, 1752]"
2668,"[1772, 428, 406, 407, 868]"
2669,"[1147, 1385, 1916, 1171, 1080]"
2670,"[862, 368, 1113, 1157, 1567]"
2671,"[1026, 108, 1704, 1761, 1760]"
2672,"[308, 1100, 1379, 363, 1924]"
2673,"[1917, 1902, 1049, 1915, 408]"
2674,"[1704, 1607, 108, 1705, 1567]"
2675,"[1113, 1617, 455, 1618, 926]"
2676,"[1704, 1072, 128, 372, 1705]"
2677,"[1900, 349, 123, 1543, 1932]"
2678,"[1068, 421, 938, 1157, 1705]"
2679,"[455, 1909, 692, 1246, 1904]"
2680,"[1900, 692, 1543, 1638, 349]"
2681,"[1772, 364, 1491, 760, 1704]"
2682,"[1586, 113, 1074, 890, 1615]"
2683,"[1795, 1704, 1705, 443, 41]"
2684,"[1457, 1705, 1704, 28, 1193]"
2685,"[1836, 1873, 1832, 1325, 1704]"
2686,"[921, 165, 164, 1025, 159]"
2687,"[368, 1113, 891, 455, 862]"
2688,"[108, 1704, 1705, 1762, 1886]"
2689,"[1896, 361, 1202, 410, 1608]"
2690,"[267, 266, 239, 238, 235]"
2691,"[371, 1915, 1742, 624, 1564]"
2692,"[97, 96, 98, 102, 1746]"
2693,"[1775, 1769, 1760, 349, 1902]"
2694,"[408, 125, 116, 455, 164]"
2695,"[1704, 1567, 1884, 1192, 455]"
2696,"[793, 1457, 1541, 749, 96]"
2697,"[1337, 1932, 190, 891, 1197]"
2698,"[1894, 811, 886, 1749, 123]"
2699,"[535, 1705, 1704, 903, 1210]"
2700,"[368, 372, 455, 1613, 1896]"
2701,"[1900, 1917, 1902, 455, 114]"
2702,"[729, 1567, 1570, 1704, 372]"
2703,"[933, 1826, 1752, 1538, 349]"
2704,"[1176, 1902, 1900, 1543, 1917]"
2705,"[1600, 926, 1792, 1603, 862]"
2706,"[1202, 410, 1592, 823, 212]"
2707,"[535, 1760, 1758, 1761, 441]"
2708,"[1917, 1761, 1762, 1704, 1705]"
2709,"[1772, 1705, 1567, 58, 57]"
2710,"[102, 1541, 1564, 1489, 1320]"
2711,"[903, 1775, 1704, 361, 1760]"
2712,"[97, 1297, 124, 478, 125]"
2713,"[507, 1206, 583, 1761, 1704]"
2714,"[1190, 68, 1633, 1729, 1733]"
2715,"[1073, 1313, 1925, 793, 472]"
2716,"[478, 1924, 1704, 1705, 636]"
2717,"[886, 1828, 1833, 1837, 927]"
2718,"[1917, 1561, 398, 627, 90]"
2719,"[828, 1863, 927, 1828, 1837]"
2720,"[895, 92, 1065, 136, 904]"
2721,"[604, 157, 155, 158, 160]"
2722,"[299, 1707, 1089, 1637, 73]"
2723,"[1676, 408, 757, 627, 760]"
2724,"[1249, 455, 1704, 1705, 114]"
2725,"[1752, 1620, 1704, 1920, 1705]"
2726,"[1915, 200, 147, 195, 1630]"
2727,"[1900, 1902, 1838, 1841, 1840]"
2728,"[1915, 1704, 1705, 1760, 1762]"
2729,"[1658, 171, 1742, 1534, 1555]"
2730,"[1066, 89, 1603, 1202, 410]"
2731,"[1607, 1608, 1704, 1705, 1517]"
2732,"[1915, 624, 368, 455, 1598]"
2733,"[1054, 1030, 1915, 1649, 216]"
2734,"[96, 97, 98, 1270, 1534]"
2735,"[1246, 501, 332, 1169, 1880]"
2736,"[149, 925, 924, 1050, 911]"
2737,"[341, 1246, 73, 1912, 1915]"
2738,"[1607, 1277, 768, 1608, 745]"
2739,"[1791, 1792, 1789, 1790, 1861]"
2740,"[1907, 1299, 927, 1935, 1863]"
2741,"[1915, 692, 1561, 171, 125]"
2742,"[102, 1746, 1541, 793, 97]"
2743,"[1915, 1193, 164, 165, 1704]"
2744,"[1900, 1902, 1917, 1552, 408]"
2745,"[1033, 1063, 165, 921, 159]"
2746,"[1586, 413, 1615, 921, 478]"
2747,"[1607, 1896, 1157, 1608, 1202]"
2748,"[1617, 1762, 292, 1758, 1761]"
2749,"[1041, 89, 1520, 419, 116]"
2750,"[1617, 1704, 1705, 1801, 1799]"
2751,"[1896, 1607, 1192, 1705, 1704]"
2752,"[455, 454, 1308, 461, 465]"
2753,"[1613, 1924, 257, 1530, 212]"
2754,"[96, 98, 1887, 97, 1541]"
2755,"[1704, 1773, 216, 1705, 1915]"
2756,"[594, 533, 366, 400, 322]"
2757,"[1795, 1775, 559, 1758, 1769]"
2758,"[368, 1113, 1157, 862, 1607]"
2759,"[1677, 1705, 1704, 1904, 1607]"
2760,"[1607, 1738, 768, 608, 757]"
2761,"[368, 1894, 372, 455, 1191]"
2762,"[4, 66, 238, 235, 234]"
2763,"[1902, 1928, 1752, 1917, 1704]"
2764,"[441, 1828, 1837, 1833, 1935]"
2765,"[468, 1761, 1705, 1704, 1760]"
2766,"[440, 1040, 1600, 451, 1192]"
2767,"[1615, 1043, 1782, 1802, 1801]"
2768,"[1915, 216, 1762, 1705, 1758]"
2769,"[1705, 1704, 1906, 1249, 1197]"
2770,"[921, 164, 1025, 937, 159]"
2771,"[926, 341, 1899, 692, 1325]"
2772,"[1899, 1762, 1705, 1219, 1383]"
2773,"[478, 1924, 919, 1197, 1922]"
2774,"[1137, 320, 1828, 1833, 1837]"
2775,"[1567, 1792, 1257, 452, 1068]"
2776,"[190, 1932, 1620, 1705, 1704]"
2777,"[1902, 1917, 677, 1924, 141]"
2778,"[468, 1704, 1705, 1615, 1297]"
2779,"[1896, 1157, 1613, 1607, 1608]"
2780,"[925, 749, 1670, 165, 1042]"
2781,"[1900, 1917, 1543, 164, 890]"
2782,"[1199, 904, 46, 1887, 794]"
2783,"[73, 793, 1541, 1313, 98]"
2784,"[1902, 405, 1552, 1196, 437]"
2785,"[90, 398, 1023, 1290, 1861]"
2786,"[1615, 1586, 346, 1088, 1099]"
2787,"[1611, 1015, 216, 1728, 1731]"
2788,"[926, 1704, 1924, 1705, 16]"
2789,"[368, 891, 1113, 1617, 455]"
2790,"[372, 116, 1915, 413, 216]"
2791,"[677, 1915, 120, 1704, 216]"
2792,"[125, 1793, 1733, 1545, 1792]"
2793,"[1612, 1193, 1762, 1705, 1758]"
2794,"[677, 1793, 1363, 1733, 1792]"
2795,"[1704, 1761, 1705, 1521, 1523]"
2796,"[1513, 542, 594, 1772, 1723]"
2797,"[1927, 1549, 1742, 1884, 1554]"
2798,"[937, 159, 1025, 918, 124]"
2799,"[222, 224, 261, 1318, 239]"
2800,"[1162, 1922, 1897, 89, 1924]"
2801,"[1762, 1704, 1705, 113, 1606]"
2802,"[1607, 938, 1608, 1157, 886]"
2803,"[928, 1922, 1897, 166, 1257]"
2804,"[339, 165, 1904, 97, 96]"
2805,"[1601, 1191, 1607, 1705, 1758]"
2806,"[1041, 1042, 1202, 410, 921]"
2807,"[1028, 1063, 1288, 1039, 676]"
2808,"[1044, 1922, 1897, 409, 1063]"
2809,"[1922, 1897, 1899, 1904, 1526]"
2810,"[1613, 862, 1705, 1704, 1697]"
2811,"[1792, 1789, 1793, 927, 412]"
2812,"[1613, 1019, 365, 903, 1637]"
2813,"[97, 96, 98, 1746, 1541]"
2814,"[807, 1704, 1705, 413, 1904]"
2815,"[42, 1060, 401, 1073, 1299]"
2816,"[1705, 1704, 108, 1721, 1613]"
2817,"[1370, 911, 1363, 403, 1705]"
2818,"[368, 455, 1113, 421, 862]"
2819,"[1704, 98, 860, 1705, 1192]"
2820,"[862, 980, 178, 944, 184]"
2821,"[290, 1615, 1556, 1538, 1586]"
2822,"[1242, 1904, 1191, 1606, 1489]"
2823,"[1825, 749, 667, 291, 171]"
2824,"[1704, 1705, 1191, 1904, 1890]"
2825,"[1612, 89, 1615, 921, 915]"
2826,"[1926, 1704, 1705, 116, 89]"
2827,"[1915, 125, 1748, 1924, 171]"
2828,"[1704, 1705, 1884, 1604, 1192]"
2829,"[1896, 1915, 1894, 216, 1586]"
2830,"[1518, 1556, 1538, 1520, 1626]"
2831,"[692, 1637, 1273, 1904, 1041]"
2832,"[1853, 1844, 1851, 1850, 1924]"
2833,"[353, 1176, 1173, 1893, 708]"
2834,"[1612, 1574, 1620, 1762, 1758]"
2835,"[1922, 1897, 921, 1896, 1615]"
2836,"[1643, 1704, 781, 164, 1924]"
2837,"[1527, 1924, 1520, 1556, 1752]"
2838,"[1705, 1704, 1762, 1612, 1758]"
2839,"[921, 124, 409, 1627, 1307]"
2840,"[89, 1922, 1897, 1905, 165]"
2841,"[107, 1704, 1705, 1442, 1795]"
2842,"[1587, 1627, 1922, 1897, 1904]"
2843,"[682, 291, 440, 667, 91]"
2844,"[96, 1904, 1532, 124, 1704]"
2845,"[291, 1705, 1704, 1904, 667]"
2846,"[1069, 1027, 438, 1587, 785]"
2847,"[1704, 1705, 1586, 1759, 1904]"
2848,"[125, 1884, 116, 1793, 1792]"
2849,"[128, 1761, 1704, 1705, 1114]"
2850,"[1246, 166, 1897, 1922, 1050]"
2851,"[1705, 1924, 1704, 1914, 530]"
2852,"[500, 1832, 493, 1455, 1302]"
2853,"[1246, 1897, 1922, 1907, 89]"
2854,"[320, 690, 676, 686, 1179]"
2855,"[1772, 1246, 1922, 1897, 1705]"
2856,"[1889, 1705, 1704, 1904, 1424]"
2857,"[1924, 1904, 1676, 89, 1922]"
2858,"[1899, 1907, 1147, 1924, 455]"
2859,"[1929, 404, 307, 1100, 55]"
2860,"[1902, 102, 98, 97, 96]"
2861,"[1025, 128, 1915, 159, 937]"
2862,"[464, 1772, 927, 921, 1627]"
2863,"[1704, 1705, 1899, 1904, 1562]"
2864,"[1279, 1936, 1807, 1148, 1086]"
2865,"[1249, 1886, 1704, 1705, 440]"
2866,"[1705, 676, 690, 259, 686]"
2867,"[1649, 403, 1149, 1633, 159]"
2868,"[613, 577, 165, 611, 1540]"
2869,"[1705, 954, 1704, 911, 1912]"
2870,"[1705, 1410, 1704, 1771, 1760]"
2871,"[1929, 55, 1592, 926, 1544]"
2872,"[1752, 1543, 892, 1518, 1538]"
2873,"[256, 496, 1705, 1704, 326]"
2874,"[1030, 1202, 692, 1924, 89]"
2875,"[913, 216, 1915, 787, 808]"
2876,"[927, 1905, 1907, 1922, 1897]"
2877,"[1704, 1705, 547, 1761, 1567]"
2878,"[1915, 1677, 1591, 1704, 1705]"
2879,"[1517, 1316, 1608, 1705, 901]"
2880,"[1705, 1704, 530, 1733, 896]"
2881,"[1915, 371, 914, 1148, 1704]"
2882,"[1849, 1845, 1848, 1844, 1851]"
2883,"[116, 1614, 1904, 1191, 1724]"
2884,"[96, 97, 921, 1904, 1705]"
2885,"[1917, 1147, 412, 408, 455]"
2886,"[1922, 1897, 927, 1899, 1526]"
2887,"[896, 1705, 1704, 1865, 530]"
2888,"[927, 1922, 1897, 48, 898]"
2889,"[1340, 862, 1697, 361, 455]"
2890,"[1581, 1618, 605, 1675, 1676]"
2891,"[1768, 1705, 1726, 1921, 692]"
2892,"[1915, 677, 1697, 862, 213]"
2893,"[1922, 1897, 927, 1526, 1899]"
2894,"[1705, 1922, 1897, 1704, 1760]"
2895,"[98, 102, 97, 96, 1533]"
2896,"[310, 778, 812, 706, 464]"
2897,"[921, 159, 937, 1025, 165]"
2898,"[1704, 1705, 1612, 530, 896]"
2899,"[263, 1249, 216, 1915, 977]"
2900,"[1899, 1762, 1758, 1705, 1704]"
2901,"[1338, 523, 1498, 1429, 1232]"
2902,"[933, 1055, 1704, 1705, 1193]"
2903,"[89, 1760, 1677, 1761, 113]"
2904,"[116, 1677, 89, 1676, 113]"
2905,"[265, 1666, 221, 329, 1637]"
2906,"[1907, 1671, 1905, 1627, 289]"
2907,"[1922, 1897, 1899, 921, 166]"
2908,"[89, 1907, 1899, 1526, 1922]"
2909,"[1068, 1704, 1705, 1904, 1536]"
2910,"[216, 165, 164, 159, 937]"
2911,"[1896, 1607, 1608, 921, 1517]"
2912,"[1902, 1526, 1899, 1924, 1915]"
2913,"[921, 1905, 937, 159, 1025]"
2914,"[291, 926, 1705, 667, 1704]"
2915,"[1705, 1704, 1758, 1762, 1914]"
2916,"[1915, 1041, 1899, 216, 361]"
2917,"[1299, 1666, 1758, 1762, 1659]"
2918,"[69, 1932, 134, 1876, 1772]"
2919,"[1772, 1922, 1897, 89, 163]"
2920,"[114, 455, 1612, 862, 890]"
2921,"[1029, 1924, 163, 1550, 1713]"
2922,"[1750, 1901, 1617, 216, 1811]"
2923,"[461, 1244, 423, 1149, 1588]"
2924,"[1627, 1922, 1897, 1899, 102]"
2925,"[1705, 1726, 116, 1704, 1638]"
2926,"[480, 261, 240, 1010, 1002]"
2927,"[1399, 1704, 1178, 1705, 1676]"
2928,"[1068, 1705, 1704, 1724, 1904]"
2929,"[1704, 1071, 406, 419, 407]"
2930,"[361, 377, 1931, 116, 379]"
2931,"[1904, 97, 1915, 1748, 1064]"
2932,"[1899, 1704, 1906, 1705, 1762]"
2933,"[1043, 1060, 1520, 175, 681]"
2934,"[1676, 1675, 113, 89, 1914]"
2935,"[936, 1034, 1924, 1154, 1617]"
2936,"[128, 428, 1193, 165, 1025]"
2937,"[1637, 1279, 125, 408, 432]"
2938,"[1358, 921, 1025, 1363, 1370]"
2939,"[1917, 139, 1902, 408, 273]"
2940,"[447, 1273, 1912, 1911, 1878]"
2941,"[409, 165, 89, 921, 159]"
2942,"[1704, 890, 819, 1771, 1907]"
2943,"[1902, 108, 408, 681, 116]"
2944,"[1067, 116, 216, 339, 1063]"
2945,"[1704, 1726, 692, 1191, 846]"
2946,"[1620, 165, 938, 174, 175]"
2947,"[933, 406, 407, 1545, 1705]"
2948,"[1612, 37, 1574, 1620, 1065]"
2949,"[1772, 1705, 1704, 1762, 1588]"
2950,"[420, 1902, 409, 629, 1746]"
2951,"[1905, 1627, 164, 1907, 89]"
2952,"[1613, 1904, 113, 1193, 455]"
2953,"[1627, 165, 164, 1025, 1193]"
2954,"[125, 98, 1704, 1705, 1442]"
2955,"[1279, 89, 116, 1807, 890]"
2956,"[1048, 1296, 212, 1680, 1649]"
2957,"[273, 278, 276, 1016, 274]"
2958,"[1922, 1897, 1526, 1899, 927]"
2959,"[1915, 212, 1230, 125, 1042]"
2960,"[1705, 1704, 124, 1191, 1904]"
2961,"[1705, 1704, 783, 455, 692]"
2962,"[1915, 1704, 291, 1760, 1761]"
2963,"[1705, 1704, 1775, 1761, 1760]"
2964,"[1030, 1560, 1704, 1924, 1705]"
2965,"[1902, 1762, 1705, 1758, 1704]"
2966,"[96, 1120, 1713, 1700, 1904]"
2967,"[113, 1533, 1924, 1587, 890]"
2968,"[447, 1273, 291, 667, 1705]"
2969,"[124, 921, 1558, 1627, 1071]"
2970,"[866, 1745, 1671, 1616, 1907]"
2971,"[1915, 396, 862, 1076, 1603]"
2972,"[1915, 890, 1899, 114, 1133]"
2973,"[1034, 1050, 1045, 1680, 1918]"
2974,"[440, 108, 954, 1014, 892]"
2975,"[102, 98, 925, 97, 96]"
2976,"[409, 698, 1746, 1527, 1905]"
2977,"[409, 128, 1627, 1587, 1905]"
2978,"[1724, 1068, 60, 116, 865]"
2979,"[1549, 862, 455, 1697, 1197]"
2980,"[176, 167, 934, 931, 164]"
2981,"[1902, 478, 455, 1761, 1705]"
2982,"[1704, 1825, 1705, 125, 1752]"
2983,"[1358, 1368, 42, 402, 1863]"
2984,"[1065, 904, 895, 136, 1193]"
2985,"[452, 1705, 1300, 1301, 1704]"
2986,"[1607, 1608, 1068, 1615, 1620]"
2987,"[478, 1157, 1607, 455, 1608]"
2988,"[1915, 677, 1343, 1705, 455]"
2989,"[1705, 1704, 1807, 103, 1531]"
2990,"[1902, 1917, 1900, 1049, 408]"
2991,"[455, 1251, 96, 97, 1239]"
2992,"[1833, 1837, 1863, 1828, 1935]"
2993,"[395, 892, 1226, 1531, 1257]"
2994,"[1705, 1704, 1606, 1904, 1894]"
2995,"[1041, 1527, 1561, 1560, 1544]"
2996,"[455, 1607, 1659, 66, 1809]"
2997,"[933, 930, 1791, 1792, 1789]"
2998,"[1705, 919, 162, 925, 928]"
2999,"[455, 1239, 1705, 1193, 1704]"
3000,"[1041, 938, 419, 1029, 421]"
3001,"[1863, 1828, 1837, 1935, 1915]"
3002,"[73, 1317, 1531, 1257, 1030]"
3003,"[1752, 1704, 1705, 1809, 1193]"
3004,"[1861, 115, 165, 164, 1041]"
3005,"[425, 1068, 1620, 1705, 1704]"
3006,"[1030, 1257, 1531, 1068, 1128]"
3007,"[1249, 1704, 819, 1896, 1705]"
3008,"[359, 1548, 1088, 1108, 1087]"
3009,"[1704, 1511, 1924, 1705, 1302]"
3010,"[677, 1704, 1705, 1752, 933]"
3011,"[1041, 1075, 1068, 1705, 1704]"
3012,"[1704, 452, 1705, 1302, 403]"
3013,"[1837, 1828, 1833, 1863, 1935]"
3014,"[1076, 750, 358, 466, 1795]"
3015,"[1915, 1927, 677, 1030, 1257]"
3016,"[1142, 481, 1855, 1846, 1861]"
3017,"[862, 455, 368, 1705, 1704]"
3018,"[1906, 1704, 926, 1909, 89]"
3019,"[1620, 1626, 1704, 1752, 1909]"
3020,"[1074, 1620, 868, 1748, 1193]"
3021,"[1173, 1617, 1263, 1619, 1567]"
3022,"[1704, 1705, 1606, 1904, 1613]"
3023,"[125, 1690, 1244, 423, 1677]"
3024,"[125, 423, 1244, 1690, 1626]"
3025,"[125, 423, 1244, 1028, 1690]"
3026,"[125, 1244, 423, 677, 397]"
3027,"[125, 423, 1244, 1690, 1704]"
3028,"[125, 1690, 423, 1244, 1915]"
3029,"[125, 423, 1244, 98, 114]"
3030,"[125, 926, 1244, 423, 89]"
3031,"[423, 1244, 125, 902, 1690]"
3032,"[1038, 721, 125, 423, 1244]"
3033,"[125, 423, 1244, 412, 862]"
3034,"[1495, 1825, 1924, 125, 677]"
3035,"[125, 1244, 423, 1690, 677]"
3036,"[578, 1705, 1317, 1704, 580]"
3037,"[125, 423, 1244, 165, 159]"
3038,"[125, 1690, 1244, 423, 1612]"
3039,"[1370, 125, 1363, 114, 511]"
3040,"[773, 1649, 1555, 1832, 1704]"
3041,"[376, 1126, 125, 423, 1244]"
3042,"[125, 423, 1244, 1612, 902]"
3043,"[1900, 125, 902, 585, 586]"
3044,"[125, 423, 1244, 1282, 1285]"
3045,"[125, 1915, 1244, 423, 1924]"
3046,"[98, 125, 1915, 423, 1244]"
3047,"[125, 1244, 423, 1795, 408]"
3048,"[1690, 125, 1244, 423, 1612]"
3049,"[125, 1690, 423, 1244, 1704]"
3050,"[125, 1244, 926, 1617, 1761]"
3051,"[594, 1513, 542, 1860, 3]"
3052,"[125, 613, 423, 1244, 414]"
3053,"[478, 125, 1924, 1126, 902]"
3054,"[125, 1244, 423, 1626, 1904]"
3055,"[125, 1509, 423, 1244, 522]"
3056,"[125, 1925, 1028, 423, 1244]"
3057,"[125, 423, 1244, 365, 1906]"
3058,"[1344, 1677, 1612, 892, 1626]"
3059,"[125, 564, 562, 1244, 423]"
3060,"[125, 423, 1244, 1690, 1902]"
3061,"[1915, 125, 42, 1344, 402]"
3062,"[567, 564, 563, 562, 1830]"
3063,"[125, 423, 1244, 406, 407]"
3064,"[460, 1309, 677, 1772, 1643]"
3065,"[125, 423, 1244, 1690, 1924]"
3066,"[460, 1643, 311, 1772, 1309]"
3067,"[1924, 1885, 1884, 455, 1385]"
3068,"[1924, 1434, 538, 528, 1507]"
3069,"[1915, 408, 1810, 1706, 1704]"
3070,"[1915, 1507, 528, 1030, 1695]"
3071,"[1030, 478, 1704, 1924, 1705]"
3072,"[1511, 1695, 1705, 528, 538]"
3073,"[1814, 1813, 1816, 1817, 1819]"
3074,"[478, 98, 1924, 1695, 1677]"
3075,"[478, 159, 937, 1924, 1705]"
3076,"[1902, 1705, 1927, 1065, 1704]"
3077,"[1915, 1677, 1924, 528, 1507]"
3078,"[478, 1704, 1705, 1924, 216]"
3079,"[1915, 1504, 1299, 1789, 1790]"
3080,"[1924, 1761, 1705, 528, 1677]"
3081,"[485, 528, 1507, 1434, 538]"
3082,"[478, 1924, 1885, 1704, 98]"
3083,"[1924, 1915, 478, 528, 1507]"
3084,"[1915, 1863, 42, 402, 1368]"
3085,"[1915, 1902, 1561, 361, 1552]"
3086,"[1755, 528, 1507, 1761, 538]"
3087,"[1915, 275, 1507, 528, 274]"
3088,"[478, 1924, 1704, 1705, 1620]"
3089,"[1744, 817, 1276, 1863, 927]"
3090,"[1924, 1915, 98, 96, 1434]"
3091,"[126, 1815, 114, 1913, 1810]"
3092,"[926, 528, 1507, 1761, 526]"
3093,"[478, 1915, 1705, 1704, 1924]"
3094,"[1915, 1705, 1704, 1062, 1561]"
3095,"[1761, 1705, 1704, 1760, 528]"
3096,"[1915, 1902, 455, 1789, 1792]"
3097,"[1897, 1922, 1906, 1935, 1936]"
3098,"[1560, 1704, 1705, 823, 1885]"
3099,"[1915, 116, 528, 1507, 1434]"
3100,"[1924, 478, 453, 126, 1705]"
3101,"[1560, 528, 1507, 1434, 538]"
3102,"[1924, 1434, 1705, 538, 478]"
3103,"[1915, 1705, 677, 1704, 1561]"
3104,"[1924, 528, 1742, 1507, 1434]"
3105,"[1924, 528, 1507, 1434, 1695]"
3106,"[528, 1434, 538, 1507, 1935]"
3107,"[1915, 1792, 1790, 1789, 1791]"
3108,"[1758, 361, 1762, 1901, 1550]"
3109,"[1811, 1706, 34, 1812, 1937]"
3110,"[1604, 1900, 361, 163, 1042]"
3111,"[368, 1113, 455, 216, 862]"
3112,"[1125, 108, 216, 53, 1732]"
3113,"[1024, 1782, 1781, 1801, 1705]"
3114,"[108, 1024, 80, 893, 1159]"
3115,"[1721, 108, 1024, 80, 441]"
3116,"[329, 80, 1602, 1024, 1704]"
3117,"[178, 946, 951, 950, 188]"
3118,"[80, 1193, 1656, 1704, 1705]"
3119,"[1929, 1721, 1219, 1191, 1592]"
3120,"[108, 1704, 1705, 1931, 1592]"
3121,"[1929, 108, 1592, 80, 1191]"
3122,"[1561, 108, 89, 28, 453]"
3123,"[1721, 1929, 108, 1592, 1191]"
3124,"[1721, 108, 1705, 1761, 1704]"
3125,"[1721, 1929, 108, 1592, 1054]"
3126,"[1705, 108, 1704, 1721, 1592]"
3127,"[108, 503, 1592, 1423, 1704]"
3128,"[80, 292, 853, 1721, 1792]"
3129,"[688, 368, 1024, 18, 1602]"
3130,"[857, 1758, 1762, 1777, 1765]"
3131,"[408, 413, 287, 1924, 1025]"
3132,"[380, 1721, 1705, 1704, 108]"
3133,"[348, 354, 1181, 1057, 84]"
3134,"[857, 1762, 1758, 1704, 1761]"
3135,"[108, 1704, 927, 1705, 1497]"
3136,"[287, 387, 1929, 679, 108]"
3137,"[562, 1249, 719, 1592, 737]"
3138,"[1704, 80, 1024, 1721, 108]"
3139,"[361, 858, 211, 990, 1680]"
3140,"[1721, 1024, 108, 1704, 80]"
3141,"[911, 1705, 1704, 1912, 178]"
3142,"[108, 1758, 1024, 1704, 1762]"
3143,"[42, 402, 1935, 1700, 1368]"
3144,"[1721, 108, 1915, 80, 749]"
3145,"[1798, 1782, 1799, 1781, 1801]"
3146,"[372, 455, 1613, 781, 1193]"
3147,"[1491, 1405, 1442, 1213, 1409]"
3148,"[1761, 1704, 1705, 1762, 1760]"
3149,"[108, 1704, 1705, 392, 892]"
3150,"[1721, 1024, 1929, 108, 1592]"
3151,"[108, 1704, 1705, 1567, 1724]"
3152,"[80, 835, 1027, 272, 1119]"
3153,"[1721, 108, 80, 1125, 1154]"
3154,"[1915, 216, 108, 1704, 432]"
3155,"[1705, 1904, 441, 1906, 1704]"
3156,"[292, 1617, 1762, 1924, 1758]"
3157,"[165, 1321, 1792, 1733, 1704]"
3158,"[1617, 1924, 1705, 1704, 98]"
3159,"[1617, 926, 900, 1705, 1704]"
3160,"[1617, 292, 1761, 1762, 1760]"
3161,"[1163, 125, 645, 44, 1875]"
3162,"[1617, 1758, 292, 1655, 1761]"
3163,"[900, 1705, 1704, 1618, 1884]"
3164,"[292, 692, 1722, 1758, 1617]"
3165,"[1937, 441, 1628, 478, 1924]"
3166,"[292, 1762, 1617, 1758, 1555]"
3167,"[292, 1704, 1705, 1192, 114]"
3168,"[926, 1793, 1733, 412, 1792]"
3169,"[1758, 1617, 1722, 1762, 292]"
3170,"[1760, 1617, 1924, 292, 1761]"
3171,"[440, 441, 455, 692, 110]"
3172,"[292, 440, 1617, 1762, 1758]"
3173,"[1617, 1555, 1760, 1758, 1762]"
3174,"[1617, 1567, 1760, 1762, 1704]"
3175,"[1760, 1617, 1924, 292, 1722]"
3176,"[1617, 1758, 292, 1762, 1760]"
3177,"[1655, 1924, 781, 1722, 63]"
3178,"[692, 292, 1722, 1758, 1761]"
3179,"[292, 1617, 1758, 1761, 1762]"
3180,"[1906, 1924, 1704, 1705, 1758]"
3181,"[1617, 1760, 1758, 1761, 1762]"
3182,"[292, 1722, 1758, 1617, 1760]"
3183,"[98, 96, 97, 718, 1555]"
3184,"[1758, 1555, 1704, 621, 1705]"
3185,"[292, 1704, 1617, 1677, 1924]"
3186,"[425, 1626, 441, 1615, 1705]"
3187,"[1617, 926, 1125, 900, 159]"
3188,"[480, 441, 756, 763, 766]"
3189,"[292, 1617, 1760, 1762, 1567]"
3190,"[1617, 292, 1722, 1758, 1761]"
3191,"[1617, 292, 1758, 1655, 1760]"
3192,"[1722, 692, 292, 1617, 1758]"
3193,"[938, 1249, 919, 1884, 1704]"
3194,"[1617, 1618, 1705, 1890, 1704]"
3195,"[997, 164, 441, 1875, 1604]"
3196,"[292, 1617, 1760, 1722, 1758]"
3197,"[292, 1071, 1722, 1617, 1758]"
3198,"[1878, 1707, 1772, 441, 1246]"
3199,"[794, 1313, 1705, 1704, 1761]"
3200,"[681, 887, 1704, 954, 1705]"
3201,"[1071, 811, 16, 322, 1898]"
3202,"[1172, 1241, 126, 440, 659]"
3203,"[1071, 1807, 1704, 1705, 124]"
3204,"[126, 1924, 1191, 1902, 1552]"
3205,"[455, 1144, 692, 440, 1191]"
3206,"[1558, 1114, 1752, 1550, 1518]"
3207,"[1760, 1538, 620, 1533, 1160]"
3208,"[1693, 1705, 1704, 1412, 1712]"
3209,"[1071, 1588, 103, 242, 1529]"
3210,"[321, 900, 124, 1586, 1588]"
3211,"[1071, 1191, 102, 1705, 1704]"
3212,"[1761, 1705, 1704, 900, 478]"
3213,"[365, 1627, 1587, 921, 1619]"
3214,"[112, 291, 113, 1904, 1070]"
3215,"[415, 409, 1191, 102, 126]"
3216,"[711, 704, 706, 1144, 1134]"
3217,"[1704, 1705, 1762, 1063, 1758]"
3218,"[1070, 291, 112, 113, 1704]"
3219,"[1704, 1705, 1070, 1538, 1523]"
3220,"[409, 102, 126, 1746, 89]"
3221,"[681, 1626, 1518, 1531, 1638]"
3222,"[681, 887, 1704, 1705, 1649]"
3223,"[291, 900, 409, 921, 1249]"
3224,"[1071, 124, 1191, 1705, 1704]"
3225,"[1070, 291, 112, 113, 890]"
3226,"[1649, 273, 332, 823, 67]"
3227,"[124, 1904, 102, 455, 1526]"
3228,"[291, 97, 96, 409, 124]"
3229,"[112, 113, 1070, 291, 1533]"
3230,"[291, 1626, 1518, 1538, 667]"
3231,"[291, 1556, 18, 1733, 1567]"
3232,"[291, 1605, 711, 667, 1904]"
3233,"[112, 1904, 291, 113, 1884]"
3234,"[291, 409, 102, 96, 97]"
3235,"[681, 954, 887, 1704, 1538]"
3236,"[291, 1705, 1704, 1533, 113]"
3237,"[112, 1070, 1533, 291, 113]"
3238,"[106, 1032, 1704, 455, 1705]"
3239,"[1070, 321, 1588, 1615, 1255]"
3240,"[1071, 811, 1807, 1748, 868]"
3241,"[1704, 1705, 1537, 1629, 413]"
3242,"[1071, 811, 322, 103, 365]"
3243,"[338, 1713, 1924, 1518, 1705]"
3244,"[291, 1523, 1906, 409, 102]"
3245,"[1562, 98, 1924, 102, 409]"
3246,"[1924, 1913, 1242, 478, 1908]"
3247,"[291, 1905, 1899, 1627, 667]"
3248,"[1704, 1705, 1924, 432, 1752]"
3249,"[111, 1760, 1705, 1926, 1761]"
3250,"[1063, 572, 1705, 1813, 1814]"
3251,"[1937, 1553, 1628, 1924, 478]"
3252,"[1924, 112, 291, 113, 1070]"
3253,"[1705, 1924, 1264, 1761, 478]"
3254,"[432, 1761, 1937, 1924, 1704]"
3255,"[1705, 1924, 1070, 1523, 1906]"
3256,"[1705, 1704, 1924, 1600, 1606]"
3257,"[1705, 1924, 1913, 1760, 1242]"
3258,"[291, 1191, 1906, 112, 1529]"
3259,"[1627, 409, 124, 165, 1904]"
3260,"[1760, 1761, 1758, 1762, 1924]"
3261,"[1924, 1523, 102, 1191, 409]"
3262,"[1907, 1616, 1671, 1745, 866]"
3263,"[1924, 291, 112, 113, 1191]"
3264,"[1308, 809, 1544, 808, 1924]"
3265,"[1924, 112, 291, 113, 890]"
3266,"[409, 102, 165, 921, 124]"
3267,"[1562, 1523, 1924, 1553, 478]"
3268,"[291, 1606, 1761, 1904, 1924]"
3269,"[111, 1704, 1924, 1705, 1723]"
3270,"[112, 291, 113, 1070, 1924]"
3271,"[1705, 1704, 1924, 114, 1600]"
3272,"[572, 1704, 1760, 1761, 1705]"
3273,"[1733, 1908, 1192, 1924, 478]"
3274,"[291, 1606, 1924, 667, 1249]"
3275,"[1526, 1899, 96, 1697, 1926]"
3276,"[291, 1628, 667, 1924, 478]"
3277,"[1924, 1904, 1906, 291, 1523]"
3278,"[126, 1811, 1608, 1706, 1191]"
3279,"[1924, 1713, 338, 692, 706]"
3280,"[926, 1913, 510, 109, 1242]"
3281,"[1704, 1705, 1924, 113, 1191]"
3282,"[1924, 478, 1904, 1705, 1906]"
3283,"[291, 1904, 1924, 1890, 1606]"
3284,"[1308, 1704, 1761, 1705, 1924]"
3285,"[1906, 1523, 1915, 97, 96]"
3286,"[291, 1924, 1705, 667, 1761]"
3287,"[1915, 1902, 1552, 667, 291]"
3288,"[1628, 1562, 692, 216, 1746]"
3289,"[1915, 291, 667, 89, 1202]"
3290,"[291, 112, 1070, 113, 16]"
3291,"[125, 1677, 89, 455, 116]"
3292,"[588, 590, 597, 595, 593]"
3293,"[45, 1614, 1100, 1636, 438]"
3294,"[928, 1277, 1704, 1705, 1761]"
3295,"[1614, 860, 1610, 1636, 1521]"
3296,"[1070, 291, 112, 113, 1191]"
3297,"[1704, 1705, 1761, 1760, 432]"
3298,"[291, 1533, 1535, 112, 113]"
3299,"[291, 112, 113, 1070, 890]"
3300,"[1746, 98, 97, 96, 1887]"
3301,"[1761, 1760, 1705, 1704, 1758]"
3302,"[692, 1726, 1191, 1523, 113]"
3303,"[1704, 1705, 415, 1807, 1523]"
3304,"[1538, 1915, 1518, 1556, 749]"
3305,"[1028, 102, 96, 97, 409]"
3306,"[811, 291, 112, 113, 890]"
3307,"[291, 98, 96, 102, 667]"
3308,"[291, 125, 1704, 1677, 89]"
3309,"[1760, 1705, 1704, 1761, 708]"
3310,"[809, 1636, 438, 1614, 216]"
3311,"[291, 1606, 1904, 1890, 1521]"
3312,"[102, 1746, 121, 1713, 1541]"
3313,"[1704, 1705, 291, 112, 1070]"
3314,"[291, 667, 1761, 1704, 1705]"
3315,"[1070, 1614, 783, 455, 1636]"
3316,"[1761, 1924, 1760, 125, 1677]"
3317,"[1070, 291, 112, 113, 1191]"
3318,"[291, 1192, 112, 89, 1070]"
3319,"[1752, 667, 291, 1708, 1878]"
3320,"[102, 98, 1746, 97, 96]"
3321,"[291, 109, 811, 1277, 1192]"
3322,"[409, 102, 1746, 96, 97]"
3323,"[291, 1746, 409, 102, 98]"
3324,"[216, 1761, 1611, 1656, 1204]"
3325,"[4, 3, 6, 7, 2]"
3326,"[291, 1677, 125, 89, 1192]"
3327,"[1523, 1192, 291, 112, 113]"
3328,"[291, 1070, 112, 1705, 1191]"
3329,"[1070, 112, 291, 113, 890]"
3330,"[1414, 291, 112, 113, 897]"
3331,"[1750, 1704, 1705, 1761, 1758]"
3332,"[1705, 1704, 1924, 455, 16]"
3333,"[1915, 175, 164, 165, 171]"
3334,"[165, 528, 1507, 538, 1761]"
3335,"[1924, 478, 1884, 1377, 1549]"
3336,"[1851, 1850, 1844, 1849, 1841]"
3337,"[1705, 1704, 1755, 655, 468]"
3338,"[1924, 478, 1704, 1705, 1777]"
3339,"[1884, 1253, 1259, 1298, 1258]"
3340,"[1924, 1704, 1705, 1204, 110]"
3341,"[1758, 1705, 1762, 1760, 1704]"
3342,"[1050, 283, 327, 1204, 114]"
3343,"[1915, 128, 1924, 1705, 1777]"
3344,"[1902, 1705, 1704, 1924, 114]"
3345,"[1434, 528, 1507, 538, 171]"
3346,"[1828, 1837, 1833, 93, 95]"
3347,"[3, 646, 1723, 7, 661]"
3348,"[1924, 1761, 1704, 1434, 1507]"
3349,"[478, 1924, 1705, 1704, 1884]"
3350,"[1755, 528, 165, 1507, 1704]"
3351,"[1915, 216, 1884, 868, 446]"
3352,"[1064, 1915, 1705, 1704, 216]"
3353,"[478, 1924, 175, 163, 1884]"
3354,"[1924, 1884, 904, 1705, 1704]"
3355,"[478, 1924, 1755, 464, 1884]"
3356,"[481, 930, 1547, 1789, 1790]"
3357,"[460, 1504, 1884, 553, 126]"
3358,"[96, 97, 98, 1704, 1705]"
3359,"[1813, 1814, 1706, 1817, 1811]"
3360,"[1884, 24, 1704, 799, 25]"
3361,"[1704, 1705, 111, 1929, 468]"
3362,"[1705, 1704, 1434, 528, 1507]"
3363,"[285, 784, 618, 385, 1147]"
3364,"[333, 1561, 528, 1507, 1434]"
3365,"[1762, 361, 818, 114, 1710]"
3366,"[1705, 553, 1704, 1504, 1772]"
3367,"[1935, 1868, 1828, 1837, 1833]"
3368,"[1924, 892, 1673, 898, 124]"
3369,"[1915, 1113, 1884, 616, 1385]"
3370,"[538, 528, 1507, 1511, 1434]"
3371,"[478, 1924, 1704, 1705, 1760]"
3372,"[1128, 528, 1507, 1434, 587]"
3373,"[1388, 1358, 570, 1828, 361]"
3374,"[291, 938, 165, 1695, 667]"
3375,"[1704, 1705, 819, 1600, 116]"
3376,"[1588, 1705, 1904, 1556, 1704]"
3377,"[124, 1924, 1727, 921, 819]"
3378,"[478, 1526, 1899, 807, 1129]"
3379,"[1899, 1924, 89, 1922, 1897]"
3380,"[1526, 1627, 1922, 1897, 89]"
3381,"[1904, 921, 165, 159, 937]"
3382,"[1915, 113, 89, 112, 1922]"
3383,"[1904, 1704, 1705, 1600, 1890]"
3384,"[681, 1558, 1521, 1536, 1564]"
3385,"[1924, 1705, 677, 1762, 1704]"
3386,"[1063, 1904, 175, 311, 1158]"
3387,"[443, 28, 1628, 1699, 98]"
3388,"[1904, 1899, 862, 1615, 860]"
3389,"[1705, 124, 1904, 1704, 1890]"
3390,"[862, 1904, 1192, 1697, 922]"
3391,"[1904, 1705, 1704, 819, 1761]"
3392,"[113, 1533, 1792, 1587, 1733]"
3393,"[1904, 409, 98, 96, 97]"
3394,"[677, 216, 1762, 1758, 1705]"
3395,"[409, 1620, 1112, 1519, 1924]"
3396,"[1904, 1600, 43, 1599, 1191]"
3397,"[1738, 1904, 282, 425, 1191]"
3398,"[1904, 1899, 165, 921, 1907]"
3399,"[175, 1909, 165, 1904, 1890]"
3400,"[1792, 1793, 1904, 89, 1733]"
3401,"[1705, 1904, 1704, 1489, 1890]"
3402,"[1935, 1899, 407, 406, 927]"
3403,"[1899, 1926, 1041, 1526, 1705]"
3404,"[1904, 1705, 1704, 1887, 1885]"
3405,"[1904, 1924, 216, 1898, 426]"
3406,"[1249, 1705, 1063, 1704, 1899]"
3407,"[1655, 1309, 868, 1924, 1272]"
3408,"[1915, 1863, 398, 90, 1825]"
3409,"[376, 1705, 677, 1904, 1704]"
3410,"[1025, 1704, 937, 159, 496]"
3411,"[1904, 921, 165, 937, 159]"
3412,"[1904, 1704, 1607, 570, 1705]"
3413,"[1705, 1904, 1704, 819, 1890]"
3414,"[1643, 1114, 1316, 1904, 1705]"
3415,"[454, 1705, 1704, 455, 1896]"
3416,"[1904, 1705, 1762, 1758, 1899]"
3417,"[1071, 1704, 43, 1705, 921]"
3418,"[1904, 819, 1914, 89, 1627]"
3419,"[60, 1201, 420, 1700, 98]"
3420,"[1902, 420, 1757, 1776, 60]"
3421,"[464, 1071, 98, 96, 97]"
3422,"[1902, 60, 420, 1320, 1888]"
3423,"[1902, 1219, 1900, 1915, 1924]"
3424,"[1915, 1700, 98, 793, 402]"
3425,"[420, 165, 1700, 171, 361]"
3426,"[420, 1902, 60, 102, 922]"
3427,"[1902, 716, 1552, 1040, 1219]"
3428,"[1902, 98, 1541, 102, 96]"
3429,"[1902, 1705, 452, 1300, 1704]"
3430,"[716, 96, 1320, 60, 420]"
3431,"[716, 109, 1219, 1159, 1558]"
3432,"[925, 1700, 1924, 881, 876]"
3433,"[1902, 1219, 408, 716, 1900]"
3434,"[1915, 1042, 1040, 212, 138]"
3435,"[1902, 96, 97, 1552, 98]"
3436,"[1902, 1552, 97, 96, 1541]"
3437,"[1902, 1828, 1833, 1837, 1863]"
3438,"[1902, 420, 925, 1700, 1900]"
3439,"[98, 409, 1197, 102, 1746]"
3440,"[1201, 922, 98, 1700, 793]"
3441,"[97, 96, 409, 420, 98]"
3442,"[171, 1915, 1733, 1825, 216]"
3443,"[716, 1518, 1733, 165, 1924]"
3444,"[1902, 1552, 97, 96, 102]"
3445,"[175, 174, 164, 938, 167]"
3446,"[73, 96, 97, 98, 102]"
3447,"[1197, 1201, 98, 97, 96]"
3448,"[1518, 97, 96, 1746, 102]"
3449,"[1915, 677, 1135, 1142, 1343]"
3450,"[96, 97, 98, 1541, 793]"
3451,"[716, 1040, 1915, 1646, 171]"
3452,"[162, 864, 1320, 1201, 126]"
3453,"[96, 97, 98, 1746, 1541]"
3454,"[1902, 1320, 60, 126, 420]"
3455,"[1902, 1552, 1924, 98, 116]"
3456,"[1902, 1915, 1541, 98, 97]"
3457,"[1902, 332, 1704, 1705, 922]"
3458,"[1902, 171, 1915, 1040, 1900]"
3459,"[98, 116, 408, 455, 1626]"
3460,"[102, 1902, 1746, 1757, 1776]"
3461,"[1358, 1411, 1347, 1368, 1900]"
3462,"[98, 96, 97, 102, 1201]"
3463,"[1935, 1299, 430, 1260, 1705]"
3464,"[1620, 1917, 1520, 408, 1705]"
3465,"[1915, 223, 211, 980, 985]"
3466,"[954, 216, 1777, 1765, 1763]"
3467,"[1917, 1924, 408, 1590, 924]"
3468,"[1495, 1260, 1924, 1256, 1207]"
3469,"[1903, 1924, 1705, 1207, 1505]"
3470,"[1915, 164, 868, 1025, 1627]"
3471,"[1900, 998, 1902, 1046, 1917]"
3472,"[1046, 972, 728, 1924, 1270]"
3473,"[1915, 1899, 165, 921, 485]"
3474,"[1915, 125, 216, 1584, 972]"
3475,"[1154, 1915, 1666, 410, 1202]"
3476,"[1900, 926, 347, 1543, 1906]"
3477,"[1915, 1369, 988, 1343, 957]"
3478,"[1915, 969, 911, 972, 140]"
3479,"[927, 441, 1825, 1828, 1837]"
3480,"[1915, 1917, 408, 1561, 1733]"
3481,"[1915, 1001, 1041, 1121, 1116]"
3482,"[1915, 1299, 1900, 1705, 1704]"
3483,"[1772, 1301, 452, 1705, 1704]"
3484,"[1915, 1343, 1438, 1369, 1733]"
3485,"[376, 677, 216, 164, 1705]"
3486,"[368, 862, 1030, 271, 421]"
3487,"[1649, 1630, 911, 1332, 1030]"
3488,"[1915, 165, 1935, 927, 1526]"
3489,"[1915, 972, 1880, 1930, 731]"
3490,"[1915, 1828, 1833, 1935, 1863]"
3491,"[1915, 724, 1549, 216, 1249]"
3492,"[729, 732, 736, 719, 459]"
3493,"[1077, 677, 1133, 396, 478]"
3494,"[927, 1828, 1833, 1837, 1935]"
3495,"[1915, 1545, 1610, 114, 1789]"
3496,"[1789, 1790, 1792, 1863, 1791]"
3497,"[1900, 1917, 1915, 408, 116]"
3498,"[1176, 216, 1915, 175, 1034]"
3499,"[1915, 1789, 1792, 1790, 1791]"
3500,"[1028, 1527, 1627, 921, 1025]"
3501,"[219, 1754, 1649, 207, 911]"
3502,"[1905, 164, 163, 165, 921]"
3503,"[1332, 1498, 911, 151, 185]"
3504,"[136, 273, 275, 350, 1705]"
3505,"[1915, 125, 165, 1924, 455]"
3506,"[921, 1618, 924, 175, 164]"
3507,"[1915, 1924, 1704, 1705, 1249]"
3508,"[886, 421, 1906, 937, 159]"
3509,"[1917, 1902, 1915, 216, 408]"
3510,"[1900, 1915, 1917, 1543, 1924]"
3511,"[1655, 1915, 692, 863, 1491]"
3512,"[1142, 1344, 90, 1861, 1790]"
3513,"[1757, 1776, 1900, 849, 1131]"
3514,"[1821, 1822, 1841, 1838, 1840]"
3515,"[1917, 1769, 349, 408, 1768]"
3516,"[1915, 1762, 1861, 1855, 90]"
3517,"[1900, 1915, 1543, 1704, 1705]"
3518,"[1917, 96, 97, 116, 408]"
3519,"[1917, 606, 1603, 862, 1787]"
3520,"[1900, 1902, 1917, 212, 108]"
3521,"[1900, 1902, 1789, 1792, 1790]"
3522,"[1157, 891, 1618, 1608, 1191]"
3523,"[1761, 1552, 1902, 1760, 1758]"
3524,"[1915, 1902, 362, 216, 1917]"
3525,"[1900, 1362, 1781, 1782, 1798]"
3526,"[376, 677, 1490, 1086, 1908]"
3527,"[1915, 1900, 1543, 1638, 1705]"
3528,"[1900, 1543, 1021, 349, 1638]"
3529,"[757, 1892, 885, 756, 770]"
3530,"[1915, 921, 1041, 1025, 165]"
3531,"[1932, 661, 597, 593, 1704]"
3532,"[296, 1900, 299, 1917, 1902]"
3533,"[1900, 1902, 1917, 1543, 1552]"
3534,"[1915, 1202, 410, 403, 372]"
3535,"[443, 478, 1787, 349, 807]"
3536,"[1915, 1705, 1704, 1020, 1204]"
3537,"[368, 455, 1733, 1915, 412]"
3538,"[1045, 1037, 139, 1055, 1934]"
3539,"[1902, 1828, 1837, 1833, 927]"
3540,"[89, 411, 453, 78, 1733]"
3541,"[1900, 1902, 1917, 1752, 114]"
3542,"[1924, 1915, 1704, 1705, 1560]"
3543,"[141, 108, 138, 212, 349]"
3544,"[368, 1113, 455, 862, 17]"
3545,"[223, 428, 406, 407, 1079]"
3546,"[1636, 1263, 438, 432, 1704]"
3547,"[1915, 1900, 1758, 1765, 1777]"
3548,"[1704, 1550, 1705, 1555, 1491]"
3549,"[1915, 1052, 1066, 1071, 216]"
3550,"[1915, 430, 1935, 927, 1412]"
3551,"[873, 870, 1705, 1704, 168]"
3552,"[1246, 7, 3, 6, 9]"
3553,"[1067, 1366, 1420, 446, 1638]"
3554,"[1878, 1707, 1913, 1242, 118]"
3555,"[95, 1704, 1795, 1463, 1705]"
3556,"[1922, 1897, 89, 113, 921]"
3557,"[1615, 1586, 677, 1675, 1538]"
3558,"[1537, 97, 96, 1924, 1534]"
3559,"[1878, 1707, 1806, 1246, 1708]"
3560,"[794, 4, 1313, 1699, 793]"
3561,"[1024, 1028, 1924, 1762, 1899]"
3562,"[1705, 1713, 1618, 1704, 1760]"
3563,"[1905, 1627, 1035, 89, 924]"
3564,"[1912, 1605, 22, 26, 40]"
3565,"[1044, 1903, 677, 1615, 1705]"
3566,"[1704, 1705, 97, 96, 135]"
3567,"[1044, 371, 97, 96, 1192]"
3568,"[1705, 1704, 1770, 1414, 112]"
3569,"[399, 1586, 1556, 1615, 1538]"
3570,"[1070, 73, 291, 113, 112]"
3571,"[1705, 1704, 413, 446, 1610]"
3572,"[62, 398, 1014, 1734, 1705]"
3573,"[1626, 89, 1150, 1518, 1675]"
3574,"[1752, 1556, 1538, 1518, 1520]"
3575,"[291, 1762, 1705, 667, 1758]"
3576,"[1705, 1795, 1704, 95, 1463]"
3577,"[291, 1906, 113, 1070, 112]"
3578,"[1463, 1795, 1753, 1704, 1705]"
3579,"[1044, 1762, 1705, 1758, 1704]"
3580,"[1899, 1692, 1795, 1615, 1704]"
3581,"[1537, 1063, 1535, 1704, 1758]"
3582,"[291, 165, 1627, 667, 163]"
3583,"[1903, 89, 890, 1676, 113]"
3584,"[1675, 1196, 1676, 89, 1903]"
3585,"[1040, 862, 1603, 606, 1618]"
3586,"[1903, 1537, 1535, 890, 1618]"
3587,"[1705, 1905, 335, 43, 1704]"
3588,"[1795, 1705, 1704, 95, 1463]"
3589,"[890, 1924, 1705, 1704, 1249]"
3590,"[1795, 1705, 1753, 482, 1924]"
3591,"[1705, 1044, 1704, 1927, 1612]"
3592,"[1927, 98, 862, 409, 1697]"
3593,"[97, 96, 1537, 1560, 1534]"
3594,"[1636, 431, 1576, 62, 1277]"
3595,"[1893, 344, 162, 919, 934]"
3596,"[1299, 1556, 1761, 1705, 455]"
3597,"[1041, 1548, 1556, 1520, 1538]"
3598,"[1603, 1034, 1786, 165, 1788]"
3599,"[1893, 1321, 1775, 1769, 1760]"
3600,"[1697, 1696, 1761, 1556, 1841]"
3601,"[1649, 425, 678, 320, 1073]"
3602,"[1628, 425, 919, 924, 925]"
3603,"[1071, 1704, 1705, 1191, 406]"
3604,"[1775, 1761, 1769, 1760, 1768]"
3605,"[1704, 1705, 419, 1894, 1890]"
3606,"[1041, 1202, 1745, 410, 409]"
3607,"[89, 692, 1890, 1893, 1006]"
3608,"[1760, 1768, 1775, 1761, 1769]"
3609,"[368, 1155, 1014, 372, 414]"
3610,"[89, 406, 1534, 125, 1890]"
3611,"[1561, 1562, 1536, 453, 406]"
3612,"[1713, 1655, 1893, 868, 1748]"
3613,"[1837, 97, 96, 1828, 1833]"
3614,"[1760, 823, 1906, 1761, 1332]"
3615,"[1760, 1768, 1761, 1769, 1775]"
3616,"[1890, 425, 1893, 406, 407]"
3617,"[1627, 1526, 1905, 1899, 1915]"
3618,"[926, 885, 165, 1497, 757]"
3619,"[913, 140, 408, 920, 787]"
3620,"[1705, 1704, 1457, 1618, 1887]"
3621,"[1617, 1704, 1705, 1761, 1758]"
3622,"[1044, 1769, 1760, 89, 1761]"
3623,"[419, 1893, 1890, 165, 176]"
3624,"[406, 407, 1855, 1697, 1696]"
3625,"[1538, 1713, 1033, 1027, 1556]"
3626,"[913, 140, 952, 1915, 1911]"
3627,"[1495, 406, 165, 928, 924]"
3628,"[778, 1033, 1071, 120, 1204]"
3629,"[289, 1193, 165, 1890, 614]"
3630,"[1071, 1074, 990, 1328, 1705]"
3631,"[1680, 1299, 1697, 1696, 1298]"
3632,"[1901, 930, 165, 931, 934]"
3633,"[1071, 868, 1748, 1191, 1890]"
3634,"[406, 659, 89, 1893, 612]"
3635,"[1033, 1912, 167, 1040, 1027]"
3636,"[1899, 1760, 1761, 1910, 1906]"
3637,"[1760, 1761, 1769, 1697, 1534]"
3638,"[89, 1890, 1752, 1193, 885]"
3639,"[1704, 1924, 113, 478, 1760]"
3640,"[1705, 1704, 455, 1191, 1608]"
3641,"[116, 1889, 124, 1724, 60]"
3642,"[1726, 1762, 1191, 1637, 1589]"
3643,"[1915, 677, 116, 1704, 60]"
3644,"[1726, 692, 1896, 1192, 1705]"
3645,"[116, 1704, 1705, 455, 1904]"
3646,"[1726, 1896, 692, 455, 1705]"
3647,"[1705, 1704, 1610, 1924, 1904]"
3648,"[1704, 339, 1705, 1191, 1904]"
3649,"[1704, 1705, 1598, 1904, 1191]"
3650,"[1704, 1705, 124, 116, 455]"
3651,"[1726, 1604, 1192, 1704, 1705]"
3652,"[289, 1704, 1705, 1904, 1889]"
3653,"[409, 96, 1562, 1704, 1705]"
3654,"[116, 1606, 1724, 455, 60]"
3655,"[289, 1926, 1068, 1071, 1649]"
3656,"[289, 1704, 1705, 1904, 1191]"
3657,"[346, 1147, 335, 1191, 1704]"
3658,"[1915, 1192, 412, 1611, 1147]"
3659,"[1704, 1705, 1424, 1890, 1904]"
3660,"[368, 862, 455, 421, 216]"
3661,"[1704, 289, 1705, 1904, 1191]"
3662,"[1899, 1704, 1705, 1896, 1904]"
3663,"[1704, 1705, 289, 1191, 1904]"
3664,"[1277, 1192, 1726, 692, 1611]"
3665,"[1705, 1704, 1929, 1191, 1890]"
3666,"[1704, 1705, 1424, 1904, 1556]"
3667,"[1904, 1704, 1705, 860, 1191]"
3668,"[116, 114, 692, 1726, 1523]"
3669,"[1705, 1704, 1904, 860, 1191]"
3670,"[692, 1899, 1726, 1604, 846]"
3671,"[1704, 1192, 1705, 1904, 1906]"
3672,"[406, 407, 1929, 1890, 1704]"
3673,"[1915, 1068, 1704, 1705, 1066]"
3674,"[106, 1705, 1904, 1704, 1191]"
3675,"[1068, 124, 1904, 1704, 1705]"
3676,"[455, 1928, 1899, 125, 89]"
3677,"[1704, 1705, 1904, 1191, 1899]"
3678,"[124, 1704, 1705, 1424, 1904]"
3679,"[289, 1704, 1705, 1904, 1424]"
3680,"[1704, 1705, 1588, 1904, 1887]"
3681,"[1704, 1705, 1424, 1915, 1878]"
3682,"[1704, 1705, 1904, 1523, 1896]"
3683,"[1029, 1049, 219, 1861, 408]"
3684,"[136, 1065, 1551, 819, 904]"
3685,"[1915, 455, 618, 612, 89]"
3686,"[938, 921, 421, 1915, 1202]"
3687,"[1131, 1704, 452, 1191, 216]"
3688,"[478, 1202, 410, 89, 116]"
3689,"[788, 1742, 1564, 1489, 1554]"
3690,"[1131, 1019, 1022, 1543, 367]"
3691,"[452, 1855, 1617, 1300, 1263]"
3692,"[159, 937, 165, 1749, 1894]"
3693,"[1092, 1674, 1704, 1705, 1815]"
3694,"[1828, 1833, 1837, 1855, 1935]"
3695,"[74, 250, 1891, 89, 1699]"
3696,"[1658, 266, 267, 239, 235]"
3697,"[1041, 1202, 410, 159, 937]"
3698,"[1900, 1320, 1704, 1705, 1543]"
3699,"[597, 593, 599, 595, 579]"
3700,"[1828, 1833, 1837, 936, 1863]"
3701,"[1068, 1704, 1705, 1251, 446]"
3702,"[934, 1863, 1023, 398, 90]"
3703,"[222, 1863, 1788, 1787, 1786]"
3704,"[1131, 1704, 1191, 1157, 1608]"
3705,"[1915, 677, 1676, 455, 116]"
3706,"[1022, 1019, 477, 749, 1131]"
3707,"[1917, 1704, 924, 408, 1619]"
3708,"[1019, 1704, 349, 455, 1528]"
3709,"[1884, 1704, 1620, 1520, 1700]"
3710,"[368, 1040, 1121, 1934, 1192]"
3711,"[1846, 1861, 1855, 1299, 175]"
3712,"[1074, 1617, 1901, 1550, 1263]"
3713,"[838, 1705, 1753, 240, 1704]"
3714,"[98, 1828, 1833, 1837, 927]"
3715,"[1131, 1019, 1029, 1041, 1861]"
3716,"[1019, 1608, 1607, 1517, 1157]"
3717,"[870, 100, 93, 1620, 95]"
3718,"[1019, 1102, 1131, 250, 368]"
3719,"[696, 1120, 95, 250, 659]"
3720,"[1705, 1752, 1758, 1762, 1761]"
3721,"[677, 420, 1147, 1929, 1202]"
3722,"[1828, 1833, 1837, 1771, 99]"
3723,"[411, 455, 110, 412, 612]"
3724,"[96, 1700, 124, 1904, 216]"
3725,"[1147, 1043, 1904, 1599, 616]"
3726,"[1279, 1915, 618, 868, 1748]"
3727,"[1907, 1219, 1705, 530, 1922]"
3728,"[1587, 1627, 89, 409, 921]"
3729,"[1704, 1705, 1762, 1758, 1193]"
3730,"[1899, 409, 1924, 455, 89]"
3731,"[1922, 1897, 166, 1924, 1526]"
3732,"[1705, 1704, 530, 896, 1063]"
3733,"[113, 1922, 1897, 1627, 1526]"
3734,"[1922, 1897, 1915, 1905, 1899]"
3735,"[332, 1246, 388, 1640, 1176]"
3736,"[677, 921, 1905, 1915, 1587]"
3737,"[921, 1922, 1897, 1627, 89]"
3738,"[1704, 409, 1922, 1897, 1705]"
3739,"[1924, 1526, 1899, 1922, 1897]"
3740,"[921, 409, 1627, 165, 1905]"
3741,"[927, 1899, 165, 1897, 819]"
3742,"[43, 1063, 1758, 1762, 1705]"
3743,"[1627, 113, 1587, 165, 921]"
3744,"[1705, 1704, 1922, 1897, 530]"
3745,"[1924, 1922, 1897, 1705, 530]"
3746,"[163, 921, 1627, 1899, 165]"
3747,"[927, 1907, 1705, 1526, 1704]"
3748,"[1587, 1905, 409, 113, 819]"
3749,"[1627, 113, 1905, 1907, 467]"
3750,"[1922, 1897, 1526, 113, 1899]"
3751,"[1922, 1897, 166, 165, 1044]"
3752,"[409, 794, 89, 165, 1313]"
3753,"[1160, 1922, 1897, 415, 670]"
3754,"[1915, 1922, 1897, 927, 89]"
3755,"[332, 1077, 114, 326, 394]"
3756,"[1907, 1704, 1762, 1705, 1758]"
3757,"[1705, 1762, 1758, 95, 1887]"
3758,"[1899, 1526, 1753, 113, 1416]"
3759,"[1907, 1924, 89, 1526, 1899]"
3760,"[1705, 1704, 1567, 1887, 95]"
3761,"[1922, 1897, 1705, 1905, 1704]"
3762,"[478, 163, 1526, 919, 1924]"
3763,"[828, 1922, 1897, 927, 1510]"
3764,"[1758, 1762, 225, 1063, 1192]"
3765,"[103, 1582, 905, 426, 1730]"
3766,"[1613, 1904, 851, 1894, 1615]"
3767,"[1907, 1899, 1598, 165, 921]"
3768,"[1704, 1891, 1705, 1887, 903]"
3769,"[1899, 677, 1758, 1762, 1705]"
3770,"[1705, 1704, 905, 1898, 113]"
3771,"[1924, 1704, 1705, 1562, 1904]"
3772,"[1704, 1705, 861, 903, 860]"
3773,"[1627, 1905, 1705, 1618, 1704]"
3774,"[1244, 1704, 1705, 1606, 926]"
3775,"[628, 657, 656, 666, 637]"
3776,"[1705, 1704, 636, 1063, 110]"
3777,"[1704, 1705, 110, 1204, 1063]"
3778,"[1704, 1705, 1613, 1599, 1904]"
3779,"[1704, 1705, 1892, 1890, 1904]"
3780,"[1924, 1704, 1705, 1249, 1915]"
3781,"[1066, 1899, 1526, 102, 1746]"
3782,"[1704, 1705, 926, 1924, 1249]"
3783,"[1704, 1705, 1626, 903, 480]"
3784,"[1704, 1705, 1701, 749, 1924]"
3785,"[289, 1704, 1705, 165, 819]"
3786,"[1705, 413, 1704, 1607, 114]"
3787,"[1246, 7, 1806, 1857, 1852]"
3788,"[1704, 1705, 1906, 1523, 1610]"
3789,"[290, 927, 898, 1895, 1828]"
3790,"[1704, 1705, 1526, 113, 1890]"
3791,"[388, 1907, 786, 1924, 819]"
3792,"[1704, 1705, 1922, 1897, 1192]"
3793,"[636, 1705, 1704, 708, 624]"
3794,"[1704, 1705, 1605, 1772, 413]"
3795,"[89, 125, 1861, 1855, 90]"
3796,"[1705, 1704, 44, 114, 413]"
3797,"[926, 1704, 1705, 1906, 1249]"
3798,"[1704, 1705, 1906, 1249, 926]"
3799,"[1704, 1705, 1545, 37, 837]"
3800,"[1070, 1030, 1895, 1746, 1753]"
3801,"[1069, 1704, 955, 819, 976]"
3802,"[165, 289, 1705, 1704, 819]"
3803,"[1089, 53, 1628, 1155, 1633]"
3804,"[1705, 739, 1704, 723, 1924]"
3805,"[1889, 1704, 1705, 1887, 1554]"
3806,"[90, 930, 398, 160, 1086]"
3807,"[1887, 1705, 1704, 1885, 1886]"
3808,"[1705, 1704, 890, 114, 113]"
3809,"[1753, 1755, 1754, 1885, 1901]"
3810,"[1704, 1705, 1610, 43, 1599]"
3811,"[165, 1704, 1705, 1924, 478]"
3812,"[291, 1704, 1705, 1712, 1701]"
3813,"[1772, 1705, 1704, 884, 1924]"
3814,"[1249, 1561, 1836, 1873, 1560]"
3815,"[1907, 1914, 421, 455, 1705]"
3816,"[96, 97, 1114, 455, 125]"
3817,"[369, 1251, 1355, 512, 591]"
3818,"[1926, 1899, 388, 89, 1922]"
3819,"[441, 527, 247, 831, 1337]"
3820,"[1902, 1900, 1907, 1917, 116]"
3821,"[927, 1929, 527, 1922, 1897]"
3822,"[677, 1705, 1704, 1762, 1588]"
3823,"[1613, 1591, 1898, 905, 88]"
3824,"[1317, 1903, 896, 1705, 1704]"
3825,"[1922, 1897, 1041, 166, 921]"
3826,"[1906, 1704, 1705, 1733, 1762]"
3827,"[938, 1906, 165, 1526, 1922]"
3828,"[903, 1316, 1705, 1704, 1780]"
3829,"[1704, 1705, 1906, 1922, 1897]"
3830,"[113, 1922, 1897, 1733, 1705]"
3831,"[1772, 1863, 927, 1935, 1936]"
3832,"[1922, 1897, 1907, 1924, 1526]"
3833,"[1772, 1705, 1704, 530, 896]"
3834,"[1922, 1897, 1041, 165, 1899]"
3835,"[921, 919, 163, 937, 159]"
3836,"[921, 164, 1025, 165, 89]"
3837,"[63, 927, 290, 1935, 903]"
3838,"[1922, 1897, 1526, 1935, 1305]"
3839,"[1526, 1899, 1922, 1897, 1907]"
3840,"[1915, 89, 1905, 1627, 921]"
3841,"[903, 1704, 1193, 1705, 1752]"
3842,"[1922, 1897, 165, 1526, 1907]"
3843,"[1922, 1897, 1705, 1704, 1903]"
3844,"[1772, 42, 1368, 402, 1358]"
3845,"[89, 921, 113, 1922, 1897]"
3846,"[164, 165, 921, 166, 1193]"
3847,"[1915, 1705, 530, 1704, 1899]"
3848,"[1705, 739, 1704, 326, 1299]"
3849,"[937, 1915, 1705, 159, 408]"
3850,"[1260, 430, 1935, 1256, 1827]"
3851,"[1071, 1922, 1897, 1907, 1526]"
3852,"[1907, 165, 89, 1914, 1905]"
3853,"[165, 361, 903, 1704, 1263]"
3854,"[1907, 125, 1251, 1697, 412]"
3855,"[125, 1922, 1897, 166, 89]"
3856,"[616, 739, 47, 125, 89]"
3857,"[868, 1748, 1922, 1897, 1526]"
3858,"[1302, 361, 1263, 1202, 410]"
3859,"[102, 98, 96, 97, 1313]"
3860,"[4, 73, 2, 3, 1246]"
3861,"[1320, 1670, 97, 96, 282]"
3862,"[1704, 1705, 171, 73, 749]"
3863,"[1670, 1316, 1904, 18, 1532]"
3864,"[1915, 1700, 420, 171, 126]"
3865,"[7, 3, 5, 73, 468]"
3866,"[1704, 1705, 1761, 1701, 1246]"
3867,"[1670, 171, 261, 233, 238]"
3868,"[1790, 1789, 1788, 1885, 1786]"
3869,"[956, 667, 328, 1076, 171]"
3870,"[4, 1670, 749, 1887, 1320]"
3871,"[1788, 1787, 216, 862, 1789]"
3872,"[1878, 1707, 3, 4, 73]"
3873,"[420, 1628, 864, 60, 1540]"
3874,"[1553, 1534, 1742, 1564, 1249]"
3875,"[793, 1541, 98, 97, 96]"
3876,"[73, 793, 1541, 98, 1313]"
3877,"[73, 1705, 1704, 1826, 1878]"
3878,"[1705, 1704, 1807, 1201, 1887]"
3879,"[73, 3, 4, 2, 6]"
3880,"[1704, 1705, 1937, 73, 583]"
3881,"[98, 1536, 96, 97, 1541]"
3882,"[903, 4, 749, 73, 7]"
3883,"[1534, 1536, 1554, 1742, 1539]"
3884,"[4, 7, 73, 1246, 8]"
3885,"[903, 171, 1912, 514, 1911]"
3886,"[4, 1320, 7, 73, 1246]"
3887,"[1855, 677, 1789, 1790, 1792]"
3888,"[628, 1761, 1139, 1760, 1768]"
3889,"[802, 7, 73, 1868, 1708]"
3890,"[1746, 102, 1670, 1839, 1840]"
3891,"[98, 96, 97, 102, 1541]"
3892,"[1746, 1541, 97, 96, 98]"
3893,"[121, 1563, 1611, 1603, 1788]"
3894,"[1030, 1560, 171, 216, 1915]"
3895,"[749, 1828, 4, 420, 171]"
3896,"[794, 1313, 4, 793, 126]"
3897,"[594, 1772, 118, 533, 1091]"
3898,"[904, 1887, 1670, 794, 4]"
3899,"[594, 118, 533, 1091, 361]"
3900,"[98, 749, 893, 1299, 4]"
3901,"[1748, 868, 171, 496, 618]"
3902,"[927, 1828, 1833, 1837, 1935]"
3903,"[1705, 1626, 1704, 1885, 1892]"
3904,"[1034, 937, 159, 165, 1025]"
3905,"[1828, 1833, 1837, 927, 1863]"
3906,"[677, 89, 113, 409, 102]"
3907,"[1125, 1655, 159, 937, 1615]"
3908,"[1924, 125, 89, 890, 165]"
3909,"[1704, 937, 1025, 171, 1771]"
3910,"[1040, 1193, 1034, 1909, 1752]"
3911,"[1029, 1041, 1026, 165, 1039]"
3912,"[1704, 1705, 1626, 1924, 1307]"
3913,"[97, 96, 926, 1704, 165]"
3914,"[89, 1077, 398, 90, 1558]"
3915,"[289, 98, 1076, 1044, 1073]"
3916,"[1029, 925, 159, 937, 1752]"
3917,"[425, 1840, 165, 731, 1649]"
3918,"[1701, 1752, 1670, 1772, 90]"
3919,"[1219, 925, 216, 164, 935]"
3920,"[169, 1026, 1029, 1025, 1035]"
3921,"[1026, 670, 1704, 1705, 470]"
3922,"[1029, 1041, 1037, 1043, 937]"
3923,"[1713, 1838, 1840, 1841, 1839]"
3924,"[1035, 937, 159, 1040, 1039]"
3925,"[1029, 936, 1670, 618, 643]"
3926,"[121, 1118, 290, 1696, 477]"
3927,"[1035, 937, 1029, 1040, 1041]"
3928,"[166, 1202, 1704, 1705, 1924]"
3929,"[1586, 169, 1025, 937, 159]"
3930,"[1202, 410, 936, 165, 937]"
3931,"[1202, 410, 165, 937, 159]"
3932,"[174, 925, 924, 931, 176]"
3933,"[1757, 1776, 1626, 1704, 97]"
3934,"[478, 1040, 1924, 1029, 1035]"
3935,"[1146, 355, 1168, 1924, 778]"
3936,"[1029, 1040, 1035, 165, 1193]"
3937,"[74, 1704, 1705, 1612, 1618]"
3938,"[1458, 698, 1890, 165, 159]"
3939,"[164, 937, 1026, 1035, 1025]"
3940,"[428, 1825, 175, 938, 164]"
3941,"[1903, 89, 1166, 165, 1518]"
3942,"[1040, 164, 1035, 688, 165]"
3943,"[1016, 1844, 1850, 1851, 1841]"
3944,"[1040, 1034, 1193, 159, 849]"
3945,"[928, 166, 1924, 165, 1025]"
3946,"[1040, 1193, 677, 1516, 1795]"
3947,"[1666, 1705, 730, 738, 728]"
3948,"[1649, 1041, 1666, 1030, 386]"
3949,"[1041, 1520, 599, 593, 597]"
3950,"[1906, 823, 1776, 1757, 1590]"
3951,"[1666, 1649, 286, 59, 446]"
3952,"[1915, 165, 1035, 1649, 902]"
3953,"[728, 1649, 1149, 725, 823]"
3954,"[1042, 1041, 206, 159, 937]"
3955,"[1046, 1042, 1041, 159, 1025]"
3956,"[1915, 1620, 1916, 1705, 1704]"
3957,"[1025, 938, 937, 1041, 1825]"
3958,"[1666, 1649, 165, 1906, 1528]"
3959,"[1915, 1026, 163, 1590, 1617]"
3960,"[1511, 1757, 1776, 1836, 1873]"
3961,"[925, 938, 928, 935, 1620]"
3962,"[1752, 1836, 1832, 1873, 1705]"
3963,"[1054, 1030, 1026, 1649, 213]"
3964,"[1030, 1649, 1666, 1029, 1041]"
3965,"[1825, 1042, 159, 937, 1025]"
3966,"[1301, 902, 455, 920, 921]"
3967,"[1836, 1873, 1832, 1837, 1833]"
3968,"[1915, 1757, 1776, 824, 737]"
3969,"[1836, 1873, 1705, 1666, 74]"
3970,"[1850, 1851, 1844, 425, 1821]"
3971,"[362, 1159, 361, 1705, 1704]"
3972,"[1649, 1666, 165, 1030, 1032]"
3973,"[165, 1035, 1043, 1030, 292]"
3974,"[1836, 398, 1873, 1863, 90]"
3975,"[1666, 1046, 737, 1053, 1014]"
3976,"[1836, 1832, 1664, 1873, 1861]"
3977,"[1030, 1590, 885, 1026, 1042]"
3978,"[1649, 1666, 823, 440, 731]"
3979,"[1083, 1733, 1792, 1786, 1789]"
3980,"[1014, 823, 1087, 824, 258]"
3981,"[1915, 1046, 1042, 1030, 1704]"
3982,"[1620, 1704, 1705, 1752, 1809]"
3983,"[1635, 66, 74, 1775, 1666]"
3984,"[1030, 1915, 1916, 1649, 1906]"
3985,"[165, 934, 931, 924, 1915]"
3986,"[333, 460, 1732, 1102, 1606]"
3987,"[1026, 1046, 1590, 823, 1635]"
3988,"[1040, 1031, 1772, 1035, 1030]"
3989,"[1035, 952, 1202, 410, 212]"
3990,"[1915, 376, 1135, 876, 677]"
3991,"[1915, 1030, 165, 1042, 1649]"
3992,"[719, 737, 823, 738, 728]"
3993,"[1906, 159, 165, 937, 125]"
3994,"[165, 692, 1677, 455, 410]"
3995,"[165, 1677, 1935, 1833, 1837]"
3996,"[728, 724, 223, 738, 730]"
3997,"[980, 1055, 1030, 1049, 1042]"
3998,"[212, 1704, 1204, 138, 1733]"
3999,"[1135, 823, 1041, 728, 1649]"
4000,"[1915, 1677, 1705, 1704, 1256]"
4001,"[1590, 1793, 1792, 1791, 739]"
4002,"[1043, 1051, 1060, 997, 1620]"
4003,"[1148, 1875, 618, 868, 1748]"
4004,"[1915, 1343, 1299, 1260, 1256]"
4005,"[1055, 212, 1052, 478, 982]"
4006,"[1041, 1043, 919, 925, 1592]"
4007,"[108, 212, 141, 1915, 1592]"
4008,"[1704, 1705, 1696, 1733, 412]"
4009,"[478, 1160, 1123, 681, 728]"
4010,"[320, 89, 113, 1026, 116]"
4011,"[1043, 34, 1359, 1937, 1811]"
4012,"[1321, 1590, 1297, 1592, 1664]"
4013,"[1915, 1066, 1030, 1011, 408]"
4014,"[1792, 1733, 412, 1793, 1790]"
4015,"[1299, 98, 1030, 97, 96]"
4016,"[1924, 212, 1592, 739, 898]"
4017,"[89, 157, 158, 124, 1746]"
4018,"[980, 1055, 885, 271, 1205]"
4019,"[1590, 1592, 1924, 478, 1935]"
4020,"[1924, 1299, 898, 1260, 1256]"
4021,"[1915, 1676, 89, 1675, 885]"
4022,"[1075, 211, 1041, 1929, 925]"
4023,"[425, 692, 688, 1924, 620]"
4024,"[1077, 396, 1130, 719, 605]"
4025,"[1721, 1202, 410, 373, 212]"
4026,"[365, 1705, 1124, 1083, 1344]"
4027,"[1902, 1900, 485, 408, 157]"
4028,"[725, 1651, 1754, 1040, 911]"
4029,"[159, 937, 928, 1041, 165]"
4030,"[1672, 216, 361, 1640, 1135]"
4031,"[197, 1924, 212, 408, 138]"
4032,"[1915, 1924, 98, 478, 1343]"
4033,"[3, 6, 72, 892, 111]"
4034,"[452, 89, 1675, 1202, 410]"
4035,"[1936, 926, 1277, 1086, 1906]"
4036,"[1906, 1704, 930, 242, 1014]"
4037,"[1301, 1690, 1300, 1906, 1861]"
4038,"[165, 159, 937, 164, 1025]"
4039,"[1704, 1705, 1825, 1836, 1832]"
4040,"[265, 1035, 341, 1105, 1620]"
4041,"[1936, 1836, 1863, 481, 1792]"
4042,"[919, 926, 159, 937, 163]"
4043,"[376, 677, 1792, 1920, 1793]"
4044,"[1526, 1899, 1527, 1922, 1897]"
4045,"[1030, 1916, 1928, 1906, 921]"
4046,"[926, 1704, 1705, 1904, 1620]"
4047,"[1915, 1705, 677, 1704, 1906]"
4048,"[1924, 1249, 1705, 408, 1906]"
4049,"[1049, 677, 728, 1474, 956]"
4050,"[1915, 455, 1789, 1790, 1792]"
4051,"[1321, 219, 446, 1046, 1251]"
4052,"[176, 931, 924, 938, 175]"
4053,"[1906, 159, 937, 1704, 1705]"
4054,"[655, 212, 924, 371, 1148]"
4055,"[1936, 926, 1618, 89, 1704]"
4056,"[1014, 1892, 1792, 365, 1936]"
4057,"[166, 937, 159, 164, 165]"
4058,"[1906, 1030, 1588, 1916, 1193]"
4059,"[371, 1936, 926, 89, 677]"
4060,"[930, 1702, 1756, 1755, 1551]"
4061,"[165, 163, 164, 919, 921]"
4062,"[1086, 1906, 1936, 1790, 1789]"
4063,"[1936, 1618, 1598, 1086, 1295]"
4064,"[926, 1863, 919, 162, 938]"
4065,"[159, 937, 165, 919, 1906]"
4066,"[165, 164, 1924, 1909, 1705]"
4067,"[1936, 1752, 1704, 1906, 1705]"
4068,"[1906, 1086, 1928, 1916, 1255]"
4069,"[677, 1192, 927, 1935, 1863]"
4070,"[1321, 1704, 1705, 758, 762]"
4071,"[1906, 1919, 1704, 1705, 1590]"
4072,"[928, 823, 1029, 1915, 1043]"
4073,"[1752, 926, 1705, 1704, 1885]"
4074,"[265, 952, 1906, 1035, 964]"
4075,"[1916, 1906, 1030, 1899, 1588]"
4076,"[1705, 1704, 1518, 1626, 1268]"
4077,"[655, 219, 636, 928, 1755]"
4078,"[1043, 1906, 1936, 1705, 885]"
4079,"[1033, 1025, 164, 165, 1193]"
4080,"[150, 719, 737, 736, 1675]"
4081,"[1786, 1787, 1793, 1792, 1733]"
4082,"[1761, 1760, 1545, 924, 1063]"
4083,"[1050, 972, 359, 1915, 408]"
4084,"[1758, 1762, 1705, 1761, 1733]"
4085,"[164, 1025, 165, 159, 937]"
4086,"[423, 1244, 321, 1875, 924]"
4087,"[140, 913, 1790, 1789, 1792]"
4088,"[371, 441, 1148, 1935, 1733]"
4089,"[280, 273, 1016, 279, 277]"
4090,"[737, 1675, 1676, 1696, 455]"
4091,"[1705, 1704, 1587, 1627, 164]"
4092,"[1705, 1704, 1651, 165, 175]"
4093,"[862, 1549, 935, 735, 927]"
4094,"[1025, 1704, 1705, 165, 1193]"
4095,"[1792, 408, 216, 719, 737]"
4096,"[1704, 1705, 1338, 1363, 1584]"
4097,"[1789, 1786, 1792, 1884, 1733]"
4098,"[151, 1617, 1619, 1263, 1539]"
4099,"[1001, 164, 1915, 1025, 921]"
4100,"[165, 1704, 1705, 1733, 886]"
4101,"[1788, 1789, 1793, 1792, 1733]"
4102,"[927, 1454, 1210, 1742, 527]"
4103,"[1139, 1649, 1787, 408, 1017]"
4104,"[368, 862, 1915, 216, 455]"
4105,"[164, 165, 921, 1025, 1033]"
4106,"[368, 862, 1697, 1249, 455]"
4107,"[737, 207, 911, 347, 1733]"
4108,"[1033, 164, 927, 175, 165]"
4109,"[886, 1517, 165, 1909, 1608]"
4110,"[972, 969, 255, 53, 223]"
4111,"[165, 455, 1041, 927, 1935]"
4112,"[1035, 1050, 1033, 719, 737]"
4113,"[1035, 959, 398, 89, 1733]"
4114,"[152, 150, 911, 1063, 918]"
4115,"[1915, 886, 1733, 1704, 1909]"
4116,"[1915, 959, 1001, 1627, 1071]"
4117,"[211, 151, 1705, 1704, 216]"
4118,"[1277, 1545, 1638, 772, 440]"
4119,"[1705, 1704, 1316, 1618, 927]"
4120,"[1793, 959, 1792, 1789, 1733]"
4121,"[1917, 868, 1902, 927, 408]"
4122,"[1458, 255, 1406, 1638, 1338]"
4123,"[1915, 1924, 937, 159, 670]"
4124,"[1915, 1924, 1704, 1705, 1713]"
4125,"[919, 317, 1197, 1884, 1705]"
4126,"[358, 885, 978, 1029, 1026]"
4127,"[1915, 408, 1902, 618, 116]"
4128,"[1915, 1438, 430, 1863, 1343]"
4129,"[1050, 1680, 1915, 210, 216]"
4130,"[1042, 1591, 1590, 1592, 937]"
4131,"[1042, 1591, 1590, 1592, 931]"
4132,"[1900, 1916, 1902, 1917, 1591]"
4133,"[165, 937, 159, 1025, 1704]"
4134,"[1042, 1924, 927, 1630, 212]"
4135,"[1915, 408, 165, 212, 136]"
4136,"[1495, 1875, 28, 125, 1694]"
4137,"[927, 1936, 1256, 1935, 1299]"
4138,"[1915, 887, 212, 455, 1906]"
4139,"[419, 1776, 1757, 1919, 834]"
4140,"[1917, 1902, 1049, 1030, 1552]"
4141,"[1915, 624, 1591, 1592, 216]"
4142,"[1915, 1907, 128, 1042, 1592]"
4143,"[1828, 1833, 1837, 1935, 1710]"
4144,"[1902, 1591, 408, 114, 116]"
4145,"[1915, 618, 1050, 1680, 1875]"
4146,"[1915, 164, 885, 159, 937]"
4147,"[1302, 1906, 410, 1202, 677]"
4148,"[1043, 1680, 1705, 796, 1704]"
4149,"[1917, 216, 1591, 408, 116]"
4150,"[1030, 1042, 1560, 1915, 1561]"
4151,"[1027, 670, 927, 604, 1261]"
4152,"[268, 243, 249, 410, 1202]"
4153,"[1042, 937, 165, 1043, 159]"
4154,"[1915, 618, 1875, 7, 1536]"
4155,"[1042, 1592, 1591, 1590, 1617]"
4156,"[921, 165, 1676, 1675, 1135]"
4157,"[1370, 490, 1915, 1473, 1334]"
4158,"[1915, 1148, 677, 1042, 89]"
4159,"[1919, 1379, 140, 1836, 148]"
4160,"[359, 1704, 1705, 901, 834]"
4161,"[1705, 1704, 1924, 901, 317]"
4162,"[967, 1048, 985, 1027, 1606]"
4163,"[419, 406, 162, 407, 165]"
4164,"[1915, 1924, 455, 1193, 212]"
4165,"[1915, 114, 359, 1030, 1042]"
4166,"[1041, 1915, 1042, 1591, 417]"
4167,"[1592, 1929, 1014, 427, 1705]"
4168,"[276, 1929, 1592, 1014, 55]"
4169,"[1163, 1705, 383, 1704, 1488]"
4170,"[1915, 1894, 1313, 89, 108]"
4171,"[1637, 1607, 1592, 1590, 920]"
4172,"[1511, 1929, 1649, 1592, 494]"
4173,"[1896, 307, 1100, 1192, 1611]"
4174,"[309, 108, 1736, 1899, 594]"
4175,"[1649, 1026, 1590, 1046, 1592]"
4176,"[1924, 1704, 1705, 1592, 1192]"
4177,"[1389, 1825, 1458, 1433, 1592]"
4178,"[89, 54, 57, 1592, 1704]"
4179,"[1046, 1649, 55, 1606, 406]"
4180,"[1517, 1607, 1608, 1592, 1704]"
4181,"[1592, 1828, 1833, 1935, 1590]"
4182,"[440, 639, 1592, 48, 1705]"
4183,"[1607, 1929, 440, 1014, 427]"
4184,"[1929, 1592, 1590, 216, 1649]"
4185,"[1929, 1511, 1836, 927, 1592]"
4186,"[1746, 124, 1705, 55, 1704]"
4187,"[1723, 480, 1705, 1704, 440]"
4188,"[1705, 543, 1704, 55, 1873]"
4189,"[1014, 89, 114, 1704, 1705]"
4190,"[1915, 1929, 478, 216, 1924]"
4191,"[886, 1042, 1613, 1894, 1193]"
4192,"[1705, 796, 1043, 1704, 1511]"
4193,"[1042, 359, 408, 1666, 887]"
4194,"[408, 1924, 1906, 1915, 114]"
4195,"[1705, 1704, 543, 455, 89]"
4196,"[1042, 1924, 165, 1608, 1607]"
4197,"[1592, 1406, 823, 1929, 739]"
4198,"[926, 1592, 58, 54, 57]"
4199,"[1592, 1607, 218, 1613, 261]"
4200,"[1924, 1915, 455, 1676, 125]"
4201,"[1607, 1157, 480, 1608, 1517]"
4202,"[862, 1697, 455, 216, 1592]"
4203,"[1612, 1705, 1805, 1758, 1914]"
4204,"[1705, 164, 165, 1704, 1193]"
4205,"[1042, 1043, 1041, 1705, 1704]"
4206,"[479, 938, 176, 164, 174]"
4207,"[287, 1929, 739, 618, 1299]"
4208,"[1894, 1607, 543, 1705, 1704]"
4209,"[164, 677, 165, 1915, 89]"
4210,"[1915, 371, 1935, 1929, 1863]"
4211,"[1055, 980, 211, 259, 1255]"
4212,"[1825, 927, 1325, 1828, 1833]"
4213,"[1055, 933, 1809, 1704, 1705]"
4214,"[97, 96, 1055, 1746, 102]"
4215,"[933, 1055, 1704, 1705, 1193]"
4216,"[1750, 1810, 1706, 1811, 1815]"
4217,"[1049, 982, 211, 259, 1055]"
4218,"[1902, 1334, 1704, 1915, 1705]"
4219,"[1055, 990, 1495, 165, 212]"
4220,"[171, 1828, 1833, 1837, 930]"
4221,"[933, 1809, 1053, 1193, 1617]"
4222,"[1915, 1900, 408, 868, 1748]"
4223,"[1809, 1873, 1836, 1842, 1053]"
4224,"[259, 1049, 982, 211, 89]"
4225,"[408, 222, 261, 1924, 239]"
4226,"[886, 862, 368, 976, 1697]"
4227,"[1055, 1495, 925, 176, 164]"
4228,"[1055, 1495, 925, 212, 1754]"
4229,"[1049, 1030, 1836, 1873, 972]"
4230,"[1055, 1636, 998, 259, 1649]"
4231,"[1299, 211, 259, 934, 924]"
4232,"[1053, 1842, 1853, 1844, 1850]"
4233,"[1053, 1853, 749, 1850, 1851]"
4234,"[1055, 1495, 971, 972, 1924]"
4235,"[1486, 1358, 1809, 1924, 1919]"
4236,"[1837, 1833, 1828, 1935, 1863]"
4237,"[1077, 408, 1053, 1035, 150]"
4238,"[230, 1704, 261, 1705, 898]"
4239,"[261, 240, 262, 239, 233]"
4240,"[933, 1495, 1193, 164, 1704]"
4241,"[1047, 1421, 523, 1919, 1549]"
4242,"[259, 1317, 224, 1776, 1757]"
4243,"[408, 222, 1715, 1055, 406]"
4244,"[862, 1038, 368, 405, 1930]"
4245,"[1929, 1030, 1697, 1696, 1705]"
4246,"[259, 1636, 1273, 447, 1875]"
4247,"[1055, 980, 902, 403, 1666]"
4248,"[1055, 211, 1049, 982, 1061]"
4249,"[1055, 1009, 1013, 253, 262]"
4250,"[1836, 1873, 271, 1811, 1815]"
4251,"[211, 259, 823, 1498, 1249]"
4252,"[985, 1055, 1052, 1742, 1592]"
4253,"[1038, 1030, 441, 823, 1733]"
4254,"[957, 914, 1754, 927, 1316]"
4255,"[1030, 1548, 125, 1906, 1545]"
4256,"[790, 1915, 216, 1029, 406]"
4257,"[1825, 1302, 1704, 1026, 1836]"
4258,"[1935, 1253, 548, 1828, 1833]"
4259,"[1704, 1705, 1904, 1825, 1809]"
4260,"[1757, 1776, 73, 1317, 72]"
4261,"[1915, 1041, 1900, 216, 1026]"
4262,"[159, 937, 938, 919, 1042]"
4263,"[1900, 1902, 327, 1666, 1649]"
4264,"[990, 1649, 1666, 1924, 1756]"
4265,"[885, 543, 1704, 1026, 1705]"
4266,"[159, 937, 1025, 1042, 990]"
4267,"[1649, 677, 1030, 1026, 165]"
4268,"[1900, 1030, 1202, 410, 1704]"
4269,"[1026, 1511, 1030, 1935, 1863]"
4270,"[1612, 1030, 1027, 1915, 1029]"
4271,"[1915, 624, 1030, 1598, 1649]"
4272,"[1495, 1332, 1302, 1026, 564]"
4273,"[903, 1626, 1915, 1030, 1029]"
4274,"[990, 919, 1026, 1756, 1046]"
4275,"[1026, 216, 1917, 455, 1832]"
4276,"[455, 412, 612, 415, 614]"
4277,"[1915, 402, 42, 1026, 1368]"
4278,"[1757, 1776, 282, 73, 1317]"
4279,"[1825, 1704, 1705, 1026, 406]"
4280,"[1933, 1061, 1154, 1026, 1915]"
4281,"[1915, 971, 206, 968, 207]"
4282,"[437, 376, 677, 1855, 1861]"
4283,"[1915, 677, 1026, 728, 1042]"
4284,"[1026, 1042, 1030, 1915, 1014]"
4285,"[1766, 624, 1014, 511, 1302]"
4286,"[885, 1026, 954, 212, 108]"
4287,"[1836, 1873, 1704, 1832, 1705]"
4288,"[1014, 919, 1026, 1666, 286]"
4289,"[1046, 1906, 1055, 1026, 980]"
4290,"[1915, 677, 1026, 1042, 1260]"
4291,"[1705, 1704, 66, 72, 282]"
4292,"[1915, 921, 163, 159, 937]"
4293,"[1828, 1837, 1833, 1077, 1863]"
4294,"[1666, 1649, 1042, 1030, 1930]"
4295,"[1918, 1666, 1705, 911, 1704]"
4296,"[1915, 677, 376, 1042, 1030]"
4297,"[1026, 1757, 1776, 1612, 1762]"
4298,"[1649, 1917, 327, 1666, 408]"
4299,"[616, 327, 1721, 1136, 607]"
4300,"[922, 1828, 1833, 1837, 1935]"
4301,"[616, 485, 1762, 1758, 1705]"
4302,"[1608, 1704, 1705, 612, 43]"
4303,"[777, 783, 1898, 49, 1582]"
4304,"[1704, 1761, 1884, 1705, 1562]"
4305,"[1642, 887, 258, 1721, 718]"
4306,"[409, 1890, 96, 102, 1705]"
4307,"[739, 814, 56, 126, 1299]"
4308,"[1704, 1761, 1705, 692, 1784]"
4309,"[1704, 1924, 478, 1523, 1906]"
4310,"[1607, 1599, 1904, 1316, 18]"
4311,"[1704, 1705, 1192, 697, 691]"
4312,"[1900, 1902, 1917, 408, 455]"
4313,"[1242, 1704, 1760, 1705, 1761]"
4314,"[1567, 1784, 466, 688, 478]"
4315,"[1773, 1050, 368, 202, 856]"
4316,"[1704, 1705, 1600, 1063, 1442]"
4317,"[1129, 478, 1077, 1924, 396]"
4318,"[1705, 1761, 1760, 1884, 1825]"
4319,"[1705, 1900, 1902, 1704, 408]"
4320,"[900, 1249, 783, 1906, 1924]"
4321,"[440, 692, 777, 455, 783]"
4322,"[445, 89, 455, 1676, 887]"
4323,"[1760, 463, 455, 1307, 462]"
4324,"[1157, 1030, 369, 1148, 1603]"
4325,"[335, 806, 1721, 887, 258]"
4326,"[1704, 1705, 1761, 258, 673]"
4327,"[1924, 1611, 1705, 1704, 121]"
4328,"[1924, 885, 1696, 1697, 1699]"
4329,"[1929, 1705, 1704, 1442, 1890]"
4330,"[461, 102, 1722, 1562, 458]"
4331,"[1937, 1924, 1705, 1523, 478]"
4332,"[279, 277, 274, 1016, 275]"
4333,"[1050, 657, 1888, 1887, 1599]"
4334,"[1704, 692, 1705, 1760, 455]"
4335,"[1884, 1760, 1562, 869, 880]"
4336,"[1906, 1924, 1704, 1705, 926]"
4337,"[1147, 1035, 1064, 1721, 1788]"
4338,"[1721, 258, 1544, 1249, 1908]"
4339,"[1773, 1063, 739, 496, 1924]"
4340,"[1704, 679, 1705, 1442, 1063]"
4341,"[1056, 250, 996, 1040, 1130]"
4342,"[885, 1581, 1599, 1915, 258]"
4343,"[333, 319, 1695, 528, 1507]"
4344,"[1896, 1599, 585, 586, 577]"
4345,"[1828, 1833, 1837, 1935, 1936]"
4346,"[333, 1639, 46, 128, 1437]"
4347,"[688, 376, 1705, 677, 1704]"
4348,"[1704, 1705, 126, 794, 46]"
4349,"[1462, 52, 1752, 1705, 1704]"
4350,"[1902, 408, 1900, 1917, 114]"
4351,"[320, 89, 612, 455, 125]"
4352,"[1155, 89, 1894, 290, 1824]"
4353,"[1700, 1902, 1704, 1705, 925]"
4354,"[1246, 1705, 1704, 1772, 126]"
4355,"[171, 165, 1676, 89, 113]"
4356,"[1016, 275, 377, 447, 1273]"
4357,"[629, 1100, 1745, 1155, 470]"
4358,"[98, 749, 793, 658, 455]"
4359,"[1746, 98, 97, 96, 102]"
4360,"[658, 102, 1192, 98, 96]"
4361,"[658, 281, 350, 629, 1155]"
4362,"[1775, 1769, 277, 281, 1017]"
4363,"[281, 1615, 665, 1559, 1586]"
4364,"[1705, 1704, 1924, 1481, 583]"
4365,"[1788, 281, 665, 1603, 1787]"
4366,"[1313, 102, 1746, 98, 793]"
4367,"[272, 171, 273, 291, 1016]"
4368,"[1313, 665, 102, 98, 1746]"
4369,"[1902, 1700, 171, 1704, 1705]"
4370,"[296, 1030, 1915, 618, 1711]"
4371,"[1902, 98, 663, 637, 656]"
4372,"[1199, 102, 98, 793, 1541]"
4373,"[1201, 98, 1746, 96, 97]"
4374,"[1770, 658, 102, 749, 629]"
4375,"[688, 1746, 1560, 677, 1313]"
4376,"[1696, 1676, 116, 273, 1610]"
4377,"[1633, 53, 868, 1617, 1618]"
4378,"[1704, 1614, 291, 1705, 43]"
4379,"[658, 665, 875, 1889, 102]"
4380,"[1649, 1024, 1911, 281, 1675]"
4381,"[409, 102, 1746, 665, 171]"
4382,"[1411, 927, 1863, 441, 1935]"
4383,"[665, 1704, 1705, 1826, 1670]"
4384,"[1733, 1519, 636, 1523, 1489]"
4385,"[1145, 333, 1130, 1697, 1639]"
4386,"[333, 707, 334, 1434, 528]"
4387,"[314, 865, 863, 1747, 118]"
4388,"[7, 9, 802, 6, 1246]"
4389,"[863, 1747, 865, 314, 59]"
4390,"[314, 863, 1747, 865, 1693]"
4391,"[1923, 1747, 863, 865, 314]"
4392,"[637, 654, 656, 663, 638]"
4393,"[1923, 863, 1747, 865, 118]"
4394,"[284, 265, 720, 967, 1154]"
4395,"[314, 1434, 333, 528, 1507]"
4396,"[314, 863, 1747, 865, 118]"
4397,"[865, 1747, 863, 1923, 118]"
4398,"[865, 1747, 59, 863, 118]"
4399,"[98, 452, 171, 96, 97]"
4400,"[1923, 314, 118, 7, 1115]"
4401,"[314, 1923, 528, 1507, 1695]"
4402,"[1747, 863, 865, 1598, 1608]"
4403,"[1746, 121, 97, 1887, 1541]"
4404,"[1747, 865, 863, 118, 59]"
4405,"[865, 1747, 863, 314, 118]"
4406,"[1747, 863, 865, 314, 59]"
4407,"[1923, 314, 118, 864, 1058]"
4408,"[863, 865, 1747, 1923, 1808]"
4409,"[314, 1747, 865, 863, 118]"
4410,"[1923, 1747, 863, 865, 796]"
4411,"[1117, 1900, 314, 422, 1902]"
4412,"[1923, 1791, 1792, 1789, 1790]"
4413,"[59, 865, 1747, 863, 314]"
4414,"[314, 865, 1923, 863, 1747]"
4415,"[349, 926, 114, 1032, 284]"
4416,"[1923, 118, 314, 864, 865]"
4417,"[1747, 863, 865, 314, 59]"
4418,"[314, 865, 1747, 863, 118]"
4419,"[314, 865, 1747, 863, 1923]"
4420,"[314, 865, 1747, 863, 118]"
4421,"[1900, 1863, 1935, 927, 1828]"
4422,"[863, 865, 1747, 314, 59]"
4423,"[1747, 865, 863, 1923, 118]"
4424,"[865, 1747, 863, 59, 118]"
4425,"[865, 314, 1747, 863, 118]"
4426,"[314, 1115, 1028, 313, 1742]"
4427,"[314, 1923, 865, 1747, 863]"
4428,"[1923, 865, 863, 1747, 314]"
4429,"[1923, 1705, 1704, 781, 1239]"
4430,"[1915, 927, 1863, 314, 1935]"
4431,"[1922, 1897, 1586, 1567, 1924]"
4432,"[1157, 678, 455, 1899, 688]"
4433,"[1896, 1705, 1117, 1760, 1749]"
4434,"[321, 1896, 1705, 1704, 1924]"
4435,"[1922, 1897, 1705, 1704, 89]"
4436,"[455, 16, 1567, 1157, 124]"
4437,"[1704, 1705, 1567, 114, 1884]"
4438,"[455, 1191, 1567, 1705, 16]"
4439,"[926, 869, 882, 877, 124]"
4440,"[1705, 1807, 1704, 1191, 1567]"
4441,"[1924, 478, 919, 1884, 1025]"
4442,"[535, 1567, 1697, 16, 114]"
4443,"[1748, 114, 868, 926, 1900]"
4444,"[1704, 1807, 1705, 1191, 1567]"
4445,"[535, 1760, 1567, 1705, 1761]"
4446,"[1726, 1191, 1567, 1697, 16]"
4447,"[455, 1704, 1705, 1191, 1523]"
4448,"[291, 1064, 1277, 454, 1705]"
4449,"[16, 1567, 1040, 1704, 1705]"
4450,"[926, 1618, 1567, 1705, 1760]"
4451,"[455, 1704, 1567, 1705, 1112]"
4452,"[1567, 1615, 321, 1586, 1896]"
4453,"[455, 16, 1191, 1567, 216]"
4454,"[1618, 862, 1567, 1697, 1696]"
4455,"[1611, 1567, 16, 114, 1697]"
4456,"[1897, 1567, 1906, 1896, 1588]"
4457,"[1041, 1899, 1922, 1897, 455]"
4458,"[1772, 1611, 1567, 1192, 114]"
4459,"[1040, 375, 1929, 535, 1567]"
4460,"[1071, 1191, 102, 409, 96]"
4461,"[390, 1726, 1191, 1567, 1534]"
4462,"[1769, 1567, 114, 455, 1880]"
4463,"[1704, 1705, 16, 1567, 114]"
4464,"[455, 1192, 1906, 1705, 1896]"
4465,"[1896, 1586, 1556, 1567, 1588]"
4466,"[125, 1899, 1726, 1191, 1567]"
4467,"[1705, 1704, 1072, 1880, 1567]"
4468,"[1924, 455, 1676, 89, 114]"
4469,"[1192, 1567, 1704, 1705, 16]"
4470,"[1526, 1899, 1910, 419, 1191]"
4471,"[1896, 124, 1627, 175, 163]"
4472,"[464, 1307, 1637, 1899, 1299]"
4473,"[888, 1567, 1495, 16, 114]"
4474,"[1762, 1758, 1906, 1567, 1255]"
4475,"[862, 1896, 1613, 455, 1894]"
4476,"[372, 1670, 768, 511, 373]"
4477,"[455, 1896, 1704, 901, 1567]"
4478,"[368, 455, 1157, 1896, 1607]"
4479,"[1607, 1608, 1704, 1705, 1517]"
4480,"[368, 1157, 455, 1567, 1063]"
4481,"[511, 1704, 1490, 1705, 1511]"
4482,"[1704, 1705, 1567, 1922, 1897]"
4483,"[1613, 455, 862, 1896, 1904]"
4484,"[1705, 1761, 1704, 1760, 1904]"
4485,"[1192, 372, 1613, 1535, 1733]"
4486,"[1762, 1758, 1192, 1567, 1611]"
4487,"[1824, 1870, 1704, 1705, 1874]"
4488,"[372, 1894, 1613, 1704, 1607]"
4489,"[1705, 1063, 1760, 1761, 1618]"
4490,"[1072, 1760, 1705, 1761, 1704]"
4491,"[1904, 1760, 677, 1758, 1775]"
4492,"[1607, 1608, 1259, 1253, 1256]"
4493,"[1896, 1517, 1618, 1607, 1608]"
4494,"[1072, 1620, 1615, 1607, 1704]"
4495,"[1613, 1704, 1530, 1705, 1542]"
4496,"[1607, 1924, 89, 125, 455]"
4497,"[368, 1924, 446, 421, 1675]"
4498,"[1907, 1705, 1761, 1760, 1704]"
4499,"[862, 368, 1896, 455, 1613]"
4500,"[368, 372, 1253, 1072, 1125]"
4501,"[1249, 1704, 1705, 480, 926]"
4502,"[1705, 1704, 1067, 339, 60]"
4503,"[1157, 1607, 1567, 1896, 1608]"
4504,"[594, 1513, 542, 595, 927]"
4505,"[1604, 1607, 1705, 903, 1793]"
4506,"[1896, 1192, 1567, 1922, 1897]"
4507,"[677, 372, 1705, 1067, 1704]"
4508,"[1065, 136, 904, 872, 895]"
4509,"[1157, 1721, 1035, 1072, 372]"
4510,"[1896, 1157, 1607, 1613, 1904]"
4511,"[1613, 1894, 1530, 1542, 216]"
4512,"[368, 1202, 410, 1192, 455]"
4513,"[1604, 89, 1592, 1567, 1602]"
4514,"[368, 372, 455, 1613, 1896]"
4515,"[1607, 372, 1517, 368, 1704]"
4516,"[677, 1899, 1924, 1775, 1704]"
4517,"[1613, 1072, 108, 372, 1615]"
4518,"[677, 1567, 455, 1896, 1705]"
4519,"[1065, 287, 1058, 1284, 411]"
4520,"[443, 1787, 114, 1603, 1786]"
4521,"[445, 807, 125, 263, 89]"
4522,"[1929, 1641, 1517, 57, 54]"
4523,"[618, 1121, 89, 1676, 125]"
4524,"[207, 969, 968, 973, 970]"
4525,"[207, 969, 968, 209, 970]"
4526,"[1828, 1837, 1833, 1863, 927]"
4527,"[207, 969, 955, 970, 973]"
4528,"[1459, 1924, 1377, 558, 1063]"
4529,"[1878, 1707, 1708, 73, 7]"
4530,"[1155, 1121, 992, 1586, 1615]"
4531,"[1880, 1459, 1704, 828, 1705]"
4532,"[969, 973, 1705, 110, 455]"
4533,"[933, 1838, 1840, 1839, 1841]"
4534,"[649, 835, 256, 906, 269]"
4535,"[1878, 1707, 1459, 558, 1705]"
4536,"[641, 1697, 644, 1459, 1696]"
4537,"[1704, 1705, 1762, 1924, 1600]"
4538,"[805, 807, 128, 474, 693]"
4539,"[1613, 969, 207, 341, 970]"
4540,"[1586, 1615, 285, 250, 1088]"
4541,"[999, 358, 306, 216, 1001]"
4542,"[120, 918, 28, 901, 969]"
4543,"[739, 692, 1792, 1793, 125]"
4544,"[1288, 7, 304, 1787, 1788]"
4545,"[969, 208, 968, 970, 973]"
4546,"[1109, 1283, 250, 700, 1155]"
4547,"[1792, 443, 1789, 1788, 1793]"
4548,"[1863, 1828, 1837, 1935, 621]"
4549,"[207, 969, 974, 970, 973]"
4550,"[692, 1704, 1581, 443, 1705]"
4551,"[1878, 1707, 285, 269, 1088]"
4552,"[116, 1770, 625, 613, 1884]"
4553,"[269, 999, 848, 223, 1403]"
4554,"[263, 1121, 271, 1610, 1205]"
4555,"[1201, 1118, 452, 1462, 1697]"
4556,"[1787, 349, 1788, 269, 358]"
4557,"[277, 139, 921, 212, 1191]"
4558,"[969, 1159, 1697, 1696, 612]"
4559,"[444, 1915, 402, 216, 1459]"
4560,"[1121, 1022, 1900, 1917, 374]"
4561,"[1157, 1607, 1123, 969, 1608]"
4562,"[374, 87, 1121, 1296, 1760]"
4563,"[443, 1656, 1704, 1705, 605]"
4564,"[1902, 1900, 408, 1917, 114]"
4565,"[1704, 1906, 1249, 1705, 823]"
4566,"[1071, 1807, 452, 1300, 89]"
4567,"[1915, 596, 598, 600, 574]"
4568,"[1900, 1917, 1561, 868, 1560]"
4569,"[1705, 1704, 1762, 1758, 95]"
4570,"[1523, 1558, 341, 1529, 164]"
4571,"[1929, 1592, 1890, 1928, 408]"
4572,"[1252, 1302, 1704, 1705, 1253]"
4573,"[1080, 438, 1636, 433, 1263]"
4574,"[478, 1924, 1030, 1906, 926]"
4575,"[1077, 1048, 1051, 116, 935]"
4576,"[28, 719, 1640, 1692, 605]"
4577,"[692, 116, 408, 216, 455]"
4578,"[1900, 1917, 1915, 1543, 1676]"
4579,"[1627, 43, 102, 921, 1121]"
4580,"[427, 440, 480, 1540, 1579]"
4581,"[1529, 1588, 1527, 1526, 1519]"
4582,"[1900, 1543, 1752, 1704, 1705]"
4583,"[428, 371, 1762, 1148, 1758]"
4584,"[1924, 485, 1307, 618, 1060]"
4585,"[1536, 1495, 1875, 1704, 1705]"
4586,"[102, 98, 409, 97, 96]"
4587,"[98, 409, 102, 1746, 97]"
4588,"[1302, 1825, 1705, 1704, 1836]"
4589,"[409, 1906, 1825, 1746, 102]"
4590,"[106, 1607, 1894, 1914, 1762]"
4591,"[1549, 1861, 1855, 1540, 1846]"
4592,"[1915, 1705, 1704, 286, 1637]"
4593,"[478, 1072, 396, 607, 1704]"
4594,"[1906, 1116, 1611, 1610, 306]"
4595,"[1900, 455, 1917, 1902, 408]"
4596,"[478, 455, 1704, 1705, 1761]"
4597,"[1915, 1899, 1627, 1905, 1527]"
4598,"[1607, 1896, 1157, 1608, 1192]"
4599,"[1924, 1922, 1897, 1705, 677]"
4600,"[1906, 1931, 1926, 403, 1202]"
4601,"[1924, 765, 1548, 1607, 1289]"
4602,"[1915, 1917, 216, 485, 116]"
4603,"[1915, 1746, 409, 102, 97]"
4604,"[95, 1612, 1615, 1762, 1574]"
4605,"[1704, 1765, 1777, 1705, 1809]"
4606,"[1899, 1922, 1897, 1900, 96]"
4607,"[1704, 1705, 1915, 60, 1677]"
4608,"[1636, 438, 1807, 1522, 1279]"
4609,"[1269, 1807, 1079, 1086, 1936]"
4610,"[1825, 1832, 1279, 1924, 1704]"
4611,"[1279, 1746, 1822, 1839, 1838]"
4612,"[1385, 702, 338, 1160, 1666]"
4613,"[1915, 1807, 455, 1936, 116]"
4614,"[1279, 293, 1807, 1081, 1099]"
4615,"[1928, 1906, 1279, 432, 1528]"
4616,"[1607, 1704, 1705, 432, 480]"
4617,"[116, 89, 1928, 455, 1936]"
4618,"[1705, 1704, 1191, 624, 1899]"
4619,"[904, 98, 1915, 772, 1279]"
4620,"[1199, 1828, 1837, 1482, 1476]"
4621,"[408, 1607, 1659, 1807, 116]"
4622,"[1936, 1279, 1295, 1277, 1086]"
4623,"[1915, 326, 1076, 1102, 1677]"
4624,"[1936, 433, 1279, 448, 782]"
4625,"[1279, 1104, 1269, 1928, 1129]"
4626,"[1279, 1915, 1603, 1788, 1787]"
4627,"[1915, 1792, 1790, 1789, 1791]"
4628,"[1279, 1807, 1277, 1557, 1705]"
4629,"[1279, 1915, 1936, 1277, 216]"
4630,"[1202, 410, 1726, 1906, 1636]"
4631,"[1522, 1742, 73, 1807, 1564]"
4632,"[66, 1788, 862, 1790, 606]"
4633,"[1915, 1279, 1705, 1704, 60]"
4634,"[1792, 1790, 1789, 1757, 1776]"
4635,"[1915, 1169, 1279, 1603, 862]"
4636,"[1928, 1178, 1807, 432, 1906]"
4637,"[1900, 1752, 1902, 95, 1917]"
4638,"[1936, 1279, 1295, 1277, 1086]"
4639,"[1279, 777, 783, 1705, 1924]"
4640,"[1197, 1807, 935, 1915, 1183]"
4641,"[1915, 1807, 1704, 1936, 1924]"
4642,"[1705, 1412, 502, 1494, 1438]"
4643,"[1279, 434, 1807, 1687, 1264]"
4644,"[1936, 1277, 1086, 89, 125]"
4645,"[1677, 1673, 892, 1676, 1674]"
4646,"[1750, 1279, 1247, 412, 411]"
4647,"[1279, 1607, 1608, 89, 1676]"
4648,"[1279, 432, 510, 1705, 1906]"
4649,"[1915, 1279, 1788, 1603, 862]"
4650,"[1807, 1742, 1795, 1543, 1534]"
4651,"[1313, 46, 1746, 97, 96]"
4652,"[474, 1674, 1119, 60, 866]"
4653,"[69, 1915, 1748, 1269, 618]"
4654,"[1902, 1552, 1900, 1917, 455]"
4655,"[1915, 1828, 1833, 1837, 1863]"
4656,"[443, 1269, 46, 632, 1639]"
4657,"[1900, 1543, 1705, 98, 1541]"
4658,"[1552, 1313, 1541, 98, 1543]"
4659,"[618, 1077, 69, 1269, 1041]"
4660,"[242, 1751, 423, 1244, 628]"
4661,"[568, 563, 564, 562, 677]"
4662,"[575, 1485, 1490, 1468, 514]"
4663,"[90, 1828, 1833, 1863, 398]"
4664,"[1055, 866, 46, 925, 632]"
4665,"[46, 922, 909, 1313, 1269]"
4666,"[1599, 1586, 1196, 1615, 1262]"
4667,"[46, 402, 1269, 1889, 4]"
4668,"[1878, 1707, 360, 1039, 1811]"
4669,"[1902, 1828, 1837, 1833, 1863]"
4670,"[1772, 441, 361, 277, 1269]"
4671,"[46, 1522, 1201, 258, 632]"
4672,"[1704, 1796, 1705, 748, 844]"
4673,"[868, 1748, 417, 171, 1915]"
4674,"[376, 677, 441, 1651, 1269]"
4675,"[1915, 478, 1924, 1269, 1811]"
4676,"[468, 734, 1705, 1704, 1607]"
4677,"[514, 282, 903, 624, 610]"
4678,"[1320, 1700, 420, 1540, 60]"
4679,"[692, 926, 610, 416, 1894]"
4680,"[1836, 1873, 1828, 1837, 1833]"
4681,"[7, 1063, 1568, 1187, 128]"
4682,"[734, 1753, 726, 727, 1650]"
4683,"[1607, 1896, 1157, 1608, 1517]"
4684,"[722, 844, 748, 1681, 740]"
4685,"[1050, 46, 258, 900, 1704]"
4686,"[342, 1176, 1473, 209, 2]"
4687,"[452, 1705, 1704, 1300, 1873]"
4688,"[1900, 1915, 1543, 1638, 1704]"
4689,"[1313, 1269, 530, 1704, 1705]"
4690,"[878, 1915, 1924, 98, 1748]"
4691,"[307, 1157, 1100, 91, 485]"
4692,"[1649, 1343, 1611, 566, 564]"
4693,"[1900, 443, 1269, 1543, 1638]"
4694,"[90, 928, 398, 1290, 1863]"
4695,"[468, 1764, 1704, 1761, 1705]"
4696,"[341, 440, 1179, 1124, 739]"
4697,"[514, 1710, 1287, 828, 82]"
4698,"[1895, 927, 1863, 828, 1935]"
4699,"[1704, 1630, 1705, 160, 1761]"
4700,"[1015, 828, 1895, 1570, 1877]"
4701,"[484, 1902, 618, 1900, 1895]"
4702,"[1922, 1897, 921, 1526, 89]"
4703,"[397, 276, 1179, 1704, 1705]"
4704,"[368, 455, 346, 862, 688]"
4705,"[1249, 1632, 125, 89, 1905]"
4706,"[828, 468, 1756, 58, 57]"
4707,"[1772, 1833, 1828, 1837, 430]"
4708,"[1704, 677, 1705, 1785, 1756]"
4709,"[688, 1915, 1192, 677, 1704]"
4710,"[1030, 1029, 1028, 1825, 1929]"
4711,"[45, 1246, 1099, 1675, 605]"
4712,"[441, 1570, 884, 631, 1637]"
4713,"[1922, 1897, 364, 527, 216]"
4714,"[1246, 1708, 216, 1915, 876]"
4715,"[379, 1705, 1704, 734, 1759]"
4716,"[368, 455, 1100, 307, 216]"
4717,"[1306, 28, 1570, 1915, 73]"
4718,"[441, 1764, 1759, 442, 1307]"
4719,"[1119, 1772, 1246, 1662, 868]"
4720,"[73, 527, 1213, 523, 1440]"
4721,"[1785, 107, 1317, 224, 105]"
4722,"[326, 1905, 1627, 1527, 1544]"
4723,"[73, 927, 1261, 604, 1258]"
4724,"[441, 927, 1935, 828, 1936]"
4725,"[1895, 82, 1863, 1935, 1929]"
4726,"[1170, 621, 1681, 401, 832]"
4727,"[1157, 1192, 95, 1033, 93]"
4728,"[1488, 787, 1908, 1544, 1705]"
4729,"[903, 73, 468, 1704, 1705]"
4730,"[1526, 164, 1922, 1897, 1044]"
4731,"[468, 1756, 1681, 903, 480]"
4732,"[82, 1863, 927, 1703, 828]"
4733,"[594, 1513, 441, 542, 1651]"
4734,"[1210, 927, 1213, 1403, 1828]"
4735,"[368, 125, 455, 89, 612]"
4736,"[1570, 90, 398, 89, 1863]"
4737,"[1592, 1896, 1929, 82, 454]"
4738,"[430, 1260, 1256, 927, 1705]"
4739,"[478, 1924, 919, 159, 937]"
4740,"[1772, 1921, 381, 688, 1924]"
4741,"[1915, 1863, 1935, 927, 1828]"
4742,"[408, 1902, 1216, 1415, 1355]"
4743,"[478, 1710, 1297, 1897, 1922]"
4744,"[116, 455, 408, 216, 1705]"
4745,"[296, 478, 1704, 1924, 1705]"
4746,"[1900, 1915, 1902, 116, 99]"
4747,"[116, 1902, 1900, 478, 1297]"
4748,"[938, 919, 309, 1884, 1924]"
4749,"[478, 1884, 1197, 1704, 1924]"
4750,"[1704, 1705, 478, 1924, 1192]"
4751,"[478, 1924, 1297, 1705, 1704]"
4752,"[1889, 1025, 159, 937, 1884]"
4753,"[1704, 1705, 1884, 464, 501]"
4754,"[116, 1884, 1917, 455, 408]"
4755,"[478, 1924, 919, 1884, 937]"
4756,"[1705, 1924, 1192, 478, 1704]"
4757,"[116, 478, 1924, 1705, 868]"
4758,"[455, 783, 116, 1614, 1610]"
4759,"[1902, 478, 1924, 1704, 1705]"
4760,"[1704, 901, 1705, 1835, 1872]"
4761,"[478, 1924, 919, 125, 1296]"
4762,"[116, 455, 1884, 919, 1792]"
4763,"[116, 1915, 1025, 1558, 159]"
4764,"[478, 1924, 1704, 1897, 1922]"
4765,"[478, 1924, 1915, 1705, 1552]"
4766,"[116, 1924, 1884, 455, 408]"
4767,"[114, 1924, 1742, 1884, 1564]"
4768,"[1705, 1704, 478, 1924, 1314]"
4769,"[1434, 478, 1924, 1897, 1922]"
4770,"[114, 116, 1924, 1792, 1521]"
4771,"[1014, 1924, 51, 847, 1675]"
4772,"[1246, 1884, 455, 786, 1910]"
4773,"[919, 175, 1025, 89, 159]"
4774,"[1924, 1113, 329, 126, 1067]"
4775,"[1884, 462, 257, 1605, 1724]"
4776,"[455, 1924, 137, 1884, 1922]"
4777,"[1917, 116, 1792, 216, 446]"
4778,"[1246, 1884, 1924, 466, 462]"
4779,"[478, 1924, 1704, 1705, 1863]"
4780,"[1902, 1705, 1704, 478, 114]"
4781,"[440, 1936, 116, 89, 1297]"
4782,"[1915, 1704, 1884, 1705, 1758]"
4783,"[58, 1792, 1915, 116, 361]"
4784,"[1900, 1705, 1543, 1704, 1773]"
4785,"[371, 1637, 692, 446, 319]"
4786,"[1772, 441, 1705, 1704, 1760]"
4787,"[691, 361, 1793, 1705, 1704]"
4788,"[1922, 1897, 116, 89, 1192]"
4789,"[478, 1924, 1704, 1297, 1705]"
4790,"[361, 818, 1762, 807, 1249]"
4791,"[1884, 462, 116, 446, 1038]"
4792,"[361, 446, 1762, 818, 1461]"
4793,"[1900, 114, 1543, 571, 568]"
4794,"[116, 377, 1875, 868, 1043]"
4795,"[290, 1675, 1699, 165, 89]"
4796,"[1163, 1599, 1750, 1605, 1121]"
4797,"[379, 1067, 116, 1724, 60]"
4798,"[1157, 116, 455, 1896, 1704]"
4799,"[1461, 446, 1762, 818, 1611]"
4800,"[1192, 1704, 1761, 89, 1705]"
4801,"[371, 1405, 380, 1705, 446]"
4802,"[1915, 446, 381, 1038, 1884]"
4803,"[1599, 18, 1277, 1900, 1904]"
4804,"[1297, 1461, 1662, 583, 507]"
4805,"[1192, 1705, 1712, 691, 1704]"
4806,"[1038, 361, 1189, 371, 380]"
4807,"[1246, 1894, 1313, 492, 1608]"
4808,"[1011, 1784, 1705, 1704, 1192]"
4809,"[938, 919, 1910, 1907, 1884]"
4810,"[1705, 1704, 1924, 1192, 413]"
4811,"[1884, 116, 446, 1792, 1793]"
4812,"[1915, 383, 692, 624, 455]"
4813,"[1772, 1884, 1246, 446, 1038]"
4814,"[97, 96, 98, 1297, 361]"
4815,"[1192, 114, 89, 7, 1040]"
4816,"[1461, 361, 1307, 446, 818]"
4817,"[445, 1924, 274, 1544, 1434]"
4818,"[1878, 1707, 1615, 1586, 1088]"
4819,"[661, 1705, 1704, 1760, 1762]"
4820,"[97, 96, 1613, 1922, 1897]"
4821,"[1246, 1192, 1599, 1904, 1316]"
4822,"[478, 1924, 1705, 1704, 216]"
4823,"[1705, 1704, 1773, 1192, 1314]"
4824,"[361, 1307, 1772, 818, 446]"
4825,"[1772, 1640, 128, 137, 1704]"
4826,"[1705, 1704, 628, 460, 1461]"
4827,"[1071, 365, 322, 1704, 1705]"
4828,"[1758, 292, 1617, 1762, 1761]"
4829,"[926, 1705, 677, 1704, 1249]"
4830,"[926, 288, 265, 114, 408]"
4831,"[1906, 410, 1202, 1928, 599]"
4832,"[1915, 1202, 410, 331, 510]"
4833,"[511, 1704, 1705, 164, 1193]"
4834,"[937, 1617, 159, 163, 164]"
4835,"[1758, 292, 1762, 1761, 1760]"
4836,"[1915, 1902, 1704, 1705, 1615]"
4837,"[1071, 1705, 1704, 1249, 1885]"
4838,"[408, 124, 1249, 1588, 331]"
4839,"[1705, 835, 1704, 1733, 1249]"
4840,"[1915, 510, 1705, 1636, 1202]"
4841,"[1915, 1704, 1705, 1620, 478]"
4842,"[1561, 1748, 1202, 410, 868]"
4843,"[96, 97, 102, 441, 124]"
4844,"[1617, 292, 1758, 1296, 1125]"
4845,"[926, 1617, 937, 922, 924]"
4846,"[1034, 862, 289, 1603, 455]"
4847,"[926, 935, 1917, 735, 938]"
4848,"[1902, 1030, 1705, 1704, 1915]"
4849,"[1906, 1924, 1034, 938, 925]"
4850,"[1915, 1030, 1193, 408, 455]"
4851,"[1915, 175, 1649, 924, 165]"
4852,"[1915, 216, 614, 1202, 410]"
4853,"[1277, 125, 1825, 331, 1875]"
4854,"[1902, 1900, 1618, 455, 408]"
4855,"[1674, 460, 1627, 1550, 164]"
4856,"[292, 1618, 926, 1704, 1705]"
4857,"[937, 165, 1618, 89, 159]"
4858,"[1761, 1760, 1762, 1758, 980]"
4859,"[1071, 1558, 1550, 900, 926]"
4860,"[204, 1613, 357, 1558, 1037]"
4861,"[1915, 359, 1904, 1193, 1207]"
4862,"[1618, 1761, 1762, 1760, 1758]"
4863,"[1915, 1924, 1014, 1906, 1080]"
4864,"[1916, 1906, 1825, 885, 934]"
4865,"[926, 1704, 1832, 1915, 1705]"
4866,"[1915, 408, 397, 322, 365]"
4867,"[1618, 937, 926, 1620, 216]"
4868,"[1927, 926, 1924, 921, 164]"
4869,"[1915, 1902, 1704, 1705, 1612]"
4870,"[1915, 926, 1618, 900, 175]"
4871,"[120, 739, 1165, 1549, 1551]"
4872,"[785, 825, 739, 829, 837]"
4873,"[825, 1549, 408, 1551, 739]"
4874,"[1022, 120, 826, 1686, 636]"
4875,"[1923, 1035, 408, 1077, 1924]"
4876,"[438, 1636, 1637, 1080, 825]"
4877,"[120, 804, 1125, 274, 803]"
4878,"[992, 825, 1636, 1924, 1549]"
4879,"[807, 794, 1313, 529, 4]"
4880,"[1875, 1752, 903, 1292, 815]"
4881,"[120, 636, 1095, 1634, 1686]"
4882,"[120, 1634, 218, 65, 781]"
4883,"[408, 1549, 1551, 1762, 216]"
4884,"[75, 1607, 1705, 1704, 1826]"
4885,"[408, 1705, 1704, 216, 1733]"
4886,"[1924, 1611, 165, 679, 1549]"
4887,"[1116, 1001, 1191, 1549, 825]"
4888,"[468, 815, 1875, 1292, 447]"
4889,"[739, 618, 1549, 1551, 1001]"
4890,"[120, 781, 790, 1634, 868]"
4891,"[772, 1924, 739, 1549, 1762]"
4892,"[120, 1338, 1406, 1733, 1634]"
4893,"[120, 781, 1634, 218, 65]"
4894,"[120, 927, 1634, 65, 218]"
4895,"[368, 825, 1001, 455, 1567]"
4896,"[120, 781, 216, 1634, 218]"
4897,"[790, 1314, 1406, 1900, 1638]"
4898,"[120, 903, 116, 125, 1634]"
4899,"[1161, 739, 1191, 1549, 1551]"
4900,"[1726, 739, 1001, 1549, 1191]"
4901,"[815, 1314, 455, 89, 612]"
4902,"[1792, 1549, 1899, 1924, 1733]"
4903,"[1119, 1726, 1549, 1191, 1273]"
4904,"[408, 1191, 1705, 1549, 1704]"
4905,"[1600, 825, 1549, 89, 1001]"
4906,"[7, 804, 618, 1569, 1011]"
4907,"[815, 47, 739, 1924, 368]"
4908,"[815, 1573, 1924, 688, 692]"
4909,"[618, 443, 98, 1549, 739]"
4910,"[1600, 1705, 455, 1704, 1826]"
4911,"[1119, 1674, 1116, 290, 1561]"
4912,"[1793, 120, 1792, 618, 455]"
4913,"[1117, 1119, 314, 1116, 1704]"
4914,"[1161, 1191, 1549, 739, 1551]"
4915,"[1030, 1141, 335, 89, 1068]"
4916,"[408, 1924, 114, 1705, 1704]"
4917,"[1074, 1030, 1531, 1257, 455]"
4918,"[1620, 1068, 164, 1193, 1705]"
4919,"[1620, 1666, 1704, 1705, 425]"
4920,"[1071, 868, 1705, 1704, 505]"
4921,"[938, 164, 1042, 165, 163]"
4922,"[74, 1705, 1704, 1826, 1723]"
4923,"[113, 1612, 1620, 89, 1676]"
4924,"[1495, 1825, 398, 90, 1863]"
4925,"[1705, 1257, 1531, 1898, 1380]"
4926,"[98, 688, 376, 677, 1659]"
4927,"[1612, 356, 1903, 1705, 1762]"
4928,"[74, 1490, 1320, 1705, 1704]"
4929,"[1034, 164, 823, 1861, 937]"
4930,"[1836, 1873, 1705, 1704, 1832]"
4931,"[1405, 1411, 1437, 1479, 1193]"
4932,"[1901, 1705, 1704, 1197, 1626]"
4933,"[933, 165, 924, 925, 931]"
4934,"[1704, 1705, 1752, 1909, 455]"
4935,"[335, 904, 371, 1705, 1704]"
4936,"[947, 191, 184, 189, 178]"
4937,"[933, 115, 165, 162, 419]"
4938,"[368, 1704, 1705, 455, 514]"
4939,"[1828, 1833, 1837, 1863, 1935]"
4940,"[1030, 1704, 1705, 455, 1752]"
4941,"[1664, 1752, 1704, 1705, 1758]"
4942,"[1511, 1705, 1704, 1490, 480]"
4943,"[1041, 608, 89, 1534, 125]"
4944,"[901, 165, 934, 931, 176]"
4945,"[1620, 1694, 1659, 164, 737]"
4946,"[933, 1704, 1705, 1752, 1074]"
4947,"[455, 1607, 421, 164, 417]"
4948,"[1922, 1897, 1705, 1617, 1192]"
4949,"[406, 419, 1704, 921, 1620]"
4950,"[933, 165, 924, 176, 167]"
4951,"[1705, 1704, 1620, 1752, 216]"
4952,"[1612, 73, 1705, 1626, 1704]"
4953,"[243, 226, 244, 251, 249]"
4954,"[933, 162, 165, 938, 931]"
4955,"[1300, 1825, 1836, 1861, 1704]"
4956,"[1037, 937, 159, 1889, 979]"
4957,"[1612, 1704, 1705, 613, 1752]"
4958,"[395, 1068, 1915, 1030, 1363]"
4959,"[35, 38, 8, 805, 5]"
4960,"[1690, 1126, 125, 1244, 423]"
4961,"[1495, 165, 125, 1041, 1244]"
4962,"[125, 423, 1244, 1612, 902]"
4963,"[98, 663, 637, 656, 653]"
4964,"[677, 493, 90, 398, 1915]"
4965,"[1137, 478, 637, 663, 656]"
4966,"[1705, 1704, 578, 677, 580]"
4967,"[1855, 1135, 677, 1795, 1130]"
4968,"[575, 125, 677, 1244, 571]"
4969,"[1126, 125, 1690, 423, 1244]"
4970,"[1690, 125, 1244, 423, 1704]"
4971,"[1915, 125, 1705, 89, 114]"
4972,"[28, 5, 23, 1704, 1705]"
4973,"[125, 1126, 902, 1612, 423]"
4974,"[1036, 1197, 216, 779, 1063]"
4975,"[125, 1704, 1705, 1690, 423]"
4976,"[423, 1244, 125, 1702, 1126]"
4977,"[376, 677, 1855, 1846, 1733]"
4978,"[1793, 1792, 423, 1244, 1733]"
4979,"[925, 1900, 1704, 423, 1244]"
4980,"[1124, 999, 125, 1344, 423]"
4981,"[322, 902, 125, 365, 423]"
4982,"[125, 423, 1244, 1690, 1705]"
4983,"[125, 423, 1244, 1690, 159]"
4984,"[1766, 1704, 762, 753, 73]"
4985,"[125, 1244, 423, 1612, 1126]"
4986,"[1135, 1795, 677, 1025, 159]"
4987,"[1135, 1130, 1696, 1697, 1795]"
4988,"[365, 1181, 902, 1014, 1675]"
4989,"[125, 1244, 423, 1705, 1690]"
4990,"[1855, 125, 1244, 423, 677]"
4991,"[125, 1244, 423, 1915, 1677]"
4992,"[125, 423, 1244, 1690, 1676]"
4993,"[125, 423, 1244, 1690, 1704]"
4994,"[441, 125, 1573, 1924, 815]"
4995,"[125, 1690, 423, 1244, 1704]"
4996,"[677, 1863, 398, 90, 376]"
4997,"[125, 1244, 423, 1795, 1690]"
4998,"[1828, 1837, 1833, 1935, 1936]"
4999,"[125, 423, 1244, 1752, 1524]"
5000,"[125, 677, 376, 1244, 423]"
5001,"[1748, 125, 868, 423, 1244]"
5002,"[125, 423, 1244, 1612, 902]"
5003,"[1924, 478, 1434, 528, 1507]"
5004,"[1915, 1704, 1705, 478, 165]"
5005,"[1915, 1705, 1704, 865, 1747]"
5006,"[361, 1762, 818, 655, 501]"
5007,"[1924, 478, 1704, 1705, 265]"
5008,"[1902, 1915, 1068, 216, 1552]"
5009,"[1902, 1915, 1753, 1754, 1580]"
5010,"[265, 1385, 341, 926, 1620]"
5011,"[408, 1705, 1704, 116, 1924]"
5012,"[590, 599, 1276, 1863, 677]"
5013,"[926, 341, 265, 1704, 1906]"
5014,"[478, 1924, 1935, 1755, 1863]"
5015,"[1915, 175, 1749, 921, 164]"
5016,"[1924, 478, 1704, 1695, 528]"
5017,"[1924, 478, 1704, 528, 1507]"
5018,"[528, 1560, 1507, 275, 273]"
5019,"[341, 1560, 1561, 453, 1705]"
5020,"[1704, 1705, 1561, 1558, 1550]"
5021,"[528, 1507, 1560, 1761, 1434]"
5022,"[1902, 1704, 455, 1924, 1705]"
5023,"[1761, 1755, 1507, 528, 538]"
5024,"[1027, 265, 926, 171, 1924]"
5025,"[1704, 1705, 478, 1924, 1733]"
5026,"[1924, 478, 1704, 1884, 446]"
5027,"[1704, 1705, 1760, 1762, 1561]"
5028,"[1915, 1924, 290, 528, 1122]"
5029,"[1924, 1935, 1863, 1511, 1828]"
5030,"[65, 933, 1935, 290, 930]"
5031,"[1915, 1789, 1791, 1790, 1792]"
5032,"[1755, 1763, 789, 1753, 1884]"
5033,"[1793, 1434, 1604, 848, 1507]"
5034,"[1561, 1885, 528, 1915, 1507]"
5035,"[1705, 1704, 1755, 1885, 930]"
5036,"[1935, 1705, 927, 1863, 1833]"
5037,"[1705, 1704, 265, 1924, 1249]"
5038,"[1924, 478, 1789, 1790, 1792]"
5039,"[1761, 1695, 1507, 528, 1434]"
5040,"[528, 1507, 538, 526, 1434]"
5041,"[1915, 1296, 333, 677, 528]"
5042,"[341, 333, 1560, 1695, 343]"
5043,"[1915, 1924, 1434, 528, 1507]"
5044,"[1915, 1704, 1924, 478, 1705]"
5045,"[1915, 1924, 922, 528, 1507]"
5046,"[478, 1924, 1755, 624, 1752]"
5047,"[1024, 1798, 1704, 1705, 1434]"
5048,"[1721, 42, 108, 1915, 1368]"
5049,"[1929, 108, 1721, 372, 1592]"
5050,"[1125, 900, 1618, 108, 1024]"
5051,"[1125, 1799, 1781, 1801, 1782]"
5052,"[1782, 1781, 1705, 1491, 1801]"
5053,"[1721, 339, 108, 1724, 80]"
5054,"[1760, 1761, 1411, 1437, 1479]"
5055,"[379, 1098, 1760, 1761, 1762]"
5056,"[1721, 1024, 108, 1704, 1072]"
5057,"[1929, 1592, 108, 1721, 80]"
5058,"[376, 677, 322, 1580, 1299]"
5059,"[1705, 1704, 862, 853, 1873]"
5060,"[857, 1704, 1705, 1929, 1072]"
5061,"[292, 1762, 1758, 1617, 1760]"
5062,"[1617, 1758, 1760, 1761, 1762]"
5063,"[1915, 441, 1875, 216, 494]"
5064,"[1617, 89, 1192, 171, 455]"
5065,"[1617, 292, 1655, 926, 1733]"
5066,"[1760, 1617, 292, 478, 1761]"
5067,"[1617, 1762, 1758, 1761, 1760]"
5068,"[1617, 1760, 1758, 1762, 1555]"
5069,"[292, 1722, 1758, 1617, 1762]"
5070,"[292, 1617, 1760, 1758, 1697]"
5071,"[441, 73, 1099, 300, 1269]"
5072,"[1617, 98, 900, 1906, 1924]"
5073,"[1617, 292, 1615, 1586, 1771]"
5074,"[292, 1722, 1758, 1617, 1761]"
5075,"[1884, 441, 60, 1677, 1890]"
5076,"[1884, 441, 1704, 1677, 1824]"
5077,"[292, 1758, 1762, 1761, 1617]"
5078,"[1722, 1884, 441, 1562, 1656]"
5079,"[292, 1617, 1758, 1722, 1762]"
5080,"[1655, 1704, 1705, 1760, 1603]"
5081,"[135, 1617, 1567, 1762, 1760]"
5082,"[292, 1758, 1762, 1617, 1760]"
5083,"[98, 96, 97, 102, 1555]"
5084,"[1704, 1705, 624, 749, 1924]"
5085,"[1655, 292, 1617, 125, 1924]"
5086,"[1617, 1924, 1705, 1704, 98]"
5087,"[1550, 1884, 124, 1555, 441]"
5088,"[1617, 292, 1762, 1758, 455]"
5089,"[1617, 1760, 1758, 1761, 1762]"
5090,"[98, 1924, 441, 478, 1191]"
5091,"[1705, 1704, 1677, 1884, 1611]"
5092,"[292, 1722, 1617, 1758, 1762]"
5093,"[441, 1675, 982, 1676, 1699]"
5094,"[1617, 1924, 1705, 1704, 98]"
5095,"[1704, 1705, 884, 1620, 926]"
5096,"[1704, 1705, 1536, 926, 1924]"
5097,"[441, 1772, 1878, 1707, 1246]"
5098,"[1617, 1760, 1758, 1762, 292]"
5099,"[1705, 1704, 1697, 125, 1696]"
5100,"[1617, 1758, 1761, 1762, 292]"
5101,"[692, 1722, 1884, 441, 1562]"
5102,"[1617, 1924, 1705, 1704, 98]"
5103,"[1617, 926, 1705, 1704, 1733]"
5104,"[292, 1617, 1760, 1758, 1762]"
5105,"[1904, 102, 409, 1746, 1191]"
5106,"[1567, 124, 1705, 1896, 175]"
5107,"[409, 102, 124, 1746, 126]"
5108,"[1587, 1904, 1025, 409, 102]"
5109,"[124, 1746, 175, 1192, 1523]"
5110,"[1892, 409, 1191, 102, 43]"
5111,"[1071, 409, 321, 124, 1588]"
5112,"[1025, 1905, 409, 102, 159]"
5113,"[409, 460, 102, 43, 1904]"
5114,"[102, 409, 1904, 1746, 1613]"
5115,"[1070, 291, 112, 1705, 113]"
5116,"[409, 102, 1191, 1904, 1746]"
5117,"[1070, 1713, 1531, 112, 113]"
5118,"[409, 97, 96, 1587, 1892]"
5119,"[1705, 1704, 1924, 1550, 1249]"
5120,"[1889, 691, 1896, 439, 1617]"
5121,"[1587, 1627, 1904, 124, 1063]"
5122,"[1567, 409, 460, 96, 97]"
5123,"[1915, 1892, 409, 1191, 102]"
5124,"[102, 409, 1746, 1733, 1191]"
5125,"[1627, 1905, 1587, 1899, 1924]"
5126,"[409, 102, 96, 97, 1746]"
5127,"[409, 102, 460, 126, 1746]"
5128,"[409, 1906, 102, 1904, 1746]"
5129,"[1904, 1924, 1587, 1529, 124]"
5130,"[1713, 1160, 1893, 1626, 1924]"
5131,"[1937, 1553, 1924, 1628, 478]"
5132,"[440, 1931, 447, 455, 1600]"
5133,"[1241, 454, 1705, 456, 418]"
5134,"[1761, 1937, 1760, 1924, 1705]"
5135,"[1705, 1761, 1937, 1760, 1904]"
5136,"[1705, 1924, 1112, 1913, 44]"
5137,"[1761, 1760, 141, 1924, 1937]"
5138,"[125, 89, 921, 409, 113]"
5139,"[1112, 455, 1614, 1071, 89]"
5140,"[1157, 1761, 1607, 1192, 1202]"
5141,"[681, 1199, 1589, 1621, 1629]"
5142,"[1704, 1705, 455, 216, 1915]"
5143,"[1070, 291, 1705, 113, 112]"
5144,"[335, 288, 1029, 455, 1550]"
5145,"[171, 1890, 1887, 1696, 89]"
5146,"[886, 692, 1063, 1776, 1757]"
5147,"[291, 928, 455, 667, 1255]"
5148,"[1705, 1704, 997, 860, 1412]"
5149,"[1761, 291, 1760, 1704, 667]"
5150,"[165, 455, 1733, 16, 402]"
5151,"[682, 91, 1192, 1758, 1147]"
5152,"[1240, 860, 1757, 1776, 1614]"
5153,"[1744, 1757, 1776, 1786, 1796]"
5154,"[468, 1761, 1705, 1704, 1758]"
5155,"[1704, 1705, 1761, 1758, 1760]"
5156,"[1924, 1748, 1913, 868, 421]"
5157,"[1704, 1705, 708, 1677, 1656]"
5158,"[415, 125, 1697, 7, 1696]"
5159,"[89, 455, 1676, 125, 1255]"
5160,"[888, 1761, 1896, 1910, 1606]"
5161,"[291, 46, 667, 1583, 1597]"
5162,"[1712, 1704, 1705, 1656, 1193]"
5163,"[1656, 291, 667, 1193, 590]"
5164,"[1070, 291, 113, 112, 1191]"
5165,"[1704, 1758, 1705, 1760, 1761]"
5166,"[1704, 1611, 216, 1705, 1614]"
5167,"[1070, 291, 113, 112, 890]"
5168,"[1070, 291, 171, 112, 1538]"
5169,"[291, 1070, 112, 113, 1191]"
5170,"[1913, 456, 1242, 1705, 118]"
5171,"[125, 1924, 1636, 113, 89]"
5172,"[1704, 860, 1758, 1705, 900]"
5173,"[291, 1606, 1761, 1656, 1904]"
5174,"[1705, 1704, 73, 1701, 1246]"
5175,"[1705, 1704, 1712, 558, 1614]"
5176,"[291, 667, 1134, 1121, 1192]"
5177,"[1070, 291, 112, 113, 1191]"
5178,"[1610, 455, 114, 116, 125]"
5179,"[925, 291, 171, 175, 667]"
5180,"[1677, 125, 1604, 89, 113]"
5181,"[1757, 1776, 684, 1705, 1704]"
5182,"[1924, 1704, 1705, 1717, 1317]"
5183,"[1544, 1704, 1249, 787, 1830]"
5184,"[1924, 1704, 477, 1705, 901]"
5185,"[1027, 1604, 1789, 114, 1793]"
5186,"[1504, 1507, 126, 528, 553]"
5187,"[480, 646, 7, 3, 474]"
5188,"[1705, 1704, 1761, 528, 1507]"
5189,"[514, 528, 1507, 526, 1761]"
5190,"[590, 599, 593, 597, 587]"
5191,"[1377, 1924, 478, 1884, 786]"
5192,"[478, 1924, 1199, 1308, 93]"
5193,"[807, 1789, 1786, 1884, 1788]"
5194,"[1704, 862, 1434, 1507, 528]"
5195,"[511, 514, 528, 1507, 1434]"
5196,"[1705, 1704, 1507, 528, 1434]"
5197,"[1434, 538, 1507, 528, 1924]"
5198,"[1791, 1756, 978, 1704, 1755]"
5199,"[164, 1507, 528, 538, 1434]"
5200,"[1704, 1786, 1757, 1776, 1752]"
5201,"[1246, 817, 62, 1119, 1704]"
5202,"[1924, 478, 1884, 1705, 1704]"
5203,"[409, 102, 96, 97, 1704]"
5204,"[1755, 528, 1507, 165, 1434]"
5205,"[1924, 361, 1762, 1462, 377]"
5206,"[164, 528, 1507, 165, 1434]"
5207,"[126, 1504, 460, 1937, 688]"
5208,"[1924, 478, 919, 937, 159]"
5209,"[587, 590, 599, 1507, 528]"
5210,"[1704, 528, 1507, 1705, 1809]"
5211,"[1924, 868, 1884, 614, 786]"
5212,"[636, 1760, 1761, 1704, 1705]"
5213,"[1915, 1924, 1863, 485, 455]"
5214,"[1705, 1704, 1758, 1762, 1889]"
5215,"[90, 1828, 1837, 1833, 1863]"
5216,"[526, 1704, 1507, 538, 528]"
5217,"[1507, 538, 1434, 528, 526]"
5218,"[478, 1924, 1705, 1704, 659]"
5219,"[1878, 1707, 1246, 1772, 1708]"
5220,"[1704, 526, 1761, 1507, 528]"
5221,"[1704, 1705, 504, 1755, 1885]"
5222,"[1705, 1924, 1704, 480, 1317]"
5223,"[1705, 1704, 1915, 1924, 216]"
5224,"[594, 1513, 1772, 1863, 1935]"
5225,"[1908, 1504, 1704, 126, 553]"
5226,"[1063, 411, 1121, 43, 1134]"
5227,"[1915, 1808, 1935, 1705, 1704]"
5228,"[903, 927, 216, 419, 165]"
5229,"[455, 89, 868, 1792, 1899]"
5230,"[1904, 455, 1643, 862, 1705]"
5231,"[1675, 116, 1676, 113, 890]"
5232,"[43, 1643, 1705, 1704, 788]"
5233,"[1924, 165, 1676, 89, 1519]"
5234,"[1528, 1935, 1906, 938, 927]"
5235,"[1527, 1529, 1519, 1523, 890]"
5236,"[165, 164, 43, 1025, 937]"
5237,"[1904, 1704, 1705, 1191, 1899]"
5238,"[165, 124, 1904, 164, 921]"
5239,"[1904, 921, 124, 1927, 1626]"
5240,"[1904, 1704, 1705, 1890, 1191]"
5241,"[1627, 1905, 1587, 409, 124]"
5242,"[692, 1896, 1905, 1924, 1204]"
5243,"[1904, 1589, 175, 455, 96]"
5244,"[1904, 1762, 165, 1191, 1025]"
5245,"[1758, 1762, 1620, 1705, 1899]"
5246,"[1915, 1884, 1762, 1914, 1758]"
5247,"[1904, 43, 97, 124, 922]"
5248,"[1904, 124, 1899, 96, 97]"
5249,"[1904, 159, 937, 921, 164]"
5250,"[1705, 89, 1704, 530, 1519]"
5251,"[819, 1774, 1705, 1704, 1618]"
5252,"[1935, 1828, 1833, 739, 927]"
5253,"[1527, 1530, 1588, 1899, 455]"
5254,"[1904, 159, 937, 921, 165]"
5255,"[1904, 175, 43, 124, 921]"
5256,"[409, 124, 1904, 89, 97]"
5257,"[937, 159, 165, 921, 919]"
5258,"[1904, 1519, 890, 89, 1534]"
5259,"[1904, 124, 1034, 1032, 89]"
5260,"[1904, 43, 97, 124, 1191]"
5261,"[890, 1748, 868, 409, 1025]"
5262,"[1529, 1519, 1556, 1538, 1518]"
5263,"[1620, 1612, 1065, 1762, 1758]"
5264,"[1915, 1169, 388, 222, 303]"
5265,"[1043, 1316, 1618, 447, 1273]"
5266,"[1924, 89, 1534, 1922, 1897]"
5267,"[1561, 1922, 1897, 1538, 1529]"
5268,"[175, 1924, 1196, 1904, 1026]"
5269,"[1904, 43, 1783, 819, 862]"
5270,"[1915, 716, 1775, 878, 219]"
5271,"[1628, 1828, 1837, 1833, 927]"
5272,"[1915, 265, 408, 1698, 1733]"
5273,"[98, 1028, 1670, 1040, 1104]"
5274,"[749, 171, 927, 681, 1025]"
5275,"[98, 96, 97, 102, 1746]"
5276,"[96, 97, 1201, 749, 848]"
5277,"[1900, 1917, 408, 749, 114]"
5278,"[922, 1040, 1626, 98, 1030]"
5279,"[677, 749, 903, 1828, 1833]"
5280,"[1902, 1776, 1757, 1746, 1559]"
5281,"[876, 437, 1884, 1283, 1562]"
5282,"[1040, 1320, 1462, 98, 96]"
5283,"[98, 97, 96, 1201, 1219]"
5284,"[98, 96, 97, 102, 1073]"
5285,"[1825, 42, 171, 1757, 1776]"
5286,"[1040, 716, 171, 1462, 1915]"
5287,"[1700, 102, 1902, 1746, 409]"
5288,"[98, 96, 97, 102, 1924]"
5289,"[749, 1757, 1776, 1698, 1670]"
5290,"[1902, 420, 1746, 171, 1900]"
5291,"[1902, 1757, 1776, 1620, 1885]"
5292,"[1130, 1197, 749, 1752, 1524]"
5293,"[1902, 1915, 1917, 216, 1700]"
5294,"[98, 1541, 102, 97, 96]"
5295,"[102, 1746, 98, 409, 96]"
5296,"[1700, 1201, 96, 97, 98]"
5297,"[1902, 171, 1757, 1776, 452]"
5298,"[171, 1915, 98, 97, 96]"
5299,"[1776, 1757, 464, 749, 1885]"
5300,"[97, 1201, 171, 1733, 1518]"
5301,"[98, 1776, 1757, 1704, 1853]"
5302,"[1040, 922, 409, 1746, 1704]"
5303,"[925, 96, 97, 409, 1746]"
5304,"[1040, 1924, 1219, 794, 89]"
5305,"[102, 409, 922, 794, 96]"
5306,"[102, 409, 1746, 97, 96]"
5307,"[1197, 1041, 1524, 1525, 1752]"
5308,"[1118, 1810, 1706, 1197, 1762]"
5309,"[1828, 1833, 1837, 374, 1776]"
5310,"[1902, 1320, 420, 60, 107]"
5311,"[1902, 1900, 408, 922, 409]"
5312,"[1902, 420, 716, 97, 96]"
5313,"[102, 1670, 749, 97, 96]"
5314,"[1915, 925, 935, 735, 938]"
5315,"[164, 1924, 921, 165, 1025]"
5316,"[1202, 410, 924, 175, 921]"
5317,"[890, 164, 113, 921, 165]"
5318,"[1915, 411, 1649, 1046, 737]"
5319,"[1915, 1060, 1043, 1051, 408]"
5320,"[128, 921, 165, 164, 937]"
5321,"[1705, 1704, 1809, 824, 903]"
5322,"[1299, 1917, 408, 1733, 1129]"
5323,"[1511, 1338, 1697, 238, 239]"
5324,"[1915, 1046, 972, 731, 823]"
5325,"[1041, 1924, 440, 739, 162]"
5326,"[1915, 1705, 1704, 340, 1154]"
5327,"[216, 408, 1705, 1588, 1899]"
5328,"[1332, 1918, 490, 1207, 1618]"
5329,"[1915, 1916, 216, 1584, 1338]"
5330,"[966, 918, 986, 147, 145]"
5331,"[1915, 1438, 216, 1343, 1541]"
5332,"[1363, 125, 1705, 1704, 511]"
5333,"[927, 1915, 1511, 1935, 1863]"
5334,"[1754, 1649, 1158, 1915, 728]"
5335,"[164, 165, 921, 1615, 159]"
5336,"[935, 938, 1030, 925, 735]"
5337,"[1786, 1791, 1787, 1788, 1790]"
5338,"[1041, 1637, 165, 1705, 1091]"
5339,"[1649, 1030, 911, 1630, 824]"
5340,"[1915, 1704, 1705, 430, 216]"
5341,"[1832, 1076, 1872, 1924, 1825]"
5342,"[1915, 216, 823, 731, 1133]"
5343,"[165, 1158, 1704, 1705, 164]"
5344,"[165, 175, 409, 921, 1041]"
5345,"[1270, 926, 1279, 1630, 1618]"
5346,"[1855, 937, 924, 165, 1901]"
5347,"[1915, 1899, 485, 164, 1588]"
5348,"[150, 823, 149, 198, 988]"
5349,"[165, 921, 1025, 1924, 89]"
5350,"[1915, 90, 398, 1863, 1861]"
5351,"[972, 977, 1865, 209, 66]"
5352,"[1030, 866, 938, 1049, 956]"
5353,"[921, 164, 937, 159, 1025]"
5354,"[1915, 408, 1924, 165, 455]"
5355,"[1917, 1915, 890, 925, 901]"
5356,"[1915, 1742, 408, 1299, 1527]"
5357,"[408, 1915, 1148, 371, 1762]"
5358,"[1894, 1613, 1904, 18, 1274]"
5359,"[1932, 190, 139, 891, 1337]"
5360,"[1760, 1705, 1249, 1761, 1697]"
5361,"[445, 1900, 1676, 89, 455]"
5362,"[1676, 116, 398, 1675, 1023]"
5363,"[688, 1705, 677, 1704, 1762]"
5364,"[1878, 1707, 757, 758, 741]"
5365,"[1246, 261, 266, 267, 239]"
5366,"[1932, 349, 149, 921, 834]"
5367,"[1900, 1915, 1924, 1543, 394]"
5368,"[1894, 1705, 1704, 1760, 1761]"
5369,"[1337, 1932, 139, 190, 891]"
5370,"[1607, 1157, 1896, 1613, 1608]"
5371,"[1490, 1828, 1837, 1833, 1863]"
5372,"[1302, 1832, 349, 1704, 1705]"
5373,"[1906, 1704, 926, 1705, 1249]"
5374,"[108, 1100, 1766, 308, 307]"
5375,"[89, 341, 78, 1560, 1068]"
5376,"[1924, 677, 455, 1676, 89]"
5377,"[1900, 1917, 1543, 1638, 455]"
5378,"[1900, 1752, 1760, 1543, 1638]"
5379,"[677, 692, 1157, 1607, 376]"
5380,"[1924, 677, 125, 1299, 1733]"
5381,"[1798, 1900, 1782, 1781, 1799]"
5382,"[1618, 807, 1192, 114, 1705]"
5383,"[478, 116, 1607, 1676, 125]"
5384,"[1607, 1903, 1705, 1704, 510]"
5385,"[1760, 1704, 1758, 1762, 1705]"
5386,"[1491, 1762, 1655, 1758, 1760]"
5387,"[1302, 885, 1761, 1760, 1762]"
5388,"[1491, 587, 1704, 1766, 760]"
5389,"[1705, 1704, 662, 798, 652]"
5390,"[1900, 1917, 1543, 1676, 1638]"
5391,"[1902, 1917, 1761, 1640, 1760]"
5392,"[455, 1761, 1760, 1249, 1762]"
5393,"[1828, 1837, 1833, 903, 1863]"
5394,"[1704, 1761, 1762, 1758, 1705]"
5395,"[1516, 1705, 1752, 1026, 1769]"
5396,"[1924, 157, 158, 155, 660]"
5397,"[1772, 97, 96, 1733, 412]"
5398,"[1157, 1131, 412, 1733, 455]"
5399,"[109, 108, 1924, 107, 499]"
5400,"[891, 1101, 852, 1723, 777]"
5401,"[1900, 862, 1603, 1788, 1790]"
5402,"[1878, 1707, 1246, 1708, 9]"
5403,"[1758, 1762, 1705, 1063, 73]"
5404,"[291, 890, 1785, 113, 112]"
5405,"[1914, 89, 164, 165, 113]"
5406,"[466, 1764, 458, 1752, 1556]"
5407,"[1924, 1586, 1615, 1705, 1704]"
5408,"[1537, 1526, 927, 1299, 1863]"
5409,"[1615, 1903, 890, 89, 1044]"
5410,"[98, 113, 89, 1534, 1905]"
5411,"[1772, 1924, 1705, 1914, 1898]"
5412,"[885, 1556, 1520, 1538, 1564]"
5413,"[1537, 1044, 1705, 1704, 89]"
5414,"[1463, 1795, 1705, 1753, 482]"
5415,"[890, 113, 89, 1903, 1676]"
5416,"[135, 1764, 458, 1704, 1705]"
5417,"[870, 1705, 1753, 482, 1463]"
5418,"[1044, 1924, 1627, 1927, 1905]"
5419,"[1586, 89, 890, 1676, 113]"
5420,"[1550, 1704, 124, 1705, 1752]"
5421,"[1696, 1924, 1526, 1705, 1704]"
5422,"[1537, 1535, 1903, 1044, 1533]"
5423,"[1903, 1533, 125, 89, 1924]"
5424,"[1762, 1705, 1758, 1615, 1613]"
5425,"[890, 425, 409, 1615, 1638]"
5426,"[406, 407, 788, 48, 1704]"
5427,"[1704, 1807, 1705, 988, 762]"
5428,"[89, 421, 1909, 1890, 117]"
5429,"[552, 1749, 919, 1894, 938]"
5430,"[1526, 1890, 1789, 1792, 1790]"
5431,"[89, 1705, 1899, 1890, 1249]"
5432,"[164, 165, 903, 722, 162]"
5433,"[1586, 1523, 1615, 1618, 1548]"
5434,"[1935, 1828, 1837, 1833, 89]"
5435,"[166, 919, 938, 175, 167]"
5436,"[406, 1904, 919, 176, 924]"
5437,"[1704, 1344, 1705, 1697, 1696]"
5438,"[419, 898, 406, 1306, 89]"
5439,"[1760, 1768, 1761, 1769, 1775]"
5440,"[1935, 1936, 1618, 1299, 1915]"
5441,"[1495, 1548, 619, 1704, 1705]"
5442,"[622, 307, 676, 1100, 1063]"
5443,"[1713, 1893, 1556, 1838, 1839]"
5444,"[1915, 1924, 624, 455, 1586]"
5445,"[158, 157, 155, 166, 173]"
5446,"[1705, 1704, 1733, 787, 1723]"
5447,"[167, 1033, 1672, 1045, 1705]"
5448,"[1704, 1620, 66, 165, 1723]"
5449,"[1077, 382, 89, 1676, 1619]"
5450,"[1760, 1769, 1924, 1761, 1705]"
5451,"[1792, 1793, 926, 1733, 1786]"
5452,"[1924, 89, 1733, 1562, 927]"
5453,"[1893, 1548, 1890, 1704, 919]"
5454,"[1617, 1618, 1890, 919, 174]"
5455,"[95, 1762, 97, 96, 1899]"
5456,"[1893, 919, 938, 928, 934]"
5457,"[866, 1616, 1065, 1907, 1745]"
5458,"[928, 1025, 159, 937, 1617]"
5459,"[1850, 1713, 1820, 1818, 1819]"
5460,"[406, 407, 927, 1935, 1936]"
5461,"[1761, 1768, 1769, 1617, 1760]"
5462,"[1299, 430, 1298, 1521, 1676]"
5463,"[163, 921, 425, 1025, 159]"
5464,"[1552, 922, 1544, 425, 1742]"
5465,"[1528, 478, 1761, 1526, 1924]"
5466,"[1586, 1523, 1615, 1618, 1548]"
5467,"[163, 386, 164, 1025, 7]"
5468,"[1119, 1027, 1786, 216, 1915]"
5469,"[1249, 89, 1924, 1676, 1675]"
5470,"[1904, 568, 575, 571, 574]"
5471,"[1704, 1705, 1191, 1904, 1523]"
5472,"[1896, 1704, 1705, 862, 455]"
5473,"[1704, 1705, 289, 1904, 1191]"
5474,"[807, 1915, 1037, 285, 455]"
5475,"[1607, 1705, 1704, 1904, 1724]"
5476,"[1705, 1724, 1704, 1896, 1904]"
5477,"[116, 1531, 1721, 60, 1724]"
5478,"[1704, 1904, 1705, 1890, 1191]"
5479,"[455, 1705, 1704, 1604, 1904]"
5480,"[1705, 1704, 1608, 1904, 1567]"
5481,"[455, 1899, 1922, 1897, 1704]"
5482,"[1066, 1705, 1704, 1424, 1536]"
5483,"[1768, 1760, 1769, 1761, 216]"
5484,"[1899, 1191, 1704, 116, 1705]"
5485,"[289, 1704, 1705, 1904, 1890]"
5486,"[1191, 1904, 1899, 1726, 390]"
5487,"[97, 96, 124, 1704, 1705]"
5488,"[752, 759, 1704, 1705, 1904]"
5489,"[106, 1704, 1705, 1894, 1760]"
5490,"[1704, 1705, 1191, 1904, 1523]"
5491,"[692, 1523, 1726, 1915, 89]"
5492,"[289, 1704, 1705, 1904, 1424]"
5493,"[116, 1604, 1704, 1705, 455]"
5494,"[1896, 1705, 1704, 1904, 1191]"
5495,"[164, 1531, 862, 113, 165]"
5496,"[1704, 289, 1705, 1904, 1890]"
5497,"[1904, 1705, 819, 1890, 1704]"
5498,"[116, 1704, 1760, 1705, 1191]"
5499,"[1726, 692, 1113, 1896, 455]"
5500,"[1704, 1899, 1705, 1904, 1922]"
5501,"[1705, 1704, 1191, 1890, 1904]"
5502,"[116, 1704, 455, 1191, 1705]"
5503,"[289, 1899, 1531, 1704, 1705]"
5504,"[1704, 1705, 1191, 1904, 116]"
5505,"[106, 1761, 1760, 1705, 1758]"
5506,"[1704, 1705, 1424, 1890, 1904]"
5507,"[455, 1192, 1704, 1191, 1705]"
5508,"[1032, 390, 876, 869, 880]"
5509,"[441, 1705, 1704, 1722, 689]"
5510,"[1760, 1604, 1726, 1523, 692]"
5511,"[409, 1704, 1705, 1904, 124]"
5512,"[1904, 3, 1246, 1772, 2]"
5513,"[1705, 1704, 1904, 135, 1191]"
5514,"[1083, 1157, 1704, 1705, 1344]"
5515,"[688, 677, 1607, 376, 1608]"
5516,"[1822, 1915, 1821, 1816, 1828]"
5517,"[1022, 1607, 1608, 477, 1517]"
5518,"[408, 7, 1096, 1040, 332]"
5519,"[1841, 1839, 1840, 1838, 1822]"
5520,"[1490, 1022, 477, 858, 1704]"
5521,"[1019, 1022, 384, 1924, 1131]"
5522,"[163, 164, 1658, 1896, 175]"
5523,"[1022, 1131, 477, 1607, 1191]"
5524,"[1828, 1837, 1833, 1935, 1863]"
5525,"[1855, 1320, 1363, 1704, 1019]"
5526,"[1775, 408, 1561, 1769, 1560]"
5527,"[1202, 410, 1607, 1608, 1157]"
5528,"[868, 1704, 1019, 1748, 1131]"
5529,"[1192, 1157, 1613, 1608, 1607]"
5530,"[1792, 1791, 90, 398, 1861]"
5531,"[1924, 1935, 1828, 1833, 1837]"
5532,"[360, 1168, 329, 384, 331]"
5533,"[1915, 729, 732, 719, 736]"
5534,"[933, 1250, 930, 647, 79]"
5535,"[1828, 1833, 1837, 1511, 42]"
5536,"[1915, 1299, 1704, 1705, 1676]"
5537,"[918, 1606, 212, 1888, 1666]"
5538,"[1086, 1704, 1019, 1131, 66]"
5539,"[1615, 1586, 1903, 138, 97]"
5540,"[1704, 1019, 1131, 1620, 240]"
5541,"[1022, 1904, 477, 1131, 1517]"
5542,"[1893, 1607, 1157, 1191, 1608]"
5543,"[1041, 1042, 455, 1193, 421]"
5544,"[443, 884, 1022, 1011, 368]"
5545,"[1612, 1705, 1704, 1889, 749]"
5546,"[1363, 1022, 1904, 477, 1316]"
5547,"[1363, 1873, 1752, 1891, 1836]"
5548,"[1022, 368, 477, 749, 1019]"
5549,"[1041, 728, 1603, 1149, 618]"
5550,"[376, 688, 655, 677, 1704]"
5551,"[1915, 1148, 371, 1762, 1758]"
5552,"[1842, 1843, 1848, 1847, 1845]"
5553,"[1915, 376, 677, 1855, 216]"
5554,"[1705, 441, 1704, 1935, 1863]"
5555,"[28, 1640, 605, 216, 1721]"
5556,"[1915, 1861, 1762, 1758, 1148]"
5557,"[605, 302, 396, 1177, 1269]"
5558,"[89, 1907, 1922, 1897, 1762]"
5559,"[65, 441, 98, 96, 97]"
5560,"[1704, 1705, 1316, 1890, 1836]"
5561,"[1922, 1897, 1630, 1899, 1762]"
5562,"[921, 165, 937, 159, 164]"
5563,"[921, 89, 1922, 1897, 409]"
5564,"[1723, 1889, 1704, 1705, 1890]"
5565,"[1246, 95, 159, 937, 921]"
5566,"[927, 89, 1922, 1897, 1907]"
5567,"[1586, 921, 1615, 165, 1607]"
5568,"[1899, 1133, 396, 1076, 1640]"
5569,"[1627, 1905, 1587, 113, 921]"
5570,"[1927, 862, 872, 1677, 1156]"
5571,"[1907, 1526, 478, 1922, 1897]"
5572,"[927, 1307, 114, 1627, 1587]"
5573,"[921, 937, 159, 1613, 1025]"
5574,"[1704, 1705, 1618, 1752, 933]"
5575,"[113, 1907, 1733, 1704, 1705]"
5576,"[1587, 1922, 1897, 89, 1091]"
5577,"[927, 1704, 1762, 1705, 1588]"
5578,"[113, 1025, 1191, 159, 937]"
5579,"[594, 1772, 1368, 42, 1922]"
5580,"[1906, 478, 1884, 97, 96]"
5581,"[89, 1907, 1922, 1897, 455]"
5582,"[1915, 1907, 1343, 1897, 1922]"
5583,"[1705, 1704, 896, 1899, 1922]"
5584,"[1607, 1608, 1705, 1704, 1909]"
5585,"[1922, 1897, 1526, 478, 1705]"
5586,"[921, 924, 159, 937, 165]"
5587,"[1772, 1704, 1762, 1705, 1758]"
5588,"[1922, 1897, 1915, 89, 1526]"
5589,"[921, 1627, 159, 937, 1922]"
5590,"[1587, 1922, 1897, 1050, 89]"
5591,"[927, 165, 937, 921, 113]"
5592,"[935, 1754, 89, 1705, 1704]"
5593,"[1922, 1897, 1905, 1615, 1586]"
5594,"[1526, 1915, 1916, 1922, 1897]"
5595,"[1705, 1704, 408, 1612, 1733]"
5596,"[1705, 1704, 1612, 551, 1899]"
5597,"[1905, 164, 165, 868, 159]"
5598,"[113, 1704, 1705, 530, 1646]"
5599,"[89, 1907, 1922, 1897, 412]"
5600,"[1526, 927, 571, 1922, 1897]"
5601,"[1607, 1705, 1704, 530, 896]"
5602,"[1705, 478, 1704, 1924, 1249]"
5603,"[1704, 1705, 1063, 16, 466]"
5604,"[1705, 1704, 37, 1717, 1428]"
5605,"[1704, 1705, 1906, 1904, 903]"
5606,"[1915, 163, 1704, 1705, 677]"
5607,"[1910, 1704, 1705, 1904, 1890]"
5608,"[1071, 329, 165, 1202, 410]"
5609,"[1746, 760, 762, 124, 787]"
5610,"[1627, 1892, 89, 1905, 1527]"
5611,"[1704, 1705, 861, 860, 472]"
5612,"[1704, 1705, 1906, 1600, 1249]"
5613,"[1704, 1705, 43, 44, 1884]"
5614,"[1704, 1705, 1924, 1204, 1613]"
5615,"[1704, 1705, 1889, 467, 1241]"
5616,"[291, 1704, 1705, 16, 884]"
5617,"[1705, 1704, 113, 1896, 1610]"
5618,"[1906, 410, 1202, 390, 1610]"
5619,"[1704, 1705, 1610, 1307, 413]"
5620,"[1705, 1704, 1889, 114, 110]"
5621,"[1705, 114, 1704, 1610, 807]"
5622,"[464, 1705, 1704, 903, 652]"
5623,"[1704, 1705, 1922, 1897, 1607]"
5624,"[1627, 1905, 16, 1527, 1071]"
5625,"[1924, 1705, 1704, 636, 1249]"
5626,"[1878, 1707, 1705, 1704, 413]"
5627,"[1273, 361, 447, 1705, 1704]"
5628,"[289, 1704, 1705, 819, 543]"
5629,"[1915, 1704, 289, 292, 1705]"
5630,"[348, 341, 1224, 692, 1704]"
5631,"[1704, 1705, 1701, 1924, 650]"
5632,"[1704, 1705, 216, 1904, 1063]"
5633,"[1705, 1704, 1922, 1897, 1063]"
5634,"[1878, 1707, 1705, 1704, 413]"
5635,"[1705, 1704, 903, 1249, 480]"
5636,"[1155, 1924, 1713, 163, 866]"
5637,"[1705, 1704, 289, 819, 1147]"
5638,"[1704, 1922, 1705, 1573, 1204]"
5639,"[636, 1249, 1704, 1705, 1906]"
5640,"[164, 1915, 165, 1526, 692]"
5641,"[688, 1071, 1895, 1704, 1251]"
5642,"[1704, 1705, 1307, 1063, 1611]"
5643,"[1705, 1704, 432, 860, 1606]"
5644,"[1906, 1523, 1529, 1704, 1705]"
5645,"[97, 1701, 1201, 1694, 171]"
5646,"[455, 1922, 1897, 1899, 1193]"
5647,"[89, 164, 1025, 921, 937]"
5648,"[1922, 1897, 868, 1705, 1748]"
5649,"[1907, 1899, 895, 1627, 89]"
5650,"[1906, 1523, 1879, 227, 1010]"
5651,"[1922, 1897, 89, 1526, 1068]"
5652,"[113, 1899, 900, 1929, 1762]"
5653,"[1643, 361, 1612, 677, 1762]"
5654,"[903, 1935, 1627, 1905, 468]"
5655,"[1907, 1762, 1612, 1758, 1705]"
5656,"[1915, 430, 1922, 1897, 1261]"
5657,"[1922, 1897, 1526, 1905, 927]"
5658,"[1705, 1704, 1901, 1197, 903]"
5659,"[1705, 1704, 1899, 530, 896]"
5660,"[1907, 1762, 1612, 1758, 1705]"
5661,"[440, 1924, 110, 739, 918]"
5662,"[1705, 1704, 896, 530, 1263]"
5663,"[1899, 1906, 175, 921, 1922]"
5664,"[440, 1899, 1762, 1906, 1263]"
5665,"[927, 1907, 1905, 166, 1922]"
5666,"[1897, 1922, 1526, 927, 1935]"
5667,"[1026, 903, 1078, 1590, 1705]"
5668,"[1922, 1897, 1899, 1526, 621]"
5669,"[1653, 1159, 388, 1587, 113]"
5670,"[1836, 90, 1873, 398, 1290]"
5671,"[1646, 1789, 1792, 1791, 1790]"
5672,"[1915, 113, 89, 409, 128]"
5673,"[165, 1129, 1135, 89, 394]"
5674,"[1922, 1897, 1587, 89, 1907]"
5675,"[1836, 1873, 1705, 1704, 1659]"
5676,"[1899, 1116, 1704, 1705, 89]"
5677,"[388, 1038, 408, 1792, 1733]"
5678,"[1054, 329, 319, 1133, 571]"
5679,"[102, 1670, 98, 1201, 793]"
5680,"[1542, 1539, 1554, 1532, 1564]"
5681,"[1927, 1201, 1116, 1030, 287]"
5682,"[60, 420, 1549, 1551, 1320]"
5683,"[1887, 1832, 1836, 1830, 903]"
5684,"[73, 171, 1615, 1586, 1088]"
5685,"[862, 1786, 1788, 1700, 1603]"
5686,"[73, 102, 96, 97, 656]"
5687,"[4, 1878, 1707, 73, 803]"
5688,"[118, 533, 1758, 1762, 765]"
5689,"[420, 171, 583, 338, 709]"
5690,"[102, 1320, 171, 322, 361]"
5691,"[1670, 749, 73, 171, 1320]"
5692,"[866, 1119, 1073, 1925, 1889]"
5693,"[4, 73, 803, 3, 8]"
5694,"[420, 1700, 1603, 862, 171]"
5695,"[1541, 96, 97, 98, 793]"
5696,"[1878, 1707, 1246, 1772, 5]"
5697,"[667, 98, 97, 96, 1313]"
5698,"[1541, 1539, 1555, 1542, 1534]"
5699,"[73, 1705, 1937, 295, 1176]"
5700,"[749, 1542, 1887, 1564, 1555]"
5701,"[1701, 749, 1670, 1320, 4]"
5702,"[73, 4, 1878, 1707, 1246]"
5703,"[329, 1915, 1133, 1549, 216]"
5704,"[1670, 793, 749, 102, 1320]"
5705,"[73, 4, 1878, 1707, 7]"
5706,"[1317, 1704, 1705, 1769, 1783]"
5707,"[1670, 1863, 1935, 1828, 1833]"
5708,"[1700, 96, 1904, 1232, 1593]"
5709,"[420, 60, 1746, 1320, 864]"
5710,"[688, 677, 171, 933, 376]"
5711,"[1790, 1789, 1792, 1788, 1563]"
5712,"[1246, 216, 108, 1915, 1912]"
5713,"[420, 60, 1320, 893, 606]"
5714,"[420, 1670, 1700, 73, 749]"
5715,"[848, 89, 1878, 1707, 851]"
5716,"[46, 640, 651, 643, 637]"
5717,"[4, 1246, 7, 8, 73]"
5718,"[4, 7, 73, 6, 3]"
5719,"[1520, 1534, 1742, 1564, 1542]"
5720,"[1887, 1886, 1201, 1116, 1579]"
5721,"[1701, 1742, 1564, 1489, 1554]"
5722,"[421, 1529, 1700, 1025, 1909]"
5723,"[1713, 1586, 1745, 1746, 96]"
5724,"[96, 97, 98, 1270, 165]"
5725,"[1201, 96, 925, 618, 1055]"
5726,"[1040, 159, 937, 1924, 1193]"
5727,"[290, 164, 289, 1538, 1556]"
5728,"[1586, 1041, 1036, 1924, 159]"
5729,"[1035, 1026, 1202, 410, 1029]"
5730,"[1524, 1029, 1909, 921, 165]"
5731,"[1041, 1523, 1556, 1554, 1529]"
5732,"[1924, 410, 1202, 937, 159]"
5733,"[1029, 169, 1037, 1041, 1040]"
5734,"[1026, 937, 159, 1025, 1040]"
5735,"[150, 1041, 1699, 925, 1675]"
5736,"[1202, 410, 1035, 1040, 1034]"
5737,"[1647, 265, 1604, 1704, 1705]"
5738,"[97, 96, 98, 425, 165]"
5739,"[1626, 425, 212, 108, 1705]"
5740,"[1040, 1202, 410, 1035, 1026]"
5741,"[1176, 353, 1173, 98, 425]"
5742,"[927, 96, 97, 1935, 1863]"
5743,"[169, 1035, 1025, 921, 1041]"
5744,"[1586, 1615, 1538, 1556, 1041]"
5745,"[107, 485, 1757, 1776, 66]"
5746,"[169, 1029, 1035, 1041, 1043]"
5747,"[885, 1029, 165, 1649, 1586]"
5748,"[1026, 1029, 1034, 1025, 1040]"
5749,"[1035, 1026, 1040, 1034, 1193]"
5750,"[96, 97, 98, 1924, 1030]"
5751,"[1915, 1435, 1369, 1343, 497]"
5752,"[903, 220, 138, 212, 108]"
5753,"[1041, 1040, 1193, 1026, 1034]"
5754,"[1616, 866, 1671, 1041, 1745]"
5755,"[1025, 936, 165, 1202, 410]"
5756,"[165, 1193, 1924, 1034, 1909]"
5757,"[681, 1121, 338, 1133, 1270]"
5758,"[1705, 289, 1704, 1567, 1556]"
5759,"[1149, 1029, 1030, 1649, 139]"
5760,"[928, 934, 931, 925, 924]"
5761,"[1202, 410, 408, 1705, 1916]"
5762,"[1776, 1757, 452, 824, 403]"
5763,"[1259, 1935, 1256, 1258, 1260]"
5764,"[1048, 1046, 1026, 1590, 1014]"
5765,"[1302, 1649, 924, 1885, 1033]"
5766,"[1259, 1256, 1260, 1261, 1299]"
5767,"[1915, 677, 1026, 972, 1776]"
5768,"[1030, 885, 1042, 175, 163]"
5769,"[938, 925, 164, 1704, 1705]"
5770,"[89, 164, 159, 921, 1025]"
5771,"[1029, 159, 937, 919, 1025]"
5772,"[165, 937, 921, 164, 410]"
5773,"[914, 1148, 1666, 371, 972]"
5774,"[1014, 258, 1053, 1704, 1705]"
5775,"[408, 120, 211, 1731, 1692]"
5776,"[410, 1202, 885, 1148, 1068]"
5777,"[823, 737, 1757, 1776, 824]"
5778,"[1029, 1915, 1042, 1049, 1666]"
5779,"[1935, 1026, 1705, 1704, 1936]"
5780,"[1030, 1666, 1649, 1046, 1149]"
5781,"[1649, 1666, 1906, 1528, 919]"
5782,"[1590, 1030, 1915, 1026, 885]"
5783,"[1099, 1733, 1026, 446, 926]"
5784,"[165, 408, 1046, 1041, 522]"
5785,"[1014, 1029, 258, 286, 1590]"
5786,"[298, 1692, 1786, 1346, 1789]"
5787,"[1052, 1055, 885, 823, 1914]"
5788,"[1900, 1042, 1649, 1666, 327]"
5789,"[1906, 1649, 219, 1935, 677]"
5790,"[1526, 1529, 1519, 1527, 1554]"
5791,"[1590, 1026, 1651, 1776, 1757]"
5792,"[197, 1018, 1038, 998, 1633]"
5793,"[1673, 1677, 1915, 1704, 1202]"
5794,"[1836, 1666, 1873, 1929, 1832]"
5795,"[361, 1680, 290, 395, 884]"
5796,"[1924, 1044, 1042, 868, 1618]"
5797,"[1915, 165, 1733, 128, 96]"
5798,"[1915, 1902, 212, 927, 136]"
5799,"[1915, 885, 1495, 419, 927]"
5800,"[96, 97, 332, 78, 1011]"
5801,"[821, 1705, 583, 554, 1787]"
5802,"[1933, 197, 359, 1918, 165]"
5803,"[1038, 51, 847, 1666, 907]"
5804,"[937, 159, 165, 408, 410]"
5805,"[197, 165, 125, 960, 986]"
5806,"[1915, 885, 1906, 114, 455]"
5807,"[1046, 80, 1148, 1875, 392]"
5808,"[125, 197, 165, 960, 986]"
5809,"[125, 1630, 89, 1202, 410]"
5810,"[1030, 1916, 1928, 1906, 89]"
5811,"[1915, 165, 1343, 163, 175]"
5812,"[108, 212, 1193, 138, 1675]"
5813,"[1014, 1705, 1590, 258, 1929]"
5814,"[197, 1154, 1038, 1649, 1666]"
5815,"[408, 1256, 430, 1935, 1260]"
5816,"[1666, 1649, 738, 728, 731]"
5817,"[1048, 1061, 1918, 918, 212]"
5818,"[1055, 980, 1041, 165, 164]"
5819,"[1915, 368, 1280, 1066, 373]"
5820,"[455, 212, 89, 920, 125]"
5821,"[1026, 1620, 125, 1676, 89]"
5822,"[276, 1016, 139, 1318, 273]"
5823,"[1915, 1344, 1249, 265, 408]"
5824,"[1130, 396, 605, 470, 620]"
5825,"[1017, 165, 1202, 410, 1046]"
5826,"[1590, 1014, 1592, 197, 1666]"
5827,"[1030, 165, 89, 1676, 1930]"
5828,"[125, 1630, 89, 1676, 1619]"
5829,"[1705, 1704, 158, 155, 157]"
5830,"[1899, 89, 1042, 108, 212]"
5831,"[1154, 197, 1018, 862, 1697]"
5832,"[197, 1018, 1154, 1038, 688]"
5833,"[1915, 165, 937, 159, 885]"
5834,"[1055, 212, 1592, 1042, 211]"
5835,"[1929, 1536, 815, 108, 1192]"
5836,"[398, 1758, 90, 930, 1762]"
5837,"[1792, 1030, 1620, 1733, 1904]"
5838,"[159, 937, 926, 1704, 1705]"
5839,"[159, 937, 165, 926, 164]"
5840,"[1836, 1704, 1873, 1832, 1705]"
5841,"[1526, 1906, 1899, 1789, 1792]"
5842,"[1855, 219, 930, 1059, 1046]"
5843,"[1344, 1032, 419, 1249, 1915]"
5844,"[1936, 926, 1935, 410, 1202]"
5845,"[1906, 1588, 921, 1529, 937]"
5846,"[1936, 1704, 1752, 1705, 1909]"
5847,"[1906, 1705, 1704, 1873, 1836]"
5848,"[1666, 1705, 1704, 1752, 1620]"
5849,"[1906, 1704, 1705, 796, 1863]"
5850,"[1836, 1873, 1832, 1906, 1825]"
5851,"[1249, 1704, 1705, 1752, 1733]"
5852,"[1915, 1906, 1588, 1899, 1916]"
5853,"[455, 1904, 1086, 1906, 1936]"
5854,"[1825, 1704, 1836, 1705, 1832]"
5855,"[1915, 921, 1906, 937, 159]"
5856,"[163, 1936, 1915, 165, 937]"
5857,"[1014, 823, 1936, 885, 141]"
5858,"[1916, 1906, 455, 1928, 438]"
5859,"[1917, 408, 455, 116, 1584]"
5860,"[1705, 1704, 1618, 1193, 1752]"
5861,"[1915, 395, 1929, 1863, 1705]"
5862,"[1906, 1704, 1705, 89, 926]"
5863,"[1936, 1277, 1086, 1733, 1786]"
5864,"[1861, 1560, 1758, 1775, 1768]"
5865,"[1916, 926, 900, 1906, 1202]"
5866,"[1086, 1637, 1690, 1928, 1936]"
5867,"[1916, 1924, 1202, 410, 1909]"
5868,"[1936, 1704, 1249, 1705, 1676]"
5869,"[1936, 1704, 1752, 1705, 885]"
5870,"[1906, 1030, 1916, 1588, 1529]"
5871,"[1906, 1528, 1705, 1704, 425]"
5872,"[159, 937, 165, 926, 1025]"
5873,"[219, 376, 1035, 677, 618]"
5874,"[1792, 1791, 1873, 1836, 1790]"
5875,"[1836, 1873, 1792, 1790, 1789]"
5876,"[1906, 1528, 1705, 1916, 1935]"
5877,"[1086, 1906, 1936, 1277, 1202]"
5878,"[1202, 410, 1915, 1936, 919]"
5879,"[1936, 926, 1063, 1899, 455]"
5880,"[1650, 732, 729, 1638, 441]"
5881,"[1033, 928, 972, 150, 1613]"
5882,"[1114, 1063, 1705, 1762, 1629]"
5883,"[732, 729, 198, 151, 772]"
5884,"[924, 1922, 1897, 331, 175]"
5885,"[862, 164, 165, 1025, 1041]"
5886,"[919, 925, 934, 938, 924]"
5887,"[1787, 1786, 1793, 1792, 1063]"
5888,"[1607, 734, 1650, 726, 727]"
5889,"[1915, 1042, 1924, 1716, 419]"
5890,"[862, 164, 1697, 165, 421]"
5891,"[1760, 790, 151, 164, 1588]"
5892,"[1788, 1787, 1792, 862, 1789]"
5893,"[207, 970, 973, 209, 971]"
5894,"[1052, 1046, 1924, 149, 250]"
5895,"[1793, 1789, 618, 1915, 1792]"
5896,"[164, 175, 159, 937, 165]"
5897,"[1704, 73, 1705, 1338, 1363]"
5898,"[1793, 412, 1792, 1063, 1733]"
5899,"[164, 921, 421, 1675, 159]"
5900,"[175, 924, 165, 1127, 1025]"
5901,"[925, 408, 1035, 935, 735]"
5902,"[1587, 1793, 1733, 1627, 1905]"
5903,"[349, 924, 1670, 977, 930]"
5904,"[165, 1035, 924, 925, 175]"
5905,"[919, 562, 575, 1197, 165]"
5906,"[190, 911, 150, 136, 1649]"
5907,"[924, 1039, 1030, 938, 1063]"
5908,"[1063, 1762, 408, 1733, 1705]"
5909,"[1917, 408, 441, 440, 1584]"
5910,"[1704, 1025, 1705, 165, 1193]"
5911,"[927, 1363, 1924, 935, 925]"
5912,"[924, 1039, 977, 604, 213]"
5913,"[1705, 1704, 235, 238, 233]"
5914,"[1627, 1063, 165, 164, 1638]"
5915,"[886, 1025, 937, 159, 165]"
5916,"[1705, 165, 1704, 919, 1733]"
5917,"[1316, 732, 1649, 1651, 736]"
5918,"[1733, 1792, 541, 216, 1704]"
5919,"[924, 164, 959, 175, 165]"
5920,"[165, 921, 164, 175, 937]"
5921,"[140, 145, 913, 1791, 153]"
5922,"[1050, 918, 1018, 1244, 423]"
5923,"[1016, 1705, 278, 1704, 911]"
5924,"[1832, 1590, 1885, 1617, 1619]"
5925,"[1902, 1900, 1591, 901, 1042]"
5926,"[1902, 1591, 1042, 1617, 1539]"
5927,"[1915, 937, 159, 408, 1591]"
5928,"[1045, 1907, 1050, 116, 1680]"
5929,"[1753, 1704, 1705, 34, 834]"
5930,"[1915, 1773, 1752, 641, 1733]"
5931,"[1042, 1590, 1772, 1030, 1045]"
5932,"[1030, 1334, 1042, 408, 1591]"
5933,"[1915, 1042, 927, 1673, 892]"
5934,"[368, 1659, 125, 618, 25]"
5935,"[1026, 165, 1042, 175, 1025]"
5936,"[387, 164, 903, 935, 1753]"
5937,"[1550, 1561, 1742, 1915, 216]"
5938,"[1590, 1704, 1705, 98, 410]"
5939,"[165, 341, 1591, 1042, 1592]"
5940,"[1705, 1704, 1113, 1022, 1753]"
5941,"[978, 89, 1676, 1619, 647]"
5942,"[1705, 1704, 1915, 1932, 216]"
5943,"[1900, 1915, 885, 1902, 1917]"
5944,"[1915, 1030, 1042, 216, 1193]"
5945,"[1042, 159, 1915, 164, 1591]"
5946,"[1901, 1909, 1561, 851, 1193]"
5947,"[1915, 618, 659, 1680, 1050]"
5948,"[885, 1592, 1591, 141, 195]"
5949,"[1041, 1042, 165, 1025, 919]"
5950,"[1705, 1704, 28, 1875, 125]"
5951,"[1042, 1592, 1591, 1590, 159]"
5952,"[28, 868, 1748, 98, 125]"
5953,"[1917, 1915, 216, 1026, 1030]"
5954,"[1900, 1902, 1917, 1042, 1591]"
5955,"[1592, 1915, 1590, 1906, 927]"
5956,"[1902, 1042, 408, 1591, 114]"
5957,"[1029, 1026, 175, 1606, 628]"
5958,"[1027, 165, 1561, 286, 408]"
5959,"[1900, 1042, 1917, 1591, 1902]"
5960,"[419, 175, 938, 167, 164]"
5961,"[1030, 1602, 925, 1041, 1025]"
5962,"[1027, 1836, 1873, 478, 1832]"
5963,"[1836, 1704, 1705, 1828, 927]"
5964,"[1915, 1037, 1030, 1705, 1049]"
5965,"[887, 695, 670, 320, 1637]"
5966,"[1915, 938, 1608, 216, 1133]"
5967,"[1915, 1916, 1902, 1561, 139]"
5968,"[1592, 1929, 886, 1014, 1924]"
5969,"[1049, 1042, 380, 1029, 1030]"
5970,"[1148, 1935, 1929, 1592, 371]"
5971,"[1205, 271, 1488, 1202, 410]"
5972,"[1202, 410, 1272, 455, 1750]"
5973,"[1409, 1929, 1497, 480, 55]"
5974,"[1705, 1043, 796, 1704, 1592]"
5975,"[1043, 1051, 903, 673, 936]"
5976,"[1608, 1607, 1014, 1896, 1157]"
5977,"[1894, 1705, 89, 455, 612]"
5978,"[1705, 543, 1704, 55, 1836]"
5979,"[1924, 823, 1592, 1249, 981]"
5980,"[1157, 1607, 1896, 1592, 1929]"
5981,"[1705, 1704, 543, 903, 55]"
5982,"[1915, 1043, 1051, 673, 1620]"
5983,"[1704, 886, 1705, 1809, 1193]"
5984,"[1705, 1299, 1929, 1704, 55]"
5985,"[1704, 1705, 1592, 903, 1723]"
5986,"[1051, 1043, 936, 1620, 1520]"
5987,"[1249, 218, 261, 1658, 266]"
5988,"[1792, 1789, 1733, 1793, 1567]"
5989,"[1050, 875, 1795, 1651, 1608]"
5990,"[307, 1100, 590, 1704, 599]"
5991,"[823, 1666, 1649, 728, 89]"
5992,"[1014, 1157, 1607, 1191, 55]"
5993,"[1915, 1043, 34, 1620, 1359]"
5994,"[1411, 1704, 1705, 1900, 1033]"
5995,"[1705, 543, 1704, 692, 1592]"
5996,"[1805, 1882, 230, 351, 1686]"
5997,"[1704, 1511, 1705, 1193, 1592]"
5998,"[1490, 1723, 55, 1705, 1704]"
5999,"[387, 643, 1163, 375, 1692]"
6000,"[1014, 1607, 1929, 1053, 1705]"
6001,"[1915, 1042, 1924, 1592, 1590]"
6002,"[1723, 480, 55, 1929, 1705]"
6003,"[1157, 1607, 1615, 1896, 1608]"
6004,"[1033, 1026, 175, 1029, 165]"
6005,"[543, 1929, 1590, 1704, 1705]"
6006,"[1154, 1592, 1933, 1918, 721]"
6007,"[223, 478, 1406, 1458, 1705]"
6008,"[692, 1043, 1592, 1896, 1658]"
6009,"[1042, 1607, 885, 1705, 1704]"
6010,"[1613, 1894, 455, 1705, 1704]"
6011,"[89, 455, 1676, 1704, 113]"
6012,"[1812, 1810, 1815, 1706, 1811]"
6013,"[261, 240, 1002, 254, 266]"
6014,"[1042, 886, 862, 1705, 1704]"
6015,"[1792, 1786, 1793, 1899, 1789]"
6016,"[1055, 1052, 1699, 980, 982]"
6017,"[731, 886, 918, 1648, 971]"
6018,"[862, 368, 886, 1055, 259]"
6019,"[1828, 1833, 1837, 1843, 1842]"
6020,"[222, 1047, 1055, 150, 1299]"
6021,"[933, 1809, 1053, 1193, 1617]"
6022,"[1825, 530, 1705, 1704, 1815]"
6023,"[1053, 1842, 1873, 1850, 1851]"
6024,"[933, 1809, 1704, 1705, 1752]"
6025,"[1737, 138, 154, 137, 1049]"
6026,"[261, 240, 1002, 1013, 66]"
6027,"[213, 982, 211, 985, 212]"
6028,"[812, 1738, 282, 1697, 1924]"
6029,"[886, 1025, 165, 1915, 921]"
6030,"[1677, 153, 149, 967, 271]"
6031,"[1055, 1052, 980, 985, 982]"
6032,"[933, 1704, 1809, 1705, 1193]"
6033,"[1153, 1049, 720, 928, 938]"
6034,"[933, 1495, 1705, 1704, 1670]"
6035,"[1055, 980, 211, 1697, 1696]"
6036,"[1047, 222, 1421, 523, 1787]"
6037,"[1055, 1704, 1752, 1705, 1193]"
6038,"[1002, 240, 233, 238, 234]"
6039,"[1055, 925, 1666, 1495, 216]"
6040,"[271, 1205, 1742, 1549, 1551]"
6041,"[913, 211, 259, 1575, 808]"
6042,"[1055, 1320, 1495, 925, 1030]"
6043,"[1828, 1833, 1837, 1836, 1863]"
6044,"[1812, 1821, 1811, 1822, 1706]"
6045,"[200, 916, 145, 988, 143]"
6046,"[261, 239, 238, 234, 235]"
6047,"[261, 1617, 1812, 1811, 1821]"
6048,"[933, 1809, 1053, 1842, 1850]"
6049,"[1049, 1065, 221, 213, 982]"
6050,"[1049, 211, 1055, 937, 159]"
6051,"[259, 224, 1317, 1153, 261]"
6052,"[1053, 408, 1853, 1850, 1851]"
6053,"[1704, 452, 1705, 1300, 1832]"
6054,"[677, 886, 368, 1042, 1193]"
6055,"[1917, 408, 1832, 1604, 114]"
6056,"[1025, 1029, 1026, 919, 175]"
6057,"[595, 597, 590, 587, 593]"
6058,"[1825, 151, 145, 917, 200]"
6059,"[372, 765, 762, 410, 1202]"
6060,"[1560, 1769, 1786, 990, 1561]"
6061,"[1026, 1046, 1590, 73, 282]"
6062,"[1026, 1072, 719, 1635, 79]"
6063,"[90, 1863, 1836, 398, 1873]"
6064,"[1915, 1916, 1935, 1837, 1936]"
6065,"[1666, 1828, 1837, 1833, 1936]"
6066,"[885, 1026, 1705, 1704, 1752]"
6067,"[1037, 1027, 1752, 1561, 1923]"
6068,"[163, 108, 1915, 1042, 212]"
6069,"[163, 108, 212, 1042, 1924]"
6070,"[885, 1193, 159, 937, 1026]"
6071,"[1026, 1666, 990, 724, 1061]"
6072,"[1836, 1873, 1303, 1861, 1863]"
6073,"[938, 371, 925, 1762, 924]"
6074,"[1042, 919, 1026, 1046, 1756]"
6075,"[1915, 1929, 1863, 1935, 927]"
6076,"[1202, 410, 1026, 1755, 1749]"
6077,"[1915, 496, 1704, 1752, 1705]"
6078,"[637, 663, 651, 656, 653]"
6079,"[1026, 1046, 1590, 73, 282]"
6080,"[1030, 1042, 1705, 89, 1704]"
6081,"[1025, 919, 1026, 159, 937]"
6082,"[1286, 1836, 398, 1863, 1873]"
6083,"[163, 1915, 164, 1030, 139]"
6084,"[1511, 1026, 1924, 1651, 1756]"
6085,"[1873, 1836, 1705, 1704, 1924]"
6086,"[1915, 1026, 108, 1906, 1014]"
6087,"[1025, 919, 1026, 159, 937]"
6088,"[1924, 1713, 98, 258, 1704]"
6089,"[1825, 1304, 1760, 1761, 1705]"
6090,"[1760, 1761, 1884, 1191, 1825]"
6091,"[1607, 1742, 1705, 1704, 1551]"
6092,"[1704, 1705, 1523, 1825, 1760]"
6093,"[273, 277, 275, 274, 279]"
6094,"[1704, 164, 1705, 673, 258]"
6095,"[1926, 1704, 1825, 1191, 1760]"
6096,"[1040, 1705, 1704, 1680, 689]"
6097,"[1828, 1833, 1837, 1863, 1704]"
6098,"[1937, 1924, 1705, 478, 1523]"
6099,"[1705, 1704, 1442, 901, 432]"
6100,"[783, 1926, 1705, 111, 1249]"
6101,"[1705, 1704, 1900, 1761, 1760]"
6102,"[1924, 116, 478, 89, 1677]"
6103,"[116, 692, 1112, 455, 291]"
6104,"[116, 455, 1677, 89, 890]"
6105,"[368, 98, 165, 1825, 97]"
6106,"[1704, 1705, 1825, 1556, 543]"
6107,"[1902, 1900, 1676, 455, 1705]"
6108,"[455, 89, 673, 926, 216]"
6109,"[1841, 1840, 1838, 1839, 705]"
6110,"[332, 921, 326, 1124, 347]"
6111,"[1772, 777, 1304, 1704, 783]"
6112,"[1760, 443, 258, 1721, 887]"
6113,"[1704, 1705, 1760, 1191, 126]"
6114,"[279, 273, 275, 274, 277]"
6115,"[692, 887, 1704, 1705, 1926]"
6116,"[1924, 125, 1792, 1697, 412]"
6117,"[1704, 1705, 1192, 689, 1765]"
6118,"[1704, 1705, 1272, 692, 1752]"
6119,"[383, 1705, 1704, 1604, 1186]"
6120,"[1772, 1924, 1210, 1403, 777]"
6121,"[1896, 1607, 1157, 1586, 1608]"
6122,"[1915, 125, 1618, 1705, 1704]"
6123,"[280, 455, 114, 275, 273]"
6124,"[443, 1721, 108, 1704, 1762]"
6125,"[1705, 1761, 1760, 1884, 1825]"
6126,"[1607, 1904, 401, 1587, 1608]"
6127,"[1129, 321, 1128, 1697, 116]"
6128,"[258, 1011, 1134, 1903, 1615]"
6129,"[1695, 603, 605, 1273, 966]"
6130,"[116, 368, 1705, 1704, 1924]"
6131,"[1704, 1697, 1705, 862, 1825]"
6132,"[281, 1704, 1705, 455, 1556]"
6133,"[1547, 165, 1549, 927, 1541]"
6134,"[1705, 1924, 1122, 317, 325]"
6135,"[1902, 1552, 1071, 1052, 325]"
6136,"[1760, 1704, 1761, 1705, 1296]"
6137,"[1705, 1134, 1704, 1163, 1192]"
6138,"[665, 793, 663, 102, 656]"
6139,"[1915, 441, 927, 1863, 1828]"
6140,"[749, 1022, 477, 629, 665]"
6141,"[1915, 405, 1705, 1343, 216]"
6142,"[1902, 1900, 408, 1917, 1588]"
6143,"[964, 952, 915, 966, 911]"
6144,"[1628, 273, 216, 276, 1046]"
6145,"[1795, 628, 1516, 1840, 1841]"
6146,"[97, 1902, 1617, 292, 1762]"
6147,"[1705, 46, 1704, 681, 954]"
6148,"[1643, 1863, 1828, 1837, 1935]"
6149,"[1704, 601, 1100, 644, 641]"
6150,"[279, 1016, 274, 689, 649]"
6151,"[665, 1320, 1705, 420, 60]"
6152,"[1772, 1863, 1935, 927, 1828]"
6153,"[665, 1705, 171, 382, 131]"
6154,"[1902, 1915, 1552, 1705, 1900]"
6155,"[1915, 216, 1705, 1704, 1544]"
6156,"[1935, 1828, 1837, 1833, 1915]"
6157,"[665, 171, 1155, 1615, 1088]"
6158,"[616, 280, 710, 1752, 1163]"
6159,"[1902, 1552, 1915, 1763, 1756]"
6160,"[1524, 1559, 1752, 1525, 1924]"
6161,"[665, 171, 1155, 749, 350]"
6162,"[1934, 1704, 1705, 440, 1128]"
6163,"[398, 376, 655, 677, 90]"
6164,"[96, 97, 927, 1935, 1201]"
6165,"[98, 97, 96, 102, 1313]"
6166,"[1704, 1915, 1705, 1699, 891]"
6167,"[1163, 216, 1915, 850, 386]"
6168,"[1704, 114, 1705, 89, 1192]"
6169,"[420, 1771, 1828, 1833, 1837]"
6170,"[1201, 1789, 1788, 1790, 1786]"
6171,"[1827, 1828, 1837, 1833, 42]"
6172,"[1036, 1915, 97, 1917, 216]"
6173,"[1902, 1746, 98, 97, 96]"
6174,"[102, 1746, 96, 97, 409]"
6175,"[1705, 1704, 43, 1924, 681]"
6176,"[314, 865, 1747, 863, 1923]"
6177,"[863, 1747, 865, 118, 1923]"
6178,"[1923, 314, 904, 865, 1747]"
6179,"[314, 1119, 1115, 427, 118]"
6180,"[863, 1747, 865, 1628, 1553]"
6181,"[865, 863, 1747, 59, 314]"
6182,"[314, 1923, 1742, 1747, 865]"
6183,"[1705, 865, 1704, 1747, 1419]"
6184,"[314, 313, 865, 1747, 863]"
6185,"[863, 1747, 865, 1923, 59]"
6186,"[863, 865, 1900, 1747, 443]"
6187,"[1249, 863, 865, 1747, 1923]"
6188,"[863, 1747, 865, 1923, 118]"
6189,"[1923, 865, 863, 1747, 118]"
6190,"[118, 865, 863, 1747, 1028]"
6191,"[1747, 865, 863, 1549, 688]"
6192,"[1027, 1159, 447, 1273, 361]"
6193,"[1915, 528, 1507, 1434, 1695]"
6194,"[1747, 863, 865, 1923, 118]"
6195,"[1116, 1932, 139, 364, 190]"
6196,"[865, 1747, 863, 314, 1923]"
6197,"[1747, 863, 865, 314, 73]"
6198,"[314, 1923, 1742, 1117, 1543]"
6199,"[1747, 863, 865, 314, 59]"
6200,"[865, 863, 1747, 1758, 1491]"
6201,"[314, 1923, 865, 1747, 863]"
6202,"[1747, 863, 865, 118, 114]"
6203,"[1923, 313, 314, 125, 1674]"
6204,"[1484, 455, 1863, 171, 1922]"
6205,"[778, 688, 1722, 1544, 1129]"
6206,"[314, 1923, 118, 89, 1534]"
6207,"[314, 1598, 863, 819, 1747]"
6208,"[314, 865, 863, 1747, 118]"
6209,"[1900, 655, 265, 1116, 636]"
6210,"[1902, 447, 1273, 361, 171]"
6211,"[118, 1747, 863, 865, 59]"
6212,"[341, 1021, 265, 1073, 1906]"
6213,"[314, 865, 863, 1747, 1923]"
6214,"[314, 1913, 1912, 1915, 73]"
6215,"[59, 1747, 863, 865, 118]"
6216,"[314, 1747, 863, 865, 118]"
6217,"[863, 1747, 865, 1608, 1598]"
6218,"[314, 1923, 865, 1717, 1747]"
6219,"[921, 1128, 1924, 1434, 333]"
6220,"[455, 125, 926, 1567, 216]"
6221,"[1192, 1567, 455, 114, 1880]"
6222,"[455, 1567, 1733, 412, 1786]"
6223,"[1705, 1192, 1567, 1604, 1704]"
6224,"[1758, 1192, 1762, 466, 1712]"
6225,"[1704, 455, 1567, 216, 1611]"
6226,"[455, 1157, 1177, 1567, 124]"
6227,"[1704, 1705, 1567, 1880, 16]"
6228,"[1929, 1928, 1637, 829, 837]"
6229,"[1704, 1760, 1705, 1761, 1588]"
6230,"[455, 1567, 16, 114, 1191]"
6231,"[455, 1567, 89, 114, 612]"
6232,"[688, 1915, 1722, 16, 1924]"
6233,"[1726, 1191, 1637, 321, 692]"
6234,"[455, 926, 1906, 372, 1567]"
6235,"[926, 1705, 1704, 1884, 1555]"
6236,"[1899, 390, 1726, 1191, 1567]"
6237,"[1617, 926, 1705, 1704, 1746]"
6238,"[1899, 1704, 1705, 455, 114]"
6239,"[1884, 1899, 1705, 1704, 1588]"
6240,"[1617, 926, 159, 937, 16]"
6241,"[455, 1567, 16, 1191, 114]"
6242,"[1929, 455, 535, 1191, 1567]"
6243,"[1705, 1726, 1611, 1704, 1191]"
6244,"[1916, 1277, 926, 825, 16]"
6245,"[1705, 1760, 1761, 1191, 1704]"
6246,"[1929, 455, 535, 1592, 1567]"
6247,"[1705, 455, 1704, 454, 1192]"
6248,"[1726, 1191, 926, 1567, 16]"
6249,"[1915, 1705, 1567, 114, 455]"
6250,"[455, 535, 1191, 1567, 16]"
6251,"[1907, 455, 1884, 454, 925]"
6252,"[1192, 828, 1863, 1567, 16]"
6253,"[1705, 1704, 1924, 16, 114]"
6254,"[1704, 1192, 1611, 1705, 1924]"
6255,"[1760, 1761, 1884, 1567, 1705]"
6256,"[1795, 1704, 1705, 1884, 1904]"
6257,"[1922, 1897, 535, 114, 455]"
6258,"[1307, 1567, 1772, 1880, 114]"
6259,"[1704, 1705, 718, 114, 1896]"
6260,"[1617, 292, 455, 1191, 1760]"
6261,"[1899, 455, 1924, 114, 1567]"
6262,"[1928, 114, 1567, 1318, 16]"
6263,"[1899, 1929, 16, 1758, 1726]"
6264,"[1671, 1613, 372, 1714, 412]"
6265,"[1896, 1607, 1157, 1608, 1613]"
6266,"[372, 368, 1905, 1627, 1607]"
6267,"[116, 89, 443, 455, 125]"
6268,"[1924, 125, 1705, 452, 1300]"
6269,"[1067, 1769, 1896, 1705, 1899]"
6270,"[1192, 1567, 135, 1705, 114]"
6271,"[368, 918, 1011, 108, 128]"
6272,"[135, 1567, 1704, 1705, 1202]"
6273,"[1273, 361, 447, 108, 1705]"
6274,"[1899, 1191, 1704, 1705, 1760]"
6275,"[1705, 1063, 1733, 216, 1896]"
6276,"[1705, 1760, 128, 1761, 1704]"
6277,"[1068, 1202, 410, 89, 1249]"
6278,"[1192, 1604, 410, 1202, 89]"
6279,"[135, 1570, 1557, 108, 1721]"
6280,"[1157, 1607, 1896, 1608, 1517]"
6281,"[1157, 368, 862, 455, 1567]"
6282,"[368, 372, 1896, 1192, 1705]"
6283,"[1905, 1627, 1527, 1671, 1907]"
6284,"[455, 1896, 1567, 1704, 1705]"
6285,"[1015, 1705, 1704, 1773, 468]"
6286,"[310, 372, 1567, 729, 1704]"
6287,"[1704, 1705, 1191, 1193, 455]"
6288,"[1072, 372, 1157, 368, 1704]"
6289,"[368, 1042, 886, 1567, 216]"
6290,"[1202, 410, 455, 1676, 1567]"
6291,"[1721, 114, 1705, 1567, 510]"
6292,"[1704, 1511, 1705, 511, 1836]"
6293,"[599, 597, 593, 590, 587]"
6294,"[259, 967, 224, 1567, 441]"
6295,"[1915, 1567, 1192, 1618, 1704]"
6296,"[1704, 1612, 1705, 164, 1607]"
6297,"[1072, 1063, 372, 108, 368]"
6298,"[1063, 1896, 1904, 1613, 1705]"
6299,"[1705, 1704, 1249, 1607, 1658]"
6300,"[677, 1567, 1880, 1578, 1784]"
6301,"[368, 372, 752, 455, 759]"
6302,"[455, 1607, 1705, 1733, 1704]"
6303,"[511, 1704, 1705, 1809, 1873]"
6304,"[372, 1896, 1760, 1705, 819]"
6305,"[1157, 1896, 372, 921, 1191]"
6306,"[1896, 1157, 1192, 1607, 1608]"
6307,"[372, 1607, 1704, 1705, 901]"
6308,"[700, 1705, 1704, 1405, 1615]"
6309,"[1022, 1155, 1157, 1121, 374]"
6310,"[1615, 1011, 1586, 1903, 726]"
6311,"[1021, 969, 89, 1627, 114]"
6312,"[1704, 1705, 1348, 1733, 614]"
6313,"[667, 1088, 216, 1019, 306]"
6314,"[812, 862, 120, 1697, 1696]"
6315,"[1875, 1705, 1704, 223, 479]"
6316,"[69, 1876, 269, 285, 1932]"
6317,"[1733, 1793, 1121, 1924, 1792]"
6318,"[1906, 455, 1586, 1556, 1538]"
6319,"[443, 1232, 1411, 1437, 1524]"
6320,"[631, 349, 1161, 374, 1600]"
6321,"[164, 1910, 1121, 1884, 1600]"
6322,"[969, 269, 955, 973, 972]"
6323,"[409, 102, 922, 1025, 547]"
6324,"[285, 269, 706, 1163, 1932]"
6325,"[1773, 1704, 1705, 1121, 1464]"
6326,"[644, 1704, 1702, 1705, 1121]"
6327,"[1878, 1707, 999, 190, 272]"
6328,"[1143, 878, 547, 1191, 922]"
6329,"[269, 285, 1932, 207, 1876]"
6330,"[207, 969, 968, 973, 970]"
6331,"[999, 306, 358, 216, 1001]"
6332,"[1155, 390, 1273, 969, 842]"
6333,"[1155, 1121, 1161, 374, 631]"
6334,"[341, 969, 207, 973, 970]"
6335,"[1828, 1833, 1837, 1863, 1935]"
6336,"[614, 868, 1750, 20, 1748]"
6337,"[1063, 125, 1676, 89, 1544]"
6338,"[332, 1697, 1696, 1156, 1618]"
6339,"[969, 206, 208, 974, 970]"
6340,"[1787, 69, 269, 285, 1932]"
6341,"[1915, 406, 1704, 216, 407]"
6342,"[1900, 443, 1543, 1638, 1615]"
6343,"[815, 1884, 640, 1573, 259]"
6344,"[1155, 1586, 1615, 1060, 306]"
6345,"[69, 1932, 134, 1876, 285]"
6346,"[1022, 1155, 1121, 1249, 1637]"
6347,"[1197, 125, 1792, 1297, 807]"
6348,"[862, 1603, 1063, 1788, 1787]"
6349,"[1613, 969, 207, 970, 973]"
6350,"[1102, 1627, 969, 1905, 1554]"
6351,"[1917, 7, 618, 1001, 216]"
6352,"[1116, 1626, 1157, 1150, 418]"
6353,"[1917, 1607, 1894, 1544, 1705]"
6354,"[890, 112, 59, 216, 1646]"
6355,"[478, 1752, 410, 1202, 116]"
6356,"[1088, 757, 599, 1108, 593]"
6357,"[1875, 1705, 1880, 1924, 1784]"
6358,"[1896, 409, 1746, 1899, 1219]"
6359,"[98, 1746, 409, 102, 97]"
6360,"[1030, 1257, 1531, 1068, 1705]"
6361,"[1906, 110, 1705, 1704, 926]"
6362,"[1906, 1603, 1255, 440, 1474]"
6363,"[1915, 1899, 677, 1907, 216]"
6364,"[1249, 452, 1697, 1300, 403]"
6365,"[1896, 1922, 1897, 1705, 1899]"
6366,"[677, 1620, 425, 1705, 1612]"
6367,"[1917, 1704, 1705, 1637, 1762]"
6368,"[868, 164, 425, 1748, 1588]"
6369,"[1899, 583, 507, 216, 1471]"
6370,"[1915, 1902, 596, 598, 574]"
6371,"[409, 102, 1746, 1900, 97]"
6372,"[1192, 575, 1705, 571, 568]"
6373,"[1915, 890, 868, 164, 1907]"
6374,"[1160, 1155, 1900, 1891, 1646]"
6375,"[1302, 1281, 1324, 1225, 437]"
6376,"[1902, 1620, 1752, 1704, 1705]"
6377,"[1899, 1762, 1758, 1705, 95]"
6378,"[1762, 1705, 1758, 1704, 1612]"
6379,"[478, 1257, 1761, 1705, 1704]"
6380,"[1113, 375, 320, 125, 1903]"
6381,"[1900, 788, 1498, 1300, 452]"
6382,"[1900, 1902, 1915, 1543, 1704]"
6383,"[1900, 1705, 1704, 1761, 114]"
6384,"[1922, 1897, 1705, 1192, 1762]"
6385,"[1704, 885, 1705, 1832, 1831]"
6386,"[1705, 1324, 483, 1322, 1225]"
6387,"[1030, 1257, 1125, 1068, 92]"
6388,"[1704, 1705, 1761, 478, 1567]"
6389,"[455, 1705, 114, 1704, 530]"
6390,"[901, 1253, 430, 1298, 885]"
6391,"[95, 1704, 1705, 1302, 1809]"
6392,"[98, 1746, 409, 102, 97]"
6393,"[1705, 1762, 1758, 1574, 1704]"
6394,"[1705, 1599, 114, 530, 890]"
6395,"[868, 1148, 1607, 1705, 97]"
6396,"[1279, 1704, 1705, 1746, 1750]"
6397,"[1272, 1117, 504, 1279, 1690]"
6398,"[73, 1394, 1417, 94, 1781]"
6399,"[1279, 1066, 759, 1750, 1534]"
6400,"[1936, 1807, 1279, 1295, 1086]"
6401,"[1936, 1807, 89, 1277, 1676]"
6402,"[1705, 1704, 677, 496, 1197]"
6403,"[1279, 1603, 862, 1788, 1787]"
6404,"[1704, 1302, 1705, 1836, 1873]"
6405,"[823, 486, 725, 641, 1667]"
6406,"[437, 1279, 1285, 94, 1266]"
6407,"[1677, 1705, 1704, 926, 903]"
6408,"[1816, 1817, 1813, 1814, 1706]"
6409,"[1279, 216, 1118, 1495, 1055]"
6410,"[1178, 1637, 1928, 1091, 1906]"
6411,"[1279, 1087, 1076, 346, 1099]"
6412,"[1279, 1080, 1191, 884, 455]"
6413,"[1924, 1733, 1916, 1919, 1528]"
6414,"[1812, 1279, 1902, 1810, 1822]"
6415,"[1705, 1704, 1777, 1765, 1607]"
6416,"[586, 42, 1902, 1863, 1334]"
6417,"[1915, 1807, 1277, 116, 1936]"
6418,"[1807, 676, 690, 686, 1544]"
6419,"[1279, 1088, 1104, 1872, 1835]"
6420,"[1522, 1807, 1937, 1705, 1924]"
6421,"[441, 363, 851, 1807, 255]"
6422,"[1612, 1705, 1704, 1677, 1927]"
6423,"[128, 677, 1279, 376, 409]"
6424,"[1277, 1936, 1279, 116, 1884]"
6425,"[1704, 969, 972, 1705, 970]"
6426,"[440, 1931, 1926, 447, 1273]"
6427,"[446, 1807, 128, 1157, 1608]"
6428,"[359, 432, 997, 55, 1273]"
6429,"[1788, 1789, 1279, 1792, 1790]"
6430,"[36, 9, 736, 1915, 446]"
6431,"[432, 1873, 1807, 1906, 1704]"
6432,"[1279, 1914, 1750, 73, 1912]"
6433,"[73, 8, 3, 6, 2]"
6434,"[1285, 1279, 437, 94, 1781]"
6435,"[1279, 165, 159, 937, 926]"
6436,"[1935, 1807, 1302, 1704, 1705]"
6437,"[1279, 1936, 89, 1086, 1277]"
6438,"[862, 1915, 1788, 1603, 1279]"
6439,"[1178, 1928, 1204, 1906, 1529]"
6440,"[440, 1599, 89, 125, 1903]"
6441,"[903, 1828, 1837, 1833, 927]"
6442,"[1793, 1792, 1249, 475, 1318]"
6443,"[347, 1704, 1705, 1, 1199]"
6444,"[807, 1129, 440, 478, 1924]"
6445,"[89, 1599, 455, 1676, 1192]"
6446,"[1123, 1599, 692, 1313, 1600]"
6447,"[116, 443, 1925, 1028, 1875]"
6448,"[8, 73, 1742, 749, 3]"
6449,"[1313, 98, 749, 1889, 46]"
6450,"[1545, 97, 96, 1626, 1733]"
6451,"[1607, 1894, 1196, 1313, 368]"
6452,"[409, 46, 1639, 891, 1599]"
6453,"[468, 1643, 1705, 1704, 530]"
6454,"[734, 1599, 1650, 726, 727]"
6455,"[1607, 1134, 1894, 1196, 1313]"
6456,"[868, 1041, 1525, 1524, 1559]"
6457,"[1599, 1246, 1196, 1615, 1586]"
6458,"[1900, 1825, 739, 128, 1304]"
6459,"[727, 1650, 726, 734, 1011]"
6460,"[408, 1638, 868, 164, 624]"
6461,"[98, 1196, 1894, 1262, 1313]"
6462,"[440, 1894, 734, 1196, 1650]"
6463,"[1269, 1036, 1, 1704, 1705]"
6464,"[309, 1076, 1484, 1705, 1704]"
6465,"[443, 1233, 1757, 1776, 1493]"
6466,"[1599, 1607, 480, 1196, 1313]"
6467,"[102, 98, 409, 1746, 97]"
6468,"[1309, 459, 1549, 1617, 1272]"
6469,"[1878, 1707, 1586, 1615, 1646]"
6470,"[1543, 1544, 1561, 1260, 1525]"
6471,"[1246, 1599, 1196, 1615, 1586]"
6472,"[1704, 307, 1100, 308, 1608]"
6473,"[1253, 1196, 73, 307, 98]"
6474,"[480, 1607, 1894, 73, 1196]"
6475,"[734, 727, 726, 1650, 1313]"
6476,"[1302, 1522, 1232, 307, 1196]"
6477,"[594, 1086, 160, 930, 1689]"
6478,"[89, 1192, 455, 95, 113]"
6479,"[1313, 4, 793, 96, 97]"
6480,"[515, 464, 1492, 1475, 518]"
6481,"[307, 1100, 308, 1581, 1608]"
6482,"[1152, 1894, 734, 726, 727]"
6483,"[302, 464, 1776, 1757, 1753]"
6484,"[165, 927, 1936, 441, 290]"
6485,"[1179, 1299, 933, 1256, 1260]"
6486,"[1895, 73, 828, 1863, 1935]"
6487,"[865, 1747, 863, 1923, 928]"
6488,"[1772, 1032, 1704, 1705, 884]"
6489,"[1188, 1187, 1114, 1338, 492]"
6490,"[1287, 1895, 1570, 1089, 89]"
6491,"[865, 863, 1747, 828, 927]"
6492,"[1731, 1155, 1726, 801, 1728]"
6493,"[341, 1600, 1924, 125, 1733]"
6494,"[1650, 726, 727, 734, 1906]"
6495,"[1785, 1287, 1759, 1764, 828]"
6496,"[1216, 1287, 1835, 110, 1045]"
6497,"[1256, 1260, 1905, 1527, 505]"
6498,"[927, 1915, 1935, 1863, 1936]"
6499,"[1287, 1785, 1756, 982, 216]"
6500,"[1650, 726, 727, 135, 734]"
6501,"[1759, 1764, 1776, 282, 73]"
6502,"[1277, 511, 468, 955, 1704]"
6503,"[73, 949, 1705, 1704, 705]"
6504,"[1249, 1777, 1765, 901, 1771]"
6505,"[116, 1915, 468, 972, 1900]"
6506,"[1772, 441, 927, 1863, 1935]"
6507,"[125, 89, 928, 48, 113]"
6508,"[1895, 828, 1863, 1935, 927]"
6509,"[133, 1, 1704, 1705, 1516]"
6510,"[441, 884, 1675, 89, 1699]"
6511,"[623, 107, 828, 1756, 1704]"
6512,"[594, 1863, 542, 1935, 927]"
6513,"[781, 1699, 1705, 1675, 1704]"
6514,"[1041, 615, 884, 438, 406]"
6515,"[1772, 1895, 1863, 1935, 927]"
6516,"[381, 1704, 1705, 1921, 259]"
6517,"[73, 1704, 1705, 1065, 205]"
6518,"[82, 828, 927, 1863, 107]"
6519,"[1704, 1705, 739, 257, 1768]"
6520,"[73, 1062, 1114, 1917, 263]"
6521,"[361, 1273, 447, 1705, 1704]"
6522,"[1440, 527, 1567, 1213, 523]"
6523,"[1727, 1731, 808, 1732, 383]"
6524,"[1895, 1015, 828, 1785, 1877]"
6525,"[631, 624, 460, 884, 455]"
6526,"[1772, 594, 927, 1863, 1935]"
6527,"[1895, 828, 996, 758, 762]"
6528,"[478, 1924, 1704, 1705, 1581]"
6529,"[1900, 807, 1281, 1761, 1296]"
6530,"[478, 1924, 1705, 1704, 1600]"
6531,"[1915, 1733, 114, 455, 1705]"
6532,"[116, 1884, 455, 1246, 786]"
6533,"[1915, 1038, 361, 1066, 1884]"
6534,"[164, 163, 1924, 1792, 455]"
6535,"[1924, 478, 163, 1884, 938]"
6536,"[807, 1705, 1704, 478, 1924]"
6537,"[175, 919, 163, 1884, 938]"
6538,"[1772, 395, 1246, 1884, 462]"
6539,"[1915, 1733, 412, 1792, 1793]"
6540,"[116, 16, 1038, 1884, 1900]"
6541,"[1907, 1922, 1897, 114, 1884]"
6542,"[478, 1924, 1705, 1704, 1197]"
6543,"[1915, 1649, 478, 216, 1297]"
6544,"[1915, 478, 1924, 677, 216]"
6545,"[371, 807, 1038, 1246, 361]"
6546,"[388, 257, 1604, 1884, 360]"
6547,"[1915, 478, 1924, 1884, 1902]"
6548,"[1884, 175, 938, 159, 937]"
6549,"[1924, 1704, 565, 1705, 1884]"
6550,"[807, 114, 1705, 216, 1904]"
6551,"[1924, 1915, 1884, 163, 51]"
6552,"[1705, 1704, 1924, 478, 464]"
6553,"[1924, 478, 1705, 1704, 1922]"
6554,"[361, 1884, 1924, 1762, 786]"
6555,"[369, 1710, 1192, 1773, 1705]"
6556,"[116, 1924, 478, 1884, 921]"
6557,"[478, 1924, 1907, 1662, 1523]"
6558,"[1915, 116, 455, 1884, 446]"
6559,"[1246, 1558, 163, 919, 1025]"
6560,"[1884, 259, 1724, 257, 462]"
6561,"[1884, 1604, 1306, 462, 605]"
6562,"[1902, 1705, 1704, 114, 1924]"
6563,"[175, 919, 922, 1884, 878]"
6564,"[478, 1705, 1704, 1063, 1924]"
6565,"[478, 1924, 1705, 1704, 919]"
6566,"[1924, 478, 116, 1884, 1197]"
6567,"[478, 1924, 1704, 1705, 1884]"
6568,"[1915, 361, 360, 216, 1762]"
6569,"[175, 919, 1773, 1884, 1705]"
6570,"[1704, 114, 1705, 455, 1567]"
6571,"[478, 1924, 1197, 1726, 1922]"
6572,"[361, 96, 97, 98, 1762]"
6573,"[919, 478, 1924, 1297, 159]"
6574,"[1772, 1434, 1932, 190, 1576]"
6575,"[361, 818, 446, 1307, 1772]"
6576,"[1785, 1776, 1757, 1314, 468]"
6577,"[478, 1705, 1704, 125, 1297]"
6578,"[1704, 383, 1705, 1604, 1924]"
6579,"[1761, 1704, 1760, 1705, 1758]"
6580,"[1607, 1157, 1896, 938, 928]"
6581,"[18, 1904, 114, 809, 336]"
6582,"[1784, 411, 678, 1922, 1897]"
6583,"[691, 1704, 1884, 1705, 159]"
6584,"[1915, 1705, 1704, 1611, 1063]"
6585,"[1705, 1704, 1884, 478, 1924]"
6586,"[1705, 89, 455, 1412, 1676]"
6587,"[1610, 1581, 1705, 1704, 1772]"
6588,"[1039, 1705, 1704, 212, 139]"
6589,"[114, 1705, 1704, 1321, 1773]"
6590,"[1915, 1705, 1704, 1011, 1924]"
6591,"[1063, 691, 1434, 1573, 1544]"
6592,"[361, 807, 1063, 216, 446]"
6593,"[1113, 784, 292, 1617, 1555]"
6594,"[409, 1746, 102, 97, 96]"
6595,"[1832, 90, 928, 934, 924]"
6596,"[1617, 1705, 1704, 1915, 1607]"
6597,"[926, 1705, 1704, 1202, 410]"
6598,"[1777, 1765, 1704, 1705, 885]"
6599,"[1704, 1705, 1832, 1873, 1836]"
6600,"[368, 125, 116, 455, 618]"
6601,"[1159, 1705, 1704, 1620, 361]"
6602,"[371, 924, 1148, 1760, 1825]"
6603,"[1758, 292, 1761, 1762, 1617]"
6604,"[1928, 1906, 1704, 1705, 937]"
6605,"[937, 924, 164, 921, 159]"
6606,"[125, 1924, 1249, 926, 89]"
6607,"[1758, 1762, 937, 1617, 1915]"
6608,"[885, 1704, 1705, 162, 919]"
6609,"[926, 1704, 1618, 1705, 1249]"
6610,"[1915, 926, 1936, 1277, 1626]"
6611,"[926, 1704, 1705, 885, 1906]"
6612,"[1705, 1704, 1825, 1836, 1873]"
6613,"[1758, 1762, 1929, 1704, 892]"
6614,"[1302, 1704, 1705, 511, 501]"
6615,"[292, 1762, 1758, 1617, 1761]"
6616,"[1704, 926, 1705, 1617, 412]"
6617,"[1928, 1906, 937, 159, 165]"
6618,"[165, 937, 159, 926, 919]"
6619,"[1915, 408, 1917, 618, 921]"
6620,"[1902, 1704, 455, 1705, 162]"
6621,"[868, 1748, 1071, 408, 1561]"
6622,"[926, 885, 1705, 1704, 162]"
6623,"[1555, 926, 758, 935, 925]"
6624,"[1618, 1617, 1825, 926, 242]"
6625,"[1902, 1704, 455, 1705, 162]"
6626,"[925, 1915, 1927, 924, 175]"
6627,"[1915, 998, 737, 216, 1705]"
6628,"[1915, 1618, 925, 938, 1917]"
6629,"[1915, 1618, 937, 164, 175]"
6630,"[926, 762, 165, 1558, 1705]"
6631,"[1627, 409, 926, 175, 165]"
6632,"[1915, 1705, 926, 1704, 412]"
6633,"[1550, 163, 165, 926, 1742]"
6634,"[1618, 926, 1704, 1705, 1904]"
6635,"[1618, 926, 1704, 1705, 162]"
6636,"[825, 1567, 1549, 1551, 1001]"
6637,"[862, 982, 212, 223, 1049]"
6638,"[1001, 842, 739, 349, 381]"
6639,"[7, 1697, 412, 825, 1924]"
6640,"[750, 1118, 825, 1549, 1001]"
6641,"[556, 825, 1762, 748, 976]"
6642,"[368, 16, 739, 455, 1613]"
6643,"[1001, 825, 1326, 1549, 1292]"
6644,"[408, 89, 455, 1924, 468]"
6645,"[120, 1924, 1634, 1792, 1733]"
6646,"[1922, 1897, 1924, 89, 1704]"
6647,"[120, 1634, 1748, 868, 65]"
6648,"[1052, 145, 1590, 1649, 1027]"
6649,"[289, 811, 1915, 1807, 1713]"
6650,"[1281, 460, 1643, 1343, 1355]"
6651,"[1917, 1902, 1526, 1899, 1792]"
6652,"[1561, 1915, 677, 1030, 641]"
6653,"[1902, 98, 97, 96, 102]"
6654,"[1899, 1567, 1884, 1191, 884]"
6655,"[1904, 43, 1627, 921, 1587]"
6656,"[1902, 1700, 171, 1704, 1705]"
6657,"[1705, 1904, 1704, 1567, 95]"
6658,"[1647, 785, 648, 1727, 1197]"
6659,"[372, 765, 1202, 403, 410]"
6660,"[1929, 1592, 1191, 1890, 438]"
6661,"[1704, 1705, 1204, 1889, 110]"
6662,"[1300, 511, 1704, 1705, 452]"
6663,"[1705, 1704, 1904, 1567, 860]"
6664,"[1627, 1924, 1526, 1922, 1897]"
6665,"[108, 212, 141, 1915, 1592]"
6666,"[1704, 933, 1705, 1618, 511]"
6667,"[441, 1828, 1833, 1837, 1863]"
6668,"[1042, 138, 108, 1591, 212]"
6669,"[98, 102, 1746, 96, 97]"
6670,"[1704, 1705, 303, 1280, 1076]"
6671,"[716, 849, 1781, 1782, 1798]"
6672,"[165, 1627, 927, 1598, 1587]"
6673,"[1705, 1704, 1721, 1570, 108]"
6674,"[1747, 863, 865, 59, 118]"
6675,"[1915, 1813, 1814, 1706, 1828]"
6676,"[1889, 1704, 1705, 1904, 1424]"
6677,"[1277, 1614, 807, 860, 1704]"
6678,"[126, 1937, 1924, 1813, 1814]"
6679,"[1203, 1772, 1063, 138, 175]"
6680,"[1915, 394, 1183, 707, 345]"
6681,"[1915, 116, 1900, 408, 1917]"
6682,"[1747, 865, 863, 1549, 688]"
6683,"[125, 1702, 423, 1244, 902]"
6684,"[90, 1511, 1825, 1695, 528]"
6685,"[322, 89, 108, 901, 114]"
6686,"[1752, 667, 291, 1708, 1878]"
6687,"[1915, 1704, 1705, 1789, 1792]"
6688,"[1043, 1705, 1704, 406, 933]"
6689,"[665, 629, 1705, 658, 1028]"
6690,"[1936, 1807, 89, 1277, 1676]"
6691,"[1496, 1567, 1704, 1307, 16]"
6692,"[1115, 314, 528, 1507, 1434]"
6693,"[73, 1050, 150, 1754, 952]"
6694,"[292, 1617, 1760, 1924, 1722]"
6695,"[1704, 1705, 1758, 480, 1761]"
6696,"[902, 885, 403, 924, 176]"
6697,"[1560, 212, 136, 1036, 141]"
6698,"[1836, 1825, 1906, 1528, 1828]"
6699,"[1041, 1929, 1592, 410, 1202]"
6700,"[326, 1587, 890, 113, 868]"
6701,"[125, 1915, 423, 1244, 677]"
6702,"[1915, 1042, 823, 1591, 216]"
6703,"[1264, 1081, 1704, 1705, 1111]"
6704,"[1690, 125, 1126, 423, 1244]"
6705,"[1915, 1924, 165, 937, 921]"
6706,"[1915, 868, 1748, 1536, 125]"
6707,"[933, 931, 176, 934, 925]"
6708,"[1029, 1017, 1060, 1046, 165]"
6709,"[1915, 455, 1704, 1705, 1666]"
6710,"[1924, 1705, 1704, 1677, 111]"
6711,"[478, 116, 1924, 1915, 1676]"
6712,"[628, 1795, 60, 1909, 933]"
6713,"[1070, 291, 1614, 112, 1191]"
6714,"[1592, 1607, 218, 1613, 261]"
6715,"[289, 1704, 1705, 1424, 1904]"
6716,"[930, 604, 201, 160, 999]"
6717,"[478, 1924, 1761, 1915, 1705]"
6718,"[190, 677, 1884, 835, 1910]"
6719,"[164, 163, 1924, 1792, 455]"
6720,"[261, 1788, 1053, 1787, 1809]"
6721,"[1040, 1462, 301, 126, 358]"
6722,"[291, 1614, 1636, 438, 667]"
6723,"[1761, 1755, 1507, 528, 538]"
6724,"[1896, 1157, 1608, 1607, 1613]"
6725,"[1700, 171, 1863, 1935, 927]"
6726,"[98, 96, 97, 102, 1746]"
6727,"[1922, 1897, 1899, 1191, 455]"
6728,"[938, 935, 925, 1030, 926]"
6729,"[219, 376, 1035, 677, 618]"
6730,"[618, 1296, 1900, 1760, 1680]"
6731,"[692, 1610, 1705, 1704, 1924]"
6732,"[1915, 1924, 1705, 1704, 1916]"
6733,"[1915, 1260, 408, 430, 1253]"
6734,"[1878, 1707, 1915, 216, 372]"
6735,"[1916, 1030, 1178, 1928, 1906]"
6736,"[1902, 1915, 406, 407, 1863]"
6737,"[1155, 350, 1030, 241, 1704]"
6738,"[1098, 108, 1705, 1704, 455]"
6739,"[1772, 1358, 1567, 927, 1907]"
6740,"[113, 926, 164, 89, 890]"
6741,"[1068, 636, 1133, 1726, 824]"
6742,"[1884, 1708, 1878, 1707, 48]"
6743,"[1319, 259, 1153, 1875, 256]"
6744,"[1705, 1704, 380, 636, 853]"
6745,"[1705, 1889, 73, 1118, 1160]"
6746,"[291, 1614, 1606, 1636, 438]"
6747,"[1704, 1705, 926, 432, 1795]"
6748,"[1902, 1552, 98, 97, 96]"
6749,"[114, 1567, 1192, 16, 1611]"
6750,"[1922, 1897, 1896, 1789, 454]"
6751,"[1915, 1030, 96, 97, 1885]"
6752,"[1114, 455, 1694, 504, 1536]"
6753,"[1705, 1704, 1924, 1606, 1884]"
6754,"[749, 171, 1757, 1776, 1705]"
6755,"[1019, 1861, 1202, 410, 1034]"
6756,"[125, 423, 1244, 1690, 1789]"
6757,"[1922, 1897, 937, 165, 166]"
6758,"[692, 1906, 455, 1246, 1909]"
6759,"[1042, 213, 212, 108, 138]"
6760,"[102, 1746, 98, 96, 97]"
6761,"[314, 865, 863, 1747, 118]"
6762,"[1704, 1705, 1516, 1759, 607]"
6763,"[1135, 1130, 1866, 90, 1795]"
6764,"[120, 1634, 1306, 217, 218]"
6765,"[1518, 1556, 1552, 1538, 281]"
6766,"[97, 96, 1055, 1746, 102]"
6767,"[1914, 89, 164, 165, 113]"
6768,"[1704, 528, 1507, 1434, 1761]"
6769,"[98, 1924, 1695, 1761, 165]"
6770,"[1148, 1246, 651, 1915, 1611]"
6771,"[1131, 34, 1704, 1705, 828]"
6772,"[28, 1904, 1191, 455, 1489]"
6773,"[1069, 862, 920, 396, 1697]"
6774,"[1037, 618, 1915, 291, 1762]"
6775,"[1915, 528, 1507, 1924, 1434]"
6776,"[478, 349, 396, 605, 807]"
6777,"[1705, 1924, 1704, 1063, 1610]"
6778,"[1543, 1746, 98, 1541, 793]"
6779,"[1055, 1929, 212, 1042, 89]"
6780,"[616, 165, 408, 1343, 212]"
6781,"[182, 281, 665, 1028, 1186]"
6782,"[665, 1705, 689, 1704, 649]"
6783,"[1544, 1555, 1562, 1742, 1539]"
6784,"[1702, 287, 610, 775, 861]"
6785,"[1833, 1837, 1828, 1935, 430]"
6786,"[380, 1613, 1542, 1530, 1875]"
6787,"[1613, 1704, 1705, 1193, 1752]"
6788,"[1559, 4, 618, 1670, 749]"
6789,"[1924, 1434, 538, 528, 1507]"
6790,"[1495, 1037, 1620, 1331, 1119]"
6791,"[1915, 927, 1891, 618, 7]"
6792,"[1040, 1700, 98, 1197, 96]"
6793,"[291, 1627, 1905, 1527, 667]"
6794,"[125, 1690, 423, 1244, 1705]"
6795,"[1905, 1627, 1705, 1704, 1063]"
6796,"[1902, 1118, 1201, 1700, 749]"
6797,"[1068, 1030, 1531, 1257, 440]"
6798,"[97, 96, 1746, 1219, 102]"
6799,"[1052, 858, 1704, 1705, 349]"
6800,"[1900, 116, 1902, 361, 114]"
6801,"[455, 1308, 454, 465, 461]"
6802,"[1915, 1434, 528, 1507, 1924]"
6803,"[1760, 903, 1275, 449, 447]"
6804,"[1923, 314, 118, 7, 1115]"
6805,"[1902, 1700, 96, 97, 98]"
6806,"[1040, 1011, 1134, 1192, 1615]"
6807,"[211, 913, 1705, 1704, 1630]"
6808,"[700, 692, 1191, 1592, 1740]"
6809,"[1922, 1897, 1896, 1704, 1705]"
6810,"[622, 307, 676, 1100, 1063]"
6811,"[1704, 1677, 1705, 90, 1552]"
6812,"[1902, 409, 881, 1631, 876]"
6813,"[1902, 1088, 1903, 1535, 1704]"
6814,"[734, 1705, 1704, 1434, 1695]"
6815,"[1906, 1899, 1704, 1705, 1620]"
6816,"[888, 372, 1863, 1567, 1935]"
6817,"[1705, 1192, 1704, 511, 1511]"
6818,"[466, 1764, 458, 1752, 1556]"
6819,"[96, 97, 98, 102, 1313]"
6820,"[1246, 1878, 1707, 3, 803]"
6821,"[1922, 1897, 113, 1526, 89]"
6822,"[1636, 1263, 438, 432, 1704]"
6823,"[455, 862, 1134, 1697, 1696]"
6824,"[1279, 1936, 1277, 1086, 89]"
6825,"[1618, 1705, 1704, 1733, 408]"
6826,"[368, 1570, 372, 455, 862]"
6827,"[1761, 1163, 1758, 1705, 1760]"
6828,"[292, 1758, 1617, 1762, 1761]"
6829,"[455, 1531, 1030, 98, 1257]"
6830,"[938, 1904, 1600, 819, 425]"
6831,"[1252, 1302, 1704, 1705, 1253]"
6832,"[175, 281, 164, 402, 1910]"
6833,"[1915, 453, 171, 78, 1067]"
6834,"[1807, 1704, 1705, 530, 216]"
6835,"[1704, 1705, 1890, 1424, 1904]"
6836,"[1750, 116, 1742, 1606, 216]"
6837,"[808, 398, 1023, 90, 1290]"
6838,"[102, 1746, 409, 1700, 1516]"
6839,"[1037, 74, 1286, 1768, 1936]"
6840,"[398, 90, 1863, 89, 165]"
6841,"[1057, 1318, 278, 216, 1915]"
6842,"[1620, 933, 1042, 1617, 1733]"
6843,"[1901, 1752, 164, 921, 1029]"
6844,"[1704, 1705, 1863, 1561, 1560]"
6845,"[1935, 1828, 1833, 1837, 1863]"
6846,"[409, 102, 1904, 97, 96]"
6847,"[1179, 1878, 1707, 1008, 276]"
6848,"[368, 455, 372, 1567, 89]"
6849,"[368, 1202, 410, 1929, 455]"
6850,"[1915, 1705, 1704, 1587, 1746]"
6851,"[1896, 1608, 1517, 1607, 1157]"
6852,"[1704, 1705, 44, 807, 1599]"
6853,"[1830, 1286, 1831, 79, 1254]"
6854,"[1828, 1833, 1837, 52, 1935]"
6855,"[1148, 1875, 618, 868, 1748]"
6856,"[954, 1591, 947, 184, 189]"
6857,"[1620, 417, 164, 1193, 115]"
6858,"[1459, 1705, 1878, 1707, 1704]"
6859,"[1613, 1704, 1530, 1705, 1542]"
6860,"[1260, 1271, 1924, 1253, 430]"
6861,"[125, 1690, 902, 423, 1244]"
6862,"[969, 89, 113, 125, 455]"
6863,"[1915, 1279, 1936, 455, 216]"
6864,"[1704, 1626, 926, 1705, 1615]"
6865,"[1039, 1930, 1697, 1924, 1696]"
6866,"[125, 423, 1244, 1915, 862]"
6867,"[913, 1924, 1705, 1014, 1704]"
6868,"[1042, 1924, 1041, 921, 165]"
6869,"[1604, 1793, 1733, 216, 1639]"
6870,"[1902, 1552, 1700, 291, 102]"
6871,"[1072, 372, 368, 683, 1704]"
6872,"[176, 931, 934, 925, 174]"
6873,"[1201, 98, 97, 96, 922]"
6874,"[1019, 477, 367, 749, 1050]"
6875,"[1772, 777, 1304, 1704, 783]"
6876,"[1586, 1193, 1909, 1044, 1538]"
6877,"[754, 398, 90, 89, 1861]"
6878,"[1604, 259, 1317, 1676, 89]"
6879,"[1726, 1191, 1192, 1567, 16]"
6880,"[102, 1746, 1197, 1649, 1129]"
6881,"[1752, 1753, 1755, 1618, 1551]"
6882,"[1705, 1704, 1677, 1607, 901]"
6883,"[665, 1549, 98, 97, 96]"
6884,"[1902, 1900, 1591, 1592, 1042]"
6885,"[1704, 1705, 413, 44, 43]"
6886,"[413, 1914, 1704, 1181, 1642]"
6887,"[1705, 1677, 1704, 1191, 624]"
6888,"[1704, 1705, 1755, 1364, 1915]"
6889,"[1613, 89, 125, 455, 216]"
6890,"[1063, 1249, 1705, 1922, 1897]"
6891,"[1899, 102, 409, 97, 96]"
6892,"[1924, 361, 1762, 1462, 377]"
6893,"[1620, 1042, 1670, 688, 1251]"
6894,"[1704, 1924, 1705, 114, 113]"
6895,"[120, 1022, 1292, 781, 1634]"
6896,"[1157, 1896, 1705, 1704, 1567]"
6897,"[1902, 1900, 1591, 408, 1592]"
6898,"[1795, 1753, 1705, 890, 1463]"
6899,"[1113, 1041, 887, 1263, 1911]"
6900,"[1072, 1704, 1705, 1894, 1567]"
6901,"[1705, 1704, 1922, 1897, 1924]"
6902,"[1155, 1560, 1552, 1902, 1202]"
6903,"[1704, 1705, 1908, 111, 443]"
6904,"[3, 1860, 1864, 1868, 594]"
6905,"[478, 1924, 1704, 1705, 126]"
6906,"[1742, 1564, 1489, 1534, 1520]"
6907,"[1935, 927, 441, 1936, 1828]"
6908,"[1197, 1525, 1524, 1752, 1887]"
6909,"[1923, 314, 118, 1747, 863]"
6910,"[1906, 1610, 1924, 1704, 1705]"
6911,"[1201, 1789, 1788, 1790, 1786]"
6912,"[128, 1704, 1705, 1567, 903]"
6913,"[1157, 1607, 1896, 1592, 1929]"
6914,"[1560, 1915, 1746, 1704, 102]"
6915,"[1899, 1762, 1705, 216, 1922]"
6916,"[1567, 165, 1704, 1705, 1733]"
6917,"[1615, 387, 605, 1918, 396]"
6918,"[455, 1904, 1191, 1255, 1886]"
6919,"[1651, 885, 1649, 1915, 1924]"
6920,"[207, 1863, 1915, 849, 1855]"
6921,"[437, 1575, 1099, 1281, 1807]"
6922,"[46, 1705, 1704, 794, 1889]"
6923,"[1705, 455, 1607, 1704, 1192]"
6924,"[1592, 1828, 1833, 1935, 1590]"
6925,"[1705, 1899, 1567, 1249, 901]"
6926,"[125, 1690, 1244, 423, 1704]"
6927,"[1915, 164, 1676, 89, 1618]"
6928,"[368, 862, 455, 1896, 1613]"
6929,"[372, 1607, 1705, 455, 1904]"
6930,"[1907, 1905, 1627, 1527, 1745]"
6931,"[1066, 759, 1536, 1534, 1255]"
6932,"[1552, 1746, 96, 97, 102]"
6933,"[1902, 1863, 1935, 927, 1828]"
6934,"[1762, 1758, 1699, 1752, 1675]"
6935,"[823, 1649, 731, 738, 728]"
6936,"[291, 1070, 1762, 667, 1761]"
6937,"[1022, 477, 1019, 749, 1131]"
6938,"[1507, 528, 165, 1761, 1525]"
6939,"[1119, 1027, 1786, 216, 1915]"
6940,"[1924, 1561, 1434, 528, 1507]"
6941,"[1704, 1915, 1705, 1924, 926]"
6942,"[1190, 1062, 1880, 438, 375]"
6943,"[739, 1171, 1924, 1549, 1650]"
6944,"[1705, 1704, 480, 1924, 1249]"
6945,"[1902, 1757, 1776, 216, 171]"
6946,"[1599, 320, 326, 443, 1924]"
6947,"[1902, 1552, 1040, 1900, 927]"
6948,"[1717, 73, 1878, 1707, 1773]"
6949,"[1705, 1617, 1259, 1298, 1261]"
6950,"[1030, 1041, 1916, 1906, 455]"
6951,"[1561, 98, 1507, 528, 1434]"
6952,"[1201, 1320, 96, 864, 1746]"
6953,"[1157, 1704, 641, 446, 1773]"
6954,"[163, 164, 1658, 1896, 175]"
6955,"[1649, 164, 921, 165, 1531]"
6956,"[1761, 1937, 1760, 1924, 1705]"
6957,"[165, 934, 174, 176, 924]"
6958,"[919, 925, 934, 938, 924]"
6959,"[96, 97, 98, 1541, 1700]"
6960,"[1922, 1897, 89, 1899, 113]"
6961,"[969, 206, 208, 974, 970]"
6962,"[331, 1896, 89, 124, 1792]"
6963,"[1204, 1567, 114, 1704, 1705]"
6964,"[332, 1246, 388, 1640, 1176]"
6965,"[1025, 165, 937, 1193, 921]"
6966,"[1915, 1343, 1438, 1369, 497]"
6967,"[1071, 1904, 1890, 1924, 89]"
6968,"[1704, 1705, 289, 1924, 1901]"
6969,"[478, 1924, 1704, 1897, 1922]"
6970,"[1071, 1704, 1705, 1191, 1890]"
6971,"[1612, 1620, 1558, 921, 937]"
6972,"[96, 97, 102, 1518, 1746]"
6973,"[1902, 716, 216, 171, 1219]"
6974,"[1627, 372, 1905, 1071, 1527]"
6975,"[1705, 543, 1915, 408, 1704]"
6976,"[1704, 1705, 1761, 1760, 903]"
6977,"[432, 403, 1924, 438, 1080]"
