q_id,web_list
1,"[1769, 1567, 1795, 16, 1705]"
2,"[1042, 372, 97, 96, 89]"
3,"[116, 1704, 1536, 1147, 310]"
4,"[1051, 1061, 223, 408, 350]"
5,"[1907, 926, 1202, 410, 1746]"
6,"[878, 676, 347, 1752, 925]"
7,"[1916, 615, 1906, 1603, 1936]"
8,"[221, 1704, 1705, 480, 403]"
9,"[1025, 937, 159, 921, 89]"
10,"[455, 1761, 438, 1636, 619]"
11,"[441, 1192, 1758, 447, 1273]"
12,"[1192, 114, 106, 292, 455]"
13,"[890, 112, 1914, 60, 89]"
14,"[102, 1720, 1724, 692, 1185]"
15,"[1704, 1705, 1795, 961, 154]"
16,"[165, 1676, 1202, 410, 920]"
17,"[1724, 455, 692, 1272, 1255]"
18,"[603, 89, 1875, 1659, 165]"
19,"[1662, 1202, 410, 435, 926]"
20,"[165, 1025, 937, 159, 1196]"
21,"[455, 1924, 60, 1610, 114]"
22,"[1762, 1187, 371, 1758, 587]"
23,"[1705, 1704, 170, 1872, 911]"
24,"[1025, 159, 628, 73, 102]"
25,"[1750, 165, 1921, 1192, 60]"
26,"[108, 920, 116, 1697, 845]"
27,"[946, 435, 961, 314, 1727]"
28,"[1795, 1833, 1837, 1828, 890]"
29,"[89, 1618, 1677, 1619, 98]"
30,"[1774, 1064, 455, 106, 1192]"
31,"[1746, 165, 1202, 410, 984]"
32,"[116, 1536, 408, 125, 1619]"
33,"[455, 619, 1636, 438, 1704]"
34,"[897, 1704, 1769, 1907, 1677]"
35,"[455, 1299, 1750, 98, 97]"
36,"[442, 1544, 1068, 1063, 1705]"
37,"[1705, 1704, 1795, 154, 911]"
38,"[1607, 1299, 98, 1659, 97]"
39,"[164, 175, 163, 921, 919]"
40,"[97, 96, 112, 98, 1746]"
41,"[1752, 1705, 73, 1918, 979]"
42,"[374, 372, 1627, 1638, 1899]"
43,"[1865, 1764, 1832, 511, 1791]"
44,"[371, 1704, 403, 1705, 985]"
45,"[1068, 1063, 28, 320, 1647]"
46,"[424, 1025, 937, 159, 959]"
47,"[1905, 1627, 1527, 1907, 1526]"
48,"[292, 1070, 1899, 1627, 455]"
49,"[1178, 1169, 1916, 1045, 1030]"
50,"[1705, 1704, 170, 480, 1872]"
51,"[1704, 1705, 1795, 1872, 1835]"
52,"[1900, 292, 1902, 408, 1344]"
53,"[1769, 1567, 1795, 16, 1705]"
54,"[1924, 341, 60, 1677, 1272]"
55,"[1704, 1795, 1835, 1872, 1705]"
56,"[1155, 1896, 1870, 1627, 1758]"
57,"[1724, 108, 455, 1025, 937]"
58,"[97, 96, 692, 675, 759]"
59,"[1161, 455, 1169, 1869, 958]"
60,"[1926, 1899, 116, 615, 1147]"
61,"[1704, 1705, 1567, 808, 403]"
62,"[1753, 919, 1832, 898, 34]"
63,"[868, 1748, 890, 112, 98]"
64,"[1567, 1927, 1705, 1704, 1076]"
65,"[1014, 1705, 1704, 149, 403]"
66,"[1675, 1765, 1777, 408, 1272]"
67,"[1733, 1737, 615, 1935, 931]"
68,"[1119, 922, 1073, 1866, 314]"
69,"[1915, 1659, 926, 165, 1202]"
70,"[1896, 435, 274, 1705, 1704]"
71,"[1907, 1025, 937, 159, 89]"
72,"[913, 145, 916, 148, 140]"
73,"[140, 145, 916, 148, 913]"
74,"[1030, 1704, 1705, 112, 890]"
75,"[926, 341, 1025, 937, 159]"
76,"[1915, 89, 98, 409, 1746]"
77,"[408, 1675, 1676, 728, 171]"
78,"[1746, 102, 1907, 1070, 451]"
79,"[424, 911, 728, 403, 985]"
80,"[1921, 424, 1916, 808, 1761]"
81,"[1762, 1758, 1175, 1705, 341]"
82,"[1915, 1907, 1249, 1202, 410]"
83,"[1915, 455, 89, 1676, 165]"
84,"[1196, 1042, 374, 920, 1746]"
85,"[265, 1250, 1135, 1133, 1298]"
86,"[338, 435, 1586, 81, 1772]"
87,"[1916, 1118, 1076, 928, 1616]"
88,"[1567, 1896, 1607, 97, 96]"
89,"[1091, 959, 1675, 1916, 1303]"
90,"[1765, 1202, 410, 1746, 409]"
91,"[928, 1025, 937, 159, 165]"
92,"[1192, 114, 455, 116, 16]"
93,"[1799, 1782, 1781, 1798, 367]"
94,"[1750, 1070, 440, 1924, 89]"
95,"[1910, 1915, 113, 112, 101]"
96,"[1131, 89, 199, 365, 1290]"
97,"[1915, 365, 148, 147, 1704]"
98,"[1071, 730, 1676, 1193, 887]"
99,"[618, 1753, 154, 1705, 1704]"
100,"[1070, 1025, 937, 159, 165]"
101,"[1185, 1917, 1675, 1094, 408]"
102,"[1704, 1705, 1795, 403, 1753]"
103,"[1044, 1043, 1041, 1039, 1038]"
104,"[1125, 455, 454, 1567, 1192]"
105,"[1772, 1910, 1828, 1837, 1833]"
106,"[1915, 125, 1676, 408, 1690]"
107,"[1148, 658, 1733, 371, 747]"
108,"[1760, 828, 30, 1705, 1704]"
109,"[380, 165, 692, 1704, 1299]"
110,"[98, 97, 96, 126, 1299]"
111,"[1915, 1277, 1202, 410, 435]"
112,"[1025, 937, 921, 159, 164]"
113,"[961, 1085, 192, 435, 946]"
114,"[1915, 101, 1900, 437, 416]"
115,"[396, 370, 1766, 347, 1831]"
116,"[1041, 165, 98, 97, 96]"
117,"[1257, 1905, 1627, 1527, 1907]"
118,"[705, 1704, 1705, 1795, 403]"
119,"[1067, 906, 1536, 1750, 98]"
120,"[290, 442, 441, 1705, 1704]"
121,"[1676, 1750, 455, 108, 1202]"
122,"[1704, 1705, 203, 1753, 1795]"
123,"[451, 1924, 890, 112, 1192]"
124,"[1705, 1775, 1768, 959, 1085]"
125,"[1705, 1704, 372, 1758, 83]"
126,"[1249, 1749, 60, 1672, 1631]"
127,"[1025, 937, 159, 165, 921]"
128,"[1112, 114, 406, 407, 16]"
129,"[1724, 108, 455, 1025, 937]"
130,"[1762, 1916, 1299, 1761, 1760]"
131,"[584, 471, 1246, 1705, 1704]"
132,"[1907, 1704, 1609, 1885, 1029]"
133,"[164, 921, 455, 1704, 60]"
134,"[1043, 1924, 1249, 1907, 1536]"
135,"[1704, 1705, 1795, 480, 403]"
136,"[1649, 1918, 979, 1085, 1758]"
137,"[97, 96, 1607, 1638, 959]"
138,"[1567, 1040, 1133, 1705, 1704]"
139,"[1724, 98, 97, 96, 692]"
140,"[1041, 1762, 89, 1290, 1536]"
141,"[164, 141, 1025, 937, 159]"
142,"[1926, 862, 1627, 1899, 1526]"
143,"[165, 1924, 98, 97, 409]"
144,"[1188, 698, 259, 1147, 856]"
145,"[1895, 290, 191, 950, 959]"
146,"[1918, 979, 211, 1085, 1705]"
147,"[1936, 930, 1865, 1907, 1670]"
148,"[1030, 1753, 1761, 1147, 996]"
149,"[1070, 372, 1627, 455, 1899]"
150,"[1488, 1567, 1705, 1704, 694]"
151,"[1915, 922, 1906, 98, 925]"
152,"[1066, 1113, 292, 1761, 1760]"
153,"[408, 1915, 1907, 1746, 926]"
154,"[1705, 1704, 1756, 1795, 1752]"
155,"[1726, 1705, 1704, 846, 1277]"
156,"[1753, 154, 961, 73, 1085]"
157,"[920, 1125, 1903, 1202, 410]"
158,"[1071, 1069, 455, 454, 1899]"
159,"[1273, 447, 692, 116, 1705]"
160,"[980, 164, 670, 1907, 1344]"
161,"[1071, 1064, 619, 811, 465]"
162,"[97, 96, 1567, 1704, 1705]"
163,"[106, 1567, 1769, 1705, 1704]"
164,"[722, 1766, 1772, 587, 1705]"
165,"[1704, 1705, 1762, 211, 1752]"
166,"[1875, 1705, 1895, 1704, 1015]"
167,"[651, 653, 628, 656, 663]"
168,"[288, 190, 389, 370, 675]"
169,"[136, 773, 1696, 165, 164]"
170,"[1758, 1772, 1841, 1840, 1839]"
171,"[904, 1927, 319, 954, 1536]"
172,"[1907, 1526, 1567, 16, 1910]"
173,"[856, 1050, 1916, 1636, 935]"
174,"[1115, 1526, 1927, 1155, 89]"
175,"[97, 96, 922, 98, 1746]"
176,"[1915, 1184, 125, 1001, 917]"
177,"[937, 159, 1025, 1303, 1705]"
178,"[125, 1536, 1067, 89, 890]"
179,"[1795, 320, 1850, 1849, 1848]"
180,"[1915, 1662, 1202, 410, 1916]"
181,"[1775, 1768, 435, 374, 1910]"
182,"[102, 454, 455, 1627, 1899]"
183,"[1915, 101, 408, 890, 112]"
184,"[1915, 1157, 926, 1916, 1273]"
185,"[1704, 608, 108, 1249, 848]"
186,"[1724, 97, 96, 409, 692]"
187,"[1526, 89, 1899, 113, 1926]"
188,"[116, 1760, 1761, 377, 455]"
189,"[1762, 1758, 1704, 1705, 1085]"
190,"[1915, 1185, 1675, 408, 1344]"
191,"[1710, 1760, 1758, 1064, 1550]"
192,"[971, 1727, 1704, 1202, 410]"
193,"[368, 1752, 1077, 1915, 1280]"
194,"[1746, 1753, 1921, 1910, 1627]"
195,"[1675, 1704, 1831, 1077, 297]"
196,"[1762, 1758, 16, 934, 920]"
197,"[1704, 1705, 705, 403, 1795]"
198,"[1277, 1915, 1921, 926, 435]"
199,"[699, 175, 1081, 1747, 863]"
200,"[1762, 1758, 455, 1760, 1761]"
201,"[1704, 318, 868, 1705, 1748]"
202,"[1675, 408, 848, 1907, 1746]"
203,"[878, 1918, 979, 1317, 1704]"
204,"[1607, 1517, 1272, 98, 97]"
205,"[455, 1915, 1675, 125, 408]"
206,"[1918, 979, 1753, 1705, 1704]"
207,"[1772, 1436, 1704, 1760, 1761]"
208,"[1705, 1758, 1760, 1273, 447]"
209,"[862, 569, 560, 1007, 998]"
210,"[959, 917, 140, 728, 1648]"
211,"[1762, 1758, 1884, 292, 1303]"
212,"[112, 116, 466, 1639, 125]"
213,"[114, 922, 1277, 116, 1192]"
214,"[1277, 1924, 1303, 451, 1724]"
215,"[1766, 1705, 1795, 1118, 1926]"
216,"[1926, 292, 1064, 89, 1910]"
217,"[1704, 961, 1803, 1796, 1762]"
218,"[1202, 410, 1041, 98, 89]"
219,"[1705, 1704, 1915, 1761, 435]"
220,"[60, 98, 1721, 1272, 926]"
221,"[1724, 692, 141, 1638, 138]"
222,"[945, 738, 1914, 1570, 1190]"
223,"[1704, 1705, 1064, 1759, 890]"
224,"[1758, 1769, 1567, 106, 1705]"
225,"[1906, 615, 410, 1676, 1920]"
226,"[1627, 1299, 1746, 926, 1255]"
227,"[165, 89, 98, 164, 1907]"
228,"[1174, 1704, 1112, 1147, 1705]"
229,"[692, 1040, 605, 1904, 124]"
230,"[1065, 1030, 1014, 360, 190]"
231,"[1907, 435, 1299, 849, 1147]"
232,"[1705, 1704, 676, 440, 95]"
233,"[454, 114, 455, 1192, 289]"
234,"[107, 292, 710, 1910, 935]"
235,"[1637, 455, 1202, 410, 164]"
236,"[1112, 16, 1147, 114, 1070]"
237,"[1704, 1705, 1926, 1064, 1766]"
238,"[677, 1249, 1592, 1820, 1815]"
239,"[451, 439, 619, 673, 1100]"
240,"[866, 435, 1202, 410, 1592]"
241,"[1070, 372, 1627, 455, 1899]"
242,"[1756, 1090, 1030, 168, 1672]"
243,"[1769, 1567, 1907, 106, 135]"
244,"[114, 1704, 1746, 1914, 1536]"
245,"[1752, 1705, 1753, 1064, 106]"
246,"[408, 116, 112, 1916, 1907]"
247,"[1795, 1704, 403, 1918, 979]"
248,"[368, 372, 1705, 1704, 440]"
249,"[455, 692, 1899, 1627, 454]"
250,"[961, 1803, 435, 1085, 1704]"
251,"[1761, 1726, 1257, 1921, 1249]"
252,"[1043, 1676, 125, 1915, 165]"
253,"[1187, 1705, 1704, 618, 1792]"
254,"[116, 455, 1147, 114, 1306]"
255,"[712, 1550, 1309, 897, 687]"
256,"[1724, 1157, 102, 1746, 1916]"
257,"[1705, 1704, 349, 371, 1894]"
258,"[1863, 1705, 1704, 1936, 765]"
259,"[1915, 1677, 1202, 410, 1921]"
260,"[1705, 1704, 1181, 1079, 376]"
261,"[101, 211, 1705, 1704, 1918]"
262,"[1907, 1760, 1761, 1627, 1899]"
263,"[1025, 937, 159, 419, 1909]"
264,"[1704, 1705, 1185, 342, 333]"
265,"[1753, 34, 1721, 898, 1831]"
266,"[89, 98, 1915, 1910, 1887]"
267,"[1550, 1915, 203, 1758, 1762]"
268,"[98, 102, 1758, 1762, 1884]"
269,"[862, 1042, 676, 1914, 164]"
270,"[379, 435, 108, 1727, 1187]"
271,"[1659, 441, 1737, 773, 175]"
272,"[363, 1149, 1650, 727, 734]"
273,"[1915, 365, 1690, 1075, 1637]"
274,"[1608, 1157, 921, 937, 159]"
275,"[374, 1557, 1875, 1249, 147]"
276,"[1693, 313, 122, 290, 136]"
277,"[1753, 1705, 1704, 165, 1631]"
278,"[98, 97, 96, 435, 1637]"
279,"[1761, 1762, 1760, 435, 1758]"
280,"[1795, 403, 1918, 979, 911]"
281,"[97, 96, 1607, 1638, 98]"
282,"[89, 1705, 1704, 112, 1753]"
283,"[374, 1627, 1899, 102, 1025]"
284,"[1607, 89, 97, 96, 1704]"
285,"[1436, 1451, 956, 621, 1649]"
286,"[1675, 125, 1900, 408, 603]"
287,"[1724, 40, 28, 804, 27]"
288,"[1705, 1704, 961, 1753, 435]"
289,"[1675, 1750, 89, 1202, 410]"
290,"[1750, 1704, 125, 1705, 408]"
291,"[1041, 1915, 1561, 1861, 1560]"
292,"[102, 118, 455, 920, 113]"
293,"[420, 1835, 1872, 211, 980]"
294,"[1704, 1753, 1874, 1836, 1873]"
295,"[730, 190, 108, 1637, 603]"
296,"[89, 171, 1676, 920, 1659]"
297,"[112, 922, 1300, 1907, 409]"
298,"[1774, 1904, 1921, 116, 1192]"
299,"[171, 1824, 675, 432, 1303]"
300,"[1257, 221, 1675, 902, 211]"
301,"[1249, 1705, 862, 886, 221]"
302,"[1705, 1704, 1752, 1766, 199]"
303,"[677, 1793, 1765, 1777, 1790]"
304,"[1762, 1758, 1760, 1761, 455]"
305,"[1795, 1705, 1704, 403, 215]"
306,"[1727, 1875, 1784, 931, 375]"
307,"[1257, 985, 1320, 1704, 1705]"
308,"[922, 1025, 159, 937, 921]"
309,"[412, 1761, 116, 1760, 1899]"
310,"[135, 1721, 1570, 111, 1769]"
311,"[1300, 415, 1910, 1916, 1147]"
312,"[1670, 1746, 102, 749, 628]"
313,"[1721, 1915, 1761, 1760, 1794]"
314,"[441, 442, 300, 1687, 1265]"
315,"[170, 911, 985, 1918, 979]"
316,"[1795, 741, 773, 770, 669]"
317,"[811, 455, 114, 454, 1610]"
318,"[112, 101, 890, 1675, 1900]"
319,"[455, 114, 116, 619, 922]"
320,"[1705, 1704, 1918, 979, 211]"
321,"[1924, 1915, 1917, 60, 112]"
322,"[692, 451, 1704, 257, 890]"
323,"[154, 1705, 1704, 1202, 410]"
324,"[1662, 454, 1192, 1611, 16]"
325,"[372, 1704, 1705, 961, 1763]"
326,"[1724, 692, 98, 97, 96]"
327,"[1014, 811, 1071, 1705, 1704]"
328,"[175, 125, 1907, 919, 163]"
329,"[341, 1299, 333, 1557, 97]"
330,"[1915, 1863, 60, 1300, 1552]"
331,"[380, 1038, 441, 389, 1704]"
332,"[1636, 438, 60, 692, 926]"
333,"[98, 435, 1727, 412, 1299]"
334,"[98, 97, 96, 1607, 1517]"
335,"[165, 1536, 1705, 1704, 921]"
336,"[745, 1717, 911, 111, 1918]"
337,"[333, 341, 1727, 1297, 692]"
338,"[1907, 98, 124, 1677, 89]"
339,"[1775, 1768, 435, 374, 1910]"
340,"[466, 454, 1907, 455, 1192]"
341,"[1192, 113, 1704, 1705, 89]"
342,"[1902, 1713, 98, 97, 96]"
343,"[114, 455, 60, 1192, 116]"
344,"[1705, 1704, 961, 1727, 154]"
345,"[1157, 1095, 1269, 1298, 1261]"
346,"[98, 97, 96, 1915, 455]"
347,"[692, 1726, 1523, 116, 1277]"
348,"[1915, 265, 1825, 1704, 1705]"
349,"[1113, 1064, 455, 335, 1192]"
350,"[1926, 1798, 1799, 1782, 1781]"
351,"[1924, 675, 478, 1760, 291]"
352,"[379, 946, 372, 435, 374]"
353,"[4, 1649, 2, 3, 989]"
354,"[164, 1025, 937, 921, 159]"
355,"[98, 97, 96, 102, 1277]"
356,"[670, 823, 60, 954, 1680]"
357,"[455, 449, 451, 1275, 116]"
358,"[170, 148, 1704, 1705, 923]"
359,"[112, 101, 1904, 116, 124]"
360,"[1913, 676, 890, 112, 1025]"
361,"[878, 1068, 1900, 1030, 89]"
362,"[1913, 890, 112, 1277, 1025]"
363,"[112, 1900, 101, 890, 1627]"
364,"[106, 1526, 1520, 1300, 1913]"
365,"[1705, 1704, 911, 403, 1872]"
366,"[1795, 1130, 403, 1320, 1705]"
367,"[1270, 1557, 931, 924, 934]"
368,"[1758, 211, 980, 956, 1753]"
369,"[1705, 1704, 1858, 148, 140]"
370,"[371, 971, 1762, 1019, 1169]"
371,"[368, 108, 350, 1137, 1835]"
372,"[73, 403, 911, 1918, 979]"
373,"[1705, 1704, 27, 147, 1299]"
374,"[1761, 1704, 1705, 1760, 455]"
375,"[1525, 73, 1762, 1758, 1795]"
376,"[1071, 1040, 1064, 1762, 1637]"
377,"[1185, 408, 1299, 1916, 902]"
378,"[1461, 1704, 441, 1760, 561]"
379,"[1526, 1758, 335, 1905, 1627]"
380,"[97, 96, 956, 98, 1303]"
381,"[1299, 165, 164, 97, 96]"
382,"[1915, 165, 1675, 164, 89]"
383,"[165, 1762, 1758, 1705, 1704]"
384,"[97, 96, 956, 98, 165]"
385,"[1017, 1766, 116, 1188, 587]"
386,"[1793, 1792, 1789, 1790, 1791]"
387,"[1609, 1769, 165, 164, 1567]"
388,"[1616, 1745, 1671, 695, 1070]"
389,"[1068, 1874, 1704, 1705, 760]"
390,"[1915, 1638, 1277, 1662, 1125]"
391,"[1275, 1926, 1147, 1899, 449]"
392,"[188, 1897, 89, 98, 878]"
393,"[331, 1202, 410, 1299, 435]"
394,"[878, 70, 1910, 1704, 1705]"
395,"[1758, 1567, 1769, 1762, 106]"
396,"[440, 349, 1298, 1261, 1260]"
397,"[114, 1907, 1073, 1147, 289]"
398,"[1202, 410, 154, 926, 1566]"
399,"[1527, 1905, 890, 112, 921]"
400,"[1072, 1704, 1894, 1705, 1557]"
401,"[162, 476, 460, 1310, 688]"
402,"[455, 438, 1636, 619, 1915]"
403,"[1721, 455, 454, 1098, 1758]"
404,"[1705, 913, 147, 145, 916]"
405,"[1768, 1775, 374, 1705, 1704]"
406,"[1724, 1042, 455, 692, 1899]"
407,"[1900, 149, 403, 1704, 297]"
408,"[291, 692, 112, 60, 890]"
409,"[1068, 1705, 1704, 89, 692]"
410,"[1257, 1699, 1025, 937, 159]"
411,"[1030, 926, 1272, 438, 1299]"
412,"[1726, 846, 692, 451, 1746]"
413,"[1066, 1014, 1705, 1704, 1831]"
414,"[1544, 780, 603, 688, 409]"
415,"[1804, 1801, 1798, 1799, 1802]"
416,"[116, 454, 1904, 175, 1526]"
417,"[688, 1704, 93, 1300, 1627]"
418,"[1042, 165, 670, 1202, 410]"
419,"[1186, 897, 741, 675, 779]"
420,"[1915, 1648, 731, 1046, 164]"
421,"[1705, 1704, 1183, 165, 849]"
422,"[919, 1905, 1773, 1028, 1027]"
423,"[1451, 1436, 1477, 1456, 1479]"
424,"[97, 96, 1704, 1705, 1659]"
425,"[1102, 1025, 937, 1299, 1666]"
426,"[1705, 1704, 365, 322, 1299]"
427,"[371, 116, 1676, 360, 114]"
428,"[259, 435, 1202, 410, 1318]"
429,"[1695, 856, 692, 1056, 1901]"
430,"[1875, 1557, 1249, 1705, 1704]"
431,"[361, 360, 317, 328, 1753]"
432,"[1746, 98, 97, 96, 1750]"
433,"[1915, 1746, 1344, 98, 1638]"
434,"[1025, 937, 159, 1724, 1909]"
435,"[1567, 1704, 1769, 1557, 165]"
436,"[1659, 1202, 410, 1705, 1704]"
437,"[1705, 1704, 1753, 511, 211]"
438,"[1924, 409, 1137, 926, 1557]"
439,"[379, 1705, 1704, 1045, 1042]"
440,"[112, 922, 1300, 409, 1907]"
441,"[1098, 1915, 108, 1762, 1187]"
442,"[1804, 1802, 1801, 1799, 1045]"
443,"[1705, 1704, 372, 1249, 1557]"
444,"[102, 108, 455, 409, 1042]"
445,"[1302, 1159, 1705, 677, 1300]"
446,"[342, 618, 1795, 1921, 692]"
447,"[1249, 1915, 1825, 1536, 125]"
448,"[1746, 1536, 408, 1249, 1272]"
449,"[1071, 1627, 878, 164, 937]"
450,"[1041, 1025, 937, 159, 1202]"
451,"[1724, 1102, 692, 455, 1299]"
452,"[1185, 1926, 873, 890, 112]"
453,"[1917, 1902, 101, 408, 112]"
454,"[878, 424, 1754, 1705, 676]"
455,"[1705, 1704, 243, 246, 220]"
456,"[1915, 1922, 1897, 1627, 43]"
457,"[692, 1073, 1750, 1676, 890]"
458,"[1001, 1102, 1915, 304, 402]"
459,"[154, 1202, 410, 902, 615]"
460,"[1825, 1866, 1300, 1915, 1298]"
461,"[188, 189, 946, 193, 948]"
462,"[140, 916, 145, 148, 1041]"
463,"[1713, 175, 673, 1070, 1761]"
464,"[1750, 1924, 408, 60, 1675]"
465,"[374, 959, 73, 1085, 1918]"
466,"[926, 438, 819, 89, 1202]"
467,"[73, 1792, 1791, 1918, 979]"
468,"[1762, 36, 9, 1675, 1704]"
469,"[1570, 435, 412, 1192, 113]"
470,"[966, 811, 413, 415, 618]"
471,"[692, 1724, 102, 1617, 409]"
472,"[125, 1124, 1761, 1760, 424]"
473,"[197, 165, 89, 1924, 1202]"
474,"[1147, 1130, 149, 265, 1030]"
475,"[1915, 1907, 1299, 1249, 165]"
476,"[1480, 1436, 1456, 1451, 1477]"
477,"[1077, 1907, 1257, 358, 1704]"
478,"[1034, 1025, 937, 159, 1927]"
479,"[1269, 409, 112, 890, 101]"
480,"[1724, 108, 455, 1025, 937]"
481,"[1704, 1632, 1705, 926, 1795]"
482,"[1760, 1761, 1617, 1695, 1070]"
483,"[1724, 98, 1607, 1659, 97]"
484,"[1070, 112, 890, 692, 291]"
485,"[1748, 868, 1069, 919, 176]"
486,"[1607, 98, 97, 96, 1272]"
487,"[888, 1636, 1907, 16, 455]"
488,"[1758, 1202, 410, 670, 956]"
489,"[306, 1552, 1299, 1627, 435]"
490,"[1185, 1675, 1915, 922, 60]"
491,"[102, 165, 164, 106, 216]"
492,"[1607, 372, 1125, 1637, 819]"
493,"[922, 101, 216, 102, 759]"
494,"[1758, 663, 1705, 1704, 1761]"
495,"[1843, 1842, 1795, 1890, 1894]"
496,"[1737, 1733, 1021, 675, 1727]"
497,"[1272, 1724, 89, 97, 96]"
498,"[165, 1025, 937, 159, 98]"
499,"[1192, 116, 114, 692, 1662]"
500,"[435, 296, 1285, 297, 1202]"
501,"[1064, 1926, 126, 1662, 1899]"
502,"[1147, 1363, 1536, 1334, 1704]"
503,"[643, 679, 111, 1705, 310]"
504,"[1536, 424, 878, 985, 89]"
505,"[334, 1022, 1889, 1155, 395]"
506,"[1705, 1704, 1619, 1761, 1758]"
507,"[357, 1295, 1076, 902, 1277]"
508,"[1528, 1760, 1062, 1030, 903]"
509,"[106, 1913, 409, 98, 97]"
510,"[757, 440, 1147, 98, 284]"
511,"[1113, 114, 60, 116, 455]"
512,"[1724, 1607, 1070, 410, 1202]"
513,"[738, 728, 1648, 731, 985]"
514,"[773, 1188, 89, 1202, 410]"
515,"[1746, 113, 1907, 165, 89]"
516,"[408, 619, 1676, 1675, 890]"
517,"[1202, 410, 1255, 1750, 98]"
518,"[1185, 408, 1675, 848, 1202]"
519,"[1727, 1768, 1015, 1705, 1704]"
520,"[788, 673, 1753, 1704, 1705]"
521,"[374, 1704, 1803, 1796, 1085]"
522,"[1835, 1592, 1363, 1511, 1706]"
523,"[289, 1030, 1675, 89, 1825]"
524,"[1752, 1766, 1202, 410, 89]"
525,"[125, 60, 618, 407, 406]"
526,"[291, 1924, 1704, 1705, 878]"
527,"[79, 1202, 410, 165, 154]"
528,"[730, 1613, 257, 1025, 937]"
529,"[1041, 203, 1704, 1705, 1795]"
530,"[440, 451, 1899, 1275, 1904]"
531,"[1915, 773, 1202, 410, 1041]"
532,"[97, 96, 98, 1607, 449]"
533,"[1035, 1567, 16, 1557, 1704]"
534,"[1077, 304, 1795, 618, 988]"
535,"[1761, 89, 1299, 1304, 291]"
536,"[911, 1705, 1704, 1675, 902]"
537,"[455, 116, 454, 163, 175]"
538,"[395, 1202, 410, 1272, 926]"
539,"[130, 1769, 1795, 480, 1705]"
540,"[113, 9, 36, 435, 18]"
541,"[1639, 98, 1073, 96, 97]"
542,"[317, 1129, 1192, 114, 455]"
543,"[125, 257, 1675, 1676, 1299]"
544,"[302, 297, 294, 1705, 1704]"
545,"[271, 1205, 97, 96, 759]"
546,"[1557, 1025, 937, 159, 165]"
547,"[1303, 1586, 97, 96, 900]"
548,"[1290, 692, 928, 1557, 618]"
549,"[1705, 1762, 1064, 1704, 45]"
550,"[1907, 1202, 410, 451, 1921]"
551,"[98, 362, 1202, 410, 415]"
552,"[1050, 97, 96, 435, 1567]"
553,"[97, 96, 98, 1659, 1733]"
554,"[1303, 97, 96, 98, 921]"
555,"[1536, 116, 1907, 1147, 1528]"
556,"[1758, 114, 455, 454, 1192]"
557,"[1567, 1769, 409, 920, 1557]"
558,"[1071, 1924, 124, 455, 89]"
559,"[1071, 811, 676, 1064, 1926]"
560,"[1768, 1705, 1704, 1770, 1752]"
561,"[60, 114, 116, 216, 1277]"
562,"[1675, 1915, 112, 890, 101]"
563,"[1043, 1705, 1704, 1781, 365]"
564,"[455, 116, 114, 1704, 125]"
565,"[1185, 1620, 1049, 165, 985]"
566,"[1071, 811, 112, 890, 922]"
567,"[102, 1746, 749, 663, 656]"
568,"[1900, 1795, 409, 1746, 1915]"
569,"[112, 698, 1627, 1899, 1904]"
570,"[1607, 403, 1916, 1249, 1557]"
571,"[89, 1906, 1916, 1899, 1910]"
572,"[1915, 408, 101, 1746, 1675]"
573,"[1536, 89, 112, 1202, 410]"
574,"[1567, 1704, 372, 1705, 1557]"
575,"[125, 1915, 1907, 1921, 1638]"
576,"[64, 1098, 450, 1843, 1842]"
577,"[1705, 1704, 621, 934, 920]"
578,"[1897, 1922, 1025, 937, 159]"
579,"[1526, 106, 1924, 98, 97]"
580,"[165, 1299, 728, 670, 1202]"
581,"[259, 1300, 1769, 931, 924]"
582,"[164, 1025, 937, 159, 165]"
583,"[1907, 1257, 1025, 937, 159]"
584,"[1705, 455, 454, 1312, 1112]"
585,"[1133, 1030, 1037, 670, 360]"
586,"[165, 141, 60, 1025, 937]"
587,"[1915, 1921, 60, 451, 1746]"
588,"[1704, 1705, 395, 985, 1299]"
589,"[1907, 1202, 410, 165, 926]"
590,"[371, 1041, 1561, 1142, 378]"
591,"[116, 1761, 1704, 1760, 1705]"
592,"[982, 1907, 89, 935, 168]"
593,"[1887, 283, 126, 420, 1249]"
594,"[125, 1915, 1704, 1705, 1750]"
595,"[408, 1772, 1561, 36, 9]"
596,"[1704, 1705, 1064, 454, 455]"
597,"[1915, 1441, 1753, 1921, 1627]"
598,"[1651, 1704, 1041, 510, 1915]"
599,"[141, 1299, 1795, 435, 403]"
600,"[125, 60, 1202, 773, 410]"
601,"[925, 1202, 410, 1690, 398]"
602,"[1672, 1023, 925, 1835, 1872]"
603,"[1649, 1705, 1704, 1758, 203]"
604,"[1705, 1704, 1752, 379, 347]"
605,"[1915, 408, 848, 359, 1272]"
606,"[1704, 1705, 980, 985, 1065]"
607,"[851, 1705, 1557, 980, 1704]"
608,"[677, 199, 58, 57, 54]"
609,"[1924, 116, 114, 1147, 454]"
610,"[148, 147, 140, 913, 145]"
611,"[67, 58, 57, 54, 1723]"
612,"[692, 1277, 1192, 116, 846]"
613,"[114, 1760, 1761, 116, 60]"
614,"[1918, 979, 435, 1617, 73]"
615,"[376, 677, 1832, 1874, 108]"
616,"[125, 607, 1279, 1676, 902]"
617,"[1705, 1704, 755, 756, 747]"
618,"[1704, 1533, 1521, 480, 1594]"
619,"[1066, 1638, 1928, 1899, 1920]"
620,"[1705, 1704, 1918, 979, 1317]"
621,"[98, 96, 97, 1758, 409]"
622,"[152, 1257, 971, 1043, 1303]"
623,"[108, 1705, 383, 1704, 928]"
624,"[1705, 1704, 1772, 1629, 1594]"
625,"[1676, 455, 60, 440, 108]"
626,"[1196, 1299, 1659, 98, 97]"
627,"[159, 937, 1025, 1147, 1761]"
628,"[165, 1721, 1874, 1677, 692]"
629,"[29, 949, 191, 950, 951]"
630,"[114, 60, 466, 455, 116]"
631,"[1034, 1927, 1065, 166, 1612]"
632,"[116, 125, 438, 1636, 114]"
633,"[1775, 688, 1768, 1769, 1705]"
634,"[116, 1915, 692, 114, 1147]"
635,"[98, 956, 165, 920, 97]"
636,"[1796, 1803, 1727, 961, 1085]"
637,"[1772, 1705, 1704, 1436, 1269]"
638,"[1915, 165, 920, 297, 1675]"
639,"[1086, 1147, 375, 1931, 692]"
640,"[1147, 1281, 1075, 350, 1262]"
641,"[926, 1202, 410, 333, 165]"
642,"[1043, 926, 1025, 937, 159]"
643,"[749, 793, 1313, 628, 923]"
644,"[466, 114, 116, 455, 216]"
645,"[1704, 1795, 1675, 902, 154]"
646,"[759, 98, 97, 96, 1303]"
647,"[165, 955, 1299, 1272, 985]"
648,"[89, 1627, 1795, 1753, 1926]"
649,"[98, 692, 97, 96, 1025]"
650,"[1070, 1627, 1638, 1899, 1607]"
651,"[1277, 692, 1636, 257, 454]"
652,"[1705, 902, 1648, 731, 1675]"
653,"[1761, 1760, 455, 1704, 1705]"
654,"[284, 1762, 587, 692, 1705]"
655,"[1705, 1704, 211, 980, 985]"
656,"[116, 455, 114, 454, 1907]"
657,"[1896, 1567, 435, 16, 1157]"
658,"[116, 455, 1705, 1704, 1760]"
659,"[455, 454, 1762, 1760, 1775]"
660,"[454, 16, 455, 888, 1277]"
661,"[1918, 979, 1704, 1675, 902]"
662,"[98, 1899, 292, 116, 1910]"
663,"[1604, 1192, 1726, 1277, 692]"
664,"[1147, 1704, 1724, 1705, 1758]"
665,"[440, 693, 1910, 116, 114]"
666,"[1936, 1676, 89, 1202, 410]"
667,"[925, 923, 161, 136, 1704]"
668,"[451, 1186, 911, 288, 171]"
669,"[1761, 1178, 1921, 1881, 1115]"
670,"[501, 1758, 1363, 1704, 1705]"
671,"[921, 937, 159, 1025, 1727]"
672,"[1908, 350, 848, 1025, 937]"
673,"[946, 951, 189, 948, 949]"
674,"[455, 1299, 98, 97, 96]"
675,"[1320, 1792, 1791, 1790, 1118]"
676,"[1762, 1758, 1761, 1899, 961]"
677,"[1917, 1900, 312, 296, 1180]"
678,"[1907, 1695, 1727, 1297, 926]"
679,"[1169, 29, 28, 1137, 18]"
680,"[1567, 1769, 920, 165, 1557]"
681,"[454, 1761, 1760, 1705, 1704]"
682,"[1705, 1704, 480, 1753, 980]"
683,"[408, 150, 24, 28, 26]"
684,"[1705, 1704, 1758, 1761, 1760]"
685,"[698, 1775, 97, 96, 1526]"
686,"[1915, 1202, 410, 921, 1051]"
687,"[1915, 331, 1363, 1370, 1592]"
688,"[925, 1592, 926, 921, 1071]"
689,"[356, 98, 341, 1627, 435]"
690,"[1762, 1704, 987, 963, 914]"
691,"[97, 96, 1025, 937, 159]"
692,"[333, 1727, 341, 1297, 692]"
693,"[461, 455, 454, 1112, 462]"
694,"[1773, 1704, 1192, 1312, 1705]"
695,"[1299, 341, 926, 1820, 1819]"
696,"[1070, 455, 1627, 114, 1638]"
697,"[125, 211, 455, 925, 1380]"
698,"[1705, 1704, 1607, 97, 96]"
699,"[1761, 1760, 1704, 1705, 619]"
700,"[1761, 1760, 1627, 1617, 1762]"
701,"[1157, 1769, 862, 1185, 1557]"
702,"[1186, 1171, 1773, 1705, 1704]"
703,"[1704, 1872, 1835, 403, 1705]"
704,"[1043, 197, 89, 1202, 410]"
705,"[165, 125, 408, 1915, 98]"
706,"[1733, 706, 79, 1119, 1536]"
707,"[438, 1636, 259, 265, 257]"
708,"[1875, 1659, 89, 165, 98]"
709,"[102, 409, 410, 1202, 1518]"
710,"[1704, 1632, 1705, 926, 1795]"
711,"[1706, 1866, 98, 1936, 420]"
712,"[1758, 1567, 1769, 1762, 106]"
713,"[89, 435, 164, 98, 1202]"
714,"[165, 410, 1202, 98, 97]"
715,"[1773, 1907, 692, 165, 1073]"
716,"[1639, 165, 1541, 1592, 1695]"
717,"[1916, 926, 79, 302, 297]"
718,"[106, 1702, 98, 97, 934]"
719,"[1705, 1704, 1750, 1749, 1112]"
720,"[675, 409, 292, 1638, 1299]"
721,"[451, 390, 455, 114, 60]"
722,"[887, 1073, 954, 1627, 1638]"
723,"[1900, 1074, 1760, 1761, 95]"
724,"[374, 1570, 959, 1721, 73]"
725,"[441, 1638, 97, 96, 1627]"
726,"[1091, 297, 1065, 1927, 442]"
727,"[1102, 1083, 376, 377, 1188]"
728,"[1896, 455, 98, 97, 96]"
729,"[926, 1557, 1046, 1551, 1553]"
730,"[1704, 1705, 1795, 1872, 1835]"
731,"[1724, 98, 1659, 97, 96]"
732,"[1157, 1705, 1704, 1775, 1249]"
733,"[1436, 1451, 1464, 1477, 1456]"
734,"[1915, 1269, 408, 1137, 1704]"
735,"[302, 297, 294, 1706, 1810]"
736,"[961, 1753, 1918, 979, 1790]"
737,"[1607, 1904, 98, 1905, 1638]"
738,"[1113, 98, 1120, 1907, 461]"
739,"[372, 1157, 1727, 1769, 1041]"
740,"[1705, 1704, 1758, 1761, 1760]"
741,"[455, 1896, 1192, 1070, 1567]"
742,"[971, 1244, 423, 1705, 163]"
743,"[374, 959, 73, 1085, 1918]"
744,"[1030, 1066, 1910, 1915, 1916]"
745,"[1627, 1042, 1025, 937, 159]"
746,"[1915, 1921, 920, 1704, 1795]"
747,"[101, 1750, 112, 1637, 890]"
748,"[1269, 108, 1706, 408, 1001]"
749,"[1752, 878, 676, 1137, 1831]"
750,"[1800, 1803, 354, 1802, 1801]"
751,"[165, 1202, 410, 409, 1746]"
752,"[1800, 1780, 1779, 1793, 1790]"
753,"[455, 116, 114, 1147, 692]"
754,"[60, 1750, 451, 112, 676]"
755,"[1705, 1704, 435, 1727, 1202]"
756,"[106, 1567, 1705, 16, 1118]"
757,"[729, 1792, 604, 1789, 1498]"
758,"[1704, 346, 643, 1116, 1705]"
759,"[126, 1756, 165, 97, 96]"
760,"[350, 1900, 211, 985, 980]"
761,"[170, 922, 211, 980, 985]"
762,"[60, 1917, 1639, 1915, 89]"
763,"[1544, 98, 97, 96, 1724]"
764,"[1523, 292, 16, 1277, 1769]"
765,"[408, 1795, 395, 1831, 1299]"
766,"[1752, 1067, 1772, 1705, 443]"
767,"[89, 415, 1926, 101, 1627]"
768,"[1516, 1550, 1704, 692, 1705]"
769,"[165, 956, 89, 920, 126]"
770,"[1727, 374, 961, 1796, 435]"
771,"[431, 293, 920, 1087, 1081]"
772,"[1541, 985, 1675, 902, 1918]"
773,"[1704, 1705, 905, 792, 533]"
774,"[1567, 409, 1896, 1705, 16]"
775,"[317, 1910, 1040, 1127, 692]"
776,"[1185, 408, 1025, 937, 159]"
777,"[257, 1185, 1677, 1249, 372]"
778,"[1299, 98, 1607, 97, 96]"
779,"[702, 430, 914, 959, 190]"
780,"[410, 1202, 1659, 1915, 926]"
781,"[1070, 372, 1627, 455, 1899]"
782,"[1915, 140, 1675, 1196, 1202]"
783,"[1141, 1159, 1915, 1829, 1827]"
784,"[1733, 947, 966, 959, 191]"
785,"[1704, 1705, 1770, 1762, 1758]"
786,"[985, 984, 983, 982, 981]"
787,"[794, 1704, 1705, 1570, 793]"
788,"[1910, 1662, 1705, 114, 1704]"
789,"[1918, 979, 911, 1317, 211]"
790,"[1066, 1025, 937, 159, 1041]"
791,"[1773, 455, 1760, 1761, 1113]"
792,"[1070, 455, 1627, 1899, 1695]"
793,"[928, 676, 1552, 1705, 1121]"
794,"[329, 614, 409, 97, 60]"
795,"[368, 1185, 1704, 890, 112]"
796,"[321, 1257, 438, 1636, 1910]"
797,"[1112, 1761, 1760, 1655, 449]"
798,"[1277, 1762, 1761, 1760, 1662]"
799,"[1762, 1758, 1761, 1760, 1704]"
800,"[1915, 165, 125, 98, 408]"
801,"[192, 435, 1695, 164, 412]"
802,"[89, 985, 1675, 165, 920]"
803,"[811, 455, 454, 1924, 1070]"
804,"[1915, 1659, 1185, 1603, 920]"
805,"[97, 96, 98, 415, 1178]"
806,"[1704, 1761, 1774, 1273, 447]"
807,"[1762, 1758, 692, 1636, 441]"
808,"[1760, 1761, 114, 16, 1704]"
809,"[1204, 1659, 773, 216, 1901]"
810,"[692, 1627, 1070, 989, 1649]"
811,"[1112, 1147, 1705, 1704, 1761]"
812,"[125, 165, 408, 920, 60]"
813,"[60, 89, 112, 1907, 449]"
814,"[1899, 1926, 89, 98, 1526]"
815,"[1897, 956, 89, 1627, 1926]"
816,"[408, 1675, 1193, 1733, 1151]"
817,"[1705, 1704, 1758, 584, 1246]"
818,"[441, 1705, 1704, 1792, 1769]"
819,"[1273, 447, 1758, 1762, 1761]"
820,"[1897, 1922, 1526, 1627, 1899]"
821,"[1039, 1916, 928, 1202, 60]"
822,"[1636, 1899, 1638, 1910, 615]"
823,"[692, 1277, 1726, 846, 1899]"
824,"[164, 1272, 171, 920, 1676]"
825,"[718, 676, 339, 1567, 89]"
826,"[1071, 878, 920, 435, 89]"
827,"[1071, 868, 1705, 1704, 1748]"
828,"[1705, 1713, 1630, 1866, 1680]"
829,"[1183, 1704, 1705, 1753, 1627]"
830,"[89, 1899, 1297, 166, 1627]"
831,"[1636, 438, 116, 1904, 1910]"
832,"[1257, 1924, 1025, 937, 159]"
833,"[116, 451, 1639, 114, 1921]"
834,"[1924, 89, 1904, 1899, 1910]"
835,"[1025, 937, 159, 1924, 1705]"
836,"[978, 976, 974, 973, 972]"
837,"[1910, 375, 125, 1907, 165]"
838,"[1752, 1907, 1068, 1063, 385]"
839,"[1529, 96, 97, 98, 409]"
840,"[1030, 1926, 1916, 670, 1025]"
841,"[1586, 1907, 1746, 102, 409]"
842,"[153, 928, 988, 1075, 978]"
843,"[1030, 314, 1636, 438, 273]"
844,"[323, 435, 287, 618, 1174]"
845,"[89, 921, 164, 937, 1193]"
846,"[1148, 1915, 1037, 1704, 925]"
847,"[189, 946, 192, 951, 193]"
848,"[89, 1627, 409, 102, 98]"
849,"[1758, 1762, 154, 435, 192]"
850,"[1769, 956, 328, 165, 1887]"
851,"[424, 1536, 906, 1117, 95]"
852,"[935, 168, 89, 1897, 409]"
853,"[1032, 1920, 1899, 615, 1910]"
854,"[281, 274, 275, 272, 280]"
855,"[958, 1344, 1705, 670, 1916]"
856,"[408, 1902, 455, 1014, 1915]"
857,"[1727, 849, 1627, 1796, 435]"
858,"[1118, 102, 1746, 1066, 1073]"
859,"[1112, 1689, 1147, 1705, 1704]"
860,"[1064, 1526, 409, 102, 1926]"
861,"[330, 1085, 108, 1077, 618]"
862,"[1025, 937, 159, 1746, 1620]"
863,"[415, 1789, 1790, 1791, 1627]"
864,"[60, 1344, 1916, 1915, 136]"
865,"[1915, 140, 1135, 128, 925]"
866,"[1762, 1758, 1705, 530, 1627]"
867,"[1761, 1760, 920, 113, 1746]"
868,"[1762, 1758, 1147, 1705, 1775]"
869,"[124, 1746, 922, 102, 409]"
870,"[70, 1636, 438, 164, 1729]"
871,"[1803, 1796, 1762, 1758, 1085]"
872,"[1907, 1905, 1627, 1527, 113]"
873,"[676, 98, 97, 96, 1025]"
874,"[927, 1899, 1727, 89, 164]"
875,"[165, 984, 980, 211, 212]"
876,"[692, 1130, 219, 1147, 1739]"
877,"[1145, 675, 116, 111, 44]"
878,"[1157, 1030, 1152, 906, 372]"
879,"[1538, 409, 98, 97, 96]"
880,"[1731, 1922, 1897, 663, 106]"
881,"[165, 1748, 868, 128, 1027]"
882,"[97, 96, 89, 98, 921]"
883,"[692, 1705, 1704, 1726, 846]"
884,"[113, 89, 1536, 1202, 410]"
885,"[1112, 455, 1312, 467, 1070]"
886,"[811, 291, 449, 1192, 1605]"
887,"[1907, 1025, 937, 159, 409]"
888,"[292, 98, 97, 96, 1746]"
889,"[98, 97, 96, 102, 1746]"
890,"[1758, 1762, 860, 1705, 16]"
891,"[1758, 1915, 1762, 1627, 1899]"
892,"[144, 1704, 1705, 424, 929]"
893,"[1803, 1085, 1704, 1705, 1762]"
894,"[1729, 382, 1184, 1183, 1168]"
895,"[1907, 1897, 1922, 1526, 935]"
896,"[89, 878, 919, 113, 1030]"
897,"[1026, 1046, 1915, 670, 1193]"
898,"[424, 1905, 1627, 1527, 113]"
899,"[451, 692, 1277, 1191, 1636]"
900,"[260, 1704, 1705, 911, 265]"
901,"[1905, 1627, 164, 1899, 1922]"
902,"[408, 1182, 1676, 1915, 125]"
903,"[165, 98, 1659, 1196, 1704]"
904,"[911, 784, 739, 938, 934]"
905,"[1907, 1905, 1627, 1257, 1699]"
906,"[1627, 89, 1529, 409, 318]"
907,"[1659, 1299, 1705, 1704, 403]"
908,"[1915, 1920, 408, 1704, 1705]"
909,"[1753, 89, 1627, 1118, 1795]"
910,"[1704, 1705, 1762, 1758, 102]"
911,"[961, 1627, 1299, 1796, 1246]"
912,"[1297, 926, 175, 696, 917]"
913,"[1077, 902, 403, 1704, 306]"
914,"[1070, 455, 1727, 1187, 1627]"
915,"[1915, 409, 318, 171, 128]"
916,"[1848, 1847, 1851, 1844, 1041]"
917,"[1705, 1704, 1753, 1936, 1758]"
918,"[1705, 1704, 1758, 1147, 314]"
919,"[928, 1672, 1749, 628, 1843]"
920,"[89, 113, 435, 920, 921]"
921,"[415, 1795, 875, 165, 878]"
922,"[767, 746, 744, 742, 769]"
923,"[670, 1041, 620, 470, 165]"
924,"[928, 1118, 172, 97, 929]"
925,"[222, 979, 212, 982, 981]"
926,"[1054, 216, 1705, 1704, 1592]"
927,"[1627, 409, 1527, 1905, 1176]"
928,"[1922, 1897, 1526, 1926, 89]"
929,"[849, 958, 1758, 1796, 1803]"
930,"[331, 1677, 164, 125, 98]"
931,"[1729, 1636, 438, 164, 924]"
932,"[451, 920, 878, 890, 112]"
933,"[89, 165, 1907, 1676, 920]"
934,"[1704, 1705, 1552, 1185, 815]"
935,"[1916, 18, 1021, 1772, 365]"
936,"[290, 928, 1549, 1745, 1671]"
937,"[878, 1915, 409, 98, 96]"
938,"[102, 1746, 1875, 409, 89]"
939,"[1758, 1762, 154, 961, 192]"
940,"[1112, 1064, 1910, 1273, 447]"
941,"[1025, 937, 159, 165, 1904]"
942,"[1536, 89, 1526, 60, 1604]"
943,"[1902, 408, 1306, 108, 1147]"
944,"[270, 271, 1205, 410, 278]"
945,"[1025, 937, 159, 1904, 1899]"
946,"[1753, 192, 1118, 211, 1758]"
947,"[933, 922, 126, 98, 1118]"
948,"[125, 98, 97, 96, 1073]"
949,"[1758, 1762, 1704, 688, 677]"
950,"[1904, 1025, 937, 159, 922]"
951,"[1666, 270, 219, 956, 762]"
952,"[989, 203, 1933, 1149, 1030]"
953,"[1907, 924, 89, 921, 165]"
954,"[1704, 1705, 1760, 1662, 1910]"
955,"[1899, 1526, 89, 98, 165]"
956,"[1760, 1761, 1762, 1758, 1704]"
957,"[1071, 463, 163, 919, 929]"
958,"[1705, 584, 1704, 1800, 1780]"
959,"[98, 1926, 1526, 1904, 878]"
960,"[1627, 1907, 1025, 937, 159]"
961,"[692, 1275, 449, 1704, 846]"
962,"[1918, 979, 1760, 1774, 1761]"
963,"[1758, 1704, 1671, 462, 673]"
964,"[441, 116, 1147, 1899, 1273]"
965,"[1030, 1916, 1147, 926, 1910]"
966,"[410, 1202, 89, 125, 435]"
967,"[387, 359, 1913, 367, 284]"
968,"[1750, 438, 1277, 890, 112]"
969,"[1750, 773, 423, 1244, 126]"
970,"[1185, 906, 408, 1916, 1907]"
971,"[112, 890, 1533, 1758, 290]"
972,"[1803, 898, 961, 1349, 1705]"
973,"[1627, 89, 1905, 164, 1910]"
974,"[1705, 170, 1704, 1758, 1762]"
975,"[1907, 1025, 937, 159, 1193]"
976,"[1536, 1907, 60, 289, 89]"
977,"[258, 256, 259, 260, 1683]"
978,"[1277, 1726, 846, 692, 1899]"
979,"[165, 164, 990, 1659, 1299]"
980,"[1749, 164, 1632, 1303, 1705]"
981,"[372, 1705, 1704, 211, 1753]"
982,"[1731, 1149, 1184, 1166, 1727]"
983,"[89, 165, 98, 1924, 1025]"
984,"[165, 408, 1202, 410, 1675]"
985,"[1760, 1761, 409, 878, 89]"
986,"[89, 1526, 1922, 1897, 113]"
987,"[171, 165, 410, 1202, 920]"
988,"[455, 454, 102, 1025, 937]"
989,"[161, 1547, 923, 1592, 1680]"
990,"[1526, 1899, 1746, 89, 928]"
991,"[98, 1926, 956, 1118, 878]"
992,"[1910, 1899, 89, 1926, 1904]"
993,"[408, 1299, 1659, 1041, 175]"
994,"[1651, 713, 1924, 692, 1674]"
995,"[289, 60, 278, 98, 97]"
996,"[124, 1040, 259, 1197, 1746]"
997,"[866, 925, 1907, 318, 1070]"
998,"[441, 116, 1899, 1904, 1175]"
999,"[1746, 102, 98, 97, 96]"
1000,"[1270, 341, 284, 1705, 1704]"
1001,"[1627, 409, 1905, 465, 1073]"
1002,"[98, 89, 878, 1746, 1910]"
1003,"[1753, 1704, 1705, 1567, 1118]"
1004,"[1705, 1704, 290, 1202, 410]"
1005,"[408, 1334, 1077, 1329, 925]"
1006,"[98, 97, 96, 102, 1746]"
1007,"[1929, 978, 976, 974, 972]"
1008,"[1705, 1704, 961, 1085, 139]"
1009,"[1076, 1536, 424, 1068, 1041]"
1010,"[166, 440, 1907, 89, 424]"
1011,"[676, 1713, 339, 1654, 1524]"
1012,"[692, 1726, 846, 1899, 1627]"
1013,"[1025, 937, 921, 1907, 98]"
1014,"[878, 164, 165, 409, 89]"
1015,"[89, 113, 164, 1627, 98]"
1016,"[1915, 101, 112, 1627, 890]"
1017,"[1915, 1704, 1863, 1866, 707]"
1018,"[1025, 937, 159, 1627, 89]"
1019,"[164, 1897, 1922, 935, 265]"
1020,"[1112, 1758, 1147, 1705, 1704]"
1021,"[1070, 1907, 878, 1899, 1904]"
1022,"[1536, 1916, 1910, 89, 926]"
1023,"[1273, 447, 439, 1761, 1760]"
1024,"[98, 97, 96, 1790, 1789]"
1025,"[1758, 1705, 1762, 1726, 1761]"
1026,"[1760, 1704, 1705, 1774, 1918]"
1027,"[1025, 937, 159, 1907, 164]"
1028,"[1758, 1705, 1704, 1762, 1936]"
1029,"[376, 1021, 374, 265, 1030]"
1030,"[616, 618, 443, 1705, 402]"
1031,"[1637, 843, 451, 1202, 410]"
1032,"[1904, 1704, 1705, 1753, 1155]"
1033,"[615, 1920, 1638, 1899, 1774]"
1034,"[1636, 442, 1924, 1762, 1249]"
1035,"[657, 648, 162, 462, 164]"
1036,"[165, 1171, 920, 1677, 1025]"
1037,"[97, 96, 98, 1607, 1298]"
1038,"[846, 1704, 692, 1705, 1275]"
1039,"[1024, 98, 1626, 1106, 1918]"
1040,"[1073, 1202, 410, 98, 97]"
1041,"[928, 175, 1014, 1649, 670]"
1042,"[279, 1659, 978, 976, 974]"
1043,"[1076, 952, 1257, 265, 1038]"
1044,"[1750, 60, 125, 1272, 926]"
1045,"[1750, 302, 297, 294, 415]"
1046,"[1592, 98, 1680, 1202, 410]"
1047,"[124, 1133, 1915, 922, 283]"
1048,"[1706, 1810, 1847, 1845, 1848]"
1049,"[166, 749, 745, 175, 1135]"
1050,"[1746, 102, 96, 98, 409]"
1051,"[1746, 1733, 1025, 937, 159]"
1052,"[1029, 403, 657, 1126, 1516]"
1053,"[1196, 402, 1700, 126, 1299]"
1054,"[1544, 1721, 216, 1766, 1810]"
1055,"[1627, 1905, 1527, 1118, 1704]"
1056,"[1449, 1484, 1457, 1227, 1399]"
1057,"[1040, 1817, 1816, 1130, 1131]"
1058,"[92, 1704, 1705, 669, 1915]"
1059,"[1147, 1705, 1762, 692, 1704]"
1060,"[1758, 1762, 860, 1705, 16]"
1061,"[1753, 1609, 1704, 1705, 1752]"
1062,"[1705, 1656, 1704, 455, 454]"
1063,"[113, 866, 1746, 1025, 937]"
1064,"[1910, 1064, 615, 1899, 1638]"
1065,"[1659, 165, 89, 670, 1299]"
1066,"[1927, 1613, 1724, 1188, 1677]"
1067,"[1915, 1676, 124, 1659, 1025]"
1068,"[1704, 1705, 1192, 1299, 1637]"
1069,"[25, 1038, 1695, 412, 878]"
1070,"[89, 1727, 878, 1899, 926]"
1071,"[878, 1526, 1077, 788, 759]"
1072,"[1904, 922, 819, 102, 98]"
1073,"[1025, 937, 159, 124, 1904]"
1074,"[1892, 692, 1073, 437, 866]"
1075,"[1133, 1705, 1924, 60, 259]"
1076,"[1660, 791, 1098, 450, 170]"
1077,"[919, 1538, 289, 163, 1070]"
1078,"[1907, 925, 1025, 937, 159]"
1079,"[629, 1196, 98, 96, 423]"
1080,"[1675, 1344, 1676, 1202, 410]"
1081,"[1043, 197, 1193, 1202, 410]"
1082,"[1803, 1796, 1705, 1704, 1085]"
1083,"[1915, 89, 1627, 1899, 415]"
1084,"[350, 1900, 1159, 1831, 1704]"
1085,"[1137, 1130, 265, 1040, 219]"
1086,"[1904, 1025, 937, 159, 455]"
1087,"[1724, 1924, 102, 1277, 409]"
1088,"[1069, 89, 1727, 440, 165]"
1089,"[1592, 286, 165, 1760, 1761]"
1090,"[620, 470, 1907, 98, 1202]"
1091,"[1704, 1705, 1762, 1758, 1085]"
1092,"[1704, 1590, 939, 982, 981]"
1093,"[468, 1705, 1704, 480, 1918]"
1094,"[1721, 108, 141, 212, 1705]"
1095,"[1026, 1829, 1827, 175, 1753]"
1096,"[1915, 1064, 128, 1825, 1363]"
1097,"[1907, 778, 1025, 937, 159]"
1098,"[1437, 1300, 1795, 1762, 560]"
1099,"[1810, 749, 1746, 98, 97]"
1100,"[98, 97, 96, 1526, 1915]"
1101,"[956, 255, 1034, 1118, 165]"
1102,"[1769, 1924, 1904, 455, 98]"
1103,"[1185, 290, 1761, 1760, 1704]"
1104,"[1705, 1704, 1648, 731, 1689]"
1105,"[140, 145, 916, 148, 147]"
1106,"[1704, 1910, 1600, 89, 1762]"
1107,"[1694, 113, 1753, 878, 1907]"
1108,"[1705, 821, 709, 387, 1704]"
1109,"[189, 946, 193, 192, 186]"
1110,"[1762, 1705, 1704, 1032, 1758]"
1111,"[584, 1246, 1705, 1704, 1758]"
1112,"[1070, 1277, 676, 98, 1608]"
1113,"[359, 270, 989, 917, 149]"
1114,"[113, 1192, 1649, 1762, 1758]"
1115,"[1753, 1761, 1760, 37, 480]"
1116,"[1907, 1897, 1922, 89, 166]"
1117,"[1907, 409, 89, 1627, 1526]"
1118,"[783, 1202, 410, 1025, 937]"
1119,"[692, 1705, 1726, 846, 1762]"
1120,"[1612, 920, 1299, 1065, 956]"
1121,"[112, 890, 1795, 1704, 1705]"
1122,"[136, 276, 272, 274, 281]"
1123,"[1018, 1677, 98, 97, 96]"
1124,"[1204, 125, 1900, 1202, 410]"
1125,"[965, 442, 408, 1675, 216]"
1126,"[961, 1918, 979, 1753, 989]"
1127,"[1587, 1627, 463, 467, 1771]"
1128,"[1914, 1582, 457, 533, 1380]"
1129,"[618, 958, 878, 1677, 966]"
1130,"[1905, 1627, 1527, 276, 1907]"
1131,"[1705, 1704, 593, 1637, 304]"
1132,"[971, 1916, 408, 1299, 1202]"
1133,"[1902, 60, 112, 408, 890]"
1134,"[1147, 1819, 1818, 1817, 1816]"
1135,"[1739, 333, 102, 1138, 1120]"
1136,"[1636, 438, 455, 1637, 1627]"
1137,"[165, 1030, 926, 885, 1026]"
1138,"[1897, 1922, 1907, 1526, 773]"
1139,"[1918, 979, 73, 911, 211]"
1140,"[1773, 1776, 1757, 1723, 468]"
1141,"[1899, 346, 1044, 1064, 1032]"
1142,"[1049, 728, 211, 1649, 980]"
1143,"[102, 692, 651, 653, 656]"
1144,"[1770, 965, 273, 216, 281]"
1145,"[1761, 1758, 1784, 1769, 1705]"
1146,"[1064, 290, 136, 313, 276]"
1147,"[344, 339, 334, 676, 289]"
1148,"[1188, 374, 1061, 670, 1592]"
1149,"[1032, 1147, 1704, 1758, 1040]"
1150,"[440, 618, 698, 616, 413]"
1151,"[1762, 1758, 1705, 1704, 1803]"
1152,"[1068, 1904, 89, 1638, 1899]"
1153,"[1907, 1736, 926, 706, 1659]"
1154,"[1780, 1779, 1769, 1727, 1800]"
1155,"[706, 739, 1733, 773, 447]"
1156,"[1026, 408, 1915, 1911, 985]"
1157,"[165, 866, 171, 126, 89]"
1158,"[1705, 1695, 114, 1192, 455]"
1159,"[819, 1746, 409, 102, 165]"
1160,"[692, 1705, 1704, 1726, 846]"
1161,"[1202, 410, 1193, 985, 1916]"
1162,"[1926, 1637, 1695, 1899, 1147]"
1163,"[165, 317, 1916, 1705, 1922]"
1164,"[1025, 937, 159, 164, 1907]"
1165,"[735, 1672, 168, 926, 921]"
1166,"[207, 1006, 973, 968, 955]"
1167,"[707, 1795, 370, 1159, 345]"
1168,"[920, 1014, 165, 984, 211]"
1169,"[408, 1866, 1833, 1828, 1837]"
1170,"[663, 1762, 1758, 440, 1147]"
1171,"[1526, 1915, 1044, 60, 409]"
1172,"[1762, 1760, 1761, 1704, 1536]"
1173,"[409, 924, 89, 1727, 1627]"
1174,"[1924, 1705, 1904, 1638, 1275]"
1175,"[408, 165, 1202, 410, 984]"
1176,"[1796, 1705, 1704, 695, 1085]"
1177,"[439, 455, 110, 1627, 333]"
1178,"[692, 1705, 1704, 846, 1726]"
1179,"[25, 164, 1750, 409, 416]"
1180,"[1727, 89, 1297, 415, 435]"
1181,"[259, 902, 1635, 1659, 408]"
1182,"[97, 98, 96, 1746, 102]"
1183,"[1764, 1725, 1740, 791, 779]"
1184,"[961, 275, 1918, 979, 435]"
1185,"[362, 435, 447, 1727, 1273]"
1186,"[1025, 937, 159, 1040, 1049]"
1187,"[1916, 126, 1202, 410, 97]"
1188,"[284, 171, 926, 1297, 403]"
1189,"[990, 348, 284, 1753, 999]"
1190,"[629, 423, 1924, 126, 409]"
1191,"[1907, 937, 159, 1025, 165]"
1192,"[455, 89, 1627, 416, 1899]"
1193,"[1705, 1704, 1753, 1792, 1791]"
1194,"[1048, 175, 670, 92, 1680]"
1195,"[928, 79, 1700, 1654, 1014]"
1196,"[1196, 1750, 423, 1244, 1102]"
1197,"[1526, 113, 1627, 1899, 1905]"
1198,"[1910, 112, 409, 89, 1907]"
1199,"[175, 1907, 1910, 1030, 102]"
1200,"[1769, 1760, 1761, 1889, 1567]"
1201,"[1772, 370, 250, 1907, 149]"
1202,"[1924, 410, 1604, 1202, 1760]"
1203,"[1922, 1897, 106, 455, 165]"
1204,"[819, 1904, 1192, 116, 102]"
1205,"[1148, 1147, 1695, 1899, 1639]"
1206,"[1675, 1298, 1261, 1260, 1259]"
1207,"[1837, 1833, 1828, 922, 1498]"
1208,"[1832, 1484, 371, 550, 1815]"
1209,"[1905, 1907, 164, 1627, 1526]"
1210,"[1120, 371, 1772, 125, 1727]"
1211,"[1769, 862, 1761, 819, 339]"
1212,"[89, 164, 937, 159, 98]"
1213,"[1704, 1104, 692, 455, 454]"
1214,"[1705, 1704, 70, 958, 920]"
1215,"[258, 1202, 410, 408, 98]"
1216,"[1825, 1261, 430, 1260, 1258]"
1217,"[406, 407, 478, 1030, 692]"
1218,"[98, 97, 96, 1087, 1118]"
1219,"[1157, 102, 692, 1695, 1899]"
1220,"[97, 96, 113, 98, 890]"
1221,"[1907, 116, 1758, 1273, 1705]"
1222,"[1750, 164, 125, 98, 1300]"
1223,"[441, 922, 1904, 1705, 1704]"
1224,"[1068, 102, 97, 96, 98]"
1225,"[1704, 1705, 961, 1085, 435]"
1226,"[1752, 1746, 102, 676, 1655]"
1227,"[60, 1915, 1659, 451, 1202]"
1228,"[126, 164, 1659, 165, 985]"
1229,"[1523, 1277, 1192, 1899, 455]"
1230,"[447, 1273, 1758, 455, 1762]"
1231,"[1523, 46, 1277, 860, 1064]"
1232,"[1915, 395, 958, 1299, 1795]"
1233,"[924, 1713, 175, 1745, 1671]"
1234,"[928, 922, 1752, 1915, 128]"
1235,"[1705, 1704, 1753, 1899, 1627]"
1236,"[1758, 1762, 860, 1705, 16]"
1237,"[1520, 1620, 1551, 1258, 1041]"
1238,"[1149, 1049, 1029, 1027, 1041]"
1239,"[1111, 1698, 1793, 675, 408]"
1240,"[752, 1274, 1910, 1147, 116]"
1241,"[222, 1758, 618, 1786, 1704]"
1242,"[1905, 95, 93, 1627, 1527]"
1243,"[1627, 1905, 1527, 168, 1160]"
1244,"[811, 1071, 1748, 1745, 866]"
1245,"[1915, 688, 60, 1275, 451]"
1246,"[1536, 89, 1202, 410, 1677]"
1247,"[89, 165, 113, 409, 878]"
1248,"[1918, 979, 1758, 1762, 154]"
1249,"[1627, 1899, 1910, 89, 1025]"
1250,"[1705, 1704, 1803, 1762, 1758]"
1251,"[1071, 415, 1756, 1705, 1753]"
1252,"[995, 171, 670, 1926, 60]"
1253,"[97, 96, 98, 1924, 1904]"
1254,"[1705, 1704, 1649, 961, 1758]"
1255,"[1073, 1030, 1041, 1066, 1044]"
1256,"[1050, 1066, 166, 89, 1030]"
1257,"[1025, 937, 159, 1907, 773]"
1258,"[675, 353, 922, 98, 97]"
1259,"[432, 1030, 1705, 1704, 862]"
1260,"[165, 1907, 89, 926, 98]"
1261,"[928, 419, 1045, 1042, 1035]"
1262,"[981, 223, 996, 351, 998]"
1263,"[89, 165, 1907, 1526, 98]"
1264,"[1032, 1758, 1762, 1775, 108]"
1265,"[1720, 749, 426, 1582, 1718]"
1266,"[1704, 1926, 1899, 1910, 1904]"
1267,"[819, 1904, 1025, 937, 159]"
1268,"[1907, 1746, 98, 318, 171]"
1269,"[1068, 1063, 1249, 375, 1875]"
1270,"[116, 819, 922, 1774, 1704]"
1271,"[1704, 164, 1069, 144, 1567]"
1272,"[70, 981, 1025, 159, 937]"
1273,"[139, 938, 1204, 807, 606]"
1274,"[1746, 89, 113, 1907, 878]"
1275,"[692, 98, 97, 1904, 454]"
1276,"[97, 96, 98, 1904, 165]"
1277,"[300, 1147, 1936, 652, 799]"
1278,"[692, 1726, 846, 451, 922]"
1279,"[1924, 1906, 1528, 1721, 692]"
1280,"[409, 433, 60, 1081, 848]"
1281,"[89, 1627, 166, 164, 1910]"
1282,"[749, 1670, 1795, 403, 628]"
1283,"[165, 1011, 164, 1025, 937]"
1284,"[1636, 442, 1899, 1627, 1904]"
1285,"[1772, 30, 50, 618, 1895]"
1286,"[1907, 1627, 1527, 1905, 1025]"
1287,"[1649, 408, 1202, 410, 1299]"
1288,"[1907, 165, 60, 1202, 410]"
1289,"[1762, 676, 628, 695, 335]"
1290,"[1803, 1085, 1753, 1118, 192]"
1291,"[1915, 408, 1675, 1552, 200]"
1292,"[1133, 1654, 925, 1727, 707]"
1293,"[354, 849, 1007, 998, 260]"
1294,"[1076, 255, 1548, 222, 1047]"
1295,"[1705, 1704, 961, 1085, 139]"
1296,"[1062, 318, 675, 165, 977]"
1297,"[222, 265, 255, 1681, 126]"
1298,"[695, 1627, 1052, 675, 1727]"
1299,"[1049, 1304, 1054, 1915, 410]"
1300,"[1071, 1907, 1727, 1069, 773]"
1301,"[1117, 1070, 904, 1627, 320]"
1302,"[1548, 1149, 1043, 1026, 1077]"
1303,"[126, 1627, 409, 1526, 89]"
1304,"[410, 1202, 1133, 1183, 97]"
1305,"[1587, 1627, 1025, 937, 159]"
1306,"[1836, 1873, 1832, 1659, 165]"
1307,"[1257, 333, 1722, 688, 1062]"
1308,"[1762, 1758, 1705, 110, 1910]"
1309,"[1774, 819, 1704, 1766, 1705]"
1310,"[1627, 409, 922, 1905, 1034]"
1311,"[1746, 1907, 926, 1025, 159]"
1312,"[921, 1025, 937, 159, 165]"
1313,"[1705, 1704, 318, 89, 1875]"
1314,"[1659, 997, 265, 1632, 408]"
1315,"[1771, 1042, 172, 929, 936]"
1316,"[1273, 447, 1899, 615, 1910]"
1317,"[1297, 154, 1165, 959, 435]"
1318,"[1592, 1049, 921, 919, 938]"
1319,"[164, 403, 211, 980, 985]"
1320,"[1750, 1202, 410, 1676, 1677]"
1321,"[139, 1014, 1690, 1165, 97]"
1322,"[1705, 1807, 1899, 1627, 1904]"
1323,"[165, 920, 164, 922, 1299]"
1324,"[1704, 1705, 1800, 1780, 1779]"
1325,"[1041, 176, 128, 172, 171]"
1326,"[1273, 447, 439, 449, 310]"
1327,"[1818, 1815, 1817, 1811, 1813]"
1328,"[447, 454, 1899, 455, 1627]"
1329,"[1064, 1749, 116, 451, 1704]"
1330,"[1068, 1063, 1905, 1897, 1922]"
1331,"[387, 385, 1647, 250, 1178]"
1332,"[1924, 1030, 1761, 1907, 1915]"
1333,"[1907, 1025, 937, 159, 89]"
1334,"[409, 165, 1299, 89, 920]"
1335,"[1612, 1300, 1118, 956, 1926]"
1336,"[1770, 21, 22, 29, 28]"
1337,"[658, 1196, 165, 926, 634]"
1338,"[725, 728, 956, 403, 1666]"
1339,"[1760, 1705, 1704, 1758, 1762]"
1340,"[89, 1627, 166, 164, 1910]"
1341,"[1790, 1627, 1708, 113, 43]"
1342,"[1922, 396, 1035, 1627, 1899]"
1343,"[938, 175, 176, 174, 928]"
1344,"[868, 1748, 1071, 1627, 176]"
1345,"[1672, 1526, 1646, 843, 925]"
1346,"[1536, 1064, 424, 919, 409]"
1347,"[1055, 1890, 1909, 1910, 1025]"
1348,"[1202, 615, 410, 1910, 421]"
1349,"[320, 1924, 1526, 112, 409]"
1350,"[1244, 423, 165, 113, 914]"
1351,"[408, 1750, 101, 165, 405]"
1352,"[1032, 1926, 1910, 1147, 1907]"
1353,"[165, 34, 1820, 1815, 1814]"
1354,"[1907, 985, 37, 728, 1675]"
1355,"[1275, 447, 1273, 449, 1146]"
1356,"[408, 1363, 728, 1077, 1704]"
1357,"[424, 1889, 1904, 1567, 1025]"
1358,"[98, 1025, 937, 159, 1073]"
1359,"[432, 1636, 1275, 1899, 410]"
1360,"[856, 1936, 1760, 1676, 1299]"
1361,"[89, 1907, 937, 159, 1025]"
1362,"[1526, 106, 1135, 1620, 1520]"
1363,"[1026, 928, 1705, 1768, 1761]"
1364,"[455, 1762, 1758, 1112, 1760]"
1365,"[1926, 1899, 1070, 692, 1904]"
1366,"[928, 1067, 409, 1150, 100]"
1367,"[1759, 1793, 1791, 1792, 710]"
1368,"[1183, 1915, 926, 1042, 60]"
1369,"[152, 900, 271, 1205, 1659]"
1370,"[1753, 1085, 961, 435, 1758]"
1371,"[1649, 1627, 98, 1899, 1915]"
1372,"[1147, 1073, 1064, 1926, 1907]"
1373,"[1025, 937, 159, 956, 408]"
1374,"[1758, 1762, 1705, 1704, 969]"
1375,"[1905, 1627, 1527, 866, 935]"
1376,"[1202, 410, 1916, 615, 1899]"
1377,"[1904, 1884, 455, 1627, 1899]"
1378,"[1889, 1769, 1567, 1904, 409]"
1379,"[346, 1147, 1285, 1704, 1705]"
1380,"[1073, 1025, 937, 159, 165]"
1381,"[1752, 1249, 1705, 1704, 1911]"
1382,"[1915, 1068, 1063, 1118, 929]"
1383,"[408, 952, 1627, 1899, 112]"
1384,"[1022, 1130, 1040, 1815, 1814]"
1385,"[1758, 1914, 1762, 1795, 1118]"
1386,"[188, 189, 192, 193, 946]"
1387,"[89, 1727, 1131, 1123, 1627]"
1388,"[98, 97, 96, 1275, 171]"
1389,"[1762, 1758, 1110, 1795, 297]"
1390,"[1704, 1705, 1761, 1760, 1249]"
1391,"[1192, 1704, 1762, 890, 112]"
1392,"[675, 154, 1070, 1758, 1772]"
1393,"[113, 402, 455, 890, 112]"
1394,"[1014, 389, 1184, 1166, 125]"
1395,"[1705, 1203, 1783, 1649, 1704]"
1396,"[1436, 1464, 1772, 1456, 1441]"
1397,"[922, 1704, 1275, 116, 1705]"
1398,"[171, 1133, 408, 728, 125]"
1399,"[116, 1726, 1760, 1761, 846]"
1400,"[1280, 95, 1118, 1758, 1762]"
1401,"[272, 276, 1721, 60, 274]"
1402,"[1601, 1705, 1704, 1899, 1762]"
1403,"[341, 706, 344, 291, 1030]"
1404,"[1721, 1270, 1557, 1727, 773]"
1405,"[1246, 1705, 1704, 1772, 1147]"
1406,"[1746, 1627, 409, 878, 1899]"
1407,"[1750, 1705, 1704, 1795, 1762]"
1408,"[1338, 1706, 1404, 1659, 1828]"
1409,"[89, 164, 166, 435, 1526]"
1410,"[819, 1655, 1676, 1299, 1298]"
1411,"[424, 1192, 1769, 1705, 1704]"
1412,"[1706, 919, 1810, 1736, 1098]"
1413,"[441, 1762, 1636, 692, 1025]"
1414,"[1904, 922, 1899, 1489, 1910]"
1415,"[116, 351, 1916, 1147, 408]"
1416,"[670, 1026, 1202, 410, 1746]"
1417,"[1613, 1025, 937, 159, 1704]"
1418,"[409, 1677, 171, 329, 98]"
1419,"[126, 165, 1202, 410, 1299]"
1420,"[1704, 1705, 1114, 97, 96]"
1421,"[1523, 1157, 1277, 455, 811]"
1422,"[1899, 1627, 1613, 287, 43]"
1423,"[1726, 692, 846, 116, 1277]"
1424,"[1204, 1523, 1908, 1249, 679]"
1425,"[424, 289, 1758, 1762, 989]"
1426,"[1025, 937, 159, 1907, 620]"
1427,"[1753, 1694, 1762, 1118, 1627]"
1428,"[1758, 1627, 1905, 1527, 1753]"
1429,"[1853, 1630, 749, 923, 161]"
1430,"[1660, 791, 1746, 1567, 1910]"
1431,"[677, 760, 1746, 1705, 1704]"
1432,"[89, 1627, 98, 415, 1916]"
1433,"[1907, 113, 89, 1727, 440]"
1434,"[1762, 1758, 1803, 1796, 1704]"
1435,"[1400, 1071, 1758, 1795, 1594]"
1436,"[1704, 1705, 1795, 1089, 1889]"
1437,"[670, 1704, 1202, 410, 1916]"
1438,"[382, 1627, 1899, 89, 1727]"
1439,"[424, 1065, 1118, 166, 1066]"
1440,"[1760, 1761, 165, 920, 1677]"
1441,"[1272, 1248, 920, 265, 207]"
1442,"[1044, 1915, 60, 703, 124]"
1443,"[1795, 1675, 1659, 409, 1746]"
1444,"[922, 1690, 319, 360, 1299]"
1445,"[1915, 1592, 259, 1704, 1705]"
1446,"[1529, 1907, 1526, 1910, 1076]"
1447,"[643, 435, 1727, 946, 958]"
1448,"[1025, 937, 159, 165, 1909]"
1449,"[1907, 1041, 1746, 926, 171]"
1450,"[1133, 1893, 1724, 1255, 1025]"
1451,"[1902, 1926, 1073, 1552, 1704]"
1452,"[343, 956, 295, 1736, 435]"
1453,"[1727, 1916, 1297, 1793, 1792]"
1454,"[1526, 405, 1922, 1897, 1068]"
1455,"[290, 985, 1073, 1202, 410]"
1456,"[862, 455, 165, 60, 440]"
1457,"[1275, 1064, 1704, 1070, 1910]"
1458,"[318, 1627, 424, 929, 1762]"
1459,"[1087, 1096, 437, 1109, 1077]"
1460,"[89, 166, 164, 1526, 1907]"
1461,"[377, 1304, 1592, 773, 692]"
1462,"[1899, 1705, 1704, 89, 1753]"
1463,"[89, 1202, 410, 1299, 924]"
1464,"[89, 1926, 1905, 1627, 1527]"
1465,"[1545, 165, 409, 1907, 89]"
1466,"[926, 292, 1637, 125, 165]"
1467,"[126, 866, 165, 1073, 1299]"
1468,"[461, 462, 98, 1705, 1550]"
1469,"[1677, 1130, 124, 692, 1025]"
1470,"[1911, 985, 984, 983, 982]"
1471,"[1627, 1905, 1527, 318, 878]"
1472,"[1192, 1924, 451, 1277, 1762]"
1473,"[1915, 1041, 1202, 410, 165]"
1474,"[1527, 1627, 1905, 317, 1317]"
1475,"[1064, 125, 878, 424, 1526]"
1476,"[302, 297, 294, 435, 1381]"
1477,"[1567, 956, 1065, 1118, 102]"
1478,"[1907, 1526, 461, 1922, 1897]"
1479,"[116, 819, 339, 1277, 1724]"
1480,"[920, 113, 89, 1627, 878]"
1481,"[1915, 620, 470, 98, 1028]"
1482,"[89, 1526, 435, 1627, 98]"
1483,"[677, 415, 412, 1299, 902]"
1484,"[1705, 1704, 1762, 1758, 1761]"
1485,"[1026, 207, 973, 972, 971]"
1486,"[779, 695, 1201, 102, 161]"
1487,"[408, 1837, 1828, 1833, 1915]"
1488,"[1924, 124, 1636, 442, 1705]"
1489,"[1907, 1636, 1695, 165, 438]"
1490,"[102, 1746, 291, 454, 455]"
1491,"[289, 1758, 678, 1273, 447]"
1492,"[972, 971, 970, 969, 968]"
1493,"[1627, 113, 878, 409, 890]"
1494,"[1536, 1025, 937, 159, 1746]"
1495,"[438, 1636, 615, 1727, 1202]"
1496,"[1814, 1924, 98, 1810, 171]"
1497,"[1769, 1567, 1795, 16, 1705]"
1498,"[643, 653, 1070, 1112, 1143]"
1499,"[1705, 1704, 692, 848, 510]"
1500,"[106, 1704, 1705, 1761, 1760]"
1501,"[510, 1795, 1753, 1704, 1675]"
1502,"[921, 1185, 164, 410, 1676]"
1503,"[1157, 1916, 1299, 1627, 1746]"
1504,"[1800, 1780, 1779, 989, 917]"
1505,"[926, 1638, 1627, 1202, 410]"
1506,"[211, 1705, 1704, 980, 985]"
1507,"[1607, 1768, 1769, 1303, 900]"
1508,"[1533, 292, 89, 98, 1309]"
1509,"[1913, 900, 165, 1607, 1303]"
1510,"[1758, 1762, 1705, 1704, 211]"
1511,"[728, 1141, 140, 916, 145]"
1512,"[1068, 1066, 1185, 1927, 372]"
1513,"[153, 164, 165, 410, 1202]"
1514,"[1016, 154, 350, 273, 270]"
1515,"[1721, 1042, 108, 1790, 1557]"
1516,"[1769, 130, 1880, 372, 1753]"
1517,"[1185, 408, 1675, 1344, 1025]"
1518,"[698, 1753, 1704, 1921, 37]"
1519,"[114, 1705, 1704, 16, 1761]"
1520,"[364, 628, 1713, 1705, 1704]"
1521,"[314, 866, 793, 1119, 1036]"
1522,"[1752, 1025, 937, 159, 1843]"
1523,"[1750, 101, 112, 890, 1904]"
1524,"[618, 114, 16, 1772, 1762]"
1525,"[946, 192, 435, 1085, 1727]"
1526,"[302, 297, 294, 924, 1659]"
1527,"[778, 1705, 1704, 60, 710]"
1528,"[1746, 98, 97, 96, 102]"
1529,"[1320, 102, 1746, 96, 97]"
1530,"[1552, 1915, 1926, 1147, 1899]"
1531,"[1025, 937, 159, 1042, 1070]"
1532,"[1704, 1705, 1675, 902, 911]"
1533,"[1918, 979, 211, 1317, 911]"
1534,"[424, 346, 292, 1704, 1758]"
1535,"[1936, 1025, 937, 159, 1066]"
1536,"[927, 929, 172, 919, 985]"
1537,"[374, 1035, 1762, 1704, 1768]"
1538,"[455, 454, 16, 1611, 440]"
1539,"[925, 1117, 866, 937, 1922]"
1540,"[1064, 1762, 1758, 1899, 449]"
1541,"[1185, 1025, 1675, 1746, 1921]"
1542,"[1064, 1567, 1067, 16, 1758]"
1543,"[1705, 1760, 134, 1704, 1786]"
1544,"[1119, 1027, 297, 1025, 937]"
1545,"[1032, 116, 1705, 692, 1192]"
1546,"[1917, 1187, 379, 1098, 284]"
1547,"[374, 959, 73, 1085, 1918]"
1548,"[1705, 1818, 1820, 1819, 1704]"
1549,"[1704, 1705, 730, 1650, 734]"
1550,"[1157, 1724, 102, 1035, 1627]"
1551,"[1704, 1795, 34, 851, 1705]"
1552,"[165, 212, 1202, 410, 926]"
1553,"[73, 704, 1764, 1759, 1570]"
1554,"[1769, 130, 1880, 372, 1753]"
1555,"[1769, 108, 1157, 1880, 1727]"
1556,"[1068, 112, 692, 676, 60]"
1557,"[1705, 435, 1299, 415, 926]"
1558,"[1312, 1924, 455, 454, 459]"
1559,"[1761, 1705, 1704, 372, 1875]"
1560,"[1705, 1704, 1753, 1567, 1758]"
1561,"[114, 16, 106, 454, 1896]"
1562,"[1120, 919, 1070, 464, 291]"
1563,"[372, 1753, 1567, 1042, 1761]"
1564,"[451, 440, 1147, 1899, 116]"
1565,"[97, 96, 98, 164, 937]"
1566,"[1792, 1791, 1704, 1705, 468]"
1567,"[1488, 1025, 937, 159, 920]"
1568,"[1670, 923, 161, 749, 1320]"
1569,"[1185, 1567, 1705, 1704, 1557]"
1570,"[699, 866, 1062, 1134, 319]"
1571,"[1299, 98, 1677, 187, 97]"
1572,"[438, 1907, 89, 773, 1038]"
1573,"[73, 946, 1649, 192, 1753]"
1574,"[1772, 618, 1705, 1704, 1649]"
1575,"[1704, 1705, 1795, 1753, 403]"
1576,"[292, 409, 1120, 1299, 624]"
1577,"[1705, 1704, 1041, 288, 197]"
1578,"[1700, 96, 911, 1675, 902]"
1579,"[440, 116, 114, 455, 1727]"
1580,"[116, 1192, 114, 455, 454]"
1581,"[114, 60, 454, 455, 1192]"
1582,"[1488, 1924, 692, 1249, 922]"
1583,"[1038, 1705, 371, 1704, 1772]"
1584,"[28, 1068, 1063, 321, 694]"
1585,"[1918, 979, 1704, 1795, 211]"
1586,"[455, 416, 1704, 435, 849]"
1587,"[1627, 73, 409, 985, 911]"
1588,"[1607, 97, 96, 98, 884]"
1589,"[926, 1676, 89, 1202, 410]"
1590,"[966, 371, 116, 451, 959]"
1591,"[1306, 1550, 463, 462, 461]"
1592,"[1043, 1639, 1916, 297, 1695]"
1593,"[1776, 1757, 1773, 73, 468]"
1594,"[1646, 409, 780, 1705, 1704]"
1595,"[658, 628, 793, 1320, 1705]"
1596,"[1916, 1910, 199, 959, 966]"
1597,"[1704, 379, 1762, 1758, 347]"
1598,"[1750, 735, 1202, 410, 98]"
1599,"[1706, 98, 97, 96, 1118]"
1600,"[737, 719, 1761, 1760, 211]"
1601,"[1607, 1157, 1299, 1916, 435]"
1602,"[355, 1257, 971, 730, 1676]"
1603,"[1704, 1705, 1287, 1877, 1895]"
1604,"[1157, 1035, 1724, 1627, 1299]"
1605,"[1915, 1750, 408, 60, 112]"
1606,"[1704, 1727, 1705, 34, 1803]"
1607,"[1728, 1557, 441, 89, 1746]"
1608,"[1793, 1792, 1790, 1791, 961]"
1609,"[1762, 1761, 1758, 1705, 1704]"
1610,"[651, 628, 637, 663, 656]"
1611,"[1835, 1872, 211, 980, 403]"
1612,"[1875, 165, 980, 89, 1269]"
1613,"[1099, 222, 223, 1541, 1073]"
1614,"[98, 1910, 291, 1913, 928]"
1615,"[923, 904, 161, 1713, 1670]"
1616,"[96, 1676, 1299, 1298, 126]"
1617,"[1277, 692, 1726, 846, 1899]"
1618,"[1529, 1916, 341, 1899, 89]"
1619,"[455, 1192, 1070, 1910, 112]"
1620,"[728, 920, 352, 1257, 1054]"
1621,"[116, 1924, 692, 451, 1604]"
1622,"[1544, 98, 97, 96, 410]"
1623,"[1775, 1768, 108, 1769, 135]"
1624,"[1936, 1098, 450, 386, 781]"
1625,"[1164, 125, 866, 663, 392]"
1626,"[1750, 1915, 408, 125, 124]"
1627,"[1256, 1027, 1277, 815, 1704]"
1628,"[455, 454, 16, 465, 313]"
1629,"[1752, 1926, 1758, 1899, 1118]"
1630,"[925, 1118, 964, 1874, 1865]"
1631,"[1261, 410, 1202, 451, 1746]"
1632,"[1192, 1704, 1567, 1705, 16]"
1633,"[906, 1675, 408, 60, 125]"
1634,"[1915, 1913, 1137, 175, 1303]"
1635,"[1907, 1147, 165, 1066, 89]"
1636,"[1705, 1704, 211, 980, 985]"
1637,"[692, 1726, 846, 1705, 1704]"
1638,"[37, 1272, 480, 900, 1261]"
1639,"[1906, 1025, 937, 159, 165]"
1640,"[1762, 1760, 1761, 211, 980]"
1641,"[1750, 116, 1924, 125, 906]"
1642,"[1750, 372, 98, 1193, 124]"
1643,"[1917, 1185, 692, 408, 1344]"
1644,"[1607, 435, 97, 949, 946]"
1645,"[1746, 1721, 1536, 1249, 60]"
1646,"[1041, 410, 1202, 1184, 346]"
1647,"[308, 1910, 1704, 1192, 1773]"
1648,"[116, 692, 1192, 1277, 1705]"
1649,"[277, 435, 1627, 1638, 961]"
1650,"[255, 1147, 1916, 1047, 1085]"
1651,"[372, 374, 862, 1704, 1705]"
1652,"[207, 1704, 1705, 978, 209]"
1653,"[130, 1769, 1567, 1880, 1753]"
1654,"[1070, 1638, 435, 1627, 192]"
1655,"[1171, 1705, 1704, 1064, 344]"
1656,"[1675, 408, 1676, 89, 112]"
1657,"[98, 97, 96, 1727, 1567]"
1658,"[1607, 1705, 1704, 935, 168]"
1659,"[1310, 98, 97, 96, 387]"
1660,"[1155, 449, 1599, 1192, 304]"
1661,"[1675, 125, 259, 1153, 1907]"
1662,"[1762, 16, 114, 314, 1704]"
1663,"[1627, 318, 711, 1118, 676]"
1664,"[1441, 1704, 1760, 1752, 1887]"
1665,"[1760, 1761, 1617, 1762, 1758]"
1666,"[1896, 1567, 98, 97, 96]"
1667,"[1704, 1705, 1795, 1753, 403]"
1668,"[1066, 926, 1920, 615, 403]"
1669,"[289, 291, 338, 98, 97]"
1670,"[1936, 1320, 424, 1704, 1705]"
1671,"[1705, 467, 1064, 16, 1704]"
1672,"[97, 96, 1607, 98, 1753]"
1673,"[1567, 440, 783, 455, 454]"
1674,"[1926, 112, 116, 890, 101]"
1675,"[108, 455, 1025, 937, 921]"
1676,"[223, 1044, 1926, 1704, 1694]"
1677,"[1784, 1317, 259, 1880, 1769]"
1678,"[1704, 1155, 1567, 1761, 1068]"
1679,"[1907, 1910, 1025, 937, 159]"
1680,"[112, 1627, 1904, 98, 97]"
1681,"[1772, 1866, 106, 1760, 16]"
1682,"[1654, 955, 1732, 1202, 410]"
1683,"[1924, 116, 125, 890, 112]"
1684,"[455, 1704, 1761, 1760, 1312]"
1685,"[1559, 1705, 1704, 468, 199]"
1686,"[420, 216, 102, 3, 1611]"
1687,"[1894, 1613, 1185, 1188, 1068]"
1688,"[1705, 1904, 111, 447, 1273]"
1689,"[1875, 320, 199, 389, 1752]"
1690,"[1257, 1936, 1277, 1255, 1666]"
1691,"[441, 98, 1924, 1249, 1775]"
1692,"[938, 79, 1680, 257, 175]"
1693,"[1202, 410, 1907, 1193, 1899]"
1694,"[1171, 1907, 102, 1746, 124]"
1695,"[1713, 923, 628, 1746, 102]"
1696,"[1705, 1704, 424, 947, 192]"
1697,"[1201, 126, 1701, 904, 1746]"
1698,"[1272, 89, 97, 96, 1157]"
1699,"[96, 1873, 1836, 1835, 1872]"
1700,"[971, 1202, 410, 403, 1303]"
1701,"[1713, 1118, 923, 1670, 172]"
1702,"[1677, 1025, 937, 159, 165]"
1703,"[643, 819, 653, 651, 618]"
1704,"[353, 73, 987, 963, 205]"
1705,"[290, 350, 136, 961, 98]"
1706,"[924, 1627, 318, 403, 89]"
1707,"[96, 97, 98, 1746, 102]"
1708,"[1915, 1675, 60, 408, 289]"
1709,"[1759, 435, 1160, 1255, 98]"
1710,"[882, 881, 880, 1249, 330]"
1711,"[314, 1163, 332, 1157, 313]"
1712,"[1201, 1036, 97, 1034, 985]"
1713,"[1096, 370, 821, 1022, 1797]"
1714,"[108, 1552, 346, 756, 755]"
1715,"[701, 379, 724, 704, 1179]"
1716,"[1704, 1705, 961, 1477, 1727]"
1717,"[1147, 1132, 1899, 440, 455]"
1718,"[1704, 435, 1727, 1910, 1627]"
1719,"[1064, 1536, 890, 112, 1905]"
1720,"[1030, 408, 1910, 1921, 1675]"
1721,"[1704, 1705, 211, 985, 980]"
1722,"[692, 1750, 455, 1617, 164]"
1723,"[113, 289, 409, 1704, 1705]"
1724,"[1022, 287, 1910, 435, 1907]"
1725,"[1592, 1133, 171, 1677, 604]"
1726,"[106, 1567, 1705, 1896, 16]"
1727,"[292, 1164, 1523, 1299, 1899]"
1728,"[124, 455, 454, 102, 1899]"
1729,"[1748, 868, 1112, 465, 455]"
1730,"[1704, 1705, 1872, 1835, 1675]"
1731,"[1617, 1637, 1762, 1760, 1761]"
1732,"[338, 1752, 1704, 1858, 1705]"
1733,"[374, 1704, 1727, 773, 89]"
1734,"[165, 1875, 89, 1915, 1916]"
1735,"[193, 191, 435, 1727, 16]"
1736,"[1313, 628, 1705, 1025, 159]"
1737,"[1902, 408, 1774, 1916, 1202]"
1738,"[605, 26, 603, 171, 1638]"
1739,"[1705, 1758, 947, 191, 193]"
1740,"[125, 1676, 1675, 1202, 410]"
1741,"[165, 926, 159, 937, 1025]"
1742,"[140, 916, 1473, 1670, 664]"
1743,"[350, 102, 1746, 97, 96]"
1744,"[1570, 1727, 193, 950, 945]"
1745,"[1157, 368, 1769, 1185, 1557]"
1746,"[1704, 1760, 1795, 1705, 663]"
1747,"[946, 435, 1727, 961, 1705]"
1748,"[1042, 937, 159, 1025, 1299]"
1749,"[1118, 985, 878, 911, 628]"
1750,"[1607, 98, 97, 96, 1261]"
1751,"[168, 1030, 1926, 1921, 37]"
1752,"[1526, 1192, 98, 97, 96]"
1753,"[424, 1019, 114, 16, 808]"
1754,"[1710, 935, 168, 1907, 1344]"
1755,"[1705, 1704, 1762, 980, 480]"
1756,"[865, 1747, 863, 935, 168]"
1757,"[1704, 1936, 1705, 1536, 1521]"
1758,"[1704, 1915, 297, 1137, 926]"
1759,"[1273, 447, 994, 1772, 1067]"
1760,"[1713, 409, 1131, 149, 1705]"
1761,"[1040, 1704, 1067, 1064, 1705]"
1762,"[1155, 1704, 424, 1567, 1927]"
1763,"[533, 1705, 1704, 361, 364]"
1764,"[1662, 392, 1704, 215, 618]"
1765,"[420, 171, 1695, 603, 1249]"
1766,"[1907, 1257, 926, 1202, 410]"
1767,"[1704, 1705, 1760, 102, 1924]"
1768,"[1915, 1008, 1030, 925, 887]"
1769,"[372, 409, 98, 96, 97]"
1770,"[1705, 1704, 1937, 1773, 1247]"
1771,"[1649, 1895, 1768, 193, 189]"
1772,"[102, 1746, 98, 97, 96]"
1773,"[1649, 1898, 1730, 1718, 1380]"
1774,"[1769, 130, 1880, 1753, 372]"
1775,"[922, 1071, 1025, 937, 159]"
1776,"[1157, 1704, 403, 1795, 1705]"
1777,"[1705, 1704, 1769, 1557, 1249]"
1778,"[1704, 1705, 1795, 403, 1753]"
1779,"[1704, 1705, 1795, 1758, 1073]"
1780,"[1038, 1161, 389, 371, 1249]"
1781,"[1926, 1899, 1025, 937, 159]"
1782,"[292, 98, 1655, 1705, 1704]"
1783,"[159, 937, 921, 1025, 1153]"
1784,"[1649, 1737, 1789, 1791, 1790]"
1785,"[390, 1607, 98, 1638, 97]"
1786,"[1179, 1178, 1880, 276, 28]"
1787,"[1675, 1753, 591, 60, 603]"
1788,"[1705, 902, 1704, 1675, 1795]"
1789,"[1918, 979, 1795, 1704, 1705]"
1790,"[277, 435, 1028, 97, 96]"
1791,"[1700, 96, 403, 1320, 911]"
1792,"[692, 1056, 89, 1910, 1899]"
1793,"[1775, 1768, 1760, 1761, 698]"
1794,"[692, 1726, 846, 1705, 1704]"
1795,"[947, 1937, 1704, 1705, 946]"
1796,"[420, 1552, 1249, 1516, 925]"
1797,"[1636, 438, 1704, 1705, 216]"
1798,"[510, 1753, 1795, 403, 1675]"
1799,"[1794, 1009, 1013, 243, 257]"
1800,"[1784, 1880, 179, 284, 228]"
1801,"[290, 350, 281, 55, 136]"
1802,"[126, 171, 902, 926, 692]"
1803,"[126, 920, 1697, 470, 620]"
1804,"[1713, 1670, 1541, 124, 1746]"
1805,"[1896, 888, 1567, 106, 1040]"
1806,"[1062, 284, 1068, 1063, 375]"
1807,"[98, 89, 789, 60, 1036]"
1808,"[1179, 116, 801, 28, 1907]"
1809,"[371, 1617, 1761, 1760, 1758]"
1810,"[440, 692, 1025, 937, 159]"
1811,"[692, 1277, 1726, 846, 451]"
1812,"[28, 1188, 29, 1170, 401]"
1813,"[1042, 1875, 269, 1299, 403]"
1814,"[144, 1756, 980, 205, 985]"
1815,"[126, 1676, 1299, 1298, 920]"
1816,"[1601, 1705, 1761, 1760, 1704]"
1817,"[1705, 1704, 466, 1910, 1204]"
1818,"[1068, 779, 271, 1205, 1257]"
1819,"[961, 643, 192, 203, 1796]"
1820,"[442, 1687, 1265, 1264, 434]"
1821,"[1659, 410, 1202, 1825, 403]"
1822,"[1666, 719, 737, 150, 152]"
1823,"[1906, 615, 1916, 1528, 1193]"
1824,"[97, 96, 164, 1025, 937]"
1825,"[922, 618, 304, 98, 97]"
1826,"[675, 660, 1147, 1750, 451]"
1827,"[1196, 928, 1746, 409, 102]"
1828,"[1073, 1202, 410, 1907, 1025]"
1829,"[1769, 16, 1705, 1758, 1704]"
1830,"[165, 1924, 60, 89, 1677]"
1831,"[1613, 257, 98, 97, 96]"
1832,"[1073, 1115, 1119, 313, 1546]"
1833,"[1721, 379, 1704, 1040, 1064]"
1834,"[926, 1147, 615, 1920, 1899]"
1835,"[1924, 455, 60, 466, 451]"
1836,"[454, 98, 97, 96, 16]"
1837,"[373, 365, 1154, 808, 989]"
1838,"[116, 114, 1192, 890, 112]"
1839,"[1704, 1705, 1072, 1567, 1529]"
1840,"[454, 455, 16, 1112, 1704]"
1841,"[1705, 1795, 1914, 1730, 1718]"
1842,"[108, 1721, 1746, 98, 97]"
1843,"[408, 1529, 1193, 164, 925]"
1844,"[165, 164, 1636, 692, 102]"
1845,"[1915, 1704, 1603, 1344, 433]"
1846,"[1924, 1070, 878, 1704, 1627]"
1847,"[1607, 98, 1083, 692, 1724]"
1848,"[699, 363, 862, 210, 1761]"
1849,"[1119, 1550, 136, 1704, 1705]"
1850,"[692, 1726, 846, 1277, 1899]"
1851,"[318, 409, 929, 172, 985]"
1852,"[1185, 408, 295, 1704, 306]"
1853,"[1705, 1704, 89, 920, 1300]"
1854,"[455, 102, 1924, 97, 96]"
1855,"[628, 663, 656, 653, 642]"
1856,"[89, 435, 374, 164, 1768]"
1857,"[1250, 1259, 1253, 1727, 73]"
1858,"[1721, 108, 106, 420, 1249]"
1859,"[1924, 466, 934, 920, 176]"
1860,"[1690, 619, 1197, 1307, 1073]"
1861,"[1936, 1638, 920, 1255, 1676]"
1862,"[1670, 97, 96, 98, 882]"
1863,"[1915, 1916, 1300, 372, 1704]"
1864,"[1299, 97, 96, 1607, 435]"
1865,"[1607, 98, 97, 96, 1638]"
1866,"[1705, 1704, 601, 468, 1875]"
1867,"[98, 97, 96, 435, 1299]"
1868,"[677, 1705, 1704, 737, 719]"
1869,"[454, 782, 455, 98, 89]"
1870,"[1275, 455, 465, 454, 1910]"
1871,"[1704, 1705, 1775, 1760, 1887]"
1872,"[1760, 1761, 1704, 1705, 1064]"
1873,"[973, 974, 206, 978, 968]"
1874,"[170, 911, 985, 1918, 979]"
1875,"[664, 119, 1700, 666, 658]"
1876,"[1050, 1676, 1675, 1299, 902]"
1877,"[1760, 1045, 1042, 1035, 1028]"
1878,"[1841, 1840, 1839, 1838, 757]"
1879,"[164, 89, 921, 1025, 937]"
1880,"[1705, 1704, 1762, 980, 480]"
1881,"[915, 962, 937, 159, 1025]"
1882,"[165, 125, 409, 1746, 102]"
1883,"[408, 1675, 1915, 1025, 937]"
1884,"[1705, 1704, 379, 387, 1758]"
1885,"[98, 97, 96, 1746, 102]"
1886,"[108, 455, 1025, 937, 921]"
1887,"[906, 1915, 1185, 1552, 408]"
1888,"[1705, 1704, 1605, 424, 1758]"
1889,"[98, 97, 96, 102, 1557]"
1890,"[1704, 1761, 1769, 1705, 1567]"
1891,"[1713, 749, 1746, 102, 1670]"
1892,"[455, 89, 454, 114, 60]"
1893,"[292, 1760, 1761, 1617, 1762]"
1894,"[125, 603, 1676, 1272, 60]"
1895,"[1277, 692, 1726, 1112, 846]"
1896,"[1185, 170, 145, 922, 171]"
1897,"[911, 1001, 1483, 1338, 1915]"
1898,"[89, 1202, 410, 920, 1536]"
1899,"[1112, 1113, 16, 45, 1760]"
1900,"[1704, 1705, 16, 584, 1761]"
1901,"[478, 377, 1147, 906, 60]"
1902,"[1014, 761, 978, 971, 970]"
1903,"[120, 1922, 1897, 1627, 43]"
1904,"[1516, 1752, 1705, 1704, 1026]"
1905,"[1117, 106, 1567, 1705, 16]"
1906,"[1769, 1567, 1795, 16, 1705]"
1907,"[1157, 89, 372, 165, 603]"
1908,"[1761, 1705, 1704, 1760, 111]"
1909,"[112, 409, 890, 676, 1627]"
1910,"[102, 1202, 410, 1746, 97]"
1911,"[1704, 1705, 1835, 1303, 1675]"
1912,"[370, 1139, 1140, 986, 1037]"
1913,"[1036, 60, 1119, 1717, 1034]"
1914,"[1077, 1026, 971, 1030, 1021]"
1915,"[1607, 1638, 1517, 1272, 97]"
1916,"[1273, 447, 924, 1036, 1304]"
1917,"[60, 1299, 1202, 410, 112]"
1918,"[440, 116, 1275, 1147, 781]"
1919,"[1724, 1042, 1025, 937, 159]"
1920,"[97, 96, 98, 1261, 1260]"
1921,"[114, 1750, 60, 890, 112]"
1922,"[920, 1627, 845, 1761, 1899]"
1923,"[1918, 979, 435, 911, 1085]"
1924,"[1705, 1704, 203, 1646, 1753]"
1925,"[1724, 98, 97, 96, 1659]"
1926,"[1907, 89, 1025, 937, 159]"
1927,"[921, 361, 97, 96, 98]"
1928,"[108, 1705, 1704, 1675, 902]"
1929,"[1762, 989, 1567, 1769, 959]"
1930,"[1769, 1704, 1758, 1705, 16]"
1931,"[361, 1192, 435, 1916, 1202]"
1932,"[1042, 409, 102, 1627, 1899]"
1933,"[1436, 1772, 441, 1753, 1704]"
1934,"[1761, 1760, 1704, 1705, 1924]"
1935,"[1627, 1613, 164, 1899, 1904]"
1936,"[1607, 435, 946, 1638, 1627]"
1937,"[102, 1746, 97, 98, 96]"
1938,"[280, 97, 96, 1277, 314]"
1939,"[374, 1705, 1704, 361, 368]"
1940,"[1133, 925, 1616, 128, 1745]"
1941,"[101, 408, 60, 1750, 112]"
1942,"[959, 1029, 618, 1116, 988]"
1943,"[1835, 403, 1918, 979, 911]"
1944,"[1030, 1913, 676, 1303, 1887]"
1945,"[302, 297, 294, 98, 1910]"
1946,"[1704, 435, 297, 1073, 1155]"
1947,"[604, 408, 1651, 1733, 1196]"
1948,"[286, 1075, 219, 1124, 1659]"
1949,"[165, 1150, 1659, 1202, 410]"
1950,"[454, 455, 1727, 926, 1924]"
1951,"[1721, 108, 1557, 441, 1637]"
1952,"[1759, 959, 1705, 1704, 1118]"
1953,"[1713, 628, 663, 656, 653]"
1954,"[98, 97, 96, 1192, 1611]"
1955,"[164, 1695, 435, 1192, 1727]"
1956,"[1705, 1704, 1761, 1760, 454]"
1957,"[89, 862, 920, 985, 97]"
1958,"[1185, 408, 1636, 1087, 1081]"
1959,"[1064, 116, 16, 114, 455]"
1960,"[1762, 1758, 1705, 1704, 199]"
1961,"[906, 408, 455, 60, 1272]"
1962,"[1617, 455, 454, 1907, 1618]"
1963,"[165, 1659, 1202, 410, 1749]"
1964,"[1918, 979, 211, 1704, 1795]"
1965,"[364, 628, 1704, 1705, 929]"
1966,"[454, 114, 16, 455, 1192]"
1967,"[165, 1202, 410, 1675, 171]"
1968,"[456, 454, 461, 16, 1273]"
1969,"[189, 946, 948, 435, 193]"
1970,"[961, 1479, 1464, 751, 589]"
1971,"[455, 454, 16, 114, 98]"
1972,"[97, 96, 1607, 1724, 108]"
1973,"[96, 211, 1918, 979, 1704]"
1974,"[1636, 438, 1638, 1899, 1025]"
1975,"[1070, 372, 1627, 455, 1899]"
1976,"[848, 901, 728, 410, 1202]"
1977,"[89, 97, 96, 372, 374]"
1978,"[98, 97, 96, 106, 1910]"
1979,"[692, 368, 372, 1676, 438]"
1980,"[116, 1113, 675, 1277, 1555]"
1981,"[1704, 1792, 1791, 468, 205]"
1982,"[1705, 1085, 1704, 140, 913]"
1983,"[455, 113, 890, 112, 171]"
1984,"[1607, 435, 1638, 1272, 1627]"
1985,"[1246, 1772, 1761, 1760, 1210]"
1986,"[1918, 979, 1899, 989, 154]"
1987,"[1073, 925, 1066, 1300, 403]"
1988,"[98, 97, 96, 1627, 102]"
1989,"[1675, 1915, 408, 395, 1196]"
1990,"[1746, 1916, 1910, 409, 1025]"
1991,"[846, 692, 693, 1705, 1704]"
1992,"[1142, 435, 946, 1762, 1727]"
1993,"[961, 1085, 1705, 73, 435]"
1994,"[1590, 187, 1680, 175, 985]"
1995,"[60, 98, 97, 96, 466]"
1996,"[116, 455, 1762, 1758, 114]"
1997,"[961, 192, 435, 1762, 1758]"
1998,"[1762, 1758, 1705, 1761, 1760]"
1999,"[1758, 1567, 106, 1704, 1705]"
2000,"[454, 16, 455, 1907, 1899]"
2001,"[1724, 1618, 1344, 164, 165]"
2002,"[1071, 1526, 409, 922, 1704]"
2003,"[420, 1820, 1815, 1814, 1813]"
2004,"[980, 1704, 1705, 1648, 731]"
2005,"[1567, 920, 165, 1705, 1704]"
2006,"[1875, 108, 1557, 1705, 1249]"
2007,"[60, 114, 16, 455, 1611]"
2008,"[1185, 408, 1733, 1675, 1035]"
2009,"[1924, 1750, 125, 98, 1610]"
2010,"[1907, 164, 165, 1249, 1066]"
2011,"[1613, 1530, 1188, 363, 257]"
2012,"[1257, 1081, 1705, 1664, 211]"
2013,"[1268, 591, 149, 911, 918]"
2014,"[102, 1924, 451, 1746, 1277]"
2015,"[1915, 1675, 1073, 938, 1552]"
2016,"[1936, 290, 1705, 300, 1833]"
2017,"[1077, 1666, 1202, 410, 1299]"
2018,"[1675, 408, 1344, 125, 510]"
2019,"[1192, 106, 1526, 1536, 409]"
2020,"[455, 454, 1704, 1113, 1705]"
2021,"[188, 1587, 1762, 1758, 34]"
2022,"[375, 1705, 455, 454, 1907]"
2023,"[1746, 102, 165, 1713, 1540]"
2024,"[1674, 1907, 1277, 1257, 765]"
2025,"[1724, 102, 409, 165, 1025]"
2026,"[848, 165, 1249, 1677, 401]"
2027,"[290, 1615, 313, 1538, 1556]"
2028,"[1936, 1202, 410, 1299, 926]"
2029,"[1675, 171, 165, 408, 190]"
2030,"[1916, 1014, 675, 369, 959]"
2031,"[165, 1704, 1619, 920, 70]"
2032,"[1915, 1704, 1676, 89, 1192]"
2033,"[780, 1705, 1762, 1758, 1704]"
2034,"[1526, 1704, 1705, 1897, 1922]"
2035,"[1884, 478, 1705, 102, 98]"
2036,"[478, 1924, 1549, 1064, 459]"
2037,"[403, 1795, 1705, 1704, 452]"
2038,"[1199, 1533, 1887, 749, 462]"
2039,"[152, 211, 1752, 985, 980]"
2040,"[1636, 438, 98, 97, 96]"
2041,"[455, 454, 461, 125, 16]"
2042,"[1746, 1710, 455, 1884, 1277]"
2043,"[192, 312, 435, 1727, 849]"
2044,"[1913, 788, 350, 1205, 271]"
2045,"[1550, 1536, 60, 1760, 1761]"
2046,"[97, 96, 1659, 1704, 1792]"
2047,"[1567, 1705, 1704, 819, 919]"
2048,"[30, 1875, 1785, 1705, 1704]"
2049,"[1607, 1705, 1704, 1257, 1185]"
2050,"[1298, 1026, 1261, 1260, 1259]"
2051,"[1070, 675, 335, 1740, 1769]"
2052,"[1118, 97, 692, 403, 923]"
2053,"[692, 1899, 1627, 1147, 1695]"
2054,"[1705, 1066, 1312, 1775, 1758]"
2055,"[1704, 1705, 1777, 1765, 980]"
2056,"[866, 1704, 89, 98, 1795]"
2057,"[16, 1750, 114, 455, 693]"
2058,"[1924, 1536, 60, 440, 292]"
2059,"[368, 1025, 937, 159, 455]"
2060,"[921, 97, 96, 89, 1676]"
2061,"[353, 1803, 1800, 468, 73]"
2062,"[97, 96, 89, 98, 921]"
2063,"[1820, 1815, 1814, 1829, 1827]"
2064,"[1659, 435, 1297, 670, 1037]"
2065,"[124, 922, 164, 163, 921]"
2066,"[1705, 1795, 1134, 1758, 424]"
2067,"[1705, 1792, 1791, 1753, 1704]"
2068,"[1916, 1029, 1030, 1202, 410]"
2069,"[455, 114, 1695, 116, 603]"
2070,"[1705, 1704, 728, 911, 1058]"
2071,"[290, 1705, 1119, 1704, 136]"
2072,"[1157, 1113, 116, 1070, 449]"
2073,"[116, 379, 114, 1704, 454]"
2074,"[1704, 1705, 1872, 1835, 1648]"
2075,"[351, 1788, 1786, 1787, 821]"
2076,"[1705, 1704, 1803, 16, 154]"
2077,"[440, 102, 783, 1899, 455]"
2078,"[1753, 1924, 1677, 1704, 60]"
2079,"[1752, 676, 1137, 409, 102]"
2080,"[1011, 98, 692, 97, 96]"
2081,"[291, 1070, 1025, 937, 159]"
2082,"[1185, 1675, 1193, 1917, 1202]"
2083,"[138, 692, 98, 97, 96]"
2084,"[1695, 1746, 1603, 603, 922]"
2085,"[289, 1704, 1705, 1926, 1905]"
2086,"[1773, 73, 193, 191, 468]"
2087,"[165, 1272, 1659, 878, 1750]"
2088,"[79, 1758, 440, 16, 447]"
2089,"[128, 119, 314, 1748, 868]"
2090,"[1613, 257, 1530, 1193, 1025]"
2091,"[1071, 164, 1627, 920, 922]"
2092,"[97, 96, 98, 628, 663]"
2093,"[97, 96, 1607, 692, 98]"
2094,"[1192, 1273, 447, 846, 1523]"
2095,"[409, 1526, 1907, 89, 1896]"
2096,"[372, 165, 1910, 956, 98]"
2097,"[1607, 1517, 1638, 98, 1676]"
2098,"[1112, 1760, 1761, 1070, 1147]"
2099,"[1704, 1705, 783, 98, 97]"
2100,"[1676, 408, 1344, 1675, 89]"
2101,"[906, 116, 1760, 163, 1536]"
2102,"[1072, 1769, 1705, 1704, 903]"
2103,"[440, 1269, 116, 1639, 1147]"
2104,"[165, 1924, 79, 848, 149]"
2105,"[1027, 1612, 1025, 937, 159]"
2106,"[782, 1737, 1739, 715, 340]"
2107,"[165, 98, 96, 97, 159]"
2108,"[670, 165, 1297, 926, 435]"
2109,"[1758, 1567, 1761, 1760, 1705]"
2110,"[1617, 455, 1567, 1627, 1899]"
2111,"[1545, 958, 618, 214, 435]"
2112,"[670, 89, 1907, 98, 620]"
2113,"[1915, 1727, 102, 922, 372]"
2114,"[1607, 98, 97, 96, 1083]"
2115,"[938, 1313, 1557, 97, 96]"
2116,"[1896, 1922, 1897, 451, 1526]"
2117,"[1044, 1043, 1041, 1039, 1038]"
2118,"[1724, 692, 455, 1299, 435]"
2119,"[1677, 1613, 257, 89, 1875]"
2120,"[440, 114, 1695, 116, 1916]"
2121,"[1526, 890, 112, 1904, 1887]"
2122,"[1676, 1675, 112, 890, 125]"
2123,"[1617, 1742, 1762, 1758, 1761]"
2124,"[1915, 890, 112, 1277, 60]"
2125,"[1896, 106, 1567, 1704, 1705]"
2126,"[1746, 1297, 449, 16, 1523]"
2127,"[1272, 1705, 1704, 480, 110]"
2128,"[1617, 1762, 16, 465, 1011]"
2129,"[102, 1746, 96, 98, 97]"
2130,"[211, 165, 985, 1154, 139]"
2131,"[1192, 1567, 1769, 16, 1705]"
2132,"[89, 97, 96, 409, 1627]"
2133,"[1073, 1627, 924, 318, 409]"
2134,"[1875, 165, 89, 1299, 435]"
2135,"[454, 1924, 455, 1910, 1899]"
2136,"[106, 1066, 1536, 1620, 1300]"
2137,"[108, 1724, 1557, 1607, 900]"
2138,"[922, 954, 1627, 1638, 1899]"
2139,"[1277, 1726, 116, 1705, 692]"
2140,"[928, 97, 96, 1638, 1659]"
2141,"[372, 1705, 1704, 1299, 1613]"
2142,"[1557, 1746, 98, 97, 96]"
2143,"[1724, 1746, 455, 79, 102]"
2144,"[361, 1704, 1705, 1761, 1760]"
2145,"[1451, 1456, 526, 192, 1705]"
2146,"[73, 1705, 1704, 1477, 403]"
2147,"[374, 468, 111, 73, 1918]"
2148,"[1704, 939, 938, 142, 144]"
2149,"[465, 455, 454, 461, 1310]"
2150,"[1025, 159, 921, 937, 164]"
2151,"[1924, 455, 465, 462, 16]"
2152,"[1758, 1762, 1567, 1705, 106]"
2153,"[171, 1824, 675, 432, 1303]"
2154,"[1098, 1705, 1704, 1875, 1157]"
2155,"[1704, 1705, 403, 1795, 480]"
2156,"[1119, 1713, 749, 628, 1670]"
2157,"[435, 1727, 849, 961, 1753]"
2158,"[946, 1607, 435, 192, 1638]"
2159,"[440, 1790, 1695, 114, 1793]"
2160,"[1915, 98, 97, 96, 165]"
2161,"[1274, 1705, 1704, 1112, 440]"
2162,"[97, 96, 89, 435, 98]"
2163,"[112, 113, 1705, 1704, 890]"
2164,"[1705, 1704, 1557, 1098, 1762]"
2165,"[1693, 121, 97, 1898, 118]"
2166,"[89, 1724, 1557, 1631, 882]"
2167,"[1185, 1567, 403, 1557, 1769]"
2168,"[1147, 290, 1025, 937, 1193]"
2169,"[1760, 1761, 1617, 961, 989]"
2170,"[1936, 1935, 1295, 433, 1277]"
2171,"[73, 628, 749, 1646, 985]"
2172,"[1758, 1567, 106, 1762, 1705]"
2173,"[1762, 1705, 1704, 1042, 862]"
2174,"[1257, 1607, 900, 1303, 779]"
2175,"[1064, 341, 1567, 106, 1077]"
2176,"[1025, 937, 159, 89, 1627]"
2177,"[368, 1705, 1704, 1607, 900]"
2178,"[1705, 211, 980, 985, 1041]"
2179,"[1915, 1831, 1921, 1835, 1872]"
2180,"[1018, 1021, 851, 1795, 1752]"
2181,"[98, 97, 96, 164, 921]"
2182,"[1769, 372, 135, 1567, 130]"
2183,"[455, 1924, 1192, 1312, 16]"
2184,"[1704, 1705, 1761, 1760, 1899]"
2185,"[1915, 1926, 1030, 1907, 1921]"
2186,"[890, 112, 1705, 1704, 1627]"
2187,"[440, 1790, 1679, 1727, 1704]"
2188,"[1902, 438, 1636, 408, 1552]"
2189,"[455, 106, 1567, 163, 97]"
2190,"[1526, 1899, 409, 96, 98]"
2191,"[7, 1120, 618, 159, 110]"
2192,"[1866, 171, 1936, 1025, 937]"
2193,"[89, 1637, 335, 113, 98]"
2194,"[1176, 676, 344, 335, 681]"
2195,"[1704, 1705, 1758, 1762, 362]"
2196,"[1705, 1704, 961, 1025, 937]"
2197,"[1863, 63, 90, 481, 851]"
2198,"[89, 1907, 926, 1066, 165]"
2199,"[692, 116, 1705, 1704, 114]"
2200,"[1160, 1899, 89, 112, 1070]"
2201,"[1567, 368, 1557, 102, 1746]"
2202,"[455, 1704, 1705, 1567, 1192]"
2203,"[923, 102, 1746, 98, 96]"
2204,"[165, 1649, 98, 1659, 1746]"
2205,"[1567, 106, 1896, 1705, 878]"
2206,"[1758, 1769, 1567, 106, 1705]"
2207,"[1070, 108, 455, 1627, 1899]"
2208,"[442, 1727, 1156, 1637, 1178]"
2209,"[1795, 403, 913, 911, 1705]"
2210,"[1753, 1144, 345, 1304, 292]"
2211,"[1917, 451, 1761, 1064, 890]"
2212,"[292, 1705, 16, 1760, 45]"
2213,"[1607, 1558, 98, 97, 96]"
2214,"[1724, 692, 102, 455, 1899]"
2215,"[921, 1185, 164, 1071, 906]"
2216,"[1185, 203, 989, 866, 1040]"
2217,"[1913, 890, 112, 896, 663]"
2218,"[749, 794, 4, 1705, 1795]"
2219,"[271, 784, 714, 938, 934]"
2220,"[1659, 1202, 410, 1911, 984]"
2221,"[1724, 1157, 102, 1746, 1627]"
2222,"[1108, 952, 170, 1660, 791]"
2223,"[1488, 83, 480, 1800, 1780]"
2224,"[1567, 1907, 102, 97, 96]"
2225,"[1184, 435, 961, 199, 1795]"
2226,"[1769, 1758, 1567, 106, 1705]"
2227,"[1275, 1907, 1204, 1924, 1068]"
2228,"[1705, 1704, 89, 113, 1627]"
2229,"[921, 1025, 937, 159, 165]"
2230,"[1752, 1770, 628, 1670, 1746]"
2231,"[1536, 1526, 1916, 1030, 89]"
2232,"[1030, 1910, 1915, 1916, 112]"
2233,"[171, 1717, 1675, 902, 670]"
2234,"[1713, 379, 1186, 1064, 925]"
2235,"[1705, 1704, 1753, 1795, 211]"
2236,"[98, 1659, 89, 1705, 1903]"
2237,"[321, 1636, 449, 1188, 1192]"
2238,"[372, 1769, 1567, 98, 97]"
2239,"[1675, 408, 1750, 101, 1915]"
2240,"[628, 656, 663, 651, 653]"
2241,"[1705, 1875, 926, 70, 1299]"
2242,"[1133, 952, 1705, 1704, 911]"
2243,"[1724, 692, 102, 1899, 455]"
2244,"[1904, 1112, 989, 46, 455]"
2245,"[290, 1616, 867, 1073, 1745]"
2246,"[1672, 1749, 1783, 1795, 1770]"
2247,"[694, 466, 1695, 603, 1204]"
2248,"[368, 331, 1705, 1704, 1795]"
2249,"[1704, 1705, 779, 741, 1726]"
2250,"[142, 1659, 1202, 410, 286]"
2251,"[692, 1724, 1104, 1704, 1705]"
2252,"[1760, 1761, 1147, 1070, 693]"
2253,"[87, 1040, 1916, 1299, 126]"
2254,"[1717, 480, 214, 1649, 774]"
2255,"[1733, 1127, 920, 125, 1638]"
2256,"[1924, 1750, 97, 98, 96]"
2257,"[1118, 1700, 1616, 650, 1795]"
2258,"[1726, 1705, 1704, 1758, 928]"
2259,"[16, 1567, 1910, 1705, 1704]"
2260,"[1032, 1637, 435, 614, 97]"
2261,"[203, 989, 393, 1705, 1704]"
2262,"[1257, 1202, 410, 1936, 1277]"
2263,"[1157, 1344, 920, 1607, 171]"
2264,"[1631, 882, 881, 880, 879]"
2265,"[98, 97, 1760, 89, 466]"
2266,"[149, 988, 915, 1202, 410]"
2267,"[221, 1249, 1618, 1557, 164]"
2268,"[424, 1118, 318, 1705, 1704]"
2269,"[1907, 903, 165, 179, 97]"
2270,"[424, 1030, 1752, 1064, 1066]"
2271,"[980, 911, 728, 1648, 731]"
2272,"[692, 292, 165, 291, 1270]"
2273,"[1936, 1867, 1907, 130, 1863]"
2274,"[1086, 1202, 410, 1936, 89]"
2275,"[259, 1705, 1704, 926, 1046]"
2276,"[1636, 1904, 1113, 1627, 16]"
2277,"[125, 1924, 116, 60, 1695]"
2278,"[114, 1907, 1916, 116, 455]"
2279,"[1704, 1705, 1753, 1675, 902]"
2280,"[1717, 1718, 533, 1380, 1675]"
2281,"[455, 454, 1526, 16, 1277]"
2282,"[1746, 1907, 165, 1025, 937]"
2283,"[98, 97, 96, 922, 1192]"
2284,"[1043, 1873, 1836, 1257, 1832]"
2285,"[98, 1607, 97, 96, 1894]"
2286,"[1244, 423, 1909, 1025, 937]"
2287,"[706, 441, 1638, 1627, 1899]"
2288,"[314, 1313, 794, 1275, 455]"
2289,"[1064, 455, 1705, 1704, 438]"
2290,"[1705, 1704, 1085, 73, 1753]"
2291,"[1924, 1705, 1147, 1592, 1030]"
2292,"[455, 454, 1068, 1063, 375]"
2293,"[1913, 1762, 1758, 379, 1704]"
2294,"[1761, 1760, 1795, 108, 1098]"
2295,"[1764, 1566, 931, 924, 934]"
2296,"[1694, 1904, 106, 478, 1118]"
2297,"[98, 165, 1025, 937, 159]"
2298,"[259, 1244, 423, 256, 878]"
2299,"[1704, 1753, 1567, 1705, 1758]"
2300,"[374, 1704, 1803, 1796, 1085]"
2301,"[1146, 379, 1758, 1762, 1896]"
2302,"[759, 675, 403, 959, 728]"
2303,"[1746, 675, 1749, 692, 1705]"
2304,"[1915, 1705, 1704, 1921, 1831]"
2305,"[1915, 292, 906, 60, 1907]"
2306,"[604, 1666, 1026, 1651, 985]"
2307,"[1898, 1704, 108, 1317, 911]"
2308,"[1277, 1192, 438, 1636, 102]"
2309,"[1119, 793, 1118, 122, 866]"
2310,"[1915, 1202, 410, 451, 1675]"
2311,"[116, 381, 1917, 408, 1916]"
2312,"[125, 1073, 1705, 1552, 60]"
2313,"[1704, 1705, 1795, 1675, 902]"
2314,"[1769, 130, 1880, 1753, 1557]"
2315,"[1795, 1675, 902, 1705, 1918]"
2316,"[1064, 1915, 451, 1536, 455]"
2317,"[1705, 1704, 1907, 93, 409]"
2318,"[374, 1775, 1768, 699, 1704]"
2319,"[409, 1670, 749, 628, 124]"
2320,"[175, 1041, 1044, 1592, 1620]"
2321,"[1913, 112, 440, 1899, 1118]"
2322,"[1607, 435, 1272, 1705, 1704]"
2323,"[1561, 749, 628, 1670, 1705]"
2324,"[704, 731, 815, 372, 1733]"
2325,"[1750, 1753, 1299, 1676, 1298]"
2326,"[975, 977, 210, 1918, 604]"
2327,"[900, 1705, 1067, 1157, 1704]"
2328,"[128, 1676, 1272, 1025, 937]"
2329,"[934, 931, 924, 920, 176]"
2330,"[98, 97, 96, 102, 1746]"
2331,"[1073, 925, 137, 980, 1636]"
2332,"[1907, 114, 878, 126, 108]"
2333,"[1762, 1705, 1775, 1570, 959]"
2334,"[1761, 1760, 862, 1762, 1617]"
2335,"[1906, 1157, 1638, 1666, 692]"
2336,"[946, 192, 435, 1085, 1638]"
2337,"[878, 1536, 424, 1137, 1072]"
2338,"[1704, 1705, 243, 480, 980]"
2339,"[1067, 435, 1704, 1705, 1913]"
2340,"[1690, 1705, 1704, 416, 1659]"
2341,"[1900, 1034, 1927, 1073, 873]"
2342,"[1613, 939, 1530, 142, 1033]"
2343,"[628, 1700, 866, 663, 656]"
2344,"[1902, 1752, 408, 1704, 1916]"
2345,"[1705, 1112, 714, 308, 1312]"
2346,"[1705, 1704, 1753, 1795, 211]"
2347,"[347, 1750, 1788, 1787, 1786]"
2348,"[675, 1746, 1924, 1636, 438]"
2349,"[356, 1705, 1704, 153, 911]"
2350,"[455, 1604, 1038, 16, 438]"
2351,"[424, 1750, 1916, 678, 190]"
2352,"[1273, 447, 1758, 359, 347]"
2353,"[165, 302, 297, 294, 113]"
2354,"[706, 1910, 1120, 1081, 1184]"
2355,"[89, 1567, 1885, 1705, 985]"
2356,"[1249, 1753, 1875, 165, 823]"
2357,"[1875, 89, 284, 257, 699]"
2358,"[116, 692, 846, 1277, 1726]"
2359,"[1064, 292, 928, 1113, 106]"
2360,"[441, 97, 96, 1607, 1638]"
2361,"[455, 1726, 454, 1636, 1192]"
2362,"[1617, 1762, 447, 1273, 1192]"
2363,"[116, 692, 1277, 1726, 1192]"
2364,"[960, 1677, 374, 996, 1155]"
2365,"[749, 102, 1746, 96, 98]"
2366,"[1704, 16, 455, 1705, 1769]"
2367,"[1192, 451, 114, 454, 1275]"
2368,"[1704, 1705, 1727, 1795, 1916]"
2369,"[98, 409, 1746, 1533, 102]"
2370,"[1705, 1774, 1758, 1796, 618]"
2371,"[165, 1613, 992, 164, 125]"
2372,"[1185, 1916, 1202, 410, 692]"
2373,"[98, 97, 96, 1550, 1721]"
2374,"[1704, 1705, 1795, 403, 480]"
2375,"[1549, 925, 890, 112, 1713]"
2376,"[1904, 455, 1627, 454, 1705]"
2377,"[1526, 1899, 1041, 478, 1030]"
2378,"[862, 1705, 1704, 1799, 1798]"
2379,"[170, 164, 921, 159, 1025]"
2380,"[424, 1704, 1705, 676, 93]"
2381,"[379, 1752, 1705, 1926, 1118]"
2382,"[1185, 408, 359, 1675, 1916]"
2383,"[1652, 1762, 1758, 1014, 1187]"
2384,"[435, 1655, 116, 1070, 351]"
2385,"[349, 388, 1705, 1704, 1085]"
2386,"[89, 97, 96, 1160, 368]"
2387,"[990, 1753, 1705, 1704, 1675]"
2388,"[1064, 1073, 688, 1560, 1752]"
2389,"[1721, 376, 283, 379, 588]"
2390,"[1724, 1102, 1255, 1299, 1202]"
2391,"[1766, 199, 1762, 1768, 1775]"
2392,"[959, 314, 1923, 111, 468]"
2393,"[1617, 1722, 1746, 670, 102]"
2394,"[1607, 1517, 886, 440, 1062]"
2395,"[1157, 1613, 108, 1627, 102]"
2396,"[1025, 937, 159, 165, 900]"
2397,"[114, 900, 455, 454, 1070]"
2398,"[291, 98, 97, 96, 1638]"
2399,"[1704, 692, 1705, 432, 403]"
2400,"[455, 1042, 403, 1249, 480]"
2401,"[149, 1280, 190, 424, 1030]"
2402,"[935, 207, 978, 976, 974]"
2403,"[1704, 1753, 1705, 1763, 211]"
2404,"[361, 98, 97, 96, 1659]"
2405,"[1649, 1918, 979, 959, 1085]"
2406,"[165, 409, 1750, 125, 89]"
2407,"[455, 1042, 1746, 1567, 102]"
2408,"[661, 1799, 1798, 1782, 1781]"
2409,"[1763, 1705, 1704, 1317, 1918]"
2410,"[1202, 410, 302, 297, 294]"
2411,"[948, 1277, 1727, 947, 1762]"
2412,"[165, 423, 1244, 1676, 603]"
2413,"[1907, 1896, 102, 124, 98]"
2414,"[1913, 211, 1705, 980, 1704]"
2415,"[1724, 372, 1255, 692, 1272]"
2416,"[856, 855, 1636, 455, 454]"
2417,"[1119, 1693, 121, 793, 1546]"
2418,"[361, 1695, 108, 440, 1609]"
2419,"[1896, 409, 96, 98, 97]"
2420,"[1790, 1789, 1769, 441, 1705]"
2421,"[1753, 705, 768, 1705, 1704]"
2422,"[1704, 98, 97, 96, 1659]"
2423,"[1041, 164, 163, 735, 409]"
2424,"[454, 114, 1147, 455, 1032]"
2425,"[1675, 112, 890, 1676, 1900]"
2426,"[1269, 1768, 1775, 1727, 1761]"
2427,"[1315, 1769, 888, 1837, 1833]"
2428,"[1753, 1367, 1249, 1835, 1704]"
2429,"[1762, 1758, 1580, 986, 1256]"
2430,"[1705, 1202, 410, 108, 98]"
2431,"[1202, 410, 1125, 435, 773]"
2432,"[1704, 125, 171, 98, 1907]"
2433,"[98, 1272, 1607, 97, 96]"
2434,"[1753, 149, 1044, 1043, 1041]"
2435,"[359, 1760, 1299, 897, 403]"
2436,"[1300, 89, 424, 808, 1137]"
2437,"[1761, 1750, 1147, 116, 454]"
2438,"[1202, 410, 926, 125, 1638]"
2439,"[618, 435, 415, 114, 1758]"
2440,"[1795, 1705, 926, 1675, 902]"
2441,"[1662, 1704, 1436, 1705, 779]"
2442,"[1915, 1520, 1044, 1043, 1041]"
2443,"[1768, 1035, 1769, 211, 980]"
2444,"[1803, 441, 1799, 1798, 1782]"
2445,"[455, 435, 1762, 1899, 291]"
2446,"[1762, 435, 98, 97, 96]"
2447,"[611, 203, 1705, 989, 1704]"
2448,"[1752, 1704, 985, 1723, 1675]"
2449,"[290, 1696, 313, 1727, 1697]"
2450,"[1085, 1066, 591, 581, 1047]"
2451,"[142, 975, 900, 1205, 271]"
2452,"[677, 1705, 1704, 1754, 587]"
2453,"[112, 890, 920, 171, 1534]"
2454,"[1733, 704, 1737, 1736, 432]"
2455,"[1112, 1761, 1760, 454, 1312]"
2456,"[1313, 921, 102, 1746, 480]"
2457,"[1287, 1936, 1895, 1688, 1015]"
2458,"[1023, 1880, 1881, 1062, 1758]"
2459,"[112, 89, 409, 1899, 890]"
2460,"[108, 435, 1299, 164, 98]"
2461,"[1761, 1760, 1762, 1758, 862]"
2462,"[1750, 1277, 890, 112, 97]"
2463,"[116, 1750, 124, 110, 1145]"
2464,"[1185, 1636, 1087, 1081, 433]"
2465,"[1185, 408, 1675, 1344, 1054]"
2466,"[698, 1775, 1768, 1795, 1760]"
2467,"[424, 466, 677, 1192, 455]"
2468,"[1705, 1752, 388, 1085, 369]"
2469,"[102, 692, 455, 1627, 1025]"
2470,"[1670, 760, 749, 923, 161]"
2471,"[165, 1560, 926, 408, 1202]"
2472,"[1675, 1705, 408, 1915, 1344]"
2473,"[1705, 1704, 1899, 106, 1896]"
2474,"[1304, 1592, 1924, 969, 972]"
2475,"[862, 403, 1249, 1795, 1704]"
2476,"[199, 1758, 480, 1762, 1790]"
2477,"[1705, 1704, 97, 96, 98]"
2478,"[1786, 1165, 1705, 1769, 828]"
2479,"[128, 1080, 467, 101, 1554]"
2480,"[966, 116, 449, 959, 1270]"
2481,"[1313, 98, 1638, 97, 96]"
2482,"[454, 16, 455, 1899, 1727]"
2483,"[1737, 1750, 125, 1746, 165]"
2484,"[1705, 1769, 1761, 1704, 435]"
2485,"[1760, 1761, 1762, 1617, 1192]"
2486,"[1918, 979, 1704, 1705, 911]"
2487,"[1705, 958, 125, 1704, 24]"
2488,"[368, 1273, 447, 372, 1704]"
2489,"[290, 1073, 1646, 1670, 663]"
2490,"[1758, 1704, 1705, 338, 1762]"
2491,"[1724, 1255, 1272, 692, 98]"
2492,"[98, 411, 1157, 1920, 902]"
2493,"[1769, 108, 1758, 135, 1567]"
2494,"[1769, 1758, 1567, 1705, 106]"
2495,"[1924, 868, 1748, 466, 1727]"
2496,"[1769, 135, 130, 1705, 1775]"
2497,"[1301, 1705, 1704, 1753, 851]"
2498,"[1157, 1705, 1704, 1098, 1567]"
2499,"[1762, 1758, 211, 980, 1705]"
2500,"[1523, 46, 81, 440, 1761]"
2501,"[1917, 116, 101, 112, 890]"
2502,"[408, 1279, 1916, 1018, 1299]"
2503,"[1030, 1705, 1704, 922, 1202]"
2504,"[1287, 1895, 82, 1877, 1704]"
2505,"[295, 1902, 341, 1900, 1516]"
2506,"[1557, 1875, 1753, 1249, 67]"
2507,"[1915, 1064, 116, 1536, 1192]"
2508,"[374, 1196, 1746, 1759, 409]"
2509,"[108, 1705, 1918, 979, 403]"
2510,"[386, 112, 89, 409, 1746]"
2511,"[438, 1566, 926, 140, 1299]"
2512,"[1157, 435, 101, 614, 1277]"
2513,"[1865, 1866, 216, 108, 591]"
2514,"[1525, 749, 928, 403, 815]"
2515,"[1705, 1704, 1803, 1796, 584]"
2516,"[749, 637, 653, 628, 651]"
2517,"[1631, 882, 881, 880, 879]"
2518,"[961, 1796, 1085, 1705, 1704]"
2519,"[1764, 1136, 1100, 149, 1184]"
2520,"[1746, 1713, 1905, 1527, 1627]"
2521,"[454, 114, 451, 455, 449]"
2522,"[1760, 1762, 1758, 1705, 1783]"
2523,"[1165, 1925, 1028, 1647, 1257]"
2524,"[642, 290, 628, 1670, 651]"
2525,"[1536, 692, 1202, 410, 1192]"
2526,"[374, 435, 1627, 1704, 1768]"
2527,"[1157, 1705, 1704, 980, 896]"
2528,"[126, 1904, 1700, 1676, 1299]"
2529,"[1202, 410, 956, 670, 408]"
2530,"[73, 961, 435, 1085, 192]"
2531,"[1924, 1760, 1761, 454, 1147]"
2532,"[1566, 1936, 1865, 1823, 1827]"
2533,"[1528, 1025, 937, 159, 1590]"
2534,"[677, 655, 1704, 1705, 480]"
2535,"[643, 346, 1772, 116, 815]"
2536,"[1704, 1915, 1820, 1815, 1814]"
2537,"[611, 203, 989, 1761, 1760]"
2538,"[1030, 1915, 1137, 1752, 925]"
2539,"[1917, 1705, 149, 1900, 692]"
2540,"[1705, 89, 1704, 926, 1567]"
2541,"[97, 96, 1924, 1070, 454]"
2542,"[291, 296, 1062, 1705, 1726]"
2543,"[1344, 408, 1659, 603, 1297]"
2544,"[290, 665, 867, 1616, 1670]"
2545,"[1085, 154, 435, 1761, 1760]"
2546,"[846, 692, 1277, 1726, 1705]"
2547,"[1536, 878, 848, 424, 1752]"
2548,"[1607, 1299, 1303, 98, 97]"
2549,"[1185, 408, 478, 1924, 1073]"
2550,"[1272, 102, 1705, 848, 1750]"
2551,"[376, 1073, 98, 97, 96]"
2552,"[1752, 749, 760, 1670, 1550]"
2553,"[1926, 1899, 1638, 1070, 1904]"
2554,"[1902, 1917, 1344, 692, 1916]"
2555,"[1935, 97, 98, 96, 66]"
2556,"[1918, 979, 1082, 303, 1577]"
2557,"[164, 1704, 1705, 1795, 1255]"
2558,"[63, 903, 1758, 1021, 65]"
2559,"[116, 906, 1536, 1704, 397]"
2560,"[1724, 1157, 1083, 692, 1025]"
2561,"[938, 154, 1178, 1154, 1109]"
2562,"[642, 628, 1713, 1670, 290]"
2563,"[102, 1745, 749, 1559, 665]"
2564,"[1704, 1705, 985, 1927, 1034]"
2565,"[1936, 165, 1025, 937, 159]"
2566,"[1631, 882, 881, 880, 879]"
2567,"[390, 102, 165, 991, 1705]"
2568,"[395, 779, 70, 1675, 902]"
2569,"[98, 1098, 1187, 1758, 379]"
2570,"[89, 1239, 101, 1750, 165]"
2571,"[1186, 432, 705, 761, 848]"
2572,"[1924, 1014, 1611, 1884, 1702]"
2573,"[1567, 409, 97, 96, 89]"
2574,"[862, 372, 1705, 1704, 699]"
2575,"[692, 70, 1704, 1705, 1619]"
2576,"[1874, 1870, 1705, 1704, 335]"
2577,"[1728, 1188, 1727, 16, 1731]"
2578,"[701, 935, 168, 1141, 931]"
2579,"[408, 1185, 265, 1632, 1027]"
2580,"[1259, 1253, 149, 1066, 1068]"
2581,"[1042, 1746, 1567, 455, 102]"
2582,"[1724, 1896, 98, 97, 96]"
2583,"[29, 1705, 1907, 890, 112]"
2584,"[938, 420, 919, 164, 98]"
2585,"[924, 151, 1907, 175, 165]"
2586,"[1042, 938, 97, 96, 1249]"
2587,"[1249, 1030, 60, 1636, 438]"
2588,"[1704, 1705, 1910, 1899, 98]"
2589,"[1586, 1915, 1202, 410, 1025]"
2590,"[112, 676, 922, 409, 890]"
2591,"[1070, 1627, 372, 455, 1899]"
2592,"[408, 326, 890, 112, 1758]"
2593,"[1773, 106, 1312, 1192, 1705]"
2594,"[96, 1700, 980, 211, 1835]"
2595,"[915, 441, 1025, 937, 159]"
2596,"[374, 318, 959, 1303, 1918]"
2597,"[1915, 1586, 920, 89, 435]"
2598,"[959, 165, 1733, 1737, 773]"
2599,"[1637, 1149, 1041, 1676, 1076]"
2600,"[128, 329, 368, 694, 1916]"
2601,"[1769, 455, 16, 1070, 931]"
2602,"[1299, 97, 96, 1157, 1205]"
2603,"[1752, 1695, 1639, 1147, 439]"
2604,"[1171, 1760, 862, 1762, 1147]"
2605,"[924, 98, 97, 165, 451]"
2606,"[1560, 1561, 1705, 1068, 89]"
2607,"[878, 1759, 1754, 676, 1913]"
2608,"[1924, 124, 1750, 478, 1112]"
2609,"[89, 1202, 410, 98, 1299]"
2610,"[170, 96, 1700, 923, 1704]"
2611,"[1705, 1704, 961, 435, 1753]"
2612,"[128, 165, 1077, 1076, 97]"
2613,"[1705, 1567, 1727, 1761, 1760]"
2614,"[1762, 1758, 1705, 1704, 1760]"
2615,"[116, 1192, 692, 449, 1610]"
2616,"[165, 920, 1677, 1885, 98]"
2617,"[730, 1637, 98, 97, 96]"
2618,"[773, 89, 409, 1924, 1618]"
2619,"[1451, 591, 1795, 1758, 1796]"
2620,"[1704, 1705, 1064, 906, 1896]"
2621,"[455, 454, 1147, 1926, 1073]"
2622,"[1750, 1297, 1924, 1910, 467]"
2623,"[1705, 1704, 1055, 1723, 1097]"
2624,"[98, 97, 96, 1910, 114]"
2625,"[480, 1249, 403, 1704, 990]"
2626,"[79, 1257, 1676, 1299, 125]"
2627,"[1758, 1300, 1753, 1705, 211]"
2628,"[657, 1750, 1025, 937, 921]"
2629,"[1083, 1638, 692, 1188, 1899]"
2630,"[1185, 752, 759, 692, 1299]"
2631,"[3, 1604, 1567, 1727, 1297]"
2632,"[106, 1557, 1567, 165, 102]"
2633,"[379, 888, 1704, 106, 1705]"
2634,"[1112, 1738, 455, 1722, 789]"
2635,"[1915, 1921, 1249, 1825, 890]"
2636,"[1637, 900, 1920, 1899, 615]"
2637,"[857, 1762, 1766, 1705, 1273]"
2638,"[677, 1120, 593, 587, 597]"
2639,"[1662, 114, 1113, 16, 466]"
2640,"[1185, 408, 1025, 937, 159]"
2641,"[692, 1558, 440, 1070, 1618]"
2642,"[1724, 1627, 692, 1299, 1899]"
2643,"[1704, 1705, 375, 16, 106]"
2644,"[1704, 1705, 1936, 1769, 1795]"
2645,"[1915, 1900, 112, 890, 878]"
2646,"[1748, 89, 1526, 60, 455]"
2647,"[1704, 306, 1077, 1795, 988]"
2648,"[1607, 97, 96, 1202, 410]"
2649,"[1704, 1705, 1559, 1762, 980]"
2650,"[1889, 60, 1746, 297, 1160]"
2651,"[1746, 102, 98, 97, 96]"
2652,"[211, 1705, 1704, 980, 985]"
2653,"[374, 1768, 435, 1775, 1638]"
2654,"[97, 96, 89, 435, 98]"
2655,"[1320, 409, 1516, 1705, 628]"
2656,"[1609, 1557, 374, 1721, 108]"
2657,"[1768, 1775, 108, 1570, 1758]"
2658,"[455, 454, 435, 1192, 1202]"
2659,"[1273, 447, 1921, 439, 310]"
2660,"[1760, 1761, 1617, 1704, 1147]"
2661,"[706, 459, 784, 1924, 663]"
2662,"[374, 435, 97, 96, 1775]"
2663,"[1072, 1567, 1704, 1705, 1636]"
2664,"[961, 988, 443, 1092, 1758]"
2665,"[1269, 676, 435, 692, 409]"
2666,"[149, 1704, 1705, 136, 108]"
2667,"[1550, 290, 1926, 749, 874]"
2668,"[1772, 1705, 1762, 312, 1758]"
2669,"[1385, 1147, 98, 97, 96]"
2670,"[372, 1769, 1567, 1030, 1042]"
2671,"[1705, 1704, 1800, 1780, 1779]"
2672,"[692, 441, 1025, 937, 159]"
2673,"[408, 1185, 1025, 937, 159]"
2674,"[1705, 1704, 1557, 435, 848]"
2675,"[1113, 455, 454, 1070, 1746]"
2676,"[1704, 1705, 1677, 480, 980]"
2677,"[1762, 1161, 199, 388, 1795]"
2678,"[140, 145, 148, 916, 147]"
2679,"[1904, 1147, 455, 1627, 1899]"
2680,"[1900, 347, 149, 692, 1153]"
2681,"[1762, 1277, 1271, 1761, 1760]"
2682,"[1740, 1556, 1071, 1025, 937]"
2683,"[1795, 1014, 1045, 1042, 1035]"
2684,"[1916, 20, 207, 28, 39]"
2685,"[1030, 1865, 1825, 1041, 125]"
2686,"[1909, 1193, 937, 1025, 159]"
2687,"[1270, 1746, 1617, 692, 447]"
2688,"[1557, 108, 1120, 333, 1062]"
2689,"[1131, 98, 1659, 97, 96]"
2690,"[1704, 1705, 172, 929, 1880]"
2691,"[1690, 371, 926, 1202, 410]"
2692,"[102, 1746, 98, 96, 97]"
2693,"[1147, 1752, 341, 149, 1768]"
2694,"[920, 89, 1638, 937, 159]"
2695,"[455, 1192, 16, 1704, 114]"
2696,"[1746, 102, 96, 97, 1566]"
2697,"[1704, 1705, 1799, 1798, 1782]"
2698,"[1894, 1705, 480, 111, 1778]"
2699,"[1762, 1796, 1147, 1705, 1760]"
2700,"[1070, 108, 1042, 455, 1627]"
2701,"[1917, 408, 1705, 1085, 1916]"
2702,"[374, 959, 1303, 318, 1918]"
2703,"[1759, 1064, 761, 759, 1931]"
2704,"[1902, 1733, 1176, 1900, 1152]"
2705,"[1636, 1662, 114, 451, 603]"
2706,"[1043, 902, 1149, 984, 211]"
2707,"[1112, 1705, 1880, 465, 16]"
2708,"[1762, 101, 116, 1125, 112]"
2709,"[1704, 1705, 16, 1769, 1760]"
2710,"[1133, 1670, 628, 749, 1320]"
2711,"[1202, 410, 1705, 328, 1910]"
2712,"[1760, 1297, 675, 1704, 1746]"
2713,"[1705, 1758, 1070, 1889, 1188]"
2714,"[1650, 727, 734, 726, 70]"
2715,"[866, 1118, 1073, 1119, 793]"
2716,"[1761, 1760, 1704, 1705, 1064]"
2717,"[1077, 1041, 1038, 1045, 1837]"
2718,"[1705, 116, 1704, 1561, 1001]"
2719,"[1895, 1936, 1785, 828, 1015]"
2720,"[1705, 1704, 1650, 727, 953]"
2721,"[169, 1746, 160, 1310, 634]"
2722,"[299, 154, 435, 73, 1705]"
2723,"[125, 1676, 408, 116, 1677]"
2724,"[1676, 455, 89, 1299, 773]"
2725,"[1704, 1705, 211, 1620, 980]"
2726,"[1915, 1917, 1675, 408, 165]"
2727,"[1733, 1902, 1516, 306, 165]"
2728,"[698, 1758, 370, 660, 1704]"
2729,"[420, 1713, 938, 1541, 1249]"
2730,"[1066, 89, 1202, 410, 165]"
2731,"[1659, 98, 97, 96, 1299]"
2732,"[1277, 1638, 773, 1921, 1920]"
2733,"[1008, 938, 934, 931, 928]"
2734,"[409, 760, 1534, 762, 1907]"
2735,"[1705, 1704, 332, 986, 1796]"
2736,"[999, 911, 207, 978, 971]"
2737,"[341, 1758, 1246, 584, 471]"
2738,"[98, 1607, 1299, 1659, 97]"
2739,"[1792, 1205, 271, 1855, 34]"
2740,"[1866, 1240, 418, 878, 1713]"
2741,"[1560, 1536, 1561, 1915, 1147]"
2742,"[642, 290, 749, 628, 867]"
2743,"[1915, 89, 1875, 1916, 1344]"
2744,"[116, 1900, 1917, 408, 1916]"
2745,"[1025, 937, 159, 165, 1746]"
2746,"[308, 435, 1727, 1772, 16]"
2747,"[97, 96, 98, 1607, 89]"
2748,"[1724, 1617, 102, 292, 1070]"
2749,"[1750, 1025, 937, 159, 89]"
2750,"[441, 455, 454, 1277, 692]"
2751,"[1567, 1607, 102, 97, 96]"
2752,"[1112, 1064, 114, 1926, 1192]"
2753,"[257, 773, 165, 1907, 1659]"
2754,"[1118, 347, 1704, 1041, 1250]"
2755,"[1758, 1924, 165, 164, 1070]"
2756,"[961, 1320, 947, 1649, 1705]"
2757,"[161, 1752, 1064, 1753, 1795]"
2758,"[1724, 98, 1042, 97, 96]"
2759,"[1677, 1705, 1257, 1557, 1875]"
2760,"[759, 98, 97, 96, 1202]"
2761,"[409, 1724, 1627, 98, 96]"
2762,"[1799, 1798, 1782, 1781, 1704]"
2763,"[1917, 1185, 722, 1094, 1045]"
2764,"[165, 692, 1821, 440, 67]"
2765,"[205, 154, 152, 148, 147]"
2766,"[451, 371, 1192, 1273, 447]"
2767,"[878, 1759, 676, 1137, 1887]"
2768,"[1030, 1066, 1916, 1915, 424]"
2769,"[1915, 1202, 410, 1488, 1704]"
2770,"[116, 1536, 1619, 440, 451]"
2771,"[926, 1344, 1899, 615, 1637]"
2772,"[1705, 1704, 1752, 1064, 1926]"
2773,"[1750, 1762, 1758, 1112, 1312]"
2774,"[379, 95, 1067, 440, 676]"
2775,"[1567, 1704, 1705, 89, 1677]"
2776,"[190, 97, 96, 98, 60]"
2777,"[1917, 1675, 1344, 1202, 410]"
2778,"[1704, 1727, 435, 1627, 1726]"
2779,"[1613, 692, 102, 97, 409]"
2780,"[925, 172, 1646, 1118, 403]"
2781,"[1675, 1185, 408, 1900, 165]"
2782,"[1520, 1538, 1518, 956, 1519]"
2783,"[1313, 435, 1202, 410, 1746]"
2784,"[1902, 1197, 591, 1704, 149]"
2785,"[1205, 271, 1344, 1104, 1875]"
2786,"[435, 1727, 849, 961, 1753]"
2787,"[1769, 16, 106, 934, 920]"
2788,"[292, 1705, 454, 16, 1762]"
2789,"[1724, 1257, 1638, 1129, 1920]"
2790,"[1727, 961, 1762, 1758, 878]"
2791,"[1915, 1037, 1034, 1031, 1028]"
2792,"[125, 165, 1785, 114, 1032]"
2793,"[89, 1239, 1753, 878, 1916]"
2794,"[1792, 1793, 100, 1790, 1694]"
2795,"[454, 455, 1704, 1521, 1762]"
2796,"[1936, 1705, 154, 1704, 435]"
2797,"[100, 1549, 1910, 102, 98]"
2798,"[289, 1927, 1921, 620, 470]"
2799,"[259, 1632, 265, 1680, 222]"
2800,"[165, 409, 924, 1627, 98]"
2801,"[1750, 89, 1704, 1705, 411]"
2802,"[938, 1639, 165, 1918, 979]"
2803,"[166, 1297, 925, 1040, 1907]"
2804,"[98, 97, 96, 79, 409]"
2805,"[98, 97, 96, 451, 102]"
2806,"[1202, 410, 1916, 1907, 1030]"
2807,"[454, 1147, 116, 1304, 441]"
2808,"[1897, 1922, 1068, 1063, 89]"
2809,"[1899, 1922, 1897, 1904, 1526]"
2810,"[1675, 1697, 125, 165, 1639]"
2811,"[1910, 124, 1926, 1921, 114]"
2812,"[1753, 257, 928, 1705, 215]"
2813,"[97, 98, 96, 1746, 102]"
2814,"[1762, 1758, 447, 1273, 1795]"
2815,"[314, 1073, 97, 1705, 1704]"
2816,"[1704, 1705, 108, 1721, 455]"
2817,"[925, 403, 1704, 1705, 985]"
2818,"[1157, 1627, 1899, 1070, 1638]"
2819,"[860, 1192, 1758, 1704, 1760]"
2820,"[1488, 862, 984, 211, 980]"
2821,"[290, 313, 1586, 1615, 1538]"
2822,"[1242, 1904, 451, 1899, 1025]"
2823,"[1915, 1552, 409, 925, 1820]"
2824,"[441, 922, 1904, 1636, 1025]"
2825,"[1907, 149, 89, 1129, 924]"
2826,"[89, 1926, 112, 890, 1705]"
2827,"[124, 1915, 1746, 925, 34]"
2828,"[1762, 1758, 1761, 1760, 1704]"
2829,"[1896, 97, 96, 98, 89]"
2830,"[159, 937, 1025, 921, 165]"
2831,"[1870, 1637, 1274, 60, 449]"
2832,"[1746, 1025, 937, 159, 926]"
2833,"[289, 710, 1638, 1173, 1143]"
2834,"[1612, 1704, 1065, 896, 1118]"
2835,"[89, 113, 409, 1627, 435]"
2836,"[1750, 920, 1924, 409, 1746]"
2837,"[1907, 1025, 937, 159, 165]"
2838,"[98, 620, 470, 1704, 1705]"
2839,"[302, 297, 294, 415, 1202]"
2840,"[89, 1907, 1897, 1922, 1526]"
2841,"[1704, 1705, 749, 815, 897]"
2842,"[1904, 1068, 1627, 1899, 1529]"
2843,"[1705, 435, 961, 1704, 1758]"
2844,"[1904, 819, 102, 98, 96]"
2845,"[1758, 1904, 1762, 1704, 1705]"
2846,"[866, 1069, 615, 372, 385]"
2847,"[1704, 1025, 937, 159, 759]"
2848,"[270, 928, 866, 1745, 1616]"
2849,"[1113, 866, 1705, 1927, 1155]"
2850,"[1246, 989, 1297, 465, 435]"
2851,"[164, 1611, 1746, 409, 102]"
2852,"[1753, 1147, 500, 265, 365]"
2853,"[1907, 1796, 1803, 1704, 961]"
2854,"[1069, 294, 1745, 1616, 1671]"
2855,"[98, 89, 1899, 415, 1627]"
2856,"[1758, 1762, 860, 424, 1035]"
2857,"[1924, 695, 1705, 1704, 1610]"
2858,"[1907, 1921, 451, 449, 60]"
2859,"[1147, 455, 454, 1100, 989]"
2860,"[281, 322, 274, 350, 172]"
2861,"[1915, 1627, 89, 1025, 159]"
2862,"[866, 461, 1155, 1910, 1705]"
2863,"[1705, 1704, 922, 1904, 1899]"
2864,"[1028, 1041, 1257, 1921, 675]"
2865,"[1775, 1249, 862, 1704, 1675]"
2866,"[688, 1705, 678, 693, 431]"
2867,"[1649, 403, 1299, 985, 1049]"
2868,"[1705, 611, 1704, 203, 1758]"
2869,"[727, 726, 1676, 1299, 1298]"
2870,"[1907, 1704, 1145, 1705, 319]"
2871,"[1014, 1662, 108, 657, 98]"
2872,"[1773, 1784, 321, 919, 1026]"
2873,"[1704, 1705, 992, 250, 1727]"
2874,"[1133, 1202, 410, 89, 1025]"
2875,"[1666, 108, 981, 980, 979]"
2876,"[89, 956, 98, 1916, 165]"
2877,"[1753, 1704, 1705, 108, 1926]"
2878,"[1147, 1677, 1704, 370, 34]"
2879,"[165, 89, 959, 1875, 211]"
2880,"[98, 1705, 1704, 89, 455]"
2881,"[165, 914, 1202, 410, 1915]"
2882,"[1755, 1799, 1798, 1782, 1781]"
2883,"[441, 1904, 1275, 116, 1899]"
2884,"[919, 102, 97, 98, 409]"
2885,"[1675, 408, 369, 984, 211]"
2886,"[947, 1897, 1922, 1769, 106]"
2887,"[1704, 1705, 165, 1910, 1299]"
2888,"[862, 455, 454, 1702, 1866]"
2889,"[492, 98, 1567, 1193, 97]"
2890,"[1101, 926, 60, 1875, 890]"
2891,"[759, 928, 1116, 761, 1704]"
2892,"[1915, 920, 128, 1025, 165]"
2893,"[1526, 1922, 1897, 1627, 1899]"
2894,"[1907, 455, 454, 1025, 937]"
2895,"[1746, 102, 1073, 98, 97]"
2896,"[1309, 812, 98, 467, 462]"
2897,"[1025, 937, 159, 924, 921]"
2898,"[1704, 1705, 424, 166, 1118]"
2899,"[1249, 165, 164, 692, 1068]"
2900,"[1926, 1529, 1899, 1753, 1760]"
2901,"[222, 988, 165, 1859, 1862]"
2902,"[290, 985, 1073, 1202, 410]"
2903,"[1653, 1526, 890, 112, 1536]"
2904,"[1147, 116, 1727, 449, 926]"
2905,"[1666, 1672, 217, 66, 1041]"
2906,"[1166, 89, 1916, 1299, 435]"
2907,"[89, 1526, 1899, 1907, 1033]"
2908,"[89, 1907, 98, 1526, 1926]"
2909,"[60, 165, 1704, 1705, 1746]"
2910,"[1117, 1627, 89, 409, 843]"
2911,"[97, 96, 164, 89, 921]"
2912,"[1837, 1833, 1828, 1866, 1592]"
2913,"[89, 1905, 409, 1627, 1896]"
2914,"[1870, 1874, 1704, 1705, 1299]"
2915,"[302, 297, 294, 1202, 410]"
2916,"[1915, 1526, 89, 1907, 1193]"
2917,"[165, 1632, 1659, 1704, 1705]"
2918,"[1762, 1758, 1705, 1704, 285]"
2919,"[1922, 1897, 89, 1627, 98]"
2920,"[1926, 1675, 165, 1907, 89]"
2921,"[98, 97, 96, 1202, 410]"
2922,"[98, 97, 96, 165, 1750]"
2923,"[149, 1299, 423, 1244, 1761]"
2924,"[424, 1627, 409, 878, 318]"
2925,"[922, 1638, 1025, 937, 159]"
2926,"[221, 1011, 220, 1014, 1664]"
2927,"[1760, 1761, 1758, 1705, 1704]"
2928,"[1760, 1904, 1025, 937, 159]"
2929,"[1748, 1071, 868, 318, 1907]"
2930,"[1704, 1705, 116, 1147, 451]"
2931,"[1064, 922, 1915, 1526, 1529]"
2932,"[89, 302, 1926, 98, 415]"
2933,"[98, 97, 96, 1043, 1202]"
2934,"[1659, 1202, 410, 165, 1297]"
2935,"[1038, 1901, 165, 164, 1202]"
2936,"[128, 1927, 290, 1303, 985]"
2937,"[1793, 294, 1080, 781, 758]"
2938,"[1915, 1193, 372, 1069, 1025]"
2939,"[1016, 408, 350, 278, 273]"
2940,"[1273, 447, 584, 1800, 1780]"
2941,"[165, 924, 89, 984, 211]"
2942,"[1907, 926, 165, 98, 97]"
2943,"[890, 112, 1070, 108, 1272]"
2944,"[696, 683, 1273, 447, 809]"
2945,"[1064, 846, 1705, 1704, 819]"
2946,"[170, 164, 1025, 937, 921]"
2947,"[1545, 929, 318, 172, 144]"
2948,"[1612, 1065, 1118, 1762, 172]"
2949,"[302, 297, 294, 1758, 1704]"
2950,"[1746, 102, 98, 96, 97]"
2951,"[89, 1907, 773, 1202, 410]"
2952,"[1627, 1904, 113, 89, 1910]"
2953,"[1073, 1627, 318, 409, 911]"
2954,"[124, 98, 97, 96, 1619]"
2955,"[1185, 1750, 1677, 1675, 408]"
2956,"[1536, 108, 669, 1281, 1149]"
2957,"[137, 272, 276, 270, 136]"
2958,"[1897, 1922, 1526, 1627, 106]"
2959,"[759, 752, 1001, 116, 1385]"
2960,"[888, 1726, 846, 102, 97]"
2961,"[783, 1144, 1899, 1638, 692]"
2962,"[1760, 1761, 1915, 128, 925]"
2963,"[866, 286, 1257, 699, 273]"
2964,"[1133, 34, 1915, 89, 1561]"
2965,"[1915, 112, 116, 890, 1627]"
2966,"[96, 676, 97, 291, 1653]"
2967,"[1907, 926, 1297, 89, 1677]"
2968,"[1273, 447, 1147, 1705, 1579]"
2969,"[676, 1071, 1558, 1899, 409]"
2970,"[1905, 1627, 1527, 1907, 1193]"
2971,"[1915, 327, 98, 1910, 1603]"
2972,"[1915, 1064, 113, 112, 1907]"
2973,"[199, 250, 958, 1933, 959]"
2974,"[347, 350, 1704, 1705, 878]"
2975,"[102, 1746, 97, 96, 164]"
2976,"[451, 124, 922, 1526, 102]"
2977,"[878, 409, 1627, 1899, 1926]"
2978,"[1257, 1758, 1724, 1761, 1760]"
2979,"[1075, 1690, 437, 165, 1283]"
2980,"[170, 1704, 403, 911, 1705]"
2981,"[1030, 112, 441, 89, 1926]"
2982,"[1037, 1250, 1077, 368, 403]"
2983,"[42, 590, 1936, 593, 587]"
2984,"[1065, 1073, 1690, 89, 920]"
2985,"[1300, 452, 1827, 1301, 1077]"
2986,"[98, 97, 96, 1638, 1659]"
2987,"[454, 478, 1157, 480, 1918]"
2988,"[1915, 432, 1257, 1299, 1202]"
2989,"[1704, 1705, 98, 1627, 1899]"
2990,"[1185, 408, 1025, 937, 159]"
2991,"[89, 455, 416, 1239, 878]"
2992,"[1863, 1866, 1676, 773, 89]"
2993,"[1065, 1677, 1705, 1704, 370]"
2994,"[1071, 1807, 1899, 1627, 1705]"
2995,"[1046, 1907, 101, 124, 409]"
2996,"[440, 98, 1638, 1907, 1070]"
2997,"[170, 922, 164, 933, 936]"
2998,"[176, 925, 164, 938, 175]"
2999,"[145, 148, 147, 916, 913]"
3000,"[164, 1025, 937, 1042, 159]"
3001,"[1077, 1704, 1705, 1098, 450]"
3002,"[1085, 1918, 979, 618, 1795]"
3003,"[1704, 1705, 211, 980, 985]"
3004,"[170, 985, 923, 161, 925]"
3005,"[1073, 290, 89, 1627, 1202]"
3006,"[195, 1035, 618, 779, 1150]"
3007,"[1249, 98, 97, 96, 409]"
3008,"[1306, 435, 818, 1704, 379]"
3009,"[1705, 408, 1202, 410, 1820]"
3010,"[688, 925, 1704, 1705, 1771]"
3011,"[1041, 1690, 1073, 1283, 1106]"
3012,"[1704, 1705, 1300, 1202, 410]"
3013,"[1827, 1829, 1865, 1836, 1706]"
3014,"[1077, 1076, 1704, 1705, 1831]"
3015,"[1915, 1825, 409, 140, 98]"
3016,"[1835, 140, 145, 1098, 450]"
3017,"[1030, 862, 455, 1076, 1042]"
3018,"[1202, 410, 165, 89, 926]"
3019,"[1690, 1073, 1705, 89, 1025]"
3020,"[1748, 1775, 125, 1044, 868]"
3021,"[1095, 1202, 410, 1704, 1173]"
3022,"[1705, 1704, 1904, 102, 1899]"
3023,"[125, 1244, 423, 1699, 902]"
3024,"[125, 423, 1244, 1918, 979]"
3025,"[1705, 423, 1244, 1704, 403]"
3026,"[125, 1690, 1705, 1704, 1915]"
3027,"[1244, 423, 1690, 1727, 125]"
3028,"[125, 1261, 1260, 1259, 1258]"
3029,"[125, 1363, 1244, 423, 98]"
3030,"[125, 1244, 423, 1676, 1677]"
3031,"[125, 1126, 1690, 1244, 423]"
3032,"[1244, 423, 125, 388, 1299]"
3033,"[125, 1244, 423, 1690, 1676]"
3034,"[1937, 125, 1244, 423, 102]"
3035,"[423, 1244, 1690, 125, 98]"
3036,"[1690, 911, 1317, 73, 1918]"
3037,"[125, 423, 1244, 1193, 615]"
3038,"[125, 423, 1244, 408, 1299]"
3039,"[1370, 1363, 1915, 1822, 365]"
3040,"[773, 1250, 1303, 1269, 1705]"
3041,"[360, 125, 376, 1124, 322]"
3042,"[125, 1244, 423, 1690, 365]"
3043,"[125, 1077, 607, 1126, 902]"
3044,"[125, 1244, 423, 1157, 1066]"
3045,"[125, 1244, 423, 165, 1202]"
3046,"[789, 1244, 423, 1915, 1902]"
3047,"[125, 1690, 1675, 60, 408]"
3048,"[125, 1690, 408, 365, 1705]"
3049,"[913, 147, 145, 148, 140]"
3050,"[423, 1244, 125, 1202, 410]"
3051,"[1705, 1704, 1762, 2, 3]"
3052,"[125, 365, 1915, 1126, 1831]"
3053,"[455, 1924, 125, 1639, 925]"
3054,"[125, 1244, 423, 1915, 1344]"
3055,"[365, 125, 1690, 423, 1244]"
3056,"[1244, 423, 125, 1690, 692]"
3057,"[365, 125, 319, 1655, 1001]"
3058,"[1677, 1344, 1269, 1077, 1076]"
3059,"[125, 1690, 1244, 423, 1659]"
3060,"[1244, 423, 125, 692, 408]"
3061,"[125, 1915, 408, 1244, 423]"
3062,"[165, 1727, 926, 1299, 1659]"
3063,"[365, 322, 397, 1244, 423]"
3064,"[460, 562, 97, 98, 1257]"
3065,"[1244, 423, 125, 762, 758]"
3066,"[460, 1196, 1727, 423, 1244]"
3067,"[1147, 692, 1766, 851, 451]"
3068,"[1765, 1777, 1705, 1704, 89]"
3069,"[171, 1915, 60, 455, 692]"
3070,"[1536, 926, 1915, 60, 171]"
3071,"[478, 1924, 1030, 1536, 1753]"
3072,"[1536, 409, 89, 1066, 1249]"
3073,"[1752, 1776, 1757, 1754, 1766]"
3074,"[938, 98, 124, 1907, 1746]"
3075,"[1147, 1752, 377, 1178, 1690]"
3076,"[1902, 904, 408, 1065, 656]"
3077,"[1761, 1750, 1272, 1924, 408]"
3078,"[1752, 1705, 60, 692, 116]"
3079,"[1704, 1915, 98, 1344, 89]"
3080,"[1924, 1528, 1536, 1249, 60]"
3081,"[1761, 1147, 175, 1752, 465]"
3082,"[478, 1924, 1536, 60, 926]"
3083,"[1272, 1924, 1536, 440, 926]"
3084,"[175, 1915, 60, 1875, 926]"
3085,"[1915, 692, 116, 98, 1552]"
3086,"[1761, 433, 1524, 1525, 749]"
3087,"[165, 164, 128, 124, 98]"
3088,"[165, 1705, 1704, 1924, 89]"
3089,"[1936, 677, 1265, 1752, 829]"
3090,"[1795, 925, 1915, 60, 878]"
3091,"[1675, 171, 116, 60, 1677]"
3092,"[528, 296, 928, 1507, 749]"
3093,"[60, 1753, 125, 98, 124]"
3094,"[1113, 1915, 1603, 1062, 1916]"
3095,"[1705, 1761, 1760, 1704, 890]"
3096,"[692, 922, 1915, 216, 60]"
3097,"[89, 1907, 341, 926, 1637]"
3098,"[289, 698, 1025, 937, 159]"
3099,"[1272, 1924, 1536, 1746, 165]"
3100,"[1704, 1924, 1536, 1526, 1147]"
3101,"[175, 1875, 921, 938, 1560]"
3102,"[1924, 1760, 1761, 938, 1147]"
3103,"[1526, 1915, 1528, 1705, 60]"
3104,"[1536, 1924, 1761, 1910, 1192]"
3105,"[1924, 116, 1536, 1904, 1192]"
3106,"[528, 1694, 749, 1657, 1704]"
3107,"[1915, 89, 1675, 1344, 1676]"
3108,"[1762, 1758, 1760, 692, 1916]"
3109,"[1936, 1705, 1762, 1758, 60]"
3110,"[1761, 1760, 1064, 116, 1758]"
3111,"[1704, 435, 1025, 1299, 1695]"
3112,"[1727, 259, 98, 97, 96]"
3113,"[1705, 1704, 1758, 1024, 398]"
3114,"[1721, 1677, 758, 603, 60]"
3115,"[108, 1799, 1798, 1782, 1781]"
3116,"[1344, 365, 993, 1169, 1077]"
3117,"[737, 719, 1705, 1704, 211]"
3118,"[297, 1704, 722, 1916, 1525]"
3119,"[1929, 1299, 438, 1899, 902]"
3120,"[108, 1043, 985, 1829, 1827]"
3121,"[1695, 108, 1637, 1721, 1299]"
3122,"[92, 60, 1775, 1768, 1769]"
3123,"[1721, 1592, 108, 60, 921]"
3124,"[108, 371, 1781, 1782, 1798]"
3125,"[1721, 1666, 438, 1636, 372]"
3126,"[89, 1705, 1704, 1152, 108]"
3127,"[108, 1799, 1798, 1782, 1781]"
3128,"[108, 165, 1697, 110, 116]"
3129,"[365, 1602, 1167, 361, 688]"
3130,"[352, 1754, 250, 1760, 1758]"
3131,"[1602, 1907, 920, 171, 1071]"
3132,"[1721, 1159, 108, 1704, 1705]"
3133,"[1046, 1014, 997, 849, 208]"
3134,"[343, 1754, 1758, 1761, 1760]"
3135,"[108, 1753, 1761, 1760, 1704]"
3136,"[387, 1602, 956, 1727, 1040]"
3137,"[361, 1042, 1592, 670, 771]"
3138,"[108, 1721, 1760, 1761, 1024]"
3139,"[108, 70, 1761, 1760, 1910]"
3140,"[1024, 1721, 857, 108, 399]"
3141,"[1681, 1016, 1633, 347, 1634]"
3142,"[1024, 1761, 1760, 343, 98]"
3143,"[380, 629, 1794, 1787, 1789]"
3144,"[1881, 1721, 374, 1753, 1169]"
3145,"[379, 1798, 1782, 1187, 697]"
3146,"[692, 28, 1344, 125, 1613]"
3147,"[1491, 1798, 1782, 1755, 1898]"
3148,"[447, 692, 1781, 455, 454]"
3149,"[1731, 392, 1169, 1766, 1704]"
3150,"[1924, 1024, 1746, 1721, 1617]"
3151,"[1167, 424, 1072, 1704, 1754]"
3152,"[1777, 1765, 297, 1704, 1705]"
3153,"[1721, 108, 1202, 410, 361]"
3154,"[1024, 1746, 1750, 926, 451]"
3155,"[1904, 441, 1099, 1899, 1627]"
3156,"[950, 193, 946, 192, 945]"
3157,"[106, 125, 1702, 1698, 165]"
3158,"[98, 1617, 16, 1760, 45]"
3159,"[1655, 292, 1617, 921, 324]"
3160,"[1760, 1761, 1762, 1705, 1758]"
3161,"[1875, 1610, 1275, 451, 1746]"
3162,"[1761, 1760, 1762, 292, 1758]"
3163,"[292, 455, 1277, 1192, 1899]"
3164,"[692, 339, 1638, 289, 1655]"
3165,"[1147, 1705, 441, 1758, 1899]"
3166,"[1649, 297, 1916, 849, 435]"
3167,"[292, 1113, 16, 114, 1277]"
3168,"[440, 60, 1277, 1070, 1275]"
3169,"[1722, 1617, 1762, 1758, 455]"
3170,"[1617, 1704, 1924, 1899, 1627]"
3171,"[441, 455, 1112, 1899, 1627]"
3172,"[292, 1727, 192, 193, 946]"
3173,"[1617, 292, 1073, 97, 96]"
3174,"[811, 455, 454, 1910, 1071]"
3175,"[1617, 1704, 1899, 116, 1904]"
3176,"[1617, 1761, 1760, 1758, 98]"
3177,"[808, 1924, 760, 165, 98]"
3178,"[692, 1899, 1627, 1112, 1722]"
3179,"[1761, 1760, 1655, 692, 1617]"
3180,"[1030, 615, 1603, 607, 1899]"
3181,"[1758, 1760, 1617, 1762, 1761]"
3182,"[455, 1722, 692, 1617, 1655]"
3183,"[1746, 102, 1924, 98, 97]"
3184,"[98, 97, 96, 1617, 1192]"
3185,"[1655, 1921, 60, 114, 454]"
3186,"[289, 441, 98, 97, 96]"
3187,"[98, 97, 96, 926, 1746]"
3188,"[900, 98, 1760, 1273, 1275]"
3189,"[455, 1070, 1120, 16, 1705]"
3190,"[1617, 1722, 102, 292, 1762]"
3191,"[292, 1762, 1617, 1655, 1758]"
3192,"[676, 1104, 712, 1655, 339]"
3193,"[1746, 1655, 1704, 1705, 1144]"
3194,"[1070, 438, 1617, 89, 1727]"
3195,"[441, 1536, 292, 815, 432]"
3196,"[1722, 1112, 1617, 1070, 1899]"
3197,"[1071, 811, 1655, 675, 866]"
3198,"[1803, 947, 949, 192, 948]"
3199,"[794, 1299, 1750, 1676, 1675]"
3200,"[1073, 954, 887, 1627, 1299]"
3201,"[1071, 811, 467, 1069, 1627]"
3202,"[1762, 1758, 440, 1705, 924]"
3203,"[1071, 1191, 1910, 1807, 1025]"
3204,"[762, 410, 1202, 1191, 1026]"
3205,"[454, 455, 124, 1904, 1192]"
3206,"[1758, 1041, 1704, 1065, 324]"
3207,"[409, 692, 165, 164, 1746]"
3208,"[618, 679, 1758, 1246, 1705]"
3209,"[1071, 928, 335, 1069, 1913]"
3210,"[1025, 937, 159, 900, 1550]"
3211,"[1071, 1899, 1904, 409, 1064]"
3212,"[1762, 1758, 1705, 1704, 1775]"
3213,"[1056, 365, 1899, 1011, 928]"
3214,"[819, 759, 432, 341, 112]"
3215,"[1274, 1627, 1071, 1025, 937]"
3216,"[1705, 706, 1758, 111, 1762]"
3217,"[409, 1795, 1899, 1926, 1752]"
3218,"[102, 1025, 937, 159, 1746]"
3219,"[1070, 102, 1746, 112, 1758]"
3220,"[1904, 455, 1025, 937, 159]"
3221,"[441, 98, 97, 96, 681]"
3222,"[887, 1073, 1746, 1705, 1627]"
3223,"[1160, 1025, 937, 159, 900]"
3224,"[1071, 1899, 1025, 937, 159]"
3225,"[1705, 1758, 112, 1704, 409]"
3226,"[1649, 435, 988, 961, 1705]"
3227,"[1746, 1025, 937, 159, 1904]"
3228,"[291, 1192, 1523, 449, 455]"
3229,"[1025, 937, 159, 409, 102]"
3230,"[1746, 291, 441, 409, 1638]"
3231,"[1627, 1536, 1925, 1745, 1671]"
3232,"[1705, 1758, 291, 706, 46]"
3233,"[1025, 937, 159, 291, 112]"
3234,"[291, 409, 1025, 937, 159]"
3235,"[1073, 954, 887, 1746, 1299]"
3236,"[1746, 1705, 1704, 89, 1118]"
3237,"[1073, 1758, 1533, 1704, 165]"
3238,"[1910, 106, 451, 1192, 1147]"
3239,"[1705, 1704, 121, 1758, 1246]"
3240,"[811, 1071, 1807, 1025, 937]"
3241,"[1705, 1704, 1914, 1160, 1795]"
3242,"[1071, 103, 1753, 1756, 1222]"
3243,"[341, 1655, 701, 675, 1144]"
3244,"[1910, 1899, 1904, 409, 1627]"
3245,"[409, 96, 97, 102, 1070]"
3246,"[1908, 1913, 455, 454, 860]"
3247,"[1926, 1705, 1704, 1904, 1025]"
3248,"[1910, 296, 211, 1761, 980]"
3249,"[1760, 1762, 1758, 1705, 1704]"
3250,"[460, 607, 109, 454, 692]"
3251,"[663, 1758, 447, 1273, 1899]"
3252,"[1924, 1025, 937, 159, 89]"
3253,"[1924, 1705, 454, 455, 1899]"
3254,"[1758, 1147, 1704, 1705, 1523]"
3255,"[1705, 1070, 1899, 1926, 1904]"
3256,"[1924, 1704, 1705, 1273, 447]"
3257,"[1705, 1758, 1273, 447, 860]"
3258,"[1030, 1073, 615, 1758, 1795]"
3259,"[1910, 1904, 409, 1905, 89]"
3260,"[1704, 442, 1636, 1899, 116]"
3261,"[1924, 1910, 1899, 1904, 89]"
3262,"[1907, 1758, 373, 211, 1058]"
3263,"[1910, 1273, 447, 478, 291]"
3264,"[1908, 1924, 1192, 1523, 454]"
3265,"[1758, 1924, 291, 1273, 1521]"
3266,"[1705, 1704, 1064, 106, 1899]"
3267,"[1926, 1705, 1899, 1638, 1904]"
3268,"[1758, 1705, 1704, 1147, 291]"
3269,"[1274, 1147, 1899, 1192, 1910]"
3270,"[112, 1758, 1705, 1704, 1249]"
3271,"[1705, 1704, 447, 310, 1761]"
3272,"[1758, 1705, 1704, 1762, 1761]"
3273,"[1924, 1192, 1792, 1793, 1523]"
3274,"[1705, 291, 1758, 111, 860]"
3275,"[695, 1704, 1705, 1064, 1273]"
3276,"[1924, 291, 442, 1636, 1899]"
3277,"[1904, 1924, 1910, 1899, 1025]"
3278,"[1270, 455, 454, 1025, 937]"
3279,"[1030, 1924, 1870, 1705, 1704]"
3280,"[109, 1913, 938, 934, 931]"
3281,"[1758, 478, 291, 1926, 1899]"
3282,"[1924, 1904, 1910, 1025, 937]"
3283,"[1705, 291, 1758, 478, 1924]"
3284,"[860, 1308, 1523, 693, 1924]"
3285,"[1704, 1705, 409, 1924, 1904]"
3286,"[1924, 1704, 1705, 1758, 1904]"
3287,"[925, 1915, 1552, 175, 928]"
3288,"[409, 658, 102, 1540, 119]"
3289,"[97, 96, 1746, 98, 1704]"
3290,"[455, 112, 291, 1899, 1638]"
3291,"[113, 114, 116, 1192, 455]"
3292,"[1750, 1705, 588, 597, 599]"
3293,"[438, 1636, 1192, 614, 1638]"
3294,"[1705, 1704, 1732, 815, 1762]"
3295,"[1636, 438, 1637, 455, 1656]"
3296,"[1656, 1761, 1760, 1758, 291]"
3297,"[1705, 289, 111, 1758, 1656]"
3298,"[97, 96, 1758, 291, 98]"
3299,"[296, 112, 46, 1705, 1758]"
3300,"[409, 1746, 102, 1887, 921]"
3301,"[1762, 1758, 1704, 1705, 1085]"
3302,"[1277, 692, 1638, 1192, 1899]"
3303,"[1704, 1705, 1904, 1899, 1627]"
3304,"[1746, 112, 171, 676, 98]"
3305,"[164, 1750, 1746, 102, 1196]"
3306,"[112, 46, 296, 1064, 1705]"
3307,"[1746, 102, 98, 97, 96]"
3308,"[291, 1192, 1899, 449, 1521]"
3309,"[1704, 1783, 1762, 1760, 1758]"
3310,"[438, 1636, 1192, 1637, 455]"
3311,"[455, 454, 1904, 1637, 1899]"
3312,"[749, 102, 1746, 1713, 124]"
3313,"[102, 60, 112, 455, 454]"
3314,"[291, 1752, 1762, 1758, 1705]"
3315,"[291, 438, 1636, 1637, 1610]"
3316,"[1924, 1705, 455, 454, 1192]"
3317,"[455, 1758, 291, 112, 1070]"
3318,"[1192, 451, 449, 697, 1147]"
3319,"[1752, 1758, 1085, 435, 1762]"
3320,"[1746, 102, 409, 1887, 98]"
3321,"[1523, 1192, 1277, 46, 109]"
3322,"[341, 409, 97, 96, 1746]"
3323,"[441, 291, 1758, 1070, 1750]"
3324,"[1611, 1204, 1705, 454, 1523]"
3325,"[4, 961, 1758, 1762, 1085]"
3326,"[113, 1192, 454, 125, 455]"
3327,"[46, 811, 1192, 291, 683]"
3328,"[291, 1899, 1638, 1904, 441]"
3329,"[1758, 1705, 1704, 297, 1795]"
3330,"[1704, 1758, 1705, 1795, 584]"
3331,"[1705, 1758, 111, 1704, 1795]"
3332,"[116, 1704, 1760, 455, 1705]"
3333,"[175, 171, 1915, 102, 921]"
3334,"[1761, 433, 1299, 297, 1257]"
3335,"[1549, 1309, 464, 462, 1916]"
3336,"[383, 1516, 1441, 1783, 628]"
3337,"[1753, 1766, 1704, 1705, 1760]"
3338,"[1924, 1753, 165, 926, 692]"
3339,"[1884, 1752, 1260, 1299, 480]"
3340,"[1753, 216, 678, 110, 1704]"
3341,"[1752, 335, 1767, 1021, 1795]"
3342,"[1113, 1921, 1204, 440, 1147]"
3343,"[1915, 89, 171, 1536, 497]"
3344,"[692, 1902, 1070, 461, 1552]"
3345,"[171, 175, 938, 1758, 408]"
3346,"[866, 1847, 1848, 1845, 1850]"
3347,"[1790, 1789, 435, 1717, 1679]"
3348,"[1924, 1910, 116, 1899, 1192]"
3349,"[163, 1045, 1042, 1035, 1028]"
3350,"[1549, 1724, 175, 1885, 1036]"
3351,"[1636, 438, 455, 1275, 449]"
3352,"[1704, 1705, 449, 1275, 714]"
3353,"[60, 938, 1924, 98, 1746]"
3354,"[1884, 922, 98, 97, 124]"
3355,"[464, 1924, 1309, 1752, 462]"
3356,"[1706, 1810, 462, 1030, 1029]"
3357,"[1704, 1705, 789, 462, 424]"
3358,"[409, 97, 292, 1192, 98]"
3359,"[1761, 749, 1550, 1704, 462]"
3360,"[1758, 1762, 961, 1753, 16]"
3361,"[925, 856, 175, 911, 928]"
3362,"[1761, 165, 164, 921, 1705]"
3363,"[198, 98, 97, 96, 1745]"
3364,"[528, 1746, 102, 1761, 1552]"
3365,"[1760, 1762, 1758, 441, 692]"
3366,"[1705, 1704, 1761, 1760, 687]"
3367,"[1769, 362, 1862, 1810, 1936]"
3368,"[1674, 461, 1927, 1887, 1552]"
3369,"[1773, 455, 619, 1113, 1758]"
3370,"[1758, 1916, 1915, 1299, 692]"
3371,"[675, 1147, 1133, 926, 1924]"
3372,"[1761, 165, 528, 297, 1916]"
3373,"[1299, 1706, 629, 1368, 692]"
3374,"[441, 1638, 1272, 98, 692]"
3375,"[1774, 1704, 1600, 1192, 449]"
3376,"[1025, 937, 159, 922, 1746]"
3377,"[1924, 124, 1746, 409, 1904]"
3378,"[409, 102, 1924, 1526, 1899]"
3379,"[1924, 1526, 1904, 89, 878]"
3380,"[89, 166, 113, 921, 164]"
3381,"[1904, 89, 922, 919, 175]"
3382,"[1526, 1922, 1897, 113, 409]"
3383,"[1904, 1064, 919, 1704, 89]"
3384,"[681, 1926, 116, 1760, 1273]"
3385,"[101, 1924, 1795, 409, 216]"
3386,"[175, 1924, 1196, 89, 781]"
3387,"[125, 1273, 447, 1704, 451]"
3388,"[89, 1904, 435, 1910, 98]"
3389,"[1904, 922, 102, 97, 98]"
3390,"[1762, 1758, 1904, 89, 1192]"
3391,"[1904, 1774, 1910, 1907, 1887]"
3392,"[318, 424, 1907, 1627, 113]"
3393,"[1904, 922, 1899, 1627, 1025]"
3394,"[677, 1907, 1899, 89, 409]"
3395,"[1519, 97, 96, 98, 1025]"
3396,"[1600, 1904, 1899, 455, 1638]"
3397,"[815, 778, 675, 432, 296]"
3398,"[1904, 1025, 937, 159, 175]"
3399,"[921, 1025, 937, 159, 175]"
3400,"[1526, 1904, 1147, 1064, 1899]"
3401,"[1705, 1904, 447, 1273, 310]"
3402,"[1147, 1926, 106, 1192, 203]"
3403,"[1064, 1041, 1926, 116, 102]"
3404,"[1927, 1766, 1887, 1704, 1705]"
3405,"[1705, 1704, 1907, 424, 89]"
3406,"[89, 1907, 1118, 1704, 1746]"
3407,"[97, 96, 1041, 98, 171]"
3408,"[171, 128, 420, 604, 930]"
3409,"[1526, 451, 1904, 688, 1277]"
3410,"[1536, 1035, 1904, 1639, 89]"
3411,"[1025, 937, 159, 89, 922]"
3412,"[1904, 1607, 1824, 432, 1627]"
3413,"[1904, 1073, 919, 1025, 937]"
3414,"[1705, 1704, 1753, 1118, 211]"
3415,"[890, 106, 1025, 937, 159]"
3416,"[1904, 1926, 1899, 424, 1030]"
3417,"[43, 919, 1071, 868, 922]"
3418,"[1904, 922, 1899, 1025, 937]"
3419,"[165, 126, 98, 1885, 1865]"
3420,"[102, 60, 408, 848, 124]"
3421,"[464, 126, 1073, 97, 96]"
3422,"[1185, 1917, 294, 1094, 408]"
3423,"[60, 1750, 408, 1915, 101]"
3424,"[1073, 98, 1915, 1746, 102]"
3425,"[925, 1746, 1202, 410, 1700]"
3426,"[1704, 1705, 890, 112, 1552]"
3427,"[716, 1704, 1045, 1042, 1035]"
3428,"[60, 408, 1202, 410, 603]"
3429,"[1853, 1902, 98, 96, 878]"
3430,"[319, 1118, 1825, 1675, 902]"
3431,"[716, 675, 1675, 902, 1145]"
3432,"[925, 1924, 1202, 410, 98]"
3433,"[1746, 102, 98, 97, 96]"
3434,"[136, 124, 98, 782, 125]"
3435,"[1915, 1202, 1030, 1552, 1133]"
3436,"[60, 1902, 124, 408, 1130]"
3437,"[1902, 878, 1185, 124, 1704]"
3438,"[925, 1704, 1705, 878, 1550]"
3439,"[878, 1137, 320, 424, 1040]"
3440,"[60, 102, 1746, 96, 98]"
3441,"[102, 1746, 98, 96, 97]"
3442,"[60, 1915, 925, 882, 409]"
3443,"[164, 125, 171, 98, 97]"
3444,"[60, 1902, 124, 1746, 102]"
3445,"[140, 916, 145, 148, 913]"
3446,"[1646, 96, 97, 98, 1746]"
3447,"[1118, 124, 97, 96, 98]"
3448,"[1746, 102, 98, 97, 96]"
3449,"[140, 923, 161, 1672, 1136]"
3450,"[126, 716, 1541, 1916, 1746]"
3451,"[60, 124, 1915, 125, 1702]"
3452,"[1700, 1646, 929, 172, 1045]"
3453,"[126, 98, 97, 96, 1746]"
3454,"[1902, 60, 124, 692, 1344]"
3455,"[1902, 124, 60, 408, 1344]"
3456,"[60, 1915, 408, 1552, 125]"
3457,"[1902, 716, 1133, 222, 851]"
3458,"[60, 1073, 408, 890, 112]"
3459,"[1130, 219, 136, 281, 917]"
3460,"[1902, 878, 1853, 1040, 1704]"
3461,"[1754, 1828, 1837, 1706, 1866]"
3462,"[165, 164, 98, 97, 96]"
3463,"[1704, 1105, 1705, 1630, 764]"
3464,"[1185, 1520, 1620, 89, 971]"
3465,"[1915, 1825, 985, 165, 1831]"
3466,"[165, 98, 1659, 1202, 410]"
3467,"[1185, 152, 1303, 1250, 165]"
3468,"[1825, 1832, 728, 1026, 1592]"
3469,"[924, 1202, 410, 435, 1299]"
3470,"[1915, 1277, 878, 102, 98]"
3471,"[408, 1917, 1279, 1916, 1704]"
3472,"[924, 165, 956, 728, 175]"
3473,"[1526, 1915, 928, 922, 878]"
3474,"[1915, 890, 112, 922, 1520]"
3475,"[1008, 165, 915, 1820, 1815]"
3476,"[1915, 1536, 1676, 926, 171]"
3477,"[1369, 1051, 728, 1648, 731]"
3478,"[165, 984, 211, 980, 985]"
3479,"[1936, 1853, 1592, 1866, 98]"
3480,"[1915, 408, 125, 1675, 1917]"
3481,"[1915, 125, 408, 1520, 175]"
3482,"[1676, 1299, 1258, 1298, 728]"
3483,"[1772, 1705, 1704, 424, 1651]"
3484,"[165, 207, 976, 974, 973]"
3485,"[677, 1690, 1637, 125, 1659]"
3486,"[1102, 1150, 1659, 986, 1250]"
3487,"[302, 297, 294, 1150, 1202]"
3488,"[1915, 878, 164, 789, 98]"
3489,"[1915, 728, 1648, 731, 350]"
3490,"[911, 175, 1630, 1866, 925]"
3491,"[1046, 1648, 731, 728, 925]"
3492,"[165, 920, 164, 728, 1025]"
3493,"[370, 989, 808, 203, 360]"
3494,"[930, 760, 1866, 762, 604]"
3495,"[451, 1921, 1610, 1915, 1638]"
3496,"[1672, 923, 161, 171, 922]"
3497,"[408, 1675, 1915, 1750, 101]"
3498,"[1627, 216, 112, 890, 101]"
3499,"[1915, 1810, 923, 161, 1706]"
3500,"[1746, 1025, 937, 159, 1907]"
3501,"[350, 722, 1917, 728, 1648]"
3502,"[165, 890, 112, 1025, 937]"
3503,"[207, 978, 976, 974, 973]"
3504,"[165, 270, 1659, 1704, 408]"
3505,"[165, 1202, 410, 98, 455]"
3506,"[924, 165, 773, 1202, 410]"
3507,"[1915, 1249, 108, 1827, 89]"
3508,"[165, 1042, 89, 1299, 1899]"
3509,"[1185, 408, 125, 1202, 410]"
3510,"[1900, 1924, 408, 101, 1277]"
3511,"[1655, 171, 98, 1915, 97]"
3512,"[379, 1142, 1344, 1160, 1077]"
3513,"[1131, 124, 125, 1721, 609]"
3514,"[359, 347, 676, 1752, 658]"
3515,"[1761, 116, 1085, 388, 618]"
3516,"[1795, 89, 140, 1915, 1704]"
3517,"[60, 1704, 112, 171, 890]"
3518,"[101, 1552, 171, 112, 1750]"
3519,"[379, 408, 1695, 1639, 1306]"
3520,"[408, 1917, 112, 101, 1344]"
3521,"[1795, 1536, 89, 692, 1147]"
3522,"[98, 455, 454, 692, 1157]"
3523,"[1799, 1798, 1781, 1782, 1112]"
3524,"[1915, 692, 849, 409, 96]"
3525,"[1915, 1704, 1675, 849, 1001]"
3526,"[677, 302, 297, 294, 365]"
3527,"[1675, 1746, 102, 112, 1543]"
3528,"[1900, 149, 303, 1675, 692]"
3529,"[1769, 1758, 372, 1704, 1705]"
3530,"[60, 89, 124, 108, 1676]"
3531,"[1082, 303, 1705, 1704, 1761]"
3532,"[296, 1001, 1819, 1818, 1817]"
3533,"[1185, 1094, 1153, 1077, 1704]"
3534,"[1915, 1819, 1818, 1817, 1816]"
3535,"[411, 362, 1085, 396, 360]"
3536,"[440, 1001, 1732, 1899, 1147]"
3537,"[1617, 1676, 926, 1921, 89]"
3538,"[302, 297, 294, 29, 1017]"
3539,"[1185, 1753, 1917, 1820, 1819]"
3540,"[110, 1025, 937, 1619, 1899]"
3541,"[440, 116, 1917, 408, 1704]"
3542,"[1272, 1753, 692, 1915, 190]"
3543,"[1705, 1752, 108, 1030, 347]"
3544,"[1070, 1746, 1617, 1188, 102]"
3545,"[223, 1704, 365, 1043, 199]"
3546,"[1263, 676, 1073, 1536, 1137]"
3547,"[1169, 1071, 365, 1075, 1705]"
3548,"[1273, 447, 379, 1758, 1762]"
3549,"[1921, 60, 1915, 283, 1690]"
3550,"[1721, 1915, 1491, 502, 688]"
3551,"[870, 873, 956, 1649, 435]"
3552,"[947, 188, 950, 949, 948]"
3553,"[1067, 1795, 1246, 510, 1758]"
3554,"[1937, 1246, 1758, 584, 1913]"
3555,"[1746, 1759, 1704, 1705, 409]"
3556,"[98, 89, 435, 29, 890]"
3557,"[1556, 1727, 89, 926, 1196]"
3558,"[98, 97, 96, 1534, 692]"
3559,"[2, 3, 584, 1758, 1493]"
3560,"[794, 1727, 291, 991, 292]"
3561,"[1024, 89, 1659, 98, 125]"
3562,"[1746, 409, 102, 1927, 1676]"
3563,"[1627, 1905, 163, 1527, 43]"
3564,"[1769, 22, 36, 9, 435]"
3565,"[1746, 677, 89, 409, 102]"
3566,"[332, 1555, 97, 96, 102]"
3567,"[1537, 1627, 1299, 1638, 1899]"
3568,"[1758, 620, 470, 409, 1746]"
3569,"[1586, 1556, 1295, 1615, 1538]"
3570,"[1070, 1758, 1770, 1246, 1795]"
3571,"[1759, 1727, 1103, 1695, 1070]"
3572,"[62, 817, 108, 1752, 1766]"
3573,"[89, 1627, 409, 1746, 102]"
3574,"[1752, 1649, 220, 435, 1796]"
3575,"[291, 1752, 1300, 1566, 931]"
3576,"[1769, 1795, 1704, 1705, 1627]"
3577,"[692, 113, 890, 451, 112]"
3578,"[1705, 1704, 584, 1759, 1493]"
3579,"[1044, 291, 1910, 292, 1533]"
3580,"[102, 1025, 937, 159, 89]"
3581,"[97, 96, 1746, 98, 1533]"
3582,"[291, 1924, 1025, 937, 1907]"
3583,"[437, 89, 410, 1202, 1727]"
3584,"[1659, 1750, 89, 1202, 410]"
3585,"[409, 102, 1617, 1059, 1746]"
3586,"[1903, 1557, 164, 1520, 928]"
3587,"[1044, 1300, 935, 168, 1746]"
3588,"[1795, 1704, 1705, 920, 1627]"
3589,"[1202, 410, 112, 102, 1746]"
3590,"[1740, 1759, 1746, 98, 96]"
3591,"[1653, 1070, 1044, 1927, 676]"
3592,"[113, 920, 1627, 1025, 937]"
3593,"[1537, 1705, 1704, 1550, 728]"
3594,"[1705, 1704, 62, 115, 1752]"
3595,"[353, 1071, 344, 126, 289]"
3596,"[1133, 421, 1909, 1025, 937]"
3597,"[1907, 1807, 926, 171, 1275]"
3598,"[1202, 410, 692, 171, 1924]"
3599,"[1176, 1173, 344, 781, 1740]"
3600,"[890, 112, 1713, 425, 98]"
3601,"[425, 1651, 289, 1925, 1073]"
3602,"[1160, 1627, 1899, 124, 1904]"
3603,"[1071, 1627, 1899, 1025, 937]"
3604,"[1705, 1768, 1769, 1761, 1760]"
3605,"[1705, 1193, 1899, 1530, 1904]"
3606,"[1740, 1202, 410, 928, 1699]"
3607,"[1030, 341, 701, 675, 210]"
3608,"[1768, 1775, 1926, 1920, 1899]"
3609,"[1090, 124, 1924, 60, 1526]"
3610,"[89, 692, 1899, 98, 1610]"
3611,"[615, 1561, 1899, 1025, 937]"
3612,"[339, 696, 676, 98, 97]"
3613,"[1536, 424, 866, 1828, 1833]"
3614,"[1704, 1705, 1205, 271, 1044]"
3615,"[1768, 1899, 1910, 1627, 1775]"
3616,"[696, 425, 1713, 410, 1202]"
3617,"[1526, 1899, 928, 419, 1905]"
3618,"[1637, 919, 163, 926, 175]"
3619,"[1618, 408, 116, 1619, 171]"
3620,"[1762, 1752, 1760, 980, 1775]"
3621,"[1760, 1761, 1924, 1899, 692]"
3622,"[89, 1202, 410, 1025, 937]"
3623,"[1704, 1705, 1909, 1193, 1627]"
3624,"[1025, 937, 921, 159, 1762]"
3625,"[338, 1638, 1899, 1713, 1521]"
3626,"[89, 1202, 410, 926, 1042]"
3627,"[1926, 1178, 1045, 1042, 1035]"
3628,"[1204, 329, 1720, 1695, 926]"
3629,"[1193, 1025, 937, 159, 920]"
3630,"[195, 937, 987, 200, 154]"
3631,"[1680, 928, 675, 1775, 1675]"
3632,"[1763, 922, 1202, 410, 1025]"
3633,"[89, 1071, 1025, 937, 159]"
3634,"[116, 1758, 1030, 1029, 1028]"
3635,"[1030, 144, 1031, 1027, 179]"
3636,"[89, 1910, 1899, 1193, 455]"
3637,"[89, 1299, 1775, 896, 1675]"
3638,"[89, 1043, 1193, 615, 1025]"
3639,"[1907, 1924, 165, 1202, 410]"
3640,"[1907, 1899, 1904, 1627, 1025]"
3641,"[1147, 1175, 1705, 1704, 1032]"
3642,"[441, 1191, 1064, 692, 1600]"
3643,"[1526, 1910, 60, 1762, 451]"
3644,"[1705, 1907, 109, 1192, 1753]"
3645,"[1070, 454, 116, 1904, 455]"
3646,"[109, 1277, 1627, 1192, 1899]"
3647,"[1705, 1704, 89, 1921, 1610]"
3648,"[124, 1704, 1705, 335, 922]"
3649,"[1025, 937, 159, 1704, 1705]"
3650,"[1705, 1704, 1762, 1904, 922]"
3651,"[1726, 1921, 1192, 451, 1638]"
3652,"[1758, 116, 1275, 449, 1705]"
3653,"[124, 1746, 1904, 102, 96]"
3654,"[692, 1070, 116, 455, 1904]"
3655,"[1916, 1064, 424, 289, 1030]"
3656,"[1758, 1762, 1904, 447, 1899]"
3657,"[1147, 1899, 1904, 1638, 1070]"
3658,"[1769, 1611, 922, 125, 451]"
3659,"[819, 1762, 1705, 928, 1147]"
3660,"[124, 1627, 1899, 1904, 102]"
3661,"[441, 819, 1904, 1762, 922]"
3662,"[102, 98, 97, 96, 409]"
3663,"[1705, 1704, 1904, 922, 1899]"
3664,"[1192, 455, 1611, 451, 1662]"
3665,"[1705, 1704, 819, 1899, 1904]"
3666,"[451, 1904, 1705, 1704, 1761]"
3667,"[1907, 1762, 1904, 96, 98]"
3668,"[116, 692, 114, 1192, 890]"
3669,"[1907, 1762, 1758, 102, 96]"
3670,"[1726, 846, 1277, 692, 922]"
3671,"[89, 1536, 1907, 1904, 102]"
3672,"[375, 1762, 1758, 1705, 989]"
3673,"[1915, 1536, 1704, 1705, 1073]"
3674,"[1025, 937, 159, 1705, 1704]"
3675,"[409, 97, 96, 98, 102]"
3676,"[1299, 1676, 435, 113, 878]"
3677,"[1705, 1704, 1904, 1899, 1277]"
3678,"[1704, 1705, 96, 97, 98]"
3679,"[1704, 116, 1098, 1064, 1192]"
3680,"[1704, 106, 1032, 1705, 1899]"
3681,"[1704, 1705, 1761, 1760, 1796]"
3682,"[1705, 1704, 1904, 1627, 1899]"
3683,"[359, 1084, 408, 1077, 902]"
3684,"[89, 136, 165, 789, 98]"
3685,"[455, 97, 96, 920, 1675]"
3686,"[1746, 1071, 165, 1196, 1821]"
3687,"[98, 410, 1202, 96, 97]"
3688,"[97, 96, 361, 1310, 1147]"
3689,"[1795, 1753, 788, 1560, 1704]"
3690,"[1131, 1920, 971, 289, 1893]"
3691,"[1301, 1077, 1705, 304, 1704]"
3692,"[360, 220, 1627, 1299, 1899]"
3693,"[1036, 924, 838, 1095, 1700]"
3694,"[1936, 1672, 170, 1705, 1704]"
3695,"[1770, 971, 762, 758, 1677]"
3696,"[701, 1547, 762, 758, 1704]"
3697,"[1131, 1019, 1075, 395, 1516]"
3698,"[1795, 1704, 1915, 1677, 1849]"
3699,"[1131, 1746, 98, 102, 97]"
3700,"[1853, 1837, 1828, 1833, 162]"
3701,"[1077, 376, 1704, 1705, 1865]"
3702,"[1077, 1792, 1791, 1790, 1789]"
3703,"[1094, 1083, 222, 1257, 1935]"
3704,"[98, 1746, 102, 1638, 1829]"
3705,"[1750, 1272, 60, 408, 1676]"
3706,"[1022, 971, 1795, 403, 1704]"
3707,"[1917, 369, 1185, 1619, 1552]"
3708,"[98, 1704, 1638, 692, 97]"
3709,"[409, 1704, 1516, 1027, 1026]"
3710,"[1158, 1028, 1874, 1750, 1076]"
3711,"[1075, 1846, 1817, 1816, 1131]"
3712,"[1704, 1202, 410, 1795, 1073]"
3713,"[1880, 1705, 1704, 1753, 990]"
3714,"[1936, 290, 60, 1704, 1705]"
3715,"[287, 147, 145, 1060, 916]"
3716,"[98, 97, 96, 449, 1269]"
3717,"[395, 89, 1933, 1202, 410]"
3718,"[1677, 1250, 1076, 915, 97]"
3719,"[359, 351, 1925, 1131, 97]"
3720,"[1290, 1705, 1704, 1776, 1757]"
3721,"[979, 292, 677, 1073, 1603]"
3722,"[1837, 1833, 1828, 163, 1865]"
3723,"[1147, 455, 1050, 989, 416]"
3724,"[1700, 126, 89, 102, 1746]"
3725,"[440, 676, 1155, 1705, 1704]"
3726,"[359, 1795, 1915, 1748, 140]"
3727,"[89, 1907, 409, 1068, 1627]"
3728,"[89, 1913, 1745, 1616, 1774]"
3729,"[98, 1193, 1910, 113, 1909]"
3730,"[89, 1907, 1924, 113, 1899]"
3731,"[1922, 1897, 1907, 1526, 175]"
3732,"[1704, 1705, 1627, 1753, 1899]"
3733,"[164, 89, 1526, 1025, 937]"
3734,"[1922, 1897, 1526, 89, 166]"
3735,"[1280, 966, 618, 1246, 1761]"
3736,"[89, 164, 1025, 937, 159]"
3737,"[409, 89, 1627, 920, 113]"
3738,"[89, 98, 415, 1753, 1910]"
3739,"[1924, 98, 97, 96, 441]"
3740,"[409, 270, 1922, 1897, 89]"
3741,"[1071, 1909, 113, 1193, 1025]"
3742,"[1704, 1795, 1068, 1118, 1762]"
3743,"[409, 1627, 89, 1907, 112]"
3744,"[89, 1526, 1753, 1705, 1085]"
3745,"[89, 1705, 1704, 1750, 165]"
3746,"[1915, 1526, 1064, 919, 929]"
3747,"[1907, 89, 927, 1704, 1705]"
3748,"[1587, 1627, 463, 465, 467]"
3749,"[1907, 89, 164, 1526, 98]"
3750,"[1526, 113, 164, 920, 89]"
3751,"[1922, 1897, 1907, 1526, 1627]"
3752,"[165, 113, 921, 937, 1025]"
3753,"[89, 1922, 1897, 1905, 1627]"
3754,"[166, 1907, 1526, 938, 925]"
3755,"[296, 1790, 435, 1758, 1761]"
3756,"[89, 1907, 165, 98, 409]"
3757,"[1760, 1761, 956, 1905, 1627]"
3758,"[1775, 1769, 113, 1627, 1753]"
3759,"[1899, 1526, 1907, 1887, 97]"
3760,"[89, 1753, 1910, 1704, 1627]"
3761,"[89, 1526, 98, 409, 1627]"
3762,"[98, 97, 96, 102, 1526]"
3763,"[828, 1936, 1761, 1760, 1773]"
3764,"[1795, 435, 89, 1760, 1118]"
3765,"[1071, 1068, 1063, 1896, 1069]"
3766,"[1613, 1025, 937, 159, 165]"
3767,"[1025, 937, 159, 1910, 89]"
3768,"[1753, 1705, 1704, 1752, 214]"
3769,"[409, 1915, 677, 1899, 1627]"
3770,"[1071, 1627, 878, 1899, 1613]"
3771,"[1924, 1904, 289, 1899, 1192]"
3772,"[344, 318, 1705, 989, 959]"
3773,"[98, 1627, 97, 96, 89]"
3774,"[1545, 113, 60, 171, 114]"
3775,"[1540, 97, 98, 96, 1654]"
3776,"[289, 1064, 866, 1907, 692]"
3777,"[989, 1704, 1705, 878, 415]"
3778,"[1705, 1627, 1704, 1899, 1025]"
3779,"[1064, 1147, 819, 862, 440]"
3780,"[451, 1924, 1907, 1275, 692]"
3781,"[1899, 409, 97, 96, 98]"
3782,"[89, 1907, 926, 1272, 435]"
3783,"[335, 1040, 341, 928, 98]"
3784,"[1746, 878, 1070, 435, 98]"
3785,"[1147, 1705, 1704, 1899, 1275]"
3786,"[1924, 435, 1070, 413, 1638]"
3787,"[1705, 1704, 1857, 1852, 1708]"
3788,"[449, 1147, 1275, 1899, 1705]"
3789,"[1936, 1566, 464, 688, 650]"
3790,"[1704, 1705, 1899, 89, 1025]"
3791,"[1924, 451, 694, 89, 441]"
3792,"[1705, 1704, 451, 989, 1800]"
3793,"[334, 1654, 1910, 335, 1202]"
3794,"[1705, 1704, 413, 989, 1762]"
3795,"[1795, 1907, 171, 1550, 89]"
3796,"[1147, 346, 116, 1610, 451]"
3797,"[1904, 926, 89, 1638, 171]"
3798,"[692, 1704, 1705, 440, 1899]"
3799,"[1705, 1704, 1064, 1803, 1062]"
3800,"[1746, 1030, 165, 781, 1070]"
3801,"[1069, 924, 164, 1636, 438]"
3802,"[1713, 289, 1741, 1705, 1704]"
3803,"[1036, 778, 1676, 433, 1298]"
3804,"[165, 164, 692, 89, 98]"
3805,"[1746, 1705, 1704, 289, 1160]"
3806,"[90, 688, 1202, 410, 174]"
3807,"[1887, 1885, 98, 1299, 789]"
3808,"[1704, 1705, 1070, 291, 890]"
3809,"[1753, 1885, 1202, 410, 1654]"
3810,"[1040, 1627, 1905, 1070, 441]"
3811,"[1705, 1746, 102, 656, 97]"
3812,"[1704, 1705, 291, 1070, 451]"
3813,"[1772, 1147, 1064, 451, 1275]"
3814,"[1041, 140, 1753, 333, 145]"
3815,"[349, 97, 96, 1193, 1907]"
3816,"[89, 98, 1762, 1705, 1704]"
3817,"[1179, 1178, 782, 1738, 1147]"
3818,"[1526, 1922, 1897, 1926, 89]"
3819,"[207, 978, 971, 970, 955]"
3820,"[1552, 1147, 89, 116, 412]"
3821,"[203, 1566, 1769, 1570, 989]"
3822,"[677, 688, 1758, 1762, 590]"
3823,"[1071, 1025, 937, 159, 1193]"
3824,"[435, 1659, 1317, 1299, 403]"
3825,"[1907, 1033, 1025, 937, 159]"
3826,"[1202, 1916, 1926, 98, 97]"
3827,"[328, 1907, 164, 1202, 410]"
3828,"[1775, 1768, 1041, 956, 1704]"
3829,"[323, 1907, 1297, 1910, 1899]"
3830,"[98, 89, 920, 97, 101]"
3831,"[290, 1936, 1866, 441, 1705]"
3832,"[1526, 166, 89, 927, 409]"
3833,"[165, 207, 976, 974, 973]"
3834,"[328, 1202, 410, 1297, 89]"
3835,"[1025, 937, 159, 919, 409]"
3836,"[1907, 1746, 620, 470, 1025]"
3837,"[203, 341, 63, 761, 1745]"
3838,"[1922, 1897, 1526, 928, 1536]"
3839,"[1526, 89, 1899, 1907, 1922]"
3840,"[98, 97, 96, 1746, 89]"
3841,"[207, 978, 209, 208, 971]"
3842,"[1069, 938, 937, 932, 929]"
3843,"[1907, 89, 1025, 937, 159]"
3844,"[1772, 188, 1703, 1709, 1705]"
3845,"[1065, 113, 165, 89, 98]"
3846,"[166, 89, 165, 1297, 1066]"
3847,"[1705, 1704, 98, 890, 112]"
3848,"[1166, 1171, 1727, 389, 1046]"
3849,"[620, 470, 171, 1915, 920]"
3850,"[165, 1566, 79, 926, 1659]"
3851,"[925, 1033, 465, 1529, 1616]"
3852,"[165, 1907, 318, 89, 1033]"
3853,"[328, 1566, 435, 1713, 1178]"
3854,"[1727, 1178, 125, 1907, 113]"
3855,"[1297, 1897, 1922, 409, 989]"
3856,"[706, 1733, 739, 164, 165]"
3857,"[166, 1907, 1727, 164, 165]"
3858,"[190, 1202, 410, 1025, 937]"
3859,"[882, 793, 749, 1670, 1313]"
3860,"[73, 961, 2, 3, 435]"
3861,"[1746, 102, 749, 760, 762]"
3862,"[73, 749, 1320, 1675, 902]"
3863,"[1705, 1704, 403, 749, 73]"
3864,"[1544, 409, 165, 164, 98]"
3865,"[140, 1085, 1803, 1705, 1704]"
3866,"[97, 98, 96, 1746, 102]"
3867,"[1670, 867, 1616, 985, 1320]"
3868,"[1788, 1787, 1786, 749, 1791]"
3869,"[1076, 1068, 1143, 1048, 985]"
3870,"[749, 4, 1320, 211, 111]"
3871,"[3, 606, 199, 273, 1752]"
3872,"[2, 3, 1761, 192, 618]"
3873,"[1713, 1746, 102, 1025, 937]"
3874,"[1916, 1713, 1616, 350, 915]"
3875,"[102, 1746, 925, 98, 97]"
3876,"[73, 985, 1675, 902, 1918]"
3877,"[1705, 961, 1803, 1796, 1085]"
3878,"[1118, 1704, 172, 919, 1752]"
3879,"[73, 1752, 1742, 1096, 1761]"
3880,"[1937, 1705, 435, 1758, 1704]"
3881,"[1076, 1118, 1068, 985, 1704]"
3882,"[4, 73, 1758, 1705, 816]"
3883,"[280, 1742, 192, 1649, 314]"
3884,"[4, 961, 1758, 435, 1085]"
3885,"[1936, 170, 1670, 749, 923]"
3886,"[4, 961, 1705, 1762, 1758]"
3887,"[1792, 1789, 1790, 1791, 628]"
3888,"[275, 280, 961, 136, 1705]"
3889,"[961, 29, 1762, 1758, 435]"
3890,"[923, 1746, 102, 1670, 96]"
3891,"[163, 165, 164, 102, 1746]"
3892,"[96, 98, 97, 1746, 102]"
3893,"[466, 1611, 455, 1746, 621]"
3894,"[1713, 1631, 882, 881, 880]"
3895,"[749, 4, 63, 1836, 1098]"
3896,"[794, 4, 126, 1762, 1758]"
3897,"[1091, 349, 1705, 1704, 361]"
3898,"[1202, 410, 409, 1746, 1916]"
3899,"[118, 1649, 424, 1705, 1320]"
3900,"[1525, 108, 211, 1752, 980]"
3901,"[1202, 410, 496, 1616, 1713]"
3902,"[390, 1747, 865, 863, 466]"
3903,"[1746, 102, 1885, 187, 1795]"
3904,"[165, 98, 97, 96, 922]"
3905,"[1936, 462, 171, 464, 458]"
3906,"[890, 112, 89, 1843, 1842]"
3907,"[409, 1655, 1746, 102, 1025]"
3908,"[1030, 89, 165, 1196, 1202]"
3909,"[164, 1817, 1816, 1520, 1704]"
3910,"[1041, 165, 96, 97, 1196]"
3911,"[165, 920, 1045, 175, 176]"
3912,"[339, 954, 165, 89, 1885]"
3913,"[165, 1025, 937, 159, 758]"
3914,"[97, 98, 96, 1676, 1675]"
3915,"[676, 956, 97, 96, 866]"
3916,"[928, 166, 985, 98, 97]"
3917,"[695, 161, 1540, 1202, 410]"
3918,"[126, 904, 344, 647, 1143]"
3919,"[1025, 937, 159, 319, 165]"
3920,"[920, 1885, 1887, 1704, 692]"
3921,"[620, 470, 124, 1924, 98]"
3922,"[165, 1202, 1907, 670, 410]"
3923,"[1713, 925, 1540, 161, 1202]"
3924,"[1073, 98, 97, 96, 1885]"
3925,"[1810, 1837, 1833, 1828, 97]"
3926,"[290, 122, 1122, 136, 98]"
3927,"[1025, 937, 159, 165, 676]"
3928,"[670, 166, 165, 926, 1202]"
3929,"[121, 1117, 921, 1040, 1030]"
3930,"[165, 410, 1202, 1909, 926]"
3931,"[165, 164, 171, 89, 98]"
3932,"[1073, 878, 334, 175, 1904]"
3933,"[1776, 1757, 628, 1040, 956]"
3934,"[1924, 459, 163, 461, 1309]"
3935,"[1146, 1168, 332, 1699, 1727]"
3936,"[1025, 937, 159, 1202, 1029]"
3937,"[1299, 925, 985, 1036, 1193]"
3938,"[1458, 1705, 1704, 1025, 1202]"
3939,"[1025, 937, 159, 165, 925]"
3940,"[437, 925, 1648, 731, 728]"
3941,"[1746, 89, 1025, 937, 159]"
3942,"[788, 695, 1299, 1885, 925]"
3943,"[1121, 98, 97, 96, 342]"
3944,"[670, 265, 1298, 1261, 1260]"
3945,"[1025, 937, 159, 1202, 410]"
3946,"[1040, 1043, 670, 1290, 1762]"
3947,"[1666, 435, 985, 212, 984]"
3948,"[1666, 1026, 1676, 1675, 1299]"
3949,"[1257, 1746, 165, 289, 1250]"
3950,"[1064, 692, 1746, 102, 782]"
3951,"[1666, 292, 1073, 1676, 1675]"
3952,"[1915, 1651, 408, 921, 1055]"
3953,"[728, 902, 1255, 1299, 292]"
3954,"[1042, 1026, 928, 1202, 410]"
3955,"[408, 620, 470, 670, 1301]"
3956,"[1915, 670, 1202, 410, 737]"
3957,"[925, 1875, 670, 921, 1704]"
3958,"[1666, 1649, 1638, 1054, 615]"
3959,"[1044, 1043, 1041, 1039, 1038]"
3960,"[1705, 1704, 1832, 1919, 985]"
3961,"[1927, 1616, 128, 925, 1118]"
3962,"[1874, 187, 1026, 1202, 410]"
3963,"[1026, 1705, 1008, 327, 286]"
3964,"[327, 408, 1299, 403, 902]"
3965,"[808, 1073, 403, 985, 1704]"
3966,"[410, 1202, 1675, 470, 620]"
3967,"[1026, 1820, 1819, 1818, 1817]"
3968,"[1915, 925, 1077, 1705, 1704]"
3969,"[408, 327, 1632, 1025, 937]"
3970,"[165, 98, 97, 96, 1202]"
3971,"[1626, 759, 615, 1081, 675]"
3972,"[1666, 1026, 1649, 1271, 728]"
3973,"[1672, 1029, 1915, 165, 1202]"
3974,"[851, 1836, 1873, 1865, 1823]"
3975,"[1666, 1042, 1202, 410, 670]"
3976,"[1077, 1298, 1257, 1649, 1865]"
3977,"[937, 159, 1025, 1026, 1590]"
3978,"[731, 89, 1196, 773, 165]"
3979,"[1150, 1099, 165, 971, 1046]"
3980,"[918, 1075, 971, 1077, 358]"
3981,"[1092, 1753, 34, 1133, 1704]"
3982,"[902, 1185, 1029, 1675, 1041]"
3983,"[1659, 1053, 727, 1839, 1885]"
3984,"[1030, 1915, 408, 1032, 926]"
3985,"[925, 1202, 410, 1196, 920]"
3986,"[1782, 1781, 1798, 1799, 1147]"
3987,"[1026, 969, 972, 206, 976]"
3988,"[925, 175, 1029, 1041, 1030]"
3989,"[1907, 1087, 1041, 692, 1029]"
3990,"[1086, 1298, 677, 1098, 450]"
3991,"[1915, 926, 1044, 1043, 1039]"
3992,"[1649, 692, 1746, 102, 762]"
3993,"[1073, 926, 1617, 164, 921]"
3994,"[165, 125, 410, 1202, 1677]"
3995,"[165, 171, 603, 920, 1659]"
3996,"[1810, 1706, 1257, 1299, 410]"
3997,"[980, 937, 159, 1025, 1299]"
3998,"[1705, 1704, 141, 60, 212]"
3999,"[1135, 670, 171, 1659, 1030]"
4000,"[1915, 79, 259, 165, 670]"
4001,"[1202, 410, 670, 1659, 1037]"
4002,"[1051, 1520, 670, 1135, 1037]"
4003,"[1148, 1077, 1829, 1827, 998]"
4004,"[1915, 165, 1704, 1680, 171]"
4005,"[1037, 1030, 1035, 1672, 168]"
4006,"[670, 410, 1202, 175, 984]"
4007,"[959, 108, 1055, 1630, 1680]"
4008,"[1705, 1704, 728, 1051, 98]"
4009,"[1924, 670, 380, 1037, 925]"
4010,"[1066, 1746, 728, 670, 1202]"
4011,"[211, 1054, 222, 408, 998]"
4012,"[1321, 165, 403, 670, 1202]"
4013,"[926, 1066, 125, 165, 1618]"
4014,"[125, 960, 215, 140, 958]"
4015,"[924, 1536, 424, 171, 125]"
4016,"[1041, 1028, 1027, 1044, 1043]"
4017,"[166, 935, 937, 920, 929]"
4018,"[1918, 1075, 221, 358, 1055]"
4019,"[959, 1592, 688, 1913, 751]"
4020,"[658, 1549, 409, 629, 165]"
4021,"[440, 165, 1677, 89, 1915]"
4022,"[1141, 1014, 164, 175, 163]"
4023,"[1133, 1184, 1924, 1158, 164]"
4024,"[1131, 1310, 1130, 1518, 1077]"
4025,"[925, 97, 98, 96, 1269]"
4026,"[199, 958, 1344, 149, 917]"
4027,"[408, 1344, 1915, 292, 1916]"
4028,"[1041, 360, 1299, 152, 1025]"
4029,"[165, 1025, 937, 159, 1060]"
4030,"[924, 176, 919, 934, 931]"
4031,"[197, 165, 1202, 410, 926]"
4032,"[1147, 98, 1073, 97, 96]"
4033,"[1753, 1705, 1704, 1037, 403]"
4034,"[1196, 1676, 89, 1677, 1297]"
4035,"[1936, 926, 1750, 1202, 410]"
4036,"[1807, 1916, 1700, 921, 165]"
4037,"[1301, 1025, 937, 159, 165]"
4038,"[165, 1025, 937, 159, 164]"
4039,"[165, 89, 1704, 773, 1812]"
4040,"[265, 1133, 377, 1918, 979]"
4041,"[1836, 1865, 1029, 1873, 1862]"
4042,"[1025, 159, 937, 165, 163]"
4043,"[1920, 677, 1766, 1704, 922]"
4044,"[175, 1899, 1526, 164, 1922]"
4045,"[1916, 620, 470, 165, 1875]"
4046,"[164, 1025, 937, 159, 165]"
4047,"[1705, 677, 165, 1301, 1025]"
4048,"[1705, 455, 984, 211, 985]"
4049,"[1025, 937, 159, 971, 1065]"
4050,"[1915, 1297, 1344, 171, 1676]"
4051,"[219, 952, 1073, 728, 926]"
4052,"[165, 170, 920, 1025, 937]"
4053,"[1030, 1536, 1825, 403, 1041]"
4054,"[1761, 1760, 1915, 1310, 1135]"
4055,"[1936, 1202, 410, 1025, 937]"
4056,"[365, 993, 403, 149, 322]"
4057,"[1025, 937, 159, 165, 1528]"
4058,"[615, 1916, 165, 1588, 1907]"
4059,"[171, 1659, 1936, 1676, 1202]"
4060,"[938, 934, 931, 928, 925]"
4061,"[260, 926, 1746, 1297, 1907]"
4062,"[1906, 1916, 615, 1196, 410]"
4063,"[1025, 937, 159, 1936, 1638]"
4064,"[165, 937, 159, 1025, 921]"
4065,"[1025, 937, 159, 1617, 165]"
4066,"[102, 921, 409, 1193, 1528]"
4067,"[1202, 410, 1025, 937, 159]"
4068,"[1676, 1906, 1528, 675, 920]"
4069,"[1915, 677, 171, 1196, 923]"
4070,"[1321, 958, 918, 959, 136]"
4071,"[1906, 1043, 1086, 615, 1920]"
4072,"[1915, 1825, 1041, 1916, 1870]"
4073,"[98, 97, 96, 926, 1885]"
4074,"[915, 377, 964, 952, 1105]"
4075,"[926, 675, 1202, 410, 1907]"
4076,"[1018, 1704, 956, 136, 361]"
4077,"[707, 1651, 1705, 1704, 334]"
4078,"[1043, 1638, 1920, 1025, 937]"
4079,"[1033, 924, 985, 149, 980]"
4080,"[1917, 408, 1050, 1566, 1705]"
4081,"[1790, 1791, 1792, 1793, 6]"
4082,"[959, 1761, 1760, 728, 929]"
4083,"[165, 408, 1915, 128, 1050]"
4084,"[1760, 1761, 929, 172, 892]"
4085,"[1033, 1746, 1299, 1025, 937]"
4086,"[25, 195, 441, 1068, 1063]"
4087,"[935, 1659, 207, 978, 976]"
4088,"[165, 920, 164, 1196, 409]"
4089,"[272, 270, 274, 273, 136]"
4090,"[959, 165, 1018, 211, 984]"
4091,"[1750, 165, 1907, 1727, 89]"
4092,"[1160, 164, 985, 1202, 410]"
4093,"[935, 165, 320, 937, 159]"
4094,"[409, 1704, 318, 1705, 149]"
4095,"[1050, 408, 1675, 165, 1659]"
4096,"[319, 728, 1648, 731, 985]"
4097,"[259, 1164, 1793, 1792, 1258]"
4098,"[695, 1750, 1202, 410, 1299]"
4099,"[1001, 165, 1033, 1746, 98]"
4100,"[165, 89, 959, 408, 985]"
4101,"[1756, 821, 1721, 1761, 1800]"
4102,"[441, 1753, 300, 442, 63]"
4103,"[165, 408, 1659, 1299, 126]"
4104,"[688, 692, 1724, 1721, 216]"
4105,"[165, 1193, 1036, 929, 172]"
4106,"[1001, 861, 1068, 1063, 148]"
4107,"[207, 165, 408, 956, 1659]"
4108,"[175, 408, 1746, 1907, 165]"
4109,"[97, 96, 98, 1193, 1659]"
4110,"[1049, 1019, 408, 125, 1299]"
4111,"[408, 1675, 60, 165, 1272]"
4112,"[1033, 1916, 1035, 70, 297]"
4113,"[959, 931, 172, 929, 1646]"
4114,"[738, 1068, 1063, 911, 199]"
4115,"[165, 164, 89, 920, 408]"
4116,"[1915, 128, 1064, 1552, 937]"
4117,"[151, 165, 211, 1299, 190]"
4118,"[151, 165, 1750, 979, 212]"
4119,"[1637, 211, 1752, 980, 1705]"
4120,"[959, 408, 728, 297, 1746]"
4121,"[1750, 1675, 408, 1637, 890]"
4122,"[151, 728, 1649, 1648, 731]"
4123,"[1705, 1704, 165, 670, 171]"
4124,"[1915, 60, 1705, 1704, 98]"
4125,"[1197, 1014, 619, 265, 1147]"
4126,"[1705, 670, 1037, 1202, 410]"
4127,"[1915, 1147, 165, 1675, 408]"
4128,"[1915, 408, 1916, 1344, 1592]"
4129,"[1933, 1202, 410, 1727, 1244]"
4130,"[165, 171, 920, 1042, 670]"
4131,"[1042, 34, 1030, 1704, 211]"
4132,"[116, 1916, 408, 1675, 112]"
4133,"[165, 670, 98, 97, 96]"
4134,"[1680, 1042, 985, 1924, 929]"
4135,"[165, 171, 1675, 1272, 408]"
4136,"[1041, 34, 1030, 1037, 424]"
4137,"[1705, 1704, 166, 265, 996]"
4138,"[1272, 1202, 410, 670, 60]"
4139,"[1133, 34, 1344, 1488, 1026]"
4140,"[1917, 408, 1902, 1926, 1042]"
4141,"[1915, 98, 1042, 344, 890]"
4142,"[150, 1672, 223, 1651, 1915]"
4143,"[1721, 1592, 759, 752, 1853]"
4144,"[1926, 116, 408, 171, 1915]"
4145,"[424, 1536, 618, 1752, 1154]"
4146,"[1030, 1704, 670, 1041, 89]"
4147,"[165, 1820, 1819, 1818, 1817]"
4148,"[670, 1705, 255, 165, 1659]"
4149,"[1042, 98, 96, 97, 1677]"
4150,"[1561, 1560, 698, 1704, 1073]"
4151,"[989, 1912, 670, 192, 215]"
4152,"[165, 1202, 410, 1677, 1297]"
4153,"[1043, 670, 926, 1042, 164]"
4154,"[1915, 618, 1705, 1704, 424]"
4155,"[1042, 1619, 165, 98, 97]"
4156,"[1704, 1202, 410, 670, 165]"
4157,"[1915, 1706, 165, 60, 89]"
4158,"[1148, 1915, 692, 165, 60]"
4159,"[1257, 1133, 286, 1026, 1919]"
4160,"[219, 359, 1077, 376, 1705]"
4161,"[1758, 1259, 1253, 856, 1705]"
4162,"[1180, 922, 1916, 98, 1202]"
4163,"[1030, 1061, 1536, 165, 1916]"
4164,"[1915, 60, 1193, 1680, 1536]"
4165,"[1915, 1344, 1721, 1488, 1704]"
4166,"[1041, 165, 1536, 1520, 1907]"
4167,"[1014, 692, 410, 1202, 165]"
4168,"[1014, 1008, 1131, 765, 675]"
4169,"[849, 1705, 1704, 1014, 912]"
4170,"[1915, 101, 1676, 1202, 410]"
4171,"[1014, 692, 98, 1648, 97]"
4172,"[1049, 978, 976, 974, 973]"
4173,"[989, 1762, 1758, 440, 1273]"
4174,"[526, 1134, 530, 594, 1896]"
4175,"[1014, 1154, 1046, 758, 410]"
4176,"[98, 97, 96, 451, 1617]"
4177,"[1592, 1338, 1706, 441, 849]"
4178,"[1014, 89, 440, 1025, 937]"
4179,"[1250, 1298, 386, 1045, 955]"
4180,"[1014, 1659, 900, 97, 96]"
4181,"[1014, 657, 722, 1866, 1649]"
4182,"[978, 209, 208, 976, 974]"
4183,"[1014, 1272, 1042, 900, 1261]"
4184,"[1592, 1929, 98, 670, 1202]"
4185,"[1825, 130, 1769, 1820, 1815]"
4186,"[862, 886, 1705, 1704, 1041]"
4187,"[1723, 1705, 1704, 480, 108]"
4188,"[1705, 1704, 1723, 243, 480]"
4189,"[1014, 138, 89, 692, 1831]"
4190,"[408, 1750, 1915, 60, 692]"
4191,"[1042, 1025, 937, 159, 1724]"
4192,"[1705, 1704, 796, 211, 480]"
4193,"[1706, 1704, 1915, 408, 1048]"
4194,"[125, 1675, 408, 60, 1915]"
4195,"[350, 1014, 1677, 1835, 1831]"
4196,"[98, 1042, 1014, 97, 96]"
4197,"[1014, 604, 739, 722, 771]"
4198,"[1014, 926, 125, 410, 60]"
4199,"[1014, 692, 1250, 1025, 937]"
4200,"[1915, 773, 159, 1025, 937]"
4201,"[98, 480, 1014, 97, 96]"
4202,"[1042, 862, 1592, 692, 1193]"
4203,"[1704, 929, 172, 896, 37]"
4204,"[1025, 937, 159, 921, 1193]"
4205,"[175, 921, 1592, 1304, 1014]"
4206,"[1705, 1661, 1577, 479, 626]"
4207,"[97, 96, 1014, 419, 1560]"
4208,"[98, 1272, 1014, 97, 96]"
4209,"[165, 376, 688, 164, 1249]"
4210,"[1936, 98, 1915, 1677, 1704]"
4211,"[1052, 1055, 980, 271, 1205]"
4212,"[222, 165, 1105, 259, 1810]"
4213,"[290, 985, 149, 403, 728]"
4214,"[922, 981, 980, 979, 213]"
4215,"[922, 290, 1193, 985, 980]"
4216,"[165, 1750, 613, 101, 416]"
4217,"[259, 211, 1055, 1052, 1049]"
4218,"[408, 1750, 1299, 101, 165]"
4219,"[922, 957, 990, 122, 1873]"
4220,"[165, 171, 920, 1915, 726]"
4221,"[995, 165, 164, 1809, 985]"
4222,"[408, 1907, 291, 965, 969]"
4223,"[1053, 1205, 990, 989, 988]"
4224,"[1202, 410, 211, 1055, 89]"
4225,"[408, 1299, 222, 1698, 1676]"
4226,"[1042, 165, 1299, 211, 984]"
4227,"[1055, 928, 1299, 403, 1705]"
4228,"[928, 1055, 998, 212, 1202]"
4229,"[914, 1193, 353, 728, 615]"
4230,"[259, 1052, 408, 998, 1249]"
4231,"[1705, 1704, 990, 403, 211]"
4232,"[1053, 1050, 286, 922, 1038]"
4233,"[1053, 1202, 410, 1705, 1704]"
4234,"[985, 984, 983, 982, 981]"
4235,"[222, 1809, 997, 1299, 1676]"
4236,"[259, 984, 211, 165, 408]"
4237,"[607, 670, 1025, 937, 159]"
4238,"[1075, 1007, 998, 260, 259]"
4239,"[995, 1007, 246, 222, 1704]"
4240,"[922, 1034, 164, 1193, 985]"
4241,"[408, 165, 988, 164, 1249]"
4242,"[259, 130, 1680, 912, 205]"
4243,"[408, 1047, 222, 1279, 1185]"
4244,"[1042, 1038, 1666, 1193, 1920]"
4245,"[1916, 256, 1649, 985, 66]"
4246,"[259, 1153, 165, 1249, 657]"
4247,"[271, 1205, 1299, 1055, 197]"
4248,"[1075, 1052, 211, 259, 1054]"
4249,"[922, 985, 1299, 403, 1666]"
4250,"[271, 1205, 255, 1154, 126]"
4251,"[259, 1046, 1592, 1048, 1055]"
4252,"[1055, 408, 984, 212, 211]"
4253,"[1659, 1061, 165, 1299, 403]"
4254,"[922, 353, 1648, 731, 1651]"
4255,"[1915, 171, 1676, 1916, 1147]"
4256,"[108, 1037, 1690, 1916, 216]"
4257,"[1302, 1825, 1824, 1303, 1809]"
4258,"[1043, 1659, 405, 1054, 1920]"
4259,"[1659, 1202, 410, 1704, 1705]"
4260,"[1918, 979, 211, 985, 911]"
4261,"[408, 1041, 1915, 1651, 433]"
4262,"[921, 925, 938, 919, 928]"
4263,"[408, 1030, 1915, 1344, 1916]"
4264,"[408, 1649, 1666, 1185, 990]"
4265,"[724, 1704, 1705, 211, 980]"
4266,"[1026, 921, 925, 928, 159]"
4267,"[677, 851, 1729, 778, 1550]"
4268,"[1202, 410, 1030, 1675, 692]"
4269,"[1825, 1030, 1137, 60, 1147]"
4270,"[1637, 297, 1916, 692, 1037]"
4271,"[1637, 1915, 435, 1037, 1299]"
4272,"[1026, 1659, 415, 165, 1299]"
4273,"[1705, 1637, 1916, 1037, 670]"
4274,"[1008, 990, 925, 928, 1705]"
4275,"[1651, 408, 1592, 1149, 1299]"
4276,"[1147, 415, 1676, 1916, 1299]"
4277,"[125, 1915, 1676, 1675, 1659]"
4278,"[719, 737, 1705, 1704, 211]"
4279,"[306, 1916, 1038, 670, 1030]"
4280,"[1061, 206, 972, 969, 976]"
4281,"[1915, 408, 1705, 1704, 1746]"
4282,"[140, 148, 145, 916, 913]"
4283,"[1077, 408, 1853, 1637, 1257]"
4284,"[1026, 1915, 408, 1675, 1344]"
4285,"[1027, 297, 1202, 410, 1300]"
4286,"[1666, 1721, 368, 1677, 985]"
4287,"[1705, 1704, 990, 822, 122]"
4288,"[1014, 1073, 1690, 1299, 403]"
4289,"[219, 165, 1014, 926, 1299]"
4290,"[1915, 921, 937, 175, 670]"
4291,"[1704, 1705, 211, 403, 1918]"
4292,"[1915, 773, 408, 171, 920]"
4293,"[1077, 1865, 1136, 265, 1298]"
4294,"[1666, 1042, 1649, 1705, 1704]"
4295,"[1041, 197, 1918, 1025, 159]"
4296,"[677, 1915, 1649, 1300, 921]"
4297,"[1026, 1705, 1704, 929, 211]"
4298,"[1915, 408, 1344, 1704, 433]"
4299,"[616, 310, 618, 1674, 1022]"
4300,"[1866, 1526, 922, 98, 97]"
4301,"[642, 616, 346, 379, 1187]"
4302,"[1272, 1070, 1705, 1704, 98]"
4303,"[211, 777, 1918, 979, 1317]"
4304,"[1704, 1705, 1070, 1899, 1627]"
4305,"[1705, 480, 1675, 902, 111]"
4306,"[692, 164, 1025, 937, 159]"
4307,"[739, 637, 409, 1549, 658]"
4308,"[692, 1144, 60, 1724, 1705]"
4309,"[1070, 1704, 1705, 1924, 1904]"
4310,"[440, 618, 961, 435, 154]"
4311,"[1705, 1704, 1907, 310, 1273]"
4312,"[1704, 408, 692, 60, 1344]"
4313,"[1242, 1704, 1705, 1646, 136]"
4314,"[466, 1309, 424, 1702, 478]"
4315,"[856, 1275, 1704, 1273, 447]"
4316,"[1147, 1273, 447, 1275, 449]"
4317,"[1064, 411, 1282, 1129, 1073]"
4318,"[1704, 1705, 1899, 1638, 1904]"
4319,"[1902, 1705, 1704, 408, 1552]"
4320,"[1249, 783, 1068, 1064, 928]"
4321,"[1144, 455, 783, 1899, 1627]"
4322,"[447, 1273, 114, 449, 116]"
4323,"[1704, 1638, 1705, 1062, 353]"
4324,"[1187, 1728, 441, 1695, 116]"
4325,"[339, 714, 1037, 1704, 713]"
4326,"[108, 1918, 979, 911, 403]"
4327,"[618, 1924, 1070, 1275, 1610]"
4328,"[1030, 1916, 1043, 1636, 438]"
4329,"[1147, 1762, 1758, 989, 1705]"
4330,"[1704, 1705, 1070, 848, 102]"
4331,"[1924, 1899, 1704, 1705, 1904]"
4332,"[136, 137, 275, 272, 1016]"
4333,"[449, 1147, 1067, 1273, 447]"
4334,"[1144, 692, 455, 1899, 1025]"
4335,"[1704, 1104, 1705, 1638, 1899]"
4336,"[1924, 102, 1904, 1910, 1025]"
4337,"[346, 1273, 447, 291, 1164]"
4338,"[1147, 441, 1908, 3, 2]"
4339,"[154, 706, 739, 848, 919]"
4340,"[1147, 1275, 692, 447, 1273]"
4341,"[1130, 1056, 1248, 1698, 265]"
4342,"[440, 258, 678, 379, 1599]"
4343,"[333, 692, 1926, 1070, 1040]"
4344,"[1705, 1704, 1627, 98, 97]"
4345,"[1833, 1828, 1837, 1754, 1866]"
4346,"[1040, 323, 1910, 1704, 1705]"
4347,"[677, 1704, 361, 86, 1654]"
4348,"[98, 97, 96, 1704, 136]"
4349,"[922, 272, 1704, 1705, 86]"
4350,"[1746, 102, 1073, 290, 136]"
4351,"[276, 98, 89, 97, 96]"
4352,"[1167, 281, 290, 1122, 1627]"
4353,"[1700, 433, 1843, 1842, 925]"
4354,"[290, 1756, 203, 136, 191]"
4355,"[165, 171, 89, 1907, 1196]"
4356,"[276, 275, 136, 274, 280]"
4357,"[629, 1627, 1070, 102, 1746]"
4358,"[1915, 1631, 882, 881, 880]"
4359,"[1746, 102, 98, 97, 96]"
4360,"[658, 1865, 1823, 1616, 923]"
4361,"[1770, 281, 665, 409, 1036]"
4362,"[1137, 281, 1762, 1758, 338]"
4363,"[665, 281, 435, 1627, 136]"
4364,"[1746, 1924, 1704, 1705, 440]"
4365,"[275, 280, 281, 98, 97]"
4366,"[102, 98, 1202, 410, 415]"
4367,"[1202, 410, 1073, 628, 290]"
4368,"[1544, 1746, 102, 97, 96]"
4369,"[983, 923, 442, 433, 749]"
4370,"[922, 1526, 276, 1560, 1064]"
4371,"[1746, 102, 1185, 165, 1202]"
4372,"[1837, 1828, 1833, 923, 161]"
4373,"[1025, 937, 159, 124, 1746]"
4374,"[102, 1746, 203, 1704, 1705]"
4375,"[1073, 1540, 1865, 1885, 1068]"
4376,"[113, 114, 1192, 890, 112]"
4377,"[1781, 1799, 1007, 998, 260]"
4378,"[1910, 1070, 1068, 1121, 1705]"
4379,"[665, 658, 1704, 1705, 66]"
4380,"[290, 1740, 273, 1073, 313]"
4381,"[102, 1746, 665, 98, 290]"
4382,"[1866, 1758, 1528, 788, 1592]"
4383,"[281, 98, 1073, 1704, 1705]"
4384,"[1147, 1705, 1704, 1163, 332]"
4385,"[333, 1627, 1299, 1193, 1899]"
4386,"[1147, 333, 707, 319, 1705]"
4387,"[1022, 1145, 618, 660, 1646]"
4388,"[1758, 1762, 1704, 1705, 961]"
4389,"[1649, 863, 1747, 865, 73]"
4390,"[865, 1747, 863, 118, 314]"
4391,"[1747, 865, 863, 313, 314]"
4392,"[658, 102, 1746, 692, 870]"
4393,"[1923, 313, 314, 1770, 1649]"
4394,"[967, 1799, 1798, 1782, 1781]"
4395,"[314, 866, 863, 1036, 290]"
4396,"[1747, 865, 863, 314, 444]"
4397,"[1747, 865, 863, 314, 111]"
4398,"[1747, 863, 865, 314, 1036]"
4399,"[314, 1272, 98, 108, 1727]"
4400,"[899, 1627, 1299, 1073, 313]"
4401,"[1115, 314, 819, 1929, 1923]"
4402,"[1275, 1747, 865, 863, 1081]"
4403,"[118, 165, 1693, 658, 663]"
4404,"[865, 863, 1747, 98, 97]"
4405,"[1747, 863, 865, 920, 878]"
4406,"[1747, 865, 863, 314, 1196]"
4407,"[1073, 313, 864, 1627, 1299]"
4408,"[1747, 865, 863, 164, 922]"
4409,"[1747, 314, 126, 865, 863]"
4410,"[954, 1762, 1758, 1299, 610]"
4411,"[1028, 314, 290, 313, 1073]"
4412,"[1196, 171, 89, 1603, 1677]"
4413,"[314, 126, 865, 1747, 863]"
4414,"[1747, 865, 863, 449, 1275]"
4415,"[926, 289, 1133, 1147, 60]"
4416,"[1923, 864, 865, 863, 1693]"
4417,"[314, 165, 878, 1750, 116]"
4418,"[313, 1747, 865, 863, 314]"
4419,"[313, 1747, 865, 863, 73]"
4420,"[865, 1073, 1196, 773, 1081]"
4421,"[290, 1073, 1116, 314, 1028]"
4422,"[1747, 863, 865, 314, 89]"
4423,"[1747, 863, 865, 1638, 615]"
4424,"[863, 1747, 865, 1275, 1025]"
4425,"[481, 1747, 865, 863, 1272]"
4426,"[1115, 314, 313, 865, 1073]"
4427,"[1747, 865, 863, 314, 313]"
4428,"[314, 865, 1747, 863, 1910]"
4429,"[314, 1036, 165, 926, 878]"
4430,"[1752, 1936, 1866, 1769, 1837]"
4431,"[1907, 1567, 1705, 16, 1611]"
4432,"[455, 1746, 454, 102, 165]"
4433,"[1202, 410, 1067, 1896, 1113]"
4434,"[1924, 1896, 455, 114, 1192]"
4435,"[1526, 1907, 1636, 89, 1567]"
4436,"[1636, 455, 16, 1567, 454]"
4437,"[1907, 1705, 1704, 1761, 454]"
4438,"[1636, 455, 454, 1277, 16]"
4439,"[1299, 1025, 937, 159, 467]"
4440,"[1896, 455, 98, 97, 96]"
4441,"[1924, 455, 1636, 438, 114]"
4442,"[535, 1705, 16, 1567, 1704]"
4443,"[114, 1064, 890, 112, 1070]"
4444,"[455, 1567, 16, 1277, 114]"
4445,"[1035, 535, 862, 1705, 1040]"
4446,"[454, 455, 16, 114, 1611]"
4447,"[1636, 1899, 102, 455, 454]"
4448,"[455, 454, 1705, 1147, 461]"
4449,"[16, 1567, 1910, 1705, 1704]"
4450,"[1750, 1025, 937, 159, 1567]"
4451,"[455, 454, 114, 1899, 1192]"
4452,"[1567, 1299, 1896, 1727, 1070]"
4453,"[455, 454, 16, 114, 1627]"
4454,"[455, 454, 1567, 114, 878]"
4455,"[1611, 1705, 16, 463, 454]"
4456,"[922, 455, 1567, 1910, 98]"
4457,"[455, 454, 114, 1567, 16]"
4458,"[455, 454, 16, 114, 1192]"
4459,"[811, 1157, 467, 114, 465]"
4460,"[1071, 1748, 868, 922, 921]"
4461,"[1567, 455, 454, 1726, 16]"
4462,"[375, 1704, 1705, 1772, 1147]"
4463,"[1705, 16, 1704, 1567, 114]"
4464,"[98, 97, 96, 1070, 455]"
4465,"[455, 454, 1567, 1899, 1627]"
4466,"[455, 454, 451, 114, 16]"
4467,"[1067, 1704, 1769, 1705, 106]"
4468,"[1924, 1750, 106, 16, 1192]"
4469,"[1705, 1704, 461, 1070, 931]"
4470,"[1899, 1299, 1910, 455, 454]"
4471,"[1627, 89, 1070, 455, 454]"
4472,"[1637, 878, 114, 16, 1147]"
4473,"[1705, 16, 1567, 467, 465]"
4474,"[455, 454, 1762, 291, 1899]"
4475,"[1613, 692, 102, 1904, 409]"
4476,"[705, 1705, 1704, 480, 1723]"
4477,"[1746, 98, 97, 96, 102]"
4478,"[455, 102, 1042, 878, 1750]"
4479,"[1607, 1659, 98, 97, 96]"
4480,"[692, 1157, 1070, 730, 1627]"
4481,"[1705, 1704, 1872, 1795, 1675]"
4482,"[106, 1896, 1567, 1705, 98]"
4483,"[98, 97, 96, 124, 1904]"
4484,"[1705, 1704, 1761, 1907, 1557]"
4485,"[89, 101, 1746, 98, 113]"
4486,"[1567, 1705, 1192, 1704, 455]"
4487,"[374, 1705, 1704, 1870, 1753]"
4488,"[1636, 1613, 372, 438, 1025]"
4489,"[1704, 1761, 1769, 1705, 1567]"
4490,"[1704, 1769, 1567, 1760, 1761]"
4491,"[1249, 1904, 1907, 106, 1618]"
4492,"[98, 97, 96, 1269, 1298]"
4493,"[1896, 97, 96, 1705, 1704]"
4494,"[368, 900, 97, 96, 1724]"
4495,"[1613, 291, 1530, 1904, 1636]"
4496,"[1607, 435, 97, 96, 692]"
4497,"[1924, 108, 1721, 1249, 692]"
4498,"[1704, 1567, 1907, 409, 1705]"
4499,"[124, 98, 97, 96, 102]"
4500,"[1085, 1704, 1758, 424, 372]"
4501,"[1249, 165, 926, 1196, 60]"
4502,"[1705, 1704, 1273, 1762, 447]"
4503,"[259, 1277, 1637, 1705, 1704]"
4504,"[1705, 1704, 1762, 1758, 290]"
4505,"[481, 1249, 926, 1750, 1875]"
4506,"[1896, 97, 96, 89, 164]"
4507,"[372, 677, 1753, 1792, 1791]"
4508,"[760, 136, 1677, 1557, 1761]"
4509,"[1557, 374, 409, 1607, 1277]"
4510,"[1896, 1613, 409, 1904, 102]"
4511,"[1613, 164, 1636, 859, 1270]"
4512,"[1042, 1157, 1907, 102, 1627]"
4513,"[60, 1750, 1299, 410, 1202]"
4514,"[102, 1904, 372, 1025, 937]"
4515,"[1704, 1705, 435, 1607, 98]"
4516,"[688, 1526, 1705, 98, 409]"
4517,"[1025, 937, 159, 89, 921]"
4518,"[688, 1907, 677, 98, 97]"
4519,"[775, 774, 427, 618, 1575]"
4520,"[1788, 1787, 1786, 310, 1792]"
4521,"[332, 1695, 603, 634, 39]"
4522,"[1572, 1544, 50, 98, 1272]"
4523,"[328, 393, 1037, 1134, 1022]"
4524,"[28, 435, 98, 412, 40]"
4525,"[341, 28, 23, 27, 1203]"
4526,"[1936, 1863, 1240, 418, 1828]"
4527,"[28, 1627, 1638, 17, 1899]"
4528,"[359, 367, 98, 692, 165]"
4529,"[961, 1085, 435, 1803, 1758]"
4530,"[1022, 700, 1121, 605, 435]"
4531,"[1762, 1880, 441, 108, 1794]"
4532,"[692, 1291, 1627, 1899, 341]"
4533,"[938, 934, 931, 928, 919]"
4534,"[256, 1730, 792, 533, 49]"
4535,"[1705, 1082, 303, 435, 618]"
4536,"[1704, 641, 1705, 1163, 630]"
4537,"[1064, 1273, 447, 449, 1761]"
4538,"[1288, 36, 9, 60, 28]"
4539,"[1102, 28, 1627, 17, 1899]"
4540,"[1761, 1760, 1586, 1277, 1053]"
4541,"[1102, 1627, 1638, 1899, 306]"
4542,"[120, 28, 17, 603, 15]"
4543,"[739, 341, 713, 692, 1012]"
4544,"[995, 618, 1795, 989, 222]"
4545,"[40, 1068, 1063, 606, 688]"
4546,"[28, 618, 1790, 1155, 1568]"
4547,"[443, 1750, 1039, 1021, 304]"
4548,"[1936, 1863, 28, 878, 806]"
4549,"[28, 1291, 1102, 25, 1188]"
4550,"[1761, 1762, 359, 1758, 284]"
4551,"[1796, 1082, 303, 1795, 1761]"
4552,"[1795, 1704, 128, 673, 455]"
4553,"[285, 1022, 1029, 1175, 751]"
4554,"[751, 1720, 765, 663, 633]"
4555,"[126, 1320, 985, 1733, 1575]"
4556,"[437, 1786, 304, 349, 1704]"
4557,"[1157, 125, 1762, 1627, 185]"
4558,"[1203, 618, 7, 25, 34]"
4559,"[1750, 28, 692, 98, 97]"
4560,"[1023, 1881, 116, 114, 1697]"
4561,"[1083, 287, 98, 1662, 1275]"
4562,"[441, 1761, 1760, 774, 1733]"
4563,"[1704, 1705, 1760, 1761, 1772]"
4564,"[1902, 199, 408, 1766, 692]"
4565,"[98, 1249, 657, 823, 1916]"
4566,"[1071, 1748, 1704, 868, 124]"
4567,"[1675, 1676, 1915, 1303, 1196]"
4568,"[1064, 1915, 112, 1552, 1543]"
4569,"[878, 1795, 1913, 424, 1752]"
4570,"[1064, 333, 1528, 1526, 1489]"
4571,"[1929, 408, 926, 1299, 1916]"
4572,"[408, 1675, 1916, 1910, 890]"
4573,"[1750, 1263, 1255, 1638, 692]"
4574,"[1147, 1202, 410, 98, 782]"
4575,"[1907, 1924, 1075, 163, 1051]"
4576,"[1750, 1640, 1202, 410, 1299]"
4577,"[408, 1675, 1750, 1676, 603]"
4578,"[1675, 1185, 1900, 408, 1676]"
4579,"[1627, 1926, 1899, 1905, 1025]"
4580,"[440, 634, 427, 1760, 1758]"
4581,"[1907, 1588, 1041, 1899, 1155]"
4582,"[1675, 1185, 408, 1915, 890]"
4583,"[1014, 1066, 60, 1300, 1202]"
4584,"[1924, 307, 308, 1704, 1274]"
4585,"[424, 1073, 1795, 1675, 902]"
4586,"[1064, 643, 101, 1112, 440]"
4587,"[1025, 937, 159, 919, 96]"
4588,"[1915, 165, 1795, 890, 112]"
4589,"[618, 1030, 1825, 1705, 1704]"
4590,"[1926, 1675, 1344, 1915, 112]"
4591,"[148, 140, 145, 1044, 147]"
4592,"[1915, 1637, 449, 1659, 165]"
4593,"[424, 1752, 347, 1753, 1072]"
4594,"[451, 615, 440, 1637, 1638]"
4595,"[1185, 1902, 1001, 289, 1040]"
4596,"[101, 112, 1910, 1746, 102]"
4597,"[1526, 409, 1899, 98, 97]"
4598,"[97, 96, 379, 98, 1607]"
4599,"[409, 1526, 106, 95, 1904]"
4600,"[1178, 1030, 1066, 403, 1917]"
4601,"[1677, 1750, 438, 89, 1202]"
4602,"[60, 1536, 106, 116, 890]"
4603,"[1675, 408, 1915, 1552, 890]"
4604,"[1030, 1066, 1910, 1299, 1915]"
4605,"[902, 1705, 1704, 46, 296]"
4606,"[890, 112, 1192, 878, 1904]"
4607,"[98, 1675, 1677, 1704, 1705]"
4608,"[431, 1087, 1279, 294, 1522]"
4609,"[1807, 1690, 1269, 1073, 1299]"
4610,"[1825, 1916, 34, 1831, 1810]"
4611,"[1653, 97, 98, 96, 1925]"
4612,"[294, 1299, 1677, 1704, 897]"
4613,"[1915, 1750, 1676, 890, 112]"
4614,"[1081, 1087, 431, 294, 433]"
4615,"[615, 1916, 1906, 1279, 1271]"
4616,"[1272, 449, 900, 1298, 1261]"
4617,"[1185, 1344, 89, 408, 1081]"
4618,"[441, 1899, 1704, 1705, 1638]"
4619,"[128, 223, 1749, 66, 1915]"
4620,"[938, 921, 1100, 923, 161]"
4621,"[97, 96, 1299, 98, 125]"
4622,"[1257, 1936, 1638, 1295, 1920]"
4623,"[1915, 379, 692, 1202, 410]"
4624,"[1139, 1753, 1186, 855, 1140]"
4625,"[294, 1086, 1269, 323, 1279]"
4626,"[1279, 722, 294, 1299, 603]"
4627,"[1811, 1810, 1915, 1789, 1792]"
4628,"[1921, 1279, 1202, 410, 1915]"
4629,"[1750, 1279, 125, 926, 1196]"
4630,"[1202, 410, 125, 124, 102]"
4631,"[1076, 1106, 73, 985, 1023]"
4632,"[1819, 1814, 1812, 1815, 1811]"
4633,"[1915, 1611, 1913, 851, 1192]"
4634,"[1550, 1677, 1704, 1759, 1832]"
4635,"[1659, 1279, 1299, 902, 1202]"
4636,"[1271, 615, 1193, 309, 1087]"
4637,"[1752, 1185, 1915, 1077, 1690]"
4638,"[1936, 1638, 433, 1295, 1087]"
4639,"[1030, 296, 1147, 1178, 1704]"
4640,"[1128, 341, 387, 335, 1197]"
4641,"[125, 1915, 1014, 773, 455]"
4642,"[1579, 1412, 1438, 502, 1494]"
4643,"[306, 1102, 1659, 1299, 449]"
4644,"[1277, 435, 1196, 89, 1202]"
4645,"[1677, 1676, 1675, 1746, 98]"
4646,"[1659, 1750, 302, 297, 294]"
4647,"[98, 435, 97, 96, 1299]"
4648,"[1279, 60, 1916, 603, 510]"
4649,"[694, 466, 1750, 1695, 603]"
4650,"[1795, 1135, 1098, 450, 1077]"
4651,"[1118, 1705, 1704, 688, 1273]"
4652,"[284, 1727, 441, 297, 1705]"
4653,"[1915, 98, 818, 1519, 1733]"
4654,"[1902, 451, 616, 427, 687]"
4655,"[1077, 1865, 1027, 1117, 1041]"
4656,"[938, 1761, 643, 215, 1781]"
4657,"[1796, 350, 1068, 1616, 663]"
4658,"[1552, 1273, 447, 1118, 1746]"
4659,"[1076, 433, 823, 1256, 1105]"
4660,"[526, 98, 1310, 1028, 41]"
4661,"[677, 1298, 1690, 415, 126]"
4662,"[575, 1485, 1490, 514, 1468]"
4663,"[1705, 1790, 1789, 1791, 1792]"
4664,"[1055, 705, 97, 302, 902]"
4665,"[922, 1937, 1705, 1704, 985]"
4666,"[96, 97, 435, 618, 1627]"
4667,"[46, 1097, 34, 1918, 979]"
4668,"[1796, 1803, 1916, 1758, 297]"
4669,"[1185, 1902, 1866, 408, 1344]"
4670,"[692, 728, 441, 1041, 56]"
4671,"[1677, 46, 1887, 591, 1116]"
4672,"[1704, 1796, 1705, 1795, 1268]"
4673,"[97, 96, 128, 1915, 1536]"
4674,"[677, 1704, 1758, 1705, 314]"
4675,"[1915, 98, 60, 454, 455]"
4676,"[1937, 435, 1261, 1260, 1259]"
4677,"[1516, 1704, 60, 1037, 403]"
4678,"[1700, 60, 980, 170, 1704]"
4679,"[1050, 610, 405, 926, 1202]"
4680,"[1828, 1837, 1833, 1820, 1815]"
4681,"[128, 46, 811, 1715, 346]"
4682,"[1021, 435, 1705, 1704, 1727]"
4683,"[675, 97, 98, 1607, 435]"
4684,"[1075, 1096, 1073, 1036, 1051]"
4685,"[271, 1186, 154, 142, 1705]"
4686,"[1795, 342, 1705, 1704, 170]"
4687,"[1300, 642, 1655, 657, 1279]"
4688,"[1900, 1791, 1793, 1792, 1790]"
4689,"[1313, 1875, 1918, 979, 1795]"
4690,"[878, 1915, 113, 89, 101]"
4691,"[1659, 676, 663, 449, 1783]"
4692,"[1649, 1837, 1833, 1828, 1752]"
4693,"[1900, 745, 958, 1795, 1279]"
4694,"[671, 657, 1649, 664, 1750]"
4695,"[205, 154, 152, 148, 147]"
4696,"[1654, 1042, 739, 709, 1653]"
4697,"[1704, 1877, 1570, 1705, 29]"
4698,"[1936, 1762, 1895, 1758, 1287]"
4699,"[675, 1044, 1630, 432, 959]"
4700,"[1704, 1570, 1705, 1877, 1015]"
4701,"[960, 1675, 1916, 442, 125]"
4702,"[1907, 165, 113, 920, 89]"
4703,"[1167, 397, 1178, 1011, 1910]"
4704,"[1042, 1638, 1914, 1909, 1613]"
4705,"[724, 935, 168, 921, 89]"
4706,"[1769, 1727, 34, 1570, 934]"
4707,"[441, 343, 290, 1895, 1936]"
4708,"[1570, 677, 1705, 912, 1704]"
4709,"[125, 1915, 1704, 1914, 1530]"
4710,"[670, 911, 165, 1297, 175]"
4711,"[605, 1697, 1727, 1699, 1696]"
4712,"[441, 1727, 931, 924, 934]"
4713,"[934, 931, 924, 920, 176]"
4714,"[1762, 1758, 1082, 303, 1246]"
4715,"[1759, 106, 702, 1044, 1704]"
4716,"[1134, 454, 678, 185, 67]"
4717,"[934, 931, 924, 920, 176]"
4718,"[441, 959, 1918, 979, 403]"
4719,"[290, 966, 191, 193, 950]"
4720,"[1570, 1752, 1759, 111, 793]"
4721,"[1015, 1785, 1570, 1875, 1704]"
4722,"[1273, 447, 1488, 816, 802]"
4723,"[1258, 73, 950, 189, 949]"
4724,"[441, 290, 442, 959, 1270]"
4725,"[1895, 1877, 1704, 1287, 1705]"
4726,"[30, 1164, 1773, 468, 705]"
4727,"[379, 1157, 1607, 1185, 1650]"
4728,"[1570, 34, 1769, 1915, 108]"
4729,"[1065, 73, 1792, 1791, 618]"
4730,"[1570, 928, 675, 1303, 761]"
4731,"[188, 935, 168, 1895, 931]"
4732,"[1705, 1704, 1936, 733, 1785]"
4733,"[441, 415, 1299, 410, 1202]"
4734,"[1210, 1936, 1213, 1403, 527]"
4735,"[455, 1677, 165, 97, 96]"
4736,"[1570, 1704, 912, 135, 34]"
4737,"[945, 82, 379, 943, 3]"
4738,"[1704, 1705, 441, 343, 1304]"
4739,"[1761, 1760, 919, 478, 1762]"
4740,"[1704, 1705, 1921, 1270, 1803]"
4741,"[455, 1915, 890, 112, 116]"
4742,"[408, 116, 1695, 1639, 1917]"
4743,"[1750, 618, 1772, 370, 1710]"
4744,"[1675, 408, 60, 906, 1272]"
4745,"[1133, 1704, 449, 116, 1521]"
4746,"[1185, 1902, 408, 1915, 1552]"
4747,"[116, 455, 1750, 114, 1344]"
4748,"[1761, 1760, 660, 1803, 687]"
4749,"[1746, 102, 1297, 1924, 1610]"
4750,"[1761, 1760, 1704, 1705, 163]"
4751,"[1761, 1924, 1760, 1064, 1907]"
4752,"[314, 292, 1889, 1927, 619]"
4753,"[919, 163, 619, 1753, 1761]"
4754,"[440, 116, 455, 619, 114]"
4755,"[1924, 98, 97, 96, 1746]"
4756,"[455, 466, 1192, 454, 1924]"
4757,"[116, 455, 1924, 1750, 114]"
4758,"[454, 1637, 455, 1610, 44]"
4759,"[1750, 116, 1924, 114, 1695]"
4760,"[1752, 1030, 1073, 1705, 1704]"
4761,"[1762, 1758, 1760, 1761, 1704]"
4762,"[455, 1761, 619, 125, 1312]"
4763,"[175, 164, 921, 1552, 128]"
4764,"[1746, 98, 97, 96, 102]"
4765,"[1750, 692, 1552, 919, 60]"
4766,"[455, 1924, 165, 116, 938]"
4767,"[455, 1761, 1704, 1705, 1760]"
4768,"[1761, 1760, 1704, 1705, 1147]"
4769,"[1526, 1924, 1070, 465, 1610]"
4770,"[455, 114, 116, 60, 1610]"
4771,"[1071, 1014, 1727, 1676, 124]"
4772,"[199, 438, 1636, 619, 455]"
4773,"[1064, 396, 368, 89, 60]"
4774,"[1705, 1704, 1112, 1761, 1760]"
4775,"[1884, 619, 1704, 1772, 16]"
4776,"[455, 1773, 619, 116, 438]"
4777,"[116, 165, 408, 1038, 60]"
4778,"[455, 1112, 1636, 438, 966]"
4779,"[1825, 1753, 1368, 1795, 1302]"
4780,"[455, 116, 114, 1705, 1916]"
4781,"[675, 1183, 1073, 1831, 852]"
4782,"[116, 440, 455, 1762, 1758]"
4783,"[1275, 449, 1913, 1614, 1521]"
4784,"[1773, 1705, 1704, 1761, 1900]"
4785,"[1875, 1704, 1705, 1761, 449]"
4786,"[1772, 361, 1704, 1436, 1753]"
4787,"[1147, 1614, 1521, 1275, 454]"
4788,"[1192, 1695, 1897, 1922, 618]"
4789,"[368, 1750, 1761, 1297, 1147]"
4790,"[327, 441, 108, 1760, 447]"
4791,"[1884, 619, 1197, 468, 438]"
4792,"[1038, 1705, 1704, 359, 1772]"
4793,"[455, 108, 1900, 1695, 1204]"
4794,"[1761, 125, 1536, 116, 1760]"
4795,"[314, 290, 1727, 966, 849]"
4796,"[1062, 1638, 921, 410, 1202]"
4797,"[116, 1192, 1599, 449, 692]"
4798,"[368, 692, 1147, 890, 112]"
4799,"[380, 441, 1521, 1614, 1704]"
4800,"[379, 377, 1704, 1639, 1188]"
4801,"[1704, 800, 380, 1881, 501]"
4802,"[438, 1636, 455, 619, 114]"
4803,"[1599, 98, 97, 96, 1306]"
4804,"[1761, 1297, 1614, 1704, 1760]"
4805,"[440, 1773, 1761, 1113, 1704]"
4806,"[379, 1704, 438, 1636, 1113]"
4807,"[1761, 1760, 435, 1753, 849]"
4808,"[438, 1924, 455, 454, 165]"
4809,"[1761, 1760, 1758, 1704, 1705]"
4810,"[961, 1705, 1704, 435, 1727]"
4811,"[438, 1636, 619, 1884, 1197]"
4812,"[692, 919, 938, 1025, 937]"
4813,"[1636, 438, 1704, 1761, 1760]"
4814,"[1746, 102, 1297, 360, 692]"
4815,"[618, 1758, 1704, 1705, 1594]"
4816,"[441, 380, 1704, 1038, 1800]"
4817,"[438, 1636, 1695, 1907, 424]"
4818,"[1085, 435, 1753, 618, 1627]"
4819,"[441, 1762, 1704, 480, 1790]"
4820,"[1526, 389, 1910, 1760, 441]"
4821,"[1441, 435, 1915, 1761, 1727]"
4822,"[675, 1924, 1273, 1269, 439]"
4823,"[440, 435, 1695, 1727, 1299]"
4824,"[441, 1790, 1800, 1780, 1779]"
4825,"[379, 361, 1023, 1760, 1761]"
4826,"[440, 1761, 1704, 1921, 619]"
4827,"[1704, 1705, 1807, 1071, 365]"
4828,"[1760, 1762, 1758, 1761, 718]"
4829,"[1705, 1249, 1704, 438, 1794]"
4830,"[1927, 204, 203, 198, 197]"
4831,"[1202, 410, 1473, 1636, 1066]"
4832,"[1915, 408, 112, 1677, 1299]"
4833,"[128, 1825, 925, 1616, 741]"
4834,"[165, 1025, 937, 410, 926]"
4835,"[1761, 1758, 1762, 1760, 961]"
4836,"[1185, 1675, 408, 926, 1746]"
4837,"[1185, 1550, 1344, 1807, 1752]"
4838,"[125, 1690, 1177, 1927, 1014]"
4839,"[1202, 410, 906, 1927, 374]"
4840,"[1014, 1915, 128, 1825, 1250]"
4841,"[1915, 408, 1014, 848, 1029]"
4842,"[1202, 410, 1185, 1344, 438]"
4843,"[102, 409, 1025, 937, 159]"
4844,"[1186, 395, 1014, 1617, 353]"
4845,"[102, 409, 924, 1746, 890]"
4846,"[1768, 862, 1704, 1705, 1552]"
4847,"[938, 408, 128, 125, 1675]"
4848,"[1029, 289, 1202, 410, 357]"
4849,"[98, 1924, 890, 112, 1915]"
4850,"[1915, 1344, 1193, 1675, 1921]"
4851,"[1915, 925, 1746, 98, 1713]"
4852,"[108, 1202, 410, 1659, 1651]"
4853,"[342, 1825, 1488, 1704, 1705]"
4854,"[1687, 1265, 1264, 434, 1147]"
4855,"[1677, 925, 1905, 1724, 346]"
4856,"[257, 1915, 292, 1655, 1528]"
4857,"[165, 921, 408, 1202, 410]"
4858,"[102, 1899, 1904, 1775, 1025]"
4859,"[292, 1071, 1558, 851, 1914]"
4860,"[398, 1079, 1250, 773, 924]"
4861,"[165, 1185, 1915, 408, 1675]"
4862,"[1618, 1066, 1887, 1704, 1773]"
4863,"[1915, 1202, 410, 925, 937]"
4864,"[702, 1030, 1916, 1536, 1041]"
4865,"[408, 1185, 1344, 1915, 890]"
4866,"[125, 365, 408, 1915, 692]"
4867,"[98, 97, 102, 1750, 409]"
4868,"[102, 1025, 937, 159, 409]"
4869,"[1915, 1185, 1202, 410, 926]"
4870,"[1675, 1915, 937, 159, 1025]"
4871,"[1549, 739, 1608, 693, 1662]"
4872,"[1733, 60, 1750, 603, 1275]"
4873,"[60, 825, 926, 1727, 1695]"
4874,"[849, 120, 1727, 618, 24]"
4875,"[121, 409, 1116, 314, 1028]"
4876,"[1636, 438, 1087, 1750, 1080]"
4877,"[653, 804, 328, 332, 30]"
4878,"[1924, 693, 1001, 60, 1273]"
4879,"[466, 794, 87, 1924, 468]"
4880,"[1875, 826, 134, 1665, 666]"
4881,"[1161, 1022, 618, 468, 397]"
4882,"[1062, 618, 120, 60, 451]"
4883,"[125, 60, 165, 603, 1272]"
4884,"[1637, 603, 435, 449, 1272]"
4885,"[408, 1018, 1750, 60, 972]"
4886,"[16, 701, 848, 1611, 934]"
4887,"[1549, 1756, 1118, 216, 1733]"
4888,"[1161, 1787, 1786, 1788, 1792]"
4889,"[185, 1875, 772, 661, 30]"
4890,"[120, 1681, 67, 1683, 1000]"
4891,"[466, 1924, 1141, 1611, 60]"
4892,"[120, 678, 603, 67, 60]"
4893,"[120, 165, 1022, 1727, 603]"
4894,"[653, 120, 391, 739, 645]"
4895,"[441, 692, 455, 1157, 1070]"
4896,"[120, 1750, 24, 1727, 449]"
4897,"[120, 67, 693, 60, 682]"
4898,"[65, 1750, 435, 165, 98]"
4899,"[1732, 388, 1918, 979, 211]"
4900,"[1665, 816, 804, 1001, 29]"
4901,"[67, 1750, 1275, 815, 455]"
4902,"[618, 603, 30, 1697, 804]"
4903,"[270, 861, 1677, 638, 125]"
4904,"[322, 408, 401, 1137, 1134]"
4905,"[1127, 1924, 440, 60, 1604]"
4906,"[120, 804, 1647, 1727, 610]"
4907,"[1662, 1017, 692, 165, 164]"
4908,"[1924, 1735, 692, 1275, 1726]"
4909,"[618, 1116, 1022, 397, 328]"
4910,"[1681, 1272, 1683, 1000, 114]"
4911,"[897, 314, 1037, 1116, 290]"
4912,"[1536, 449, 1275, 116, 60]"
4913,"[1924, 1182, 314, 466, 1192]"
4914,"[1732, 1161, 1792, 1791, 1705]"
4915,"[175, 1030, 1147, 1040, 711]"
4916,"[1704, 408, 125, 101, 1269]"
4917,"[1795, 1705, 1704, 211, 1753]"
4918,"[1073, 89, 98, 97, 96]"
4919,"[1025, 937, 921, 159, 164]"
4920,"[868, 1915, 112, 1071, 408]"
4921,"[175, 1193, 98, 782, 1738]"
4922,"[1085, 1704, 1705, 1795, 1097]"
4923,"[920, 171, 89, 165, 113]"
4924,"[170, 1705, 1792, 1791, 1790]"
4925,"[1805, 1749, 1746, 867, 1616]"
4926,"[1704, 1769, 1810, 1851, 1850]"
4927,"[356, 89, 920, 1202, 410]"
4928,"[1704, 1727, 1705, 1299, 1795]"
4929,"[692, 1135, 1202, 410, 1073]"
4930,"[1753, 1836, 1873, 1867, 1832]"
4931,"[164, 1025, 937, 921, 159]"
4932,"[1690, 1299, 1916, 1202, 410]"
4933,"[170, 211, 980, 985, 172]"
4934,"[919, 1025, 937, 159, 921]"
4935,"[371, 1927, 1073, 1155, 1135]"
4936,"[1011, 1030, 97, 96, 1638]"
4937,"[170, 1704, 176, 175, 164]"
4938,"[862, 403, 480, 1918, 979]"
4939,"[1185, 1866, 1828, 1833, 1837]"
4940,"[692, 1102, 1030, 98, 96]"
4941,"[1651, 1753, 1704, 211, 1053]"
4942,"[1705, 1858, 1704, 1795, 1918]"
4943,"[1907, 1046, 89, 1041, 1746]"
4944,"[165, 1914, 862, 819, 211]"
4945,"[988, 1520, 808, 925, 1704]"
4946,"[1185, 1835, 1865, 165, 1823]"
4947,"[1675, 165, 1676, 98, 1659]"
4948,"[116, 113, 1118, 1762, 878]"
4949,"[164, 1025, 937, 921, 159]"
4950,"[164, 1025, 937, 921, 159]"
4951,"[165, 164, 159, 1025, 937]"
4952,"[140, 148, 913, 911, 1704]"
4953,"[878, 1704, 985, 980, 1705]"
4954,"[170, 1872, 172, 1835, 403]"
4955,"[692, 1810, 1706, 1704, 1705]"
4956,"[379, 1727, 220, 1705, 1753]"
4957,"[89, 1753, 416, 1239, 1299]"
4958,"[1257, 1915, 1675, 902, 403]"
4959,"[32, 13, 26, 40, 806]"
4960,"[1126, 1690, 1124, 1136, 1244]"
4961,"[1244, 423, 125, 174, 98]"
4962,"[125, 365, 1705, 1704, 1124]"
4963,"[125, 423, 1244, 165, 920]"
4964,"[677, 1915, 140, 1759, 1675]"
4965,"[1169, 1924, 925, 1672, 168]"
4966,"[1704, 1705, 1915, 125, 1196]"
4967,"[1855, 320, 1676, 1675, 1299]"
4968,"[677, 1098, 450, 1281, 1269]"
4969,"[125, 423, 1244, 603, 1690]"
4970,"[1244, 423, 125, 1690, 902]"
4971,"[125, 1676, 1677, 1825, 1831]"
4972,"[28, 1705, 1704, 911, 1709]"
4973,"[960, 913, 1705, 1704, 1317]"
4974,"[614, 1244, 423, 165, 926]"
4975,"[1705, 125, 1704, 1690, 397]"
4976,"[423, 1244, 125, 1690, 403]"
4977,"[140, 145, 916, 148, 913]"
4978,"[1244, 423, 265, 1695, 412]"
4979,"[423, 1244, 1916, 1705, 1704]"
4980,"[125, 1690, 1705, 1704, 365]"
4981,"[322, 1690, 365, 1705, 1704]"
4982,"[125, 423, 1244, 1705, 1690]"
4983,"[1244, 423, 125, 1690, 1299]"
4984,"[435, 1705, 1762, 1704, 1795]"
4985,"[125, 124, 1637, 60, 1690]"
4986,"[613, 1746, 409, 875, 1299]"
4987,"[97, 928, 1705, 1847, 1845]"
4988,"[365, 1727, 1344, 1298, 1261]"
4989,"[125, 1690, 1792, 1791, 1789]"
4990,"[140, 145, 916, 148, 913]"
4991,"[423, 1244, 125, 1915, 920]"
4992,"[423, 1244, 125, 1690, 1677]"
4993,"[125, 1690, 423, 1244, 1124]"
4994,"[28, 125, 1677, 165, 878]"
4995,"[125, 423, 1244, 1918, 979]"
4996,"[677, 1705, 1858, 1704, 1758]"
4997,"[1244, 423, 125, 1690, 1705]"
4998,"[1827, 1866, 1863, 1936, 1836]"
4999,"[125, 322, 1189, 1637, 1133]"
5000,"[677, 1705, 1670, 1690, 1704]"
5001,"[423, 1244, 1748, 868, 365]"
5002,"[125, 365, 423, 1244, 1690]"
5003,"[1924, 1761, 692, 98, 921]"
5004,"[1915, 124, 408, 89, 60]"
5005,"[1915, 1747, 865, 124, 408]"
5006,"[1784, 1704, 851, 1760, 1795]"
5007,"[1030, 1924, 1147, 1066, 1137]"
5008,"[692, 1165, 1869, 1766, 1147]"
5009,"[692, 125, 1755, 98, 408]"
5010,"[1257, 1062, 1066, 142, 1073]"
5011,"[116, 1705, 408, 114, 60]"
5012,"[1936, 817, 717, 1760, 1752]"
5013,"[1626, 1018, 1066, 329, 1344]"
5014,"[60, 1866, 695, 693, 663]"
5015,"[925, 164, 1915, 921, 175]"
5016,"[1924, 478, 385, 466, 1202]"
5017,"[1704, 1705, 1249, 848, 102]"
5018,"[278, 1560, 1147, 1064, 1040]"
5019,"[1066, 928, 1068, 1062, 862]"
5020,"[1704, 1753, 1766, 1755, 1752]"
5021,"[528, 403, 1704, 1507, 749]"
5022,"[1902, 1921, 344, 408, 1552]"
5023,"[1761, 848, 1752, 433, 1777]"
5024,"[98, 97, 96, 113, 1907]"
5025,"[478, 1705, 1924, 125, 257]"
5026,"[97, 96, 1884, 1309, 1924]"
5027,"[1705, 1766, 116, 1147, 1064]"
5028,"[1043, 692, 878, 1560, 290]"
5029,"[1753, 60, 1924, 1249, 688]"
5030,"[170, 1310, 1705, 1704, 765]"
5031,"[98, 478, 455, 454, 1764]"
5032,"[789, 1766, 1704, 1147, 655]"
5033,"[1704, 1675, 1761, 89, 1793]"
5034,"[1885, 408, 1675, 1915, 1344]"
5035,"[1753, 1705, 1752, 1704, 1524]"
5036,"[1385, 1866, 1344, 1550, 1704]"
5037,"[1257, 1705, 1073, 1344, 862]"
5038,"[98, 97, 1764, 1526, 1924]"
5039,"[294, 382, 443, 1750, 1761]"
5040,"[1704, 341, 528, 1507, 749]"
5041,"[1536, 60, 79, 257, 1915]"
5042,"[289, 1073, 165, 926, 1025]"
5043,"[1915, 175, 938, 921, 1924]"
5044,"[478, 1924, 60, 1705, 1536]"
5045,"[98, 1704, 1705, 1915, 922]"
5046,"[1147, 116, 906, 1915, 1762]"
5047,"[1762, 1758, 1761, 1760, 917]"
5048,"[856, 1721, 1921, 1526, 451]"
5049,"[1705, 1929, 1636, 862, 1721]"
5050,"[102, 1618, 692, 1025, 937]"
5051,"[1704, 1705, 1273, 447, 697]"
5052,"[1705, 1704, 1758, 1636, 1799]"
5053,"[1724, 339, 1721, 692, 1722]"
5054,"[1157, 379, 1098, 110, 1727]"
5055,"[1157, 379, 1190, 110, 1098]"
5056,"[1024, 361, 1202, 410, 1916]"
5057,"[1592, 1043, 438, 1202, 410]"
5058,"[986, 1610, 451, 449, 1192]"
5059,"[361, 1758, 853, 1874, 374]"
5060,"[1098, 368, 1024, 1752, 372]"
5061,"[1762, 1796, 1803, 1761, 1760]"
5062,"[1617, 1760, 1761, 1758, 1762]"
5063,"[108, 1753, 441, 1529, 1899]"
5064,"[1192, 112, 1924, 878, 116]"
5065,"[1536, 1277, 108, 440, 466]"
5066,"[1617, 1761, 1760, 16, 1523]"
5067,"[108, 1761, 1760, 1762, 1617]"
5068,"[1617, 1760, 1761, 1550, 1758]"
5069,"[1722, 692, 1655, 455, 1617]"
5070,"[1761, 1760, 1617, 1246, 961]"
5071,"[441, 301, 1085, 193, 189]"
5072,"[98, 1617, 1523, 454, 1249]"
5073,"[1746, 1141, 1907, 1202, 410]"
5074,"[1722, 1761, 1760, 1655, 1762]"
5075,"[441, 1884, 1899, 1627, 1677]"
5076,"[441, 1112, 455, 1899, 989]"
5077,"[1760, 1761, 1758, 1907, 1896]"
5078,"[1722, 441, 1899, 1627, 455]"
5079,"[1722, 1655, 1760, 989, 1761]"
5080,"[1655, 1713, 1762, 1704, 1761]"
5081,"[1769, 1567, 1705, 1760, 1761]"
5082,"[1762, 1758, 1761, 1760, 1705]"
5083,"[102, 1746, 96, 97, 98]"
5084,"[292, 1705, 1704, 1760, 1761]"
5085,"[811, 1192, 1656, 98, 1638]"
5086,"[1617, 98, 454, 1704, 16]"
5087,"[1884, 1746, 1550, 1025, 937]"
5088,"[1070, 1617, 455, 1567, 1627]"
5089,"[1762, 1617, 1758, 1760, 1761]"
5090,"[98, 1899, 1638, 116, 455]"
5091,"[1722, 1899, 455, 454, 1638]"
5092,"[1722, 1655, 1760, 989, 154]"
5093,"[441, 1070, 454, 1899, 1910]"
5094,"[98, 292, 1617, 16, 1705]"
5095,"[1705, 1655, 1760, 1761, 1704]"
5096,"[292, 900, 1705, 1760, 1761]"
5097,"[188, 1085, 193, 189, 950]"
5098,"[1617, 98, 1760, 1761, 1762]"
5099,"[454, 455, 851, 993, 116]"
5100,"[1617, 1722, 1762, 1758, 1761]"
5101,"[705, 441, 1627, 1899, 1070]"
5102,"[1617, 292, 98, 1705, 1760]"
5103,"[1758, 1070, 89, 440, 455]"
5104,"[1617, 1112, 1070, 455, 1760]"
5105,"[1904, 335, 1899, 1025, 937]"
5106,"[1567, 1896, 1125, 922, 1070]"
5107,"[102, 1025, 937, 159, 409]"
5108,"[1904, 1627, 1025, 937, 159]"
5109,"[1523, 919, 899, 455, 98]"
5110,"[1892, 1627, 1899, 43, 1904]"
5111,"[1073, 1299, 98, 96, 97]"
5112,"[1071, 1627, 1899, 1904, 1025]"
5113,"[1904, 43, 1025, 937, 159]"
5114,"[1627, 1025, 937, 159, 1904]"
5115,"[1655, 341, 819, 1705, 291]"
5116,"[291, 924, 1025, 937, 159]"
5117,"[1070, 1133, 1538, 711, 1556]"
5118,"[113, 335, 1064, 43, 455]"
5119,"[1705, 1924, 1704, 98, 1910]"
5120,"[1067, 1896, 1157, 1899, 98]"
5121,"[1627, 919, 1904, 1064, 1899]"
5122,"[1567, 455, 113, 1627, 1899]"
5123,"[1892, 1627, 1899, 43, 1904]"
5124,"[1025, 937, 159, 1904, 1899]"
5125,"[1627, 924, 1587, 1899, 440]"
5126,"[455, 1904, 1627, 1025, 937]"
5127,"[409, 1904, 102, 1025, 937]"
5128,"[1627, 1904, 455, 124, 1899]"
5129,"[1904, 1899, 1638, 1192, 455]"
5130,"[1745, 341, 819, 291, 1030]"
5131,"[1924, 1904, 1521, 454, 1636]"
5132,"[1704, 1705, 1899, 1147, 1926]"
5133,"[1762, 1241, 1758, 1273, 447]"
5134,"[1924, 1937, 1704, 1705, 1899]"
5135,"[442, 1636, 1758, 1273, 447]"
5136,"[1924, 1112, 1899, 455, 116]"
5137,"[1758, 1924, 1704, 1761, 1705]"
5138,"[113, 1192, 1824, 890, 112]"
5139,"[454, 1637, 455, 1070, 465]"
5140,"[97, 1638, 1192, 1070, 1275]"
5141,"[1073, 1627, 1638, 1904, 102]"
5142,"[1746, 613, 1750, 1192, 102]"
5143,"[1070, 465, 461, 1758, 1704]"
5144,"[292, 98, 1202, 410, 1746]"
5145,"[1746, 171, 89, 101, 1202]"
5146,"[1273, 447, 439, 697, 1275]"
5147,"[291, 1904, 441, 1638, 1192]"
5148,"[860, 1705, 1704, 291, 1192]"
5149,"[1762, 1758, 1704, 1705, 435]"
5150,"[1025, 937, 159, 441, 1275]"
5151,"[1746, 29, 1192, 435, 32]"
5152,"[1297, 1747, 865, 863, 1277]"
5153,"[1776, 1757, 1796, 1744, 679]"
5154,"[1704, 1705, 1085, 1760, 1761]"
5155,"[1705, 1762, 1758, 1085, 1704]"
5156,"[1924, 465, 454, 455, 1192]"
5157,"[60, 1705, 1704, 455, 454]"
5158,"[1762, 1758, 1705, 961, 192]"
5159,"[1912, 1705, 1704, 379, 1752]"
5160,"[454, 888, 1070, 1192, 455]"
5161,"[1762, 1758, 1199, 291, 1705]"
5162,"[1795, 297, 679, 1758, 584]"
5163,"[1750, 1762, 1758, 297, 818]"
5164,"[455, 102, 112, 1533, 1746]"
5165,"[1705, 1704, 1907, 1762, 1758]"
5166,"[1937, 424, 1746, 1246, 1704]"
5167,"[1070, 1758, 291, 46, 1762]"
5168,"[1750, 1533, 1070, 409, 112]"
5169,"[1758, 1746, 112, 1904, 1638]"
5170,"[1913, 1758, 584, 1246, 1705]"
5171,"[1636, 438, 1762, 1758, 1192]"
5172,"[1913, 676, 1025, 937, 159]"
5173,"[1904, 455, 454, 291, 1704]"
5174,"[1649, 1758, 1762, 1727, 1705]"
5175,"[1705, 1704, 454, 1523, 455]"
5176,"[29, 435, 1192, 1758, 412]"
5177,"[1758, 1904, 291, 455, 441]"
5178,"[455, 451, 449, 116, 1275]"
5179,"[410, 102, 925, 1713, 175]"
5180,"[440, 1924, 1656, 125, 435]"
5181,"[1776, 1757, 679, 829, 1744]"
5182,"[454, 461, 1745, 1671, 1616]"
5183,"[856, 572, 540, 552, 560]"
5184,"[675, 98, 1299, 164, 773]"
5185,"[440, 114, 1695, 1916, 60]"
5186,"[1705, 1704, 1504, 297, 1299]"
5187,"[1790, 1789, 441, 1769, 1705]"
5188,"[1705, 1761, 1758, 385, 1910]"
5189,"[164, 921, 1761, 528, 1507]"
5190,"[1750, 613, 599, 24, 415]"
5191,"[1924, 462, 464, 461, 1070]"
5192,"[1674, 164, 165, 159, 1025]"
5193,"[807, 455, 1913, 116, 114]"
5194,"[1042, 1758, 1924, 216, 1746]"
5195,"[164, 297, 1916, 921, 1299]"
5196,"[1760, 297, 175, 1758, 703]"
5197,"[1434, 441, 538, 1299, 1272]"
5198,"[1756, 1763, 1193, 164, 1724]"
5199,"[1507, 89, 528, 171, 1758]"
5200,"[1776, 1757, 677, 1879, 1752]"
5201,"[62, 817, 1752, 679, 802]"
5202,"[1924, 1306, 462, 714, 467]"
5203,"[98, 409, 89, 676, 1887]"
5204,"[1761, 441, 1299, 1257, 1750]"
5205,"[361, 1721, 60, 1915, 788]"
5206,"[1761, 297, 1299, 1916, 1300]"
5207,"[126, 1310, 688, 462, 460]"
5208,"[165, 919, 409, 1050, 478]"
5209,"[1750, 1912, 297, 1761, 1916]"
5210,"[878, 1077, 1135, 925, 1616]"
5211,"[1120, 454, 461, 1070, 383]"
5212,"[1761, 1760, 1727, 1070, 98]"
5213,"[1915, 98, 1677, 171, 89]"
5214,"[1705, 1762, 1758, 1704, 297]"
5215,"[331, 1865, 1862, 379, 1704]"
5216,"[1760, 1758, 175, 164, 921]"
5217,"[164, 921, 1761, 297, 1916]"
5218,"[1244, 423, 1306, 466, 60]"
5219,"[1796, 1803, 961, 1085, 1705]"
5220,"[1758, 175, 164, 921, 1761]"
5221,"[1704, 1705, 1753, 1524, 1034]"
5222,"[1674, 1705, 1783, 1704, 1317]"
5223,"[163, 116, 906, 1695, 1907]"
5224,"[1758, 1705, 1704, 1762, 1936]"
5225,"[314, 663, 424, 1705, 1704]"
5226,"[43, 44, 439, 440, 692]"
5227,"[695, 1202, 410, 925, 937]"
5228,"[170, 98, 1746, 97, 96]"
5229,"[1526, 1064, 1155, 890, 112]"
5230,"[862, 1042, 1567, 1753, 1761]"
5231,"[1733, 89, 773, 440, 435]"
5232,"[799, 1753, 1704, 985, 43]"
5233,"[1907, 1025, 937, 159, 165]"
5234,"[1528, 1526, 1866, 1935, 1616]"
5235,"[1746, 102, 1910, 1907, 112]"
5236,"[1030, 928, 919, 175, 98]"
5237,"[1904, 1025, 937, 159, 1899]"
5238,"[1916, 1025, 937, 159, 1746]"
5239,"[922, 1257, 124, 1904, 819]"
5240,"[1904, 919, 89, 1064, 922]"
5241,"[1587, 113, 1627, 1899, 962]"
5242,"[1904, 1613, 409, 878, 1025]"
5243,"[1904, 98, 96, 102, 922]"
5244,"[1904, 1025, 937, 159, 1910]"
5245,"[1907, 1025, 937, 159, 409]"
5246,"[1915, 409, 102, 1526, 1202]"
5247,"[1904, 919, 1899, 922, 89]"
5248,"[1904, 919, 1192, 922, 1910]"
5249,"[1904, 922, 919, 925, 175]"
5250,"[1907, 113, 890, 89, 878]"
5251,"[1655, 1704, 1550, 164, 1752]"
5252,"[666, 89, 654, 663, 633]"
5253,"[89, 1899, 1025, 937, 159]"
5254,"[1904, 1909, 1025, 937, 159]"
5255,"[1904, 919, 922, 1025, 937]"
5256,"[919, 175, 124, 922, 862]"
5257,"[937, 159, 164, 165, 1025]"
5258,"[89, 1904, 113, 878, 1025]"
5259,"[919, 1904, 1746, 1899, 1672]"
5260,"[1904, 919, 89, 922, 1899]"
5261,"[409, 96, 97, 1907, 171]"
5262,"[1907, 113, 89, 1025, 937]"
5263,"[1612, 165, 1300, 1907, 926]"
5264,"[1915, 925, 934, 931, 928]"
5265,"[1761, 1760, 1273, 447, 1766]"
5266,"[1907, 1534, 171, 89, 165]"
5267,"[1155, 1907, 171, 1275, 1610]"
5268,"[405, 1924, 1196, 175, 165]"
5269,"[1904, 89, 1783, 175, 819]"
5270,"[60, 922, 124, 102, 408]"
5271,"[1866, 759, 752, 1672, 922]"
5272,"[1001, 1915, 1698, 408, 125]"
5273,"[60, 1073, 789, 1036, 1193]"
5274,"[749, 1720, 165, 926, 98]"
5275,"[148, 145, 913, 921, 916]"
5276,"[1125, 788, 108, 925, 1820]"
5277,"[1552, 1543, 1637, 165, 171]"
5278,"[1040, 1130, 1518, 98, 97]"
5279,"[749, 1872, 1863, 677, 1867]"
5280,"[1130, 102, 1746, 96, 98]"
5281,"[462, 1638, 1899, 1904, 1192]"
5282,"[251, 249, 248, 1685, 1012]"
5283,"[97, 98, 102, 1746, 1646]"
5284,"[97, 98, 96, 102, 1746]"
5285,"[925, 1700, 1706, 629, 98]"
5286,"[1118, 171, 1121, 1915, 1758]"
5287,"[1902, 102, 1746, 98, 96]"
5288,"[1713, 102, 1746, 925, 760]"
5289,"[1130, 1646, 124, 1698, 878]"
5290,"[878, 102, 1746, 96, 98]"
5291,"[1130, 1040, 102, 1746, 124]"
5292,"[1525, 1129, 1752, 126, 97]"
5293,"[60, 1915, 408, 620, 470]"
5294,"[1746, 98, 96, 97, 102]"
5295,"[1746, 102, 98, 97, 96]"
5296,"[1746, 102, 98, 97, 96]"
5297,"[629, 60, 408, 1202, 410]"
5298,"[1915, 124, 1130, 922, 1025]"
5299,"[102, 1746, 1130, 1040, 1676]"
5300,"[1073, 171, 98, 97, 96]"
5301,"[1810, 1706, 1817, 1816, 98]"
5302,"[1040, 1130, 917, 1704, 265]"
5303,"[98, 96, 97, 102, 1746]"
5304,"[1124, 1750, 1713, 97, 692]"
5305,"[124, 922, 1746, 1299, 1739]"
5306,"[98, 1746, 102, 97, 96]"
5307,"[1197, 1041, 1202, 410, 126]"
5308,"[1700, 1040, 126, 265, 1829]"
5309,"[1705, 1704, 1863, 1810, 1767]"
5310,"[1902, 408, 1552, 1185, 1073]"
5311,"[1900, 124, 716, 125, 60]"
5312,"[1902, 98, 97, 96, 102]"
5313,"[663, 656, 653, 642, 637]"
5314,"[1915, 926, 60, 408, 125]"
5315,"[924, 920, 1193, 164, 922]"
5316,"[1202, 410, 1068, 1257, 154]"
5317,"[1675, 112, 890, 1748, 1030]"
5318,"[165, 924, 728, 408, 1659]"
5319,"[1915, 1133, 259, 1520, 175]"
5320,"[761, 1257, 1193, 292, 615]"
5321,"[1102, 1705, 1704, 1732, 1186]"
5322,"[1185, 1915, 408, 1675, 1676]"
5323,"[1338, 1706, 165, 921, 1592]"
5324,"[914, 1202, 410, 1659, 201]"
5325,"[79, 67, 1911, 1637, 1666]"
5326,"[851, 1915, 1098, 450, 1704]"
5327,"[101, 112, 408, 890, 89]"
5328,"[924, 1659, 1202, 410, 415]"
5329,"[1202, 410, 1672, 1916, 302]"
5330,"[1043, 165, 920, 410, 1202]"
5331,"[1915, 618, 1202, 410, 97]"
5332,"[1041, 728, 1648, 731, 1651]"
5333,"[1185, 1833, 1837, 1828, 1915]"
5334,"[1680, 1911, 1659, 728, 185]"
5335,"[980, 925, 1118, 290, 985]"
5336,"[1044, 106, 1620, 890, 112]"
5337,"[939, 912, 288, 164, 1051]"
5338,"[424, 1536, 1277, 321, 1913]"
5339,"[179, 1676, 1675, 1299, 902]"
5340,"[408, 1592, 1680, 1705, 1704]"
5341,"[327, 728, 1648, 731, 1924]"
5342,"[1659, 1488, 1915, 1202, 410]"
5343,"[154, 1758, 1068, 1066, 1705]"
5344,"[302, 297, 294, 924, 1746]"
5345,"[924, 1202, 410, 1250, 1046]"
5346,"[98, 1550, 1073, 782, 1202]"
5347,"[1915, 89, 1526, 878, 1907]"
5348,"[165, 1548, 1820, 1819, 1818]"
5349,"[1746, 937, 980, 919, 929]"
5350,"[265, 1915, 1865, 236, 237]"
5351,"[270, 207, 728, 165, 1705]"
5352,"[956, 1066, 938, 925, 761]"
5353,"[924, 334, 154, 1659, 89]"
5354,"[1706, 920, 408, 922, 1552]"
5355,"[1915, 112, 890, 1064, 676]"
5356,"[1915, 1592, 125, 773, 60]"
5357,"[408, 1185, 920, 1148, 1733]"
5358,"[440, 1274, 1899, 1627, 1638]"
5359,"[997, 1758, 1085, 435, 154]"
5360,"[1249, 1798, 1799, 1782, 1781]"
5361,"[455, 449, 1639, 451, 116]"
5362,"[390, 1070, 116, 1638, 455]"
5363,"[1637, 692, 1607, 89, 1762]"
5364,"[961, 435, 371, 1082, 303]"
5365,"[1769, 1270, 1705, 1761, 947]"
5366,"[1932, 435, 961, 413, 1317]"
5367,"[1900, 890, 112, 60, 1915]"
5368,"[862, 1894, 886, 108, 1147]"
5369,"[1705, 1704, 997, 587, 1881]"
5370,"[1272, 98, 97, 96, 449]"
5371,"[1862, 65, 1936, 1735, 1565]"
5372,"[1705, 1917, 149, 1280, 1257]"
5373,"[164, 1025, 937, 159, 165]"
5374,"[1704, 1746, 1557, 1721, 108]"
5375,"[928, 78, 1705, 1704, 1918]"
5376,"[692, 440, 1157, 677, 435]"
5377,"[1900, 1185, 878, 1705, 1137]"
5378,"[1769, 1705, 1704, 149, 388]"
5379,"[440, 688, 692, 1894, 1083]"
5380,"[678, 165, 692, 440, 435]"
5381,"[1187, 1900, 435, 1271, 1760]"
5382,"[1921, 114, 888, 7, 1275]"
5383,"[1157, 1536, 440, 89, 451]"
5384,"[97, 96, 926, 435, 1659]"
5385,"[1704, 1705, 1762, 1516, 441]"
5386,"[1491, 928, 1814, 1813, 1705]"
5387,"[1104, 1637, 1304, 1298, 1086]"
5388,"[1799, 1798, 1782, 1781, 371]"
5389,"[1705, 1704, 435, 1761, 1760]"
5390,"[1900, 1762, 101, 890, 697]"
5391,"[1185, 1137, 1159, 1916, 1133]"
5392,"[1760, 1761, 1789, 116, 1790]"
5393,"[1705, 1704, 1866, 1766, 116]"
5394,"[440, 451, 1125, 616, 1762]"
5395,"[1753, 361, 1035, 1155, 101]"
5396,"[1752, 1753, 1887, 1769, 1704]"
5397,"[1705, 1762, 435, 371, 18]"
5398,"[1131, 98, 1550, 1558, 292]"
5399,"[108, 107, 1552, 1344, 1750]"
5400,"[1101, 1723, 1097, 1704, 111]"
5401,"[1837, 1833, 1828, 341, 1603]"
5402,"[1796, 1704, 751, 1803, 961]"
5403,"[168, 1118, 1705, 1704, 980]"
5404,"[125, 1785, 1750, 926, 1659]"
5405,"[1025, 937, 159, 98, 1705]"
5406,"[1764, 1759, 1649, 946, 949]"
5407,"[1705, 1704, 1746, 102, 410]"
5408,"[1526, 1527, 922, 98, 97]"
5409,"[112, 890, 89, 113, 1907]"
5410,"[100, 1533, 98, 1025, 937]"
5411,"[1924, 98, 409, 97, 96]"
5412,"[1913, 1025, 937, 159, 1907]"
5413,"[1533, 890, 89, 435, 291]"
5414,"[675, 584, 1758, 849, 1246]"
5415,"[89, 1297, 165, 1750, 1202]"
5416,"[1764, 1759, 896, 1118, 511]"
5417,"[1759, 973, 955, 209, 208]"
5418,"[1044, 1196, 1746, 409, 102]"
5419,"[1586, 89, 1677, 1297, 1727]"
5420,"[98, 97, 96, 1036, 1299]"
5421,"[1926, 1696, 1526, 113, 171]"
5422,"[1903, 1533, 926, 890, 1907]"
5423,"[1202, 410, 125, 920, 98]"
5424,"[291, 1044, 1795, 1627, 292]"
5425,"[676, 1070, 409, 1746, 102]"
5426,"[407, 406, 788, 693, 45]"
5427,"[1705, 1704, 862, 1912, 1775]"
5428,"[89, 1202, 410, 165, 409]"
5429,"[1768, 1775, 1760, 1769, 1224]"
5430,"[451, 1147, 1926, 1526, 1192]"
5431,"[89, 1907, 171, 1899, 1275]"
5432,"[170, 1762, 1766, 1758, 1704]"
5433,"[1249, 1586, 1924, 98, 60]"
5434,"[1603, 1739, 1775, 1758, 615]"
5435,"[1033, 1034, 1036, 1031, 148]"
5436,"[407, 406, 1025, 937, 921]"
5437,"[1758, 852, 403, 1675, 902]"
5438,"[1915, 1705, 1704, 408, 1733]"
5439,"[1768, 1899, 1627, 1147, 1904]"
5440,"[1617, 1299, 1160, 410, 1202]"
5441,"[98, 1030, 1029, 1028, 1027]"
5442,"[693, 1068, 1063, 1557, 694]"
5443,"[1131, 1713, 1638, 1899, 1070]"
5444,"[920, 1753, 1610, 1534, 410]"
5445,"[922, 1075, 1148, 1185, 221]"
5446,"[1908, 1727, 1704, 1705, 1277]"
5447,"[348, 116, 843, 1705, 1704]"
5448,"[928, 170, 911, 1320, 403]"
5449,"[382, 1030, 1029, 1028, 1027]"
5450,"[1768, 1627, 1527, 1924, 163]"
5451,"[1536, 89, 620, 470, 1907]"
5452,"[1890, 1924, 1536, 1533, 1558]"
5453,"[1704, 1705, 98, 97, 96]"
5454,"[98, 1617, 1638, 1899, 692]"
5455,"[101, 112, 890, 89, 1762]"
5456,"[289, 425, 692, 1025, 98]"
5457,"[98, 59, 1070, 980, 1758]"
5458,"[928, 1067, 89, 1603, 1025]"
5459,"[1713, 1041, 843, 344, 1516]"
5460,"[407, 406, 454, 455, 1647]"
5461,"[98, 762, 760, 757, 756]"
5462,"[1032, 1920, 1899, 1666, 455]"
5463,"[1025, 937, 921, 159, 425]"
5464,"[451, 1713, 425, 175, 692]"
5465,"[1924, 1907, 98, 97, 96]"
5466,"[1249, 1586, 1924, 98, 60]"
5467,"[1025, 164, 937, 159, 921]"
5468,"[1041, 338, 692, 703, 1202]"
5469,"[410, 1202, 116, 1677, 1750]"
5470,"[496, 1536, 98, 451, 1275]"
5471,"[922, 1904, 1705, 1704, 1899]"
5472,"[1157, 1627, 1899, 1904, 1567]"
5473,"[1705, 1704, 922, 1904, 409]"
5474,"[605, 1921, 1916, 449, 1695]"
5475,"[1758, 1904, 1704, 1705, 97]"
5476,"[1896, 698, 1904, 455, 1627]"
5477,"[692, 1275, 1147, 116, 1899]"
5478,"[1904, 819, 922, 1025, 937]"
5479,"[1070, 1904, 455, 1899, 1627]"
5480,"[819, 1907, 211, 1705, 1704]"
5481,"[1526, 1192, 1926, 1567, 1921]"
5482,"[1705, 1704, 451, 1921, 890]"
5483,"[289, 176, 931, 1045, 1042]"
5484,"[1526, 1064, 1567, 1905, 1627]"
5485,"[1907, 1275, 819, 1705, 1704]"
5486,"[1904, 1191, 1627, 1899, 1025]"
5487,"[124, 922, 1025, 937, 159]"
5488,"[928, 819, 1068, 1758, 1907]"
5489,"[379, 1704, 1705, 82, 945]"
5490,"[922, 1904, 1705, 1704, 1899]"
5491,"[451, 1277, 846, 692, 1192]"
5492,"[676, 1040, 124, 409, 97]"
5493,"[124, 116, 1704, 1705, 1904]"
5494,"[124, 1025, 937, 159, 1904]"
5495,"[1070, 1272, 920, 113, 1904]"
5496,"[819, 1705, 1758, 1762, 1761]"
5497,"[1904, 819, 862, 211, 1775]"
5498,"[1705, 1704, 97, 96, 409]"
5499,"[1726, 1705, 692, 1899, 1910]"
5500,"[1705, 1704, 1526, 1921, 451]"
5501,"[124, 922, 819, 1904, 1924]"
5502,"[116, 1147, 114, 112, 890]"
5503,"[1040, 1713, 1536, 1070, 676]"
5504,"[96, 409, 98, 97, 102]"
5505,"[1704, 1705, 435, 1762, 1758]"
5506,"[819, 1762, 1705, 928, 1147]"
5507,"[1907, 102, 98, 96, 97]"
5508,"[377, 980, 111, 211, 1147]"
5509,"[333, 1025, 937, 159, 1250]"
5510,"[1704, 1758, 1762, 1705, 1277]"
5511,"[922, 1904, 819, 1025, 937]"
5512,"[2, 3, 1705, 1704, 435]"
5513,"[1762, 1758, 1567, 860, 1705]"
5514,"[1158, 971, 925, 1344, 1041]"
5515,"[1272, 677, 98, 449, 1298]"
5516,"[1299, 1853, 1255, 1160, 925]"
5517,"[1131, 98, 97, 96, 971]"
5518,"[393, 203, 1001, 618, 1273]"
5519,"[1853, 1540, 1837, 1833, 1299]"
5520,"[1159, 1019, 971, 1637, 1269]"
5521,"[1022, 695, 1893, 164, 675]"
5522,"[1042, 1025, 165, 1131, 979]"
5523,"[1131, 1019, 1022, 98, 971]"
5524,"[1310, 1915, 165, 1837, 1833]"
5525,"[1865, 1705, 1704, 1029, 1320]"
5526,"[1704, 760, 1536, 1926, 1795]"
5527,"[98, 1638, 1659, 97, 96]"
5528,"[140, 145, 148, 147, 913]"
5529,"[1523, 1192, 97, 98, 96]"
5530,"[148, 140, 145, 916, 147]"
5531,"[440, 284, 692, 603, 1695]"
5532,"[359, 111, 911, 73, 1918]"
5533,"[140, 916, 145, 913, 147]"
5534,"[165, 1025, 937, 159, 1250]"
5535,"[108, 1875, 1820, 1819, 1818]"
5536,"[1704, 1705, 1310, 1672, 170]"
5537,"[98, 1269, 731, 60, 918]"
5538,"[148, 1075, 1704, 911, 403]"
5539,"[98, 435, 692, 1586, 89]"
5540,"[327, 1792, 1791, 1790, 1789]"
5541,"[1133, 1152, 70, 1875, 971]"
5542,"[98, 1638, 1102, 1083, 97]"
5543,"[98, 97, 96, 1073, 1193]"
5544,"[443, 1099, 1173, 616, 1679]"
5545,"[1269, 297, 1025, 937, 159]"
5546,"[1047, 306, 971, 1133, 1704]"
5547,"[1752, 1843, 1842, 925, 1098]"
5548,"[1022, 862, 886, 1664, 1704]"
5549,"[1077, 1310, 1197, 409, 923]"
5550,"[140, 916, 145, 913, 688]"
5551,"[1148, 140, 145, 371, 916]"
5552,"[1076, 1925, 97, 1828, 1833]"
5553,"[1915, 98, 913, 145, 920]"
5554,"[1547, 1159, 1721, 1041, 957]"
5555,"[125, 1076, 973, 955, 209]"
5556,"[1041, 1148, 1861, 1672, 1786]"
5557,"[1285, 911, 605, 1690, 60]"
5558,"[89, 1907, 1526, 1627, 1753]"
5559,"[89, 1637, 165, 98, 441]"
5560,"[1704, 1705, 980, 1752, 1753]"
5561,"[1035, 1907, 89, 1027, 1627]"
5562,"[165, 1025, 937, 159, 1627]"
5563,"[409, 89, 921, 435, 1627]"
5564,"[1753, 1704, 1705, 1567, 1118]"
5565,"[966, 1272, 1065, 1178, 959]"
5566,"[89, 1907, 98, 1202, 410]"
5567,"[921, 97, 96, 937, 159]"
5568,"[878, 1526, 1627, 1064, 1905]"
5569,"[1627, 409, 1905, 1527, 1899]"
5570,"[1927, 1677, 920, 423, 1244]"
5571,"[1907, 1526, 89, 1897, 1899]"
5572,"[1907, 1627, 1030, 318, 1753]"
5573,"[1627, 1904, 1899, 89, 1025]"
5574,"[1752, 211, 980, 985, 1753]"
5575,"[165, 98, 89, 415, 1910]"
5576,"[1907, 89, 465, 1627, 921]"
5577,"[1674, 89, 1907, 1627, 1926]"
5578,"[1627, 1655, 113, 692, 1899]"
5579,"[1464, 1436, 1441, 1451, 1456]"
5580,"[1529, 1273, 1269, 510, 1924]"
5581,"[1907, 89, 98, 1193, 1188]"
5582,"[89, 1907, 1526, 98, 125]"
5583,"[1704, 1705, 89, 98, 415]"
5584,"[97, 96, 98, 1608, 886]"
5585,"[1536, 1064, 1922, 1897, 409]"
5586,"[1907, 1025, 937, 159, 878]"
5587,"[89, 415, 1926, 1627, 1899]"
5588,"[166, 1907, 1526, 89, 1050]"
5589,"[1025, 937, 159, 1627, 1613]"
5590,"[1907, 1526, 166, 1050, 465]"
5591,"[165, 415, 1193, 113, 1907]"
5592,"[928, 1907, 98, 1910, 89]"
5593,"[1627, 89, 1905, 164, 1910]"
5594,"[1064, 60, 1014, 1038, 906]"
5595,"[1675, 920, 171, 890, 112]"
5596,"[1704, 1705, 1526, 1193, 165]"
5597,"[89, 164, 1910, 921, 1025]"
5598,"[113, 89, 470, 620, 1907]"
5599,"[89, 1907, 1627, 1905, 1527]"
5600,"[89, 302, 297, 294, 1926]"
5601,"[89, 97, 96, 1727, 921]"
5602,"[1907, 440, 1704, 1705, 89]"
5603,"[1746, 1713, 16, 455, 878]"
5604,"[1705, 1704, 1071, 1160, 714]"
5605,"[1064, 989, 1762, 1178, 1899]"
5606,"[175, 1915, 1646, 1202, 410]"
5607,"[89, 1899, 1924, 1610, 1904]"
5608,"[165, 1907, 926, 410, 1202]"
5609,"[460, 1310, 758, 98, 60]"
5610,"[461, 409, 1025, 937, 159]"
5611,"[1800, 289, 989, 928, 341]"
5612,"[289, 1030, 1147, 291, 928]"
5613,"[1746, 1704, 1654, 1070, 1627]"
5614,"[1627, 1204, 440, 124, 455]"
5615,"[1051, 688, 289, 291, 292]"
5616,"[1071, 291, 289, 1910, 1070]"
5617,"[409, 1750, 89, 112, 1924]"
5618,"[1147, 1899, 1627, 455, 1638]"
5619,"[1147, 1762, 1758, 116, 449]"
5620,"[1147, 1705, 1704, 297, 346]"
5621,"[108, 1704, 1705, 114, 449]"
5622,"[1907, 89, 1147, 1299, 1910]"
5623,"[89, 921, 435, 113, 164]"
5624,"[1627, 1905, 1899, 1904, 1025]"
5625,"[335, 338, 906, 1655, 1147]"
5626,"[1803, 1649, 961, 1085, 435]"
5627,"[1147, 1273, 447, 1921, 1705]"
5628,"[1147, 1030, 1762, 1705, 1704]"
5629,"[292, 1704, 1705, 1157, 451]"
5630,"[1181, 1169, 348, 1132, 1154]"
5631,"[1746, 1070, 136, 1646, 958]"
5632,"[1705, 1704, 216, 1907, 1073]"
5633,"[1627, 1527, 1905, 89, 435]"
5634,"[1803, 1649, 961, 1085, 435]"
5635,"[675, 1147, 1775, 1677, 1907]"
5636,"[1924, 1907, 1704, 1705, 692]"
5637,"[1704, 1705, 1071, 211, 111]"
5638,"[89, 678, 98, 1204, 694]"
5639,"[333, 1178, 1030, 344, 1142]"
5640,"[1651, 60, 1915, 451, 1610]"
5641,"[1272, 688, 1738, 782, 773]"
5642,"[291, 989, 459, 16, 1068]"
5643,"[1704, 1705, 1147, 1758, 1762]"
5644,"[1926, 1899, 1904, 1025, 937]"
5645,"[1713, 175, 98, 97, 96]"
5646,"[1907, 1627, 1899, 782, 89]"
5647,"[1025, 937, 159, 89, 165]"
5648,"[89, 1748, 1727, 1762, 1297]"
5649,"[1526, 1907, 98, 419, 773]"
5650,"[1273, 447, 440, 1899, 1147]"
5651,"[1907, 1526, 89, 1025, 937]"
5652,"[1526, 1907, 1066, 1713, 1926]"
5653,"[460, 1659, 165, 1193, 409]"
5654,"[203, 341, 1270, 808, 1081]"
5655,"[1907, 89, 782, 424, 1910]"
5656,"[1907, 89, 1025, 937, 159]"
5657,"[1905, 1527, 106, 1297, 1526]"
5658,"[1907, 782, 165, 1738, 1910]"
5659,"[1705, 1704, 1758, 89, 1899]"
5660,"[1907, 782, 89, 349, 165]"
5661,"[1178, 207, 972, 971, 970]"
5662,"[1704, 1705, 937, 159, 1025]"
5663,"[166, 1922, 1897, 89, 175]"
5664,"[89, 98, 165, 782, 1202]"
5665,"[89, 927, 409, 1922, 1897]"
5666,"[1526, 929, 172, 1045, 1042]"
5667,"[1078, 1936, 1026, 1853, 1705]"
5668,"[1922, 1897, 1526, 935, 168]"
5669,"[314, 692, 1529, 89, 926]"
5670,"[1077, 1250, 1253, 1630, 223]"
5671,"[1118, 1745, 1671, 1616, 97]"
5672,"[113, 1746, 920, 171, 1907]"
5673,"[98, 171, 165, 620, 470]"
5674,"[1897, 1922, 1907, 1526, 116]"
5675,"[1659, 442, 441, 1841, 1840]"
5676,"[1116, 1907, 106, 1926, 89]"
5677,"[1690, 1038, 171, 165, 920]"
5678,"[329, 1137, 1028, 1027, 1026]"
5679,"[1670, 162, 1313, 664, 749]"
5680,"[1742, 1937, 1778, 1715, 1096]"
5681,"[1118, 1065, 1752, 1675, 902]"
5682,"[1631, 882, 881, 880, 879]"
5683,"[96, 1835, 1872, 211, 980]"
5684,"[1746, 435, 1299, 1303, 956]"
5685,"[102, 165, 164, 692, 1746]"
5686,"[73, 628, 403, 911, 1918]"
5687,"[1705, 1704, 961, 1085, 1803]"
5688,"[118, 898, 749, 1853, 1843]"
5689,"[709, 1675, 902, 749, 1670]"
5690,"[1320, 96, 98, 97, 923]"
5691,"[1937, 73, 403, 911, 1918]"
5692,"[1073, 1119, 866, 1036, 1925]"
5693,"[961, 4, 1085, 192, 435]"
5694,"[919, 165, 1541, 98, 97]"
5695,"[1746, 102, 98, 97, 96]"
5696,"[1803, 1085, 1705, 1704, 5]"
5697,"[1313, 1670, 956, 1299, 1675]"
5698,"[1713, 915, 1025, 937, 159]"
5699,"[1704, 1705, 961, 618, 1758]"
5700,"[1118, 1778, 1675, 902, 985]"
5701,"[628, 923, 1705, 1758, 1762]"
5702,"[1705, 961, 1803, 1704, 1796]"
5703,"[108, 409, 1677, 666, 659]"
5704,"[1670, 749, 923, 161, 628]"
5705,"[961, 1085, 192, 435, 946]"
5706,"[1918, 979, 211, 911, 1097]"
5707,"[1670, 923, 1320, 1704, 628]"
5708,"[170, 1700, 96, 911, 403]"
5709,"[1118, 904, 1076, 985, 1675]"
5710,"[170, 1320, 916, 677, 1705]"
5711,"[1704, 1742, 1791, 1790, 480]"
5712,"[1937, 961, 1762, 1758, 435]"
5713,"[96, 1700, 980, 211, 1835]"
5714,"[126, 420, 1700, 1030, 1029]"
5715,"[848, 89, 1803, 1758, 1246]"
5716,"[643, 73, 1693, 1649, 946]"
5717,"[4, 961, 1762, 1758, 1085]"
5718,"[4, 961, 1758, 435, 1085]"
5719,"[60, 1742, 928, 1898, 27]"
5720,"[1887, 882, 1249, 480, 111]"
5721,"[1742, 1937, 1118, 136, 1705]"
5722,"[98, 97, 96, 1202, 410]"
5723,"[1586, 1699, 1070, 1740, 762]"
5724,"[695, 696, 98, 97, 96]"
5725,"[1841, 1843, 1842, 1840, 1839]"
5726,"[1202, 410, 1041, 124, 165]"
5727,"[290, 98, 97, 96, 629]"
5728,"[1924, 1041, 1907, 1740, 762]"
5729,"[925, 1041, 1073, 1035, 314]"
5730,"[1746, 102, 409, 1909, 1193]"
5731,"[1025, 937, 159, 1040, 175]"
5732,"[1041, 410, 1202, 164, 165]"
5733,"[1672, 1030, 156, 1040, 1032]"
5734,"[1041, 165, 1202, 937, 1025]"
5735,"[1025, 937, 159, 165, 924]"
5736,"[1025, 937, 159, 925, 98]"
5737,"[365, 1166, 1183, 361, 265]"
5738,"[98, 97, 96, 165, 985]"
5739,"[1202, 410, 98, 97, 96]"
5740,"[919, 1035, 937, 159, 925]"
5741,"[878, 924, 98, 97, 96]"
5742,"[297, 1277, 1689, 460, 1086]"
5743,"[1041, 169, 1033, 1030, 1032]"
5744,"[1586, 1699, 1041, 1025, 937]"
5745,"[1040, 1130, 893, 897, 265]"
5746,"[1041, 171, 1202, 410, 1704]"
5747,"[152, 620, 470, 165, 1196]"
5748,"[165, 925, 670, 1029, 1041]"
5749,"[1025, 937, 159, 364, 1034]"
5750,"[98, 97, 96, 1761, 165]"
5751,"[1025, 937, 159, 522, 1041]"
5752,"[1133, 670, 98, 97, 403]"
5753,"[925, 98, 97, 96, 1885]"
5754,"[1746, 102, 409, 1671, 1745]"
5755,"[165, 125, 98, 97, 96]"
5756,"[1202, 410, 1041, 165, 1746]"
5757,"[675, 670, 781, 98, 97]"
5758,"[866, 1070, 289, 1025, 937]"
5759,"[1795, 1030, 938, 934, 1649]"
5760,"[174, 175, 164, 919, 176]"
5761,"[692, 98, 1202, 1618, 1690]"
5762,"[1077, 1690, 1757, 1776, 1659]"
5763,"[358, 1102, 902, 1303, 1632]"
5764,"[1705, 1704, 1799, 1798, 1782]"
5765,"[190, 1672, 168, 1030, 1250]"
5766,"[1810, 1706, 175, 749, 670]"
5767,"[1026, 925, 1202, 410, 89]"
5768,"[1705, 1704, 1026, 1777, 1765]"
5769,"[937, 159, 1025, 1704, 1705]"
5770,"[1043, 89, 1149, 1017, 1202]"
5771,"[361, 1079, 1029, 1202, 410]"
5772,"[292, 1073, 89, 1202, 410]"
5773,"[1077, 437, 1632, 265, 1106]"
5774,"[1026, 1054, 737, 719, 1705]"
5775,"[1666, 719, 737, 1705, 956]"
5776,"[1609, 164, 1025, 937, 159]"
5777,"[395, 1659, 1202, 410, 358]"
5778,"[1042, 1916, 219, 1025, 937]"
5779,"[145, 148, 1026, 147, 1865]"
5780,"[1649, 1041, 1030, 1035, 1054]"
5781,"[1666, 1649, 1638, 1920, 1299]"
5782,"[1590, 1025, 410, 1202, 1921]"
5783,"[1271, 410, 1202, 1299, 1676]"
5784,"[408, 1915, 1049, 1041, 1675]"
5785,"[670, 1705, 1704, 1149, 1026]"
5786,"[788, 343, 17, 39, 19]"
5787,"[1052, 1299, 1202, 410, 1193]"
5788,"[306, 1047, 1077, 1178, 1705]"
5789,"[1705, 1704, 1749, 1865, 1077]"
5790,"[1030, 1043, 1885, 1193, 1746]"
5791,"[1030, 670, 1037, 403, 1704]"
5792,"[197, 1075, 221, 928, 403]"
5793,"[410, 1202, 1677, 607, 605]"
5794,"[197, 1202, 410, 670, 926]"
5795,"[670, 361, 1073, 1041, 1030]"
5796,"[1046, 165, 410, 1202, 89]"
5797,"[125, 60, 670, 1025, 937]"
5798,"[1915, 319, 1704, 1037, 1831]"
5799,"[1030, 670, 1705, 1704, 1831]"
5800,"[1672, 440, 671, 170, 642]"
5801,"[1268, 591, 149, 911, 918]"
5802,"[1054, 197, 1933, 165, 1659]"
5803,"[1704, 1705, 403, 211, 1918]"
5804,"[125, 607, 781, 60, 165]"
5805,"[1662, 98, 97, 1035, 978]"
5806,"[605, 670, 1344, 1916, 1921]"
5807,"[1933, 1046, 920, 618, 958]"
5808,"[1662, 98, 97, 978, 976]"
5809,"[1202, 410, 165, 1746, 1297]"
5810,"[1030, 1041, 1257, 139, 1659]"
5811,"[1680, 197, 1915, 259, 1592]"
5812,"[1727, 1043, 1133, 89, 165]"
5813,"[1014, 258, 615, 1193, 730]"
5814,"[1025, 937, 159, 197, 1244]"
5815,"[408, 1866, 273, 137, 274]"
5816,"[731, 1677, 1202, 410, 165]"
5817,"[213, 918, 212, 1054, 1907]"
5818,"[1008, 920, 197, 1193, 212]"
5819,"[1915, 1066, 410, 1202, 989]"
5820,"[1137, 89, 165, 1536, 164]"
5821,"[958, 670, 1037, 1297, 171]"
5822,"[273, 276, 272, 1016, 1153]"
5823,"[1344, 926, 1014, 1659, 1297]"
5824,"[971, 670, 1130, 98, 97]"
5825,"[1041, 1202, 410, 1060, 152]"
5826,"[1592, 1046, 1666, 604, 1590]"
5827,"[1026, 670, 1202, 410, 1297]"
5828,"[989, 1550, 1041, 113, 1705]"
5829,"[1705, 211, 1918, 979, 980]"
5830,"[1066, 424, 1133, 1536, 89]"
5831,"[1026, 1038, 1705, 1704, 197]"
5832,"[197, 1038, 1299, 1244, 423]"
5833,"[1169, 1202, 410, 670, 98]"
5834,"[212, 89, 1043, 165, 1202]"
5835,"[1133, 1135, 1073, 1018, 1137]"
5836,"[1077, 1795, 1021, 265, 1104]"
5837,"[165, 920, 1659, 1875, 403]"
5838,"[164, 1025, 937, 159, 165]"
5839,"[921, 164, 165, 937, 1025]"
5840,"[1704, 1825, 1257, 902, 1303]"
5841,"[1526, 409, 1025, 937, 159]"
5842,"[1815, 1811, 1844, 1843, 1842]"
5843,"[1906, 1032, 1528, 419, 1344]"
5844,"[165, 1025, 937, 159, 1202]"
5845,"[1920, 164, 919, 165, 921]"
5846,"[1936, 1277, 1638, 1916, 1025]"
5847,"[1906, 1528, 79, 1249, 1557]"
5848,"[1649, 1025, 937, 159, 165]"
5849,"[1043, 1920, 1909, 1638, 1193]"
5850,"[1344, 1832, 1873, 1836, 341]"
5851,"[1249, 1025, 937, 159, 425]"
5852,"[89, 1915, 1916, 1899, 1904]"
5853,"[1025, 937, 159, 1904, 409]"
5854,"[1825, 1675, 125, 165, 79]"
5855,"[1915, 89, 1202, 410, 1676]"
5856,"[1915, 165, 1552, 1193, 89]"
5857,"[1086, 1014, 141, 1008, 902]"
5858,"[171, 1906, 1081, 89, 603]"
5859,"[408, 1638, 171, 1676, 1193]"
5860,"[89, 985, 165, 1202, 410]"
5861,"[128, 1915, 89, 1863, 1862]"
5862,"[79, 1202, 410, 1750, 89]"
5863,"[1936, 1638, 1676, 920, 1277]"
5864,"[140, 916, 289, 89, 1160]"
5865,"[937, 159, 1025, 165, 164]"
5866,"[1086, 1148, 1169, 1178, 1928]"
5867,"[1202, 410, 1907, 926, 89]"
5868,"[1705, 1704, 1202, 410, 89]"
5869,"[1029, 211, 1148, 980, 1075]"
5870,"[1030, 1202, 1066, 1916, 1249]"
5871,"[1528, 257, 1906, 1299, 125]"
5872,"[164, 921, 1066, 1257, 165]"
5873,"[219, 952, 1704, 1733, 688]"
5874,"[1029, 164, 1837, 1833, 1828]"
5875,"[1759, 164, 1836, 1873, 1832]"
5876,"[79, 1916, 257, 848, 1202]"
5877,"[1906, 1528, 1202, 410, 79]"
5878,"[937, 159, 1025, 165, 1638]"
5879,"[409, 1025, 937, 159, 1904]"
5880,"[165, 151, 956, 1202, 410]"
5881,"[1650, 727, 734, 726, 164]"
5882,"[1118, 1539, 94, 1627, 1527]"
5883,"[151, 190, 728, 165, 1049]"
5884,"[1536, 925, 385, 1045, 1042]"
5885,"[1724, 1042, 1193, 1025, 937]"
5886,"[165, 164, 408, 1299, 70]"
5887,"[1068, 1063, 1881, 1203, 199]"
5888,"[730, 142, 152, 271, 1205]"
5889,"[985, 1043, 165, 1042, 1193]"
5890,"[920, 409, 1746, 1557, 89]"
5891,"[1021, 1727, 1017, 1077, 348]"
5892,"[1752, 1695, 466, 366, 1791]"
5893,"[1062, 284, 759, 1052, 221]"
5894,"[989, 1046, 943, 1636, 190]"
5895,"[1192, 451, 1249, 1792, 1793]"
5896,"[1750, 1025, 937, 159, 922]"
5897,"[971, 149, 985, 319, 911]"
5898,"[89, 1033, 1627, 409, 1792]"
5899,"[89, 164, 165, 113, 171]"
5900,"[1752, 924, 1761, 1760, 821]"
5901,"[1050, 1033, 1044, 1027, 985]"
5902,"[1033, 409, 318, 929, 1118]"
5903,"[1120, 653, 1796, 651, 1803]"
5904,"[925, 1704, 165, 175, 1536]"
5905,"[1727, 1035, 1299, 1676, 1298]"
5906,"[1018, 728, 199, 190, 185]"
5907,"[1038, 924, 1536, 1823, 385]"
5908,"[1029, 89, 926, 620, 470]"
5909,"[1185, 1917, 408, 1675, 1916]"
5910,"[1704, 409, 1705, 1914, 985]"
5911,"[492, 1044, 1338, 1038, 985]"
5912,"[213, 1727, 1566, 1299, 1705]"
5913,"[190, 1579, 730, 108, 134]"
5914,"[165, 1750, 1907, 1727, 89]"
5915,"[165, 164, 1025, 937, 921]"
5916,"[1025, 937, 921, 159, 164]"
5917,"[1316, 728, 1705, 401, 1704]"
5918,"[164, 165, 98, 410, 89]"
5919,"[921, 165, 937, 159, 1299]"
5920,"[924, 318, 929, 149, 985]"
5921,"[979, 212, 985, 984, 983]"
5922,"[195, 959, 1018, 915, 675]"
5923,"[1016, 1705, 274, 350, 136]"
5924,"[371, 1202, 410, 692, 1704]"
5925,"[1902, 116, 1042, 344, 1147]"
5926,"[1752, 1042, 1762, 1758, 344]"
5927,"[1915, 171, 408, 98, 1675]"
5928,"[1768, 1030, 346, 1071, 1907]"
5929,"[1218, 1705, 1704, 34, 1058]"
5930,"[1915, 692, 408, 60, 1675]"
5931,"[286, 1147, 1042, 1916, 1030]"
5932,"[1915, 1334, 408, 1552, 1363]"
5933,"[1704, 1705, 1037, 1044, 1043]"
5934,"[424, 958, 1073, 283, 1146]"
5935,"[670, 1916, 163, 919, 938]"
5936,"[370, 917, 1926, 1704, 591]"
5937,"[128, 1917, 408, 1552, 1915]"
5938,"[317, 1026, 165, 1041, 670]"
5939,"[1916, 1147, 1030, 165, 164]"
5940,"[906, 34, 1916, 60, 1704]"
5941,"[670, 1030, 1037, 1043, 1536]"
5942,"[1932, 1137, 60, 670, 1705]"
5943,"[1049, 408, 1030, 1915, 1552]"
5944,"[1915, 408, 60, 1675, 692]"
5945,"[1042, 165, 89, 60, 98]"
5946,"[34, 789, 1193, 1042, 165]"
5947,"[1915, 1064, 424, 1536, 1752]"
5948,"[862, 1488, 1705, 1704, 928]"
5949,"[1102, 937, 159, 1025, 938]"
5950,"[125, 1202, 410, 603, 1659]"
5951,"[1042, 211, 1030, 34, 980]"
5952,"[958, 125, 283, 1272, 1916]"
5953,"[1054, 408, 1018, 1916, 1675]"
5954,"[1902, 408, 1042, 112, 1916]"
5955,"[1592, 165, 1936, 1915, 89]"
5956,"[1042, 1902, 1915, 1193, 165]"
5957,"[1704, 1705, 334, 620, 470]"
5958,"[1041, 1916, 1027, 1030, 89]"
5959,"[1042, 1902, 1916, 112, 1073]"
5960,"[163, 1026, 1592, 931, 929]"
5961,"[1049, 164, 377, 1603, 1073]"
5962,"[728, 320, 1924, 375, 1068]"
5963,"[1026, 1043, 1257, 122, 1030]"
5964,"[1133, 975, 1030, 265, 1031]"
5965,"[670, 887, 389, 1030, 376]"
5966,"[1915, 125, 926, 1907, 1704]"
5967,"[1561, 408, 1030, 1915, 1202]"
5968,"[283, 1014, 900, 1607, 98]"
5969,"[698, 175, 1488, 265, 1875]"
5970,"[165, 1202, 410, 164, 781]"
5971,"[1149, 972, 1048, 1592, 197]"
5972,"[98, 97, 96, 1193, 350]"
5973,"[788, 1451, 480, 1014, 1723]"
5974,"[1704, 1705, 1014, 980, 480]"
5975,"[1705, 1704, 1014, 1577, 1043]"
5976,"[1272, 1042, 98, 97, 96]"
5977,"[1557, 333, 692, 1746, 89]"
5978,"[1705, 1014, 1704, 66, 1723]"
5979,"[1014, 1043, 1592, 410, 1202]"
5980,"[1014, 692, 1042, 1272, 928]"
5981,"[1705, 1704, 440, 929, 172]"
5982,"[1014, 1659, 97, 96, 449]"
5983,"[1704, 1705, 990, 1014, 1042]"
5984,"[657, 1557, 258, 1014, 1722]"
5985,"[1705, 1704, 1723, 1014, 821]"
5986,"[1014, 1051, 1046, 403, 1705]"
5987,"[260, 258, 223, 218, 1632]"
5988,"[1270, 1567, 165, 692, 401]"
5989,"[1795, 985, 984, 983, 982]"
5990,"[304, 1145, 440, 595, 454]"
5991,"[1118, 329, 926, 823, 1649]"
5992,"[1014, 1042, 1724, 1638, 98]"
5993,"[98, 97, 96, 368, 125]"
5994,"[1795, 1705, 97, 334, 1411]"
5995,"[1721, 692, 1722, 1014, 1043]"
5996,"[1705, 1704, 1648, 731, 480]"
5997,"[1835, 1014, 1193, 980, 1704]"
5998,"[1723, 480, 1729, 758, 743]"
5999,"[1171, 385, 1166, 387, 1647]"
6000,"[1705, 1299, 1704, 403, 435]"
6001,"[1915, 1924, 60, 165, 125]"
6002,"[1723, 1705, 1704, 480, 1014]"
6003,"[1070, 1638, 435, 1627, 1649]"
6004,"[886, 164, 480, 1014, 1052]"
6005,"[98, 1590, 1705, 302, 297]"
6006,"[1061, 1038, 1915, 994, 591]"
6007,"[1318, 259, 1916, 1662, 848]"
6008,"[98, 257, 79, 921, 97]"
6009,"[1014, 1042, 900, 271, 1205]"
6010,"[1724, 1042, 1025, 937, 159]"
6011,"[350, 1677, 1723, 1831, 480]"
6012,"[162, 1705, 1704, 403, 211]"
6013,"[261, 159, 921, 1025, 937]"
6014,"[141, 165, 211, 886, 980]"
6015,"[408, 101, 1272, 878, 165]"
6016,"[1055, 165, 984, 211, 980]"
6017,"[862, 1055, 1052, 999, 731]"
6018,"[862, 210, 999, 1055, 1052]"
6019,"[1837, 1833, 1828, 1849, 1844]"
6020,"[984, 980, 211, 985, 983]"
6021,"[922, 995, 164, 165, 1025]"
6022,"[1915, 1907, 101, 1249, 1746]"
6023,"[922, 1053, 1705, 1704, 995]"
6024,"[922, 211, 980, 985, 1836]"
6025,"[912, 270, 275, 1737, 272]"
6026,"[222, 997, 403, 911, 1705]"
6027,"[971, 984, 980, 211, 983]"
6028,"[282, 66, 1055, 812, 604]"
6029,"[165, 164, 1025, 937, 921]"
6030,"[1037, 1824, 255, 207, 1874]"
6031,"[964, 1911, 1677, 902, 952]"
6032,"[1050, 286, 922, 211, 1053]"
6033,"[1153, 720, 350, 952, 278]"
6034,"[126, 985, 1073, 1299, 403]"
6035,"[408, 1055, 1052, 165, 980]"
6036,"[1076, 988, 1049, 1329, 211]"
6037,"[1055, 980, 1043, 1193, 1025]"
6038,"[1007, 998, 260, 259, 235]"
6039,"[1659, 165, 1202, 410, 1299]"
6040,"[952, 959, 1724, 727, 142]"
6041,"[985, 984, 983, 981, 980]"
6042,"[98, 97, 96, 925, 1705]"
6043,"[1935, 1077, 1076, 1705, 1104]"
6044,"[340, 1750, 1851, 1850, 734]"
6045,"[408, 956, 1488, 937, 159]"
6046,"[261, 1007, 998, 260, 259]"
6047,"[922, 164, 1632, 920, 165]"
6048,"[922, 211, 1193, 985, 980]"
6049,"[259, 207, 1043, 1038, 727]"
6050,"[211, 1205, 271, 1055, 259]"
6051,"[259, 408, 1632, 265, 228]"
6052,"[995, 408, 162, 164, 1810]"
6053,"[1300, 1041, 403, 408, 1301]"
6054,"[677, 165, 164, 1193, 985]"
6055,"[408, 1047, 1917, 1282, 1185]"
6056,"[1649, 165, 902, 1516, 985]"
6057,"[302, 1666, 604, 1911, 985]"
6058,"[1077, 1185, 408, 1675, 265]"
6059,"[496, 403, 1705, 1704, 1320]"
6060,"[1752, 89, 1619, 171, 1603]"
6061,"[1705, 1704, 1918, 979, 211]"
6062,"[979, 728, 1704, 1875, 1753]"
6063,"[1792, 1791, 1790, 1789, 1862]"
6064,"[1915, 1528, 1906, 1706, 341]"
6065,"[1862, 1853, 670, 1935, 1202]"
6066,"[1705, 1704, 211, 1026, 980]"
6067,"[1752, 1755, 1675, 1025, 937]"
6068,"[1915, 163, 920, 408, 1025]"
6069,"[163, 1915, 60, 990, 920]"
6070,"[165, 297, 211, 1193, 1025]"
6071,"[737, 719, 1049, 286, 1104]"
6072,"[1705, 1704, 1637, 1077, 1053]"
6073,"[1935, 926, 1659, 1077, 1025]"
6074,"[1053, 938, 919, 1026, 1073]"
6075,"[1915, 1865, 1281, 1035, 591]"
6076,"[1026, 1030, 1202, 410, 89]"
6077,"[496, 1297, 926, 165, 1907]"
6078,"[1026, 1202, 410, 938, 937]"
6079,"[1705, 1704, 1918, 979, 211]"
6080,"[1907, 164, 1705, 1704, 98]"
6081,"[1042, 409, 928, 1202, 410]"
6082,"[265, 1077, 223, 1086, 1637]"
6083,"[1915, 719, 737, 1298, 1560]"
6084,"[1706, 1014, 1810, 1026, 990]"
6085,"[145, 916, 140, 1873, 1836]"
6086,"[1128, 670, 435, 1202, 410]"
6087,"[1042, 409, 928, 1202, 410]"
6088,"[1758, 1713, 1924, 1746, 60]"
6089,"[1304, 172, 929, 1028, 1027]"
6090,"[1704, 1899, 1705, 848, 455]"
6091,"[165, 1607, 1025, 937, 159]"
6092,"[1926, 1899, 615, 1638, 1739]"
6093,"[1775, 1762, 1758, 1147, 1899]"
6094,"[454, 455, 124, 98, 164]"
6095,"[1926, 1899, 615, 455, 454]"
6096,"[1040, 320, 1136, 310, 1145]"
6097,"[102, 692, 409, 1924, 124]"
6098,"[1926, 1899, 1638, 1910, 1904]"
6099,"[1916, 1030, 432, 341, 1249]"
6100,"[783, 862, 1178, 1704, 1926]"
6101,"[1704, 1705, 1675, 1030, 1344]"
6102,"[1147, 454, 439, 449, 116]"
6103,"[1112, 1070, 455, 1899, 1273]"
6104,"[1750, 112, 890, 1275, 60]"
6105,"[98, 165, 1740, 1304, 773]"
6106,"[1030, 1705, 1704, 615, 1926]"
6107,"[692, 1750, 112, 890, 878]"
6108,"[1704, 1639, 1025, 937, 159]"
6109,"[1824, 696, 915, 695, 410]"
6110,"[440, 454, 1904, 451, 1275]"
6111,"[290, 1304, 442, 1910, 1758]"
6112,"[618, 36, 9, 1134, 616]"
6113,"[1704, 1627, 409, 1899, 1299]"
6114,"[60, 1202, 410, 1924, 108]"
6115,"[1926, 692, 1899, 1521, 887]"
6116,"[1147, 171, 116, 424, 1536]"
6117,"[673, 1705, 1704, 1655, 815]"
6118,"[783, 1271, 1704, 692, 438]"
6119,"[1273, 447, 1637, 1186, 440]"
6120,"[1772, 1210, 1752, 1611, 1705]"
6121,"[1659, 98, 97, 96, 435]"
6122,"[1618, 60, 1752, 89, 1073]"
6123,"[455, 888, 454, 1746, 884]"
6124,"[346, 616, 1704, 1705, 1762]"
6125,"[1704, 1705, 1899, 1638, 1904]"
6126,"[361, 435, 98, 440, 1695]"
6127,"[320, 1904, 124, 317, 1907]"
6128,"[258, 435, 1538, 97, 96]"
6129,"[1773, 1695, 1273, 447, 1147]"
6130,"[165, 1750, 1924, 1676, 1677]"
6131,"[1030, 1924, 1705, 1704, 60]"
6132,"[1073, 281, 441, 1904, 1527]"
6133,"[98, 1025, 937, 159, 165]"
6134,"[1740, 1704, 1705, 1122, 1733]"
6135,"[878, 1071, 1550, 136, 1926]"
6136,"[1907, 1146, 281, 290, 347]"
6137,"[1758, 1163, 379, 921, 1025]"
6138,"[628, 656, 651, 663, 653]"
6139,"[1915, 290, 1547, 1837, 1833]"
6140,"[1022, 1166, 367, 403, 395]"
6141,"[1915, 1705, 1704, 441, 98]"
6142,"[433, 281, 408, 1546, 1654]"
6143,"[1028, 18, 1246, 966, 286]"
6144,"[1196, 1627, 1275, 1904, 1899]"
6145,"[628, 1550, 98, 97, 96]"
6146,"[341, 1560, 676, 314, 696]"
6147,"[1704, 1705, 1073, 1627, 1724]"
6148,"[86, 136, 281, 1704, 1320]"
6149,"[1704, 1705, 1594, 1584, 111]"
6150,"[290, 274, 1016, 281, 272]"
6151,"[86, 1704, 433, 55, 290]"
6152,"[1853, 1936, 441, 1240, 418]"
6153,"[73, 911, 136, 1320, 1704]"
6154,"[1552, 925, 1272, 60, 112]"
6155,"[1740, 1163, 1704, 1705, 1521]"
6156,"[1866, 1935, 1299, 1837, 1833]"
6157,"[665, 281, 749, 1704, 1705]"
6158,"[332, 274, 1143, 279, 275]"
6159,"[1902, 1915, 101, 408, 128]"
6160,"[1550, 171, 98, 97, 96]"
6161,"[665, 749, 1616, 1705, 1704]"
6162,"[1705, 1064, 310, 1073, 1147]"
6163,"[170, 677, 1663, 1654, 281]"
6164,"[1750, 175, 1706, 1810, 1199]"
6165,"[98, 97, 96, 1746, 102]"
6166,"[1146, 281, 347, 290, 1926]"
6167,"[441, 102, 1746, 1904, 848]"
6168,"[1536, 1192, 113, 890, 112]"
6169,"[931, 928, 925, 924, 176]"
6170,"[665, 1547, 1550, 1540, 97]"
6171,"[140, 1865, 1823, 916, 1616]"
6172,"[1750, 101, 409, 922, 60]"
6173,"[629, 60, 1202, 410, 1746]"
6174,"[126, 1025, 159, 937, 98]"
6175,"[1704, 1705, 451, 1616, 1202]"
6176,"[314, 313, 1747, 865, 863]"
6177,"[865, 1747, 863, 1733, 128]"
6178,"[313, 1747, 865, 863, 1923]"
6179,"[314, 313, 1627, 1115, 1747]"
6180,"[863, 125, 1740, 865, 1747]"
6181,"[1566, 865, 1747, 863, 1081]"
6182,"[1116, 314, 1923, 1693, 1073]"
6183,"[1705, 1704, 1924, 1244, 423]"
6184,"[314, 1747, 865, 863, 313]"
6185,"[1747, 865, 863, 314, 451]"
6186,"[959, 332, 73, 618, 1182]"
6187,"[314, 1875, 83, 60, 313]"
6188,"[1923, 863, 1649, 111, 50]"
6189,"[314, 73, 1792, 1791, 111]"
6190,"[314, 118, 1693, 865, 1923]"
6191,"[955, 971, 972, 973, 974]"
6192,"[1027, 994, 1916, 1147, 1921]"
6193,"[335, 1915, 1298, 1040, 259]"
6194,"[1747, 863, 865, 701, 60]"
6195,"[1799, 1798, 1782, 1781, 1064]"
6196,"[865, 863, 1747, 920, 878]"
6197,"[73, 1705, 863, 1747, 865]"
6198,"[314, 1923, 1693, 1116, 1117]"
6199,"[1275, 863, 1747, 865, 1627]"
6200,"[1747, 865, 863, 1611, 451]"
6201,"[1747, 865, 863, 314, 313]"
6202,"[865, 126, 1750, 863, 878]"
6203,"[313, 1925, 1676, 1299, 1298]"
6204,"[1875, 265, 1817, 1915, 1753]"
6205,"[409, 1713, 1544, 1746, 102]"
6206,"[313, 1747, 865, 863, 89]"
6207,"[164, 865, 863, 1747, 98]"
6208,"[1747, 865, 863, 440, 451]"
6209,"[989, 367, 655, 265, 1704]"
6210,"[1147, 1916, 1921, 692, 1910]"
6211,"[904, 89, 1275, 97, 96]"
6212,"[1073, 926, 1626, 759, 928]"
6213,"[1747, 865, 863, 314, 1627]"
6214,"[314, 111, 1717, 911, 1918]"
6215,"[1747, 865, 863, 59, 673]"
6216,"[863, 865, 1747, 314, 60]"
6217,"[865, 863, 1747, 73, 67]"
6218,"[1747, 865, 863, 1676, 1299]"
6219,"[1570, 60, 314, 466, 878]"
6220,"[455, 454, 98, 97, 96]"
6221,"[455, 1192, 1727, 878, 114]"
6222,"[455, 454, 1567, 878, 114]"
6223,"[455, 454, 16, 46, 1523]"
6224,"[466, 1758, 1910, 1773, 1113]"
6225,"[108, 1611, 1769, 16, 451]"
6226,"[455, 454, 1567, 16, 1177]"
6227,"[1113, 461, 1070, 1705, 16]"
6228,"[407, 406, 1299, 1824, 375]"
6229,"[106, 461, 1705, 1887, 1567]"
6230,"[1636, 455, 16, 114, 454]"
6231,"[455, 454, 878, 114, 1899]"
6232,"[98, 97, 96, 884, 102]"
6233,"[441, 692, 1636, 455, 454]"
6234,"[1071, 1904, 114, 1192, 455]"
6235,"[1526, 455, 454, 1567, 1705]"
6236,"[454, 455, 1567, 16, 692]"
6237,"[292, 692, 455, 454, 102]"
6238,"[1064, 1705, 114, 1773, 455]"
6239,"[467, 455, 1627, 1904, 1899]"
6240,"[16, 1277, 454, 455, 692]"
6241,"[1064, 455, 454, 114, 1636]"
6242,"[1636, 455, 1705, 1704, 16]"
6243,"[1113, 16, 1567, 114, 467]"
6244,"[102, 1636, 438, 165, 125]"
6245,"[1064, 1636, 1192, 461, 1070]"
6246,"[455, 454, 1636, 1277, 692]"
6247,"[1705, 1704, 903, 1145, 46]"
6248,"[455, 926, 114, 16, 878]"
6249,"[89, 114, 1907, 1910, 455]"
6250,"[455, 454, 1636, 1705, 16]"
6251,"[455, 454, 1636, 438, 440]"
6252,"[1769, 1705, 1710, 106, 1192]"
6253,"[98, 97, 96, 16, 1705]"
6254,"[1762, 1760, 16, 1064, 454]"
6255,"[465, 455, 454, 16, 1705]"
6256,"[1866, 1829, 409, 1884, 1904]"
6257,"[455, 535, 114, 16, 1567]"
6258,"[375, 455, 454, 16, 1705]"
6259,"[1758, 1567, 16, 1704, 1705]"
6260,"[1617, 114, 455, 878, 16]"
6261,"[114, 1899, 60, 455, 1610]"
6262,"[1907, 116, 114, 455, 1662]"
6263,"[1064, 455, 454, 1910, 1147]"
6264,"[1705, 1704, 1062, 1916, 451]"
6265,"[1896, 97, 96, 1704, 1607]"
6266,"[699, 372, 1257, 292, 1062]"
6267,"[1021, 379, 1766, 347, 1750]"
6268,"[164, 1558, 1025, 937, 159]"
6269,"[1907, 1904, 124, 1035, 102]"
6270,"[1758, 1567, 1769, 1762, 1753]"
6271,"[1196, 1259, 1253, 1899, 1695]"
6272,"[1769, 1567, 1704, 1795, 1705]"
6273,"[361, 1273, 1704, 60, 591]"
6274,"[321, 1025, 937, 159, 1636]"
6275,"[424, 451, 1907, 1567, 1761]"
6276,"[1761, 1567, 1025, 937, 159]"
6277,"[1750, 165, 1068, 1202, 410]"
6278,"[368, 890, 112, 1705, 1704]"
6279,"[1775, 1768, 1570, 1721, 1760]"
6280,"[1607, 1608, 98, 1272, 1638]"
6281,"[1157, 992, 102, 1070, 1613]"
6282,"[1705, 1704, 368, 937, 159]"
6283,"[1907, 1627, 1527, 1905, 89]"
6284,"[98, 97, 96, 1567, 79]"
6285,"[1015, 1768, 1775, 1705, 1704]"
6286,"[310, 1705, 1704, 1162, 1137]"
6287,"[1770, 1760, 1758, 1762, 1705]"
6288,"[1761, 1705, 1704, 372, 1875]"
6289,"[1042, 1557, 1705, 1704, 165]"
6290,"[102, 409, 165, 692, 97]"
6291,"[1769, 1557, 1721, 1567, 1704]"
6292,"[627, 741, 1719, 1875, 765]"
6293,"[1795, 902, 1916, 199, 1753]"
6294,"[1268, 392, 463, 1157, 1040]"
6295,"[1192, 106, 1567, 878, 1769]"
6296,"[97, 96, 1705, 1676, 1299]"
6297,"[108, 1705, 1704, 1068, 1063]"
6298,"[1704, 1705, 1618, 1557, 102]"
6299,"[1704, 1705, 1875, 1249, 164]"
6300,"[1567, 688, 1557, 1705, 1704]"
6301,"[1724, 368, 692, 102, 372]"
6302,"[1724, 1272, 1025, 937, 921]"
6303,"[1704, 1705, 1795, 1872, 1835]"
6304,"[1705, 1704, 1567, 102, 1025]"
6305,"[1896, 1025, 937, 159, 1618]"
6306,"[1896, 1704, 1157, 1567, 1025]"
6307,"[1705, 1704, 1721, 901, 1557]"
6308,"[1704, 1705, 435, 1192, 675]"
6309,"[1022, 1146, 1699, 605, 1120]"
6310,"[188, 193, 947, 951, 946]"
6311,"[89, 113, 1875, 1152, 1297]"
6312,"[1705, 435, 1695, 1704, 1275]"
6313,"[1858, 1705, 1704, 435, 98]"
6314,"[1915, 854, 1697, 920, 125]"
6315,"[223, 480, 831, 1704, 1723]"
6316,"[1704, 1762, 1758, 1705, 285]"
6317,"[692, 1627, 1899, 89, 620]"
6318,"[1011, 435, 1638, 1627, 1899]"
6319,"[1788, 1787, 1786, 304, 443]"
6320,"[1059, 1023, 1758, 1769, 298]"
6321,"[1059, 1726, 1062, 1188, 1291]"
6322,"[28, 17, 320, 207, 206]"
6323,"[1627, 547, 358, 1899, 1128]"
6324,"[269, 285, 27, 812, 1039]"
6325,"[1157, 1112, 310, 1705, 1113]"
6326,"[1705, 1023, 1649, 1161, 310]"
6327,"[961, 1493, 1479, 1464, 751]"
6328,"[358, 1627, 1299, 1899, 435]"
6329,"[1050, 286, 1793, 1792, 1704]"
6330,"[435, 989, 1795, 341, 972]"
6331,"[1102, 306, 1627, 1899, 1299]"
6332,"[1155, 1705, 1758, 1761, 1249]"
6333,"[1146, 1023, 1769, 383, 298]"
6334,"[435, 1795, 1758, 989, 1918]"
6335,"[1863, 1786, 1790, 1789, 1788]"
6336,"[25, 28, 614, 24, 878]"
6337,"[28, 17, 7, 27, 39]"
6338,"[1697, 1696, 1344, 1023, 668]"
6339,"[443, 1750, 347, 1793, 1792]"
6340,"[1704, 1705, 285, 978, 968]"
6341,"[1915, 408, 1750, 60, 402]"
6342,"[1900, 443, 297, 250, 1102]"
6343,"[1915, 455, 16, 641, 693]"
6344,"[1915, 999, 435, 98, 992]"
6345,"[1762, 1758, 1760, 1761, 285]"
6346,"[1059, 1022, 605, 723, 603]"
6347,"[1297, 694, 1875, 1249, 678]"
6348,"[25, 1934, 269, 221, 800]"
6349,"[1102, 1627, 28, 1274, 1899]"
6350,"[1165, 1733, 1039, 1291, 1081]"
6351,"[7, 25, 618, 1086, 101]"
6352,"[81, 1116, 1758, 1705, 1704]"
6353,"[1185, 676, 890, 112, 1746]"
6354,"[112, 890, 409, 878, 1907]"
6355,"[1285, 1752, 1534, 890, 112]"
6356,"[265, 1772, 1067, 1704, 1795]"
6357,"[1875, 1786, 438, 856, 1619]"
6358,"[321, 1899, 46, 1926, 1523]"
6359,"[1536, 890, 112, 1137, 1064]"
6360,"[1704, 1753, 1879, 1705, 1872]"
6361,"[615, 1926, 1066, 1899, 1627]"
6362,"[1056, 1255, 438, 1025, 937]"
6363,"[409, 102, 98, 97, 96]"
6364,"[1344, 1297, 926, 403, 125]"
6365,"[919, 1526, 1897, 1922, 1746]"
6366,"[1269, 890, 1277, 409, 1907]"
6367,"[1185, 692, 890, 112, 435]"
6368,"[102, 425, 1746, 1277, 663]"
6369,"[1915, 1030, 1066, 1907, 1926]"
6370,"[1675, 1750, 101, 1915, 408]"
6371,"[112, 1536, 409, 1064, 171]"
6372,"[101, 1192, 116, 112, 440]"
6373,"[1915, 164, 920, 171, 98]"
6374,"[1674, 1160, 455, 454, 1900]"
6375,"[451, 1298, 370, 1037, 1762]"
6376,"[1185, 424, 408, 1300, 1746]"
6377,"[409, 1795, 1926, 1910, 1627]"
6378,"[424, 878, 1913, 676, 1064]"
6379,"[1769, 1752, 937, 1025, 159]"
6380,"[1536, 125, 116, 60, 89]"
6381,"[1677, 1788, 1787, 1786, 408]"
6382,"[1675, 101, 1676, 408, 1900]"
6383,"[101, 112, 1753, 95, 1746]"
6384,"[1915, 409, 1192, 106, 1594]"
6385,"[1077, 1262, 980, 1704, 1675]"
6386,"[1705, 211, 1918, 979, 1704]"
6387,"[1030, 1766, 1147, 347, 1831]"
6388,"[1705, 1704, 676, 1913, 478]"
6389,"[101, 116, 1926, 112, 878]"
6390,"[147, 918, 1609, 848, 1044]"
6391,"[424, 848, 1835, 1872, 1721]"
6392,"[1536, 890, 112, 1137, 1064]"
6393,"[424, 878, 340, 676, 1118]"
6394,"[101, 112, 1926, 890, 1118]"
6395,"[164, 112, 1704, 97, 96]"
6396,"[1279, 1299, 959, 1646, 1795]"
6397,"[669, 1272, 1106, 1077, 1690]"
6398,"[1766, 1752, 1335, 148, 73]"
6399,"[1279, 1066, 1918, 979, 1750]"
6400,"[1936, 1277, 773, 902, 1299]"
6401,"[1750, 1158, 1135, 1536, 1616]"
6402,"[376, 925, 1076, 1675, 902]"
6403,"[1178, 1536, 1910, 310, 386]"
6404,"[1202, 410, 1819, 1818, 1817]"
6405,"[1752, 823, 1296, 257, 604]"
6406,"[1285, 1006, 861, 213, 1303]"
6407,"[1875, 1677, 440, 165, 113]"
6408,"[1865, 126, 1295, 1550, 433]"
6409,"[1279, 1086, 1106, 1299, 902]"
6410,"[1178, 1273, 447, 615, 1899]"
6411,"[1279, 1250, 1099, 431, 293]"
6412,"[1279, 435, 1102, 1272, 1087]"
6413,"[1924, 615, 1193, 1729, 1899]"
6414,"[408, 306, 1094, 1704, 1185]"
6415,"[1705, 1704, 1262, 347, 283]"
6416,"[1837, 1833, 586, 1334, 170]"
6417,"[1915, 1750, 1907, 1904, 1536]"
6418,"[1807, 663, 1581, 1704, 1067]"
6419,"[1104, 1279, 1077, 296, 1285]"
6420,"[1636, 442, 1899, 1638, 1910]"
6421,"[1270, 939, 1750, 1651, 451]"
6422,"[1927, 297, 1034, 1155, 1065]"
6423,"[1196, 409, 1659, 98, 97]"
6424,"[451, 1662, 890, 112, 673]"
6425,"[367, 1799, 1798, 1782, 1781]"
6426,"[1169, 1147, 1762, 1758, 1705]"
6427,"[1807, 1196, 1275, 449, 97]"
6428,"[1164, 432, 1916, 367, 861]"
6429,"[1705, 1704, 466, 283, 855]"
6430,"[1750, 25, 24, 28, 36]"
6431,"[675, 985, 1807, 403, 728]"
6432,"[1279, 1753, 73, 1317, 1792]"
6433,"[73, 1758, 435, 911, 1717]"
6434,"[1285, 1299, 960, 73, 959]"
6435,"[1158, 164, 1637, 1677, 1295]"
6436,"[1086, 978, 976, 974, 973]"
6437,"[1279, 444, 1081, 675, 902]"
6438,"[1750, 862, 1279, 1627, 1727]"
6439,"[1603, 432, 615, 1138, 1659]"
6440,"[97, 96, 435, 440, 98]"
6441,"[1274, 440, 1863, 1828, 1833]"
6442,"[60, 408, 89, 1202, 410]"
6443,"[347, 128, 985, 1023, 840]"
6444,"[379, 678, 330, 427, 1147]"
6445,"[451, 890, 112, 618, 675]"
6446,"[1112, 455, 1070, 454, 1899]"
6447,"[1791, 1790, 1789, 18, 616]"
6448,"[916, 140, 913, 145, 147]"
6449,"[1752, 923, 161, 433, 1313]"
6450,"[1545, 89, 409, 112, 101]"
6451,"[344, 97, 96, 98, 1176]"
6452,"[1762, 1758, 1070, 1761, 866]"
6453,"[1705, 1704, 1727, 435, 412]"
6454,"[338, 435, 97, 96, 675]"
6455,"[344, 97, 96, 1259, 1253]"
6456,"[1746, 97, 98, 409, 1924]"
6457,"[618, 307, 435, 1627, 1753]"
6458,"[759, 752, 1630, 1299, 666]"
6459,"[338, 435, 618, 1627, 1727]"
6460,"[451, 1921, 408, 607, 125]"
6461,"[1262, 368, 616, 1121, 344]"
6462,"[440, 98, 338, 97, 96]"
6463,"[654, 663, 633, 985, 1795]"
6464,"[294, 1178, 979, 1083, 1075]"
6465,"[917, 1762, 329, 1800, 1780]"
6466,"[1262, 98, 97, 96, 435]"
6467,"[676, 1758, 1145, 1783, 467]"
6468,"[1306, 459, 455, 98, 97]"
6469,"[961, 435, 1727, 215, 849]"
6470,"[408, 1543, 101, 1750, 1675]"
6471,"[618, 307, 435, 1627, 1753]"
6472,"[341, 447, 1270, 441, 98]"
6473,"[1085, 1803, 618, 1762, 1918]"
6474,"[1803, 344, 1649, 435, 480]"
6475,"[1799, 1798, 1782, 1781, 435]"
6476,"[1831, 424, 1262, 1158, 1675]"
6477,"[1705, 1704, 376, 203, 147]"
6478,"[618, 112, 1121, 346, 890]"
6479,"[629, 1746, 98, 96, 97]"
6480,"[424, 284, 302, 367, 98]"
6481,"[1795, 350, 1262, 283, 1750]"
6482,"[726, 1650, 727, 440, 435]"
6483,"[1649, 347, 728, 985, 403]"
6484,"[290, 165, 1592, 409, 247]"
6485,"[1179, 919, 172, 175, 173]"
6486,"[1704, 1705, 1895, 193, 191]"
6487,"[699, 863, 1747, 175, 865]"
6488,"[1772, 959, 1146, 1147, 111]"
6489,"[987, 963, 205, 154, 152]"
6490,"[1895, 1287, 193, 1570, 191]"
6491,"[1936, 1769, 175, 699, 1570]"
6492,"[801, 1727, 693, 1157, 615]"
6493,"[1275, 440, 1924, 1934, 1147]"
6494,"[1769, 935, 168, 1636, 1916]"
6495,"[1705, 1704, 1570, 1877, 793]"
6496,"[1045, 980, 1704, 211, 985]"
6497,"[1866, 106, 168, 935, 1196]"
6498,"[1915, 1760, 1761, 1936, 1488]"
6499,"[188, 1570, 1785, 1895, 1877]"
6500,"[356, 727, 726, 1650, 338]"
6501,"[73, 1759, 985, 911, 1918]"
6502,"[205, 1759, 1764, 73, 468]"
6503,"[949, 435, 1727, 931, 924]"
6504,"[1907, 165, 773, 1916, 1298]"
6505,"[221, 468, 928, 1030, 125]"
6506,"[1772, 314, 1936, 1895, 290]"
6507,"[1907, 935, 168, 29, 89]"
6508,"[1895, 1704, 1287, 950, 1705]"
6509,"[133, 1758, 1676, 1298, 779]"
6510,"[442, 1727, 1141, 1304, 1566]"
6511,"[107, 291, 856, 1916, 935]"
6512,"[1704, 1705, 1936, 1768, 1895]"
6513,"[773, 1733, 780, 1916, 1727]"
6514,"[1907, 1187, 438, 89, 1636]"
6515,"[1287, 1704, 1895, 1705, 945]"
6516,"[1721, 1705, 1150, 1704, 1727]"
6517,"[1705, 191, 193, 1758, 947]"
6518,"[1936, 1570, 1290, 1705, 1704]"
6519,"[1270, 1705, 1704, 440, 989]"
6520,"[1753, 73, 1792, 1791, 911]"
6521,"[361, 447, 1273, 1705, 1704]"
6522,"[931, 924, 934, 920, 176]"
6523,"[1727, 1650, 179, 1190, 1731]"
6524,"[1704, 1877, 1287, 1015, 1705]"
6525,"[1727, 631, 692, 714, 338]"
6526,"[1936, 1772, 442, 441, 1895]"
6527,"[1895, 370, 441, 693, 1727]"
6528,"[1761, 1147, 1760, 163, 1705]"
6529,"[1761, 1705, 1704, 1760, 1752]"
6530,"[124, 1750, 1762, 1746, 1705]"
6531,"[114, 455, 466, 1246, 116]"
6532,"[455, 1761, 438, 1636, 619]"
6533,"[1915, 1064, 374, 1030, 1197]"
6534,"[455, 163, 116, 1924, 1192]"
6535,"[1924, 478, 60, 451, 440]"
6536,"[1704, 1705, 1760, 1761, 906]"
6537,"[455, 1761, 619, 1312, 938]"
6538,"[1690, 619, 16, 1307, 114]"
6539,"[397, 1915, 1169, 365, 265]"
6540,"[455, 1636, 438, 16, 116]"
6541,"[1113, 455, 1192, 1705, 1704]"
6542,"[1749, 1704, 1924, 1594, 1584]"
6543,"[1915, 1246, 216, 1748, 868]"
6544,"[1550, 1750, 1704, 1705, 1915]"
6545,"[1750, 1186, 1705, 1704, 821]"
6546,"[438, 1636, 1129, 455, 1113]"
6547,"[455, 906, 175, 163, 408]"
6548,"[165, 1884, 938, 619, 1758]"
6549,"[1753, 116, 619, 1924, 455]"
6550,"[455, 114, 116, 603, 1695]"
6551,"[938, 1915, 1044, 1064, 165]"
6552,"[1704, 1705, 199, 1312, 1924]"
6553,"[1924, 1753, 466, 455, 419]"
6554,"[1761, 1924, 1704, 1760, 808]"
6555,"[1761, 1760, 1773, 1710, 1704]"
6556,"[1924, 116, 449, 1275, 451]"
6557,"[1924, 1761, 1750, 1112, 1760]"
6558,"[455, 116, 369, 125, 1924]"
6559,"[966, 959, 1246, 386, 958]"
6560,"[1884, 455, 438, 1636, 98]"
6561,"[199, 455, 619, 438, 1636]"
6562,"[455, 116, 114, 692, 1916]"
6563,"[878, 1536, 619, 922, 175]"
6564,"[1147, 1704, 1705, 454, 1753]"
6565,"[1761, 1760, 1705, 1704, 1924]"
6566,"[1924, 455, 116, 1610, 1192]"
6567,"[1924, 455, 1309, 1521, 1112]"
6568,"[1710, 1275, 1614, 1521, 1183]"
6569,"[455, 1761, 1760, 1704, 1705]"
6570,"[116, 114, 455, 60, 16]"
6571,"[1746, 675, 465, 692, 919]"
6572,"[441, 1727, 1758, 1273, 1269]"
6573,"[1761, 1750, 1921, 1704, 1147]"
6574,"[1704, 1705, 190, 1761, 1273]"
6575,"[441, 1038, 380, 1704, 1761]"
6576,"[1803, 1913, 1688, 1704, 1637]"
6577,"[1746, 435, 1773, 1727, 1192]"
6578,"[441, 1762, 1758, 1704, 1761]"
6579,"[1760, 1761, 1704, 1762, 1758]"
6580,"[97, 96, 1607, 1196, 1275]"
6581,"[455, 1639, 1695, 114, 440]"
6582,"[1924, 451, 1275, 1784, 455]"
6583,"[1113, 1147, 919, 1704, 455]"
6584,"[1913, 1611, 1704, 466, 786]"
6585,"[1761, 1113, 1704, 1112, 114]"
6586,"[386, 1760, 1761, 1704, 116]"
6587,"[1761, 449, 1275, 1112, 1273]"
6588,"[1147, 440, 1921, 1695, 449]"
6589,"[1704, 1705, 440, 1758, 1762]"
6590,"[653, 643, 1704, 1705, 1762]"
6591,"[1147, 1204, 1249, 1557, 185]"
6592,"[380, 320, 466, 1614, 1521]"
6593,"[1617, 1727, 346, 1728, 1521]"
6594,"[102, 1746, 409, 1752, 396]"
6595,"[898, 1550, 140, 1825, 1915]"
6596,"[1617, 1915, 98, 1760, 1761]"
6597,"[1202, 410, 1915, 1831, 1825]"
6598,"[1202, 410, 164, 1081, 902]"
6599,"[1185, 1675, 408, 1344, 848]"
6600,"[1277, 89, 1704, 1064, 455]"
6601,"[1257, 1025, 937, 159, 165]"
6602,"[1185, 1675, 1344, 408, 1676]"
6603,"[292, 1762, 919, 1027, 1026]"
6604,"[1086, 902, 1185, 1636, 438]"
6605,"[1927, 165, 878, 1030, 937]"
6606,"[409, 98, 1536, 97, 96]"
6607,"[165, 1025, 937, 159, 1761]"
6608,"[1704, 1705, 1068, 372, 1344]"
6609,"[102, 1750, 409, 60, 455]"
6610,"[164, 1025, 937, 159, 165]"
6611,"[1705, 1704, 1257, 1202, 410]"
6612,"[1298, 1705, 1825, 737, 719]"
6613,"[368, 1915, 1077, 346, 1155]"
6614,"[108, 1759, 1705, 1766, 1064]"
6615,"[1761, 1760, 1704, 1705, 1762]"
6616,"[773, 1637, 97, 96, 938]"
6617,"[1086, 1344, 438, 1636, 1185]"
6618,"[164, 921, 408, 919, 163]"
6619,"[1915, 1675, 920, 890, 112]"
6620,"[1185, 408, 1675, 1202, 410]"
6621,"[868, 1748, 408, 1071, 1344]"
6622,"[438, 1637, 1704, 1705, 1636]"
6623,"[1704, 1705, 926, 1185, 290]"
6624,"[1125, 165, 89, 906, 890]"
6625,"[1185, 408, 1675, 1202, 410]"
6626,"[924, 165, 921, 1025, 937]"
6627,"[1185, 1915, 737, 719, 1193]"
6628,"[1618, 1915, 926, 924, 1185]"
6629,"[1915, 1675, 396, 410, 1202]"
6630,"[760, 1025, 937, 159, 165]"
6631,"[924, 1627, 438, 1910, 409]"
6632,"[102, 409, 1915, 1025, 937]"
6633,"[1066, 1677, 1076, 925, 1202]"
6634,"[1185, 1202, 410, 408, 1344]"
6635,"[1185, 408, 1202, 410, 1550]"
6636,"[1705, 1769, 16, 1704, 1098]"
6637,"[812, 216, 356, 855, 840]"
6638,"[1001, 1270, 1650, 727, 734]"
6639,"[60, 125, 1924, 1118, 603]"
6640,"[1022, 1116, 618, 332, 815]"
6641,"[385, 1162, 383, 331, 1183]"
6642,"[1070, 16, 692, 730, 455]"
6643,"[1119, 701, 1536, 106, 706]"
6644,"[1924, 120, 466, 1536, 906]"
6645,"[1733, 1697, 603, 1275, 440]"
6646,"[906, 1536, 1916, 1910, 1705]"
6647,"[1161, 849, 120, 1101, 1727]"
6648,"[1920, 175, 670, 1590, 1706]"
6649,"[1032, 811, 112, 1275, 692]"
6650,"[468, 1783, 459, 1720, 211]"
6651,"[408, 1526, 1899, 112, 1627]"
6652,"[1704, 289, 692, 1915, 1901]"
6653,"[102, 1746, 98, 97, 96]"
6654,"[455, 98, 1636, 102, 922]"
6655,"[1904, 1899, 919, 1705, 1905]"
6656,"[983, 923, 442, 433, 749]"
6657,"[1907, 1762, 1758, 1904, 1705]"
6658,"[1647, 1761, 1704, 1705, 1594]"
6659,"[395, 403, 1931, 1795, 959]"
6660,"[1929, 1073, 1899, 1695, 455]"
6661,"[1704, 124, 1924, 1750, 878]"
6662,"[1085, 403, 1704, 347, 1705]"
6663,"[1907, 819, 96, 98, 409]"
6664,"[1526, 1922, 1897, 1921, 112]"
6665,"[959, 108, 1055, 1630, 1680]"
6666,"[1768, 1769, 1705, 1704, 919]"
6667,"[1677, 1837, 1833, 1828, 1607]"
6668,"[1042, 1159, 377, 265, 1704]"
6669,"[925, 904, 1616, 1118, 1313]"
6670,"[361, 1077, 1044, 1690, 1149]"
6671,"[849, 1057, 1040, 367, 991]"
6672,"[1627, 1905, 318, 1160, 1118]"
6673,"[1704, 1781, 1804, 1801, 1802]"
6674,"[865, 863, 1747, 1275, 451]"
6675,"[1915, 1704, 1705, 290, 922]"
6676,"[1762, 1904, 1758, 409, 102]"
6677,"[1908, 114, 314, 1192, 440]"
6678,"[1937, 1705, 663, 126, 1924]"
6679,"[1762, 1011, 694, 1786, 1790]"
6680,"[370, 1915, 603, 165, 1704]"
6681,"[1915, 116, 669, 1750, 408]"
6682,"[955, 971, 972, 973, 974]"
6683,"[125, 423, 1244, 1927, 902]"
6684,"[1795, 60, 1704, 749, 1705]"
6685,"[1073, 108, 1680, 1014, 175]"
6686,"[1752, 1758, 1085, 435, 1762]"
6687,"[1907, 451, 60, 449, 1924]"
6688,"[1774, 1761, 1760, 1887, 1773]"
6689,"[665, 1028, 658, 102, 1746]"
6690,"[1750, 1158, 1135, 1536, 1616]"
6691,"[1307, 16, 114, 1704, 1769]"
6692,"[314, 890, 112, 1916, 1073]"
6693,"[915, 952, 911, 980, 1705]"
6694,"[1704, 1617, 663, 687, 696]"
6695,"[1799, 1798, 1782, 1781, 284]"
6696,"[1075, 1664, 403, 1649, 979]"
6697,"[1133, 1651, 808, 1030, 1916]"
6698,"[1705, 1810, 1706, 670, 1816]"
6699,"[1202, 410, 175, 1810, 1706]"
6700,"[1064, 1536, 112, 1904, 1155]"
6701,"[1915, 125, 1244, 423, 259]"
6702,"[1915, 1137, 1924, 925, 125]"
6703,"[32, 13, 1264, 1758, 111]"
6704,"[125, 423, 1244, 1124, 408]"
6705,"[1915, 925, 1025, 937, 159]"
6706,"[98, 1917, 1915, 1536, 410]"
6707,"[164, 929, 172, 919, 935]"
6708,"[1041, 1049, 410, 1202, 1060]"
6709,"[292, 773, 98, 1638, 1193]"
6710,"[1924, 1705, 1704, 1870, 1874]"
6711,"[116, 455, 1761, 125, 1924]"
6712,"[1041, 165, 1036, 1704, 1746]"
6713,"[454, 455, 102, 291, 1070]"
6714,"[1014, 692, 1250, 1025, 937]"
6715,"[1704, 1112, 1275, 1273, 447]"
6716,"[1918, 979, 211, 441, 1704]"
6717,"[1030, 1529, 1041, 1155, 1202]"
6718,"[1746, 98, 97, 96, 102]"
6719,"[455, 163, 116, 1924, 1192]"
6720,"[1053, 1705, 1704, 1058, 911]"
6721,"[897, 1462, 1040, 1875, 1660]"
6722,"[438, 1636, 1637, 291, 455]"
6723,"[1761, 848, 1752, 433, 1777]"
6724,"[1896, 1627, 409, 102, 1638]"
6725,"[60, 1495, 1771, 1915, 128]"
6726,"[60, 1202, 410, 1915, 923]"
6727,"[455, 454, 98, 97, 96]"
6728,"[924, 926, 1202, 410, 1659]"
6729,"[219, 952, 1704, 1733, 688]"
6730,"[1758, 424, 618, 338, 1065]"
6731,"[449, 454, 1275, 692, 1910]"
6732,"[60, 1924, 1528, 1761, 1603]"
6733,"[1675, 408, 125, 165, 1676]"
6734,"[1762, 1758, 1796, 1727, 1803]"
6735,"[670, 405, 302, 294, 1147]"
6736,"[1915, 1706, 1592, 1552, 890]"
6737,"[629, 926, 1704, 136, 60]"
6738,"[1098, 1753, 108, 1704, 1705]"
6739,"[1772, 455, 454, 16, 114]"
6740,"[165, 1297, 435, 1202, 410]"
6741,"[1026, 1133, 1147, 1705, 1704]"
6742,"[1705, 1704, 1803, 16, 154]"
6743,"[259, 1152, 480, 372, 1800]"
6744,"[1133, 376, 1027, 361, 1021]"
6745,"[1770, 961, 1085, 1918, 979]"
6746,"[438, 1636, 1637, 291, 1192]"
6747,"[815, 1704, 1705, 89, 703]"
6748,"[1902, 124, 60, 890, 112]"
6749,"[106, 114, 16, 1760, 1704]"
6750,"[455, 454, 16, 60, 1192]"
6751,"[60, 1915, 371, 410, 1202]"
6752,"[1536, 1927, 290, 424, 1118]"
6753,"[165, 164, 1924, 1627, 1025]"
6754,"[749, 1040, 760, 1133, 172]"
6755,"[1075, 1019, 1753, 1704, 1705]"
6756,"[1244, 423, 125, 1690, 265]"
6757,"[1907, 1066, 1526, 166, 1052]"
6758,"[615, 966, 1899, 1147, 435]"
6759,"[1603, 1916, 670, 1202, 410]"
6760,"[102, 1746, 97, 96, 98]"
6761,"[1747, 865, 863, 440, 451]"
6762,"[1704, 938, 925, 79, 1129]"
6763,"[97, 1135, 1073, 1130, 1676]"
6764,"[120, 1681, 60, 758, 1000]"
6765,"[290, 275, 281, 1546, 1016]"
6766,"[922, 981, 980, 979, 213]"
6767,"[1025, 937, 159, 98, 1705]"
6768,"[175, 1758, 1760, 1761, 921]"
6769,"[175, 98, 97, 96, 124]"
6770,"[277, 1611, 961, 314, 455]"
6771,"[1705, 30, 931, 924, 920]"
6772,"[28, 1025, 937, 159, 1299]"
6773,"[318, 1069, 1797, 1696, 1697]"
6774,"[338, 1133, 1146, 321, 347]"
6775,"[1902, 1068, 1561, 1915, 408]"
6776,"[411, 1695, 1761, 1760, 605]"
6777,"[773, 1924, 1907, 102, 692]"
6778,"[1552, 1915, 216, 1674, 1721]"
6779,"[164, 1704, 197, 1025, 937]"
6780,"[670, 259, 1184, 175, 125]"
6781,"[299, 281, 296, 665, 275]"
6782,"[280, 281, 290, 1627, 931]"
6783,"[692, 1724, 848, 141, 409]"
6784,"[902, 628, 928, 925, 924]"
6785,"[1853, 1270, 290, 1299, 692]"
6786,"[380, 435, 1800, 1780, 1779]"
6787,"[1025, 937, 159, 1904, 102]"
6788,"[769, 767, 766, 764, 763]"
6789,"[1765, 1777, 1705, 1704, 89]"
6790,"[1745, 1671, 1616, 311, 958]"
6791,"[1704, 1131, 1073, 1091, 1202]"
6792,"[629, 1915, 124, 165, 1659]"
6793,"[1073, 1627, 291, 314, 989]"
6794,"[423, 1244, 125, 1690, 1705]"
6795,"[1713, 409, 773, 164, 1746]"
6796,"[1118, 124, 1885, 1130, 98]"
6797,"[1148, 1030, 1531, 1092, 221]"
6798,"[1750, 1924, 408, 781, 1740]"
6799,"[361, 1795, 925, 1135, 1754]"
6800,"[1902, 116, 114, 408, 1038]"
6801,"[455, 454, 114, 461, 89]"
6802,"[1272, 175, 1675, 60, 164]"
6803,"[1704, 1761, 1705, 1567, 1753]"
6804,"[899, 1627, 1299, 1073, 313]"
6805,"[1749, 1746, 102, 98, 96]"
6806,"[1053, 435, 1705, 1704, 1758]"
6807,"[985, 212, 984, 983, 1911]"
6808,"[1740, 781, 409, 692, 773]"
6809,"[1907, 1567, 1896, 1705, 106]"
6810,"[693, 1068, 1063, 1557, 694]"
6811,"[140, 171, 916, 1676, 60]"
6812,"[1902, 1746, 102, 124, 408]"
6813,"[1185, 98, 97, 96, 1098]"
6814,"[314, 339, 1152, 1146, 1672]"
6815,"[89, 1202, 410, 1025, 937]"
6816,"[1145, 1567, 1769, 1157, 1705]"
6817,"[1766, 347, 676, 1831, 1835]"
6818,"[1764, 1759, 1649, 946, 949]"
6819,"[124, 164, 60, 692, 98]"
6820,"[1705, 1704, 1803, 1085, 1649]"
6821,"[1907, 1897, 1529, 89, 1526]"
6822,"[1263, 676, 1073, 1536, 1137]"
6823,"[706, 1762, 1758, 116, 1605]"
6824,"[1295, 1279, 675, 403, 211]"
6825,"[920, 1567, 1753, 878, 1907]"
6826,"[374, 372, 435, 1705, 154]"
6827,"[1275, 1705, 1627, 97, 96]"
6828,"[1070, 455, 454, 116, 1899]"
6829,"[692, 1531, 98, 96, 409]"
6830,"[1918, 979, 1758, 1762, 154]"
6831,"[408, 1675, 1916, 1910, 890]"
6832,"[1073, 290, 281, 277, 275]"
6833,"[164, 1705, 1704, 98, 1025]"
6834,"[1807, 1025, 937, 878, 1638]"
6835,"[1705, 1704, 1636, 1904, 435]"
6836,"[1001, 216, 1606, 116, 102]"
6837,"[1727, 1769, 1710, 1566, 1728]"
6838,"[1040, 1746, 102, 1885, 1677]"
6839,"[1752, 359, 971, 1182, 1021]"
6840,"[922, 1843, 398, 930, 140]"
6841,"[849, 1746, 102, 1057, 853]"
6842,"[164, 1659, 165, 1202, 410]"
6843,"[409, 1746, 102, 692, 98]"
6844,"[1561, 1299, 395, 433, 1344]"
6845,"[1936, 1935, 1657, 1096, 433]"
6846,"[1904, 1627, 819, 1899, 1025]"
6847,"[1918, 979, 1803, 1800, 1780]"
6848,"[455, 164, 435, 79, 937]"
6849,"[1724, 1042, 730, 1025, 1193]"
6850,"[1746, 1713, 409, 692, 163]"
6851,"[1896, 97, 96, 98, 1567]"
6852,"[1910, 1921, 1112, 1908, 1275]"
6853,"[1705, 1704, 122, 140, 1835]"
6854,"[170, 272, 1705, 1704, 274]"
6855,"[1148, 1077, 1829, 1827, 998]"
6856,"[210, 862, 1052, 699, 221]"
6857,"[866, 89, 126, 98, 165]"
6858,"[1705, 1800, 1780, 1779, 1082]"
6859,"[1613, 291, 1530, 1904, 1636]"
6860,"[1750, 451, 60, 1638, 1277]"
6861,"[1124, 1626, 1244, 423, 125]"
6862,"[28, 341, 206, 208, 209]"
6863,"[1750, 1279, 1676, 408, 165]"
6864,"[165, 971, 1025, 937, 159]"
6865,"[1924, 952, 165, 692, 915]"
6866,"[125, 1690, 423, 1244, 603]"
6867,"[259, 1153, 1659, 1257, 1907]"
6868,"[1924, 1680, 925, 1030, 1202]"
6869,"[1761, 1760, 1705, 1924, 703]"
6870,"[97, 98, 96, 102, 1746]"
6871,"[1705, 1704, 357, 1014, 1875]"
6872,"[1118, 124, 1130, 1040, 1704]"
6873,"[60, 124, 1675, 97, 98]"
6874,"[1019, 329, 149, 971, 386]"
6875,"[290, 1304, 442, 1910, 1758]"
6876,"[1202, 937, 159, 1025, 1909]"
6877,"[130, 1769, 1753, 903, 1704]"
6878,"[1185, 89, 890, 112, 1705]"
6879,"[16, 1705, 1704, 1762, 1758]"
6880,"[124, 1130, 1676, 1675, 1299]"
6881,"[1752, 1814, 1813, 1812, 1754]"
6882,"[1705, 1704, 1677, 1675, 403]"
6883,"[98, 1746, 102, 1740, 290]"
6884,"[1042, 1902, 408, 344, 1916]"
6885,"[1627, 1527, 1905, 1705, 1704]"
6886,"[1176, 413, 1730, 88, 49]"
6887,"[441, 1899, 1025, 937, 159]"
6888,"[1753, 1755, 1705, 1752, 925]"
6889,"[692, 1277, 1157, 1636, 89]"
6890,"[1096, 1567, 409, 1704, 102]"
6891,"[1526, 1064, 409, 258, 97]"
6892,"[361, 1721, 60, 1915, 788]"
6893,"[1073, 1042, 1690, 175, 292]"
6894,"[1536, 116, 1924, 1758, 1762]"
6895,"[653, 849, 1022, 1727, 618]"
6896,"[102, 97, 96, 1896, 98]"
6897,"[1064, 408, 1902, 344, 1926]"
6898,"[1704, 1705, 1759, 878, 1758]"
6899,"[1303, 277, 1250, 89, 164]"
6900,"[1157, 862, 1567, 211, 1761]"
6901,"[1567, 1704, 1705, 106, 89]"
6902,"[341, 1926, 1073, 878, 1560]"
6903,"[1704, 1762, 1758, 815, 1705]"
6904,"[1705, 1704, 3, 2, 6]"
6905,"[90, 1738, 692, 98, 1073]"
6906,"[1742, 1248, 408, 1740, 1575]"
6907,"[1936, 912, 921, 1025, 937]"
6908,"[1525, 749, 1249, 718, 1758]"
6909,"[314, 1747, 865, 863, 1073]"
6910,"[89, 60, 171, 451, 440]"
6911,"[665, 1547, 1550, 1540, 97]"
6912,"[128, 211, 980, 1753, 985]"
6913,"[1014, 692, 1042, 1272, 928]"
6914,"[1746, 1299, 1916, 1915, 926]"
6915,"[1526, 1915, 1705, 878, 108]"
6916,"[1567, 1193, 1705, 1704, 165]"
6917,"[1049, 1054, 152, 1037, 149]"
6918,"[1904, 455, 1899, 1638, 409]"
6919,"[1915, 719, 727, 1650, 726]"
6920,"[140, 145, 971, 970, 969]"
6921,"[1082, 1309, 862, 1102, 441]"
6922,"[46, 1704, 911, 1918, 979]"
6923,"[1157, 921, 1746, 165, 164]"
6924,"[1014, 657, 722, 1866, 1649]"
6925,"[89, 1557, 1924, 424, 1277]"
6926,"[125, 1244, 423, 1690, 1029]"
6927,"[1026, 920, 1677, 675, 211]"
6928,"[108, 98, 97, 96, 102]"
6929,"[1636, 1272, 89, 1188, 110]"
6930,"[1627, 1905, 1527, 409, 1907]"
6931,"[1920, 759, 1066, 1255, 1919]"
6932,"[60, 102, 1746, 98, 97]"
6933,"[1902, 1185, 890, 112, 433]"
6934,"[1147, 1907, 375, 1705, 1704]"
6935,"[1034, 89, 435, 1297, 1202]"
6936,"[1760, 1761, 1758, 1070, 291]"
6937,"[1650, 727, 734, 70, 924]"
6938,"[1761, 297, 1525, 1889, 1025]"
6939,"[1041, 338, 692, 703, 1202]"
6940,"[1924, 938, 112, 60, 692]"
6941,"[1675, 1705, 98, 60, 1824]"
6942,"[1705, 961, 1704, 1790, 1880]"
6943,"[739, 60, 620, 470, 165]"
6944,"[1704, 1705, 480, 1753, 1675]"
6945,"[629, 60, 408, 124, 1297]"
6946,"[1752, 1758, 1762, 1269, 478]"
6947,"[1902, 408, 60, 125, 1704]"
6948,"[1773, 1085, 1705, 1758, 154]"
6949,"[1828, 1837, 1833, 1915, 1073]"
6950,"[1592, 1030, 1666, 1193, 1202]"
6951,"[175, 171, 1705, 1704, 60]"
6952,"[922, 1021, 1118, 1041, 1077]"
6953,"[440, 1762, 1773, 1147, 860]"
6954,"[1042, 1025, 165, 1131, 979]"
6955,"[165, 1025, 937, 159, 164]"
6956,"[1924, 1937, 1704, 1705, 1899]"
6957,"[170, 403, 1918, 979, 911]"
6958,"[165, 164, 408, 1299, 70]"
6959,"[925, 1516, 98, 97, 96]"
6960,"[89, 1922, 1897, 1526, 1297]"
6961,"[443, 1750, 347, 1793, 1792]"
6962,"[1526, 1627, 776, 409, 1922]"
6963,"[878, 455, 454, 1567, 60]"
6964,"[1280, 966, 618, 1246, 1761]"
6965,"[409, 318, 929, 172, 985]"
6966,"[1915, 1869, 569, 540, 572]"
6967,"[1904, 1071, 1924, 922, 1025]"
6968,"[1746, 98, 97, 96, 291]"
6969,"[1746, 98, 97, 96, 102]"
6970,"[922, 1071, 1627, 1904, 1025]"
6971,"[924, 409, 410, 1202, 1899]"
6972,"[1025, 937, 159, 124, 164]"
6973,"[1746, 102, 60, 165, 175]"
6974,"[1527, 773, 1676, 1298, 1299]"
6975,"[98, 1014, 97, 96, 692]"
6976,"[1072, 1761, 1704, 1775, 1752]"
6977,"[1636, 432, 438, 1924, 1935]"
