q_id,web_list
1,"[135, 1567, 16, 1607, 901]"
2,"[372, 368, 862, 455, 1570]"
3,"[116, 1705, 386, 1762, 1733]"
4,"[1051, 1043, 1704, 1760, 1762]"
5,"[926, 1620, 1924, 1520, 1659]"
6,"[108, 1495, 138, 1042, 349]"
7,"[1704, 1906, 89, 1528, 1916]"
8,"[282, 480, 1704, 73, 1705]"
9,"[1896, 1025, 165, 1608, 164]"
10,"[116, 1884, 1035, 1246, 1197]"
11,"[1599, 102, 1192, 1202, 410]"
12,"[1192, 1712, 114, 1611, 1523]"
13,"[1915, 919, 163, 165, 1025]"
14,"[372, 762, 926, 765, 759]"
15,"[1607, 1316, 1904, 18, 1705]"
16,"[1915, 1129, 918, 736, 1269]"
17,"[372, 368, 745, 455, 1788]"
18,"[1903, 1607, 1792, 1904, 1316]"
19,"[1082, 1073, 1900, 1767, 360]"
20,"[1915, 1060, 1043, 1249, 926]"
21,"[1915, 1884, 116, 18, 1792]"
22,"[1766, 1705, 1704, 1748, 349]"
23,"[73, 511, 1704, 1705, 162]"
24,"[102, 637, 666, 96, 97]"
25,"[1915, 1641, 114, 116, 1192]"
26,"[372, 368, 455, 862, 1697]"
27,"[667, 1538, 1556, 1615, 1586]"
28,"[1775, 857, 98, 1900, 1828]"
29,"[1915, 89, 1618, 1705, 216]"
30,"[1043, 1924, 1760, 1884, 1604]"
31,"[1915, 1733, 149, 1618, 89]"
32,"[116, 1915, 1561, 408, 1705]"
33,"[1915, 388, 1884, 1246, 1922]"
34,"[1499, 521, 1704, 1677, 1705]"
35,"[1704, 1607, 455, 1628, 1705]"
36,"[271, 143, 558, 1705, 1704]"
37,"[1725, 608, 848, 781, 1705]"
38,"[1607, 1608, 1733, 765, 768]"
39,"[478, 1924, 1704, 922, 1705]"
40,"[1071, 1915, 437, 349, 919]"
41,"[1670, 453, 749, 1524, 1752]"
42,"[372, 1191, 1192, 1570, 1121]"
43,"[1793, 1832, 1792, 1836, 1873]"
44,"[1256, 1299, 371, 430, 1258]"
45,"[1063, 739, 423, 1244, 1613]"
46,"[1620, 1037, 1049, 421, 1030]"
47,"[1627, 1905, 1907, 1745, 113]"
48,"[1896, 455, 1705, 1588, 900]"
49,"[1919, 333, 1062, 975, 543]"
50,"[73, 162, 919, 931, 934]"
51,"[511, 1704, 1705, 1809, 1835]"
52,"[1915, 1900, 1543, 1902, 408]"
53,"[135, 1567, 16, 1604, 1607]"
54,"[28, 1924, 98, 29, 1704]"
55,"[511, 1704, 1705, 1511, 1836]"
56,"[1527, 1627, 1905, 919, 1904]"
57,"[455, 1704, 1607, 1628, 1705]"
58,"[706, 1697, 335, 1696, 164]"
59,"[1068, 1121, 89, 1676, 29]"
60,"[1178, 1936, 1600, 360, 1040]"
61,"[1157, 432, 511, 1567, 1704]"
62,"[1924, 478, 1704, 1457, 1705]"
63,"[1071, 868, 1748, 1704, 1197]"
64,"[1891, 1567, 1527, 1562, 1532]"
65,"[1592, 995, 1567, 1705, 1704]"
66,"[1924, 1902, 1705, 1765, 1777]"
67,"[1705, 1167, 1733, 1704, 1655]"
68,"[1073, 874, 666, 634, 793]"
69,"[1915, 1580, 1340, 510, 1302]"
70,"[1896, 1607, 1157, 1608, 1517]"
71,"[89, 165, 1534, 1586, 1676]"
72,"[124, 96, 1700, 1904, 1232]"
73,"[1855, 376, 959, 677, 394]"
74,"[1612, 1704, 1705, 1762, 1758]"
75,"[1915, 1588, 1899, 1906, 1526]"
76,"[1915, 1598, 1193, 1705, 1620]"
77,"[1917, 1915, 408, 1902, 1733]"
78,"[478, 102, 116, 1924, 1617]"
79,"[823, 1762, 1914, 73, 88]"
80,"[372, 1906, 1302, 903, 1307]"
81,"[971, 1273, 778, 447, 291]"
82,"[1915, 1249, 1832, 1761, 823]"
83,"[368, 1915, 862, 408, 1042]"
84,"[368, 372, 1915, 216, 862]"
85,"[1079, 1043, 677, 1077, 1920]"
86,"[1586, 1615, 338, 1019, 734]"
87,"[1536, 1520, 1534, 1742, 1528]"
88,"[1896, 1607, 1192, 1705, 1567]"
89,"[1557, 1570, 1900, 1543, 1074]"
90,"[1704, 1177, 787, 1449, 1261]"
91,"[1713, 1701, 692, 667, 1543]"
92,"[1192, 114, 372, 1567, 1604]"
93,"[903, 1924, 677, 480, 376]"
94,"[116, 16, 1924, 1904, 1922]"
95,"[1915, 114, 113, 890, 1618]"
96,"[478, 811, 1763, 1894, 743]"
97,"[430, 1260, 1258, 1256, 1307]"
98,"[219, 887, 368, 1040, 1014]"
99,"[1246, 1878, 1707, 1717, 758]"
100,"[1615, 1906, 1567, 321, 1538]"
101,"[283, 1917, 1902, 359, 1900]"
102,"[1705, 1316, 1607, 1904, 1704]"
103,"[1299, 1814, 1813, 1706, 1810]"
104,"[1617, 926, 1884, 1567, 455]"
105,"[1772, 410, 1202, 1263, 1812]"
106,"[365, 1915, 408, 1014, 1008]"
107,"[914, 371, 1148, 924, 1762]"
108,"[1772, 1704, 1705, 1302, 1050]"
109,"[1638, 116, 1694, 164, 1748]"
110,"[511, 1129, 1607, 1704, 1659]"
111,"[1915, 624, 1598, 324, 403]"
112,"[1705, 933, 1193, 164, 419]"
113,"[73, 4, 1878, 1707, 1246]"
114,"[1900, 1915, 1917, 101, 1543]"
115,"[478, 443, 289, 1030, 1495]"
116,"[1029, 1026, 1193, 1586, 1620]"
117,"[1671, 1745, 1616, 1907, 96]"
118,"[762, 1733, 765, 768, 1873]"
119,"[478, 1915, 1924, 1704, 1067]"
120,"[1772, 1646, 1451, 1853, 961]"
121,"[455, 421, 89, 1025, 1607]"
122,"[1772, 1815, 1706, 1811, 1812]"
123,"[735, 89, 164, 938, 935]"
124,"[135, 1721, 1570, 1670, 1802]"
125,"[372, 1098, 368, 58, 57]"
126,"[1389, 216, 1789, 1733, 446]"
127,"[1915, 1025, 919, 1617, 937]"
128,"[1929, 114, 1567, 1307, 884]"
129,"[455, 1704, 1607, 1705, 1628]"
130,"[1762, 292, 1758, 1761, 1617]"
131,"[1878, 1707, 456, 8, 11]"
132,"[1907, 1704, 1705, 786, 1885]"
133,"[478, 1924, 1705, 1733, 1704]"
134,"[1924, 1705, 478, 1906, 1704]"
135,"[1704, 511, 1511, 1705, 512]"
136,"[1708, 1878, 1707, 45, 1596]"
137,"[372, 1607, 1157, 441, 1517]"
138,"[1567, 1618, 1705, 1761, 1704]"
139,"[1157, 1046, 165, 1607, 1659]"
140,"[1249, 140, 398, 913, 1746]"
141,"[1915, 1299, 1256, 1924, 1260]"
142,"[1906, 455, 1070, 1926, 1922]"
143,"[1299, 1924, 1704, 1899, 1914]"
144,"[368, 1042, 698, 1192, 455]"
145,"[441, 1630, 828, 1922, 1897]"
146,"[1246, 453, 495, 78, 1561]"
147,"[903, 927, 1863, 1901, 430]"
148,"[1704, 1567, 1705, 1894, 95]"
149,"[372, 368, 1070, 1613, 454]"
150,"[256, 1567, 901, 83, 53]"
151,"[1915, 930, 1906, 1528, 1620]"
152,"[1113, 114, 1066, 1077, 1617]"
153,"[1915, 1620, 1043, 1704, 216]"
154,"[1704, 1705, 1758, 1760, 1761]"
155,"[1726, 1604, 1601, 1705, 1704]"
156,"[73, 1723, 1717, 37, 3]"
157,"[372, 1733, 511, 1704, 125]"
158,"[1071, 1807, 1704, 1567, 1705]"
159,"[1277, 1726, 1662, 692, 1601]"
160,"[1029, 1042, 1026, 938, 1046]"
161,"[1071, 1884, 1922, 1897, 478]"
162,"[1896, 1193, 1567, 1618, 1907]"
163,"[1922, 1897, 1567, 1899, 1705]"
164,"[1599, 123, 1772, 1768, 349]"
165,"[1768, 1773, 1762, 1775, 1769]"
166,"[1570, 1895, 1287, 1785, 828]"
167,"[663, 637, 102, 97, 96]"
168,"[288, 97, 96, 1590, 824]"
169,"[136, 275, 137, 273, 1630]"
170,"[1772, 595, 1299, 597, 593]"
171,"[1673, 892, 872, 1674, 1704]"
172,"[1922, 1897, 1567, 1907, 1899]"
173,"[47, 1636, 1314, 368, 1897]"
174,"[128, 1899, 1792, 1789, 1922]"
175,"[794, 1044, 1746, 1742, 97]"
176,"[1110, 1915, 438, 437, 1705]"
177,"[1704, 1705, 920, 89, 911]"
178,"[993, 320, 1091, 1064, 868]"
179,"[1888, 1795, 1130, 97, 875]"
180,"[1915, 624, 1617, 926, 324]"
181,"[1570, 1192, 372, 1615, 1121]"
182,"[372, 368, 1915, 454, 1113]"
183,"[1915, 1902, 1917, 101, 1900]"
184,"[1915, 306, 1562, 926, 1705]"
185,"[1582, 1380, 88, 49, 1704]"
186,"[368, 1894, 455, 1705, 1704]"
187,"[113, 1899, 1922, 1897, 1924]"
188,"[116, 377, 1884, 114, 1600]"
189,"[1878, 1707, 1708, 1513, 542]"
190,"[1915, 1902, 1704, 1705, 926]"
191,"[1915, 1710, 1704, 1070, 1705]"
192,"[1612, 1704, 1705, 1809, 162]"
193,"[442, 1073, 624, 1752, 1188]"
194,"[1612, 1615, 1705, 1567, 1704]"
195,"[1900, 1924, 1259, 1298, 1261]"
196,"[1071, 16, 1705, 1704, 1807]"
197,"[1472, 1704, 1511, 1705, 511]"
198,"[926, 1598, 1617, 1662, 1557]"
199,"[865, 1747, 863, 1269, 885]"
200,"[919, 1884, 159, 937, 1604]"
201,"[1705, 1704, 1914, 1748, 868]"
202,"[1900, 1705, 1704, 1543, 1620]"
203,"[1705, 73, 1317, 1704, 878]"
204,"[1607, 1517, 1532, 1608, 1904]"
205,"[1915, 478, 1924, 1884, 114]"
206,"[1705, 474, 1317, 1704, 1758]"
207,"[1772, 594, 16, 1045, 542]"
208,"[1032, 1705, 1762, 1704, 1758]"
209,"[587, 862, 1924, 1603, 1786]"
210,"[737, 719, 347, 823, 959]"
211,"[1704, 478, 1705, 1924, 1884]"
212,"[112, 1924, 408, 116, 1599]"
213,"[1904, 1705, 1040, 1192, 114]"
214,"[1705, 575, 566, 568, 571]"
215,"[1705, 1762, 1897, 1704, 95]"
216,"[1523, 1705, 1538, 1556, 1906]"
217,"[1878, 1707, 1570, 1721, 372]"
218,"[1899, 1705, 1526, 1885, 1567]"
219,"[493, 1733, 757, 927, 741]"
220,"[165, 1915, 1697, 1698, 1676]"
221,"[1157, 1613, 108, 1607, 138]"
222,"[945, 1013, 341, 1705, 1704]"
223,"[1704, 1705, 551, 106, 1887]"
224,"[1192, 135, 1567, 1896, 16]"
225,"[1906, 1705, 1825, 1704, 1528]"
226,"[1613, 1666, 926, 1676, 124]"
227,"[464, 432, 1924, 522, 164]"
228,"[1705, 375, 1704, 114, 1349]"
229,"[1728, 1732, 1704, 1705, 1192]"
230,"[1649, 692, 1637, 1788, 324]"
231,"[1775, 1662, 1762, 1761, 1249]"
232,"[440, 1599, 1704, 676, 697]"
233,"[455, 114, 884, 16, 1192]"
234,"[107, 884, 927, 1746, 1905]"
235,"[1043, 677, 1620, 1249, 1592]"
236,"[1636, 292, 1705, 1704, 16]"
237,"[1874, 1358, 1370, 1705, 1704]"
238,"[1043, 1511, 1836, 1302, 1873]"
239,"[1704, 116, 439, 1884, 631]"
240,"[1902, 1030, 1714, 921, 1592]"
241,"[368, 372, 454, 1613, 455]"
242,"[1351, 1252, 1302, 1906, 1299]"
243,"[135, 1567, 1906, 16, 1607]"
244,"[114, 922, 1705, 1114, 1896]"
245,"[478, 1924, 1886, 1704, 1705]"
246,"[1900, 1902, 1917, 368, 116]"
247,"[1764, 73, 1759, 514, 1705]"
248,"[1157, 368, 372, 1733, 1192]"
249,"[455, 1726, 692, 1191, 454]"
250,"[7, 1878, 1707, 1772, 1708]"
251,"[1601, 692, 706, 1761, 1704]"
252,"[1043, 1906, 1916, 1915, 257]"
253,"[1792, 443, 1192, 807, 114]"
254,"[116, 1900, 1902, 1917, 1916]"
255,"[1704, 107, 1705, 98, 440]"
256,"[1157, 368, 1113, 1067, 1613]"
257,"[1705, 748, 1704, 677, 1894]"
258,"[1260, 430, 1256, 1258, 1863]"
259,"[1915, 1924, 89, 1025, 1887]"
260,"[223, 428, 406, 407, 1086]"
261,"[1704, 1705, 453, 1525, 1764]"
262,"[1886, 1762, 1249, 1598, 1761]"
263,"[419, 1914, 159, 937, 455]"
264,"[1705, 1704, 1733, 89, 901]"
265,"[1924, 478, 1704, 1705, 1457]"
266,"[1915, 1704, 1705, 1567, 1578]"
267,"[1900, 1760, 1617, 1758, 1555]"
268,"[1924, 478, 1884, 1705, 1704]"
269,"[368, 862, 1556, 683, 1538]"
270,"[1586, 379, 1019, 1615, 1053]"
271,"[1030, 1024, 1929, 1687, 434]"
272,"[1052, 363, 1667, 1733, 255]"
273,"[1915, 1929, 926, 1299, 1900]"
274,"[1896, 1607, 1033, 1608, 164]"
275,"[363, 1570, 1607, 1704, 1705]"
276,"[290, 257, 1704, 118, 1705]"
277,"[1232, 1296, 1785, 1511, 1567]"
278,"[1915, 1607, 527, 89, 114]"
279,"[1772, 1491, 1555, 364, 760]"
280,"[514, 403, 511, 765, 751]"
281,"[1157, 1896, 1607, 1608, 1517]"
282,"[1899, 95, 530, 1704, 1906]"
283,"[372, 368, 1113, 455, 1191]"
284,"[1607, 1906, 1705, 1588, 1704]"
285,"[594, 1513, 1772, 542, 927]"
286,"[1900, 1917, 892, 1543, 1902]"
287,"[1157, 1113, 368, 455, 1615]"
288,"[124, 1904, 18, 1316, 1320]"
289,"[1675, 862, 1676, 1915, 216]"
290,"[125, 1761, 1902, 478, 1924]"
291,"[1915, 621, 677, 1792, 1789]"
292,"[1173, 164, 1166, 89, 409]"
293,"[420, 862, 1603, 1786, 606]"
294,"[933, 1836, 1873, 1832, 1620]"
295,"[1900, 1917, 216, 1915, 692]"
296,"[1620, 1793, 1915, 1043, 89]"
297,"[1917, 1612, 1914, 1704, 1599]"
298,"[1904, 116, 1705, 1192, 1067]"
299,"[1884, 432, 171, 1562, 1887]"
300,"[1249, 1705, 1202, 410, 1704]"
301,"[1249, 1043, 885, 1704, 1873]"
302,"[1772, 1516, 1705, 349, 1704]"
303,"[1832, 1793, 677, 1789, 1792]"
304,"[1704, 478, 1884, 1924, 1112]"
305,"[1878, 1707, 875, 1795, 73]"
306,"[1015, 392, 135, 1732, 1728]"
307,"[1257, 1306, 462, 1363, 1068]"
308,"[1705, 419, 1704, 933, 165]"
309,"[1787, 1786, 1775, 1769, 1761]"
310,"[1768, 135, 1889, 60, 1570]"
311,"[501, 1659, 1531, 1030, 1068]"
312,"[1525, 1746, 1887, 1541, 749]"
313,"[493, 1249, 1825, 1363, 1831]"
314,"[441, 1295, 298, 433, 1687]"
315,"[165, 162, 919, 924, 938]"
316,"[599, 595, 597, 593, 765]"
317,"[811, 1610, 114, 455, 1922]"
318,"[1900, 1915, 890, 1902, 922]"
319,"[1902, 1900, 114, 455, 1884]"
320,"[1932, 1704, 530, 1705, 896]"
321,"[1915, 1924, 890, 1884, 114]"
322,"[372, 1072, 29, 886, 116]"
323,"[988, 149, 736, 1049, 971]"
324,"[1192, 1611, 1915, 116, 1899]"
325,"[1772, 1886, 1301, 1763, 356]"
326,"[1607, 1737, 1733, 768, 745]"
327,"[1924, 1599, 1899, 1762, 1704]"
328,"[926, 919, 885, 1915, 1617]"
329,"[409, 688, 1713, 96, 97]"
330,"[1915, 922, 1825, 1935, 430]"
331,"[361, 818, 1038, 1760, 446]"
332,"[926, 1705, 1704, 1618, 1676]"
333,"[1607, 1192, 1704, 1615, 1705]"
334,"[1607, 1517, 1896, 1192, 1587]"
335,"[1604, 216, 1915, 1748, 790]"
336,"[1034, 867, 751, 1028, 749]"
337,"[1902, 1704, 1926, 1699, 1705]"
338,"[1526, 1527, 1899, 1924, 1041]"
339,"[1570, 1192, 372, 1615, 1121]"
340,"[1922, 1897, 114, 1884, 1192]"
341,"[372, 89, 29, 1192, 114]"
342,"[1902, 1713, 102, 98, 420]"
343,"[114, 1875, 1761, 1192, 454]"
344,"[1878, 1707, 1570, 372, 1875]"
345,"[1586, 1607, 1705, 511, 1269]"
346,"[1915, 1192, 1113, 368, 455]"
347,"[1705, 1601, 888, 1604, 692]"
348,"[1915, 98, 1249, 677, 406]"
349,"[116, 379, 114, 1705, 1704]"
350,"[1705, 1619, 1561, 1761, 1704]"
351,"[478, 1705, 1924, 1758, 1884]"
352,"[368, 372, 1570, 455, 862]"
353,"[472, 1701, 277, 1006, 73]"
354,"[1612, 1704, 164, 1705, 1193]"
355,"[1915, 368, 1113, 677, 455]"
356,"[1915, 885, 1619, 216, 89]"
357,"[1924, 478, 919, 1704, 1922]"
358,"[1812, 1811, 677, 1705, 1704]"
359,"[890, 1704, 1705, 1904, 112]"
360,"[1917, 1599, 1914, 1704, 1762]"
361,"[1900, 1543, 1620, 1705, 1029]"
362,"[1599, 1917, 1914, 1762, 1758]"
363,"[1900, 1543, 113, 112, 890]"
364,"[1915, 1899, 216, 485, 1620]"
365,"[938, 282, 1202, 164, 163]"
366,"[875, 1795, 1888, 1887, 1866]"
367,"[1270, 1710, 1896, 1658, 1636]"
368,"[1836, 1316, 1832, 1873, 903]"
369,"[90, 1863, 597, 1023, 135]"
370,"[1769, 1704, 1775, 1705, 1073]"
371,"[1137, 857, 1705, 511, 1704]"
372,"[73, 171, 749, 1670, 403]"
373,"[1787, 655, 1786, 411, 446]"
374,"[116, 1915, 478, 1924, 1884]"
375,"[1670, 1524, 1525, 1197, 1752]"
376,"[1704, 1705, 1637, 1091, 1599]"
377,"[1902, 1704, 442, 1104, 1705]"
378,"[1316, 561, 1461, 1457, 1758]"
379,"[1907, 478, 388, 1897, 1899]"
380,"[1758, 1762, 884, 1607, 1612]"
381,"[368, 1, 1704, 1607, 455]"
382,"[478, 1924, 1704, 163, 919]"
383,"[1705, 1704, 1733, 1567, 1762]"
384,"[1613, 1608, 1909, 1914, 1193]"
385,"[1017, 1599, 349, 919, 1043]"
386,"[1790, 1789, 292, 1788, 590]"
387,"[372, 1567, 1746, 1611, 1249]"
388,"[98, 1070, 1628, 368, 289]"
389,"[1704, 1705, 1073, 1836, 1873]"
390,"[1915, 1557, 1900, 1662, 1543]"
391,"[1760, 361, 1273, 1762, 1600]"
392,"[1905, 1922, 1897, 188, 881]"
393,"[1488, 1705, 1029, 1133, 824]"
394,"[1704, 878, 487, 1756, 1705]"
395,"[1192, 135, 1567, 1896, 16]"
396,"[478, 590, 597, 593, 599]"
397,"[1147, 1899, 114, 375, 455]"
398,"[1906, 1302, 926, 1704, 1705]"
399,"[868, 1587, 1924, 1792, 1789]"
400,"[1705, 1894, 1756, 1704, 1884]"
401,"[1746, 930, 1705, 1704, 1670]"
402,"[1915, 116, 1924, 1884, 1246]"
403,"[1758, 1705, 1804, 1801, 1799]"
404,"[1026, 990, 339, 347, 1775]"
405,"[135, 511, 1704, 1705, 468]"
406,"[1157, 368, 862, 901, 1613]"
407,"[1900, 1543, 1620, 1259, 1261]"
408,"[1902, 1713, 1900, 289, 165]"
409,"[339, 1655, 1705, 1760, 1761]"
410,"[1745, 1671, 1616, 96, 1041]"
411,"[28, 1302, 1675, 1699, 29]"
412,"[1726, 692, 1601, 846, 1191]"
413,"[204, 140, 200, 195, 964]"
414,"[126, 1855, 787, 59, 1908]"
415,"[135, 1711, 1570, 1187, 1803]"
416,"[175, 163, 1904, 938, 919]"
417,"[1618, 930, 1752, 1705, 933]"
418,"[1154, 1915, 1592, 408, 1018]"
419,"[1157, 1067, 1186, 1069, 128]"
420,"[1148, 924, 959, 371, 149]"
421,"[851, 1705, 1131, 1026, 317]"
422,"[1587, 1627, 1037, 175, 922]"
423,"[594, 1513, 1772, 1340, 542]"
424,"[1607, 511, 1704, 765, 1615]"
425,"[1607, 1705, 1704, 455, 1733]"
426,"[365, 446, 688, 398, 1197]"
427,"[116, 114, 1192, 1611, 408]"
428,"[1157, 276, 1567, 1319, 455]"
429,"[1549, 1727, 320, 102, 1728]"
430,"[1042, 1030, 728, 925, 1026]"
431,"[361, 398, 533, 681, 683]"
432,"[478, 1924, 919, 1884, 102]"
433,"[1915, 376, 140, 677, 913]"
434,"[862, 164, 1613, 165, 1193]"
435,"[1567, 372, 135, 108, 16]"
436,"[926, 1302, 1705, 1704, 1511]"
437,"[933, 1705, 1704, 511, 1809]"
438,"[478, 1030, 1704, 1909, 1761]"
439,"[1772, 1580, 1486, 66, 1223]"
440,"[1917, 1599, 1612, 1914, 1704]"
441,"[1915, 216, 1555, 1704, 349]"
442,"[1760, 1516, 1904, 1704, 1713]"
443,"[372, 368, 1072, 683, 1024]"
444,"[372, 368, 455, 1113, 862]"
445,"[376, 677, 1302, 1363, 349]"
446,"[1900, 114, 1902, 1108, 868]"
447,"[1249, 1511, 1705, 1021, 1906]"
448,"[125, 116, 1704, 1924, 1024]"
449,"[1071, 1587, 89, 1897, 1922]"
450,"[1836, 1873, 1832, 1193, 1705]"
451,"[1894, 1, 1704, 1607, 455]"
452,"[1917, 1705, 1704, 485, 901]"
453,"[1900, 1902, 1917, 1552, 28]"
454,"[95, 162, 1809, 165, 919]"
455,"[837, 259, 240, 267, 266]"
456,"[1915, 868, 1922, 1897, 1900]"
457,"[1916, 125, 1915, 1928, 1043]"
458,"[1900, 1924, 478, 1102, 677]"
459,"[1095, 1259, 1906, 1704, 823]"
460,"[1915, 1302, 1363, 1863, 1836]"
461,"[1615, 1878, 1707, 727, 726]"
462,"[1135, 1924, 1855, 1086, 398]"
463,"[1924, 163, 1884, 1713, 175]"
464,"[1915, 1924, 408, 1704, 1299]"
465,"[1570, 108, 372, 1721, 1804]"
466,"[926, 1158, 335, 885, 1748]"
467,"[73, 1759, 1764, 1776, 1757]"
468,"[1704, 1900, 349, 1705, 1543]"
469,"[1570, 372, 1192, 412, 1787]"
470,"[811, 1192, 1071, 1611, 365]"
471,"[692, 1304, 1255, 1677, 1904]"
472,"[1062, 1124, 110, 1063, 116]"
473,"[1042, 1924, 1899, 1915, 402]"
474,"[278, 276, 1752, 1902, 853]"
475,"[1915, 677, 1042, 1598, 1249]"
476,"[594, 1513, 542, 1340, 1772]"
477,"[1763, 1302, 901, 1777, 1765]"
478,"[1900, 1543, 868, 1927, 1620]"
479,"[1762, 1758, 112, 1523, 1704]"
480,"[455, 368, 745, 1734, 1607]"
481,"[1667, 1053, 1666, 1630, 79]"
482,"[292, 1617, 1761, 455, 1758]"
483,"[1607, 1733, 1608, 1157, 768]"
484,"[116, 1902, 1900, 1884, 1924]"
485,"[1705, 1704, 1924, 1807, 103]"
486,"[1607, 1517, 1608, 1904, 1534]"
487,"[888, 1636, 901, 1567, 114]"
488,"[1299, 1612, 1666, 1620, 1762]"
489,"[1853, 1849, 1848, 1844, 1851]"
490,"[1915, 1917, 1705, 116, 1884]"
491,"[1549, 1551, 1915, 862, 1901]"
492,"[1608, 368, 1607, 372, 819]"
493,"[1900, 1760, 1068, 1543, 216]"
494,"[1792, 1192, 1788, 1599, 372]"
495,"[1760, 1705, 1884, 1890, 1894]"
496,"[1735, 1737, 1705, 1733, 1699]"
497,"[455, 1704, 1607, 1613, 1192]"
498,"[1025, 1033, 1041, 1924, 159]"
499,"[1192, 1712, 114, 1604, 692]"
500,"[360, 1767, 73, 403, 1903]"
501,"[1926, 1125, 1600, 1523, 455]"
502,"[1370, 1358, 1030, 1363, 1531]"
503,"[679, 1762, 682, 556, 111]"
504,"[164, 1074, 1704, 1620, 1705]"
505,"[1019, 1022, 1889, 477, 749]"
506,"[1246, 1617, 927, 1901, 1768]"
507,"[1936, 357, 823, 406, 1649]"
508,"[1906, 1528, 1704, 1916, 1705]"
509,"[1704, 1758, 1899, 901, 1063]"
510,"[1902, 1917, 757, 1552, 927]"
511,"[1915, 114, 1636, 455, 1567]"
512,"[410, 1202, 372, 368, 1607]"
513,"[219, 1060, 1338, 719, 1370]"
514,"[1056, 1613, 1607, 1188, 216]"
515,"[216, 165, 113, 1025, 937]"
516,"[916, 408, 1915, 1884, 455]"
517,"[1906, 455, 1607, 1733, 1255]"
518,"[1917, 1074, 1620, 1902, 1752]"
519,"[1015, 828, 1710, 1727, 1287]"
520,"[1043, 1884, 1704, 1705, 788]"
521,"[1878, 1707, 1570, 1802, 73]"
522,"[1825, 1787, 1363, 1792, 1790]"
523,"[1704, 677, 1900, 1809, 1026]"
524,"[885, 1752, 1766, 1755, 1923]"
525,"[1917, 408, 98, 1924, 661]"
526,"[1705, 1713, 289, 1704, 1924]"
527,"[926, 258, 1558, 1906, 824]"
528,"[257, 1613, 1127, 1530, 1554]"
529,"[1772, 212, 594, 1912, 1193]"
530,"[165, 1705, 1704, 1899, 1191]"
531,"[1915, 357, 1906, 125, 1079]"
532,"[1607, 1659, 1517, 164, 29]"
533,"[862, 368, 1567, 1762, 455]"
534,"[304, 478, 1030, 1074, 1068]"
535,"[1924, 1307, 1704, 1705, 1302]"
536,"[73, 1207, 37, 1704, 1428]"
537,"[1924, 1761, 478, 163, 919]"
538,"[478, 1924, 1705, 335, 1562]"
539,"[837, 1317, 135, 1567, 808]"
540,"[1121, 116, 349, 89, 29]"
541,"[1131, 97, 452, 96, 925]"
542,"[1936, 451, 1040, 1192, 440]"
543,"[1915, 432, 1906, 1676, 165]"
544,"[1705, 478, 1899, 1906, 1704]"
545,"[1906, 1873, 1836, 1832, 1704]"
546,"[398, 150, 136, 1080, 927]"
547,"[1586, 1607, 1836, 432, 1615]"
548,"[478, 1607, 1924, 886, 928]"
549,"[552, 1705, 1884, 1758, 1924]"
550,"[371, 1828, 430, 1148, 1299]"
551,"[1915, 1043, 1659, 1906, 164]"
552,"[1113, 368, 1066, 1056, 1567]"
553,"[1607, 1733, 765, 768, 745]"
554,"[1157, 1607, 511, 1704, 1192]"
555,"[1772, 1536, 1899, 1561, 1526]"
556,"[1760, 1924, 1307, 1917, 1761]"
557,"[1567, 135, 1705, 1885, 1607]"
558,"[478, 1924, 1071, 1884, 1897]"
559,"[811, 1071, 322, 1599, 1899]"
560,"[1704, 1705, 349, 1760, 1073]"
561,"[114, 1915, 1917, 216, 116]"
562,"[1900, 1915, 1902, 890, 1917]"
563,"[1704, 1516, 1705, 527, 1752]"
564,"[1924, 478, 919, 114, 1884]"
565,"[1620, 1520, 515, 1704, 419]"
566,"[811, 413, 114, 807, 1899]"
567,"[628, 1525, 1746, 1887, 749]"
568,"[1915, 677, 1900, 1746, 216]"
569,"[1899, 1526, 1705, 455, 1193]"
570,"[1607, 216, 1904, 403, 1316]"
571,"[1906, 1528, 1899, 1916, 1588]"
572,"[1915, 408, 1704, 1705, 1792]"
573,"[1915, 1676, 89, 113, 890]"
574,"[135, 1567, 108, 1607, 1611]"
575,"[1915, 868, 1748, 125, 20]"
576,"[1814, 1813, 1811, 1812, 1815]"
577,"[1772, 594, 1340, 1580, 649]"
578,"[1922, 1897, 1526, 1249, 166]"
579,"[1899, 1924, 1900, 1543, 1894]"
580,"[223, 1338, 1332, 1590, 736]"
581,"[259, 1288, 1153, 1567, 256]"
582,"[98, 1550, 1619, 1620, 89]"
583,"[1671, 1745, 1616, 1924, 1534]"
584,"[1705, 1704, 1884, 16, 114]"
585,"[1155, 1441, 1904, 660, 1316]"
586,"[1592, 149, 141, 1705, 138]"
587,"[1899, 216, 1924, 1536, 1904]"
588,"[1612, 1704, 624, 1511, 1705]"
589,"[1659, 926, 1561, 1556, 1520]"
590,"[1915, 1560, 1900, 1762, 1861]"
591,"[116, 1884, 1921, 1067, 1704]"
592,"[1761, 982, 461, 465, 21]"
593,"[420, 862, 1786, 1603, 606]"
594,"[1915, 1705, 1704, 97, 96]"
595,"[1900, 1917, 1704, 501, 927]"
596,"[1064, 1916, 1884, 291, 1910]"
597,"[1915, 1904, 1924, 1246, 1567]"
598,"[903, 868, 309, 1704, 1705]"
599,"[1906, 1825, 1705, 1704, 1826]"
600,"[1705, 1924, 1915, 116, 1561]"
601,"[1704, 1825, 511, 1705, 1832]"
602,"[1900, 1742, 1836, 1832, 1873]"
603,"[1878, 1707, 1246, 73, 692]"
604,"[1760, 1758, 1704, 1761, 1705]"
605,"[1915, 1900, 1917, 408, 1620]"
606,"[1900, 1704, 1620, 1705, 1074]"
607,"[1756, 108, 851, 1705, 1607]"
608,"[58, 57, 54, 677, 16]"
609,"[1924, 478, 1704, 1705, 114]"
610,"[1142, 411, 1855, 1861, 1846]"
611,"[440, 427, 58, 54, 57]"
612,"[1726, 1712, 692, 1191, 1601]"
613,"[116, 1760, 114, 1636, 1761]"
614,"[1704, 1705, 1758, 1761, 1762]"
615,"[1915, 677, 1705, 1704, 270]"
616,"[125, 1705, 128, 406, 407]"
617,"[760, 115, 624, 364, 1023]"
618,"[749, 1887, 1786, 1746, 862]"
619,"[1936, 1906, 1556, 1086, 1617]"
620,"[835, 1704, 1705, 1758, 1760]"
621,"[102, 409, 97, 96, 421]"
622,"[1903, 1615, 965, 1030, 357]"
623,"[368, 379, 1113, 455, 862]"
624,"[1772, 1704, 1705, 1760, 1758]"
625,"[1915, 455, 1618, 890, 411]"
626,"[1915, 371, 1659, 1148, 1658]"
627,"[1772, 1034, 1932, 1639, 681]"
628,"[363, 1677, 255, 1824, 1870]"
629,"[1772, 527, 1213, 1440, 523]"
630,"[114, 1875, 1761, 1705, 454]"
631,"[1074, 1620, 1927, 1072, 1612]"
632,"[1915, 1917, 116, 1900, 1884]"
633,"[677, 1768, 1863, 1836, 1704]"
634,"[1915, 1900, 1924, 1902, 1917]"
635,"[1659, 933, 1193, 1612, 1620]"
636,"[1878, 1707, 1570, 372, 1721]"
637,"[1772, 594, 1513, 542, 595]"
638,"[1915, 1001, 368, 455, 1193]"
639,"[1906, 1302, 903, 1762, 1252]"
640,"[1902, 443, 861, 1599, 1074]"
641,"[1915, 1202, 410, 926, 1618]"
642,"[1043, 333, 288, 1620, 692]"
643,"[793, 1313, 1887, 749, 1541]"
644,"[368, 114, 1917, 216, 455]"
645,"[1704, 108, 1705, 1570, 73]"
646,"[1607, 1705, 1704, 511, 432]"
647,"[351, 604, 1511, 1924, 1338]"
648,"[1899, 1922, 1897, 890, 530]"
649,"[1607, 1608, 1894, 1705, 1704]"
650,"[372, 1607, 1157, 1570, 1613]"
651,"[455, 1636, 406, 407, 1929]"
652,"[195, 203, 177, 196, 153]"
653,"[1704, 114, 1192, 1705, 1773]"
654,"[1772, 1618, 1675, 1704, 364]"
655,"[1705, 1704, 901, 1612, 511]"
656,"[455, 1567, 1907, 114, 1899]"
657,"[1896, 1157, 1567, 1615, 1607]"
658,"[116, 1249, 1884, 114, 1761]"
659,"[455, 535, 1210, 1457, 1113]"
660,"[1899, 1604, 455, 1922, 1897]"
661,"[73, 1225, 1704, 1717, 601]"
662,"[1655, 1924, 1523, 454, 1191]"
663,"[1726, 1662, 1915, 1604, 116]"
664,"[116, 1067, 114, 1889, 1567]"
665,"[1032, 114, 231, 1924, 216]"
666,"[1086, 1936, 1928, 1906, 89]"
667,"[341, 1915, 334, 289, 1704]"
668,"[911, 288, 381, 1915, 149]"
669,"[1273, 1113, 1926, 1931, 697]"
670,"[1915, 1404, 501, 493, 900]"
671,"[511, 514, 599, 593, 595]"
672,"[1072, 1620, 282, 1805, 1911]"
673,"[1121, 1192, 1011, 1615, 1586]"
674,"[1704, 1607, 455, 1705, 1617]"
675,"[1786, 1787, 1670, 1792, 1320]"
676,"[1931, 291, 1246, 1273, 447]"
677,"[1900, 1902, 1917, 114, 359]"
678,"[48, 1704, 1705, 165, 114]"
679,"[125, 1792, 28, 1187, 18]"
680,"[1567, 1618, 1192, 1885, 1705]"
681,"[1067, 1124, 997, 454, 660]"
682,"[372, 108, 368, 1072, 1721]"
683,"[216, 408, 263, 1168, 150]"
684,"[1762, 1705, 1704, 688, 1147]"
685,"[1899, 1775, 698, 1760, 1705]"
686,"[1915, 734, 727, 726, 1650]"
687,"[1915, 1001, 1705, 1704, 1133]"
688,"[925, 938, 1042, 921, 890]"
689,"[1628, 97, 96, 1070, 455]"
690,"[1114, 1570, 1760, 1761, 1705]"
691,"[1586, 1615, 1587, 1607, 1613]"
692,"[1902, 1704, 1926, 1699, 1705]"
693,"[1924, 116, 1884, 1610, 163]"
694,"[1704, 1434, 1504, 1773, 1705]"
695,"[1902, 1302, 570, 1511, 1704]"
696,"[455, 1896, 1704, 1607, 1705]"
697,"[823, 1666, 919, 455, 164]"
698,"[844, 748, 165, 1705, 1704]"
699,"[478, 1924, 1704, 1617, 1705]"
700,"[700, 1617, 292, 1762, 1758]"
701,"[368, 1157, 862, 1567, 1113]"
702,"[1705, 903, 138, 828, 1704]"
703,"[511, 1704, 1705, 575, 749]"
704,"[197, 1042, 1193, 138, 1909]"
705,"[1915, 1788, 911, 446, 1705]"
706,"[1733, 441, 1922, 1897, 165]"
707,"[1153, 255, 1884, 994, 1197]"
708,"[1607, 432, 1620, 781, 1733]"
709,"[291, 1713, 1533, 98, 1550]"
710,"[1667, 1053, 1666, 1630, 79]"
711,"[1915, 1863, 1261, 927, 1901]"
712,"[1192, 135, 1567, 1896, 16]"
713,"[372, 1903, 1570, 113, 1192]"
714,"[1551, 421, 124, 1901, 1909]"
715,"[1772, 1899, 1758, 1654, 1193]"
716,"[368, 1704, 1705, 421, 455]"
717,"[1916, 1659, 1733, 385, 136]"
718,"[1192, 1915, 1899, 926, 1263]"
719,"[478, 1197, 1924, 1884, 116]"
720,"[1705, 346, 1191, 1190, 165]"
721,"[1115, 390, 114, 343, 553]"
722,"[681, 1626, 1705, 887, 1746]"
723,"[1900, 1704, 560, 890, 1543]"
724,"[1570, 1782, 1804, 372, 1802]"
725,"[1607, 372, 1157, 1896, 1191]"
726,"[1927, 1193, 1612, 1656, 1889]"
727,"[376, 677, 1157, 1113, 368]"
728,"[1896, 455, 368, 1157, 1113]"
729,"[1147, 1592, 1046, 206, 972]"
730,"[765, 1704, 1873, 1836, 1835]"
731,"[1607, 1608, 511, 1704, 1705]"
732,"[1636, 1157, 778, 1177, 1608]"
733,"[1772, 594, 878, 1513, 1704]"
734,"[1900, 1902, 1915, 1917, 1552]"
735,"[1832, 1836, 1873, 165, 167]"
736,"[1246, 1708, 1613, 163, 150]"
737,"[1587, 1607, 1904, 1527, 1905]"
738,"[1098, 762, 757, 466, 114]"
739,"[1889, 135, 1567, 1072, 16]"
740,"[1705, 1704, 1726, 1601, 582]"
741,"[455, 1113, 1922, 1897, 1896]"
742,"[163, 1036, 925, 423, 1244]"
743,"[1570, 108, 372, 1721, 1802]"
744,"[1915, 530, 1704, 1705, 1612]"
745,"[1113, 992, 368, 1894, 1613]"
746,"[368, 862, 1113, 455, 412]"
747,"[116, 1157, 1896, 1676, 890]"
748,"[1900, 1915, 1917, 1902, 216]"
749,"[1752, 1043, 688, 1599, 697]"
750,"[1570, 1803, 1800, 1704, 1762]"
751,"[1299, 1620, 1924, 1704, 1617]"
752,"[1246, 1787, 1789, 1792, 1733]"
753,"[116, 1924, 478, 114, 1884]"
754,"[339, 409, 1902, 96, 97]"
755,"[1705, 1105, 1732, 631, 68]"
756,"[1922, 1897, 1567, 1899, 1588]"
757,"[1793, 1863, 936, 1498, 1792]"
758,"[1789, 607, 1790, 1692, 1788]"
759,"[990, 164, 1655, 1620, 1924]"
760,"[1074, 1900, 1620, 1704, 1543]"
761,"[1705, 933, 1809, 419, 165]"
762,"[1917, 1070, 139, 1705, 496]"
763,"[1811, 1812, 1607, 1608, 1313]"
764,"[1192, 1611, 16, 1523, 1705]"
765,"[1900, 1902, 677, 377, 376]"
766,"[1763, 306, 1066, 1088, 349]"
767,"[594, 1762, 1899, 1193, 1758]"
768,"[692, 1746, 409, 688, 892]"
769,"[1659, 1733, 1612, 1914, 1762]"
770,"[1878, 1707, 1570, 631, 372]"
771,"[368, 1193, 1612, 455, 862]"
772,"[73, 1742, 1887, 749, 1541]"
773,"[843, 1620, 1520, 267, 266]"
774,"[1567, 1746, 1704, 1705, 1896]"
775,"[608, 451, 1270, 1600, 1192]"
776,"[1917, 1620, 1902, 1193, 1074]"
777,"[363, 1613, 257, 1662, 1756]"
778,"[1607, 1157, 1615, 441, 1608]"
779,"[149, 915, 347, 964, 966]"
780,"[1915, 1733, 926, 1676, 412]"
781,"[372, 368, 1070, 454, 455]"
782,"[1915, 1026, 1043, 1029, 1041]"
783,"[1155, 320, 303, 1748, 868]"
784,"[739, 1733, 257, 1704, 1705]"
785,"[1761, 1704, 1705, 1760, 496]"
786,"[270, 1591, 1911, 1592, 886]"
787,"[810, 1570, 1785, 1763, 927]"
788,"[1704, 860, 1523, 1746, 1705]"
789,"[380, 1705, 1704, 1674, 1135]"
790,"[885, 1520, 1556, 1538, 1518]"
791,"[1760, 1067, 16, 1762, 919]"
792,"[372, 368, 1894, 1788, 454]"
793,"[1082, 643, 637, 663, 442]"
794,"[875, 165, 1130, 614, 97]"
795,"[368, 372, 1072, 1607, 1604]"
796,"[372, 292, 1619, 368, 1636]"
797,"[1617, 292, 1722, 1758, 1762]"
798,"[1246, 1491, 1555, 1704, 760]"
799,"[1705, 1758, 1704, 903, 1760]"
800,"[1915, 1545, 1277, 1928, 1906]"
801,"[1570, 412, 372, 1903, 1192]"
802,"[1534, 1544, 1680, 1915, 1207]"
803,"[1216, 1415, 1355, 1214, 454]"
804,"[1915, 1861, 1917, 408, 1704]"
805,"[97, 96, 1772, 98, 856]"
806,"[1275, 114, 1907, 1405, 1704]"
807,"[1762, 1726, 1191, 1760, 1704]"
808,"[1604, 1611, 1567, 1192, 114]"
809,"[927, 1204, 441, 1924, 1659]"
810,"[692, 1068, 1070, 1758, 1760]"
811,"[1307, 1637, 1929, 455, 276]"
812,"[125, 408, 165, 1754, 1789]"
813,"[1070, 289, 1704, 1531, 1904]"
814,"[1899, 1526, 510, 1924, 478]"
815,"[1772, 1922, 1897, 120, 1905]"
816,"[1030, 1917, 1916, 1193, 1919]"
817,"[1712, 1705, 1704, 558, 1762]"
818,"[1704, 1705, 1592, 1765, 1777]"
819,"[1760, 1704, 553, 1705, 1761]"
820,"[1922, 1897, 1526, 1899, 1906]"
821,"[1029, 930, 1039, 1924, 1025]"
822,"[1553, 1924, 1600, 1523, 1705]"
823,"[692, 693, 1191, 1601, 1726]"
824,"[165, 1935, 1677, 1733, 1788]"
825,"[339, 718, 1655, 1567, 116]"
826,"[1705, 1748, 89, 113, 1922]"
827,"[1071, 1705, 868, 1704, 1748]"
828,"[1814, 1813, 1817, 1816, 1820]"
829,"[1705, 1704, 1878, 1707, 530]"
830,"[1922, 1897, 1587, 1899, 113]"
831,"[116, 289, 455, 1904, 1705]"
832,"[1671, 1616, 1071, 1745, 1025]"
833,"[116, 1724, 114, 1899, 1192]"
834,"[1924, 1904, 1785, 1296, 454]"
835,"[925, 1746, 1904, 928, 1705]"
836,"[206, 969, 955, 970, 976]"
837,"[693, 1907, 1636, 926, 801]"
838,"[1037, 139, 478, 216, 1924]"
839,"[1899, 1922, 1897, 1526, 1558]"
840,"[478, 1924, 1026, 1612, 901]"
841,"[1586, 1615, 937, 159, 1556]"
842,"[1055, 153, 978, 925, 1495]"
843,"[1119, 1636, 271, 1027, 969]"
844,"[1037, 836, 81, 1041, 965]"
845,"[1586, 1607, 1615, 1193, 1192]"
846,"[1915, 1590, 1042, 1591, 1544]"
847,"[1772, 927, 1588, 1906, 1529]"
848,"[1627, 1905, 89, 1896, 1884]"
849,"[1726, 1704, 1760, 1761, 1705]"
850,"[1511, 484, 1704, 1509, 1338]"
851,"[1704, 1922, 1897, 1620, 922]"
852,"[165, 1905, 1896, 89, 113]"
853,"[1261, 1253, 1676, 1298, 1259]"
854,"[69, 275, 280, 1016, 281]"
855,"[1705, 1768, 626, 1661, 529]"
856,"[408, 1917, 455, 1902, 1915]"
857,"[250, 321, 1246, 922, 1922]"
858,"[409, 1073, 159, 1025, 97]"
859,"[1307, 1338, 1599, 1406, 1458]"
860,"[1526, 1905, 1899, 1556, 1538]"
861,"[1077, 478, 1929, 1014, 807]"
862,"[1620, 1612, 165, 1072, 1615]"
863,"[1787, 1248, 614, 1786, 1890]"
864,"[409, 1902, 1197, 1853, 1822]"
865,"[1915, 677, 376, 1855, 1861]"
866,"[1705, 1704, 1612, 1758, 1762]"
867,"[28, 164, 29, 1705, 1114]"
868,"[1705, 1924, 1761, 478, 1600]"
869,"[1531, 1904, 1899, 1705, 1704]"
870,"[731, 730, 350, 386, 1729]"
871,"[1246, 1878, 1707, 1705, 1704]"
872,"[112, 1745, 1671, 1616, 113]"
873,"[89, 681, 1615, 113, 890]"
874,"[927, 1630, 1905, 1627, 1044]"
875,"[408, 256, 1248, 1911, 260]"
876,"[219, 1677, 89, 692, 324]"
877,"[1824, 782, 1605, 7, 1697]"
878,"[263, 1032, 624, 1113, 285]"
879,"[409, 164, 96, 97, 1746]"
880,"[862, 1922, 1897, 1704, 409]"
881,"[1027, 1526, 1192, 927, 1036]"
882,"[868, 1071, 1587, 1748, 1915]"
883,"[692, 693, 1726, 1601, 846]"
884,"[291, 113, 667, 890, 89]"
885,"[1936, 1260, 1837, 1833, 1828]"
886,"[291, 113, 112, 1533, 890]"
887,"[1745, 1527, 1671, 1616, 1556]"
888,"[1713, 121, 1201, 98, 96]"
889,"[409, 102, 667, 1746, 97]"
890,"[289, 808, 1705, 1904, 1704]"
891,"[1307, 1915, 128, 590, 113]"
892,"[1705, 1704, 1612, 1914, 1063]"
893,"[1878, 1707, 1708, 1705, 1704]"
894,"[785, 1167, 350, 385, 1319]"
895,"[1922, 1897, 1905, 1896, 616]"
896,"[1077, 1193, 1905, 164, 1627]"
897,"[1915, 1042, 1666, 165, 1193]"
898,"[1922, 1897, 1905, 1760, 1761]"
899,"[1907, 1601, 1191, 1523, 455]"
900,"[260, 73, 997, 1006, 255]"
901,"[1627, 1905, 163, 1922, 1897]"
902,"[1917, 408, 1676, 1915, 1561]"
903,"[1495, 1659, 96, 1828, 1705]"
904,"[919, 1014, 938, 1592, 1590]"
905,"[1671, 1745, 1616, 1041, 1070]"
906,"[1905, 1627, 1587, 1063, 1904]"
907,"[921, 1666, 1809, 165, 164]"
908,"[1651, 1917, 1561, 116, 403]"
909,"[1762, 1758, 1617, 1704, 1705]"
910,"[1704, 1705, 1889, 1890, 1904]"
911,"[1904, 692, 1878, 1707, 1909]"
912,"[1903, 1922, 1897, 166, 926]"
913,"[1061, 403, 719, 66, 1666]"
914,"[1113, 368, 455, 1613, 1896]"
915,"[1915, 1526, 1922, 1897, 128]"
916,"[1821, 1902, 1822, 1837, 1833]"
917,"[479, 837, 1768, 561, 1499]"
918,"[1705, 1704, 289, 1424, 1406]"
919,"[1761, 1760, 693, 903, 1704]"
920,"[113, 1627, 1586, 1615, 89]"
921,"[1795, 875, 1700, 113, 165]"
922,"[933, 1863, 617, 65, 504]"
923,"[1193, 1041, 1924, 1040, 1029]"
924,"[484, 1357, 50, 785, 497]"
925,"[222, 1047, 216, 1786, 1788]"
926,"[1030, 216, 1591, 1592, 1195]"
927,"[1905, 1627, 1922, 1897, 1176]"
928,"[1899, 1922, 1897, 1526, 408]"
929,"[1915, 1246, 1066, 737, 719]"
930,"[128, 1746, 1705, 927, 1927]"
931,"[1167, 731, 386, 1069, 1729]"
932,"[1025, 113, 937, 159, 98]"
933,"[89, 113, 165, 29, 1676]"
934,"[1561, 1758, 1762, 1555, 1760]"
935,"[1916, 428, 406, 407, 1296]"
936,"[1927, 478, 1114, 1612, 1762]"
937,"[89, 1915, 1899, 1526, 1792]"
938,"[1516, 1704, 1705, 1344, 1302]"
939,"[1726, 1704, 1761, 1760, 1246]"
940,"[1523, 1199, 1192, 1705, 1924]"
941,"[1704, 96, 97, 98, 1746]"
942,"[888, 1192, 1915, 106, 1249]"
943,"[1902, 1900, 1552, 408, 1917]"
944,"[350, 1055, 154, 270, 276]"
945,"[1068, 1907, 1724, 1904, 116]"
946,"[903, 1567, 1704, 1705, 1618]"
947,"[933, 1617, 1706, 1810, 1822]"
948,"[1115, 1676, 89, 1675, 1617]"
949,"[677, 1063, 575, 1646, 1704]"
950,"[1904, 1705, 1746, 98, 1704]"
951,"[219, 357, 1046, 1666, 1130]"
952,"[1772, 1929, 594, 1666, 1649]"
953,"[1627, 484, 1899, 1704, 1705]"
954,"[1889, 1884, 1705, 1704, 1424]"
955,"[1899, 1526, 1762, 1705, 1704]"
956,"[106, 1704, 1890, 1191, 1705]"
957,"[1071, 1748, 868, 1905, 1924]"
958,"[1852, 1856, 1857, 7, 1878]"
959,"[1907, 1926, 1705, 1704, 1762]"
960,"[1527, 1533, 113, 1556, 1586]"
961,"[1601, 116, 692, 1277, 1726]"
962,"[1772, 1424, 54, 57, 58]"
963,"[1032, 1705, 1704, 1904, 289]"
964,"[375, 379, 116, 339, 1904]"
965,"[1030, 1924, 1934, 1919, 341]"
966,"[89, 1534, 455, 114, 1255]"
967,"[702, 1063, 1459, 1787, 1710]"
968,"[125, 657, 159, 937, 926]"
969,"[862, 163, 126, 164, 919]"
970,"[1902, 1900, 1917, 408, 114]"
971,"[112, 1070, 890, 113, 291]"
972,"[898, 893, 1349, 1246, 1367]"
973,"[1922, 1897, 1587, 1905, 1615]"
974,"[4, 749, 919, 162, 164]"
975,"[1924, 368, 1193, 1704, 1608]"
976,"[441, 927, 1935, 1592, 1526]"
977,"[994, 256, 971, 260, 218]"
978,"[1726, 692, 368, 1277, 455]"
979,"[163, 990, 164, 165, 175]"
980,"[1205, 1004, 1003, 1002, 236]"
981,"[1072, 1705, 1490, 1704, 886]"
982,"[1065, 812, 320, 279, 785]"
983,"[1586, 1924, 1915, 1752, 1704]"
984,"[1061, 1918, 1049, 408, 1676]"
985,"[28, 29, 1762, 1063, 216]"
986,"[1899, 1922, 1897, 1526, 89]"
987,"[1042, 1045, 116, 165, 1193]"
988,"[1747, 116, 1904, 926, 1191]"
989,"[1915, 927, 1148, 930, 1592]"
990,"[1526, 1899, 113, 1922, 1897]"
991,"[704, 1762, 1758, 1063, 1899]"
992,"[106, 275, 1926, 1899, 1910]"
993,"[408, 1423, 1431, 522, 1900]"
994,"[274, 1304, 275, 136, 673]"
995,"[289, 692, 1934, 1676, 1911]"
996,"[96, 97, 1247, 788, 898]"
997,"[1671, 1616, 1745, 1025, 927]"
998,"[1747, 116, 1606, 865, 455]"
999,"[1746, 1071, 296, 1699, 1889]"
1000,"[915, 284, 317, 150, 1386]"
1001,"[1905, 1627, 1063, 460, 1309]"
1002,"[1705, 590, 1354, 597, 1746]"
1003,"[1705, 1889, 1723, 1891, 1567]"
1004,"[1495, 1809, 175, 1055, 1825]"
1005,"[1358, 430, 1363, 1833, 1837]"
1006,"[1915, 102, 116, 1277, 159]"
1007,"[376, 169, 1040, 1073, 1929]"
1008,"[1246, 909, 211, 437, 1878]"
1009,"[419, 1903, 1535, 1620, 28]"
1010,"[1600, 1538, 1556, 1520, 1914]"
1011,"[1655, 1713, 1615, 1586, 1536]"
1012,"[692, 693, 1601, 1726, 1191]"
1013,"[1705, 1905, 1762, 1704, 1758]"
1014,"[159, 937, 921, 60, 1193]"
1015,"[1627, 1905, 1587, 1615, 89]"
1016,"[1915, 1899, 113, 1922, 1897]"
1017,"[1260, 430, 1863, 1915, 1828]"
1018,"[89, 165, 1627, 1907, 1904]"
1019,"[1086, 1922, 1897, 150, 1046]"
1020,"[1705, 1032, 1704, 718, 1875]"
1021,"[455, 1896, 1523, 1613, 1521]"
1022,"[1705, 1704, 113, 1762, 1536]"
1023,"[1308, 1784, 1610, 447, 1030]"
1024,"[1793, 898, 1792, 1790, 1791]"
1025,"[1705, 1704, 1601, 1904, 1424]"
1026,"[1723, 1424, 1772, 1624, 54]"
1027,"[1704, 165, 937, 159, 1705]"
1028,"[1513, 1772, 430, 1863, 927]"
1029,"[1030, 1915, 1560, 1902, 1049]"
1030,"[443, 807, 649, 411, 1743]"
1031,"[1916, 1825, 1836, 1873, 1832]"
1032,"[1704, 1705, 1904, 510, 1567]"
1033,"[759, 1906, 1255, 1556, 1531]"
1034,"[350, 279, 275, 1924, 277]"
1035,"[657, 648, 1670, 1018, 930]"
1036,"[165, 375, 1069, 1248, 1171]"
1037,"[1643, 1705, 1704, 1607, 1618]"
1038,"[1726, 1677, 1704, 1705, 1601]"
1039,"[1557, 1555, 1890, 1619, 1617]"
1040,"[964, 441, 1073, 96, 97]"
1041,"[1649, 286, 1014, 258, 823]"
1042,"[1652, 442, 437, 1283, 1284]"
1043,"[981, 985, 213, 984, 983]"
1044,"[368, 1915, 408, 890, 1649]"
1045,"[1247, 1243, 415, 418, 613]"
1046,"[1302, 1592, 1929, 1832, 1590]"
1047,"[1924, 1915, 1746, 1902, 96]"
1048,"[102, 1301, 933, 667, 504]"
1049,"[921, 175, 938, 164, 749]"
1050,"[1066, 116, 289, 1192, 1904]"
1051,"[113, 925, 89, 735, 1587]"
1052,"[452, 1704, 1197, 1301, 1300]"
1053,"[1176, 1700, 402, 1196, 936]"
1054,"[1544, 1825, 216, 527, 1828]"
1055,"[95, 1762, 1063, 1758, 1705]"
1056,"[1227, 1383, 1226, 485, 1424]"
1057,"[1019, 1810, 1723, 1706, 409]"
1058,"[289, 1704, 1915, 1705, 1536]"
1059,"[1600, 1747, 116, 865, 1191]"
1060,"[289, 808, 1705, 1904, 1704]"
1061,"[1590, 1705, 1752, 1704, 823]"
1062,"[1704, 1705, 682, 454, 1677]"
1063,"[165, 113, 89, 1526, 1025]"
1064,"[1906, 1261, 1258, 1676, 1298]"
1065,"[1455, 786, 566, 568, 571]"
1066,"[1065, 1927, 1613, 455, 1193]"
1067,"[1915, 1299, 1733, 411, 677]"
1068,"[1772, 594, 1192, 1513, 1246]"
1069,"[807, 1792, 361, 1698, 412]"
1070,"[164, 89, 1922, 1897, 113]"
1071,"[259, 1030, 1526, 1049, 219]"
1072,"[1904, 1705, 1746, 97, 96]"
1073,"[1518, 1523, 1904, 1537, 43]"
1074,"[1892, 1029, 1670, 1924, 95]"
1075,"[1915, 787, 478, 1934, 1590]"
1076,"[933, 286, 1151, 1128, 1075]"
1077,"[290, 1615, 96, 97, 98]"
1078,"[819, 166, 1904, 1890, 1924]"
1079,"[102, 164, 1713, 1197, 171]"
1080,"[1257, 1302, 1030, 1041, 1825]"
1081,"[406, 1061, 1890, 162, 1592]"
1082,"[1762, 1761, 1758, 1760, 1878]"
1083,"[1915, 1899, 113, 128, 1193]"
1084,"[1900, 1543, 1705, 1704, 1638]"
1085,"[787, 265, 452, 1130, 409]"
1086,"[1904, 1627, 1531, 1884, 1677]"
1087,"[116, 1655, 700, 1924, 339]"
1088,"[1069, 1618, 89, 1567, 1179]"
1089,"[1014, 1046, 1929, 1592, 1590]"
1090,"[1924, 624, 1914, 216, 1758]"
1091,"[1690, 1704, 599, 468, 597]"
1092,"[959, 965, 1488, 1704, 1705]"
1093,"[1574, 468, 479, 235, 282]"
1094,"[108, 1733, 887, 1773, 954]"
1095,"[1753, 1705, 1042, 919, 175]"
1096,"[1915, 497, 868, 677, 1789]"
1097,"[1924, 1561, 1588, 1556, 1603]"
1098,"[1437, 1215, 1367, 1431, 1328]"
1099,"[4, 1915, 749, 1199, 1201]"
1100,"[1713, 409, 1915, 1615, 335]"
1101,"[1055, 933, 1670, 1612, 1914]"
1102,"[1762, 1769, 1775, 1768, 1758]"
1103,"[1760, 1761, 778, 1704, 1705]"
1104,"[1096, 1106, 451, 1689, 1705]"
1105,"[1855, 376, 1915, 677, 1846]"
1106,"[106, 1704, 1705, 1600, 1899]"
1107,"[28, 1193, 1612, 890, 29]"
1108,"[1253, 1258, 1676, 1260, 1259]"
1109,"[1615, 1705, 1704, 1586, 530]"
1110,"[1210, 1705, 503, 1704, 1032]"
1111,"[1878, 1707, 1708, 542, 1246]"
1112,"[688, 291, 1070, 680, 1586]"
1113,"[1046, 702, 408, 1772, 1123]"
1114,"[113, 29, 471, 89, 125]"
1115,"[1462, 557, 37, 93, 1723]"
1116,"[1922, 1897, 1907, 89, 1924]"
1117,"[1922, 1897, 165, 89, 28]"
1118,"[1304, 783, 324, 781, 1893]"
1119,"[692, 1726, 693, 1601, 1662]"
1120,"[1612, 1620, 1574, 1927, 1065]"
1121,"[1705, 890, 112, 1704, 1533]"
1122,"[276, 1915, 274, 278, 275]"
1123,"[1073, 1036, 1030, 1761, 1807]"
1124,"[1915, 1204, 1900, 1924, 1704]"
1125,"[1325, 927, 1863, 1828, 1833]"
1126,"[440, 711, 1134, 706, 781]"
1127,"[1587, 1627, 1905, 819, 113]"
1128,"[1612, 37, 1762, 1758, 1705]"
1129,"[1677, 89, 116, 29, 114]"
1130,"[276, 1907, 1905, 1527, 1616]"
1131,"[522, 1054, 590, 595, 597]"
1132,"[990, 347, 971, 164, 159]"
1133,"[1902, 1900, 1543, 1201, 1552]"
1134,"[1924, 1042, 288, 455, 1902]"
1135,"[1705, 703, 330, 1722, 689]"
1136,"[1636, 1614, 363, 1610, 438]"
1137,"[1026, 1906, 885, 1008, 1592]"
1138,"[430, 1922, 1897, 1526, 1259]"
1139,"[73, 1087, 75, 1106, 1088]"
1140,"[1101, 1711, 1723, 1556, 1538]"
1141,"[1899, 1556, 1526, 530, 1704]"
1142,"[1704, 1014, 1832, 1836, 1873]"
1143,"[102, 97, 96, 1746, 1313]"
1144,"[1016, 301, 1902, 1795, 420]"
1145,"[1210, 587, 1511, 1404, 1509]"
1146,"[1122, 1696, 290, 276, 1615]"
1147,"[339, 1070, 60, 1889, 1904]"
1148,"[149, 1680, 1933, 548, 1122]"
1149,"[1066, 289, 379, 1704, 1705]"
1150,"[1915, 440, 891, 368, 1068]"
1151,"[1705, 1761, 468, 1772, 1758]"
1152,"[292, 1904, 409, 1274, 1599]"
1153,"[1155, 778, 478, 1736, 926]"
1154,"[1405, 828, 1705, 1704, 135]"
1155,"[739, 1737, 1735, 1733, 1924]"
1156,"[1915, 408, 1042, 1014, 1590]"
1157,"[159, 937, 1029, 1694, 165]"
1158,"[1705, 1704, 114, 1192, 29]"
1159,"[116, 1704, 1746, 289, 1890]"
1160,"[692, 693, 1726, 1601, 1191]"
1161,"[96, 97, 1612, 98, 1193]"
1162,"[1928, 1273, 1637, 1899, 447]"
1163,"[1062, 1033, 165, 935, 1924]"
1164,"[885, 164, 1538, 937, 159]"
1165,"[735, 1041, 1620, 927, 1520]"
1166,"[223, 1632, 1006, 267, 266]"
1167,"[325, 707, 394, 345, 370]"
1168,"[165, 89, 1075, 408, 164]"
1169,"[1915, 1935, 1828, 1833, 1837]"
1170,"[1705, 1924, 478, 1600, 1760]"
1171,"[1915, 1042, 1704, 1044, 216]"
1172,"[1760, 1704, 1758, 289, 1705]"
1173,"[28, 113, 165, 89, 150]"
1174,"[1924, 1523, 1822, 1837, 1833]"
1175,"[286, 1677, 211, 1915, 1676]"
1176,"[1246, 250, 1610, 673, 1878]"
1177,"[439, 44, 1599, 703, 689]"
1178,"[692, 1726, 693, 1890, 846]"
1179,"[1924, 1750, 430, 1833, 1828]"
1180,"[110, 1246, 1897, 1916, 412]"
1181,"[1915, 259, 1498, 216, 1055]"
1182,"[1889, 1201, 98, 96, 97]"
1183,"[1080, 758, 1719, 765, 1787]"
1184,"[350, 1246, 275, 1878, 1707]"
1185,"[1586, 1581, 379, 91, 440]"
1186,"[1041, 1589, 1562, 1489, 1538]"
1187,"[289, 1135, 1916, 360, 1900]"
1188,"[865, 1747, 863, 265, 284]"
1189,"[873, 999, 1106, 901, 1889]"
1190,"[1247, 925, 1704, 522, 1924]"
1191,"[165, 937, 159, 164, 1924]"
1192,"[1896, 455, 1613, 421, 1904]"
1193,"[1612, 1705, 1704, 1889, 73]"
1194,"[1916, 1030, 1906, 1529, 1620]"
1195,"[1281, 1575, 437, 446, 402]"
1196,"[437, 216, 1575, 1099, 402]"
1197,"[1899, 1907, 1526, 1627, 1922]"
1198,"[95, 216, 1085, 1915, 1899]"
1199,"[291, 113, 1041, 890, 1604]"
1200,"[1889, 1768, 1775, 1904, 1567]"
1201,"[1772, 221, 927, 1705, 1704]"
1202,"[1066, 1604, 1618, 1726, 692]"
1203,"[1922, 1897, 1526, 1915, 927]"
1204,"[1746, 289, 1704, 1192, 1904]"
1205,"[1610, 327, 1789, 1792, 1733]"
1206,"[1705, 1325, 1677, 862, 1676]"
1207,"[1409, 1825, 211, 1498, 1497]"
1208,"[1836, 1873, 1832, 1457, 1363]"
1209,"[1905, 1627, 1527, 89, 165]"
1210,"[1772, 1299, 408, 326, 1260]"
1211,"[116, 1768, 1769, 1890, 1889]"
1212,"[1922, 1897, 89, 1905, 1627]"
1213,"[1704, 1705, 319, 1760, 366]"
1214,"[1787, 1786, 74, 1733, 125]"
1215,"[1202, 1590, 165, 175, 1592]"
1216,"[1836, 1873, 1825, 1828, 1837]"
1217,"[406, 407, 1066, 1906, 1029]"
1218,"[4, 1762, 437, 1758, 1891]"
1219,"[1157, 1924, 886, 108, 349]"
1220,"[1610, 1523, 1533, 1536, 1521]"
1221,"[1726, 807, 1604, 692, 1601]"
1222,"[1620, 1567, 1705, 1704, 164]"
1223,"[1746, 1704, 1904, 1705, 1191]"
1224,"[1705, 1904, 1063, 106, 1704]"
1225,"[1878, 1707, 1246, 73, 1708]"
1226,"[1197, 1752, 1524, 339, 1889]"
1227,"[1915, 605, 408, 114, 1659]"
1228,"[933, 1809, 1193, 164, 1705]"
1229,"[455, 1199, 16, 1523, 1192]"
1230,"[1760, 1704, 447, 553, 1761]"
1231,"[1277, 1523, 860, 1192, 109]"
1232,"[1915, 624, 1598, 403, 324]"
1233,"[1915, 702, 411, 1618, 1202]"
1234,"[1705, 1915, 759, 125, 1733]"
1235,"[1705, 1704, 530, 113, 526]"
1236,"[289, 808, 1705, 1904, 1704]"
1237,"[1620, 1722, 394, 1135, 1044]"
1238,"[1049, 175, 159, 937, 692]"
1239,"[1285, 1704, 1705, 1279, 66]"
1240,"[1704, 291, 1705, 1924, 1365]"
1241,"[222, 1047, 1933, 339, 1680]"
1242,"[95, 93, 874, 1646, 1760]"
1243,"[1762, 59, 1612, 1646, 1063]"
1244,"[811, 1904, 1071, 1905, 1527]"
1245,"[688, 1915, 692, 320, 1091]"
1246,"[97, 96, 116, 98, 1746]"
1247,"[89, 113, 165, 890, 29]"
1248,"[938, 1904, 175, 1600, 43]"
1249,"[1922, 1897, 1899, 1526, 166]"
1250,"[1878, 1707, 1705, 289, 1704]"
1251,"[1071, 1587, 868, 1748, 1807]"
1252,"[903, 478, 1915, 171, 405]"
1253,"[1924, 1937, 478, 409, 1904]"
1254,"[1246, 1176, 73, 1878, 1707]"
1255,"[915, 952, 964, 911, 149]"
1256,"[1050, 1033, 1119, 166, 1027]"
1257,"[1118, 478, 1675, 1924, 669]"
1258,"[216, 1772, 1628, 1717, 903]"
1259,"[432, 403, 552, 1080, 1924]"
1260,"[1924, 1705, 530, 1704, 113]"
1261,"[396, 419, 1907, 1899, 1627]"
1262,"[260, 1055, 1060, 981, 1049]"
1263,"[1907, 1526, 1899, 89, 1922]"
1264,"[1258, 1676, 1261, 1259, 1253]"
1265,"[749, 1706, 866, 682, 511]"
1266,"[1924, 478, 1704, 275, 552]"
1267,"[1746, 1921, 1068, 819, 1904]"
1268,"[1746, 1587, 1627, 113, 409]"
1269,"[58, 57, 54, 691, 1063]"
1270,"[116, 1043, 1704, 1890, 1884]"
1271,"[1072, 1613, 1069, 164, 1705]"
1272,"[1055, 1046, 350, 980, 732]"
1273,"[1246, 419, 790, 633, 807]"
1274,"[113, 1534, 1556, 1521, 1554]"
1275,"[1704, 922, 437, 1904, 454]"
1276,"[368, 1899, 1733, 455, 1599]"
1277,"[441, 1935, 1936, 1256, 430]"
1278,"[1601, 692, 1726, 1523, 846]"
1279,"[1030, 1906, 1919, 1928, 1924]"
1280,"[1080, 433, 403, 782, 777]"
1281,"[1922, 1897, 1587, 1615, 1906]"
1282,"[749, 1701, 113, 112, 890]"
1283,"[1495, 928, 934, 931, 176]"
1284,"[1904, 1924, 1906, 478, 1553]"
1285,"[1772, 370, 1924, 527, 1246]"
1286,"[1527, 1587, 289, 1554, 1489]"
1287,"[1302, 493, 1363, 688, 1364]"
1288,"[1899, 921, 1907, 165, 419]"
1289,"[1705, 289, 1240, 96, 98]"
1290,"[1063, 1762, 1904, 1758, 1733]"
1291,"[1915, 288, 108, 1902, 138]"
1292,"[1125, 96, 97, 98, 409]"
1293,"[1924, 354, 484, 1816, 1817]"
1294,"[222, 1046, 1584, 728, 357]"
1295,"[1246, 909, 211, 437, 1734]"
1296,"[778, 1733, 48, 901, 175]"
1297,"[222, 408, 261, 1370, 1009]"
1298,"[1052, 166, 314, 1627, 1071]"
1299,"[1042, 377, 1902, 1049, 921]"
1300,"[1071, 1924, 1922, 1897, 1905]"
1301,"[1905, 1627, 904, 1922, 1897]"
1302,"[1929, 1486, 1873, 1836, 1590]"
1303,"[1899, 1300, 1922, 1897, 1784]"
1304,"[1135, 1041, 1017, 1202, 165]"
1305,"[1587, 819, 113, 1191, 1025]"
1306,"[1363, 1836, 1873, 1832, 1872]"
1307,"[1722, 686, 688, 1544, 689]"
1308,"[289, 1889, 1705, 1904, 1704]"
1309,"[1904, 1705, 1067, 116, 1768]"
1310,"[1627, 1905, 1587, 1063, 113]"
1311,"[1519, 1561, 1659, 1535, 1733]"
1312,"[1025, 291, 1191, 1904, 1899]"
1313,"[1705, 1704, 1612, 1063, 1914]"
1314,"[261, 1197, 262, 240, 252]"
1315,"[1041, 1320, 1670, 1042, 163]"
1316,"[432, 403, 1924, 1191, 1607]"
1317,"[1922, 1897, 1907, 1183, 7]"
1318,"[159, 937, 1363, 164, 176]"
1319,"[1809, 403, 886, 1705, 164]"
1320,"[438, 1677, 1125, 926, 1807]"
1321,"[139, 1014, 790, 408, 1916]"
1322,"[1705, 1704, 406, 407, 1807]"
1323,"[1253, 1250, 141, 1232, 933]"
1324,"[1692, 903, 1704, 1705, 1317]"
1325,"[1363, 1733, 1612, 749, 412]"
1326,"[681, 307, 308, 1599, 296]"
1327,"[1815, 1706, 902, 1704, 1822]"
1328,"[1062, 166, 1906, 1050, 1922]"
1329,"[1760, 1761, 1705, 1906, 1030]"
1330,"[1063, 1905, 1627, 1922, 1897]"
1331,"[385, 1647, 351, 276, 1080]"
1332,"[116, 1924, 1904, 60, 1724]"
1333,"[1033, 150, 165, 1905, 164]"
1334,"[1260, 1298, 1256, 1258, 927]"
1335,"[1612, 1620, 1626, 1574, 1063]"
1336,"[1915, 618, 625, 28, 6]"
1337,"[656, 637, 663, 653, 651]"
1338,"[1055, 1649, 1584, 736, 1495]"
1339,"[341, 343, 660, 1704, 1705]"
1340,"[1922, 1897, 1587, 1615, 1905]"
1341,"[1587, 1025, 1627, 1905, 1922]"
1342,"[1922, 1897, 1615, 1627, 113]"
1343,"[919, 934, 924, 938, 925]"
1344,"[1071, 868, 1748, 1705, 1704]"
1345,"[1077, 165, 128, 1044, 893]"
1346,"[1899, 97, 1526, 478, 1588]"
1347,"[1705, 1556, 1598, 1890, 1704]"
1348,"[125, 165, 164, 919, 1906]"
1349,"[1064, 1899, 1924, 1552, 326]"
1350,"[915, 1063, 952, 914, 873]"
1351,"[408, 1917, 1902, 1900, 1704]"
1352,"[210, 106, 1910, 1889, 1618]"
1353,"[1704, 1457, 1511, 1249, 1705]"
1354,"[1623, 1907, 1705, 1887, 1704]"
1355,"[1581, 692, 1810, 462, 687]"
1356,"[1358, 1370, 1363, 1338, 1584]"
1357,"[1889, 1904, 1567, 1907, 60]"
1358,"[921, 1924, 1627, 97, 1193]"
1359,"[432, 403, 1924, 1607, 1906]"
1360,"[1828, 1837, 1833, 108, 430]"
1361,"[1922, 1897, 928, 165, 1915]"
1362,"[1915, 1085, 216, 1704, 1076]"
1363,"[1836, 1760, 1873, 1832, 1316]"
1364,"[692, 1112, 116, 1070, 454]"
1365,"[1906, 1273, 692, 1600, 1894]"
1366,"[128, 1899, 1587, 1627, 1588]"
1367,"[1792, 1789, 1788, 468, 1787]"
1368,"[1915, 707, 1042, 370, 1068]"
1369,"[885, 1205, 976, 969, 972]"
1370,"[1878, 1707, 73, 1246, 1567]"
1371,"[1300, 587, 590, 1301, 452]"
1372,"[419, 1906, 1917, 114, 1552]"
1373,"[1034, 1917, 1902, 1620, 1612]"
1374,"[320, 1192, 1163, 1113, 647]"
1375,"[89, 1915, 1567, 717, 1887]"
1376,"[1255, 273, 279, 1906, 275]"
1377,"[1884, 1904, 1762, 1758, 1063]"
1378,"[1889, 1768, 1775, 1904, 1567]"
1379,"[1054, 368, 320, 377, 1137]"
1380,"[1925, 89, 1073, 165, 681]"
1381,"[1488, 1046, 1249, 1590, 719]"
1382,"[216, 1772, 1611, 1203, 927]"
1383,"[1902, 128, 114, 1900, 890]"
1384,"[1022, 1019, 1130, 1893, 1462]"
1385,"[1762, 1758, 1914, 1752, 1612]"
1386,"[1246, 1612, 1772, 1901, 1704]"
1387,"[1157, 1124, 344, 1176, 1312]"
1388,"[440, 1904, 1733, 1924, 1192]"
1389,"[1612, 1027, 1762, 1758, 1705]"
1390,"[1705, 554, 1534, 1704, 535]"
1391,"[1705, 289, 1192, 1704, 1904]"
1392,"[1520, 1518, 1561, 1538, 1556]"
1393,"[1922, 1897, 1197, 89, 125]"
1394,"[1733, 1902, 903, 1788, 468]"
1395,"[1705, 1176, 700, 1459, 558]"
1396,"[1772, 594, 1513, 927, 828]"
1397,"[1192, 116, 16, 1241, 860]"
1398,"[408, 737, 291, 1917, 1640]"
1399,"[1604, 1726, 692, 1192, 1662]"
1400,"[443, 95, 530, 1704, 1762]"
1401,"[276, 1319, 370, 707, 345]"
1402,"[1705, 1704, 1601, 1157, 1896]"
1403,"[1713, 98, 1893, 1626, 1822]"
1404,"[368, 1647, 1567, 372, 1549]"
1405,"[1246, 509, 513, 1193, 1772]"
1406,"[165, 89, 1033, 128, 113]"
1407,"[1912, 1021, 1774, 575, 564]"
1408,"[1484, 1811, 550, 1828, 1833]"
1409,"[1922, 1897, 1903, 1615, 1905]"
1410,"[819, 511, 116, 1607, 1705]"
1411,"[116, 1769, 1192, 1768, 1795]"
1412,"[1029, 1041, 1027, 174, 176]"
1413,"[116, 363, 1600, 1191, 1890]"
1414,"[1904, 1746, 96, 97, 1025]"
1415,"[1902, 1900, 114, 408, 1917]"
1416,"[1026, 1041, 902, 403, 212]"
1417,"[1705, 1704, 1914, 1613, 1905]"
1418,"[408, 97, 1029, 1924, 1677]"
1419,"[1320, 1055, 245, 925, 1495]"
1420,"[1354, 1704, 1906, 1705, 1887]"
1421,"[1157, 1523, 109, 811, 1199]"
1422,"[1587, 1904, 1191, 1627, 43]"
1423,"[692, 1726, 1191, 846, 693]"
1424,"[445, 1204, 3, 679, 1314]"
1425,"[1147, 339, 1907, 1692, 462]"
1426,"[1907, 926, 1618, 670, 1705]"
1427,"[1612, 1617, 1762, 1539, 1758]"
1428,"[1891, 1063, 1762, 1617, 704]"
1429,"[1828, 1837, 1833, 1836, 1611]"
1430,"[1904, 43, 1643, 1567, 1160]"
1431,"[1828, 1935, 430, 677, 1929]"
1432,"[1762, 89, 1905, 1922, 1897]"
1433,"[89, 113, 1613, 1534, 29]"
1434,"[1878, 1707, 1705, 1704, 1708]"
1435,"[1772, 1898, 49, 533, 1582]"
1436,"[1712, 1705, 1704, 558, 1762]"
1437,"[1704, 1025, 921, 165, 937]"
1438,"[110, 165, 1899, 1627, 1025]"
1439,"[1620, 1074, 1519, 1612, 1050]"
1440,"[1620, 1193, 901, 1612, 28]"
1441,"[1248, 862, 455, 1193, 252]"
1442,"[1112, 1611, 1307, 124, 1733]"
1443,"[1704, 1705, 1620, 1612, 1587]"
1444,"[1077, 291, 1706, 478, 1073]"
1445,"[1915, 1592, 270, 1590, 788]"
1446,"[1076, 1907, 216, 1063, 1922]"
1447,"[643, 781, 1911, 1614, 1250]"
1448,"[1518, 1904, 1523, 1556, 1519]"
1449,"[165, 1041, 1527, 890, 1529]"
1450,"[273, 1677, 275, 925, 1607]"
1451,"[1902, 1900, 1552, 1560, 1561]"
1452,"[1119, 1027, 338, 272, 1041]"
1453,"[1789, 1790, 1792, 1788, 1786]"
1454,"[1030, 1039, 405, 1526, 97]"
1455,"[1055, 1705, 1620, 1193, 165]"
1456,"[673, 862, 1192, 739, 421]"
1457,"[1899, 1521, 1760, 1588, 1705]"
1458,"[1792, 1786, 1787, 1788, 1733]"
1459,"[1335, 1087, 1096, 1329, 1330]"
1460,"[1922, 1897, 1615, 1586, 1905]"
1461,"[1902, 1924, 1917, 1929, 97]"
1462,"[1899, 530, 1704, 1705, 113]"
1463,"[1704, 1603, 164, 862, 1705]"
1464,"[1762, 1922, 1897, 1775, 1063]"
1465,"[1545, 97, 96, 1700, 402]"
1466,"[926, 1618, 919, 159, 937]"
1467,"[879, 876, 124, 880, 877]"
1468,"[409, 171, 102, 687, 667]"
1469,"[409, 102, 96, 97, 1040]"
1470,"[720, 988, 1205, 915, 914]"
1471,"[1905, 1627, 1176, 1587, 43]"
1472,"[1899, 1192, 1277, 1762, 1704]"
1473,"[408, 1649, 1053, 1915, 1299]"
1474,"[1077, 114, 326, 333, 394]"
1475,"[1915, 406, 407, 618, 1646]"
1476,"[594, 1772, 1513, 1421, 120]"
1477,"[1567, 862, 1549, 1519, 1612]"
1478,"[1905, 1627, 113, 1527, 1907]"
1479,"[1067, 339, 1724, 116, 1904]"
1480,"[1627, 1587, 1613, 113, 164]"
1481,"[1915, 98, 216, 96, 97]"
1482,"[1922, 1897, 89, 1607, 1608]"
1483,"[571, 376, 567, 566, 568]"
1484,"[106, 1704, 1705, 1758, 1762]"
1485,"[1590, 410, 1202, 1919, 1591]"
1486,"[1700, 1201, 124, 1904, 1232]"
1487,"[927, 1193, 1935, 1863, 1792]"
1488,"[1924, 409, 478, 1705, 97]"
1489,"[438, 1636, 1637, 901, 926]"
1490,"[291, 711, 1070, 926, 1662]"
1491,"[289, 1705, 1692, 1704, 607]"
1492,"[688, 1014, 1836, 1873, 1106]"
1493,"[89, 1788, 1733, 113, 175]"
1494,"[291, 166, 1746, 1704, 1904]"
1495,"[1071, 1080, 1704, 1807, 1705]"
1496,"[789, 1504, 171, 1924, 1817]"
1497,"[135, 1567, 16, 1607, 901]"
1498,"[29, 1640, 1112, 862, 1697]"
1499,"[1316, 1825, 1915, 1705, 575]"
1500,"[1761, 1705, 1072, 1704, 1760]"
1501,"[1607, 1517, 1904, 1316, 1363]"
1502,"[116, 1915, 159, 937, 125]"
1503,"[1157, 368, 1113, 1067, 1613]"
1504,"[1136, 1704, 1705, 319, 322]"
1505,"[926, 1066, 1552, 1279, 1191]"
1506,"[1705, 1704, 432, 1752, 1193]"
1507,"[1607, 511, 1906, 1157, 432]"
1508,"[98, 1884, 466, 1604, 467]"
1509,"[1607, 1894, 1599, 511, 1705]"
1510,"[1409, 1705, 1466, 1338, 903]"
1511,"[1836, 1873, 722, 1832, 347]"
1512,"[163, 1587, 164, 165, 937]"
1513,"[195, 146, 153, 138, 982]"
1514,"[278, 1016, 274, 1915, 270]"
1515,"[361, 1763, 1758, 1762, 1760]"
1516,"[135, 372, 1567, 1889, 752]"
1517,"[1352, 1338, 1334, 408, 1902]"
1518,"[1705, 1775, 1567, 1704, 37]"
1519,"[114, 1704, 1567, 1705, 16]"
1520,"[1826, 1705, 793, 510, 637]"
1521,"[794, 793, 867, 866, 1119]"
1522,"[1855, 933, 72, 1792, 1789]"
1523,"[890, 112, 1599, 1620, 1612]"
1524,"[362, 1192, 1567, 114, 1705]"
1525,"[1615, 1586, 346, 1650, 727]"
1526,"[1332, 1659, 1630, 824, 1618]"
1527,"[1612, 1704, 1705, 997, 1888]"
1528,"[409, 102, 97, 96, 1137]"
1529,"[793, 490, 102, 1320, 97]"
1530,"[1552, 408, 1705, 1704, 1890]"
1531,"[372, 368, 1113, 1896, 455]"
1532,"[342, 73, 282, 1704, 1705]"
1533,"[1317, 365, 1344, 73, 1083]"
1534,"[1792, 1787, 1072, 1788, 1786]"
1535,"[1936, 1598, 1904, 926, 419]"
1536,"[165, 927, 1114, 892, 1193]"
1537,"[1705, 1157, 1072, 1769, 1774]"
1538,"[1915, 1567, 108, 114, 16]"
1539,"[164, 1627, 1905, 1697, 1704]"
1540,"[1062, 1273, 659, 1931, 291]"
1541,"[1902, 1915, 1705, 1704, 1752]"
1542,"[1071, 1567, 1704, 16, 114]"
1543,"[1721, 1105, 1557, 1710, 1098]"
1544,"[1119, 1037, 1041, 1027, 1612]"
1545,"[1523, 692, 641, 1726, 1604]"
1546,"[1900, 1917, 1187, 408, 1748]"
1547,"[1570, 108, 372, 1721, 1804]"
1548,"[1833, 1828, 1837, 1249, 1192]"
1549,"[1705, 1030, 591, 1704, 1036]"
1550,"[1157, 1704, 1705, 1192, 1613]"
1551,"[377, 447, 1579, 1273, 361]"
1552,"[919, 164, 1205, 1025, 212]"
1553,"[73, 704, 807, 1027, 1902]"
1554,"[372, 135, 1567, 752, 1607]"
1555,"[135, 1567, 1157, 903, 837]"
1556,"[1902, 1900, 1068, 1306, 1924]"
1557,"[1101, 1036, 423, 1244, 925]"
1558,"[1172, 1924, 1916, 1884, 216]"
1559,"[1072, 372, 1157, 368, 683]"
1560,"[1072, 1705, 1704, 1567, 1670]"
1561,"[114, 1742, 16, 1192, 1896]"
1562,"[1120, 1924, 1705, 1704, 464]"
1563,"[368, 372, 862, 1567, 455]"
1564,"[1071, 165, 1606, 164, 1704]"
1565,"[1607, 1922, 1897, 1613, 1599]"
1566,"[1622, 527, 1440, 523, 468]"
1567,"[1488, 1030, 432, 978, 1756]"
1568,"[1670, 749, 1320, 171, 1023]"
1569,"[1704, 1906, 1567, 1043, 1705]"
1570,"[1613, 257, 1270, 901, 1056]"
1571,"[1901, 1659, 1607, 1608, 412]"
1572,"[1705, 372, 1636, 1607, 259]"
1573,"[73, 229, 1058, 875, 1184]"
1574,"[1772, 927, 309, 1123, 1704]"
1575,"[1316, 1705, 1607, 1904, 73]"
1576,"[641, 1138, 624, 454, 884]"
1577,"[885, 1277, 359, 1029, 1900]"
1578,"[1700, 1889, 124, 1904, 171]"
1579,"[692, 114, 1385, 1902, 1900]"
1580,"[1561, 1192, 1370, 1363, 1935]"
1581,"[114, 1611, 1922, 1897, 455]"
1582,"[1924, 1522, 1338, 1202, 410]"
1583,"[361, 1246, 116, 1038, 446]"
1584,"[1773, 1249, 321, 138, 1063]"
1585,"[1704, 1705, 474, 108, 1592]"
1586,"[688, 455, 446, 1239, 417]"
1587,"[1627, 1193, 892, 1025, 1587]"
1588,"[1607, 1587, 1277, 432, 1904]"
1589,"[926, 1520, 1924, 1899, 1620]"
1590,"[608, 1192, 440, 1611, 451]"
1591,"[361, 1705, 1704, 1626, 1377]"
1592,"[1027, 1915, 1894, 1548, 114]"
1593,"[1705, 73, 1704, 1700, 820]"
1594,"[124, 880, 877, 882, 869]"
1595,"[793, 1541, 749, 1670, 98]"
1596,"[1916, 1587, 1246, 1705, 1704]"
1597,"[1917, 443, 1021, 1924, 735]"
1598,"[1915, 1792, 900, 1666, 1704]"
1599,"[1902, 1607, 1552, 749, 1894]"
1600,"[1758, 1762, 885, 1752, 1705]"
1601,"[1607, 1157, 1896, 1202, 410]"
1602,"[1259, 347, 1298, 357, 914]"
1603,"[1570, 1287, 1895, 1015, 1785]"
1604,"[1157, 432, 438, 1255, 1035]"
1605,"[1915, 1900, 1917, 1902, 216]"
1606,"[1896, 1157, 1015, 1607, 1608]"
1607,"[368, 372, 1187, 1089, 1896]"
1608,"[1790, 1788, 1792, 1787, 1733]"
1609,"[1762, 292, 1758, 1761, 1760]"
1610,"[1320, 1701, 1646, 452, 171]"
1611,"[885, 893, 606, 862, 1603]"
1612,"[1721, 1695, 1637, 372, 1567]"
1613,"[434, 1099, 1073, 1687, 442]"
1614,"[1587, 321, 467, 1746, 98]"
1615,"[1746, 1541, 102, 97, 96]"
1616,"[1627, 1905, 1587, 1904, 1700]"
1617,"[692, 1726, 1601, 1277, 846]"
1618,"[1899, 1588, 1906, 341, 1030]"
1619,"[454, 1113, 368, 1705, 455]"
1620,"[823, 728, 737, 1618, 1697]"
1621,"[1726, 1604, 1618, 890, 114]"
1622,"[1704, 1658, 1659, 1705, 432]"
1623,"[1721, 1570, 1567, 135, 108]"
1624,"[52, 1828, 1863, 1935, 1814]"
1625,"[1113, 379, 324, 1545, 924]"
1626,"[1915, 478, 1924, 1618, 116]"
1627,"[1027, 765, 1655, 1636, 372]"
1628,"[455, 915, 1567, 1936, 454]"
1629,"[1899, 1612, 1762, 1705, 1758]"
1630,"[1073, 937, 159, 1861, 919]"
1631,"[1261, 368, 925, 421, 262]"
1632,"[1192, 1611, 888, 1567, 114]"
1633,"[1915, 1924, 1618, 128, 114]"
1634,"[1915, 216, 271, 1604, 1205]"
1635,"[165, 1906, 164, 1697, 1534]"
1636,"[1704, 1705, 511, 1752, 1809]"
1637,"[1601, 692, 1726, 1604, 1191]"
1638,"[37, 1607, 479, 480, 1778]"
1639,"[1906, 1528, 1277, 432, 758]"
1640,"[1762, 1758, 1761, 292, 1617]"
1641,"[1915, 116, 114, 1748, 868]"
1642,"[1915, 1067, 1065, 1927, 372]"
1643,"[1900, 1902, 1917, 408, 108]"
1644,"[1896, 1607, 1615, 1608, 1586]"
1645,"[478, 1924, 1915, 1897, 1922]"
1646,"[1128, 1183, 1029, 1030, 361]"
1647,"[1889, 1067, 1884, 116, 1724]"
1648,"[888, 692, 1726, 1192, 1277]"
1649,"[1011, 1615, 1019, 1586, 277]"
1650,"[1085, 891, 1804, 1802, 362]"
1651,"[372, 368, 862, 608, 1]"
1652,"[1338, 537, 1705, 1193, 1704]"
1653,"[135, 1157, 1567, 903, 837]"
1654,"[1570, 1607, 1608, 1896, 372]"
1655,"[1240, 164, 418, 1191, 1897]"
1656,"[1915, 1902, 1193, 1620, 408]"
1657,"[1617, 1804, 1781, 1567, 1798]"
1658,"[1607, 1705, 1321, 1704, 1587]"
1659,"[96, 97, 171, 98, 1299]"
1660,"[1915, 527, 285, 89, 1192]"
1661,"[259, 1567, 1590, 823, 1592]"
1662,"[333, 1567, 1503, 1192, 16]"
1663,"[1627, 165, 1193, 164, 1025]"
1664,"[1210, 1157, 1704, 1461, 1705]"
1665,"[1617, 1762, 292, 1555, 1758]"
1666,"[1896, 1705, 1567, 1922, 1897]"
1667,"[1316, 1705, 1607, 1904, 73]"
1668,"[1906, 926, 885, 289, 823]"
1669,"[478, 1924, 1704, 1705, 165]"
1670,"[1937, 171, 98, 96, 97]"
1671,"[1705, 1192, 1884, 1704, 1567]"
1672,"[1607, 1896, 1517, 1608, 1567]"
1673,"[1896, 1157, 1899, 1760, 455]"
1674,"[1902, 530, 1704, 1705, 1915]"
1675,"[1704, 455, 1607, 1613, 1628]"
1676,"[223, 1907, 1863, 1567, 1935]"
1677,"[837, 259, 1317, 1567, 1319]"
1678,"[1072, 1567, 1705, 1733, 1704]"
1679,"[1906, 1705, 1618, 1768, 1704]"
1680,"[1543, 868, 97, 96, 1922]"
1681,"[1929, 1567, 1907, 1192, 1772]"
1682,"[149, 955, 208, 1880, 1008]"
1683,"[408, 1924, 1705, 1704, 114]"
1684,"[455, 16, 462, 1884, 1192]"
1685,"[1559, 1516, 1760, 1705, 1761]"
1686,"[125, 1001, 216, 279, 1915]"
1687,"[1613, 1188, 366, 1894, 484]"
1688,"[1884, 432, 1559, 689, 1677]"
1689,"[1705, 110, 808, 1062, 1172]"
1690,"[1936, 1935, 159, 937, 433]"
1691,"[787, 1606, 1068, 1249, 1544]"
1692,"[1924, 478, 1742, 1630, 1592]"
1693,"[1030, 1257, 1495, 786, 1899]"
1694,"[317, 1171, 216, 706, 1587]"
1695,"[1713, 1541, 102, 98, 1746]"
1696,"[1937, 1772, 97, 96, 98]"
1697,"[1201, 1701, 126, 1937, 1646]"
1698,"[1607, 1638, 455, 511, 1193]"
1699,"[96, 420, 1700, 1832, 1320]"
1700,"[1612, 511, 1704, 1705, 162]"
1701,"[409, 1887, 102, 98, 171]"
1702,"[1738, 1927, 1125, 1157, 926]"
1703,"[643, 737, 1911, 719, 1640]"
1704,"[1188, 1187, 135, 1338, 368]"
1705,"[1560, 350, 864, 651, 55]"
1706,"[1587, 1627, 1025, 1894, 50]"
1707,"[1884, 98, 96, 97, 102]"
1708,"[1915, 1902, 1924, 408, 114]"
1709,"[1759, 1705, 1607, 1761, 1758]"
1710,"[1457, 420, 1924, 1658, 1210]"
1711,"[313, 314, 1923, 865, 863]"
1712,"[1201, 1059, 1786, 606, 1787]"
1713,"[474, 1316, 1574, 1152, 909]"
1714,"[1915, 1902, 1561, 1552, 1705]"
1715,"[645, 739, 1204, 1113, 401]"
1716,"[807, 1705, 1704, 510, 114]"
1717,"[1899, 1726, 1906, 1523, 1600]"
1718,"[468, 1704, 1705, 73, 1615]"
1719,"[1527, 1627, 1552, 1587, 1905]"
1720,"[1704, 1705, 1915, 1207, 114]"
1721,"[1704, 1705, 1511, 511, 1670]"
1722,"[1704, 455, 1613, 1604, 1896]"
1723,"[1704, 1705, 1552, 1543, 1519]"
1724,"[1362, 1924, 588, 1808, 692]"
1725,"[219, 1592, 1666, 1924, 1591]"
1726,"[1897, 1192, 1567, 1884, 1896]"
1727,"[928, 1525, 1889, 1524, 1752]"
1728,"[1705, 455, 1567, 1899, 1704]"
1729,"[98, 116, 464, 1884, 1924]"
1730,"[892, 282, 511, 66, 1704]"
1731,"[1617, 1762, 1722, 292, 1760]"
1732,"[726, 727, 1650, 1915, 734]"
1733,"[372, 1570, 1800, 1080, 1187]"
1734,"[1915, 1906, 165, 1528, 1825]"
1735,"[1586, 1297, 1615, 1607, 1704]"
1736,"[793, 1700, 102, 96, 97]"
1737,"[361, 116, 478, 1900, 1902]"
1738,"[938, 935, 412, 1612, 1192]"
1739,"[73, 1065, 468, 1704, 1705]"
1740,"[397, 125, 1676, 1733, 1248]"
1741,"[1915, 937, 159, 165, 163]"
1742,"[677, 102, 98, 1313, 97]"
1743,"[1560, 102, 864, 350, 55]"
1744,"[1570, 59, 1287, 135, 1901]"
1745,"[368, 372, 1567, 862, 455]"
1746,"[1761, 1760, 1705, 1704, 1191]"
1747,"[1615, 1586, 1903, 329, 1192]"
1748,"[862, 1042, 368, 1924, 455]"
1749,"[1865, 73, 1670, 749, 1320]"
1750,"[1607, 1896, 1608, 1157, 1517]"
1751,"[679, 1762, 37, 1249, 682]"
1752,"[1526, 1523, 1538, 1556, 1192]"
1753,"[1124, 1567, 1627, 1249, 1884]"
1754,"[1710, 621, 1604, 1192, 1190]"
1755,"[1756, 1063, 257, 1762, 1705]"
1756,"[865, 1747, 863, 1923, 314]"
1757,"[1929, 1825, 441, 1526, 1906]"
1758,"[361, 1915, 1607, 1612, 835]"
1759,"[306, 1019, 309, 1055, 324]"
1760,"[1321, 1297, 1664, 478, 440]"
1761,"[1926, 317, 1746, 1705, 1899]"
1762,"[1072, 1567, 1705, 1704, 1775]"
1763,"[594, 1513, 1772, 364, 319]"
1764,"[1059, 357, 392, 1016, 256]"
1765,"[423, 1244, 1197, 1249, 1746]"
1766,"[1745, 1616, 1671, 1071, 925]"
1767,"[1704, 1762, 1760, 1761, 1758]"
1768,"[1915, 1029, 1626, 1649, 1030]"
1769,"[372, 368, 455, 1628, 164]"
1770,"[1247, 126, 1937, 1705, 1704]"
1771,"[828, 1704, 1705, 1733, 257]"
1772,"[102, 1549, 98, 1538, 1541]"
1773,"[1878, 1707, 812, 457, 84]"
1774,"[135, 1567, 851, 903, 1889]"
1775,"[1748, 868, 1071, 409, 102]"
1776,"[511, 1157, 1067, 1072, 599]"
1777,"[372, 1607, 1704, 1705, 901]"
1778,"[1705, 1316, 1607, 1904, 1704]"
1779,"[1865, 1704, 1705, 511, 514]"
1780,"[361, 1618, 1038, 1762, 446]"
1781,"[1926, 862, 1071, 1588, 819]"
1782,"[1655, 1924, 926, 757, 1249]"
1783,"[1612, 1567, 1704, 631, 1705]"
1784,"[1789, 780, 1792, 998, 1648]"
1785,"[1607, 1896, 1608, 1517, 1157]"
1786,"[276, 397, 1178, 1008, 1063]"
1787,"[368, 547, 1924, 1385, 1674]"
1788,"[511, 599, 595, 593, 597]"
1789,"[1704, 1705, 511, 73, 403]"
1790,"[1607, 1896, 1608, 1192, 277]"
1791,"[1700, 1701, 1889, 124, 171]"
1792,"[1613, 1188, 1894, 1788, 1733]"
1793,"[1775, 1760, 1769, 1705, 1768]"
1794,"[1601, 692, 1726, 1604, 1277]"
1795,"[1937, 97, 96, 98, 408]"
1796,"[46, 925, 472, 794, 1249]"
1797,"[1677, 1924, 216, 1673, 1704]"
1798,"[1607, 1904, 1517, 1316, 1704]"
1799,"[1924, 441, 1936, 1260, 430]"
1800,"[47, 1607, 1069, 1608, 1880]"
1801,"[864, 1559, 1560, 350, 749]"
1802,"[415, 102, 171, 126, 1197]"
1803,"[96, 1587, 1904, 1700, 1697]"
1804,"[124, 1746, 98, 97, 96]"
1805,"[1705, 1761, 1072, 1896, 372]"
1806,"[1157, 1100, 691, 1127, 1132]"
1807,"[483, 1324, 1225, 1322, 1748]"
1808,"[276, 369, 1159, 1061, 1900]"
1809,"[1617, 1762, 1758, 1760, 1761]"
1810,"[116, 1924, 1610, 89, 1677]"
1811,"[692, 1601, 1726, 1277, 1191]"
1812,"[411, 1786, 455, 1789, 1788]"
1813,"[368, 862, 455, 1697, 512]"
1814,"[1072, 1756, 1613, 1704, 1567]"
1815,"[96, 1904, 1889, 1700, 1193]"
1816,"[1704, 1884, 1705, 1758, 16]"
1817,"[1705, 1924, 1773, 1704, 675]"
1818,"[1615, 1081, 1836, 1873, 765]"
1819,"[667, 643, 128, 607, 29]"
1820,"[898, 893, 896, 1283, 1080]"
1821,"[1906, 1836, 1873, 823, 1704]"
1822,"[728, 1041, 719, 1666, 731]"
1823,"[1906, 1528, 1928, 1086, 1588]"
1824,"[1915, 113, 165, 1025, 1613]"
1825,"[98, 125, 102, 1297, 97]"
1826,"[478, 1924, 1884, 660, 1461]"
1827,"[101, 1924, 1527, 165, 1615]"
1828,"[1060, 1073, 890, 1534, 1924]"
1829,"[1496, 1567, 828, 16, 1898]"
1830,"[1256, 927, 1828, 430, 1833]"
1831,"[1613, 257, 1270, 1527, 1056]"
1832,"[314, 1704, 1073, 1705, 793]"
1833,"[379, 1721, 372, 1040, 368]"
1834,"[289, 1906, 403, 1528, 1300]"
1835,"[478, 1924, 1884, 1733, 1792]"
1836,"[1192, 1899, 16, 1880, 1760]"
1837,"[1157, 373, 1154, 1704, 866]"
1838,"[116, 1064, 114, 1884, 1889]"
1839,"[1072, 1705, 1906, 1704, 1567]"
1840,"[1249, 1567, 1884, 1704, 1896]"
1841,"[1114, 1704, 119, 1705, 88]"
1842,"[1704, 455, 368, 108, 1721]"
1843,"[289, 1929, 1917, 1887, 1588]"
1844,"[165, 1613, 1742, 1636, 1894]"
1845,"[1915, 677, 1863, 1902, 408]"
1846,"[165, 164, 1704, 1705, 1070]"
1847,"[1607, 478, 1924, 1157, 455]"
1848,"[1188, 128, 1758, 1761, 1762]"
1849,"[1119, 1071, 409, 1926, 1064]"
1850,"[692, 1601, 1726, 1277, 1191]"
1851,"[1114, 1914, 165, 1193, 164]"
1852,"[1900, 1902, 1917, 1279, 408]"
1853,"[1567, 1705, 1704, 1620, 1193]"
1854,"[478, 1924, 216, 455, 1618]"
1855,"[637, 663, 1746, 643, 642]"
1856,"[1721, 1570, 372, 1903, 1802]"
1857,"[73, 68, 1705, 1732, 1759]"
1858,"[1704, 1924, 1705, 788, 1773]"
1859,"[478, 1884, 1924, 921, 789]"
1860,"[306, 464, 1884, 175, 51]"
1861,"[1936, 926, 1295, 1277, 1086]"
1862,"[1670, 1742, 749, 1564, 1489]"
1863,"[1915, 1277, 1733, 1263, 1738]"
1864,"[1607, 1896, 1517, 1608, 1659]"
1865,"[368, 1113, 1607, 1659, 781]"
1866,"[1705, 1704, 1924, 478, 468]"
1867,"[1607, 1608, 1903, 1704, 1517]"
1868,"[1776, 1757, 677, 885, 972]"
1869,"[96, 97, 1915, 455, 98]"
1870,"[1789, 444, 1600, 459, 1788]"
1871,"[1761, 1588, 1704, 1705, 1760]"
1872,"[1915, 1760, 1758, 1761, 1705]"
1873,"[204, 956, 151, 1205, 185]"
1874,"[165, 162, 919, 924, 938]"
1875,"[1746, 4, 216, 1541, 1553]"
1876,"[286, 1649, 862, 1787, 1786]"
1877,"[758, 166, 1466, 1705, 933]"
1878,"[511, 599, 567, 361, 1263]"
1879,"[1915, 113, 89, 1905, 1627]"
1880,"[1756, 1063, 257, 1762, 1705]"
1881,"[175, 164, 353, 165, 139]"
1882,"[1897, 1620, 1545, 1704, 1705]"
1883,"[1902, 1917, 1915, 1900, 408]"
1884,"[1147, 1704, 1705, 372, 80]"
1885,"[368, 372, 1157, 1113, 1704]"
1886,"[1704, 455, 1607, 1613, 1628]"
1887,"[1915, 1902, 1552, 1705, 1704]"
1888,"[643, 865, 841, 903, 1747]"
1889,"[1072, 1567, 901, 1705, 1620]"
1890,"[1760, 1896, 1567, 1705, 1761]"
1891,"[749, 666, 96, 97, 793]"
1892,"[455, 454, 1308, 465, 460]"
1893,"[292, 1617, 1762, 1761, 1655]"
1894,"[478, 125, 1924, 114, 455]"
1895,"[1601, 692, 1726, 1704, 1758]"
1896,"[1620, 165, 919, 162, 938]"
1897,"[911, 1046, 1483, 1924, 1338]"
1898,"[478, 1696, 1924, 1697, 164]"
1899,"[884, 507, 1604, 114, 16]"
1900,"[1203, 16, 1246, 903, 1744]"
1901,"[478, 1924, 1704, 90, 1705]"
1902,"[1316, 150, 408, 208, 37]"
1903,"[1922, 1897, 163, 96, 97]"
1904,"[1590, 885, 954, 823, 270]"
1905,"[1922, 1897, 1567, 16, 114]"
1906,"[135, 1567, 16, 1604, 1607]"
1907,"[1157, 1673, 1674, 892, 898]"
1908,"[1705, 1704, 1461, 583, 1471]"
1909,"[1902, 455, 922, 1599, 1063]"
1910,"[96, 97, 98, 1541, 102]"
1911,"[1705, 511, 1704, 432, 1873]"
1912,"[359, 1050, 1704, 1651, 1021]"
1913,"[1034, 1028, 1036, 1674, 1925]"
1914,"[1046, 853, 1026, 360, 1073]"
1915,"[1607, 1517, 1608, 1659, 1193]"
1916,"[1159, 393, 441, 64, 1675]"
1917,"[1001, 1246, 1924, 455, 454]"
1918,"[1924, 1607, 926, 692, 624]"
1919,"[1613, 1607, 901, 455, 1666]"
1920,"[1607, 1202, 410, 1905, 599]"
1921,"[455, 114, 890, 1899, 1636]"
1922,"[7, 1246, 920, 862, 110]"
1923,"[1878, 1707, 1705, 1704, 108]"
1924,"[1705, 1855, 1704, 1861, 1871]"
1925,"[1607, 1608, 1894, 1586, 1705]"
1926,"[1907, 900, 1892, 1627, 113]"
1927,"[1894, 1607, 1586, 1567, 1192]"
1928,"[372, 1607, 1705, 1704, 901]"
1929,"[368, 1157, 455, 862, 108]"
1930,"[50, 135, 1567, 132, 1611]"
1931,"[1192, 1607, 1615, 1906, 1202]"
1932,"[372, 368, 1894, 1113, 455]"
1933,"[1772, 927, 828, 1828, 1863]"
1934,"[478, 1924, 1758, 1761, 1704]"
1935,"[1613, 1894, 1666, 110, 1904]"
1936,"[1607, 1608, 1896, 1517, 1192]"
1937,"[793, 98, 1249, 102, 1670]"
1938,"[118, 1280, 1647, 98, 96]"
1939,"[108, 1721, 1570, 1704, 135]"
1940,"[1915, 1158, 1916, 1917, 1193]"
1941,"[1902, 1904, 441, 216, 408]"
1942,"[501, 1116, 1076, 73, 96]"
1943,"[1704, 511, 1809, 1705, 73]"
1944,"[165, 96, 97, 164, 927]"
1945,"[1906, 1758, 1612, 1762, 1898]"
1946,"[1570, 1804, 108, 468, 1801]"
1947,"[408, 128, 1148, 924, 371]"
1948,"[219, 1148, 1659, 814, 813]"
1949,"[64, 1332, 67, 265, 357]"
1950,"[455, 454, 1705, 1704, 1676]"
1951,"[1721, 1204, 1557, 108, 1906]"
1952,"[135, 631, 468, 1705, 1670]"
1953,"[97, 96, 1313, 658, 1670]"
1954,"[1915, 409, 1611, 1192, 16]"
1955,"[1570, 372, 1915, 1192, 412]"
1956,"[1704, 1705, 478, 1761, 1924]"
1957,"[862, 164, 901, 1705, 1704]"
1958,"[1917, 359, 1207, 1279, 1900]"
1959,"[454, 455, 1884, 16, 1705]"
1960,"[1793, 1786, 1603, 862, 1790]"
1961,"[478, 1924, 116, 408, 1704]"
1962,"[1617, 292, 926, 1655, 1722]"
1963,"[926, 1666, 1607, 1704, 1659]"
1964,"[96, 1298, 430, 1259, 1830]"
1965,"[793, 97, 96, 102, 98]"
1966,"[462, 455, 1884, 1897, 114]"
1967,"[1906, 1528, 1620, 162, 919]"
1968,"[454, 16, 461, 926, 114]"
1969,"[1067, 1615, 727, 726, 1650]"
1970,"[1878, 1707, 1197, 1922, 1897]"
1971,"[1772, 1567, 464, 1899, 114]"
1972,"[108, 1557, 1761, 1704, 1607]"
1973,"[96, 1832, 1302, 1830, 1252]"
1974,"[1636, 778, 1157, 438, 1607]"
1975,"[372, 368, 1070, 454, 455]"
1976,"[149, 1704, 952, 915, 1825]"
1977,"[372, 368, 1570, 1113, 455]"
1978,"[1604, 1922, 1897, 1896, 1567]"
1979,"[1613, 1894, 368, 372, 1875]"
1980,"[116, 102, 1724, 1555, 1884]"
1981,"[1705, 808, 683, 50, 1704]"
1982,"[1878, 1707, 313, 1607, 346]"
1983,"[1192, 1676, 113, 890, 29]"
1984,"[1607, 1896, 1608, 1517, 1157]"
1985,"[1246, 361, 1772, 1758, 360]"
1986,"[1704, 1884, 1312, 1677, 1824]"
1987,"[925, 1902, 1197, 1073, 1066]"
1988,"[1906, 1255, 1896, 1588, 321]"
1989,"[1915, 528, 1507, 1192, 1863]"
1990,"[1705, 1746, 1704, 1758, 1762]"
1991,"[1601, 692, 1726, 1277, 1604]"
1992,"[1896, 1606, 1192, 1586, 1615]"
1993,"[1878, 1707, 73, 1708, 1772]"
1994,"[1591, 175, 153, 159, 1297]"
1995,"[349, 216, 1523, 1915, 1268]"
1996,"[116, 1924, 1884, 114, 478]"
1997,"[73, 1861, 1878, 1707, 1846]"
1998,"[1804, 1802, 1798, 1704, 1801]"
1999,"[135, 1192, 1567, 1896, 1072]"
2000,"[454, 1922, 1897, 1014, 16]"
2001,"[412, 1299, 1618, 1742, 1617]"
2002,"[1071, 1899, 1915, 1526, 1705]"
2003,"[420, 1700, 749, 864, 1658]"
2004,"[1039, 1527, 1930, 1545, 150]"
2005,"[1567, 1618, 1705, 1704, 1733]"
2006,"[1187, 1570, 1875, 1803, 809]"
2007,"[455, 114, 16, 1611, 1567]"
2008,"[419, 925, 927, 175, 1705]"
2009,"[1924, 478, 464, 1772, 1705]"
2010,"[1055, 1704, 885, 1026, 1752]"
2011,"[1613, 257, 363, 901, 1530]"
2012,"[1249, 1705, 885, 1704, 1873]"
2013,"[834, 73, 1363, 583, 1704]"
2014,"[163, 1884, 159, 937, 478]"
2015,"[116, 1915, 1924, 1900, 1902]"
2016,"[430, 1833, 1837, 1828, 441]"
2017,"[1046, 736, 926, 1080, 323]"
2018,"[1915, 1659, 408, 1704, 1705]"
2019,"[1192, 1705, 1676, 1567, 114]"
2020,"[1924, 1558, 535, 1742, 1704]"
2021,"[1192, 1904, 1587, 1607, 1586]"
2022,"[1157, 1147, 1907, 1567, 1705]"
2023,"[1746, 96, 97, 1313, 1700]"
2024,"[1019, 1704, 1125, 1705, 1673]"
2025,"[926, 1927, 919, 1025, 159]"
2026,"[1917, 893, 1204, 898, 1658]"
2027,"[290, 1615, 1556, 1538, 1586]"
2028,"[1936, 1704, 1205, 911, 1758]"
2029,"[143, 957, 943, 215, 201]"
2030,"[1032, 1916, 285, 1705, 1933]"
2031,"[1907, 1762, 1761, 1760, 368]"
2032,"[1733, 89, 125, 1676, 1192]"
2033,"[59, 157, 155, 124, 1736]"
2034,"[1922, 1897, 1761, 1704, 18]"
2035,"[1704, 1884, 1705, 478, 1924]"
2036,"[478, 1924, 1704, 743, 1705]"
2037,"[1836, 1873, 403, 1300, 1704]"
2038,"[1199, 1742, 1554, 1562, 1533]"
2039,"[885, 1025, 919, 159, 1618]"
2040,"[1924, 919, 1884, 1636, 1025]"
2041,"[455, 454, 463, 465, 461]"
2042,"[361, 478, 1884, 1297, 1762]"
2043,"[1662, 1021, 1733, 334, 1155]"
2044,"[163, 271, 968, 289, 972]"
2045,"[98, 1550, 102, 1760, 1555]"
2046,"[1659, 1793, 1789, 1788, 1570]"
2047,"[1897, 1567, 1880, 1704, 1705]"
2048,"[1287, 30, 1710, 1785, 828]"
2049,"[703, 1607, 1705, 511, 1704]"
2050,"[165, 1832, 1042, 921, 1302]"
2051,"[1722, 862, 1884, 614, 782]"
2052,"[1541, 171, 1138, 46, 1670]"
2053,"[1726, 390, 455, 1191, 321]"
2054,"[1312, 650, 1704, 1705, 782]"
2055,"[1259, 1258, 1261, 1257, 1704]"
2056,"[1251, 921, 1193, 1620, 625]"
2057,"[1704, 679, 114, 16, 1762]"
2058,"[1617, 926, 1924, 1655, 900]"
2059,"[681, 368, 321, 372, 1125]"
2060,"[372, 1655, 125, 1901, 89]"
2061,"[1187, 135, 1570, 1188, 543]"
2062,"[1613, 1894, 1746, 1607, 1705]"
2063,"[1836, 1873, 1299, 1832, 1511]"
2064,"[1666, 1029, 89, 1676, 114]"
2065,"[1915, 1924, 478, 1704, 1705]"
2066,"[1317, 1795, 1246, 1130, 1135]"
2067,"[1704, 1705, 1567, 93, 95]"
2068,"[357, 1030, 914, 1086, 952]"
2069,"[114, 1915, 455, 862, 408]"
2070,"[73, 1317, 282, 1207, 1428]"
2071,"[1701, 290, 1041, 667, 1524]"
2072,"[116, 1070, 1911, 390, 110]"
2073,"[116, 16, 114, 1704, 860]"
2074,"[1704, 511, 1705, 1809, 885]"
2075,"[781, 351, 604, 1670, 408]"
2076,"[1884, 1708, 1772, 1878, 1707]"
2077,"[1157, 1607, 372, 926, 783]"
2078,"[1704, 1924, 1705, 898, 1884]"
2079,"[1902, 1752, 1704, 1620, 1705]"
2080,"[691, 1127, 927, 221, 401]"
2081,"[1758, 292, 1617, 1070, 1762]"
2082,"[1917, 1900, 145, 1449, 80]"
2083,"[1896, 138, 1028, 97, 1606]"
2084,"[1746, 1705, 606, 510, 862]"
2085,"[1070, 1704, 1545, 1705, 1900]"
2086,"[50, 1704, 1152, 1705, 1735]"
2087,"[1030, 1907, 739, 164, 98]"
2088,"[79, 1884, 1567, 114, 16]"
2089,"[1001, 1915, 7, 1070, 216]"
2090,"[1613, 257, 1530, 901, 1924]"
2091,"[1071, 1705, 1807, 1905, 1704]"
2092,"[97, 96, 102, 98, 658]"
2093,"[1607, 1517, 1896, 1157, 1191]"
2094,"[1115, 447, 1147, 1523, 1726]"
2095,"[1526, 1899, 317, 1896, 1907]"
2096,"[933, 1567, 1704, 1705, 1752]"
2097,"[1607, 1517, 1587, 1157, 1904]"
2098,"[292, 1762, 1722, 1617, 1758]"
2099,"[1704, 1434, 1705, 1773, 1655]"
2100,"[1915, 1302, 1252, 1193, 1260]"
2101,"[1704, 478, 1924, 16, 114]"
2102,"[1072, 403, 1064, 1405, 1249]"
2103,"[1900, 1085, 408, 114, 1599]"
2104,"[1915, 125, 165, 1924, 937]"
2105,"[1119, 1612, 1027, 1041, 272]"
2106,"[152, 771, 1735, 440, 1079]"
2107,"[1025, 1637, 1028, 1915, 1041]"
2108,"[408, 1620, 1248, 1666, 29]"
2109,"[1761, 1762, 1567, 1072, 135]"
2110,"[455, 1617, 1567, 1722, 292]"
2111,"[1900, 1545, 1206, 363, 1543]"
2112,"[1907, 1922, 1897, 1526, 1762]"
2113,"[1915, 1570, 1749, 216, 159]"
2114,"[1607, 1517, 1896, 1608, 1157]"
2115,"[102, 98, 73, 1313, 97]"
2116,"[1896, 1157, 1526, 1618, 1922]"
2117,"[1924, 1673, 1705, 919, 868]"
2118,"[368, 455, 1607, 761, 745]"
2119,"[1677, 1705, 1704, 1613, 872]"
2120,"[114, 691, 1192, 446, 1733]"
2121,"[89, 116, 1526, 165, 1675]"
2122,"[1900, 1915, 890, 113, 408]"
2123,"[1617, 1762, 1758, 1555, 1742]"
2124,"[1915, 1899, 530, 1704, 1604]"
2125,"[1705, 1922, 1897, 1896, 1567]"
2126,"[1924, 98, 478, 1904, 102]"
2127,"[1607, 606, 510, 1705, 1611]"
2128,"[1617, 1929, 1704, 1760, 1567]"
2129,"[633, 275, 1016, 280, 281]"
2130,"[211, 1789, 1788, 1792, 212]"
2131,"[1192, 1567, 1704, 1615, 16]"
2132,"[455, 1896, 1613, 1894, 1192]"
2133,"[1627, 164, 1025, 1193, 1587]"
2134,"[1607, 692, 446, 1251, 455]"
2135,"[1617, 1523, 1112, 1924, 454]"
2136,"[1917, 216, 1612, 1899, 1914]"
2137,"[108, 1607, 1758, 1760, 1704]"
2138,"[954, 1651, 1137, 425, 681]"
2139,"[116, 379, 1726, 1601, 1705]"
2140,"[1607, 1896, 1608, 1517, 441]"
2141,"[372, 1072, 368, 1191, 1045]"
2142,"[372, 1567, 1192, 762, 752]"
2143,"[455, 1704, 165, 1613, 510]"
2144,"[1772, 361, 1457, 818, 546]"
2145,"[1772, 1559, 594, 97, 96]"
2146,"[73, 1472, 1705, 1670, 1704]"
2147,"[135, 1570, 1705, 372, 1804]"
2148,"[1157, 1690, 1704, 1891, 1607]"
2149,"[465, 461, 1309, 1308, 1310]"
2150,"[1670, 1705, 919, 165, 933]"
2151,"[478, 116, 1884, 1924, 1907]"
2152,"[1896, 1899, 1192, 135, 1567]"
2153,"[1884, 782, 432, 171, 1562]"
2154,"[1072, 372, 1157, 368, 683]"
2155,"[1704, 511, 1705, 1511, 1777]"
2156,"[1313, 98, 749, 97, 96]"
2157,"[1615, 1586, 1650, 727, 726]"
2158,"[1607, 1608, 1896, 1517, 1157]"
2159,"[1915, 114, 1733, 1461, 1027]"
2160,"[1915, 97, 96, 924, 98]"
2161,"[1704, 1761, 1760, 1705, 1758]"
2162,"[1607, 1705, 1604, 1704, 432]"
2163,"[1704, 1705, 890, 114, 89]"
2164,"[368, 1705, 1704, 1762, 372]"
2165,"[667, 420, 749, 1742, 171]"
2166,"[1894, 862, 835, 368, 1516]"
2167,"[926, 1567, 372, 403, 765]"
2168,"[1828, 1833, 1837, 1260, 430]"
2169,"[1617, 292, 1762, 1761, 700]"
2170,"[1936, 1935, 1277, 324, 1082]"
2171,"[73, 749, 1541, 793, 1670]"
2172,"[1761, 1705, 1192, 1567, 135]"
2173,"[1513, 594, 542, 1772, 1246]"
2174,"[1157, 511, 1704, 1035, 1705]"
2175,"[919, 1071, 1705, 1533, 1558]"
2176,"[421, 455, 1894, 1607, 1705]"
2177,"[368, 1607, 372, 1014, 1756]"
2178,"[1836, 1873, 1832, 1704, 1752]"
2179,"[1915, 1705, 511, 1704, 501]"
2180,"[1902, 1154, 447, 361, 1273]"
2181,"[96, 97, 1030, 98, 1561]"
2182,"[135, 1567, 901, 1607, 1704]"
2183,"[784, 1727, 1066, 1924, 478]"
2184,"[1705, 1704, 1884, 1924, 1761]"
2185,"[1536, 1915, 1926, 507, 583]"
2186,"[112, 1705, 890, 1746, 1704]"
2187,"[1705, 1704, 1773, 114, 807]"
2188,"[1902, 1915, 1900, 116, 1884]"
2189,"[455, 1567, 1705, 1704, 1896]"
2190,"[1588, 1899, 1904, 868, 1587]"
2191,"[7, 1735, 110, 165, 861]"
2192,"[1865, 1863, 1670, 158, 155]"
2193,"[1041, 808, 1637, 692, 1444]"
2194,"[1133, 1599, 478, 1574, 396]"
2195,"[135, 132, 1744, 1567, 1772]"
2196,"[1878, 1707, 1570, 1708, 372]"
2197,"[1828, 1833, 1837, 430, 1863]"
2198,"[165, 1899, 1924, 1907, 1906]"
2199,"[1705, 1704, 1924, 114, 1759]"
2200,"[1273, 1914, 629, 1899, 1890]"
2201,"[372, 1567, 1705, 1670, 368]"
2202,"[1896, 372, 1567, 1880, 1884]"
2203,"[1559, 1670, 667, 1821, 1822]"
2204,"[1299, 1659, 1193, 1705, 1704]"
2205,"[1567, 1922, 1897, 1896, 1192]"
2206,"[1192, 135, 1567, 1896, 16]"
2207,"[372, 368, 455, 1157, 1113]"
2208,"[1772, 1302, 440, 335, 1704]"
2209,"[875, 329, 1263, 1028, 922]"
2210,"[45, 346, 903, 1143, 345]"
2211,"[1926, 1916, 1884, 1521, 660]"
2212,"[1617, 1555, 1705, 926, 1704]"
2213,"[1607, 900, 1613, 1558, 1705]"
2214,"[368, 1157, 455, 862, 1113]"
2215,"[1071, 1924, 1902, 478, 1884]"
2216,"[430, 1936, 1260, 1935, 1828]"
2217,"[164, 1914, 1536, 1891, 1762]"
2218,"[794, 4, 1313, 793, 126]"
2219,"[478, 1924, 606, 58, 57]"
2220,"[1651, 1792, 1733, 68, 1788]"
2221,"[1157, 1704, 1613, 455, 1607]"
2222,"[357, 1052, 985, 979, 903]"
2223,"[1705, 901, 83, 480, 28]"
2224,"[1896, 1192, 1607, 1705, 1567]"
2225,"[1729, 1907, 668, 1131, 1646]"
2226,"[135, 1567, 1896, 16, 1704]"
2227,"[48, 165, 1697, 1704, 1705]"
2228,"[1772, 530, 1704, 1924, 1705]"
2229,"[425, 159, 937, 919, 1025]"
2230,"[1492, 1475, 793, 749, 1541]"
2231,"[1915, 1030, 1588, 1916, 1906]"
2232,"[890, 1762, 1705, 530, 1704]"
2233,"[757, 1717, 164, 171, 1882]"
2234,"[1021, 96, 97, 98, 1761]"
2235,"[1316, 1904, 1567, 1705, 1704]"
2236,"[1607, 1659, 432, 1704, 860]"
2237,"[372, 1662, 447, 1273, 646]"
2238,"[114, 1192, 1567, 135, 1733]"
2239,"[1900, 1915, 890, 1902, 1543]"
2240,"[654, 666, 650, 1887, 98]"
2241,"[1612, 1607, 1207, 1889, 511]"
2242,"[893, 892, 1673, 872, 898]"
2243,"[368, 1157, 455, 862, 1113]"
2244,"[1884, 1312, 782, 432, 1677]"
2245,"[350, 171, 749, 1885, 874]"
2246,"[1643, 1770, 1783, 1795, 647]"
2247,"[1786, 1752, 1915, 606, 862]"
2248,"[368, 677, 1761, 108, 1760]"
2249,"[1570, 1125, 372, 569, 1372]"
2250,"[67, 1150, 347, 1205, 972]"
2251,"[292, 1760, 1761, 1762, 1758]"
2252,"[1761, 1762, 1758, 292, 1617]"
2253,"[884, 1011, 163, 1046, 368]"
2254,"[1717, 1895, 480, 433, 774]"
2255,"[745, 835, 164, 1733, 762]"
2256,"[1924, 102, 783, 1705, 478]"
2257,"[1118, 1700, 1778, 1887, 1937]"
2258,"[1726, 1604, 1601, 1705, 1704]"
2259,"[16, 1704, 1705, 1611, 1567]"
2260,"[1915, 1620, 1011, 1121, 1192]"
2261,"[290, 393, 1850, 1851, 1451]"
2262,"[1936, 1295, 1277, 371, 1202]"
2263,"[1662, 363, 1613, 1733, 1607]"
2264,"[1886, 1670, 749, 1603, 893]"
2265,"[1617, 124, 114, 926, 1705]"
2266,"[914, 915, 964, 149, 988]"
2267,"[368, 1065, 862, 1249, 455]"
2268,"[1063, 1762, 1891, 1758, 1705]"
2269,"[1932, 1924, 1358, 1705, 1704]"
2270,"[1926, 1556, 1562, 1704, 1612]"
2271,"[83, 1428, 282, 1911, 1691]"
2272,"[677, 1617, 926, 1760, 198]"
2273,"[518, 1485, 1468, 1439, 828]"
2274,"[1936, 1086, 1928, 1295, 1906]"
2275,"[1157, 368, 141, 455, 421]"
2276,"[16, 1904, 926, 401, 1191]"
2277,"[1900, 1924, 114, 125, 408]"
2278,"[455, 114, 16, 1611, 1567]"
2279,"[1704, 1705, 1670, 1567, 1723]"
2280,"[1711, 1717, 1716, 111, 884]"
2281,"[455, 454, 465, 1899, 1922]"
2282,"[1025, 937, 159, 113, 165]"
2283,"[692, 1604, 1192, 697, 1884]"
2284,"[1043, 1906, 1705, 1704, 1025]"
2285,"[1896, 1607, 1608, 1894, 511]"
2286,"[125, 423, 1244, 1612, 124]"
2287,"[126, 107, 1746, 1137, 605]"
2288,"[1923, 794, 118, 1733, 614]"
2289,"[116, 1549, 1884, 1610, 1312]"
2290,"[1570, 108, 368, 372, 1557]"
2291,"[478, 1924, 1705, 1704, 126]"
2292,"[1063, 554, 343, 1147, 1704]"
2293,"[1019, 1599, 1088, 1586, 697]"
2294,"[135, 108, 1758, 1762, 1705]"
2295,"[1759, 466, 458, 1764, 527]"
2296,"[1762, 1758, 1063, 1887, 1705]"
2297,"[89, 113, 1025, 165, 1041]"
2298,"[259, 1567, 1319, 390, 256]"
2299,"[1705, 1275, 449, 1567, 1894]"
2300,"[1878, 1707, 1570, 1802, 73]"
2301,"[1705, 1704, 1807, 478, 1924]"
2302,"[1705, 143, 943, 758, 137]"
2303,"[98, 1197, 102, 1884, 1726]"
2304,"[1915, 1630, 493, 165, 919]"
2305,"[1915, 114, 1192, 1567, 510]"
2306,"[1498, 1836, 1666, 1935, 175]"
2307,"[126, 1778, 1704, 1705, 788]"
2308,"[1277, 1192, 1066, 1611, 692]"
2309,"[1073, 1116, 1313, 793, 1118]"
2310,"[1915, 1704, 1705, 165, 919]"
2311,"[1900, 1902, 1917, 359, 114]"
2312,"[478, 116, 1924, 408, 1704]"
2313,"[489, 1316, 1704, 1705, 1904]"
2314,"[135, 1567, 1607, 1602, 1880]"
2315,"[511, 73, 514, 1704, 1705]"
2316,"[698, 1915, 368, 372, 1748]"
2317,"[1588, 1916, 1906, 1705, 1704]"
2318,"[1802, 1801, 1804, 1781, 1782]"
2319,"[102, 124, 1631, 881, 97]"
2320,"[925, 938, 164, 935, 1030]"
2321,"[1762, 1758, 114, 1704, 1599]"
2322,"[1896, 1607, 1608, 1615, 1586]"
2323,"[1746, 1560, 1561, 453, 749]"
2324,"[438, 1167, 1636, 1729, 748]"
2325,"[1587, 1612, 1620, 1704, 1705]"
2326,"[604, 209, 978, 911, 1630]"
2327,"[900, 926, 1157, 1704, 511]"
2328,"[1825, 1906, 128, 432, 1704]"
2329,"[828, 468, 82, 793, 1704]"
2330,"[165, 1704, 454, 1705, 1884]"
2331,"[137, 925, 1592, 1042, 972]"
2332,"[1307, 114, 466, 1617, 1192]"
2333,"[1721, 1570, 1705, 372, 1557]"
2334,"[1617, 1762, 1555, 292, 1758]"
2335,"[885, 1906, 1607, 1666, 1704]"
2336,"[1586, 1615, 726, 277, 1192]"
2337,"[1062, 320, 1025, 1137, 1636]"
2338,"[1072, 363, 1488, 1777, 1765]"
2339,"[1599, 1019, 379, 1586, 697]"
2340,"[1659, 1193, 1251, 446, 625]"
2341,"[1900, 1543, 868, 1705, 1748]"
2342,"[1613, 257, 92, 363, 209]"
2343,"[1700, 102, 642, 1670, 654]"
2344,"[1902, 1900, 408, 1704, 406]"
2345,"[997, 1772, 1694, 116, 164]"
2346,"[1316, 1904, 1567, 1705, 1704]"
2347,"[1900, 1543, 1632, 1704, 1705]"
2348,"[98, 478, 159, 937, 1922]"
2349,"[267, 266, 239, 238, 235]"
2350,"[378, 1921, 1924, 1922, 1897]"
2351,"[116, 1924, 1197, 137, 150]"
2352,"[1599, 102, 97, 96, 95]"
2353,"[1627, 164, 1193, 1587, 1025]"
2354,"[277, 1735, 120, 1733, 739]"
2355,"[1705, 164, 1704, 1567, 1618]"
2356,"[1249, 1836, 1511, 1873, 1666]"
2357,"[1613, 257, 1733, 1488, 386]"
2358,"[692, 693, 1662, 1601, 1726]"
2359,"[1113, 1604, 292, 1724, 1712]"
2360,"[1607, 1608, 1517, 1570, 1615]"
2361,"[455, 1726, 390, 454, 441]"
2362,"[1617, 292, 1618, 434, 1687]"
2363,"[692, 693, 1726, 1192, 1277]"
2364,"[1037, 898, 1125, 752, 1226]"
2365,"[749, 164, 98, 1670, 97]"
2366,"[1604, 455, 1884, 1705, 1704]"
2367,"[1192, 454, 114, 692, 1610]"
2368,"[564, 563, 1705, 510, 1472]"
2369,"[1044, 1746, 98, 96, 97]"
2370,"[1041, 443, 1135, 1768, 1017]"
2371,"[1188, 992, 164, 320, 383]"
2372,"[1902, 1906, 1277, 1704, 1916]"
2373,"[1704, 376, 1550, 677, 1555]"
2374,"[1704, 1705, 1472, 1511, 511]"
2375,"[1900, 868, 1924, 681, 1270]"
2376,"[1904, 1627, 1656, 1746, 1884]"
2377,"[1907, 1899, 478, 1526, 1191]"
2378,"[1758, 1761, 1762, 1760, 1894]"
2379,"[1620, 1034, 933, 164, 115]"
2380,"[1705, 1775, 1704, 95, 37]"
2381,"[1762, 1899, 95, 1219, 1704]"
2382,"[359, 1149, 1900, 1207, 408]"
2383,"[1599, 1017, 320, 1021, 443]"
2384,"[7, 618, 1697, 164, 1277]"
2385,"[1772, 349, 1758, 1704, 1705]"
2386,"[349, 1907, 1040, 1072, 190]"
2387,"[1704, 511, 73, 282, 749]"
2388,"[1030, 688, 410, 1202, 1560]"
2389,"[575, 571, 402, 588, 379]"
2390,"[1733, 608, 1607, 1737, 765]"
2391,"[1599, 1704, 1760, 1768, 1705]"
2392,"[314, 313, 1923, 703, 468]"
2393,"[1617, 926, 1655, 868, 1748]"
2394,"[1607, 1517, 1896, 1157, 1904]"
2395,"[1157, 368, 455, 1896, 1613]"
2396,"[919, 409, 1043, 1915, 937]"
2397,"[368, 114, 1636, 1567, 900]"
2398,"[1011, 1607, 1192, 1615, 1070]"
2399,"[1705, 765, 1567, 1704, 1733]"
2400,"[368, 862, 1733, 1737, 608]"
2401,"[1932, 1931, 349, 1042, 95]"
2402,"[1061, 1055, 223, 985, 1052]"
2403,"[1704, 1705, 1763, 1777, 1765]"
2404,"[1607, 1733, 608, 432, 765]"
2405,"[1772, 314, 1116, 1246, 1878]"
2406,"[165, 1025, 901, 1676, 937]"
2407,"[455, 1157, 372, 368, 1113]"
2408,"[661, 1931, 1932, 190, 1045]"
2409,"[1772, 1705, 1758, 1704, 1762]"
2410,"[1733, 1300, 1301, 452, 1825]"
2411,"[1662, 125, 289, 1772, 1125]"
2412,"[1789, 408, 1788, 1790, 1733]"
2413,"[455, 1896, 368, 1613, 1192]"
2414,"[886, 1704, 1705, 885, 903]"
2415,"[372, 368, 862, 455, 1191]"
2416,"[335, 1934, 1570, 455, 1192]"
2417,"[793, 1869, 533, 398, 667]"
2418,"[1924, 919, 372, 1112, 377]"
2419,"[1922, 1897, 868, 1526, 1192]"
2420,"[646, 11, 474, 1317, 111]"
2421,"[933, 1738, 762, 768, 765]"
2422,"[1607, 511, 1704, 1705, 1873]"
2423,"[1550, 1556, 1538, 1520, 1518]"
2424,"[1880, 1899, 1567, 1907, 114]"
2425,"[1900, 1917, 890, 1543, 1193]"
2426,"[1772, 212, 1768, 1705, 1704]"
2427,"[897, 888, 1887, 1495, 171]"
2428,"[1752, 289, 1249, 1385, 1210]"
2429,"[1704, 595, 1580, 455, 1762]"
2430,"[1889, 1704, 108, 1758, 1705]"
2431,"[1125, 289, 1889, 1557, 1277]"
2432,"[1924, 1704, 1705, 1536, 464]"
2433,"[1607, 1608, 1517, 1896, 1587]"
2434,"[207, 971, 968, 208, 978]"
2435,"[1760, 1761, 1822, 1670, 102]"
2436,"[1758, 511, 903, 1762, 1704]"
2437,"[1900, 478, 114, 116, 361]"
2438,"[926, 374, 823, 341, 265]"
2439,"[136, 618, 114, 73, 1001]"
2440,"[1612, 1607, 1704, 1193, 1875]"
2441,"[63, 349, 1722, 1932, 1316]"
2442,"[1620, 162, 919, 216, 823]"
2443,"[1157, 1775, 1769, 1072, 1567]"
2444,"[1704, 1705, 108, 190, 1758]"
2445,"[1614, 884, 291, 1615, 1192]"
2446,"[292, 1762, 1761, 1617, 1615]"
2447,"[594, 1855, 59, 124, 1861]"
2448,"[1786, 1524, 1525, 1197, 1752]"
2449,"[313, 1122, 290, 1696, 1167]"
2450,"[594, 349, 787, 1045, 1908]"
2451,"[1205, 885, 1607, 1608, 921]"
2452,"[1490, 903, 677, 376, 587]"
2453,"[890, 1538, 1534, 1543, 1676]"
2454,"[1733, 1573, 216, 739, 1747]"
2455,"[1610, 855, 1558, 454, 1521]"
2456,"[749, 1887, 1786, 98, 102]"
2457,"[1895, 828, 1287, 82, 1785]"
2458,"[1600, 1167, 359, 1636, 730]"
2459,"[165, 1025, 937, 159, 164]"
2460,"[368, 1607, 455, 1704, 511]"
2461,"[1617, 1762, 1758, 292, 1760]"
2462,"[868, 919, 1676, 1746, 1277]"
2463,"[116, 1697, 60, 1747, 865]"
2464,"[1902, 1900, 1074, 1917, 101]"
2465,"[1917, 1900, 1207, 1279, 1505]"
2466,"[1705, 1358, 1495, 1775, 497]"
2467,"[1915, 677, 114, 890, 1606]"
2468,"[1257, 1704, 1768, 1561, 349]"
2469,"[455, 368, 862, 1192, 1758]"
2470,"[1670, 102, 1746, 793, 98]"
2471,"[1915, 289, 677, 926, 823]"
2472,"[1915, 1561, 1863, 1256, 1704]"
2473,"[1922, 1897, 1588, 1705, 900]"
2474,"[1026, 1906, 1046, 1924, 1649]"
2475,"[1836, 455, 1873, 1704, 511]"
2476,"[58, 57, 54, 1441, 1316]"
2477,"[1607, 1904, 1192, 1517, 1587]"
2478,"[1710, 700, 300, 927, 1936]"
2479,"[428, 1795, 423, 1244, 1886]"
2480,"[377, 1123, 114, 361, 395]"
2481,"[1607, 886, 1608, 1517, 478]"
2482,"[1098, 1922, 1897, 1567, 114]"
2483,"[739, 1737, 759, 745, 125]"
2484,"[1878, 1707, 1772, 261, 238]"
2485,"[1655, 1617, 1762, 1555, 1760]"
2486,"[73, 911, 1705, 990, 1912]"
2487,"[28, 24, 1536, 1875, 1659]"
2488,"[368, 1522, 372, 1192, 114]"
2489,"[290, 1701, 102, 1696, 793]"
2490,"[1246, 485, 1705, 1704, 1752]"
2491,"[372, 368, 745, 455, 1191]"
2492,"[412, 1157, 1541, 1191, 1608]"
2493,"[135, 1567, 1098, 108, 1611]"
2494,"[135, 1567, 1604, 1072, 16]"
2495,"[1924, 1773, 1705, 125, 1922]"
2496,"[1570, 135, 1567, 16, 1611]"
2497,"[1490, 1255, 1302, 59, 124]"
2498,"[1072, 372, 1157, 368, 1907]"
2499,"[1705, 850, 1704, 1752, 1809]"
2500,"[109, 1523, 416, 425, 811]"
2501,"[1900, 114, 1917, 757, 762]"
2502,"[1900, 1915, 1917, 1046, 1902]"
2503,"[1704, 1705, 1809, 501, 1832]"
2504,"[1895, 1287, 82, 1877, 828]"
2505,"[1900, 1902, 1543, 1552, 96]"
2506,"[1042, 1915, 175, 886, 159]"
2507,"[24, 1536, 1599, 1064, 1155]"
2508,"[468, 1746, 216, 73, 372]"
2509,"[757, 774, 758, 1316, 1904]"
2510,"[1915, 386, 95, 1752, 890]"
2511,"[884, 1070, 773, 1066, 1200]"
2512,"[1607, 1019, 1035, 1894, 1608]"
2513,"[1260, 1256, 1935, 1828, 1258]"
2514,"[1197, 161, 1524, 1525, 1752]"
2515,"[1878, 1707, 1705, 1760, 1704]"
2516,"[749, 102, 793, 666, 654]"
2517,"[420, 717, 1885, 1887, 1137]"
2518,"[1246, 1878, 1707, 275, 290]"
2519,"[1915, 1793, 1861, 1792, 1789]"
2520,"[1905, 1627, 1527, 1704, 1915]"
2521,"[1610, 114, 1614, 1899, 116]"
2522,"[1705, 1752, 1760, 639, 1704]"
2523,"[1915, 1673, 1522, 1626, 1541]"
2524,"[102, 637, 663, 653, 651]"
2525,"[1924, 1705, 1204, 1704, 1894]"
2526,"[372, 1721, 1570, 1615, 1903]"
2527,"[1074, 164, 919, 1072, 1705]"
2528,"[96, 1889, 52, 1904, 1700]"
2529,"[1142, 320, 347, 207, 1649]"
2530,"[73, 4, 1878, 1707, 1317]"
2531,"[1705, 1924, 1704, 478, 1675]"
2532,"[1935, 63, 927, 903, 1906]"
2533,"[1915, 1906, 938, 1528, 1323]"
2534,"[655, 677, 660, 749, 4]"
2535,"[265, 1178, 682, 1129, 1936]"
2536,"[601, 1704, 1915, 1029, 1865]"
2537,"[1853, 59, 97, 96, 124]"
2538,"[1915, 885, 1135, 919, 1906]"
2539,"[1900, 1066, 1543, 1917, 1638]"
2540,"[95, 1903, 1567, 37, 1705]"
2541,"[1924, 1599, 478, 1916, 29]"
2542,"[1610, 1733, 1705, 1614, 583]"
2543,"[1915, 1344, 1026, 1027, 1659]"
2544,"[1560, 171, 350, 864, 1670]"
2545,"[1878, 1707, 1772, 110, 1216]"
2546,"[692, 1726, 1601, 1523, 846]"
2547,"[1705, 1924, 1516, 478, 1704]"
2548,"[1607, 1608, 1704, 1705, 1615]"
2549,"[1900, 478, 1902, 1924, 90]"
2550,"[1705, 1704, 1761, 216, 1760]"
2551,"[125, 376, 677, 1073, 368]"
2552,"[933, 1320, 1524, 1752, 1525]"
2553,"[1926, 441, 692, 1562, 687]"
2554,"[1900, 1902, 1133, 408, 1917]"
2555,"[1935, 97, 96, 441, 927]"
2556,"[911, 73, 190, 138, 1705]"
2557,"[511, 1704, 1705, 1659, 1193]"
2558,"[979, 63, 164, 407, 406]"
2559,"[478, 1924, 1704, 1705, 1733]"
2560,"[1256, 1113, 372, 430, 1260]"
2561,"[1082, 1061, 739, 1581, 1902]"
2562,"[663, 102, 653, 651, 637]"
2563,"[1713, 667, 749, 1531, 1704]"
2564,"[1900, 1620, 1074, 1704, 1705]"
2565,"[1915, 97, 96, 1936, 1906]"
2566,"[420, 1746, 1201, 96, 1628]"
2567,"[390, 1924, 1710, 924, 29]"
2568,"[1607, 1157, 1896, 511, 1608]"
2569,"[379, 1619, 757, 762, 758]"
2570,"[455, 612, 421, 1239, 1896]"
2571,"[1733, 1737, 759, 1734, 432]"
2572,"[1924, 1704, 1884, 16, 1705]"
2573,"[1896, 1586, 1567, 1192, 1615]"
2574,"[1704, 1894, 1705, 1801, 1798]"
2575,"[1704, 1705, 1760, 1544, 1758]"
2576,"[1704, 1599, 1705, 1677, 689]"
2577,"[1731, 1611, 1015, 1728, 1270]"
2578,"[1306, 82, 468, 111, 1566]"
2579,"[916, 965, 1900, 154, 144]"
2580,"[1704, 1171, 1910, 1916, 1705]"
2581,"[455, 1157, 372, 368, 1113]"
2582,"[1896, 1607, 1202, 410, 1157]"
2583,"[276, 89, 29, 1922, 1897]"
2584,"[935, 172, 920, 166, 163]"
2585,"[164, 165, 927, 159, 937]"
2586,"[368, 216, 1915, 1113, 1628]"
2587,"[1157, 1249, 900, 216, 1915]"
2588,"[1922, 1897, 1906, 1192, 1705]"
2589,"[1586, 1615, 1607, 1042, 1620]"
2590,"[1917, 1599, 1612, 1914, 1704]"
2591,"[372, 368, 455, 454, 1904]"
2592,"[1900, 1902, 1917, 114, 1599]"
2593,"[462, 333, 1306, 1924, 1210]"
2594,"[420, 96, 1320, 893, 606]"
2595,"[943, 202, 143, 964, 961]"
2596,"[372, 1567, 1804, 1802, 1570]"
2597,"[1607, 1586, 1612, 1915, 1904]"
2598,"[152, 85, 146, 911, 1591]"
2599,"[212, 885, 1928, 1705, 1704]"
2600,"[884, 1011, 368, 1915, 216]"
2601,"[1192, 1906, 1704, 114, 1705]"
2602,"[886, 1607, 403, 1608, 452]"
2603,"[1772, 1915, 1603, 723, 606]"
2604,"[1705, 1704, 1063, 1788, 543]"
2605,"[175, 149, 446, 918, 113]"
2606,"[1915, 1561, 1560, 1900, 1543]"
2607,"[677, 165, 162, 919, 164]"
2608,"[478, 1924, 1705, 783, 296]"
2609,"[1899, 1906, 1041, 692, 1924]"
2610,"[1700, 1701, 1889, 124, 1904]"
2611,"[1705, 73, 493, 1704, 1826]"
2612,"[868, 98, 1086, 125, 1269]"
2613,"[1570, 135, 1567, 828, 16]"
2614,"[1924, 1704, 919, 163, 1610]"
2615,"[1726, 692, 1192, 1277, 116]"
2616,"[128, 1733, 1788, 1792, 1787]"
2617,"[351, 198, 29, 1608, 964]"
2618,"[1894, 1056, 1762, 1761, 1924]"
2619,"[903, 1490, 96, 97, 1603]"
2620,"[1072, 1761, 1704, 1705, 1567]"
2621,"[1636, 1705, 388, 862, 122]"
2622,"[478, 1924, 1704, 464, 1705]"
2623,"[1932, 1626, 190, 1116, 1337]"
2624,"[1604, 1884, 1922, 1897, 114]"
2625,"[1607, 1704, 480, 1705, 511]"
2626,"[1936, 1906, 432, 926, 1249]"
2627,"[1705, 1704, 1618, 1567, 1670]"
2628,"[1704, 872, 1705, 1607, 425]"
2629,"[1030, 292, 1890, 1544, 1704]"
2630,"[1902, 1917, 858, 1045, 1924]"
2631,"[1604, 1710, 1567, 114, 29]"
2632,"[1705, 1704, 1567, 1896, 1762]"
2633,"[1299, 1929, 1705, 212, 1704]"
2634,"[1312, 1599, 782, 1884, 692]"
2635,"[1915, 1598, 1704, 1705, 1752]"
2636,"[1799, 926, 1704, 1802, 1804]"
2637,"[1704, 1491, 1760, 1555, 1705]"
2638,"[677, 1705, 1704, 499, 110]"
2639,"[114, 1915, 624, 1567, 1192]"
2640,"[1915, 1917, 1620, 1902, 1193]"
2641,"[1761, 1760, 1618, 1604, 1705]"
2642,"[372, 368, 1704, 455, 1705]"
2643,"[1157, 1567, 16, 1192, 1772]"
2644,"[1915, 1863, 927, 1935, 1828]"
2645,"[1900, 1915, 890, 112, 1543]"
2646,"[1915, 868, 993, 1526, 1748]"
2647,"[478, 1030, 1334, 289, 443]"
2648,"[1607, 1567, 1192, 1704, 901]"
2649,"[1559, 903, 835, 1705, 1758]"
2650,"[1889, 793, 1887, 1555, 102]"
2651,"[409, 1746, 98, 97, 96]"
2652,"[1705, 1704, 1927, 1752, 73]"
2653,"[372, 1570, 1615, 1049, 351]"
2654,"[1896, 1607, 1608, 1705, 1704]"
2655,"[1812, 96, 97, 1810, 1746]"
2656,"[372, 363, 1705, 1570, 108]"
2657,"[1721, 1802, 1804, 361, 1570]"
2658,"[455, 926, 1192, 1705, 454]"
2659,"[1576, 1599, 794, 1581, 1073]"
2660,"[1617, 292, 1722, 1762, 1758]"
2661,"[1924, 160, 155, 157, 158]"
2662,"[1570, 1802, 372, 1615, 1557]"
2663,"[1072, 1761, 1567, 1705, 368]"
2664,"[1792, 1705, 1787, 443, 381]"
2665,"[1072, 1612, 162, 1906, 919]"
2666,"[1302, 1932, 138, 108, 212]"
2667,"[1119, 1524, 1525, 1752, 1559]"
2668,"[1772, 406, 407, 428, 868]"
2669,"[1175, 478, 1385, 1916, 1060]"
2670,"[1157, 862, 368, 1113, 1567]"
2671,"[1705, 108, 1026, 1072, 1759]"
2672,"[692, 1100, 307, 455, 1924]"
2673,"[1902, 1917, 1915, 1049, 1900]"
2674,"[108, 1889, 1607, 1704, 1762]"
2675,"[1113, 1617, 455, 1618, 926]"
2676,"[1072, 1157, 702, 704, 128]"
2677,"[1900, 349, 1768, 1029, 1543]"
2678,"[1068, 421, 1157, 1607, 455]"
2679,"[692, 1246, 1904, 455, 1909]"
2680,"[1900, 1543, 692, 1638, 349]"
2681,"[1772, 1555, 364, 760, 1491]"
2682,"[113, 1586, 1074, 1615, 890]"
2683,"[1705, 1073, 443, 1704, 1014]"
2684,"[165, 1457, 1068, 1014, 1704]"
2685,"[1836, 1873, 1832, 1906, 1148]"
2686,"[165, 164, 1029, 1620, 1025]"
2687,"[1113, 891, 368, 455, 1555]"
2688,"[1704, 1705, 1762, 1760, 1761]"
2689,"[1896, 317, 361, 1899, 1202]"
2690,"[291, 1013, 267, 266, 239]"
2691,"[371, 1742, 1915, 1077, 1104]"
2692,"[96, 97, 98, 102, 1887]"
2693,"[1761, 1760, 1561, 1768, 1775]"
2694,"[408, 7, 89, 1543, 1073]"
2695,"[1705, 1896, 455, 1704, 1567]"
2696,"[1404, 793, 164, 749, 1528]"
2697,"[1931, 1932, 1197, 190, 139]"
2698,"[1894, 811, 886, 1749, 139]"
2699,"[535, 1503, 1705, 1515, 903]"
2700,"[368, 372, 455, 1157, 1613]"
2701,"[1900, 1902, 1917, 408, 116]"
2702,"[53, 1804, 1567, 1570, 1802]"
2703,"[1073, 933, 1713, 857, 1826]"
2704,"[1902, 1900, 1543, 1552, 1176]"
2705,"[1600, 1792, 926, 1603, 1793]"
2706,"[1929, 1592, 408, 1205, 1911]"
2707,"[1761, 535, 1760, 1567, 441]"
2708,"[1704, 1917, 1705, 1761, 1760]"
2709,"[1705, 1772, 1567, 1704, 58]"
2710,"[793, 98, 102, 1670, 1541]"
2711,"[1899, 1704, 1299, 1620, 1618]"
2712,"[102, 98, 1297, 1924, 478]"
2713,"[507, 1705, 1206, 492, 1889]"
2714,"[730, 731, 1167, 1190, 1636]"
2715,"[1028, 866, 1118, 1073, 1313]"
2716,"[478, 1924, 1704, 1705, 1761]"
2717,"[1061, 271, 886, 952, 211]"
2718,"[857, 1561, 760, 364, 1023]"
2719,"[828, 1863, 927, 1935, 430]"
2720,"[895, 92, 136, 1065, 904]"
2721,"[604, 160, 930, 158, 157]"
2722,"[1878, 1707, 1089, 299, 1637]"
2723,"[1676, 408, 124, 1617, 114]"
2724,"[1249, 455, 1705, 1704, 114]"
2725,"[1149, 1620, 1704, 1752, 1920]"
2726,"[1915, 147, 200, 952, 202]"
2727,"[1900, 442, 1902, 1821, 1822]"
2728,"[1915, 1704, 1760, 1762, 1758]"
2729,"[1746, 1658, 1742, 1541, 1547]"
2730,"[1066, 1603, 1901, 1534, 759]"
2731,"[1607, 1608, 511, 1704, 1705]"
2732,"[1915, 624, 1930, 368, 455]"
2733,"[1054, 1026, 1915, 216, 571]"
2734,"[97, 96, 1538, 1556, 1528]"
2735,"[1246, 501, 332, 1880, 1256]"
2736,"[190, 925, 271, 1050, 149]"
2737,"[341, 1246, 471, 1744, 282]"
2738,"[1607, 1608, 1733, 765, 1737]"
2739,"[1793, 1792, 1788, 1789, 1790]"
2740,"[430, 1907, 927, 1828, 1659]"
2741,"[1915, 1561, 1536, 857, 171]"
2742,"[102, 663, 653, 749, 1541]"
2743,"[1915, 1193, 164, 1809, 1620]"
2744,"[1900, 1902, 1917, 1552, 408]"
2745,"[1033, 1063, 165, 1025, 937]"
2746,"[1586, 413, 1599, 1615, 1904]"
2747,"[1607, 1896, 1608, 1894, 1517]"
2748,"[1617, 1761, 1113, 1722, 455]"
2749,"[1519, 165, 89, 1620, 1520]"
2750,"[1617, 926, 1704, 1782, 1781]"
2751,"[1896, 1607, 1192, 1567, 1157]"
2752,"[455, 454, 1191, 1308, 114]"
2753,"[1613, 1924, 925, 209, 257]"
2754,"[1700, 1887, 98, 96, 97]"
2755,"[1113, 1705, 216, 454, 1746]"
2756,"[594, 366, 400, 533, 322]"
2757,"[1762, 1795, 589, 1758, 559]"
2758,"[368, 1113, 1607, 372, 1567]"
2759,"[1677, 1705, 1704, 872, 1904]"
2760,"[1737, 765, 1733, 1607, 1738]"
2761,"[372, 1894, 1080, 368, 455]"
2762,"[1605, 262, 1009, 1013, 1010]"
2763,"[1900, 1902, 1752, 1104, 1917]"
2764,"[441, 421, 1828, 1833, 1837]"
2765,"[468, 1705, 1761, 1760, 111]"
2766,"[1600, 608, 1192, 451, 1611]"
2767,"[1704, 1615, 1043, 1758, 1798]"
2768,"[1899, 1915, 1612, 216, 1914]"
2769,"[1704, 926, 1705, 1906, 1249]"
2770,"[919, 164, 1025, 1536, 96]"
2771,"[926, 341, 1899, 257, 692]"
2772,"[1899, 1762, 1211, 1219, 1758]"
2773,"[478, 1924, 1197, 454, 1922]"
2774,"[1137, 95, 320, 1817, 1816]"
2775,"[1567, 1792, 452, 1733, 1068]"
2776,"[1620, 1932, 625, 190, 425]"
2777,"[1902, 1917, 677, 408, 1256]"
2778,"[468, 1705, 1704, 1297, 1192]"
2779,"[1896, 1613, 1157, 1607, 1608]"
2780,"[749, 925, 163, 1670, 164]"
2781,"[1900, 1917, 1543, 1676, 892]"
2782,"[1199, 103, 904, 46, 1887]"
2783,"[73, 793, 1313, 1541, 749]"
2784,"[1902, 405, 1552, 1197, 4]"
2785,"[398, 1290, 1023, 789, 1003]"
2786,"[1615, 1586, 1650, 727, 726]"
2787,"[828, 1611, 216, 1015, 1728]"
2788,"[1617, 926, 1555, 1924, 1705]"
2789,"[368, 891, 1113, 455, 926]"
2790,"[372, 606, 1063, 413, 116]"
2791,"[677, 1915, 1549, 1526, 1044]"
2792,"[125, 1733, 1545, 1792, 1192]"
2793,"[1612, 1762, 1193, 1758, 1705]"
2794,"[677, 1787, 1789, 1790, 930]"
2795,"[455, 1705, 1704, 1758, 1760]"
2796,"[1513, 542, 594, 1723, 1772]"
2797,"[1927, 1549, 1742, 1884, 1889]"
2798,"[1627, 357, 1025, 159, 937]"
2799,"[259, 261, 1318, 267, 266]"
2800,"[1922, 1897, 1924, 1899, 1162]"
2801,"[1705, 1704, 1762, 1758, 415]"
2802,"[938, 1157, 1607, 1608, 886]"
2803,"[928, 1922, 1897, 925, 166]"
2804,"[778, 165, 339, 164, 98]"
2805,"[1726, 1601, 1191, 1607, 1705]"
2806,"[165, 1042, 919, 159, 937]"
2807,"[1028, 739, 1288, 1063, 1039]"
2808,"[1587, 1922, 1897, 1570, 1905]"
2809,"[1922, 1897, 1899, 1904, 1526]"
2810,"[1922, 1897, 1613, 862, 1248]"
2811,"[454, 1792, 1788, 1789, 412]"
2812,"[1613, 1019, 903, 860, 612]"
2813,"[1746, 96, 97, 102, 98]"
2814,"[807, 1704, 1705, 1610, 413]"
2815,"[42, 1060, 1073, 332, 401]"
2816,"[1704, 1705, 368, 108, 1721]"
2817,"[1370, 1363, 911, 403, 271]"
2818,"[1157, 368, 455, 1192, 1904]"
2819,"[1523, 1068, 860, 102, 1192]"
2820,"[965, 964, 862, 886, 952]"
2821,"[1615, 290, 1556, 1538, 1696]"
2822,"[1242, 1904, 1191, 1606, 1014]"
2823,"[1825, 749, 667, 1233, 291]"
2824,"[1746, 1704, 289, 1904, 1191]"
2825,"[1612, 1907, 952, 1615, 89]"
2826,"[289, 1926, 1704, 1904, 1705]"
2827,"[1915, 124, 1363, 1706, 125]"
2828,"[289, 1704, 1705, 1884, 1600]"
2829,"[1896, 1915, 1894, 1192, 216]"
2830,"[1518, 1556, 1538, 1626, 1520]"
2831,"[922, 1163, 686, 1637, 1904]"
2832,"[1828, 1833, 1837, 1822, 1821]"
2833,"[353, 1176, 1173, 779, 289]"
2834,"[1612, 1620, 1574, 93, 1927]"
2835,"[1922, 1897, 1905, 89, 1896]"
2836,"[1160, 165, 164, 1746, 781]"
2837,"[1527, 1534, 1924, 1520, 1556]"
2838,"[1705, 1889, 1704, 1612, 1063]"
2839,"[903, 1526, 1025, 1899, 1627]"
2840,"[89, 165, 1922, 1897, 1011]"
2841,"[107, 1704, 1705, 1442, 1713]"
2842,"[1587, 1922, 1897, 1627, 1904]"
2843,"[1751, 682, 680, 667, 291]"
2844,"[97, 96, 1904, 1746, 1532]"
2845,"[291, 1746, 1705, 1704, 1760]"
2846,"[1069, 165, 1182, 438, 1587]"
2847,"[1746, 97, 96, 1724, 1704]"
2848,"[125, 1884, 1789, 116, 1788]"
2849,"[128, 1114, 1705, 1927, 1704]"
2850,"[903, 1922, 1897, 166, 1907]"
2851,"[1924, 1746, 1705, 1611, 90]"
2852,"[1836, 500, 1832, 493, 1455]"
2853,"[1246, 1922, 1897, 1907, 89]"
2854,"[320, 1179, 690, 676, 686]"
2855,"[1899, 1772, 1246, 1922, 1897]"
2856,"[289, 1889, 1904, 1705, 1704]"
2857,"[1924, 89, 1904, 1489, 43]"
2858,"[1899, 1147, 1924, 114, 1907]"
2859,"[1929, 455, 1163, 404, 1014]"
2860,"[1902, 102, 98, 97, 96]"
2861,"[165, 128, 1025, 1307, 113]"
2862,"[464, 1772, 927, 165, 43]"
2863,"[289, 1704, 1899, 1904, 1705]"
2864,"[1279, 1073, 1807, 1936, 324]"
2865,"[1249, 496, 1886, 1808, 1607]"
2866,"[1704, 678, 676, 686, 259]"
2867,"[1029, 1012, 403, 1649, 1149]"
2868,"[655, 613, 625, 1770, 611]"
2869,"[963, 990, 964, 939, 1704]"
2870,"[1587, 291, 1410, 1704, 1063]"
2871,"[1929, 1592, 55, 1014, 926]"
2872,"[1548, 1554, 1752, 1543, 1556]"
2873,"[1592, 1170, 1704, 1705, 256]"
2874,"[1030, 324, 1924, 692, 357]"
2875,"[216, 913, 1620, 1575, 1249]"
2876,"[89, 1526, 927, 1905, 1922]"
2877,"[1704, 1705, 1567, 547, 1072]"
2878,"[521, 1042, 1915, 493, 1591]"
2879,"[1517, 1316, 1608, 1705, 901]"
2880,"[1705, 1762, 1758, 1704, 530]"
2881,"[1915, 914, 1148, 371, 924]"
2882,"[1828, 1837, 1833, 1822, 1664]"
2883,"[116, 1614, 1904, 1191, 1521]"
2884,"[1904, 1025, 1746, 96, 97]"
2885,"[1917, 125, 1147, 408, 412]"
2886,"[1922, 1897, 927, 1526, 1899]"
2887,"[896, 1495, 1865, 1704, 522]"
2888,"[927, 1922, 1897, 48, 898]"
2889,"[1340, 317, 1358, 361, 862]"
2890,"[1071, 1581, 749, 926, 1618]"
2891,"[1705, 1768, 1726, 1068, 1704]"
2892,"[1915, 677, 1906, 1193, 163]"
2893,"[1922, 1897, 1526, 1899, 927]"
2894,"[1705, 1922, 1897, 1526, 1598]"
2895,"[1746, 98, 866, 1541, 102]"
2896,"[812, 467, 706, 464, 310]"
2897,"[89, 1604, 165, 1025, 159]"
2898,"[1705, 1704, 1612, 530, 896]"
2899,"[263, 1249, 216, 977, 635]"
2900,"[1899, 1762, 1906, 1063, 1758]"
2901,"[1338, 1498, 523, 1429, 1232]"
2902,"[933, 1809, 1055, 1705, 1620]"
2903,"[1760, 291, 1677, 89, 1922]"
2904,"[116, 1677, 1890, 89, 114]"
2905,"[265, 329, 1666, 998, 1637]"
2906,"[1907, 928, 1905, 289, 1627]"
2907,"[1922, 1897, 1899, 1526, 89]"
2908,"[1907, 1899, 89, 1526, 1922]"
2909,"[1068, 1704, 1066, 1030, 1029]"
2910,"[216, 1627, 1587, 164, 1025]"
2911,"[1607, 1896, 1608, 1517, 1615]"
2912,"[1902, 1526, 1899, 927, 1915]"
2913,"[1627, 1905, 165, 1896, 163]"
2914,"[291, 1874, 926, 1908, 432]"
2915,"[927, 1612, 1704, 1914, 1762]"
2916,"[1899, 1915, 216, 317, 484]"
2917,"[1054, 924, 1659, 371, 1053]"
2918,"[1704, 69, 269, 1932, 285]"
2919,"[89, 1922, 1897, 1772, 766]"
2920,"[1902, 1612, 114, 1906, 1887]"
2921,"[1029, 1538, 1924, 1550, 1556]"
2922,"[1750, 98, 1901, 1617, 216]"
2923,"[149, 461, 18, 1588, 1244]"
2924,"[97, 96, 1526, 1899, 1627]"
2925,"[116, 1726, 1638, 1705, 692]"
2926,"[480, 261, 267, 266, 239]"
2927,"[1399, 1705, 1704, 1178, 1461]"
2928,"[1601, 1068, 1904, 1760, 1705]"
2929,"[868, 1071, 1587, 1896, 406]"
2930,"[1931, 377, 116, 1604, 379]"
2931,"[1904, 1915, 1064, 1922, 1897]"
2932,"[1899, 113, 1762, 1704, 1906]"
2933,"[1043, 1060, 1520, 692, 1924]"
2934,"[1034, 1041, 1915, 1676, 113]"
2935,"[936, 1034, 1924, 930, 270]"
2936,"[128, 428, 1193, 892, 1887]"
2937,"[296, 1087, 408, 1279, 446]"
2938,"[1358, 1363, 1370, 1193, 924]"
2939,"[274, 1917, 1902, 408, 278]"
2940,"[447, 1273, 1878, 1707, 1708]"
2941,"[165, 89, 164, 927, 29]"
2942,"[1907, 890, 1771, 113, 926]"
2943,"[1917, 1902, 408, 108, 681]"
2944,"[1067, 1904, 60, 216, 1747]"
2945,"[1705, 1704, 1726, 1191, 1601]"
2946,"[165, 1620, 919, 162, 934]"
2947,"[428, 933, 59, 406, 407]"
2948,"[1612, 37, 1620, 1574, 1927]"
2949,"[594, 1772, 1704, 1588, 1887]"
2950,"[420, 1902, 96, 98, 102]"
2951,"[1905, 89, 1627, 164, 1120]"
2952,"[1613, 1904, 113, 1545, 1193]"
2953,"[1627, 1193, 1025, 164, 1587]"
2954,"[102, 409, 1040, 125, 716]"
2955,"[1279, 125, 1807, 116, 89]"
2956,"[1249, 1915, 1620, 1136, 898]"
2957,"[273, 1318, 276, 275, 1733]"
2958,"[1922, 1897, 1526, 1899, 1287]"
2959,"[1915, 139, 212, 1230, 29]"
2960,"[116, 1705, 1704, 1191, 289]"
2961,"[1704, 692, 783, 1705, 777]"
2962,"[1915, 291, 1704, 1760, 1296]"
2963,"[1704, 1705, 1768, 1769, 1892]"
2964,"[1915, 1560, 1030, 1591, 1924]"
2965,"[1902, 1900, 1915, 114, 1762]"
2966,"[1713, 1552, 1904, 1700, 124]"
2967,"[113, 1526, 1533, 1924, 1587]"
2968,"[447, 1579, 291, 1273, 667]"
2969,"[903, 1071, 1899, 1558, 1746]"
2970,"[1745, 112, 1671, 1070, 1907]"
2971,"[1915, 1603, 1085, 605, 862]"
2972,"[1915, 890, 1899, 114, 1085]"
2973,"[1045, 1933, 1034, 1050, 1060]"
2974,"[108, 892, 954, 990, 440]"
2975,"[1201, 102, 925, 98, 1073]"
2976,"[1527, 1526, 1905, 693, 1627]"
2977,"[128, 95, 1587, 1627, 93]"
2978,"[1724, 1068, 1768, 339, 1889]"
2979,"[1549, 1068, 1197, 446, 862]"
2980,"[165, 1670, 162, 919, 924]"
2981,"[1900, 1902, 857, 478, 1074]"
2982,"[1077, 1705, 1073, 1825, 1704]"
2983,"[1334, 1358, 501, 42, 1368]"
2984,"[136, 1065, 904, 895, 1659]"
2985,"[1825, 452, 1833, 1828, 1837]"
2986,"[1607, 1896, 403, 455, 1620]"
2987,"[478, 1924, 1157, 1608, 1607]"
2988,"[1915, 677, 1299, 430, 1705]"
2989,"[1705, 1704, 1807, 103, 1562]"
2990,"[1902, 1917, 1900, 1049, 408]"
2991,"[98, 414, 1251, 1239, 417]"
2992,"[430, 1260, 1256, 1828, 1833]"
2993,"[395, 892, 1226, 1037, 1531]"
2994,"[1705, 1704, 1807, 1896, 1606]"
2995,"[1041, 1527, 1556, 1561, 1538]"
2996,"[1607, 1157, 1606, 618, 66]"
2997,"[933, 1764, 930, 115, 1790]"
2998,"[919, 162, 924, 928, 925]"
2999,"[1659, 1193, 446, 417, 1704]"
3000,"[1041, 419, 1030, 1039, 1620]"
3001,"[1863, 1256, 1935, 1704, 1705]"
3002,"[474, 395, 1531, 73, 1074]"
3003,"[1705, 1704, 1193, 886, 1909]"
3004,"[1855, 1861, 1620, 115, 1865]"
3005,"[425, 1620, 1073, 1068, 446]"
3006,"[1151, 1531, 260, 1030, 1068]"
3007,"[478, 1567, 1894, 819, 1249]"
3008,"[359, 1548, 306, 1889, 1088]"
3009,"[1902, 1704, 1043, 1705, 1511]"
3010,"[677, 933, 1809, 1704, 1705]"
3011,"[1075, 1041, 223, 1068, 446]"
3012,"[452, 1704, 1705, 1302, 403]"
3013,"[1863, 1260, 1256, 430, 1828]"
3014,"[1495, 1076, 768, 1302, 1030]"
3015,"[1915, 1836, 1873, 1927, 677]"
3016,"[933, 1855, 1861, 1846, 1142]"
3017,"[454, 478, 368, 862, 455]"
3018,"[1906, 1704, 926, 175, 403]"
3019,"[1620, 1626, 1612, 1704, 1909]"
3020,"[28, 1074, 24, 1620, 1073]"
3021,"[1173, 1617, 1567, 1901, 454]"
3022,"[1705, 1704, 1807, 1924, 1606]"
3023,"[125, 1244, 423, 1690, 1677]"
3024,"[125, 423, 1244, 1626, 919]"
3025,"[125, 423, 1244, 1028, 1705]"
3026,"[125, 1244, 423, 397, 1511]"
3027,"[125, 423, 1244, 1126, 1080]"
3028,"[125, 423, 1244, 1606, 1690]"
3029,"[125, 423, 1244, 493, 1832]"
3030,"[125, 926, 919, 1244, 423]"
3031,"[125, 423, 1244, 1690, 902]"
3032,"[1038, 721, 125, 423, 1244]"
3033,"[125, 368, 423, 1244, 412]"
3034,"[125, 1495, 1825, 1924, 898]"
3035,"[125, 1244, 423, 677, 1855]"
3036,"[1690, 578, 1317, 1704, 580]"
3037,"[125, 1025, 423, 1244, 919]"
3038,"[125, 408, 1702, 1244, 423]"
3039,"[1370, 125, 1363, 511, 1915]"
3040,"[773, 1649, 1832, 1555, 824]"
3041,"[360, 376, 1126, 125, 362]"
3042,"[125, 423, 1244, 1702, 1612]"
3043,"[125, 1900, 585, 586, 577]"
3044,"[125, 423, 1244, 1690, 216]"
3045,"[125, 1244, 423, 1915, 408]"
3046,"[125, 1244, 423, 98, 1561]"
3047,"[320, 125, 408, 1244, 423]"
3048,"[1690, 125, 1788, 408, 546]"
3049,"[125, 1702, 423, 1244, 1705]"
3050,"[125, 926, 1617, 423, 1244]"
3051,"[594, 1513, 542, 1860, 1864]"
3052,"[125, 1915, 613, 423, 1244]"
3053,"[125, 478, 1924, 1910, 1702]"
3054,"[125, 1244, 423, 398, 1915]"
3055,"[125, 1508, 1509, 163, 522]"
3056,"[125, 423, 1244, 1925, 1028]"
3057,"[125, 1690, 423, 1244, 365]"
3058,"[1344, 1677, 1612, 1269, 1626]"
3059,"[564, 125, 571, 562, 563]"
3060,"[1900, 125, 423, 1244, 1705]"
3061,"[1915, 125, 423, 1244, 1301]"
3062,"[566, 571, 567, 564, 563]"
3063,"[125, 423, 1244, 902, 406]"
3064,"[460, 1309, 376, 1310, 677]"
3065,"[125, 423, 1244, 1690, 1924]"
3066,"[460, 1643, 311, 1772, 1307]"
3067,"[1924, 478, 1885, 692, 114]"
3068,"[1924, 1434, 1704, 1915, 538]"
3069,"[1915, 408, 478, 171, 1810]"
3070,"[1924, 478, 1915, 98, 1560]"
3071,"[1030, 478, 1924, 1704, 1705]"
3072,"[1560, 528, 1507, 1704, 538]"
3073,"[617, 1706, 1815, 1776, 1757]"
3074,"[478, 98, 1924, 164, 938]"
3075,"[478, 919, 1924, 1704, 1705]"
3076,"[922, 1902, 1927, 1065, 1705]"
3077,"[1915, 1704, 1677, 1924, 528]"
3078,"[478, 1704, 96, 97, 1924]"
3079,"[1915, 1504, 497, 1299, 1816]"
3080,"[1924, 478, 1705, 528, 1507]"
3081,"[485, 1705, 528, 1507, 1434]"
3082,"[478, 1924, 98, 96, 97]"
3083,"[1924, 478, 1915, 921, 528]"
3084,"[1915, 1863, 402, 42, 528]"
3085,"[1915, 1561, 1902, 1552, 116]"
3086,"[504, 1755, 528, 1507, 1761]"
3087,"[1915, 275, 97, 96, 165]"
3088,"[478, 1924, 1704, 1705, 1620]"
3089,"[1744, 817, 1863, 1276, 677]"
3090,"[1924, 1915, 98, 96, 97]"
3091,"[1924, 114, 1307, 128, 1913]"
3092,"[926, 528, 1507, 1128, 1626]"
3093,"[922, 478, 1915, 1924, 1704]"
3094,"[1915, 1062, 1704, 1705, 1561]"
3095,"[1760, 1705, 1761, 1704, 485]"
3096,"[1915, 1902, 216, 1924, 1792]"
3097,"[1897, 1922, 1906, 926, 1935]"
3098,"[289, 1560, 1704, 1705, 1561]"
3099,"[1915, 408, 1536, 528, 116]"
3100,"[1924, 478, 1705, 453, 1561]"
3101,"[1560, 98, 528, 1507, 1434]"
3102,"[1924, 1915, 334, 1434, 538]"
3103,"[1915, 677, 1560, 1924, 1704]"
3104,"[1924, 1556, 528, 1192, 1507]"
3105,"[1924, 478, 921, 528, 1915]"
3106,"[528, 1434, 538, 1507, 1695]"
3107,"[1915, 106, 1618, 1344, 89]"
3108,"[1758, 361, 96, 97, 1760]"
3109,"[1813, 1814, 1815, 561, 1706]"
3110,"[1604, 361, 114, 1900, 1042]"
3111,"[368, 455, 1592, 1113, 216]"
3112,"[1151, 1732, 1125, 216, 108]"
3113,"[1024, 1704, 1802, 1798, 1801]"
3114,"[108, 1024, 1721, 898, 80]"
3115,"[1721, 1801, 1024, 108, 80]"
3116,"[329, 1344, 1008, 80, 1602]"
3117,"[1776, 1757, 972, 911, 990]"
3118,"[80, 1193, 1612, 1656, 1889]"
3119,"[1929, 108, 1890, 1592, 1721]"
3120,"[108, 1721, 1705, 1704, 1931]"
3121,"[1929, 108, 1592, 1721, 80]"
3122,"[108, 1561, 1924, 1618, 89]"
3123,"[1929, 108, 1726, 1592, 1721]"
3124,"[857, 1170, 1721, 1758, 1704]"
3125,"[1929, 108, 1592, 1721, 1890]"
3126,"[1705, 108, 1704, 412, 1721]"
3127,"[108, 1721, 1758, 503, 1592]"
3128,"[80, 853, 292, 1721, 1792]"
3129,"[688, 1024, 242, 18, 368]"
3130,"[1760, 1762, 1761, 1704, 1756]"
3131,"[408, 413, 60, 1244, 1592]"
3132,"[380, 1159, 1721, 1024, 1769]"
3133,"[354, 348, 364, 1181, 1024]"
3134,"[1762, 1761, 1756, 1705, 1704]"
3135,"[108, 1721, 927, 1705, 1704]"
3136,"[1929, 387, 679, 108, 334]"
3137,"[566, 563, 1473, 736, 1592]"
3138,"[1024, 80, 1721, 108, 1705]"
3139,"[361, 1732, 1773, 858, 1626]"
3140,"[1721, 1024, 108, 1098, 80]"
3141,"[911, 952, 1591, 964, 834]"
3142,"[1024, 108, 1761, 1721, 1704]"
3143,"[430, 42, 402, 1935, 1368]"
3144,"[1721, 108, 697, 1915, 80]"
3145,"[1799, 1557, 1798, 1187, 1705]"
3146,"[1188, 372, 1184, 391, 455]"
3147,"[1491, 1405, 1442, 1213, 1409]"
3148,"[1704, 1760, 1636, 1761, 1758]"
3149,"[383, 1705, 389, 1129, 1704]"
3150,"[1721, 1024, 1929, 1592, 1924]"
3151,"[1721, 339, 108, 1567, 1889]"
3152,"[80, 835, 1027, 272, 114]"
3153,"[1721, 108, 80, 1125, 1698]"
3154,"[1024, 1915, 216, 1721, 1705]"
3155,"[1705, 1704, 1904, 1906, 1890]"
3156,"[292, 1746, 692, 441, 1617]"
3157,"[165, 1321, 1698, 175, 1792]"
3158,"[1617, 926, 1924, 1705, 1704]"
3159,"[1617, 926, 811, 900, 1626]"
3160,"[1617, 292, 1762, 1722, 692]"
3161,"[125, 44, 128, 645, 1039]"
3162,"[1617, 1762, 292, 1760, 1758]"
3163,"[1617, 900, 102, 1705, 455]"
3164,"[292, 1722, 1762, 692, 1617]"
3165,"[441, 1937, 1628, 1924, 478]"
3166,"[292, 1617, 1762, 1555, 1889]"
3167,"[1617, 1655, 292, 1704, 926]"
3168,"[926, 1733, 412, 1788, 1792]"
3169,"[1617, 1762, 1722, 292, 1760]"
3170,"[1617, 1924, 292, 1761, 1760]"
3171,"[1144, 440, 441, 688, 704]"
3172,"[292, 440, 1617, 1762, 1758]"
3173,"[1617, 1655, 1555, 292, 1761]"
3174,"[292, 1617, 1722, 1762, 1884]"
3175,"[1617, 1924, 292, 1722, 478]"
3176,"[1617, 1762, 292, 1758, 1722]"
3177,"[1655, 1924, 749, 63, 1536]"
3178,"[1653, 292, 339, 1758, 1762]"
3179,"[292, 1617, 1762, 1758, 692]"
3180,"[1906, 1924, 478, 44, 1758]"
3181,"[1617, 1762, 1760, 1758, 1555]"
3182,"[292, 1722, 1617, 1758, 1762]"
3183,"[98, 292, 96, 97, 163]"
3184,"[1555, 1705, 102, 1704, 621]"
3185,"[292, 1704, 1924, 1617, 1677]"
3186,"[164, 425, 1626, 1713, 100]"
3187,"[1617, 926, 1125, 900, 919]"
3188,"[1894, 441, 480, 756, 763]"
3189,"[1761, 58, 57, 54, 1617]"
3190,"[1617, 292, 1722, 1762, 1758]"
3191,"[1617, 292, 1762, 1761, 1758]"
3192,"[1722, 292, 673, 1617, 1762]"
3193,"[1249, 159, 1884, 1704, 163]"
3194,"[1617, 1618, 926, 1705, 1890]"
3195,"[441, 997, 164, 982, 1604]"
3196,"[292, 1617, 1758, 1722, 1762]"
3197,"[292, 1071, 1884, 1758, 1617]"
3198,"[1878, 1707, 1513, 542, 1772]"
3199,"[794, 1313, 1746, 1761, 1704]"
3200,"[681, 1705, 1760, 887, 1746]"
3201,"[811, 103, 16, 322, 1069]"
3202,"[1172, 1241, 1063, 1188, 1836]"
3203,"[1071, 1807, 1704, 1191, 89]"
3204,"[1746, 1191, 126, 1924, 1904]"
3205,"[706, 711, 454, 324, 704]"
3206,"[1114, 1558, 1752, 1550, 1518]"
3207,"[1705, 1538, 1704, 1155, 136]"
3208,"[314, 1705, 1693, 1704, 1406]"
3209,"[1071, 1586, 103, 1588, 1587]"
3210,"[321, 900, 1586, 1588, 1556]"
3211,"[1071, 1807, 1705, 1704, 1191]"
3212,"[1760, 1705, 1704, 900, 1924]"
3213,"[365, 1056, 1627, 265, 1587]"
3214,"[112, 291, 113, 1904, 432]"
3215,"[415, 1191, 1627, 1904, 1598]"
3216,"[706, 711, 465, 781, 715]"
3217,"[1905, 1627, 1705, 1762, 113]"
3218,"[1070, 291, 1704, 1761, 1705]"
3219,"[409, 1070, 1538, 1626, 1523]"
3220,"[89, 409, 1627, 460, 1746]"
3221,"[1626, 681, 1518, 1531, 164]"
3222,"[681, 1705, 887, 1626, 1760]"
3223,"[291, 900, 1746, 1911, 460]"
3224,"[1071, 1807, 1191, 1704, 1533]"
3225,"[289, 291, 1070, 1119, 112]"
3226,"[1649, 332, 1122, 273, 1878]"
3227,"[1627, 1904, 1910, 1587, 1526]"
3228,"[291, 1746, 96, 97, 98]"
3229,"[112, 113, 291, 1070, 164]"
3230,"[291, 1746, 1626, 387, 1518]"
3231,"[89, 291, 1556, 1904, 18]"
3232,"[291, 1605, 706, 781, 711]"
3233,"[1904, 112, 291, 113, 1191]"
3234,"[291, 409, 1890, 1746, 1627]"
3235,"[681, 409, 1705, 1760, 954]"
3236,"[1705, 1746, 291, 1704, 1927]"
3237,"[1533, 112, 1070, 291, 113]"
3238,"[106, 1704, 1032, 811, 455]"
3239,"[440, 321, 317, 1588, 1070]"
3240,"[811, 1071, 1807, 1748, 868]"
3241,"[1705, 1704, 1537, 1629, 1044]"
3242,"[1071, 811, 322, 103, 365]"
3243,"[1713, 338, 1924, 1556, 1626]"
3244,"[291, 1523, 1910, 1906, 1562]"
3245,"[1562, 1070, 1556, 1924, 1191]"
3246,"[1308, 1924, 1913, 454, 1614]"
3247,"[1905, 1527, 1899, 291, 1627]"
3248,"[1760, 1761, 1704, 1924, 1705]"
3249,"[111, 1762, 1704, 1274, 1760]"
3250,"[1705, 1063, 572, 1704, 1706]"
3251,"[663, 1937, 1924, 1553, 1628]"
3252,"[1924, 321, 112, 291, 1533]"
3253,"[1937, 1761, 1760, 1705, 1924]"
3254,"[432, 1937, 1705, 1924, 277]"
3255,"[1705, 1937, 1070, 1523, 1906]"
3256,"[1704, 1705, 1924, 1600, 1249]"
3257,"[1937, 1705, 1924, 1913, 111]"
3258,"[1533, 291, 1528, 1906, 1191]"
3259,"[1627, 1910, 331, 1905, 1904]"
3260,"[1760, 1705, 1761, 1924, 692]"
3261,"[1910, 1924, 1899, 1523, 1904]"
3262,"[1066, 1907, 1671, 1745, 1616]"
3263,"[291, 1924, 112, 1191, 1070]"
3264,"[1308, 1924, 809, 913, 1544]"
3265,"[1924, 291, 1533, 112, 1191]"
3266,"[1910, 1890, 1906, 1904, 1529]"
3267,"[1562, 1523, 1937, 1924, 1553]"
3268,"[291, 1606, 1761, 1760, 1937]"
3269,"[111, 1705, 1924, 1704, 1599]"
3270,"[112, 1760, 291, 113, 1924]"
3271,"[1704, 1705, 1924, 114, 1600]"
3272,"[572, 1704, 1705, 1761, 1760]"
3273,"[1733, 1192, 1908, 478, 1924]"
3274,"[291, 1761, 1760, 1606, 1924]"
3275,"[1526, 1899, 1523, 1273, 860]"
3276,"[291, 1628, 667, 1553, 1924]"
3277,"[1904, 1924, 291, 1906, 1191]"
3278,"[901, 1063, 319, 1815, 1636]"
3279,"[1924, 1713, 1556, 714, 478]"
3280,"[926, 510, 1913, 109, 1249]"
3281,"[1705, 291, 1924, 1704, 890]"
3282,"[1760, 1761, 1924, 1904, 478]"
3283,"[291, 1904, 1627, 1760, 1937]"
3284,"[1308, 432, 1704, 1705, 1760]"
3285,"[1906, 1527, 1523, 1924, 1915]"
3286,"[291, 1761, 1937, 1760, 1553]"
3287,"[1915, 1902, 1552, 1073, 1561]"
3288,"[1628, 1553, 409, 782, 1562]"
3289,"[398, 1915, 692, 98, 291]"
3290,"[291, 112, 1070, 454, 866]"
3291,"[125, 1677, 116, 114, 454]"
3292,"[588, 590, 587, 597, 595]"
3293,"[45, 1614, 1636, 1192, 1610]"
3294,"[928, 1760, 1705, 1277, 1704]"
3295,"[1614, 45, 1636, 860, 1610]"
3296,"[1070, 291, 289, 1656, 692]"
3297,"[1704, 682, 1705, 432, 1760]"
3298,"[291, 1533, 1535, 314, 1191]"
3299,"[811, 291, 109, 112, 1070]"
3300,"[1746, 98, 1025, 97, 96]"
3301,"[1705, 1758, 1761, 1760, 1704]"
3302,"[692, 1726, 846, 1191, 1523]"
3303,"[1705, 291, 1704, 415, 1807]"
3304,"[1538, 1626, 1915, 1556, 1518]"
3305,"[1028, 102, 164, 1025, 409]"
3306,"[811, 291, 112, 1070, 113]"
3307,"[291, 1201, 1713, 1746, 98]"
3308,"[291, 125, 1533, 1704, 1705]"
3309,"[1761, 1705, 1760, 1758, 1704]"
3310,"[1636, 1614, 809, 216, 438]"
3311,"[291, 1606, 1904, 455, 1636]"
3312,"[102, 1746, 98, 121, 1701]"
3313,"[1704, 1705, 454, 291, 112]"
3314,"[291, 667, 468, 599, 1761]"
3315,"[1614, 1070, 1636, 783, 455]"
3316,"[1704, 1924, 125, 782, 1746]"
3317,"[291, 1070, 1386, 866, 1191]"
3318,"[1523, 1192, 291, 112, 113]"
3319,"[291, 1708, 1878, 1707, 1772]"
3320,"[102, 1746, 98, 96, 97]"
3321,"[109, 1277, 811, 1192, 291]"
3322,"[409, 1062, 860, 102, 1070]"
3323,"[291, 1277, 102, 409, 1746]"
3324,"[782, 682, 1704, 216, 1204]"
3325,"[4, 1246, 3, 1317, 73]"
3326,"[291, 1677, 89, 29, 125]"
3327,"[811, 1192, 1523, 1191, 113]"
3328,"[291, 1070, 112, 866, 1704]"
3329,"[1908, 112, 890, 291, 1191]"
3330,"[1770, 866, 112, 1414, 749]"
3331,"[1750, 468, 4, 1704, 111]"
3332,"[1704, 1705, 1915, 1924, 16]"
3333,"[1915, 171, 1812, 165, 1828]"
3334,"[921, 528, 1507, 538, 1434]"
3335,"[1924, 478, 1884, 1377, 786]"
3336,"[1828, 1837, 1833, 1821, 1848]"
3337,"[1704, 1755, 1705, 1753, 1434]"
3338,"[1924, 478, 1704, 692, 787]"
3339,"[1884, 1258, 1511, 1261, 1259]"
3340,"[1924, 1705, 1704, 1204, 1762]"
3341,"[1705, 1762, 1760, 1704, 1761]"
3342,"[1050, 1204, 283, 114, 327]"
3343,"[1915, 128, 1924, 478, 786]"
3344,"[408, 1924, 1705, 114, 1902]"
3345,"[1434, 528, 921, 1507, 343]"
3346,"[37, 1626, 95, 93, 1816]"
3347,"[646, 3, 1723, 1717, 480]"
3348,"[1924, 1761, 624, 1128, 1434]"
3349,"[478, 1924, 1704, 1705, 1807]"
3350,"[921, 938, 1755, 1885, 1550]"
3351,"[1915, 216, 1884, 1204, 114]"
3352,"[1064, 1915, 1704, 1705, 216]"
3353,"[478, 1924, 159, 937, 1884]"
3354,"[1924, 478, 1884, 904, 1704]"
3355,"[1924, 478, 789, 464, 1884]"
3356,"[1771, 1833, 1828, 1837, 1764]"
3357,"[460, 1504, 1884, 789, 464]"
3358,"[96, 97, 98, 1705, 1704]"
3359,"[126, 1815, 1706, 1810, 528]"
3360,"[1884, 25, 799, 24, 1704]"
3361,"[1704, 1733, 1762, 1705, 111]"
3362,"[1704, 1705, 1434, 1924, 528]"
3363,"[285, 784, 618, 1930, 326]"
3364,"[333, 1561, 528, 1507, 1434]"
3365,"[361, 1762, 1760, 1758, 102]"
3366,"[553, 1704, 1705, 1504, 687]"
3367,"[1935, 1828, 1868, 1936, 1837]"
3368,"[128, 1924, 892, 478, 898]"
3369,"[1113, 1915, 1884, 1064, 114]"
3370,"[538, 528, 1511, 1507, 1434]"
3371,"[478, 1924, 1704, 1760, 1758]"
3372,"[1128, 514, 343, 528, 1507]"
3373,"[441, 1388, 1915, 570, 1358]"
3374,"[921, 1638, 291, 1821, 938]"
3375,"[1705, 1600, 1904, 1067, 819]"
3376,"[1588, 1904, 1705, 1556, 1890]"
3377,"[1924, 1129, 1727, 1904, 1675]"
3378,"[478, 1924, 1526, 1899, 1746]"
3379,"[89, 1899, 1904, 1922, 1897]"
3380,"[1526, 1905, 1627, 89, 1899]"
3381,"[1904, 1746, 1191, 165, 1532]"
3382,"[1915, 113, 1922, 1897, 89]"
3383,"[1904, 1704, 43, 1705, 819]"
3384,"[681, 1489, 1558, 1521, 1536]"
3385,"[1924, 1762, 677, 1758, 1899]"
3386,"[1063, 1904, 1054, 919, 1924]"
3387,"[443, 24, 1699, 1628, 28]"
3388,"[1904, 1899, 1586, 1615, 862]"
3389,"[1746, 1705, 1904, 98, 97]"
3390,"[1589, 1904, 862, 1249, 1192]"
3391,"[1760, 1904, 114, 1704, 1885]"
3392,"[113, 1533, 1587, 1792, 1904]"
3393,"[1904, 1191, 43, 1890, 102]"
3394,"[677, 1904, 216, 1192, 1762]"
3395,"[1620, 434, 1687, 1112, 1519]"
3396,"[1904, 1600, 43, 1599, 1191]"
3397,"[1738, 1904, 282, 926, 432]"
3398,"[1904, 1899, 1924, 1909, 1907]"
3399,"[1909, 165, 425, 1904, 922]"
3400,"[1792, 1904, 89, 1733, 1890]"
3401,"[1762, 1904, 1704, 1192, 1599]"
3402,"[1935, 1899, 407, 406, 430]"
3403,"[1899, 1926, 1762, 1526, 1041]"
3404,"[1904, 1646, 1704, 1705, 1887]"
3405,"[1308, 216, 114, 1898, 1582]"
3406,"[1606, 1249, 1705, 1063, 1899]"
3407,"[1309, 868, 1924, 1277, 98]"
3408,"[1044, 1915, 1863, 1023, 398]"
3409,"[1915, 677, 1904, 1907, 376]"
3410,"[478, 937, 159, 165, 28]"
3411,"[1904, 163, 1909, 89, 1025]"
3412,"[1904, 1607, 1646, 432, 570]"
3413,"[1705, 1904, 1807, 89, 1887]"
3414,"[1643, 1114, 1904, 1316, 468]"
3415,"[454, 1704, 1191, 455, 1896]"
3416,"[1904, 1063, 1762, 1899, 1758]"
3417,"[1071, 43, 1704, 1904, 1587]"
3418,"[1904, 819, 98, 1191, 1914]"
3419,"[1201, 420, 1700, 1073, 102]"
3420,"[1902, 420, 1757, 1776, 1320]"
3421,"[464, 96, 97, 1071, 98]"
3422,"[1902, 420, 60, 1320, 1279]"
3423,"[1902, 408, 1915, 1219, 1552]"
3424,"[164, 1915, 1358, 1700, 42]"
3425,"[420, 1700, 171, 1915, 361]"
3426,"[420, 1902, 409, 102, 96]"
3427,"[1902, 716, 1552, 1040, 1124]"
3428,"[1902, 1552, 408, 1201, 1915]"
3429,"[1902, 452, 1705, 1300, 1746]"
3430,"[716, 1040, 60, 1320, 420]"
3431,"[716, 1029, 109, 1040, 1219]"
3432,"[925, 1700, 1924, 749, 1885]"
3433,"[1902, 1219, 1900, 1543, 408]"
3434,"[1915, 1041, 1042, 1040, 478]"
3435,"[1902, 1201, 409, 97, 96]"
3436,"[1902, 1552, 1197, 408, 409]"
3437,"[1902, 922, 1833, 1837, 1828]"
3438,"[1902, 420, 925, 922, 1700]"
3439,"[97, 96, 102, 409, 1746]"
3440,"[1902, 1552, 420, 1924, 1700]"
3441,"[409, 102, 98, 96, 97]"
3442,"[171, 1915, 1733, 1825, 922]"
3443,"[716, 125, 1518, 171, 1040]"
3444,"[1902, 409, 102, 1552, 97]"
3445,"[1118, 749, 162, 1670, 919]"
3446,"[73, 1197, 96, 97, 98]"
3447,"[1118, 409, 1197, 1201, 97]"
3448,"[98, 1518, 409, 96, 97]"
3449,"[1915, 677, 1846, 376, 1135]"
3450,"[96, 97, 98, 749, 1541]"
3451,"[1915, 716, 1902, 1040, 1646]"
3452,"[162, 864, 1320, 126, 1201]"
3453,"[97, 96, 98, 409, 1746]"
3454,"[1902, 126, 1320, 922, 60]"
3455,"[1902, 102, 1552, 408, 409]"
3456,"[1902, 1915, 216, 1552, 1541]"
3457,"[409, 1902, 102, 332, 1889]"
3458,"[1902, 1915, 408, 171, 1552]"
3459,"[409, 124, 1620, 408, 116]"
3460,"[1902, 409, 96, 97, 1746]"
3461,"[1411, 1358, 1347, 502, 1368]"
3462,"[98, 96, 97, 102, 1201]"
3463,"[1935, 430, 1256, 1260, 1705]"
3464,"[1620, 1917, 1520, 1705, 408]"
3465,"[1915, 223, 211, 980, 985]"
3466,"[954, 935, 1299, 1763, 216]"
3467,"[1917, 145, 1924, 1666, 1604]"
3468,"[1495, 1260, 1924, 1258, 1207]"
3469,"[1659, 1705, 702, 924, 1207]"
3470,"[1915, 1899, 478, 164, 868]"
3471,"[1900, 1902, 1046, 408, 1632]"
3472,"[357, 1299, 1046, 1659, 1924]"
3473,"[1915, 1899, 1904, 485, 1025]"
3474,"[1915, 1899, 216, 1620, 1584]"
3475,"[1299, 1061, 1049, 1915, 1666]"
3476,"[1915, 1900, 890, 347, 823]"
3477,"[1915, 1299, 1369, 911, 915]"
3478,"[972, 1915, 968, 974, 149]"
3479,"[430, 927, 441, 1825, 1906]"
3480,"[1915, 1917, 408, 1902, 1733]"
3481,"[1915, 329, 1001, 408, 137]"
3482,"[1915, 430, 1260, 1256, 1258]"
3483,"[1772, 1704, 1301, 452, 1812]"
3484,"[1915, 1299, 1592, 719, 1343]"
3485,"[376, 677, 872, 216, 446]"
3486,"[372, 265, 368, 1205, 1030]"
3487,"[271, 1630, 1205, 1332, 1659]"
3488,"[1915, 927, 1935, 1627, 1526]"
3489,"[1915, 347, 725, 972, 357]"
3490,"[1915, 430, 1828, 1833, 1837]"
3491,"[1915, 724, 1549, 216, 1249]"
3492,"[736, 729, 732, 1748, 737]"
3493,"[1135, 1077, 376, 903, 677]"
3494,"[927, 1828, 430, 1260, 1256]"
3495,"[1915, 1610, 114, 1545, 1906]"
3496,"[1789, 1792, 1793, 1863, 1791]"
3497,"[1900, 1917, 1915, 1902, 408]"
3498,"[1176, 216, 1917, 890, 1915]"
3499,"[1915, 1792, 1793, 1789, 1790]"
3500,"[1028, 1527, 1025, 1627, 1556]"
3501,"[1046, 1021, 972, 725, 1754]"
3502,"[1905, 163, 919, 1025, 165]"
3503,"[1332, 1498, 963, 1832, 196]"
3504,"[918, 136, 275, 1659, 165]"
3505,"[1915, 125, 1924, 1299, 455]"
3506,"[175, 1618, 924, 937, 1659]"
3507,"[1915, 1389, 1704, 1413, 1924]"
3508,"[886, 421, 919, 1906, 175]"
3509,"[1902, 1915, 1917, 408, 216]"
3510,"[1915, 1900, 1917, 1543, 408]"
3511,"[1915, 1747, 865, 1758, 863]"
3512,"[371, 1861, 1023, 1766, 1344]"
3513,"[1900, 849, 1757, 1776, 163]"
3514,"[1847, 1845, 1849, 1848, 443]"
3515,"[1900, 1917, 114, 1760, 1768]"
3516,"[1915, 1762, 1861, 1855, 1846]"
3517,"[1900, 1915, 1543, 1561, 1705]"
3518,"[1900, 1902, 1917, 1536, 1543]"
3519,"[1900, 1917, 114, 606, 1603]"
3520,"[1902, 1900, 1917, 1552, 212]"
3521,"[1900, 1902, 1766, 1792, 1790]"
3522,"[891, 1157, 1618, 1608, 1555]"
3523,"[1761, 1760, 1902, 1552, 1704]"
3524,"[1915, 1902, 408, 216, 1030]"
3525,"[1900, 1362, 849, 1781, 1782]"
3526,"[808, 376, 810, 1490, 677]"
3527,"[1915, 1900, 1705, 1543, 101]"
3528,"[1900, 1917, 1543, 1021, 868]"
3529,"[1511, 885, 1892, 1836, 1302]"
3530,"[1915, 1592, 921, 1025, 165]"
3531,"[1932, 661, 595, 597, 593]"
3532,"[1900, 1902, 296, 1552, 1917]"
3533,"[1902, 1900, 1543, 1917, 1552]"
3534,"[1915, 1202, 410, 1249, 478]"
3535,"[443, 197, 478, 349, 807]"
3536,"[1915, 1001, 1020, 1705, 1704]"
3537,"[368, 1915, 1113, 333, 455]"
3538,"[1045, 139, 1017, 1917, 1055]"
3539,"[1902, 1828, 1833, 1837, 927]"
3540,"[692, 411, 78, 453, 110]"
3541,"[1900, 1902, 116, 1917, 1561]"
3542,"[1924, 1915, 478, 1704, 1560]"
3543,"[138, 108, 1042, 141, 349]"
3544,"[1113, 368, 455, 1555, 1617]"
3545,"[223, 1079, 428, 1370, 406]"
3546,"[1636, 1263, 1536, 1704, 432]"
3547,"[1915, 1900, 97, 96, 1133]"
3548,"[1704, 1550, 1555, 1491, 1521]"
3549,"[1915, 1137, 1071, 605, 1052]"
3550,"[1915, 1299, 1412, 1491, 430]"
3551,"[873, 870, 1705, 168, 1709]"
3552,"[1246, 82, 73, 111, 1709]"
3553,"[1067, 1420, 492, 1366, 446]"
3554,"[1878, 1707, 456, 1913, 1242]"
3555,"[95, 1746, 1705, 1208, 1620]"
3556,"[1922, 1897, 89, 29, 890]"
3557,"[1615, 677, 1586, 1538, 1556]"
3558,"[1537, 1560, 97, 96, 98]"
3559,"[1878, 1707, 1806, 1246, 1708]"
3560,"[794, 1251, 1313, 4, 1533]"
3561,"[1024, 1924, 1899, 1905, 1627]"
3562,"[1775, 1713, 1618, 1704, 1533]"
3563,"[1905, 1627, 952, 165, 924]"
3564,"[1605, 798, 22, 1703, 40]"
3565,"[1537, 1044, 530, 677, 1704]"
3566,"[1537, 1704, 97, 96, 1705]"
3567,"[1044, 98, 371, 97, 96]"
3568,"[1770, 291, 1070, 1414, 112]"
3569,"[399, 1556, 1615, 1538, 1626]"
3570,"[1770, 1070, 113, 112, 890]"
3571,"[1705, 1704, 413, 1770, 1759]"
3572,"[62, 398, 1014, 1734, 1863]"
3573,"[1626, 921, 213, 89, 1586]"
3574,"[1908, 220, 1556, 1538, 1518]"
3575,"[291, 667, 1762, 1612, 1758]"
3576,"[1795, 1705, 95, 1353, 1704]"
3577,"[1070, 291, 890, 1906, 113]"
3578,"[1463, 870, 1795, 1704, 843]"
3579,"[1705, 1612, 1762, 1704, 1758]"
3580,"[1899, 289, 870, 1692, 1615]"
3581,"[1537, 1063, 1535, 1746, 1533]"
3582,"[291, 1627, 163, 1905, 165]"
3583,"[1903, 89, 890, 1070, 29]"
3584,"[89, 1675, 1196, 1676, 29]"
3585,"[1040, 862, 1746, 1618, 97]"
3586,"[1903, 1537, 1535, 1534, 890]"
3587,"[1746, 216, 1567, 1905, 95]"
3588,"[1704, 1795, 95, 1705, 1463]"
3589,"[1044, 1924, 890, 1704, 1538]"
3590,"[1795, 870, 1705, 482, 1753]"
3591,"[1705, 1927, 1704, 1612, 1762]"
3592,"[1044, 1927, 862, 371, 102]"
3593,"[1044, 97, 96, 1537, 98]"
3594,"[1868, 62, 1576, 1636, 431]"
3595,"[1893, 344, 1890, 406, 1666]"
3596,"[1299, 1556, 1916, 1775, 1538]"
3597,"[1807, 1705, 1556, 1548, 1532]"
3598,"[1603, 1761, 938, 1787, 1034]"
3599,"[440, 441, 442, 1769, 1760]"
3600,"[1697, 1849, 1696, 1705, 1556]"
3601,"[1137, 686, 1030, 1655, 425]"
3602,"[164, 1890, 919, 924, 931]"
3603,"[1071, 1704, 1890, 1893, 1904]"
3604,"[1761, 1769, 1760, 1775, 1768]"
3605,"[1705, 1704, 1807, 1894, 419]"
3606,"[1041, 1131, 165, 98, 102]"
3607,"[885, 1562, 1890, 1893, 1626]"
3608,"[1768, 1769, 1775, 1761, 1760]"
3609,"[368, 934, 176, 924, 174]"
3610,"[89, 406, 407, 419, 116]"
3611,"[1561, 1562, 1536, 78, 453]"
3612,"[1713, 1893, 868, 688, 1676]"
3613,"[1828, 1833, 1837, 1818, 1819]"
3614,"[1705, 823, 1704, 1906, 1760]"
3615,"[1768, 1761, 1769, 1760, 1131]"
3616,"[1890, 425, 1893, 406, 407]"
3617,"[1527, 1627, 1526, 1899, 1905]"
3618,"[926, 919, 885, 1025, 1704]"
3619,"[1344, 408, 965, 1733, 787]"
3620,"[1704, 935, 1038, 1039, 1705]"
3621,"[1617, 1704, 1030, 1038, 1705]"
3622,"[89, 1044, 1752, 1761, 1768]"
3623,"[406, 1890, 1893, 419, 1548]"
3624,"[406, 407, 1855, 419, 1697]"
3625,"[1538, 1031, 1039, 1030, 1713]"
3626,"[1037, 1033, 935, 924, 1031]"
3627,"[1073, 1495, 406, 162, 919]"
3628,"[778, 1033, 1204, 120, 1071]"
3629,"[1193, 165, 1890, 937, 159]"
3630,"[1037, 1071, 1031, 1030, 1912]"
3631,"[1032, 1680, 1697, 1258, 1676]"
3632,"[1909, 1901, 930, 425, 934]"
3633,"[1071, 1704, 1890, 868, 1748]"
3634,"[89, 406, 659, 1893, 612]"
3635,"[1912, 1039, 1040, 935, 1030]"
3636,"[1899, 1761, 1705, 1704, 1906]"
3637,"[1768, 1769, 1761, 1556, 1775]"
3638,"[89, 1890, 1906, 164, 1193]"
3639,"[1907, 1924, 1899, 1906, 1705]"
3640,"[1705, 1191, 1567, 1704, 1608]"
3641,"[116, 1747, 865, 1904, 1889]"
3642,"[1726, 1191, 1762, 692, 1567]"
3643,"[1915, 677, 1904, 60, 409]"
3644,"[1726, 109, 1705, 692, 1192]"
3645,"[116, 289, 455, 1904, 1705]"
3646,"[1726, 1896, 109, 692, 455]"
3647,"[1704, 1906, 1899, 1610, 1705]"
3648,"[289, 339, 1904, 1705, 1704]"
3649,"[900, 1704, 1598, 1746, 1705]"
3650,"[1704, 289, 455, 1904, 1705]"
3651,"[1726, 1604, 1192, 1922, 1897]"
3652,"[1704, 289, 1904, 1705, 1760]"
3653,"[1724, 289, 1562, 1904, 1191]"
3654,"[379, 116, 1113, 865, 1606]"
3655,"[106, 1916, 1926, 1615, 1032]"
3656,"[289, 1606, 1705, 1904, 1704]"
3657,"[346, 1713, 1067, 1147, 1191]"
3658,"[1915, 1611, 1192, 412, 1180]"
3659,"[1705, 1704, 289, 1890, 1904]"
3660,"[106, 368, 455, 862, 1567]"
3661,"[289, 1705, 1904, 1704, 1606]"
3662,"[1899, 1896, 1904, 1608, 1705]"
3663,"[1705, 1704, 289, 1904, 1191]"
3664,"[1662, 1192, 1726, 692, 1523]"
3665,"[1705, 1890, 1929, 1191, 406]"
3666,"[1704, 289, 1705, 1904, 1562]"
3667,"[1904, 289, 1705, 1704, 1769]"
3668,"[1907, 114, 116, 1191, 1726]"
3669,"[289, 1904, 1705, 1704, 1191]"
3670,"[692, 1899, 1604, 1726, 846]"
3671,"[1068, 1066, 1192, 289, 1904]"
3672,"[1636, 1704, 406, 407, 1929]"
3673,"[1915, 1705, 1536, 1068, 1704]"
3674,"[106, 1705, 1904, 1890, 1704]"
3675,"[97, 96, 1068, 1904, 1705]"
3676,"[1636, 1637, 1928, 125, 455]"
3677,"[289, 1705, 1904, 1704, 1562]"
3678,"[1705, 1704, 1904, 1424, 289]"
3679,"[289, 1760, 1704, 1904, 1705]"
3680,"[1704, 1705, 289, 1921, 1588]"
3681,"[1705, 1704, 289, 1424, 1760]"
3682,"[1704, 1705, 1907, 289, 1191]"
3683,"[1046, 219, 1049, 1029, 1900]"
3684,"[1065, 136, 1551, 425, 819]"
3685,"[1915, 1900, 412, 455, 612]"
3686,"[1071, 921, 102, 1202, 410]"
3687,"[1131, 928, 1704, 1608, 1607]"
3688,"[478, 1073, 98, 89, 165]"
3689,"[788, 1742, 1552, 749, 1885]"
3690,"[1131, 1019, 360, 1022, 477]"
3691,"[452, 1855, 1901, 1617, 1300]"
3692,"[159, 937, 1894, 165, 1884]"
3693,"[1674, 74, 1036, 1286, 1705]"
3694,"[1828, 1837, 1833, 430, 1863]"
3695,"[74, 89, 250, 1891, 1699]"
3696,"[1658, 1632, 1666, 267, 266]"
3697,"[1131, 1202, 410, 1029, 937]"
3698,"[1900, 1915, 1320, 1543, 1704]"
3699,"[597, 593, 599, 595, 1151]"
3700,"[1828, 1837, 1833, 1811, 936]"
3701,"[1073, 1068, 1704, 1705, 455]"
3702,"[1863, 1023, 1003, 237, 236]"
3703,"[222, 1863, 1836, 65, 430]"
3704,"[1131, 1704, 124, 96, 97]"
3705,"[1915, 677, 408, 1607, 1676]"
3706,"[1022, 749, 1019, 477, 367]"
3707,"[1917, 924, 1619, 1158, 1704]"
3708,"[368, 1704, 601, 349, 455]"
3709,"[1884, 1704, 1620, 1520, 933]"
3710,"[368, 1121, 1040, 1286, 1934]"
3711,"[1846, 1861, 780, 938, 1855]"
3712,"[1915, 1617, 1832, 1901, 1619]"
3713,"[838, 1753, 1004, 236, 240]"
3714,"[922, 1837, 1833, 1828, 1863]"
3715,"[1131, 1915, 1029, 1861, 1148]"
3716,"[1607, 1157, 1608, 1891, 1517]"
3717,"[870, 1072, 1704, 93, 100]"
3718,"[66, 1131, 1019, 1011, 1861]"
3719,"[696, 95, 1073, 659, 250]"
3720,"[1704, 1705, 1758, 1761, 1752]"
3721,"[368, 289, 677, 420, 1929]"
3722,"[1828, 1837, 1833, 1816, 1817]"
3723,"[688, 455, 411, 110, 412]"
3724,"[1700, 1904, 96, 124, 1251]"
3725,"[1147, 1043, 1904, 1316, 1027]"
3726,"[1279, 1066, 1915, 410, 1202]"
3727,"[1383, 1219, 1419, 1922, 1897]"
3728,"[1587, 89, 1627, 1905, 165]"
3729,"[1705, 1114, 1914, 1704, 1193]"
3730,"[1899, 1924, 455, 89, 1618]"
3731,"[1922, 1897, 1526, 1905, 1627]"
3732,"[1922, 1897, 1705, 1704, 530]"
3733,"[113, 1897, 1922, 1627, 1899]"
3734,"[1922, 1897, 1907, 1915, 1905]"
3735,"[332, 1246, 388, 1640, 618]"
3736,"[677, 1897, 89, 1922, 165]"
3737,"[89, 1922, 1897, 1627, 165]"
3738,"[1905, 1567, 1704, 1705, 95]"
3739,"[1924, 1526, 1899, 1762, 1704]"
3740,"[165, 1627, 1905, 159, 937]"
3741,"[1071, 927, 1193, 113, 163]"
3742,"[468, 1063, 43, 1758, 1612]"
3743,"[1627, 113, 1587, 890, 1025]"
3744,"[1705, 1704, 1897, 1922, 530]"
3745,"[1924, 1922, 1897, 530, 1704]"
3746,"[1915, 163, 165, 1025, 1627]"
3747,"[927, 1526, 1907, 1899, 1922]"
3748,"[1587, 1627, 1905, 113, 459]"
3749,"[1627, 1905, 113, 467, 1527]"
3750,"[1922, 1897, 1526, 113, 1899]"
3751,"[1922, 1897, 166, 1526, 1905]"
3752,"[89, 794, 1025, 113, 1313]"
3753,"[1160, 1922, 1897, 415, 1526]"
3754,"[89, 1922, 1897, 1915, 1044]"
3755,"[1077, 114, 326, 333, 332]"
3756,"[89, 1899, 478, 1526, 1924]"
3757,"[1762, 1705, 1114, 1704, 1612]"
3758,"[1899, 1526, 113, 1753, 1922]"
3759,"[1526, 1907, 1924, 1899, 89]"
3760,"[1705, 1704, 1567, 1887, 95]"
3761,"[89, 1922, 1897, 1526, 1905]"
3762,"[1526, 478, 919, 1924, 890]"
3763,"[828, 1897, 1922, 1510, 927]"
3764,"[1905, 1758, 1762, 1063, 225]"
3765,"[1914, 103, 49, 792, 905]"
3766,"[1613, 1904, 1894, 1191, 1556]"
3767,"[1899, 1907, 341, 106, 455]"
3768,"[1704, 1705, 1891, 933, 1892]"
3769,"[1899, 677, 1922, 1897, 1192]"
3770,"[1071, 1705, 113, 1704, 49]"
3771,"[1924, 1705, 1704, 1523, 478]"
3772,"[165, 1704, 1705, 1733, 73]"
3773,"[1627, 1905, 819, 1705, 1618]"
3774,"[1244, 423, 1545, 1705, 1704]"
3775,"[1713, 1628, 637, 663, 642]"
3776,"[1704, 1713, 165, 1705, 1697]"
3777,"[165, 1772, 1705, 1704, 164]"
3778,"[165, 1704, 164, 1705, 1070]"
3779,"[1704, 1705, 165, 1761, 1760]"
3780,"[1924, 98, 97, 96, 113]"
3781,"[1899, 1066, 1526, 1606, 102]"
3782,"[89, 1705, 926, 1704, 1924]"
3783,"[165, 1704, 1705, 1626, 432]"
3784,"[165, 1704, 1705, 164, 1701]"
3785,"[1008, 165, 289, 1704, 159]"
3786,"[1705, 1704, 413, 114, 1607]"
3787,"[1878, 1707, 1246, 7, 1806]"
3788,"[1704, 1705, 1070, 165, 1906]"
3789,"[1828, 430, 1833, 1837, 927]"
3790,"[1704, 1705, 1899, 1526, 165]"
3791,"[388, 1907, 1176, 1924, 786]"
3792,"[1704, 1705, 16, 1063, 1922]"
3793,"[291, 1705, 1704, 165, 164]"
3794,"[1070, 1704, 1705, 165, 413]"
3795,"[478, 89, 1924, 1534, 125]"
3796,"[1070, 1705, 1704, 1610, 44]"
3797,"[926, 265, 1705, 1906, 1704]"
3798,"[165, 1704, 1705, 1906, 1924]"
3799,"[1704, 1705, 165, 48, 164]"
3800,"[781, 1070, 165, 1895, 1746]"
3801,"[1069, 1775, 165, 1922, 1897]"
3802,"[164, 289, 1701, 1025, 1704]"
3803,"[1888, 53, 1628, 1633, 1155]"
3804,"[165, 164, 1705, 1704, 455]"
3805,"[164, 1705, 1704, 165, 1889]"
3806,"[930, 160, 936, 157, 158]"
3807,"[819, 164, 1887, 335, 1705]"
3808,"[1705, 1704, 1070, 289, 114]"
3809,"[1753, 1755, 1763, 1885, 499]"
3810,"[165, 164, 1704, 1070, 1705]"
3811,"[164, 1705, 165, 1704, 60]"
3812,"[1705, 1704, 291, 1712, 1713]"
3813,"[1772, 1705, 1704, 884, 1299]"
3814,"[289, 1249, 1561, 1836, 1873]"
3815,"[1907, 368, 1193, 1914, 28]"
3816,"[98, 164, 1114, 1193, 1251]"
3817,"[1179, 369, 1251, 1355, 512]"
3818,"[1926, 1899, 1922, 1897, 388]"
3819,"[527, 1659, 247, 1901, 1935]"
3820,"[1902, 1900, 1552, 1917, 1526]"
3821,"[927, 1922, 1897, 828, 527]"
3822,"[677, 1704, 1705, 593, 597]"
3823,"[1071, 1907, 1914, 1898, 457]"
3824,"[1317, 474, 1903, 1011, 1659]"
3825,"[1922, 1897, 166, 164, 1025]"
3826,"[1906, 1704, 1705, 1733, 1924]"
3827,"[1907, 1922, 1897, 1630, 1526]"
3828,"[903, 560, 1316, 1705, 1800]"
3829,"[164, 1705, 1704, 165, 1922]"
3830,"[1899, 113, 1526, 1922, 1897]"
3831,"[1772, 1935, 430, 1936, 1922]"
3832,"[1922, 1897, 1907, 1526, 927]"
3833,"[1772, 964, 1704, 530, 1302]"
3834,"[1922, 1897, 317, 1899, 1135]"
3835,"[1025, 919, 165, 163, 1071]"
3836,"[165, 937, 1924, 89, 1527]"
3837,"[63, 927, 430, 290, 65]"
3838,"[1922, 1897, 1526, 1907, 1935]"
3839,"[1526, 1899, 1907, 1922, 1897]"
3840,"[89, 1915, 1905, 1627, 128]"
3841,"[903, 89, 1193, 1705, 933]"
3842,"[1922, 1897, 1907, 1069, 1526]"
3843,"[1922, 1897, 113, 1704, 89]"
3844,"[1772, 42, 1368, 402, 1906]"
3845,"[89, 1922, 1897, 165, 113]"
3846,"[1922, 1897, 166, 1899, 1193]"
3847,"[1926, 1915, 530, 1704, 1899]"
3848,"[1170, 739, 1163, 1705, 692]"
3849,"[1907, 89, 1915, 786, 165]"
3850,"[1261, 430, 1256, 1298, 1260]"
3851,"[1922, 1897, 1907, 166, 1526]"
3852,"[1907, 89, 1899, 165, 149]"
3853,"[163, 164, 1025, 361, 317]"
3854,"[1168, 1907, 862, 1251, 125]"
3855,"[1922, 1897, 125, 1772, 89]"
3856,"[616, 739, 47, 1733, 1922]"
3857,"[868, 1922, 1897, 1748, 1915]"
3858,"[1302, 1299, 1907, 361, 1901]"
3859,"[102, 98, 97, 96, 1313]"
3860,"[73, 4, 1246, 1878, 1707]"
3861,"[1320, 1670, 282, 663, 511]"
3862,"[73, 1704, 749, 1705, 171]"
3863,"[124, 1670, 1316, 1904, 18]"
3864,"[1915, 1700, 126, 420, 171]"
3865,"[1878, 1707, 3, 73, 468]"
3866,"[1704, 1762, 1705, 1760, 1761]"
3867,"[1701, 1670, 171, 1887, 66]"
3868,"[1670, 1786, 1320, 1792, 1603]"
3869,"[956, 667, 171, 1550, 1076]"
3870,"[4, 1670, 749, 1887, 1320]"
3871,"[1156, 277, 1786, 606, 216]"
3872,"[1878, 1707, 3, 4, 73]"
3873,"[420, 1628, 1700, 864, 1540]"
3874,"[1520, 1553, 1534, 1742, 1249]"
3875,"[793, 1541, 749, 1746, 98]"
3876,"[73, 1541, 793, 749, 1670]"
3877,"[73, 1705, 1826, 1704, 512]"
3878,"[103, 1071, 1705, 1704, 1807]"
3879,"[73, 1742, 111, 480, 1711]"
3880,"[1705, 1704, 1937, 73, 1317]"
3881,"[98, 1201, 1536, 96, 97]"
3882,"[903, 4, 73, 282, 468]"
3883,"[1520, 1543, 1534, 1742, 1544]"
3884,"[4, 73, 1317, 1246, 282]"
3885,"[1910, 171, 903, 514, 1670]"
3886,"[4, 73, 1246, 413, 1006]"
3887,"[1855, 677, 1792, 1790, 1789]"
3888,"[628, 1761, 1149, 1768, 277]"
3889,"[7, 1864, 802, 1878, 1707]"
3890,"[1670, 667, 874, 1821, 1822]"
3891,"[98, 97, 96, 102, 1541]"
3892,"[409, 1746, 1541, 97, 96]"
3893,"[1746, 121, 1563, 1611, 1786]"
3894,"[1560, 171, 216, 1915, 1197]"
3895,"[749, 4, 420, 1833, 1837]"
3896,"[794, 4, 1313, 793, 126]"
3897,"[594, 1772, 542, 118, 1513]"
3898,"[1887, 904, 1670, 1199, 794]"
3899,"[594, 118, 533, 1091, 361]"
3900,"[1770, 893, 98, 480, 749]"
3901,"[159, 937, 1748, 868, 1399]"
3902,"[927, 1837, 1833, 1828, 1573]"
3903,"[1626, 1705, 1704, 848, 1885]"
3904,"[1155, 1029, 937, 159, 1041]"
3905,"[1828, 1837, 1833, 430, 441]"
3906,"[677, 89, 113, 1843, 1833]"
3907,"[1655, 159, 937, 96, 1615]"
3908,"[1924, 89, 1534, 165, 890]"
3909,"[1029, 164, 1043, 1704, 171]"
3910,"[1040, 1026, 1193, 1029, 1924]"
3911,"[1026, 1202, 1029, 410, 164]"
3912,"[885, 403, 1704, 1705, 1752]"
3913,"[1059, 1041, 926, 96, 97]"
3914,"[89, 398, 1077, 930, 1023]"
3915,"[289, 870, 1894, 89, 1044]"
3916,"[1055, 1029, 165, 925, 937]"
3917,"[1833, 1837, 1828, 425, 1822]"
3918,"[1701, 1670, 1752, 1320, 1772]"
3919,"[1029, 716, 1219, 216, 926]"
3920,"[1025, 169, 1036, 1044, 1040]"
3921,"[1026, 97, 1029, 670, 921]"
3922,"[1029, 1924, 169, 1025, 1043]"
3923,"[1713, 1833, 1837, 165, 1828]"
3924,"[1041, 1073, 1202, 410, 1029]"
3925,"[1202, 410, 642, 658, 1670]"
3926,"[1118, 121, 290, 1696, 1615]"
3927,"[1040, 1026, 1025, 1032, 1029]"
3928,"[166, 165, 928, 1924, 1704]"
3929,"[1586, 164, 169, 1025, 1202]"
3930,"[1029, 936, 1202, 410, 930]"
3931,"[1040, 1025, 1029, 1193, 165]"
3932,"[934, 175, 165, 164, 174]"
3933,"[1776, 1757, 1626, 98, 1704]"
3934,"[478, 1924, 175, 1029, 1040]"
3935,"[1146, 1168, 355, 1924, 432]"
3936,"[1202, 410, 1040, 1032, 1029]"
3937,"[1670, 1074, 1704, 1752, 1885]"
3938,"[1458, 1586, 698, 1890, 409]"
3939,"[165, 1026, 1040, 175, 1029]"
3940,"[1928, 428, 1822, 1070, 1821]"
3941,"[1903, 89, 1626, 165, 1538]"
3942,"[175, 164, 1040, 165, 1029]"
3943,"[1176, 1016, 1821, 1713, 1822]"
3944,"[1040, 164, 1026, 849, 1193]"
3945,"[1924, 928, 166, 159, 937]"
3946,"[1815, 1040, 1705, 1813, 1814]"
3947,"[1666, 719, 990, 730, 731]"
3948,"[719, 1649, 1666, 1026, 1041]"
3949,"[1041, 1520, 1076, 1655, 1538]"
3950,"[206, 1561, 1590, 1873, 1836]"
3951,"[719, 1666, 1649, 286, 59]"
3952,"[1915, 1027, 1037, 902, 1046]"
3953,"[1649, 728, 1149, 470, 620]"
3954,"[1042, 1029, 211, 921, 1666]"
3955,"[1046, 1042, 1666, 719, 1873]"
3956,"[1915, 1620, 1704, 1043, 1520]"
3957,"[1825, 921, 159, 938, 937]"
3958,"[1666, 1649, 165, 1042, 1906]"
3959,"[1915, 1026, 1705, 1592, 1299]"
3960,"[1511, 357, 972, 1757, 969]"
3961,"[1032, 938, 1017, 925, 935]"
3962,"[1836, 1752, 1832, 1873, 1704]"
3963,"[1026, 1054, 1030, 1590, 1906]"
3964,"[1046, 1666, 403, 1030, 1649]"
3965,"[1415, 921, 1825, 1042, 159]"
3966,"[1301, 924, 164, 408, 175]"
3967,"[1836, 1873, 1828, 1833, 1837]"
3968,"[1915, 1757, 1776, 972, 206]"
3969,"[719, 211, 270, 911, 952]"
3970,"[1818, 1819, 1820, 97, 96]"
3971,"[362, 1159, 361, 1704, 350]"
3972,"[719, 1666, 1649, 165, 1025]"
3973,"[1154, 1915, 1825, 1026, 1043]"
3974,"[1836, 1873, 398, 1861, 1855]"
3975,"[1666, 719, 1046, 1053, 1592]"
3976,"[1825, 1836, 823, 1792, 1832]"
3977,"[1590, 885, 1026, 1042, 823]"
3978,"[1666, 1649, 823, 736, 731]"
3979,"[1083, 1733, 1659, 1792, 1666]"
3980,"[1079, 358, 1649, 823, 824]"
3981,"[1915, 1666, 1046, 1042, 1030]"
3982,"[1620, 1809, 1705, 1704, 1666]"
3983,"[1053, 1079, 164, 1635, 1832]"
3984,"[1030, 1915, 1916, 1906, 1666]"
3985,"[410, 1202, 1900, 1915, 1906]"
3986,"[460, 333, 379, 857, 1606]"
3987,"[1046, 1026, 719, 1590, 1832]"
3988,"[1202, 410, 1029, 1772, 1040]"
3989,"[1073, 1030, 959, 952, 1150]"
3990,"[1915, 877, 869, 880, 882]"
3991,"[1915, 1620, 1666, 1906, 926]"
3992,"[692, 737, 823, 1666, 738]"
3993,"[125, 1906, 1025, 18, 921]"
3994,"[1915, 1924, 165, 1677, 1017]"
3995,"[1677, 1256, 1907, 430, 1935]"
3996,"[728, 724, 223, 738, 719]"
3997,"[1055, 1916, 1042, 1049, 980]"
3998,"[1705, 1055, 138, 1204, 848]"
3999,"[1135, 823, 1666, 738, 408]"
4000,"[1915, 1906, 926, 1299, 430]"
4001,"[1906, 1590, 1792, 1791, 1733]"
4002,"[1043, 1051, 1060, 1620, 997]"
4003,"[1148, 885, 1704, 1885, 1705]"
4004,"[1915, 1299, 1906, 430, 497]"
4005,"[1055, 1046, 478, 1052, 289]"
4006,"[1043, 165, 1592, 925, 1049]"
4007,"[138, 216, 212, 108, 1915]"
4008,"[1704, 1659, 1705, 1733, 1696]"
4009,"[478, 1160, 380, 1073, 681]"
4010,"[347, 89, 1733, 113, 320]"
4011,"[1043, 34, 1049, 936, 1359]"
4012,"[1321, 1590, 1592, 1297, 1664]"
4013,"[1915, 1030, 1066, 1680, 1618]"
4014,"[996, 1733, 1792, 1788, 412]"
4015,"[1825, 1029, 1299, 1041, 97]"
4016,"[1042, 1924, 1590, 1742, 1592]"
4017,"[89, 155, 158, 157, 1915]"
4018,"[1055, 980, 1918, 1205, 1148]"
4019,"[1590, 1592, 1924, 478, 1935]"
4020,"[1924, 1299, 898, 1935, 927]"
4021,"[1915, 1676, 89, 1675, 29]"
4022,"[1061, 1075, 373, 1592, 1929]"
4023,"[692, 425, 1924, 688, 478]"
4024,"[1130, 1077, 396, 478, 1020]"
4025,"[1721, 1202, 410, 373, 1053]"
4026,"[365, 1344, 1704, 1705, 1083]"
4027,"[1902, 1900, 485, 1592, 408]"
4028,"[725, 972, 1754, 1040, 732]"
4029,"[928, 163, 1025, 165, 919]"
4030,"[1044, 1135, 360, 1651, 165]"
4031,"[197, 1924, 1207, 1911, 408]"
4032,"[1915, 1924, 478, 1192, 1560]"
4033,"[73, 3, 403, 72, 1317]"
4034,"[1300, 89, 452, 1248, 113]"
4035,"[926, 1936, 1277, 1906, 1249]"
4036,"[1906, 1704, 930, 1160, 1041]"
4037,"[1301, 1690, 79, 1906, 1300]"
4038,"[1025, 159, 937, 919, 921]"
4039,"[1705, 1704, 1825, 1836, 1832]"
4040,"[377, 1035, 265, 1105, 341]"
4041,"[1936, 1836, 1861, 1863, 1832]"
4042,"[919, 165, 926, 1025, 159]"
4043,"[677, 1792, 1920, 857, 1790]"
4044,"[1526, 1906, 1899, 97, 96]"
4045,"[1030, 1916, 1928, 1528, 1906]"
4046,"[926, 900, 1620, 1705, 1704]"
4047,"[1915, 1705, 1906, 677, 1825]"
4048,"[1924, 1249, 1915, 408, 1904]"
4049,"[1049, 677, 728, 732, 1205]"
4050,"[1915, 114, 1792, 677, 1789]"
4051,"[1321, 1059, 219, 446, 1035]"
4052,"[1915, 919, 1620, 930, 1825]"
4053,"[1906, 1705, 1825, 1832, 1873]"
4054,"[1148, 924, 371, 655, 624]"
4055,"[1936, 926, 1618, 165, 1598]"
4056,"[1788, 1892, 1014, 1789, 365]"
4057,"[166, 1025, 1526, 1193, 1529]"
4058,"[1906, 1030, 1588, 1928, 1916]"
4059,"[914, 1936, 926, 1148, 371]"
4060,"[930, 758, 1550, 1702, 1755]"
4061,"[377, 165, 926, 921, 919]"
4062,"[1086, 1916, 1906, 1928, 1528]"
4063,"[1936, 1618, 1598, 1086, 1705]"
4064,"[926, 1863, 1836, 1832, 1592]"
4065,"[159, 937, 1906, 926, 1704]"
4066,"[1905, 165, 164, 919, 937]"
4067,"[1936, 1752, 1906, 1704, 403]"
4068,"[1906, 1086, 1928, 1302, 1916]"
4069,"[677, 1915, 1863, 1192, 1610]"
4070,"[1321, 1752, 765, 1753, 758]"
4071,"[1906, 1920, 1919, 1832, 1705]"
4072,"[823, 1915, 1029, 1043, 1302]"
4073,"[289, 926, 1752, 1885, 1705]"
4074,"[377, 265, 1035, 1906, 952]"
4075,"[1906, 1916, 1030, 1899, 926]"
4076,"[1761, 1518, 1704, 1705, 1626]"
4077,"[1142, 1059, 1885, 219, 1755]"
4078,"[1043, 1906, 327, 1936, 1704]"
4079,"[1033, 927, 1587, 165, 1193]"
4080,"[737, 150, 719, 1363, 724]"
4081,"[1789, 1788, 1787, 1786, 1792]"
4082,"[959, 1760, 1761, 324, 1545]"
4083,"[1050, 1915, 408, 216, 359]"
4084,"[1788, 1758, 1762, 1733, 1760]"
4085,"[1033, 937, 159, 164, 1193]"
4086,"[147, 1249, 423, 1063, 1244]"
4087,"[140, 146, 145, 913, 195]"
4088,"[927, 164, 924, 430, 371]"
4089,"[274, 275, 136, 1016, 276]"
4090,"[862, 1788, 719, 1675, 455]"
4091,"[1905, 1587, 165, 1705, 1627]"
4092,"[1705, 1651, 933, 165, 270]"
4093,"[862, 1549, 938, 1672, 735]"
4094,"[1704, 1705, 164, 1363, 1193]"
4095,"[737, 1792, 408, 216, 1733]"
4096,"[719, 1704, 724, 1338, 736]"
4097,"[1789, 1788, 1786, 1790, 1787]"
4098,"[442, 1617, 1659, 151, 1901]"
4099,"[927, 1033, 1001, 164, 1915]"
4100,"[1033, 1029, 165, 1733, 1705]"
4101,"[1789, 1790, 1788, 1786, 1733]"
4102,"[927, 1454, 1213, 1210, 527]"
4103,"[1787, 1139, 408, 1659, 1248]"
4104,"[368, 862, 1157, 216, 1915]"
4105,"[1025, 164, 165, 1033, 1193]"
4106,"[368, 1113, 20, 1063, 862]"
4107,"[737, 207, 719, 959, 736]"
4108,"[1033, 924, 927, 1063, 175]"
4109,"[1649, 1607, 1909, 1608, 1896]"
4110,"[214, 255, 972, 53, 198]"
4111,"[1902, 1828, 1837, 1833, 408]"
4112,"[1035, 1789, 1050, 1033, 737]"
4113,"[1033, 959, 1035, 398, 1733]"
4114,"[736, 145, 1063, 149, 152]"
4115,"[1029, 1915, 89, 408, 1733]"
4116,"[1915, 1587, 1552, 1001, 959]"
4117,"[151, 211, 1704, 530, 1705]"
4118,"[1277, 151, 1638, 736, 772]"
4119,"[1705, 1704, 1316, 1618, 1752]"
4120,"[959, 737, 1792, 1733, 1788]"
4121,"[1917, 1900, 1902, 868, 1193]"
4122,"[1458, 255, 1406, 350, 1638]"
4123,"[1915, 1924, 670, 620, 470]"
4124,"[1915, 1704, 97, 96, 1924]"
4125,"[919, 1197, 1704, 1721, 1025]"
4126,"[358, 1037, 1026, 885, 1906]"
4127,"[1915, 18, 823, 408, 98]"
4128,"[1915, 1299, 430, 1902, 1260]"
4129,"[210, 1050, 1680, 1915, 1924]"
4130,"[1045, 1042, 1591, 921, 1193]"
4131,"[1042, 1591, 1592, 919, 165]"
4132,"[1900, 1902, 1916, 1917, 1591]"
4133,"[159, 937, 164, 924, 938]"
4134,"[1042, 927, 1924, 1630, 212]"
4135,"[1915, 1042, 408, 136, 212]"
4136,"[213, 1748, 24, 28, 1875]"
4137,"[1511, 927, 543, 1936, 1828]"
4138,"[478, 1915, 1924, 1792, 455]"
4139,"[419, 1757, 1776, 1919, 1888]"
4140,"[1902, 1917, 1900, 1552, 1049]"
4141,"[1915, 624, 1591, 216, 1592]"
4142,"[1915, 128, 1907, 1042, 1299]"
4143,"[1721, 927, 1828, 1837, 1833]"
4144,"[1902, 114, 1591, 408, 1543]"
4145,"[1915, 618, 1050, 1680, 210]"
4146,"[159, 937, 1042, 164, 1193]"
4147,"[1924, 1302, 1906, 1560, 903]"
4148,"[1043, 1680, 692, 796, 1659]"
4149,"[1900, 1917, 408, 216, 1592]"
4150,"[1030, 1560, 1042, 1561, 1915]"
4151,"[1027, 670, 1031, 1912, 927]"
4152,"[165, 249, 243, 251, 244]"
4153,"[1042, 921, 164, 165, 1825]"
4154,"[1915, 618, 1902, 1536, 408]"
4155,"[1045, 1592, 1591, 1619, 1042]"
4156,"[165, 1135, 1202, 410, 921]"
4157,"[1370, 1915, 490, 1473, 1592]"
4158,"[1915, 1045, 677, 1031, 1592]"
4159,"[1919, 1362, 956, 1379, 857]"
4160,"[834, 1935, 1705, 1704, 719]"
4161,"[938, 454, 1924, 901, 1705]"
4162,"[1048, 1906, 1606, 1899, 1029]"
4163,"[419, 1536, 406, 407, 162]"
4164,"[1915, 1924, 1193, 1536, 455]"
4165,"[1915, 114, 359, 1042, 361]"
4166,"[1915, 1042, 1620, 1591, 417]"
4167,"[1014, 1592, 1929, 1590, 55]"
4168,"[1014, 1929, 1406, 1592, 1458]"
4169,"[1163, 1398, 1704, 1014, 1705]"
4170,"[1915, 1894, 125, 1676, 1607]"
4171,"[1014, 692, 1637, 1191, 1607]"
4172,"[1014, 1511, 1508, 1509, 1592]"
4173,"[1606, 1896, 1100, 1192, 1611]"
4174,"[1134, 1526, 1723, 1899, 309]"
4175,"[67, 1649, 1046, 1592, 1590]"
4176,"[1924, 374, 1705, 1899, 1704]"
4177,"[1832, 1389, 1825, 1592, 1338]"
4178,"[1042, 1014, 165, 1915, 1592]"
4179,"[1046, 1628, 785, 778, 1182]"
4180,"[1517, 1205, 1607, 1608, 271]"
4181,"[1592, 1828, 1837, 1833, 1590]"
4182,"[692, 1592, 1929, 48, 1704]"
4183,"[1586, 1014, 1607, 1929, 427]"
4184,"[1929, 1592, 1014, 1590, 197]"
4185,"[1929, 1511, 1836, 1592, 1873]"
4186,"[869, 882, 880, 876, 1746]"
4187,"[1723, 480, 1704, 858, 1705]"
4188,"[1705, 1014, 543, 903, 1873]"
4189,"[1014, 1929, 511, 114, 1704]"
4190,"[1900, 1902, 1915, 478, 216]"
4191,"[886, 1042, 165, 1613, 1894]"
4192,"[1043, 1705, 1704, 796, 903]"
4193,"[1042, 1915, 1049, 408, 359]"
4194,"[408, 1788, 1792, 125, 1924]"
4195,"[1929, 543, 89, 1705, 1014]"
4196,"[1042, 1608, 1924, 1607, 1586]"
4197,"[1154, 1592, 604, 823, 739]"
4198,"[926, 1929, 455, 1592, 1906]"
4199,"[1592, 1607, 218, 1894, 1613]"
4200,"[1915, 1924, 125, 1676, 455]"
4201,"[1607, 1014, 480, 1157, 1608]"
4202,"[862, 368, 1014, 1592, 1929]"
4203,"[1612, 1778, 1805, 1762, 1758]"
4204,"[164, 1607, 1705, 1042, 1704]"
4205,"[1042, 1043, 1590, 796, 1592]"
4206,"[479, 1784, 160, 903, 919]"
4207,"[287, 377, 1929, 408, 778]"
4208,"[1014, 1894, 1607, 1157, 1608]"
4209,"[165, 164, 677, 1915, 1746]"
4210,"[1915, 371, 1836, 1592, 1929]"
4211,"[1055, 980, 259, 211, 982]"
4212,"[1836, 1833, 1837, 1828, 1825]"
4213,"[1055, 933, 1809, 1705, 1704]"
4214,"[919, 925, 164, 928, 924]"
4215,"[933, 1055, 1809, 1705, 1193]"
4216,"[571, 566, 1750, 567, 563]"
4217,"[1055, 259, 1049, 982, 211]"
4218,"[1902, 1334, 408, 1915, 1704]"
4219,"[931, 174, 175, 176, 938]"
4220,"[1915, 968, 1659, 171, 1863]"
4221,"[933, 1809, 1053, 930, 74]"
4222,"[1915, 1900, 408, 1042, 868]"
4223,"[1809, 933, 1873, 1836, 1832]"
4224,"[1055, 259, 1049, 982, 211]"
4225,"[408, 222, 261, 262, 1009]"
4226,"[886, 862, 368, 1697, 455]"
4227,"[1055, 1495, 262, 1013, 267]"
4228,"[1055, 1495, 925, 165, 919]"
4229,"[1836, 1873, 1030, 150, 1832]"
4230,"[1055, 259, 998, 980, 1672]"
4231,"[575, 1299, 571, 562, 1055]"
4232,"[1053, 1842, 1853, 74, 1849]"
4233,"[930, 1053, 1853, 1842, 749]"
4234,"[1055, 1495, 972, 1924, 971]"
4235,"[1435, 1809, 1358, 1486, 1446]"
4236,"[1935, 1828, 1833, 1837, 261]"
4237,"[1077, 219, 408, 396, 1046]"
4238,"[268, 261, 230, 1705, 1704]"
4239,"[261, 267, 266, 239, 238]"
4240,"[933, 1495, 1193, 164, 1055]"
4241,"[1858, 1047, 1421, 523, 1919]"
4242,"[259, 1317, 837, 1825, 1873]"
4243,"[408, 222, 1049, 1715, 1917]"
4244,"[862, 368, 1038, 405, 1930]"
4245,"[1929, 1030, 911, 1697, 920]"
4246,"[1055, 259, 442, 1636, 1153]"
4247,"[1055, 980, 403, 1666, 902]"
4248,"[1055, 211, 1049, 982, 259]"
4249,"[245, 1055, 1495, 1752, 925]"
4250,"[1363, 1832, 1836, 1873, 165]"
4251,"[1055, 1048, 259, 216, 823]"
4252,"[195, 1052, 1592, 1742, 990]"
4253,"[1077, 403, 823, 1733, 1030]"
4254,"[957, 1316, 959, 1754, 143]"
4255,"[1915, 1548, 1030, 1545, 125]"
4256,"[790, 1046, 1915, 216, 1666]"
4257,"[1825, 1302, 1836, 1704, 1832]"
4258,"[51, 1863, 1590, 1935, 927]"
4259,"[1705, 1704, 1904, 719, 728]"
4260,"[1757, 1776, 749, 903, 972]"
4261,"[1915, 408, 1900, 216, 930]"
4262,"[159, 937, 938, 1042, 921]"
4263,"[1900, 1666, 1902, 1649, 1917]"
4264,"[1666, 1338, 1836, 1649, 1832]"
4265,"[885, 543, 1704, 1026, 1043]"
4266,"[159, 937, 1042, 921, 165]"
4267,"[1906, 1649, 677, 1026, 885]"
4268,"[1030, 1900, 1560, 1809, 1080]"
4269,"[1836, 1863, 1935, 927, 1590]"
4270,"[1612, 1666, 1030, 1915, 1626]"
4271,"[303, 624, 1666, 1915, 1598]"
4272,"[1500, 1495, 1332, 1302, 1026]"
4273,"[1027, 903, 1626, 1915, 1029]"
4274,"[1666, 1026, 1046, 1756, 1042]"
4275,"[1902, 216, 408, 1590, 1026]"
4276,"[222, 1248, 412, 612, 114]"
4277,"[1915, 402, 42, 1659, 216]"
4278,"[885, 969, 976, 728, 1757]"
4279,"[1825, 1299, 1705, 1704, 406]"
4280,"[1933, 1061, 1915, 1154, 1918]"
4281,"[1915, 271, 206, 968, 972]"
4282,"[1855, 677, 1861, 232, 1092]"
4283,"[1915, 677, 1667, 823, 1096]"
4284,"[1046, 1026, 1042, 1915, 408]"
4285,"[1766, 1027, 1302, 511, 1906]"
4286,"[885, 1026, 954, 212, 1666]"
4287,"[1836, 270, 1873, 1832, 915]"
4288,"[921, 1042, 1046, 1014, 938]"
4289,"[1042, 1906, 1046, 1055, 1026]"
4290,"[1915, 677, 1025, 1590, 1438]"
4291,"[1705, 1704, 1753, 1043, 1218]"
4292,"[1915, 163, 937, 1916, 1193]"
4293,"[1077, 1828, 1833, 1837, 1825]"
4294,"[1666, 1649, 1046, 719, 1042]"
4295,"[1918, 1666, 976, 1591, 969]"
4296,"[1915, 677, 1666, 1620, 1042]"
4297,"[1026, 1776, 1757, 1612, 282]"
4298,"[1900, 1917, 1649, 1666, 1344]"
4299,"[616, 7, 1721, 327, 443]"
4300,"[430, 1192, 97, 1935, 1260]"
4301,"[616, 618, 443, 485, 288]"
4302,"[126, 1608, 1704, 1705, 788]"
4303,"[777, 630, 783, 1317, 111]"
4304,"[1070, 1704, 1705, 454, 1761]"
4305,"[1642, 887, 258, 681, 1721]"
4306,"[692, 1893, 165, 1890, 89]"
4307,"[126, 739, 814, 56, 813]"
4308,"[324, 1704, 1760, 1761, 1191]"
4309,"[1924, 1070, 1523, 478, 1906]"
4310,"[1607, 1904, 1599, 1316, 1878]"
4311,"[1662, 1704, 1192, 1705, 675]"
4312,"[1902, 1900, 1917, 408, 1133]"
4313,"[1242, 1705, 1760, 1704, 1761]"
4314,"[1567, 1873, 1836, 466, 1030]"
4315,"[1773, 368, 47, 1050, 199]"
4316,"[1600, 1704, 1063, 1705, 706]"
4317,"[1076, 478, 1924, 1077, 783]"
4318,"[1761, 1760, 1884, 1704, 1705]"
4319,"[1902, 1704, 1900, 1552, 408]"
4320,"[900, 1249, 783, 1906, 1924]"
4321,"[440, 704, 777, 711, 783]"
4322,"[445, 114, 116, 1248, 887]"
4323,"[335, 703, 1760, 689, 1761]"
4324,"[1187, 1030, 387, 652, 1033]"
4325,"[700, 1115, 806, 887, 1248]"
4326,"[1704, 1705, 258, 673, 1133]"
4327,"[478, 1924, 454, 1704, 1611]"
4328,"[357, 1906, 885, 1924, 719]"
4329,"[1929, 1704, 1705, 1442, 406]"
4330,"[461, 1705, 1722, 583, 454]"
4331,"[1937, 1924, 1705, 1523, 454]"
4332,"[279, 277, 273, 137, 274]"
4333,"[1599, 657, 1050, 154, 618]"
4334,"[440, 692, 324, 1760, 159]"
4335,"[1884, 1760, 1705, 1562, 1191]"
4336,"[1705, 1906, 1924, 778, 926]"
4337,"[1281, 1147, 616, 379, 1064]"
4338,"[1636, 258, 1721, 1544, 1908]"
4339,"[163, 1773, 164, 1063, 739]"
4340,"[1273, 1704, 1705, 679, 1442]"
4341,"[996, 1056, 992, 250, 1248]"
4342,"[691, 641, 1581, 885, 1599]"
4343,"[333, 324, 319, 1695, 692]"
4344,"[697, 585, 586, 577, 592]"
4345,"[922, 1833, 1837, 1828, 1935]"
4346,"[1145, 333, 1639, 46, 292]"
4347,"[376, 1705, 677, 1704, 34]"
4348,"[1732, 1705, 1704, 126, 794]"
4349,"[164, 1462, 919, 1752, 52]"
4350,"[1902, 408, 1900, 114, 1917]"
4351,"[1155, 1133, 114, 320, 89]"
4352,"[1155, 1894, 281, 1824, 1890]"
4353,"[1700, 1902, 1705, 1704, 637]"
4354,"[1246, 1772, 1705, 1704, 126]"
4355,"[171, 89, 165, 1526, 897]"
4356,"[274, 377, 447, 1273, 361]"
4357,"[629, 1100, 335, 409, 1041]"
4358,"[1670, 98, 749, 1298, 164]"
4359,"[1746, 98, 628, 97, 96]"
4360,"[658, 102, 1192, 65, 1670]"
4361,"[658, 665, 629, 281, 1155]"
4362,"[281, 277, 206, 1926, 1768]"
4363,"[281, 1615, 1559, 73, 665]"
4364,"[46, 1705, 1704, 1924, 558]"
4365,"[1786, 277, 1603, 862, 606]"
4366,"[1313, 102, 98, 793, 749]"
4367,"[291, 1552, 279, 171, 272]"
4368,"[1313, 1628, 665, 102, 98]"
4369,"[925, 1902, 983, 1700, 171]"
4370,"[1030, 296, 1915, 1155, 1070]"
4371,"[1902, 1073, 1670, 666, 98]"
4372,"[1199, 102, 98, 793, 749]"
4373,"[1201, 1700, 1746, 98, 124]"
4374,"[102, 409, 658, 667, 629]"
4375,"[1073, 1560, 677, 409, 1135]"
4376,"[1696, 1676, 277, 116, 1610]"
4377,"[1633, 53, 66, 1617, 267]"
4378,"[291, 43, 44, 1705, 1614]"
4379,"[658, 665, 875, 1889, 66]"
4380,"[281, 1024, 1911, 1925, 1675]"
4381,"[409, 102, 1155, 171, 665]"
4382,"[1411, 927, 1592, 1863, 787]"
4383,"[665, 1705, 1704, 1826, 510]"
4384,"[1705, 1733, 1554, 1165, 1519]"
4385,"[1144, 1145, 333, 1639, 1697]"
4386,"[333, 334, 707, 1434, 528]"
4387,"[335, 1001, 865, 118, 863]"
4388,"[1878, 1707, 12, 7, 802]"
4389,"[863, 1747, 865, 314, 749]"
4390,"[1747, 863, 865, 314, 1693]"
4391,"[314, 313, 1923, 1747, 863]"
4392,"[637, 651, 653, 657, 654]"
4393,"[1923, 863, 1747, 865, 118]"
4394,"[284, 720, 265, 1154, 171]"
4395,"[334, 314, 333, 339, 1923]"
4396,"[314, 863, 1747, 865, 242]"
4397,"[863, 1747, 865, 1923, 749]"
4398,"[59, 1923, 863, 865, 1747]"
4399,"[28, 98, 452, 125, 171]"
4400,"[1923, 314, 118, 864, 7]"
4401,"[314, 1923, 528, 1507, 1695]"
4402,"[1747, 863, 865, 313, 1598]"
4403,"[118, 749, 121, 1887, 1746]"
4404,"[863, 1747, 865, 314, 118]"
4405,"[865, 1747, 863, 314, 1693]"
4406,"[1747, 863, 865, 314, 59]"
4407,"[1923, 314, 118, 864, 1019]"
4408,"[1923, 863, 1747, 865, 314]"
4409,"[863, 865, 1747, 314, 78]"
4410,"[1923, 863, 865, 1747, 796]"
4411,"[314, 1900, 1902, 422, 1192]"
4412,"[865, 863, 1747, 1792, 1923]"
4413,"[59, 314, 865, 1747, 863]"
4414,"[313, 863, 1923, 1747, 865]"
4415,"[289, 1032, 114, 1704, 926]"
4416,"[1923, 118, 864, 314, 1693]"
4417,"[313, 1747, 865, 863, 314]"
4418,"[314, 1747, 863, 865, 1608]"
4419,"[313, 865, 1747, 863, 1923]"
4420,"[1747, 314, 863, 865, 1925]"
4421,"[1900, 430, 290, 1543, 1863]"
4422,"[863, 865, 1747, 314, 59]"
4423,"[863, 865, 1747, 1923, 1598]"
4424,"[865, 1747, 863, 59, 1746]"
4425,"[314, 865, 1747, 863, 118]"
4426,"[1115, 313, 1028, 314, 1923]"
4427,"[314, 1923, 1747, 863, 313]"
4428,"[1923, 863, 1747, 865, 749]"
4429,"[1923, 1705, 1704, 926, 1617]"
4430,"[1915, 927, 1351, 1863, 1795]"
4431,"[1922, 1897, 1567, 1586, 16]"
4432,"[1157, 678, 1899, 690, 455]"
4433,"[1896, 1922, 1897, 1705, 291]"
4434,"[1704, 1922, 1897, 454, 321]"
4435,"[1922, 1897, 114, 455, 1567]"
4436,"[455, 16, 1567, 114, 1884]"
4437,"[1704, 1461, 114, 535, 1705]"
4438,"[455, 1191, 1726, 1567, 16]"
4439,"[926, 869, 882, 877, 880]"
4440,"[1704, 1705, 1807, 1191, 1567]"
4441,"[1924, 478, 919, 1884, 114]"
4442,"[535, 1929, 1567, 16, 114]"
4443,"[114, 1636, 926, 1567, 1192]"
4444,"[1704, 1191, 1705, 1807, 1567]"
4445,"[535, 1726, 1929, 1567, 1890]"
4446,"[58, 57, 54, 1567, 1191]"
4447,"[1929, 455, 1704, 1191, 1705]"
4448,"[291, 1307, 1064, 464, 1704]"
4449,"[16, 1567, 114, 110, 1611]"
4450,"[926, 1618, 1567, 1705, 89]"
4451,"[455, 454, 1704, 1567, 507]"
4452,"[1567, 1615, 1896, 321, 1586]"
4453,"[455, 16, 1567, 114, 1191]"
4454,"[1618, 862, 455, 1567, 7]"
4455,"[1611, 1567, 1192, 16, 114]"
4456,"[1922, 1897, 1567, 1896, 1906]"
4457,"[1924, 114, 464, 1567, 16]"
4458,"[455, 1567, 1772, 1611, 114]"
4459,"[375, 1671, 1929, 811, 535]"
4460,"[1071, 114, 1899, 409, 102]"
4461,"[1897, 390, 1567, 1726, 1191]"
4462,"[1705, 114, 1769, 1567, 1457]"
4463,"[1704, 1705, 16, 1567, 114]"
4464,"[1192, 455, 368, 1705, 1906]"
4465,"[1896, 1906, 321, 1567, 1586]"
4466,"[1899, 1726, 390, 1567, 1191]"
4467,"[1705, 1072, 1567, 1880, 379]"
4468,"[276, 114, 1567, 1924, 1884]"
4469,"[1192, 1567, 16, 467, 114]"
4470,"[1526, 1928, 1899, 1910, 1567]"
4471,"[1896, 89, 175, 163, 1627]"
4472,"[464, 1307, 1899, 1567, 223]"
4473,"[1705, 888, 1567, 16, 114]"
4474,"[1906, 1758, 1762, 1567, 1704]"
4475,"[1896, 1613, 862, 455, 1894]"
4476,"[1490, 1670, 768, 765, 1733]"
4477,"[455, 368, 1896, 1613, 1705]"
4478,"[455, 1157, 368, 862, 1113]"
4479,"[1607, 1608, 511, 1704, 1873]"
4480,"[1157, 368, 372, 1567, 455]"
4481,"[511, 1704, 1490, 1705, 1809]"
4482,"[1705, 1922, 1897, 1567, 1704]"
4483,"[368, 455, 1613, 1904, 1896]"
4484,"[1705, 1896, 1761, 1704, 1760]"
4485,"[1746, 372, 1192, 1567, 1733]"
4486,"[1758, 1567, 1192, 1762, 1611]"
4487,"[1824, 1870, 1705, 1704, 1874]"
4488,"[372, 1636, 1704, 1894, 1613]"
4489,"[1072, 1705, 1567, 1618, 1760]"
4490,"[1072, 1705, 1567, 1704, 1760]"
4491,"[1904, 677, 1761, 1762, 1775]"
4492,"[1607, 1157, 1517, 1613, 1259]"
4493,"[1896, 1608, 1607, 1517, 1618]"
4494,"[1072, 1620, 1607, 372, 1567]"
4495,"[1613, 1705, 1542, 1704, 1530]"
4496,"[1607, 1924, 1157, 1608, 89]"
4497,"[368, 1924, 1204, 446, 862]"
4498,"[1705, 1907, 1704, 819, 1760]"
4499,"[455, 1896, 862, 368, 1905]"
4500,"[368, 1721, 372, 108, 1072]"
4501,"[1249, 1607, 1704, 1705, 1765]"
4502,"[1705, 1067, 1704, 1747, 60]"
4503,"[1157, 259, 1607, 1567, 1896]"
4504,"[594, 1513, 1772, 542, 595]"
4505,"[1604, 1607, 985, 983, 984]"
4506,"[1896, 1192, 1567, 1608, 1922]"
4507,"[933, 677, 1067, 372, 1705]"
4508,"[1065, 136, 872, 1063, 904]"
4509,"[1157, 372, 1035, 1072, 1733]"
4510,"[1896, 1157, 1613, 1607, 1904]"
4511,"[1613, 1894, 1530, 372, 1542]"
4512,"[372, 1157, 368, 1113, 455]"
4513,"[1604, 1567, 1592, 455, 1607]"
4514,"[368, 372, 1896, 1613, 455]"
4515,"[1607, 135, 372, 1704, 901]"
4516,"[677, 1899, 1775, 1924, 1567]"
4517,"[1613, 1705, 1072, 1704, 1620]"
4518,"[677, 1567, 1896, 455, 1191]"
4519,"[1065, 287, 1058, 1284, 411]"
4520,"[443, 1787, 1733, 1786, 1082]"
4521,"[445, 605, 807, 125, 263]"
4522,"[1929, 1517, 1641, 1608, 57]"
4523,"[618, 1022, 89, 1676, 29]"
4524,"[269, 28, 1613, 614, 1586]"
4525,"[1134, 379, 1727, 969, 28]"
4526,"[1828, 1837, 1833, 430, 1260]"
4527,"[28, 969, 1191, 971, 978]"
4528,"[563, 564, 1459, 1924, 1705]"
4529,"[1878, 1707, 1708, 1246, 73]"
4530,"[263, 1019, 1155, 1121, 1586]"
4531,"[75, 1880, 1459, 1704, 1176]"
4532,"[276, 1705, 969, 1704, 1191]"
4533,"[933, 1821, 1851, 1850, 1822]"
4534,"[649, 835, 256, 906, 269]"
4535,"[1878, 1707, 1459, 1705, 558]"
4536,"[7, 1697, 445, 641, 1459]"
4537,"[1704, 1705, 1758, 1761, 1924]"
4538,"[805, 807, 128, 60, 474]"
4539,"[611, 1613, 969, 276, 1063]"
4540,"[1586, 1599, 1615, 285, 1019]"
4541,"[1059, 306, 358, 1786, 1268]"
4542,"[120, 28, 128, 901, 139]"
4543,"[739, 1792, 790, 263, 1793]"
4544,"[1288, 7, 304, 1787, 606]"
4545,"[969, 971, 208, 978, 968]"
4546,"[1283, 250, 700, 1155, 437]"
4547,"[1792, 443, 1789, 1790, 1788]"
4548,"[1828, 1863, 63, 1935, 430]"
4549,"[611, 969, 614, 40, 20]"
4550,"[480, 692, 1705, 1704, 1826]"
4551,"[1878, 1707, 285, 269, 1019]"
4552,"[116, 625, 1770, 613, 660]"
4553,"[269, 999, 285, 848, 223]"
4554,"[263, 1121, 1610, 1205, 271]"
4555,"[1201, 1462, 452, 1893, 1697]"
4556,"[349, 269, 1787, 1785, 631]"
4557,"[139, 320, 1191, 921, 273]"
4558,"[1060, 969, 7, 1159, 1697]"
4559,"[28, 1176, 216, 1704, 1641]"
4560,"[1155, 1022, 1121, 114, 835]"
4561,"[1157, 1608, 969, 1607, 1544]"
4562,"[835, 1733, 374, 1296, 87]"
4563,"[443, 1610, 1656, 43, 44]"
4564,"[1902, 1900, 408, 1552, 1917]"
4565,"[1705, 1704, 1906, 1249, 823]"
4566,"[1071, 811, 1748, 103, 868]"
4567,"[1915, 596, 598, 600, 574]"
4568,"[1900, 1902, 1917, 369, 1561]"
4569,"[1705, 478, 1762, 1704, 1758]"
4570,"[1158, 1523, 1542, 1562, 1558]"
4571,"[1929, 1592, 408, 1928, 1248]"
4572,"[1252, 1915, 1302, 1705, 1704]"
4573,"[1080, 438, 1636, 432, 1263]"
4574,"[478, 1924, 1906, 926, 1306]"
4575,"[1900, 478, 1285, 425, 289]"
4576,"[409, 1640, 28, 1692, 607]"
4577,"[1917, 1915, 890, 408, 125]"
4578,"[1900, 1915, 1917, 1543, 1705]"
4579,"[1587, 1191, 1904, 1192, 43]"
4580,"[427, 440, 480, 1540, 111]"
4581,"[478, 1588, 1529, 1526, 1556]"
4582,"[1900, 1915, 1543, 1193, 1704]"
4583,"[428, 1091, 1148, 331, 371]"
4584,"[1924, 1123, 303, 485, 1307]"
4585,"[1915, 1536, 1192, 1704, 1088]"
4586,"[102, 409, 98, 1746, 97]"
4587,"[409, 102, 1906, 1137, 421]"
4588,"[1302, 1825, 1873, 1299, 1836]"
4589,"[1257, 1906, 409, 102, 1137]"
4590,"[106, 1344, 1607, 1917, 1193]"
4591,"[1549, 1861, 1855, 1620, 1540]"
4592,"[1915, 1705, 1704, 286, 1607]"
4593,"[1073, 478, 1072, 607, 616]"
4594,"[1906, 1116, 1611, 1610, 1528]"
4595,"[1900, 1902, 1917, 1705, 455]"
4596,"[478, 1705, 1775, 1567, 1704]"
4597,"[1915, 1899, 1627, 1526, 1905]"
4598,"[1607, 1896, 379, 1192, 1608]"
4599,"[1924, 1922, 1897, 478, 677]"
4600,"[1916, 403, 1906, 1931, 1249]"
4601,"[1924, 1607, 1548, 1893, 765]"
4602,"[1915, 1917, 216, 1899, 1536]"
4603,"[1915, 409, 102, 96, 97]"
4604,"[95, 1612, 1615, 1620, 1762]"
4605,"[1705, 1704, 1765, 1777, 1809]"
4606,"[96, 97, 1762, 1899, 1526]"
4607,"[1704, 1924, 1915, 1705, 60]"
4608,"[446, 1080, 433, 1636, 438]"
4609,"[223, 1086, 1079, 1807, 309]"
4610,"[1825, 1832, 1916, 1279, 1919]"
4611,"[1279, 102, 1821, 1838, 1841]"
4612,"[294, 360, 1160, 90, 1666]"
4613,"[1915, 1807, 890, 1604, 455]"
4614,"[1279, 293, 431, 1096, 1099]"
4615,"[1928, 1178, 1906, 1279, 1091]"
4616,"[1607, 1704, 1836, 1873, 1705]"
4617,"[125, 1659, 116, 89, 1928]"
4618,"[1705, 1704, 1677, 1191, 624]"
4619,"[904, 102, 1915, 128, 772]"
4620,"[1199, 1828, 1833, 1837, 1482]"
4621,"[408, 1607, 1659, 1807, 1279]"
4622,"[1279, 1936, 1277, 1295, 1086]"
4623,"[1915, 1102, 1076, 1279, 1677]"
4624,"[1936, 433, 1107, 1279, 448]"
4625,"[1129, 1279, 302, 1104, 1928]"
4626,"[1279, 1603, 1915, 1786, 1787]"
4627,"[97, 96, 1915, 1793, 1792]"
4628,"[1279, 1807, 1915, 926, 403]"
4629,"[1279, 1915, 1936, 1148, 1277]"
4630,"[1636, 433, 1726, 1906, 410]"
4631,"[1279, 1742, 1807, 1522, 73]"
4632,"[1705, 403, 902, 606, 1041]"
4633,"[1915, 1611, 1279, 1191, 1705]"
4634,"[1766, 1915, 1792, 857, 1793]"
4635,"[1915, 1279, 1169, 403, 1603]"
4636,"[1928, 1178, 1522, 1807, 432]"
4637,"[442, 1900, 1902, 1752, 1851]"
4638,"[1936, 1279, 1295, 1277, 433]"
4639,"[1279, 777, 1705, 552, 783]"
4640,"[1197, 1167, 1915, 1807, 1172]"
4641,"[1915, 1807, 1617, 1936, 926]"
4642,"[1704, 1915, 1412, 502, 522]"
4643,"[1279, 1807, 1607, 1102, 1659]"
4644,"[1936, 1277, 1086, 1617, 89]"
4645,"[1677, 1673, 128, 892, 1676]"
4646,"[1485, 1750, 1279, 1247, 412]"
4647,"[1279, 1607, 1659, 432, 1906]"
4648,"[1279, 1704, 432, 1906, 1705]"
4649,"[1915, 1279, 862, 1603, 1786]"
4650,"[360, 1807, 1742, 1543, 617]"
4651,"[1313, 46, 1607, 677, 1552]"
4652,"[474, 1923, 1674, 1119, 866]"
4653,"[69, 1915, 171, 1269, 618]"
4654,"[1902, 1552, 1900, 1543, 1917]"
4655,"[1915, 1828, 1833, 1837, 1836]"
4656,"[443, 921, 1269, 938, 46]"
4657,"[1900, 1543, 1887, 749, 1705]"
4658,"[1902, 1552, 1543, 1313, 1887]"
4659,"[1029, 618, 1077, 69, 1052]"
4660,"[1882, 423, 1244, 1751, 242]"
4661,"[568, 566, 563, 571, 564]"
4662,"[575, 1485, 1511, 430, 1490]"
4663,"[1258, 1256, 936, 430, 1260]"
4664,"[1055, 1118, 866, 46, 1313]"
4665,"[46, 821, 909, 1761, 1313]"
4666,"[1599, 1586, 1615, 1196, 1522]"
4667,"[46, 402, 126, 1269, 1889]"
4668,"[1878, 1707, 114, 1749, 360]"
4669,"[430, 1902, 1256, 1863, 1935]"
4670,"[1772, 441, 361, 1885, 1538]"
4671,"[46, 1522, 1201, 258, 632]"
4672,"[1796, 1704, 1705, 748, 842]"
4673,"[868, 1748, 1915, 417, 98]"
4674,"[376, 677, 441, 903, 1269]"
4675,"[1915, 1924, 478, 1269, 1817]"
4676,"[468, 479, 1607, 1704, 726]"
4677,"[1502, 624, 514, 282, 903]"
4678,"[1320, 60, 1700, 126, 420]"
4679,"[692, 926, 624, 610, 1894]"
4680,"[1836, 1873, 1253, 1865, 1902]"
4681,"[1063, 7, 1187, 128, 1568]"
4682,"[1575, 734, 727, 1650, 726]"
4683,"[1607, 441, 1608, 1896, 1517]"
4684,"[291, 356, 748, 844, 1073]"
4685,"[1733, 46, 900, 258, 959]"
4686,"[1473, 1809, 206, 208, 978]"
4687,"[452, 1655, 1704, 1300, 1873]"
4688,"[1900, 1915, 1543, 1269, 408]"
4689,"[1247, 1313, 417, 1704, 530]"
4690,"[878, 922, 1915, 1924, 1748]"
4691,"[1274, 307, 308, 91, 1100]"
4692,"[1651, 1649, 1611, 1343, 824]"
4693,"[1900, 443, 1543, 1269, 1638]"
4694,"[934, 928, 164, 174, 175]"
4695,"[468, 135, 1705, 1760, 1759]"
4696,"[341, 320, 739, 1179, 1182]"
4697,"[514, 1710, 1287, 828, 1570]"
4698,"[1895, 828, 927, 1863, 1935]"
4699,"[1611, 1630, 90, 1760, 1363]"
4700,"[1015, 828, 1785, 1895, 1570]"
4701,"[484, 1902, 1917, 1900, 1552]"
4702,"[1922, 1897, 29, 165, 89]"
4703,"[397, 276, 1178, 1705, 386]"
4704,"[368, 1905, 1627, 455, 1192]"
4705,"[1249, 165, 29, 623, 125]"
4706,"[828, 468, 58, 57, 54]"
4707,"[430, 1772, 1260, 1256, 1828]"
4708,"[1844, 1851, 1850, 677, 1785]"
4709,"[1915, 1192, 677, 1622, 308]"
4710,"[1030, 286, 1029, 1302, 1929]"
4711,"[45, 368, 1246, 1248, 1675]"
4712,"[441, 1570, 1746, 1192, 16]"
4713,"[1922, 1897, 364, 1615, 527]"
4714,"[1246, 1708, 216, 1915, 876]"
4715,"[379, 1704, 726, 727, 1650]"
4716,"[368, 455, 1100, 1138, 1063]"
4717,"[1570, 216, 1905, 1627, 1306]"
4718,"[441, 442, 1759, 1659, 1764]"
4719,"[1772, 1659, 1246, 1119, 639]"
4720,"[828, 1897, 1922, 73, 527]"
4721,"[1785, 107, 1317, 828, 224]"
4722,"[1488, 1905, 1627, 1527, 787]"
4723,"[769, 755, 742, 756, 747]"
4724,"[441, 1935, 927, 828, 430]"
4725,"[1895, 82, 828, 1287, 1863]"
4726,"[401, 1170, 621, 360, 468]"
4727,"[1157, 379, 1192, 95, 1607]"
4728,"[1488, 787, 1916, 1908, 1544]"
4729,"[73, 903, 468, 1704, 1717]"
4730,"[1922, 1897, 1526, 164, 928]"
4731,"[1756, 468, 1681, 82, 903]"
4732,"[82, 828, 1709, 1703, 1863]"
4733,"[594, 1513, 441, 542, 1651]"
4734,"[1210, 1411, 1213, 927, 1403]"
4735,"[368, 1915, 125, 1618, 455]"
4736,"[73, 1785, 135, 903, 89]"
4737,"[1592, 1896, 82, 1929, 454]"
4738,"[1260, 1256, 430, 1258, 1298]"
4739,"[478, 1924, 1704, 1705, 159]"
4740,"[1772, 381, 688, 1924, 1921]"
4741,"[1915, 441, 1863, 1935, 927]"
4742,"[408, 1902, 1216, 114, 116]"
4743,"[478, 1710, 343, 1897, 1922]"
4744,"[1915, 408, 216, 1704, 116]"
4745,"[649, 478, 296, 1705, 1924]"
4746,"[1900, 1915, 1902, 116, 99]"
4747,"[1902, 116, 1900, 478, 114]"
4748,"[159, 937, 1907, 411, 1884]"
4749,"[478, 1884, 125, 1197, 1924]"
4750,"[1704, 1761, 1705, 478, 1924]"
4751,"[478, 1924, 1297, 96, 97]"
4752,"[789, 1889, 919, 1884, 891]"
4753,"[1704, 1705, 1884, 159, 937]"
4754,"[116, 1915, 1306, 1884, 114]"
4755,"[478, 1924, 1915, 1884, 937]"
4756,"[1704, 1884, 1924, 1192, 114]"
4757,"[116, 478, 1924, 114, 1705]"
4758,"[455, 1614, 1610, 462, 783]"
4759,"[1902, 478, 1924, 114, 1705]"
4760,"[1916, 1928, 1704, 302, 1705]"
4761,"[478, 1924, 98, 1296, 1884]"
4762,"[1915, 116, 1884, 1787, 1792]"
4763,"[116, 1915, 320, 1558, 159]"
4764,"[478, 1924, 1884, 159, 937]"
4765,"[478, 1924, 1915, 1704, 1552]"
4766,"[116, 1924, 1884, 1599, 216]"
4767,"[478, 114, 1742, 1924, 1884]"
4768,"[1704, 1761, 478, 1705, 1924]"
4769,"[1434, 1924, 478, 783, 1884]"
4770,"[478, 114, 116, 1924, 125]"
4771,"[1080, 1263, 1924, 1248, 423]"
4772,"[1246, 1884, 1922, 1897, 1604]"
4773,"[938, 89, 1155, 921, 175]"
4774,"[1924, 1113, 309, 126, 329]"
4775,"[675, 1884, 462, 1197, 1605]"
4776,"[137, 454, 1924, 1884, 1922]"
4777,"[1917, 116, 216, 408, 1792]"
4778,"[1246, 478, 454, 1884, 466]"
4779,"[478, 1924, 1404, 430, 1704]"
4780,"[1900, 1902, 114, 1924, 1552]"
4781,"[1936, 1277, 125, 1689, 1297]"
4782,"[1915, 1704, 1924, 1705, 1884]"
4783,"[1788, 58, 57, 54, 1792]"
4784,"[1900, 1704, 1705, 1543, 114]"
4785,"[447, 1637, 692, 1704, 363]"
4786,"[1772, 441, 1704, 1760, 1461]"
4787,"[1773, 691, 1758, 361, 1705]"
4788,"[1897, 1922, 116, 1192, 1297]"
4789,"[478, 1924, 1608, 1704, 1607]"
4790,"[361, 1760, 1182, 1762, 807]"
4791,"[1884, 465, 462, 1197, 116]"
4792,"[361, 116, 446, 1762, 1758]"
4793,"[1900, 114, 807, 1543, 606]"
4794,"[116, 377, 164, 24, 114]"
4795,"[290, 1080, 1675, 1925, 1699]"
4796,"[1599, 1163, 1605, 1750, 1121]"
4797,"[116, 1067, 379, 1747, 1192]"
4798,"[1157, 116, 372, 1917, 1607]"
4799,"[1760, 1063, 1182, 1762, 361]"
4800,"[1705, 1192, 1758, 1760, 1704]"
4801,"[1704, 1405, 371, 546, 446]"
4802,"[1915, 446, 381, 114, 1636]"
4803,"[1599, 18, 782, 1064, 890]"
4804,"[1461, 583, 1662, 1297, 507]"
4805,"[1773, 1192, 1705, 1712, 691]"
4806,"[361, 1762, 1038, 1916, 1042]"
4807,"[1246, 1894, 1313, 492, 1608]"
4808,"[1011, 1192, 1599, 691, 1784]"
4809,"[921, 116, 938, 1884, 320]"
4810,"[1705, 1704, 1924, 478, 1192]"
4811,"[1884, 1636, 116, 1788, 1197]"
4812,"[1915, 221, 1164, 919, 383]"
4813,"[1772, 1884, 1246, 446, 1197]"
4814,"[98, 361, 102, 688, 138]"
4815,"[1915, 1192, 114, 29, 89]"
4816,"[1461, 1760, 1038, 361, 1307]"
4817,"[478, 445, 1924, 274, 139]"
4818,"[1878, 1707, 1615, 1586, 1192]"
4819,"[1772, 1704, 1760, 1762, 1758]"
4820,"[361, 1613, 96, 97, 1922]"
4821,"[1607, 1904, 1773, 1246, 1192]"
4822,"[478, 1924, 1704, 1197, 1604]"
4823,"[1607, 1705, 1773, 1704, 1192]"
4824,"[1461, 1762, 1760, 1307, 361]"
4825,"[137, 1772, 478, 1640, 128]"
4826,"[1705, 1704, 1461, 628, 460]"
4827,"[1008, 322, 926, 365, 1915]"
4828,"[292, 1762, 1758, 1617, 1760]"
4829,"[926, 1249, 677, 1705, 409]"
4830,"[926, 393, 288, 1915, 114]"
4831,"[1906, 1928, 289, 758, 432]"
4832,"[1915, 1202, 410, 1906, 331]"
4833,"[511, 1635, 1704, 175, 1705]"
4834,"[1617, 937, 159, 409, 125]"
4835,"[1762, 292, 1758, 718, 1761]"
4836,"[1915, 1902, 1620, 1704, 1705]"
4837,"[1071, 1704, 868, 1705, 1249]"
4838,"[408, 1157, 1249, 1890, 1588]"
4839,"[289, 1915, 125, 1704, 835]"
4840,"[1915, 510, 1825, 128, 1705]"
4841,"[1915, 408, 1620, 1704, 1705]"
4842,"[937, 1561, 1202, 410, 1748]"
4843,"[97, 96, 409, 1191, 98]"
4844,"[1617, 1155, 292, 1761, 1073]"
4845,"[926, 1617, 1558, 937, 159]"
4846,"[1917, 1034, 125, 862, 455]"
4847,"[926, 125, 1051, 1917, 408]"
4848,"[1902, 380, 1915, 1561, 289]"
4849,"[1906, 1924, 1034, 938, 1528]"
4850,"[1915, 1193, 1344, 1030, 408]"
4851,"[1915, 175, 1025, 926, 1191]"
4852,"[1915, 216, 926, 432, 1901]"
4853,"[1906, 1825, 331, 1277, 164]"
4854,"[1902, 1900, 1618, 408, 1917]"
4855,"[1674, 1927, 460, 1550, 1627]"
4856,"[1618, 292, 1617, 324, 1125]"
4857,"[937, 1618, 165, 1676, 926]"
4858,"[1761, 1762, 980, 211, 1049]"
4859,"[868, 1558, 1748, 926, 1071]"
4860,"[357, 1662, 1613, 1037, 204]"
4861,"[1915, 359, 1193, 1561, 1904]"
4862,"[1618, 1762, 1760, 1761, 1758]"
4863,"[1915, 1528, 1924, 1906, 1024]"
4864,"[1916, 1030, 1906, 1825, 885]"
4865,"[1758, 1752, 1704, 1762, 1705]"
4866,"[1915, 408, 1928, 322, 397]"
4867,"[125, 1917, 1618, 937, 159]"
4868,"[331, 165, 1927, 926, 1041]"
4869,"[1915, 1902, 1073, 1561, 1704]"
4870,"[1915, 926, 1618, 1202, 410]"
4871,"[120, 739, 1177, 1608, 1549]"
4872,"[785, 825, 739, 1733, 829]"
4873,"[825, 408, 1549, 1551, 739]"
4874,"[120, 1113, 826, 1086, 1733]"
4875,"[120, 1923, 408, 739, 1035]"
4876,"[438, 1637, 1081, 1789, 432]"
4877,"[120, 804, 1733, 332, 29]"
4878,"[786, 825, 1924, 1549, 1001]"
4879,"[807, 794, 468, 1313, 1032]"
4880,"[29, 1752, 815, 749, 1875]"
4881,"[120, 378, 636, 1095, 1634]"
4882,"[120, 1634, 218, 65, 217]"
4883,"[787, 408, 1549, 739, 1762]"
4884,"[1733, 624, 75, 120, 1607]"
4885,"[408, 1705, 1792, 1704, 739]"
4886,"[1001, 16, 136, 739, 1924]"
4887,"[1116, 1001, 216, 1191, 1549]"
4888,"[468, 815, 1875, 1292, 1204]"
4889,"[739, 618, 1549, 622, 1551]"
4890,"[1733, 120, 790, 1634, 218]"
4891,"[772, 1733, 1924, 1762, 1588]"
4892,"[120, 1338, 1733, 1406, 412]"
4893,"[120, 1733, 1634, 218, 65]"
4894,"[120, 785, 636, 927, 1634]"
4895,"[1113, 1567, 368, 825, 455]"
4896,"[120, 1733, 216, 815, 1634]"
4897,"[790, 1314, 1406, 1638, 1900]"
4898,"[120, 903, 1659, 116, 1733]"
4899,"[739, 1733, 1191, 1726, 1549]"
4900,"[739, 1726, 1119, 390, 1001]"
4901,"[1733, 815, 1314, 455, 114]"
4902,"[1792, 1001, 1549, 1733, 1899]"
4903,"[154, 1001, 1119, 1191, 1549]"
4904,"[408, 1191, 1705, 322, 1549]"
4905,"[1600, 825, 1549, 29, 125]"
4906,"[7, 804, 610, 216, 618]"
4907,"[739, 815, 47, 1924, 1149]"
4908,"[815, 1733, 1573, 1924, 688]"
4909,"[618, 1549, 739, 1551, 28]"
4910,"[120, 455, 114, 1733, 1705]"
4911,"[1674, 1117, 739, 1923, 1073]"
4912,"[120, 7, 1735, 1792, 618]"
4913,"[1117, 1119, 314, 1116, 1924]"
4914,"[1001, 1191, 1549, 739, 1551]"
4915,"[1141, 478, 97, 89, 292]"
4916,"[408, 114, 1924, 1599, 1705]"
4917,"[1074, 1037, 1531, 1030, 478]"
4918,"[425, 1620, 1659, 164, 1073]"
4919,"[1704, 419, 1620, 1666, 1705]"
4920,"[1071, 868, 1748, 1704, 1705]"
4921,"[1299, 175, 1042, 938, 165]"
4922,"[74, 1705, 114, 1826, 1704]"
4923,"[113, 89, 1612, 1620, 1193]"
4924,"[1495, 1825, 1861, 1023, 1855]"
4925,"[1114, 1751, 1882, 1805, 511]"
4926,"[1659, 1137, 1277, 376, 677]"
4927,"[1586, 356, 1193, 1612, 1752]"
4928,"[74, 1490, 1320, 1809, 1704]"
4929,"[1034, 823, 96, 98, 164]"
4930,"[1511, 1836, 1873, 1704, 1832]"
4931,"[1405, 1193, 1411, 1437, 1479]"
4932,"[1670, 1901, 1251, 1704, 625]"
4933,"[933, 165, 919, 162, 931]"
4934,"[419, 164, 1705, 1666, 1193]"
4935,"[904, 371, 1073, 1434, 1705]"
4936,"[168, 1043, 990, 954, 956]"
4937,"[933, 115, 162, 419, 919]"
4938,"[862, 368, 1704, 1705, 455]"
4939,"[1253, 1256, 1260, 1258, 430]"
4940,"[1705, 1704, 1030, 289, 1607]"
4941,"[1664, 1029, 1752, 1809, 885]"
4942,"[1704, 1705, 1511, 1873, 505]"
4943,"[608, 89, 1041, 1534, 1612]"
4944,"[901, 165, 919, 931, 938]"
4945,"[1620, 1659, 1072, 98, 737]"
4946,"[933, 1704, 1074, 1705, 1620]"
4947,"[1607, 1659, 421, 455, 98]"
4948,"[1922, 1897, 1762, 1192, 1617]"
4949,"[406, 419, 1620, 164, 1326]"
4950,"[933, 165, 1666, 162, 1670]"
4951,"[933, 1705, 1620, 930, 164]"
4952,"[1612, 1705, 73, 1626, 1704]"
4953,"[1620, 243, 244, 226, 251]"
4954,"[933, 165, 162, 919, 924]"
4955,"[1705, 1704, 403, 1300, 1836]"
4956,"[1037, 937, 159, 1889, 1894]"
4957,"[1612, 1704, 1192, 613, 415]"
4958,"[289, 1915, 395, 1068, 1257]"
4959,"[12, 26, 29, 8, 38]"
4960,"[1690, 1126, 125, 1244, 423]"
4961,"[1495, 125, 1244, 423, 1135]"
4962,"[125, 423, 1244, 1690, 1126]"
4963,"[98, 423, 1244, 125, 637]"
4964,"[677, 493, 1915, 1836, 1873]"
4965,"[1027, 1900, 1299, 637, 478]"
4966,"[1704, 1915, 578, 1705, 677]"
4967,"[1855, 1829, 1866, 1135, 677]"
4968,"[575, 566, 125, 571, 564]"
4969,"[1126, 125, 1690, 423, 1244]"
4970,"[125, 1244, 423, 1690, 1677]"
4971,"[1915, 125, 1676, 1344, 1825]"
4972,"[28, 5, 23, 1704, 1705]"
4973,"[1690, 125, 1612, 423, 1244]"
4974,"[1036, 1038, 1063, 1197, 216]"
4975,"[125, 1705, 1690, 423, 1244]"
4976,"[423, 1244, 125, 1702, 1690]"
4977,"[376, 411, 1855, 677, 1861]"
4978,"[1792, 423, 1244, 925, 1733]"
4979,"[1036, 925, 1704, 1900, 423]"
4980,"[1124, 999, 125, 1344, 365]"
4981,"[1690, 125, 902, 1612, 423]"
4982,"[125, 423, 1244, 1690, 1702]"
4983,"[125, 423, 1244, 1702, 1690]"
4984,"[1766, 1704, 73, 751, 753]"
4985,"[125, 423, 1244, 1690, 926]"
4986,"[1746, 919, 677, 1025, 926]"
4987,"[1130, 875, 97, 1696, 1697]"
4988,"[1181, 1675, 1676, 1317, 365]"
4989,"[125, 1244, 423, 1690, 1705]"
4990,"[1855, 125, 1846, 1244, 423]"
4991,"[125, 1244, 423, 1915, 1677]"
4992,"[423, 1244, 125, 1690, 1677]"
4993,"[423, 1244, 125, 1690, 1014]"
4994,"[441, 125, 1733, 423, 1244]"
4995,"[125, 423, 1244, 1690, 1702]"
4996,"[677, 1863, 89, 376, 90]"
4997,"[125, 1244, 423, 571, 1795]"
4998,"[1837, 1833, 1828, 1935, 430]"
4999,"[125, 423, 1244, 1041, 1752]"
5000,"[125, 376, 677, 902, 1126]"
5001,"[1008, 1748, 365, 868, 125]"
5002,"[125, 423, 1244, 1702, 1690]"
5003,"[1924, 478, 1434, 528, 1507]"
5004,"[1915, 478, 1924, 1704, 1030]"
5005,"[1915, 1705, 1704, 865, 1747]"
5006,"[361, 360, 1762, 818, 1760]"
5007,"[1924, 478, 1704, 1705, 1249]"
5008,"[1902, 1915, 1068, 97, 96]"
5009,"[96, 97, 1755, 1902, 1753]"
5010,"[265, 341, 1385, 926, 374]"
5011,"[408, 116, 1704, 1924, 1705]"
5012,"[597, 590, 599, 1450, 1276]"
5013,"[292, 341, 1673, 926, 374]"
5014,"[478, 1924, 1755, 1935, 1828]"
5015,"[1915, 1924, 922, 159, 1704]"
5016,"[1924, 478, 1704, 1752, 1695]"
5017,"[1924, 478, 528, 1507, 1704]"
5018,"[528, 1560, 274, 273, 1507]"
5019,"[341, 1560, 1561, 265, 369]"
5020,"[1704, 1561, 1705, 1525, 1550]"
5021,"[528, 1128, 333, 1507, 1560]"
5022,"[1902, 478, 1704, 1705, 1924]"
5023,"[1755, 1761, 1507, 528, 339]"
5024,"[926, 1073, 265, 1677, 1525]"
5025,"[478, 1792, 1704, 1924, 124]"
5026,"[1924, 1705, 478, 1884, 446]"
5027,"[478, 1924, 1704, 1705, 1760]"
5028,"[1915, 1924, 1696, 290, 165]"
5029,"[1924, 1915, 927, 1511, 1935]"
5030,"[65, 933, 1935, 930, 290]"
5031,"[1915, 1793, 478, 1924, 1789]"
5032,"[789, 1755, 1763, 1753, 1884]"
5033,"[216, 1733, 1790, 1434, 624]"
5034,"[1561, 1885, 1915, 1552, 1753]"
5035,"[1755, 1704, 1705, 1885, 1520]"
5036,"[1828, 430, 1935, 1863, 927]"
5037,"[1705, 1704, 265, 341, 926]"
5038,"[1924, 478, 1792, 1923, 216]"
5039,"[1761, 339, 1695, 334, 1507]"
5040,"[528, 334, 1507, 538, 339]"
5041,"[1915, 1296, 677, 1560, 528]"
5042,"[341, 333, 1560, 1030, 1695]"
5043,"[1915, 1924, 921, 1434, 938]"
5044,"[1915, 1924, 478, 1030, 1704]"
5045,"[1915, 97, 96, 1924, 478]"
5046,"[478, 1924, 624, 1755, 124]"
5047,"[1024, 1705, 1704, 1762, 1434]"
5048,"[1721, 108, 1915, 1192, 1592]"
5049,"[1929, 108, 1721, 1592, 778]"
5050,"[1024, 1618, 900, 926, 97]"
5051,"[1801, 1802, 1799, 1804, 1798]"
5052,"[1491, 1802, 1890, 1804, 1799]"
5053,"[339, 1721, 108, 1724, 1889]"
5054,"[1098, 1411, 1437, 1760, 1479]"
5055,"[1098, 1705, 1760, 1704, 1024]"
5056,"[1024, 1721, 108, 361, 1929]"
5057,"[1929, 1592, 80, 1890, 1721]"
5058,"[376, 1611, 677, 1580, 1610]"
5059,"[505, 1704, 1705, 862, 853]"
5060,"[1024, 697, 857, 1704, 1705]"
5061,"[700, 692, 1617, 1762, 292]"
5062,"[1617, 1762, 1555, 1758, 1761]"
5063,"[1915, 1705, 441, 1875, 95]"
5064,"[1617, 1555, 1192, 292, 1536]"
5065,"[1617, 1655, 292, 926, 478]"
5066,"[1555, 1617, 292, 478, 1924]"
5067,"[1617, 1761, 1760, 1762, 292]"
5068,"[1617, 1762, 1555, 1758, 1761]"
5069,"[292, 1722, 1617, 1762, 1761]"
5070,"[292, 1722, 1617, 692, 1762]"
5071,"[73, 441, 301, 1099, 300]"
5072,"[1617, 900, 1906, 1924, 1937]"
5073,"[1617, 292, 692, 819, 1615]"
5074,"[292, 1722, 1617, 1762, 1758]"
5075,"[1884, 1722, 982, 441, 1890]"
5076,"[441, 789, 1884, 782, 1704]"
5077,"[292, 1762, 1758, 1761, 1617]"
5078,"[1722, 1884, 441, 1312, 782]"
5079,"[292, 1762, 1758, 1617, 1722]"
5080,"[291, 1655, 1705, 1759, 1618]"
5081,"[135, 1567, 1617, 16, 1762]"
5082,"[700, 1617, 292, 1762, 1758]"
5083,"[164, 1201, 98, 163, 97]"
5084,"[1655, 1705, 1758, 1704, 900]"
5085,"[292, 1655, 1617, 1192, 1924]"
5086,"[1617, 926, 1924, 1705, 1704]"
5087,"[1617, 124, 900, 1884, 1550]"
5088,"[455, 1617, 1113, 1761, 368]"
5089,"[1617, 1762, 1555, 1758, 1761]"
5090,"[478, 1924, 454, 1562, 1523]"
5091,"[1704, 1884, 1705, 1677, 1562]"
5092,"[292, 1758, 1762, 1722, 1617]"
5093,"[442, 441, 28, 454, 1675]"
5094,"[1617, 926, 900, 876, 1924]"
5095,"[1655, 1705, 544, 1704, 1758]"
5096,"[1655, 1705, 1704, 900, 1758]"
5097,"[441, 1772, 1246, 1878, 1707]"
5098,"[1617, 1762, 1758, 1555, 478]"
5099,"[1704, 1705, 1697, 466, 1696]"
5100,"[1617, 1762, 292, 1758, 1761]"
5101,"[1722, 1884, 1562, 441, 692]"
5102,"[1617, 900, 926, 1924, 1705]"
5103,"[1617, 926, 1705, 1704, 1618]"
5104,"[292, 1617, 1758, 1722, 454]"
5105,"[1904, 983, 984, 1191, 409]"
5106,"[1567, 1896, 1191, 1618, 1705]"
5107,"[409, 1191, 1587, 102, 1746]"
5108,"[1587, 1627, 1904, 409, 1896]"
5109,"[811, 1192, 1523, 1896, 409]"
5110,"[1892, 43, 1904, 1191, 1554]"
5111,"[96, 97, 409, 98, 102]"
5112,"[1905, 1904, 1602, 1191, 1025]"
5113,"[102, 98, 460, 43, 321]"
5114,"[1627, 1904, 1899, 1613, 409]"
5115,"[291, 1070, 1704, 693, 112]"
5116,"[409, 1904, 1627, 1894, 1613]"
5117,"[1070, 1531, 1713, 291, 112]"
5118,"[98, 102, 1627, 1892, 1587]"
5119,"[1705, 1704, 1924, 522, 1550]"
5120,"[1072, 1241, 1889, 1884, 1896]"
5121,"[1587, 1904, 1905, 1627, 1922]"
5122,"[1567, 1892, 98, 102, 460]"
5123,"[1915, 1892, 43, 1191, 1904]"
5124,"[409, 1746, 1733, 1191, 1904]"
5125,"[1627, 1905, 1587, 1899, 1924]"
5126,"[409, 1587, 460, 102, 98]"
5127,"[1191, 409, 1904, 1587, 460]"
5128,"[1627, 1904, 1906, 409, 113]"
5129,"[1904, 1924, 1906, 1599, 409]"
5130,"[1713, 1893, 1160, 1626, 1556]"
5131,"[1937, 663, 1553, 1924, 1628]"
5132,"[1273, 291, 1931, 447, 1926]"
5133,"[1241, 454, 456, 1273, 418]"
5134,"[1761, 1937, 1760, 1924, 1705]"
5135,"[1761, 1705, 663, 1904, 1273]"
5136,"[1937, 1913, 1924, 1705, 44]"
5137,"[1760, 1705, 1761, 1924, 141]"
5138,"[125, 89, 165, 113, 1677]"
5139,"[1614, 1112, 1070, 455, 1636]"
5140,"[888, 1313, 442, 1192, 1608]"
5141,"[681, 1746, 871, 1199, 1589]"
5142,"[1761, 1760, 1746, 1704, 708]"
5143,"[335, 291, 1070, 1705, 113]"
5144,"[288, 1137, 455, 1610, 1550]"
5145,"[171, 1890, 1887, 1025, 1536]"
5146,"[886, 692, 1192, 1063, 684]"
5147,"[291, 409, 928, 164, 667]"
5148,"[1705, 1406, 1614, 860, 997]"
5149,"[1760, 1758, 291, 1761, 667]"
5150,"[164, 165, 1733, 16, 402]"
5151,"[682, 1112, 1192, 91, 1758]"
5152,"[1240, 860, 1614, 1757, 1776]"
5153,"[1744, 1757, 1776, 1412, 684]"
5154,"[468, 1758, 1772, 1760, 1705]"
5155,"[1705, 1704, 1761, 1760, 599]"
5156,"[1924, 1913, 454, 421, 1614]"
5157,"[1704, 1705, 708, 1677, 454]"
5158,"[415, 7, 1697, 1761, 1696]"
5159,"[89, 29, 1676, 1202, 410]"
5160,"[454, 888, 1896, 1606, 1761]"
5161,"[291, 46, 860, 667, 1595]"
5162,"[1406, 1712, 1656, 1705, 1704]"
5163,"[1656, 291, 667, 590, 587]"
5164,"[1070, 455, 291, 1705, 1713]"
5165,"[1758, 1761, 1762, 1704, 1760]"
5166,"[1705, 1704, 1614, 216, 1611]"
5167,"[1704, 1386, 1070, 291, 113]"
5168,"[28, 113, 112, 1070, 890]"
5169,"[291, 1704, 1746, 112, 113]"
5170,"[1693, 456, 1712, 1913, 1246]"
5171,"[1614, 1636, 455, 1924, 125]"
5172,"[860, 1705, 900, 1904, 1063]"
5173,"[291, 1606, 1704, 1705, 1656]"
5174,"[73, 1704, 1705, 1701, 1246]"
5175,"[1705, 1704, 1712, 558, 1614]"
5176,"[291, 667, 1192, 26, 599]"
5177,"[291, 1386, 112, 1070, 866]"
5178,"[1610, 114, 455, 1614, 116]"
5179,"[291, 925, 1746, 171, 667]"
5180,"[1677, 1656, 454, 432, 1604]"
5181,"[1757, 1776, 684, 1705, 1704]"
5182,"[478, 1924, 1705, 1704, 1717]"
5183,"[1544, 1249, 787, 1704, 3]"
5184,"[478, 1924, 1704, 1705, 477]"
5185,"[691, 1604, 114, 1027, 1789]"
5186,"[1504, 1507, 528, 553, 538]"
5187,"[480, 646, 828, 479, 474]"
5188,"[1704, 1761, 1705, 528, 1128]"
5189,"[511, 514, 528, 1507, 526]"
5190,"[590, 599, 593, 597, 587]"
5191,"[1924, 1377, 478, 786, 1884]"
5192,"[478, 1924, 1199, 1308, 165]"
5193,"[807, 1788, 1789, 1787, 1790]"
5194,"[333, 862, 1705, 1434, 216]"
5195,"[511, 514, 528, 1507, 1434]"
5196,"[1704, 1507, 528, 921, 538]"
5197,"[1434, 538, 1507, 528, 1924]"
5198,"[1705, 1756, 1704, 1755, 1733]"
5199,"[1507, 921, 528, 538, 1704]"
5200,"[1864, 1705, 507, 1757, 1776]"
5201,"[1246, 817, 62, 1119, 1412]"
5202,"[1924, 478, 1884, 1705, 464]"
5203,"[409, 102, 89, 107, 98]"
5204,"[921, 528, 1755, 1507, 938]"
5205,"[1924, 1400, 361, 377, 497]"
5206,"[921, 528, 1507, 1755, 1434]"
5207,"[1310, 1504, 1937, 460, 688]"
5208,"[1924, 478, 919, 1704, 1025]"
5209,"[587, 590, 599, 597, 593]"
5210,"[1704, 1434, 528, 1507, 1705]"
5211,"[1924, 98, 464, 1884, 125]"
5212,"[1758, 1705, 1461, 636, 1760]"
5213,"[1915, 1924, 898, 1677, 98]"
5214,"[1704, 1705, 1760, 1762, 1193]"
5215,"[441, 430, 1828, 1837, 1833]"
5216,"[526, 1507, 528, 538, 1434]"
5217,"[514, 1507, 528, 538, 1434]"
5218,"[478, 1924, 1704, 1705, 659]"
5219,"[1878, 1707, 1246, 1772, 1708]"
5220,"[526, 1705, 1507, 528, 1761]"
5221,"[1704, 1705, 1755, 504, 1885]"
5222,"[478, 1705, 1924, 1704, 1913]"
5223,"[1704, 478, 1915, 1705, 1924]"
5224,"[594, 1513, 1772, 430, 1863]"
5225,"[1712, 1908, 1504, 1705, 1704]"
5226,"[1063, 368, 1134, 411, 43]"
5227,"[1915, 175, 1808, 919, 1935]"
5228,"[165, 903, 927, 925, 931]"
5229,"[1063, 868, 1899, 1792, 455]"
5230,"[1904, 368, 1567, 1643, 455]"
5231,"[1675, 89, 116, 1676, 1911]"
5232,"[43, 1643, 1567, 1704, 1114]"
5233,"[165, 1924, 1534, 89, 1676]"
5234,"[1030, 1528, 1906, 1828, 1935]"
5235,"[1556, 1538, 1523, 1529, 1527]"
5236,"[163, 43, 937, 159, 919]"
5237,"[1904, 1704, 1705, 1899, 1191]"
5238,"[1746, 97, 96, 1909, 1904]"
5239,"[1904, 1025, 1746, 1626, 1927]"
5240,"[1904, 43, 1890, 819, 1191]"
5241,"[1627, 1905, 1587, 1527, 1904]"
5242,"[1905, 1896, 1627, 1527, 692]"
5243,"[1904, 1589, 409, 778, 1906]"
5244,"[1904, 1762, 1746, 1191, 1909]"
5245,"[1620, 1762, 1899, 1612, 1758]"
5246,"[1915, 1526, 1884, 1899, 1529]"
5247,"[1904, 43, 1746, 89, 819]"
5248,"[1904, 1899, 1192, 89, 1746]"
5249,"[1904, 1025, 1746, 1191, 159]"
5250,"[1705, 113, 1534, 530, 890]"
5251,"[819, 1774, 1705, 1704, 1885]"
5252,"[1935, 823, 739, 1828, 1837]"
5253,"[1527, 1538, 1588, 1612, 1556]"
5254,"[1904, 1909, 1191, 1746, 1025]"
5255,"[1904, 43, 89, 1746, 163]"
5256,"[1904, 89, 1746, 98, 819]"
5257,"[919, 1025, 937, 159, 926]"
5258,"[1904, 1519, 1534, 113, 890]"
5259,"[1904, 43, 1899, 89, 1032]"
5260,"[1904, 43, 1746, 1063, 1191]"
5261,"[890, 1526, 1746, 1748, 868]"
5262,"[1529, 1519, 1534, 1489, 1554]"
5263,"[1612, 1620, 1065, 1762, 95]"
5264,"[1915, 1169, 1038, 76, 388]"
5265,"[1043, 1316, 1618, 1887, 447]"
5266,"[1924, 1534, 1519, 1922, 1897]"
5267,"[1922, 1897, 1561, 1520, 1538]"
5268,"[925, 175, 1924, 1916, 1196]"
5269,"[1904, 43, 89, 1783, 819]"
5270,"[1915, 922, 716, 1495, 878]"
5271,"[922, 1833, 1837, 1828, 1863]"
5272,"[1915, 408, 1001, 1698, 125]"
5273,"[96, 98, 1028, 1670, 1040]"
5274,"[749, 171, 927, 1073, 1036]"
5275,"[98, 96, 97, 102, 1855]"
5276,"[1201, 749, 409, 848, 420]"
5277,"[1902, 1900, 749, 1543, 408]"
5278,"[409, 102, 1030, 1853, 1828]"
5279,"[677, 749, 1863, 903, 1828]"
5280,"[1902, 102, 409, 1757, 1776]"
5281,"[876, 869, 880, 437, 1884]"
5282,"[1320, 1012, 126, 124, 1462]"
5283,"[98, 97, 96, 1201, 1073]"
5284,"[98, 96, 97, 163, 102]"
5285,"[409, 171, 1812, 1825, 1915]"
5286,"[1040, 1915, 716, 126, 171]"
5287,"[1902, 1700, 402, 409, 420]"
5288,"[1915, 98, 96, 97, 1924]"
5289,"[102, 1776, 1757, 749, 1698]"
5290,"[1902, 420, 96, 102, 409]"
5291,"[1902, 1776, 1757, 108, 102]"
5292,"[1746, 1197, 749, 1752, 1524]"
5293,"[1902, 1915, 408, 1700, 1917]"
5294,"[98, 1541, 102, 96, 97]"
5295,"[1746, 102, 409, 98, 96]"
5296,"[409, 1700, 1201, 97, 749]"
5297,"[1902, 171, 1776, 1757, 408]"
5298,"[1915, 171, 409, 97, 96]"
5299,"[102, 409, 1197, 1757, 1776]"
5300,"[97, 1201, 171, 1699, 1534]"
5301,"[98, 1073, 334, 1776, 1757]"
5302,"[102, 409, 1130, 1833, 1837]"
5303,"[1746, 409, 925, 102, 97]"
5304,"[1040, 125, 1924, 716, 1219]"
5305,"[409, 102, 1746, 1040, 1518]"
5306,"[102, 409, 97, 96, 1626]"
5307,"[1041, 102, 1197, 409, 1524]"
5308,"[1118, 1700, 1811, 1197, 1462]"
5309,"[1833, 1837, 1828, 1820, 1819]"
5310,"[1902, 1320, 420, 1543, 107]"
5311,"[1902, 1900, 408, 114, 1197]"
5312,"[1902, 420, 102, 409, 716]"
5313,"[1746, 409, 1219, 171, 749]"
5314,"[1915, 935, 926, 1792, 1030]"
5315,"[175, 1924, 165, 1025, 1193]"
5316,"[1202, 410, 937, 175, 1025]"
5317,"[890, 1917, 1902, 113, 165]"
5318,"[1915, 357, 1046, 411, 1649]"
5319,"[1915, 1051, 1060, 1001, 1043]"
5320,"[128, 1193, 1191, 331, 1025]"
5321,"[1299, 928, 1705, 150, 1809]"
5322,"[145, 1917, 408, 1299, 1676]"
5323,"[1511, 1338, 1697, 1836, 1873]"
5324,"[1046, 1915, 347, 972, 824]"
5325,"[739, 1924, 824, 1299, 1590]"
5326,"[1915, 1704, 1705, 956, 1154]"
5327,"[1915, 216, 1063, 890, 1588]"
5328,"[1332, 1659, 490, 1207, 924]"
5329,"[1915, 1916, 216, 1584, 1649]"
5330,"[1915, 966, 1205, 136, 986]"
5331,"[1915, 216, 1438, 1343, 1299]"
5332,"[1363, 1370, 511, 1338, 1704]"
5333,"[927, 1915, 1511, 1836, 1935]"
5334,"[719, 1754, 1158, 357, 1915]"
5335,"[165, 1728, 1927, 1025, 1620]"
5336,"[1071, 925, 938, 1030, 164]"
5337,"[430, 1792, 1863, 1787, 1788]"
5338,"[320, 1704, 1091, 1637, 324]"
5339,"[1158, 823, 1630, 824, 925]"
5340,"[1915, 408, 430, 1256, 1260]"
5341,"[1836, 1873, 1832, 1872, 1076]"
5342,"[1915, 823, 216, 357, 1649]"
5343,"[1158, 165, 1758, 1705, 164]"
5344,"[1299, 163, 165, 175, 1041]"
5345,"[926, 1279, 1620, 1903, 1628]"
5346,"[1861, 1649, 1836, 1873, 1855]"
5347,"[1915, 1899, 485, 1588, 216]"
5348,"[190, 150, 823, 911, 1836]"
5349,"[937, 159, 165, 1924, 113]"
5350,"[1915, 1269, 236, 237, 1003]"
5351,"[150, 1659, 511, 968, 208]"
5352,"[1030, 1049, 1029, 956, 823]"
5353,"[937, 1299, 175, 165, 164]"
5354,"[1915, 408, 1924, 410, 1202]"
5355,"[1917, 1915, 1900, 890, 925]"
5356,"[1915, 408, 1742, 1733, 165]"
5357,"[408, 1148, 1915, 924, 371]"
5358,"[1932, 1894, 18, 1613, 1904]"
5359,"[1932, 1931, 190, 1246, 139]"
5360,"[1705, 1704, 1697, 1760, 1758]"
5361,"[445, 114, 1900, 139, 1916]"
5362,"[1676, 1070, 398, 116, 1675]"
5363,"[1762, 1915, 692, 1705, 1704]"
5364,"[1878, 1707, 757, 762, 758]"
5365,"[1246, 261, 267, 233, 266]"
5366,"[1932, 349, 1029, 1043, 834]"
5367,"[1900, 1915, 1917, 1924, 1543]"
5368,"[1894, 1886, 1249, 1890, 1758]"
5369,"[1337, 661, 1932, 597, 593]"
5370,"[1607, 1613, 1608, 1896, 1157]"
5371,"[1490, 1828, 1833, 1837, 903]"
5372,"[1066, 1705, 1704, 1560, 868]"
5373,"[1704, 1906, 1618, 1705, 1617]"
5374,"[108, 1721, 308, 1766, 1157]"
5375,"[292, 78, 1560, 1068, 782]"
5376,"[1924, 677, 114, 455, 612]"
5377,"[1900, 857, 1543, 1902, 1917]"
5378,"[1900, 1543, 349, 1516, 1561]"
5379,"[677, 1157, 1607, 1894, 1191]"
5380,"[1906, 1894, 677, 125, 1733]"
5381,"[1804, 1900, 1798, 1799, 1801]"
5382,"[807, 1618, 114, 1636, 1192]"
5383,"[478, 1607, 116, 89, 1676]"
5384,"[1607, 1903, 1659, 1192, 926]"
5385,"[1704, 1758, 1761, 1705, 1762]"
5386,"[97, 96, 1758, 1491, 1762]"
5387,"[1299, 1302, 885, 1761, 1760]"
5388,"[587, 1491, 1894, 1617, 903]"
5389,"[1705, 1704, 1472, 1826, 512]"
5390,"[1900, 1917, 1543, 807, 1192]"
5391,"[1902, 1917, 1761, 1640, 858]"
5392,"[368, 1249, 1761, 886, 862]"
5393,"[430, 1828, 1833, 1837, 1863]"
5394,"[891, 1705, 1761, 1758, 1760]"
5395,"[1704, 1705, 1516, 1894, 1760]"
5396,"[1924, 155, 158, 157, 1887]"
5397,"[1772, 98, 1733, 1555, 1788]"
5398,"[1131, 412, 1607, 1157, 1555]"
5399,"[109, 1552, 1924, 1561, 1133]"
5400,"[891, 1101, 1723, 852, 777]"
5401,"[1808, 1837, 1833, 1828, 1900]"
5402,"[1878, 1707, 1246, 1708, 73]"
5403,"[1762, 1758, 1063, 837, 1705]"
5404,"[1070, 291, 890, 165, 113]"
5405,"[89, 1914, 165, 1746, 113]"
5406,"[1759, 466, 458, 1556, 1538]"
5407,"[1924, 89, 165, 1615, 1586]"
5408,"[1537, 1526, 97, 96, 1922]"
5409,"[89, 1615, 1626, 890, 1903]"
5410,"[102, 409, 1924, 1534, 1538]"
5411,"[1772, 1924, 1914, 1898, 533]"
5412,"[1914, 1534, 1520, 1556, 1564]"
5413,"[1537, 1044, 890, 1534, 1533]"
5414,"[95, 1463, 1795, 1704, 1753]"
5415,"[89, 1586, 1626, 113, 890]"
5416,"[1759, 135, 1764, 458, 1762]"
5417,"[870, 1705, 1753, 482, 1367]"
5418,"[1735, 1044, 890, 1618, 1924]"
5419,"[89, 1534, 1586, 113, 29]"
5420,"[291, 96, 1705, 1537, 1550]"
5421,"[1697, 1704, 1905, 1526, 1696]"
5422,"[1537, 1535, 1903, 1533, 926]"
5423,"[1903, 1533, 1618, 1537, 1534]"
5424,"[1758, 1762, 884, 1063, 624]"
5425,"[890, 425, 1615, 1531, 1905]"
5426,"[406, 407, 788, 1614, 48]"
5427,"[1704, 1807, 1705, 935, 1890]"
5428,"[89, 752, 759, 421, 1909]"
5429,"[1038, 935, 1030, 1039, 1031]"
5430,"[1526, 1890, 1906, 1792, 1617]"
5431,"[920, 1534, 89, 1899, 478]"
5432,"[1825, 903, 722, 1705, 162]"
5433,"[1586, 1615, 1523, 1618, 1924]"
5434,"[1258, 1260, 1935, 1256, 1863]"
5435,"[935, 1039, 1037, 1030, 166]"
5436,"[407, 406, 1904, 919, 162]"
5437,"[1704, 1705, 1344, 1697, 1258]"
5438,"[1433, 419, 125, 898, 406]"
5439,"[1760, 1768, 1761, 1769, 1527]"
5440,"[1935, 1618, 1936, 1915, 1298]"
5441,"[98, 1495, 868, 1087, 1548]"
5442,"[1100, 1904, 622, 308, 1063]"
5443,"[1713, 1893, 1556, 1833, 1837]"
5444,"[1915, 1610, 1534, 455, 1890]"
5445,"[1148, 158, 155, 157, 173]"
5446,"[1704, 1733, 1705, 787, 1723]"
5447,"[1039, 935, 1030, 1031, 1037]"
5448,"[1620, 1704, 66, 1723, 749]"
5449,"[1077, 1073, 89, 382, 1534]"
5450,"[1760, 1905, 1768, 1775, 1769]"
5451,"[1792, 1906, 926, 1790, 1733]"
5452,"[1548, 1924, 89, 1733, 1562]"
5453,"[1893, 1890, 819, 1548, 1884]"
5454,"[1617, 1893, 1618, 1890, 1548]"
5455,"[95, 98, 1915, 101, 1899]"
5456,"[164, 1893, 919, 167, 165]"
5457,"[1671, 866, 96, 1065, 1071]"
5458,"[928, 1025, 1890, 164, 159]"
5459,"[935, 1893, 1713, 1841, 1840]"
5460,"[406, 1922, 1897, 407, 927]"
5461,"[1761, 1768, 1617, 1769, 1760]"
5462,"[1704, 1261, 1676, 1298, 1258]"
5463,"[919, 1025, 673, 425, 937]"
5464,"[1526, 1552, 1742, 1915, 1548]"
5465,"[1528, 478, 1924, 1526, 1553]"
5466,"[1586, 1615, 1523, 1618, 1924]"
5467,"[1046, 937, 159, 1025, 164]"
5468,"[1119, 1041, 1676, 272, 1027]"
5469,"[89, 407, 406, 1249, 1924]"
5470,"[1899, 1904, 1705, 568, 575]"
5471,"[289, 1704, 1191, 1705, 1904]"
5472,"[368, 1896, 455, 1191, 1567]"
5473,"[1705, 1704, 289, 1904, 1191]"
5474,"[1066, 114, 412, 216, 1610]"
5475,"[289, 1747, 1607, 1904, 1705]"
5476,"[1705, 1067, 1724, 1896, 1904]"
5477,"[116, 1531, 1904, 1523, 60]"
5478,"[1904, 289, 1705, 1704, 1890]"
5479,"[455, 289, 116, 1904, 1705]"
5480,"[1705, 1567, 1904, 1608, 1704]"
5481,"[1899, 1922, 1897, 106, 1192]"
5482,"[1915, 1066, 1704, 1705, 289]"
5483,"[1760, 1768, 1068, 1761, 1775]"
5484,"[1899, 1191, 1922, 1897, 1904]"
5485,"[289, 116, 1705, 1904, 1704]"
5486,"[1904, 1191, 1899, 937, 159]"
5487,"[289, 819, 1904, 1705, 1746]"
5488,"[289, 752, 759, 1904, 1705]"
5489,"[106, 1904, 1704, 1894, 1761]"
5490,"[289, 1704, 1191, 1904, 1705]"
5491,"[1277, 1523, 1726, 692, 1915]"
5492,"[289, 339, 1904, 1705, 1704]"
5493,"[1070, 116, 1904, 1705, 455]"
5494,"[289, 455, 1705, 1896, 1904]"
5495,"[1113, 1531, 421, 164, 1070]"
5496,"[289, 1704, 1904, 1705, 1890]"
5497,"[1904, 1705, 1890, 819, 1191]"
5498,"[1704, 692, 289, 1191, 1746]"
5499,"[1726, 692, 1523, 455, 1192]"
5500,"[1704, 1899, 116, 1926, 1526]"
5501,"[289, 1704, 1191, 1904, 1899]"
5502,"[116, 1704, 289, 1191, 1904]"
5503,"[289, 1899, 1904, 1531, 1705]"
5504,"[1705, 1704, 289, 1191, 1904]"
5505,"[1761, 106, 1760, 1704, 1705]"
5506,"[1705, 1704, 289, 1890, 1904]"
5507,"[1907, 1070, 455, 289, 1192]"
5508,"[1719, 1032, 1071, 846, 390]"
5509,"[1705, 258, 1722, 1906, 110]"
5510,"[1726, 1704, 1567, 1604, 1523]"
5511,"[289, 1904, 1704, 1705, 1746]"
5512,"[1904, 3, 1246, 1772, 1192]"
5513,"[289, 1705, 1904, 1769, 1704]"
5514,"[1073, 1028, 1083, 265, 1157]"
5515,"[377, 1607, 677, 1658, 376]"
5516,"[1820, 1819, 1818, 1821, 1817]"
5517,"[1022, 1019, 1607, 1608, 477]"
5518,"[393, 332, 7, 1001, 408]"
5519,"[1821, 1828, 1837, 1833, 1822]"
5520,"[1019, 1022, 340, 891, 477]"
5521,"[360, 1019, 1022, 1155, 1924]"
5522,"[175, 165, 1658, 1896, 1822]"
5523,"[1022, 1607, 1019, 1157, 749]"
5524,"[1811, 1837, 1828, 1833, 1935]"
5525,"[1855, 1320, 1363, 163, 164]"
5526,"[478, 1768, 1760, 1769, 1775]"
5527,"[1607, 96, 97, 1249, 1608]"
5528,"[98, 1704, 164, 868, 1855]"
5529,"[1192, 1157, 1613, 1896, 1608]"
5530,"[1791, 1790, 1792, 1789, 1023]"
5531,"[441, 430, 1606, 1924, 1812]"
5532,"[360, 329, 1177, 384, 376]"
5533,"[1915, 1076, 332, 1925, 737]"
5534,"[933, 1250, 930, 647, 425]"
5535,"[1828, 1837, 1833, 1511, 1302]"
5536,"[1915, 1704, 1256, 430, 1837]"
5537,"[306, 812, 1314, 1286, 1202]"
5538,"[1689, 1019, 1690, 1086, 1704]"
5539,"[1615, 1903, 1586, 97, 96]"
5540,"[98, 1704, 1029, 1855, 1019]"
5541,"[1286, 1167, 1022, 1131, 730]"
5542,"[1157, 1893, 1607, 1191, 1608]"
5543,"[1042, 1041, 1086, 1193, 455]"
5544,"[443, 884, 368, 1022, 1011]"
5545,"[1612, 1704, 1705, 1193, 749]"
5546,"[1370, 1363, 1061, 1441, 749]"
5547,"[1363, 1077, 1873, 1752, 1836]"
5548,"[1022, 368, 477, 749, 455]"
5549,"[1077, 1041, 1704, 1603, 728]"
5550,"[655, 377, 376, 677, 1705]"
5551,"[1915, 371, 292, 1148, 1762]"
5552,"[1847, 1845, 1849, 1848, 1867]"
5553,"[1915, 376, 677, 1885, 1887]"
5554,"[441, 1705, 857, 430, 1935]"
5555,"[28, 428, 1073, 1640, 605]"
5556,"[1915, 1861, 1855, 1148, 1762]"
5557,"[1269, 302, 605, 396, 387]"
5558,"[1907, 89, 1922, 1897, 1762]"
5559,"[63, 65, 441, 1922, 98]"
5560,"[1316, 1705, 903, 1704, 1836]"
5561,"[1922, 1897, 1612, 1899, 1630]"
5562,"[1627, 165, 1191, 164, 1613]"
5563,"[89, 1604, 1922, 1897, 165]"
5564,"[1705, 1889, 1723, 1891, 1567]"
5565,"[1246, 95, 12, 165, 433]"
5566,"[89, 927, 1922, 1897, 1526]"
5567,"[1586, 1627, 1599, 1615, 1607]"
5568,"[1899, 1526, 1085, 1627, 1133]"
5569,"[1627, 1905, 1587, 113, 1025]"
5570,"[368, 374, 1927, 1915, 216]"
5571,"[1907, 1526, 1922, 1897, 478]"
5572,"[165, 927, 1307, 1904, 114]"
5573,"[1905, 1627, 1613, 165, 1922]"
5574,"[1316, 1704, 1705, 1618, 1752]"
5575,"[113, 89, 1733, 1907, 1885]"
5576,"[1587, 1907, 1922, 1897, 89]"
5577,"[927, 1704, 1588, 1762, 1758]"
5578,"[113, 165, 1746, 1191, 1904]"
5579,"[594, 1772, 1433, 1368, 42]"
5580,"[1588, 1526, 1906, 478, 1762]"
5581,"[1907, 89, 1922, 1897, 739]"
5582,"[1915, 1526, 1907, 1343, 1897]"
5583,"[896, 1899, 1922, 1897, 1704]"
5584,"[1607, 1608, 1193, 1890, 1704]"
5585,"[1922, 1897, 478, 1063, 1526]"
5586,"[165, 1746, 1025, 937, 159]"
5587,"[1772, 1762, 1704, 1922, 1897]"
5588,"[1922, 1897, 1587, 1915, 89]"
5589,"[1627, 1613, 1922, 1897, 1896]"
5590,"[1922, 1897, 1587, 166, 89]"
5591,"[927, 165, 1025, 113, 164]"
5592,"[935, 89, 1754, 1705, 1892]"
5593,"[1922, 1897, 1587, 1905, 1615]"
5594,"[1915, 478, 1526, 331, 1902]"
5595,"[1705, 1917, 1704, 1612, 408]"
5596,"[1704, 1899, 1612, 1887, 551]"
5597,"[1905, 89, 164, 165, 1922]"
5598,"[1587, 113, 530, 1907, 1704]"
5599,"[1907, 89, 1922, 1897, 1899]"
5600,"[1526, 1762, 927, 89, 568]"
5601,"[1607, 1704, 530, 1705, 1891]"
5602,"[165, 1705, 1704, 478, 1924]"
5603,"[48, 16, 1705, 165, 1704]"
5604,"[1705, 1704, 37, 1751, 1717]"
5605,"[1704, 1705, 1906, 1928, 1904]"
5606,"[1915, 1704, 922, 1705, 677]"
5607,"[106, 1704, 1705, 1899, 1910]"
5608,"[1071, 164, 421, 175, 1924]"
5609,"[1746, 760, 1924, 165, 781]"
5610,"[165, 1905, 1627, 113, 1527]"
5611,"[1705, 1704, 165, 1701, 1627]"
5612,"[165, 1704, 1705, 926, 1906]"
5613,"[165, 48, 1704, 1705, 43]"
5614,"[165, 164, 1704, 1705, 1905]"
5615,"[688, 1704, 1705, 1070, 165]"
5616,"[291, 48, 16, 1704, 1070]"
5617,"[1905, 1705, 1704, 1070, 1896]"
5618,"[1021, 1191, 1906, 1202, 410]"
5619,"[1697, 862, 1704, 1610, 1696]"
5620,"[1705, 1704, 413, 165, 1889]"
5621,"[510, 1705, 1704, 114, 1610]"
5622,"[464, 1705, 1704, 165, 164]"
5623,"[165, 164, 1704, 1705, 1070]"
5624,"[1627, 1905, 1554, 16, 1071]"
5625,"[1924, 1704, 1705, 636, 1885]"
5626,"[1878, 1707, 1705, 1704, 413]"
5627,"[1273, 447, 361, 1705, 1579]"
5628,"[165, 1705, 781, 289, 1025]"
5629,"[1020, 1915, 1704, 1070, 1705]"
5630,"[348, 1224, 341, 692, 1705]"
5631,"[165, 1704, 1705, 1701, 1070]"
5632,"[1705, 1704, 216, 1904, 1307]"
5633,"[164, 165, 1705, 1704, 48]"
5634,"[1878, 1707, 1705, 1704, 413]"
5635,"[1924, 1906, 1705, 1704, 677]"
5636,"[163, 165, 1924, 164, 1713]"
5637,"[289, 1704, 165, 1705, 1147]"
5638,"[165, 1704, 1705, 1922, 1897]"
5639,"[1528, 1588, 1529, 1705, 1704]"
5640,"[163, 164, 1915, 97, 96]"
5641,"[688, 165, 1071, 1251, 163]"
5642,"[48, 1704, 164, 165, 1705]"
5643,"[1705, 1704, 860, 432, 111]"
5644,"[1588, 1906, 1556, 1916, 1529]"
5645,"[788, 1701, 1201, 97, 171]"
5646,"[368, 1922, 1897, 165, 1193]"
5647,"[1025, 165, 89, 164, 937]"
5648,"[1922, 1897, 868, 1705, 1748]"
5649,"[1899, 1907, 927, 895, 1924]"
5650,"[642, 1523, 1899, 1906, 1879]"
5651,"[1922, 1897, 1526, 1899, 89]"
5652,"[113, 1899, 1929, 900, 258]"
5653,"[460, 1612, 1519, 677, 1643]"
5654,"[1907, 903, 1935, 468, 63]"
5655,"[1907, 1612, 1762, 1758, 1705]"
5656,"[1915, 1256, 1260, 1259, 1922]"
5657,"[1922, 1897, 1526, 1905, 1627]"
5658,"[165, 1704, 1705, 164, 1197]"
5659,"[1899, 1704, 530, 896, 1705]"
5660,"[1907, 1612, 1762, 1758, 1705]"
5661,"[407, 406, 1041, 440, 918]"
5662,"[1302, 1704, 530, 1705, 896]"
5663,"[1899, 1907, 1906, 1922, 1897]"
5664,"[1899, 1299, 1906, 1762, 927]"
5665,"[927, 1907, 113, 1905, 89]"
5666,"[1922, 1897, 1526, 927, 1935]"
5667,"[1026, 1704, 903, 1822, 1078]"
5668,"[1922, 1897, 1899, 1526, 621]"
5669,"[362, 361, 1159, 1653, 1587]"
5670,"[1836, 1511, 1873, 398, 1863]"
5671,"[1646, 1792, 1789, 1620, 1790]"
5672,"[89, 1915, 113, 1922, 1897]"
5673,"[97, 1031, 1129, 394, 1846]"
5674,"[1922, 1897, 1587, 89, 1526]"
5675,"[1659, 1836, 1873, 1832, 1705]"
5676,"[1899, 1704, 1705, 89, 1762]"
5677,"[1591, 408, 1299, 165, 1792]"
5678,"[329, 575, 571, 1133, 568]"
5679,"[1670, 102, 98, 1201, 793]"
5680,"[1530, 1542, 1539, 1529, 1520]"
5681,"[1927, 1887, 1201, 73, 1116]"
5682,"[420, 1549, 1551, 96, 126]"
5683,"[96, 1873, 1836, 1832, 1302]"
5684,"[73, 171, 1607, 1615, 403]"
5685,"[862, 1700, 487, 1603, 1786]"
5686,"[73, 102, 749, 1541, 793]"
5687,"[802, 4, 1878, 1707, 73]"
5688,"[118, 1873, 1836, 432, 533]"
5689,"[420, 171, 583, 749, 1670]"
5690,"[793, 171, 749, 1670, 4]"
5691,"[1670, 749, 73, 1902, 171]"
5692,"[866, 793, 1119, 1889, 1925]"
5693,"[4, 73, 803, 1246, 1878]"
5694,"[420, 97, 96, 1700, 163]"
5695,"[1541, 96, 97, 98, 1670]"
5696,"[1878, 1707, 1246, 1772, 1513]"
5697,"[667, 1887, 98, 1670, 749]"
5698,"[1628, 1553, 1541, 1562, 1543]"
5699,"[73, 1878, 1707, 1937, 1176]"
5700,"[73, 1742, 1525, 749, 1887]"
5701,"[1701, 749, 1670, 1320, 4]"
5702,"[73, 4, 1878, 1707, 1317]"
5703,"[835, 1915, 329, 1549, 1133]"
5704,"[1670, 793, 749, 102, 1320]"
5705,"[73, 4, 1878, 1707, 1246]"
5706,"[1317, 1769, 1705, 1704, 1786]"
5707,"[1670, 1863, 1833, 1837, 1935]"
5708,"[1700, 1701, 1889, 124, 1904]"
5709,"[420, 96, 1320, 758, 126]"
5710,"[1705, 376, 677, 377, 933]"
5711,"[1563, 1746, 1786, 1603, 862]"
5712,"[1246, 216, 1915, 468, 108]"
5713,"[420, 1320, 96, 893, 606]"
5714,"[420, 1670, 1700, 73, 749]"
5715,"[848, 851, 1878, 1707, 89]"
5716,"[46, 643, 640, 666, 651]"
5717,"[4, 1246, 73, 1317, 282]"
5718,"[4, 73, 1317, 1246, 282]"
5719,"[1520, 1742, 1534, 1554, 1564]"
5720,"[1887, 1886, 1201, 1116, 749]"
5721,"[1701, 1742, 73, 282, 1320]"
5722,"[421, 289, 1559, 1904, 1529]"
5723,"[1713, 1586, 1070, 96, 97]"
5724,"[96, 97, 425, 1073, 98]"
5725,"[1201, 620, 470, 96, 868]"
5726,"[1041, 1924, 1193, 1040, 1025]"
5727,"[290, 1073, 118, 164, 1538]"
5728,"[169, 1041, 1924, 1586, 1025]"
5729,"[1026, 1040, 1032, 1772, 1193]"
5730,"[1524, 1909, 1586, 1556, 1885]"
5731,"[1041, 926, 1556, 1890, 175]"
5732,"[1924, 1025, 1202, 1029, 1041]"
5733,"[1025, 1036, 169, 1035, 1076]"
5734,"[1026, 164, 165, 1029, 1193]"
5735,"[1006, 1041, 1699, 926, 159]"
5736,"[1202, 410, 1041, 1040, 1026]"
5737,"[265, 1040, 1647, 1604, 1704]"
5738,"[165, 425, 164, 97, 96]"
5739,"[1626, 425, 1704, 1885, 212]"
5740,"[1040, 1026, 164, 1029, 1034]"
5741,"[1176, 353, 89, 890, 97]"
5742,"[927, 1935, 1260, 1258, 1320]"
5743,"[1029, 1672, 1025, 175, 169]"
5744,"[1586, 1615, 1041, 1538, 1556]"
5745,"[107, 1130, 485, 1757, 1776]"
5746,"[1025, 169, 1035, 1043, 921]"
5747,"[885, 1029, 1649, 165, 823]"
5748,"[1026, 1029, 1034, 1025, 159]"
5749,"[1040, 1026, 1193, 1909, 1025]"
5750,"[1924, 97, 96, 1713, 164]"
5751,"[1915, 1435, 1299, 1369, 1343]"
5752,"[1490, 903, 220, 212, 1019]"
5753,"[1041, 1040, 937, 159, 1029]"
5754,"[1671, 1745, 1070, 1616, 1041]"
5755,"[1029, 1040, 165, 1670, 171]"
5756,"[1924, 1040, 159, 937, 1026]"
5757,"[1727, 681, 1270, 1121, 1924]"
5758,"[1586, 1713, 925, 289, 1705]"
5759,"[1029, 1149, 1649, 1030, 728]"
5760,"[930, 928, 938, 164, 167]"
5761,"[410, 1202, 1029, 362, 408]"
5762,"[1757, 1776, 452, 1873, 969]"
5763,"[1935, 927, 437, 1253, 1298]"
5764,"[1046, 1705, 1048, 1026, 732]"
5765,"[1832, 1302, 1030, 1885, 1649]"
5766,"[1260, 1256, 1258, 1298, 1299]"
5767,"[1915, 677, 972, 969, 1590]"
5768,"[258, 1026, 885, 175, 1042]"
5769,"[928, 938, 735, 925, 1704]"
5770,"[89, 165, 1025, 159, 937]"
5771,"[1029, 164, 921, 175, 938]"
5772,"[1025, 165, 1041, 164, 921]"
5773,"[972, 1651, 914, 1148, 1635]"
5774,"[356, 719, 1028, 1079, 1590]"
5775,"[408, 120, 1731, 1666, 1692]"
5776,"[758, 410, 1202, 1148, 885]"
5777,"[823, 1776, 1757, 1302, 824]"
5778,"[1915, 1029, 1049, 1042, 1054]"
5779,"[1935, 430, 1258, 1260, 1256]"
5780,"[719, 1030, 1666, 403, 1649]"
5781,"[1649, 885, 719, 1046, 1666]"
5782,"[1026, 1915, 1590, 286, 1030]"
5783,"[1029, 446, 1733, 926, 1086]"
5784,"[1915, 408, 317, 1561, 1046]"
5785,"[286, 1014, 258, 1029, 1202]"
5786,"[788, 298, 1692, 1788, 1787]"
5787,"[1052, 1055, 823, 885, 719]"
5788,"[1900, 1042, 1649, 1666, 1286]"
5789,"[1906, 1649, 219, 677, 1935]"
5790,"[1526, 1529, 1519, 1527, 719]"
5791,"[1590, 1046, 1026, 1776, 1757]"
5792,"[197, 1018, 1038, 997, 1680]"
5793,"[1042, 1677, 125, 1915, 1673]"
5794,"[197, 1836, 1873, 216, 1832]"
5795,"[1073, 361, 1680, 395, 884]"
5796,"[405, 1924, 1618, 1042, 165]"
5797,"[1915, 408, 96, 97, 1256]"
5798,"[1915, 136, 1902, 138, 212]"
5799,"[1915, 1495, 885, 419, 1832]"
5800,"[332, 409, 1029, 1077, 78]"
5801,"[834, 73, 1363, 583, 1704]"
5802,"[197, 1038, 1933, 1076, 1918]"
5803,"[847, 51, 1302, 722, 1704]"
5804,"[408, 1029, 323, 28, 1025]"
5805,"[692, 781, 960, 1733, 164]"
5806,"[1344, 1915, 159, 937, 165]"
5807,"[1046, 80, 1148, 1193, 1875]"
5808,"[692, 960, 781, 165, 920]"
5809,"[125, 165, 1630, 927, 89]"
5810,"[1076, 1030, 1916, 1928, 1906]"
5811,"[1915, 1299, 409, 164, 163]"
5812,"[1133, 138, 108, 289, 141]"
5813,"[1014, 1590, 980, 1592, 258]"
5814,"[1680, 197, 1018, 1154, 1038]"
5815,"[1055, 1863, 278, 165, 408]"
5816,"[1666, 737, 738, 823, 728]"
5817,"[1918, 1148, 1042, 1061, 141]"
5818,"[1055, 165, 212, 1052, 1592]"
5819,"[1915, 368, 1280, 1066, 373]"
5820,"[1133, 1137, 212, 89, 139]"
5821,"[1026, 1620, 89, 113, 1676]"
5822,"[276, 1016, 273, 1318, 139]"
5823,"[1915, 926, 1249, 265, 341]"
5824,"[1073, 1130, 478, 1077, 1615]"
5825,"[1030, 1017, 165, 1060, 419]"
5826,"[1590, 1592, 1014, 144, 1666]"
5827,"[1030, 1026, 1915, 165, 114]"
5828,"[464, 1630, 89, 1676, 125]"
5829,"[1705, 1704, 51, 155, 158]"
5830,"[1133, 1899, 1556, 954, 108]"
5831,"[1154, 1018, 197, 1038, 862]"
5832,"[1680, 197, 1018, 1038, 1154]"
5833,"[165, 1915, 159, 937, 478]"
5834,"[1055, 1590, 212, 1592, 1705]"
5835,"[1135, 138, 1133, 1137, 136]"
5836,"[1148, 924, 1863, 371, 398]"
5837,"[1792, 1029, 1620, 1659, 125]"
5838,"[919, 1025, 159, 937, 926]"
5839,"[1025, 159, 937, 926, 919]"
5840,"[1836, 1873, 1832, 1704, 1825]"
5841,"[1526, 1906, 1899, 1528, 1793]"
5842,"[1855, 1814, 930, 1813, 219]"
5843,"[1344, 1032, 419, 1915, 1906]"
5844,"[937, 1936, 926, 1025, 1935]"
5845,"[1906, 1528, 1916, 1588, 921]"
5846,"[1936, 926, 1193, 1598, 1752]"
5847,"[1906, 1873, 1836, 1832, 1872]"
5848,"[1649, 1666, 1704, 1705, 1620]"
5849,"[1906, 1043, 1704, 1705, 1935]"
5850,"[1836, 1873, 1832, 1906, 1528]"
5851,"[377, 1249, 1704, 1752, 1705]"
5852,"[1915, 1906, 1899, 1588, 1030]"
5853,"[1904, 455, 1086, 1906, 1899]"
5854,"[1825, 1836, 1873, 1832, 1831]"
5855,"[1915, 1906, 89, 1528, 1025]"
5856,"[1906, 1936, 1915, 1193, 919]"
5857,"[1590, 1008, 823, 885, 1936]"
5858,"[1916, 1906, 1928, 1676, 369]"
5859,"[1917, 408, 1193, 455, 1191]"
5860,"[1705, 1704, 1620, 1618, 1193]"
5861,"[1915, 1929, 1863, 1704, 926]"
5862,"[1906, 1592, 1704, 1705, 926]"
5863,"[1936, 1277, 1086, 926, 1255]"
5864,"[1915, 1861, 1906, 98, 1863]"
5865,"[1916, 926, 1906, 410, 1202]"
5866,"[1086, 1178, 1148, 1928, 1690]"
5867,"[1916, 1202, 410, 289, 1885]"
5868,"[1936, 1705, 1249, 926, 1704]"
5869,"[1936, 1935, 1752, 1148, 1704]"
5870,"[1906, 1030, 1588, 1916, 1049]"
5871,"[1906, 1528, 1704, 1299, 1705]"
5872,"[1025, 926, 159, 937, 919]"
5873,"[1046, 1035, 677, 219, 868]"
5874,"[1025, 1753, 1793, 1792, 1790]"
5875,"[1025, 1793, 1753, 1836, 1873]"
5876,"[1906, 430, 1528, 1704, 1705]"
5877,"[1906, 1086, 1936, 1928, 1528]"
5878,"[1915, 1936, 926, 919, 1277]"
5879,"[1936, 926, 1063, 1899, 1904]"
5880,"[736, 151, 1659, 1649, 732]"
5881,"[1033, 928, 736, 257, 1613]"
5882,"[1114, 1762, 1063, 1539, 1629]"
5883,"[732, 729, 913, 151, 953]"
5884,"[1922, 1897, 924, 972, 331]"
5885,"[862, 1033, 1029, 937, 159]"
5886,"[175, 164, 925, 924, 938]"
5887,"[1786, 1787, 1790, 1789, 1063]"
5888,"[1205, 1607, 1608, 736, 734]"
5889,"[1915, 1042, 1924, 1193, 1716]"
5890,"[862, 1627, 216, 1915, 164]"
5891,"[442, 190, 790, 1588, 151]"
5892,"[1786, 606, 862, 1787, 1603]"
5893,"[736, 969, 732, 901, 1649]"
5894,"[1052, 1046, 1924, 149, 1915]"
5895,"[1788, 618, 1789, 1790, 1915]"
5896,"[165, 1676, 927, 164, 1638]"
5897,"[1705, 73, 1338, 1704, 1370]"
5898,"[1587, 128, 1788, 1733, 89]"
5899,"[164, 165, 1025, 421, 1618]"
5900,"[862, 927, 924, 175, 164]"
5901,"[925, 408, 1050, 1035, 735]"
5902,"[1587, 165, 1733, 1788, 128]"
5903,"[349, 709, 1670, 924, 351]"
5904,"[914, 925, 924, 1044, 165]"
5905,"[567, 566, 919, 174, 165]"
5906,"[145, 190, 149, 914, 152]"
5907,"[924, 1704, 1030, 1039, 164]"
5908,"[1063, 1762, 1758, 408, 1733]"
5909,"[1917, 408, 1902, 350, 442]"
5910,"[1704, 1705, 164, 1914, 1627]"
5911,"[927, 1363, 1924, 1226, 1225]"
5912,"[924, 604, 1248, 351, 977]"
5913,"[1705, 1704, 1316, 903, 235]"
5914,"[28, 165, 1063, 1587, 1627]"
5915,"[886, 165, 164, 1193, 1025]"
5916,"[164, 919, 925, 931, 934]"
5917,"[1316, 732, 969, 729, 736]"
5918,"[1733, 1792, 1788, 541, 749]"
5919,"[1029, 1034, 737, 165, 175]"
5920,"[1587, 927, 1025, 175, 164]"
5921,"[1793, 145, 179, 143, 964]"
5922,"[351, 1018, 1050, 918, 1033]"
5923,"[1704, 1016, 278, 274, 737]"
5924,"[371, 1885, 1836, 1873, 1906]"
5925,"[1902, 1900, 1591, 114, 901]"
5926,"[1612, 1902, 1591, 1045, 1074]"
5927,"[1915, 1148, 408, 371, 164]"
5928,"[1907, 28, 1050, 1680, 24]"
5929,"[1753, 1704, 1052, 1705, 539]"
5930,"[1915, 1792, 641, 1752, 1786]"
5931,"[921, 165, 1042, 1772, 1590]"
5932,"[1915, 1030, 1592, 1042, 1591]"
5933,"[1915, 1042, 927, 1673, 928]"
5934,"[28, 24, 618, 125, 1659]"
5935,"[1154, 1026, 165, 1042, 114]"
5936,"[370, 903, 1636, 212, 1753]"
5937,"[1560, 1550, 1561, 1742, 1915]"
5938,"[1590, 1832, 1299, 1041, 898]"
5939,"[165, 1030, 1591, 1042, 1045]"
5940,"[835, 1022, 1704, 1705, 1733]"
5941,"[89, 1590, 823, 1676, 647]"
5942,"[419, 1705, 1915, 1704, 1592]"
5943,"[1900, 1915, 1902, 885, 317]"
5944,"[1915, 1193, 164, 1030, 165]"
5945,"[1042, 921, 1915, 1193, 159]"
5946,"[937, 1193, 1909, 1041, 1901]"
5947,"[1915, 618, 659, 1680, 1050]"
5948,"[965, 210, 1591, 1592, 141]"
5949,"[1041, 1042, 165, 937, 159]"
5950,"[28, 1592, 1536, 1705, 1659]"
5951,"[1042, 1592, 921, 1591, 1590]"
5952,"[28, 959, 24, 868, 1748]"
5953,"[1917, 1915, 359, 1054, 408]"
5954,"[1902, 1900, 1917, 1042, 1552]"
5955,"[1592, 1915, 1590, 1906, 927]"
5956,"[1902, 1042, 1917, 408, 1591]"
5957,"[1029, 212, 1135, 1026, 175]"
5958,"[1561, 1915, 165, 408, 1560]"
5959,"[1900, 1042, 1902, 1917, 1592]"
5960,"[164, 406, 1924, 163, 407]"
5961,"[1602, 1042, 291, 369, 289]"
5962,"[478, 1836, 1873, 1739, 1924]"
5963,"[1836, 1828, 1833, 1837, 1704]"
5964,"[1915, 692, 1049, 1037, 1030]"
5965,"[887, 1041, 1026, 478, 1637]"
5966,"[1915, 921, 164, 938, 1608]"
5967,"[1915, 1900, 1902, 1916, 1928]"
5968,"[1157, 1014, 1592, 886, 1929]"
5969,"[1049, 1042, 380, 1154, 1929]"
5970,"[430, 1935, 1929, 1592, 1148]"
5971,"[150, 1488, 1048, 1205, 1202]"
5972,"[1750, 1272, 1202, 410, 455]"
5973,"[550, 1409, 1929, 1497, 1592]"
5974,"[1705, 1043, 1704, 796, 1511]"
5975,"[1043, 1051, 1014, 903, 1490]"
5976,"[1608, 1607, 1014, 1894, 1896]"
5977,"[1894, 1704, 691, 116, 692]"
5978,"[1705, 543, 1014, 1704, 1836]"
5979,"[823, 1592, 1924, 1249, 1588]"
5980,"[1157, 1607, 1592, 921, 1929]"
5981,"[427, 1705, 543, 1704, 1511]"
5982,"[1915, 1043, 1157, 1620, 1607]"
5983,"[1072, 1704, 1042, 1809, 886]"
5984,"[1906, 1014, 1607, 1929, 1704]"
5985,"[1723, 903, 1705, 1704, 1592]"
5986,"[1051, 1043, 823, 936, 1620]"
5987,"[1014, 260, 257, 218, 1249]"
5988,"[1788, 1787, 1792, 1567, 1789]"
5989,"[875, 1608, 1795, 1651, 1014]"
5990,"[440, 1014, 308, 1286, 307]"
5991,"[823, 89, 1666, 728, 1073]"
5992,"[1014, 1157, 886, 1607, 1613]"
5993,"[1915, 1043, 34, 1620, 165]"
5994,"[1073, 1411, 1704, 1705, 1900]"
5995,"[1014, 543, 1592, 1658, 1705]"
5996,"[1805, 1882, 230, 1686, 262]"
5997,"[1705, 1704, 1511, 1042, 886]"
5998,"[1490, 1474, 1723, 1014, 55]"
5999,"[1163, 1164, 643, 785, 1692]"
6000,"[1607, 1014, 729, 1929, 1053]"
6001,"[1915, 1592, 1924, 1042, 1590]"
6002,"[1014, 1723, 480, 55, 1929]"
6003,"[1586, 1608, 1607, 1615, 1517]"
6004,"[1033, 1029, 164, 1026, 165]"
6005,"[543, 1511, 1929, 1590, 1705]"
6006,"[1592, 1933, 1154, 1918, 721]"
6007,"[1704, 55, 478, 256, 1637]"
6008,"[1043, 1592, 257, 692, 165]"
6009,"[1042, 1607, 885, 1608, 1590]"
6010,"[812, 1613, 1014, 1894, 455]"
6011,"[1929, 89, 1014, 1676, 29]"
6012,"[1815, 919, 925, 938, 167]"
6013,"[261, 1002, 240, 254, 267]"
6014,"[886, 1042, 368, 862, 1894]"
6015,"[1792, 1789, 442, 408, 1787]"
6016,"[1055, 1325, 1052, 259, 408]"
6017,"[965, 862, 886, 1648, 1149]"
6018,"[862, 965, 368, 886, 1055]"
6019,"[1851, 1850, 1844, 1843, 1828]"
6020,"[222, 1047, 1055, 153, 150]"
6021,"[933, 1809, 1193, 1873, 1053]"
6022,"[1825, 530, 1704, 1646, 1705]"
6023,"[1053, 74, 1873, 1842, 1836]"
6024,"[933, 1809, 1873, 1836, 1832]"
6025,"[1737, 274, 1049, 886, 208]"
6026,"[261, 262, 240, 1003, 1013]"
6027,"[982, 213, 211, 985, 212]"
6028,"[1738, 282, 66, 1697, 1924]"
6029,"[1042, 937, 159, 175, 1193]"
6030,"[1055, 1037, 1677, 1205, 255]"
6031,"[1055, 1052, 980, 1911, 985]"
6032,"[933, 1809, 1705, 1193, 1704]"
6033,"[1153, 720, 1049, 933, 242]"
6034,"[933, 1809, 1495, 1705, 1704]"
6035,"[1055, 980, 259, 211, 1697]"
6036,"[1047, 1867, 1858, 1421, 222]"
6037,"[1055, 1193, 1704, 1705, 1909]"
6038,"[267, 266, 239, 238, 235]"
6039,"[1055, 1666, 925, 1495, 216]"
6040,"[271, 1205, 1742, 1549, 74]"
6041,"[1055, 259, 1575, 209, 898]"
6042,"[1055, 1320, 1495, 933, 925]"
6043,"[1816, 1817, 1812, 1863, 1811]"
6044,"[1816, 1810, 1817, 1818, 1820]"
6045,"[916, 964, 145, 988, 143]"
6046,"[261, 267, 266, 239, 238]"
6047,"[261, 1617, 1659, 267, 266]"
6048,"[1809, 933, 930, 1873, 1836]"
6049,"[1049, 1065, 1699, 261, 213]"
6050,"[1055, 259, 1049, 211, 982]"
6051,"[259, 224, 261, 1317, 1002]"
6052,"[1053, 408, 933, 930, 1853]"
6053,"[1704, 1575, 452, 1300, 403]"
6054,"[677, 886, 368, 1, 1042]"
6055,"[1917, 1900, 408, 1279, 1832]"
6056,"[1027, 1029, 164, 165, 719]"
6057,"[1338, 959, 595, 597, 1666]"
6058,"[916, 990, 728, 153, 1104]"
6059,"[372, 403, 1855, 749, 765]"
6060,"[1560, 990, 147, 1760, 1769]"
6061,"[1046, 1026, 969, 1590, 976]"
6062,"[1026, 1072, 1832, 1873, 1836]"
6063,"[1863, 1836, 1873, 74, 398]"
6064,"[1915, 1935, 1916, 1528, 1906]"
6065,"[1833, 1837, 1828, 1666, 1935]"
6066,"[885, 1026, 1704, 1705, 1752]"
6067,"[1037, 1041, 1027, 1752, 1923]"
6068,"[163, 1915, 1048, 1042, 408]"
6069,"[163, 1915, 1048, 408, 125]"
6070,"[885, 1193, 159, 937, 921]"
6071,"[719, 1026, 1590, 1302, 1832]"
6072,"[271, 1836, 1873, 1861, 1303]"
6073,"[1256, 1935, 1260, 938, 1825]"
6074,"[921, 1046, 1042, 938, 1026]"
6075,"[1915, 1929, 1863, 1935, 430]"
6076,"[1029, 1202, 410, 1026, 926]"
6077,"[1915, 496, 1705, 1704, 1752]"
6078,"[637, 653, 656, 657, 666]"
6079,"[1046, 1026, 969, 1590, 976]"
6080,"[1042, 1030, 89, 1705, 1704]"
6081,"[1053, 938, 921, 159, 937]"
6082,"[914, 1077, 1836, 1873, 1023]"
6083,"[1915, 1027, 164, 163, 1030]"
6084,"[1511, 1924, 1026, 1756, 1299]"
6085,"[1873, 1836, 911, 1705, 823]"
6086,"[1915, 1026, 1906, 406, 407]"
6087,"[1053, 938, 921, 159, 937]"
6088,"[1306, 1924, 1073, 673, 1713]"
6089,"[1825, 1304, 1760, 1761, 258]"
6090,"[1704, 1884, 1760, 1191, 1705]"
6091,"[98, 1742, 1607, 1551, 1550]"
6092,"[1523, 1019, 1556, 1705, 1191]"
6093,"[350, 275, 273, 272, 277]"
6094,"[1704, 164, 1133, 673, 1599]"
6095,"[1926, 1191, 1273, 1705, 1274]"
6096,"[1157, 692, 1704, 1705, 697]"
6097,"[1833, 1837, 1828, 1822, 1821]"
6098,"[1937, 1924, 1705, 1523, 1191]"
6099,"[1705, 1704, 1607, 1442, 901]"
6100,"[1273, 552, 783, 1249, 1704]"
6101,"[1704, 114, 1705, 1900, 1761]"
6102,"[1924, 116, 478, 89, 114]"
6103,"[440, 116, 680, 1112, 692]"
6104,"[116, 1677, 114, 890, 125]"
6105,"[368, 98, 97, 96, 1825]"
6106,"[1556, 333, 1705, 1825, 1929]"
6107,"[1902, 1900, 890, 1676, 112]"
6108,"[113, 455, 848, 125, 673]"
6109,"[1821, 1822, 1833, 1837, 1851]"
6110,"[332, 454, 114, 1523, 164]"
6111,"[1772, 1304, 777, 1302, 1704]"
6112,"[1576, 1721, 1760, 1304, 258]"
6113,"[409, 1704, 1760, 1172, 1191]"
6114,"[274, 273, 275, 279, 1610]"
6115,"[692, 1760, 887, 1705, 1562]"
6116,"[478, 1924, 1697, 412, 1696]"
6117,"[842, 1705, 1192, 1808, 1704]"
6118,"[1704, 706, 1705, 711, 1272]"
6119,"[383, 371, 807, 1147, 1604]"
6120,"[1772, 1924, 1210, 1403, 777]"
6121,"[1896, 1607, 1608, 1586, 441]"
6122,"[60, 1704, 1915, 124, 125]"
6123,"[280, 279, 274, 114, 275]"
6124,"[443, 1721, 379, 437, 351]"
6125,"[1761, 1760, 1884, 1704, 1705]"
6126,"[1607, 1904, 18, 1192, 1599]"
6127,"[1133, 324, 321, 320, 1128]"
6128,"[258, 1064, 1705, 1011, 1133]"
6129,"[1187, 717, 447, 1695, 1721]"
6130,"[116, 114, 368, 1704, 1636]"
6131,"[1697, 862, 1618, 1825, 1924]"
6132,"[281, 1704, 458, 1760, 277]"
6133,"[1551, 1547, 1549, 164, 927]"
6134,"[7, 1122, 1924, 332, 1697]"
6135,"[1902, 1552, 1180, 1071, 1052]"
6136,"[1760, 1761, 276, 1296, 443]"
6137,"[1134, 1705, 1192, 1163, 1752]"
6138,"[665, 793, 654, 102, 1670]"
6139,"[1915, 441, 927, 1659, 1828]"
6140,"[1022, 749, 477, 629, 665]"
6141,"[1915, 405, 1299, 216, 402]"
6142,"[1902, 408, 1900, 1917, 281]"
6143,"[137, 154, 138, 1029, 18]"
6144,"[164, 1628, 409, 216, 1176]"
6145,"[1815, 1841, 1839, 1838, 1840]"
6146,"[1902, 1617, 1552, 292, 1615]"
6147,"[46, 1705, 681, 1704, 954]"
6148,"[1643, 1863, 52, 1935, 1906]"
6149,"[601, 45, 644, 641, 1704]"
6150,"[279, 274, 277, 275, 649]"
6151,"[665, 1320, 126, 96, 420]"
6152,"[1772, 828, 1863, 1935, 927]"
6153,"[665, 171, 73, 403, 1320]"
6154,"[1902, 1915, 1552, 1900, 1543]"
6155,"[46, 1662, 1915, 216, 1614]"
6156,"[1041, 1935, 60, 1915, 1260]"
6157,"[665, 171, 281, 1615, 749]"
6158,"[616, 710, 1752, 1163, 280]"
6159,"[1902, 1552, 1915, 408, 1763]"
6160,"[1524, 1559, 1525, 1556, 1041]"
6161,"[665, 171, 102, 409, 749]"
6162,"[335, 1275, 1068, 1704, 1934]"
6163,"[655, 376, 677, 1128, 1855]"
6164,"[96, 97, 927, 1201, 98]"
6165,"[164, 98, 96, 97, 102]"
6166,"[1915, 1155, 1137, 1705, 1704]"
6167,"[1163, 1727, 277, 1626, 216]"
6168,"[1163, 114, 89, 1705, 1192]"
6169,"[1837, 1833, 1828, 1771, 1901]"
6170,"[1201, 1701, 667, 1789, 749]"
6171,"[1827, 1823, 1829, 1866, 1855]"
6172,"[1036, 1915, 97, 96, 1924]"
6173,"[1902, 409, 1552, 164, 1201]"
6174,"[1201, 97, 96, 409, 1700]"
6175,"[922, 1762, 681, 1761, 1705]"
6176,"[313, 863, 865, 1747, 1923]"
6177,"[863, 865, 1747, 314, 749]"
6178,"[1923, 118, 314, 313, 863]"
6179,"[314, 1119, 427, 1923, 43]"
6180,"[1299, 171, 865, 863, 1747]"
6181,"[865, 863, 1747, 314, 313]"
6182,"[314, 1923, 1742, 1539, 1554]"
6183,"[314, 1704, 1705, 865, 1747]"
6184,"[314, 313, 118, 1887, 865]"
6185,"[863, 1747, 865, 313, 1923]"
6186,"[1662, 863, 1900, 865, 1598]"
6187,"[1249, 922, 863, 865, 1747]"
6188,"[863, 865, 1747, 1923, 118]"
6189,"[863, 1923, 865, 1747, 73]"
6190,"[314, 118, 865, 863, 1747]"
6191,"[692, 1747, 863, 865, 1915]"
6192,"[1027, 447, 361, 1273, 114]"
6193,"[1915, 333, 528, 1507, 1434]"
6194,"[1747, 863, 865, 1923, 1138]"
6195,"[1064, 1926, 1337, 1932, 466]"
6196,"[865, 1747, 863, 314, 89]"
6197,"[863, 1747, 865, 73, 314]"
6198,"[1117, 1116, 1923, 314, 1543]"
6199,"[1747, 865, 863, 1598, 314]"
6200,"[1747, 865, 863, 1655, 339]"
6201,"[314, 865, 1923, 1747, 863]"
6202,"[1747, 863, 865, 118, 749]"
6203,"[1923, 313, 314, 1674, 866]"
6204,"[1484, 1929, 1863, 1915, 430]"
6205,"[1713, 1722, 688, 1544, 1538]"
6206,"[314, 1923, 863, 1747, 865]"
6207,"[314, 863, 865, 1598, 1747]"
6208,"[863, 865, 1747, 313, 314]"
6209,"[1900, 655, 367, 265, 66]"
6210,"[1902, 447, 1889, 1273, 171]"
6211,"[904, 865, 863, 1747, 118]"
6212,"[265, 341, 926, 1073, 1626]"
6213,"[863, 1747, 865, 314, 1923]"
6214,"[314, 111, 1717, 1317, 1428]"
6215,"[59, 1747, 863, 865, 118]"
6216,"[314, 863, 1747, 865, 1923]"
6217,"[863, 865, 1747, 1598, 1608]"
6218,"[1923, 314, 863, 865, 1747]"
6219,"[922, 333, 346, 339, 334]"
6220,"[455, 926, 125, 862, 1567]"
6221,"[1192, 1604, 1567, 114, 372]"
6222,"[455, 1567, 114, 16, 1733]"
6223,"[455, 1567, 454, 1192, 1611]"
6224,"[1192, 466, 1762, 1758, 1712]"
6225,"[455, 1636, 1567, 16, 1611]"
6226,"[455, 1157, 778, 1567, 454]"
6227,"[1880, 1704, 1705, 1567, 16]"
6228,"[276, 1637, 1929, 829, 1928]"
6229,"[1758, 1705, 1704, 1760, 1762]"
6230,"[455, 1567, 16, 114, 454]"
6231,"[455, 1897, 1567, 1618, 114]"
6232,"[688, 1915, 1722, 1704, 478]"
6233,"[1726, 390, 455, 1191, 692]"
6234,"[926, 455, 1704, 1906, 1070]"
6235,"[1617, 1655, 926, 1705, 900]"
6236,"[454, 1899, 1567, 1191, 390]"
6237,"[1617, 926, 1705, 455, 1704]"
6238,"[1899, 496, 114, 1704, 455]"
6239,"[1884, 1899, 1922, 1897, 900]"
6240,"[1617, 926, 919, 16, 1704]"
6241,"[455, 1567, 16, 114, 1191]"
6242,"[1929, 455, 1567, 1636, 16]"
6243,"[1704, 1726, 1705, 1611, 16]"
6244,"[926, 1277, 825, 1567, 16]"
6245,"[1705, 1760, 1761, 1191, 1567]"
6246,"[455, 1929, 1899, 1567, 535]"
6247,"[1704, 390, 455, 1192, 454]"
6248,"[1922, 1897, 1726, 926, 1567]"
6249,"[1915, 114, 1567, 216, 1705]"
6250,"[455, 1929, 535, 1567, 16]"
6251,"[1157, 455, 1907, 1884, 692]"
6252,"[1192, 828, 1567, 1863, 16]"
6253,"[1704, 16, 1705, 1567, 114]"
6254,"[1880, 1705, 1192, 1704, 16]"
6255,"[455, 1760, 1761, 1567, 926]"
6256,"[1795, 1884, 1705, 1704, 1904]"
6257,"[1922, 1897, 1929, 455, 114]"
6258,"[507, 1567, 16, 114, 1307]"
6259,"[1704, 114, 1705, 718, 16]"
6260,"[455, 1617, 292, 1722, 114]"
6261,"[1899, 114, 1526, 455, 1924]"
6262,"[1928, 114, 16, 1567, 455]"
6263,"[1899, 507, 1636, 1191, 1929]"
6264,"[1188, 1671, 1613, 368, 372]"
6265,"[1896, 1607, 1157, 1608, 1613]"
6266,"[372, 762, 368, 1607, 403]"
6267,"[1636, 116, 3, 89, 443]"
6268,"[1301, 1924, 125, 452, 1300]"
6269,"[1067, 1907, 1526, 1896, 1899]"
6270,"[1192, 1567, 135, 114, 1705]"
6271,"[368, 1067, 221, 108, 925]"
6272,"[135, 1567, 901, 1072, 1191]"
6273,"[361, 447, 1273, 1098, 1579]"
6274,"[1705, 1899, 1191, 1704, 1598]"
6275,"[1705, 1063, 1613, 1896, 1733]"
6276,"[1705, 1704, 1769, 128, 1760]"
6277,"[1068, 372, 1202, 410, 125]"
6278,"[1192, 1604, 1567, 1202, 410]"
6279,"[1570, 135, 132, 1831, 1557]"
6280,"[1607, 1896, 1608, 1157, 1904]"
6281,"[1157, 368, 1113, 372, 1896]"
6282,"[368, 1896, 372, 1704, 1613]"
6283,"[1905, 1627, 1527, 1907, 1616]"
6284,"[1896, 455, 1567, 1618, 901]"
6285,"[1015, 1705, 135, 468, 1704]"
6286,"[368, 1567, 372, 53, 683]"
6287,"[1338, 491, 485, 250, 1191]"
6288,"[1072, 372, 1157, 368, 683]"
6289,"[368, 1042, 886, 216, 1567]"
6290,"[921, 410, 1202, 455, 1567]"
6291,"[1721, 1567, 114, 403, 1705]"
6292,"[1511, 1704, 1705, 857, 511]"
6293,"[514, 599, 597, 593, 595]"
6294,"[918, 259, 441, 1153, 224]"
6295,"[1915, 1567, 1192, 1896, 114]"
6296,"[1612, 1704, 1607, 1193, 1705]"
6297,"[1072, 1063, 368, 1721, 216]"
6298,"[1063, 1896, 1904, 1613, 1704]"
6299,"[1704, 1659, 1705, 1249, 1607]"
6300,"[677, 1567, 1929, 1880, 1578]"
6301,"[372, 368, 455, 1567, 762]"
6302,"[368, 455, 1704, 1607, 1628]"
6303,"[511, 1704, 1705, 1809, 1835]"
6304,"[1896, 372, 1607, 1704, 1188]"
6305,"[1157, 1896, 1607, 1025, 1071]"
6306,"[1896, 1157, 1192, 1704, 1191]"
6307,"[748, 372, 1705, 1607, 1704]"
6308,"[1704, 700, 1705, 1615, 1314]"
6309,"[1022, 349, 1155, 605, 374]"
6310,"[1615, 1586, 1903, 1011, 1556]"
6311,"[1021, 1627, 114, 1604, 1733]"
6312,"[1704, 1705, 445, 614, 257]"
6313,"[667, 1019, 306, 216, 1088]"
6314,"[862, 120, 1697, 840, 812]"
6315,"[831, 1704, 550, 1705, 223]"
6316,"[69, 269, 1876, 285, 1932]"
6317,"[374, 1733, 1788, 1924, 320]"
6318,"[1906, 1070, 1586, 614, 455]"
6319,"[1077, 1437, 1411, 1524, 1559]"
6320,"[349, 631, 1155, 1059, 1161]"
6321,"[1155, 1059, 374, 1884, 1161]"
6322,"[320, 976, 206, 970, 974]"
6323,"[1587, 1191, 547, 1904, 1526]"
6324,"[285, 269, 28, 739, 706]"
6325,"[1023, 1121, 1704, 1773, 454]"
6326,"[310, 1702, 1155, 1705, 1292]"
6327,"[272, 1878, 1707, 999, 1708]"
6328,"[878, 547, 306, 1191, 1853]"
6329,"[269, 285, 1932, 892, 1876]"
6330,"[269, 969, 276, 971, 970]"
6331,"[306, 358, 1788, 1268, 216]"
6332,"[1155, 433, 842, 92, 1887]"
6333,"[349, 1161, 1155, 374, 1023]"
6334,"[969, 269, 276, 971, 207]"
6335,"[1828, 1833, 1837, 430, 1772]"
6336,"[28, 614, 868, 1037, 24]"
6337,"[29, 28, 1063, 125, 1544]"
6338,"[7, 1697, 1696, 1156, 1618]"
6339,"[969, 443, 322, 968, 209]"
6340,"[1788, 1787, 69, 269, 285]"
6341,"[1915, 1902, 408, 223, 406]"
6342,"[1900, 443, 1543, 1638, 1615]"
6343,"[815, 1884, 1573, 640, 1600]"
6344,"[1586, 1081, 840, 120, 1615]"
6345,"[69, 1704, 1932, 134, 1876]"
6346,"[1022, 1155, 1249, 723, 605]"
6347,"[1197, 1792, 1788, 361, 807]"
6348,"[1135, 1787, 1603, 1786, 862]"
6349,"[1613, 969, 276, 207, 1191]"
6350,"[1099, 1102, 1081, 1734, 1020]"
6351,"[1917, 618, 7, 1001, 216]"
6352,"[1116, 1626, 1157, 1150, 418]"
6353,"[1917, 1607, 1894, 1599, 1544]"
6354,"[890, 112, 59, 216, 116]"
6355,"[1915, 1534, 1536, 478, 1752]"
6356,"[1299, 1019, 309, 1088, 599]"
6357,"[116, 1875, 1705, 1880, 1924]"
6358,"[1896, 1899, 1219, 409, 102]"
6359,"[409, 102, 937, 159, 1746]"
6360,"[1704, 1030, 1705, 1531, 1490]"
6361,"[1906, 1528, 110, 1705, 1704]"
6362,"[289, 1113, 1255, 1603, 1906]"
6363,"[1915, 1899, 677, 1922, 1897]"
6364,"[1249, 403, 452, 1300, 1697]"
6365,"[1905, 1063, 1704, 1613, 1762]"
6366,"[1620, 425, 677, 1612, 1519]"
6367,"[1917, 1704, 1637, 1612, 1705]"
6368,"[165, 868, 164, 425, 937]"
6369,"[1899, 106, 583, 507, 1389]"
6370,"[1900, 1915, 1902, 596, 598]"
6371,"[102, 97, 96, 106, 409]"
6372,"[1192, 575, 566, 571, 568]"
6373,"[1915, 890, 164, 868, 1907]"
6374,"[1160, 1155, 1900, 1891, 1646]"
6375,"[1302, 1327, 1363, 1225, 1324]"
6376,"[1902, 1620, 1074, 1704, 1752]"
6377,"[1899, 1906, 1762, 1758, 1705]"
6378,"[1072, 1646, 1705, 1620, 1762]"
6379,"[478, 1030, 1775, 1704, 1705]"
6380,"[320, 1636, 1113, 419, 1607]"
6381,"[1900, 788, 1543, 1789, 1498]"
6382,"[1900, 1902, 1915, 1543, 408]"
6383,"[1902, 1900, 1567, 114, 1137]"
6384,"[1762, 1922, 1897, 1063, 216]"
6385,"[1137, 1704, 1705, 885, 1873]"
6386,"[1705, 1324, 1704, 483, 1225]"
6387,"[454, 1721, 478, 1030, 1068]"
6388,"[1705, 1775, 1599, 1704, 478]"
6389,"[114, 890, 1599, 1705, 1536]"
6390,"[1888, 1258, 901, 1259, 1253]"
6391,"[515, 95, 1704, 1809, 1302]"
6392,"[409, 102, 937, 159, 1746]"
6393,"[1074, 1587, 95, 1758, 1704]"
6394,"[1599, 114, 1705, 890, 530]"
6395,"[1705, 1148, 624, 868, 1607]"
6396,"[1279, 1704, 1670, 1705, 652]"
6397,"[1272, 504, 1279, 1690, 1659]"
6398,"[73, 1394, 1690, 1417, 1317]"
6399,"[1279, 759, 1066, 73, 1317]"
6400,"[1807, 1936, 1279, 1295, 926]"
6401,"[1936, 294, 1807, 1534, 89]"
6402,"[1704, 376, 688, 1705, 677]"
6403,"[1787, 1279, 1603, 164, 1786]"
6404,"[1915, 1704, 1659, 1705, 1836]"
6405,"[823, 257, 486, 352, 1781]"
6406,"[1690, 1279, 396, 437, 94]"
6407,"[1677, 1704, 1705, 432, 521]"
6408,"[1814, 1813, 1817, 1816, 1820]"
6409,"[1279, 216, 403, 1666, 446]"
6410,"[1178, 1637, 1271, 1928, 1906]"
6411,"[1279, 1080, 346, 386, 1099]"
6412,"[1279, 1080, 921, 1607, 1255]"
6413,"[1928, 1178, 1906, 1193, 1733]"
6414,"[1104, 1819, 1816, 1817, 1820]"
6415,"[1705, 1704, 1607, 901, 1096]"
6416,"[1495, 1863, 42, 1368, 1810]"
6417,"[1915, 1807, 1067, 1904, 1746]"
6418,"[1807, 676, 690, 686, 1544]"
6419,"[1279, 1088, 1138, 1428, 1104]"
6420,"[1522, 1705, 1807, 1924, 1191]"
6421,"[1104, 363, 441, 732, 1807]"
6422,"[1612, 73, 1474, 1705, 1704]"
6423,"[128, 677, 903, 1279, 1249]"
6424,"[1277, 1936, 1279, 116, 1884]"
6425,"[208, 1704, 969, 1705, 516]"
6426,"[440, 1273, 1274, 1926, 435]"
6427,"[446, 1807, 1608, 1607, 128]"
6428,"[359, 432, 55, 997, 1672]"
6429,"[1786, 1279, 862, 1603, 606]"
6430,"[10, 1750, 1915, 446, 1204]"
6431,"[432, 1873, 1836, 1832, 1807]"
6432,"[1279, 73, 1317, 468, 1717]"
6433,"[73, 1717, 1317, 468, 1703]"
6434,"[1285, 1279, 293, 437, 1197]"
6435,"[1279, 926, 1534, 1025, 1536]"
6436,"[1936, 1935, 1807, 1302, 1809]"
6437,"[1279, 1936, 1082, 1659, 309]"
6438,"[98, 862, 1915, 1603, 1279]"
6439,"[1178, 1086, 1928, 1204, 1179]"
6440,"[440, 1192, 1599, 114, 1607]"
6441,"[903, 1837, 1833, 1828, 927]"
6442,"[1792, 1249, 1789, 408, 475]"
6443,"[656, 1269, 1155, 1704, 1179]"
6444,"[807, 440, 478, 1129, 1924]"
6445,"[1121, 29, 1192, 89, 1676]"
6446,"[1062, 1599, 692, 1123, 454]"
6447,"[359, 116, 24, 443, 164]"
6448,"[8, 73, 1742, 936, 282]"
6449,"[1313, 749, 1889, 98, 46]"
6450,"[1545, 98, 97, 96, 1924]"
6451,"[368, 1607, 1894, 1196, 1599]"
6452,"[1599, 335, 46, 1746, 291]"
6453,"[468, 1704, 1643, 530, 1705]"
6454,"[734, 726, 1650, 727, 1599]"
6455,"[1607, 1113, 1894, 1196, 1313]"
6456,"[1041, 1748, 1538, 1525, 1524]"
6457,"[1599, 1019, 1246, 1615, 1196]"
6458,"[125, 1900, 1825, 128, 739]"
6459,"[338, 1615, 1650, 726, 727]"
6460,"[408, 1638, 1915, 868, 164]"
6461,"[1557, 1549, 1262, 1196, 1522]"
6462,"[734, 1894, 727, 726, 1650]"
6463,"[1052, 1269, 1, 656, 1705]"
6464,"[1052, 309, 1076, 1484, 1705]"
6465,"[443, 966, 914, 1233, 952]"
6466,"[1599, 1607, 480, 1196, 1313]"
6467,"[102, 409, 1639, 159, 937]"
6468,"[1309, 459, 781, 454, 1617]"
6469,"[1878, 1707, 1586, 1615, 1646]"
6470,"[1543, 1544, 1525, 1520, 1561]"
6471,"[1246, 1019, 1599, 1615, 1196]"
6472,"[1100, 307, 1704, 1608, 363]"
6473,"[1878, 1707, 1196, 1522, 1549]"
6474,"[1607, 480, 73, 1615, 1894]"
6475,"[732, 479, 1894, 1607, 1152]"
6476,"[1302, 1522, 1480, 1704, 1343]"
6477,"[594, 1334, 1086, 930, 160]"
6478,"[1113, 1192, 29, 89, 1121]"
6479,"[4, 1313, 793, 1746, 163]"
6480,"[515, 1245, 464, 1492, 1475]"
6481,"[69, 1581, 1752, 1269, 1608]"
6482,"[734, 1607, 1894, 726, 1650]"
6483,"[320, 464, 302, 1753, 90]"
6484,"[430, 927, 1936, 441, 1897]"
6485,"[1008, 276, 430, 933, 1676]"
6486,"[594, 1895, 828, 1570, 1863]"
6487,"[865, 1747, 863, 1733, 1923]"
6488,"[1772, 884, 1735, 1704, 1705]"
6489,"[1188, 1187, 1114, 1338, 492]"
6490,"[1287, 1895, 828, 89, 1570]"
6491,"[865, 863, 1747, 828, 1405]"
6492,"[441, 1897, 1922, 801, 1731]"
6493,"[1934, 341, 1924, 412, 1697]"
6494,"[47, 1650, 727, 726, 734]"
6495,"[1015, 1759, 1785, 1287, 1764]"
6496,"[1216, 1287, 1835, 1872, 110]"
6497,"[1256, 1298, 430, 1905, 1627]"
6498,"[927, 1915, 1935, 1863, 1528]"
6499,"[11, 216, 647, 1681, 978]"
6500,"[135, 73, 808, 810, 726]"
6501,"[1795, 1764, 1776, 1757, 1781]"
6502,"[1277, 955, 1352, 468, 511]"
6503,"[949, 73, 1705, 1704, 705]"
6504,"[1705, 1733, 1249, 1704, 901]"
6505,"[116, 1915, 468, 1916, 778]"
6506,"[1772, 430, 1895, 1863, 927]"
6507,"[29, 1659, 1789, 125, 273]"
6508,"[1895, 828, 1863, 1935, 1570]"
6509,"[400, 133, 862, 1704, 1]"
6510,"[441, 624, 884, 692, 1141]"
6511,"[468, 107, 1756, 1905, 1704]"
6512,"[594, 542, 1895, 828, 1863]"
6513,"[1737, 1699, 1733, 276, 1696]"
6514,"[615, 1727, 385, 1636, 884]"
6515,"[1772, 1895, 1570, 828, 1863]"
6516,"[381, 1704, 1921, 1705, 259]"
6517,"[73, 1704, 1705, 468, 111]"
6518,"[82, 1570, 828, 903, 1863]"
6519,"[1733, 739, 1705, 1704, 1737]"
6520,"[73, 1114, 1062, 1917, 263]"
6521,"[447, 1273, 361, 1705, 1704]"
6522,"[1440, 1567, 527, 1213, 523]"
6523,"[1185, 808, 1731, 1732, 809]"
6524,"[1895, 903, 828, 1287, 1785]"
6525,"[631, 884, 624, 460, 1070]"
6526,"[1772, 594, 927, 828, 63]"
6527,"[1895, 828, 1645, 996, 1251]"
6528,"[478, 1924, 1704, 1705, 1761]"
6529,"[1924, 1281, 1900, 807, 1296]"
6530,"[1434, 478, 1924, 1704, 1705]"
6531,"[1915, 114, 1733, 455, 16]"
6532,"[116, 1884, 1246, 1035, 1197]"
6533,"[1915, 361, 1066, 1884, 446]"
6534,"[478, 1924, 163, 411, 807]"
6535,"[1924, 478, 1884, 1604, 406]"
6536,"[807, 1792, 1704, 114, 478]"
6537,"[921, 455, 1884, 919, 163]"
6538,"[1772, 395, 1246, 1884, 464]"
6539,"[1915, 125, 1733, 412, 1788]"
6540,"[116, 16, 1306, 925, 114]"
6541,"[1922, 1897, 114, 1884, 462]"
6542,"[478, 1704, 1924, 1705, 1197]"
6543,"[1915, 216, 478, 1246, 1197]"
6544,"[1915, 478, 1704, 677, 1924]"
6545,"[807, 1762, 1246, 361, 1137]"
6546,"[323, 388, 360, 1884, 1604]"
6547,"[1915, 1924, 478, 1902, 1884]"
6548,"[1884, 1197, 159, 937, 1025]"
6549,"[1924, 565, 1704, 1705, 1884]"
6550,"[114, 807, 116, 125, 1924]"
6551,"[1924, 1915, 1884, 1457, 51]"
6552,"[1761, 1704, 1924, 1552, 1705]"
6553,"[1924, 478, 1705, 1704, 1922]"
6554,"[361, 377, 1884, 1760, 1924]"
6555,"[1915, 1710, 368, 1192, 1704]"
6556,"[116, 1924, 478, 1884, 1600]"
6557,"[478, 1924, 1662, 1614, 1521]"
6558,"[1915, 116, 125, 455, 1884]"
6559,"[1246, 1558, 919, 1552, 1066]"
6560,"[1884, 259, 48, 1724, 1924]"
6561,"[1924, 1884, 1246, 1640, 1604]"
6562,"[1900, 1902, 1924, 114, 1552]"
6563,"[478, 1924, 922, 921, 1884]"
6564,"[478, 1704, 1924, 1705, 1063]"
6565,"[478, 1924, 1705, 1704, 868]"
6566,"[1924, 478, 116, 1884, 1600]"
6567,"[478, 1924, 1884, 1705, 1704]"
6568,"[361, 1915, 216, 1762, 360]"
6569,"[921, 919, 1884, 1604, 1705]"
6570,"[1704, 114, 1924, 1884, 1705]"
6571,"[98, 102, 478, 1884, 1197]"
6572,"[361, 96, 97, 807, 1760]"
6573,"[478, 1924, 1705, 159, 937]"
6574,"[1772, 1434, 1932, 1192, 190]"
6575,"[1760, 1762, 361, 1038, 818]"
6576,"[828, 1785, 1658, 1314, 1776]"
6577,"[1773, 478, 1705, 1704, 1297]"
6578,"[1704, 1705, 1461, 383, 1164]"
6579,"[478, 1704, 1760, 1762, 1758]"
6580,"[1607, 1896, 138, 441, 257]"
6581,"[18, 445, 114, 809, 1904]"
6582,"[921, 1784, 1922, 1897, 411]"
6583,"[691, 1884, 1704, 163, 159]"
6584,"[1788, 1915, 1704, 1611, 1705]"
6585,"[1704, 1884, 1705, 1025, 1924]"
6586,"[116, 1704, 455, 1705, 114]"
6587,"[1610, 1581, 1704, 1705, 1772]"
6588,"[212, 445, 1705, 126, 1599]"
6589,"[114, 1705, 1773, 1704, 1321]"
6590,"[1915, 1704, 1705, 1011, 1924]"
6591,"[1063, 691, 1573, 1434, 1544]"
6592,"[361, 1762, 1760, 1915, 807]"
6593,"[784, 1555, 1617, 292, 1550]"
6594,"[409, 102, 98, 1884, 96]"
6595,"[1915, 1836, 1873, 1197, 1832]"
6596,"[1762, 1617, 292, 1704, 1705]"
6597,"[926, 511, 1202, 410, 1704]"
6598,"[1777, 1765, 1704, 1299, 885]"
6599,"[1705, 1704, 778, 1809, 1832]"
6600,"[292, 116, 114, 926, 125]"
6601,"[324, 361, 1159, 900, 1705]"
6602,"[329, 914, 1769, 371, 1148]"
6603,"[1762, 1758, 1655, 292, 1760]"
6604,"[1928, 1906, 1025, 937, 159]"
6605,"[937, 1635, 915, 164, 165]"
6606,"[98, 96, 97, 89, 1924]"
6607,"[1617, 937, 1762, 1915, 1612]"
6608,"[885, 1104, 289, 1704, 1809]"
6609,"[926, 1618, 1636, 1704, 1249]"
6610,"[1915, 926, 1705, 1936, 1626]"
6611,"[926, 289, 885, 823, 1906]"
6612,"[1705, 1704, 1825, 1836, 1873]"
6613,"[1915, 1762, 1758, 1705, 1929]"
6614,"[1915, 511, 1704, 501, 1705]"
6615,"[292, 1762, 1758, 1617, 403]"
6616,"[926, 1618, 1705, 1704, 1617]"
6617,"[1928, 289, 1705, 1906, 438]"
6618,"[937, 159, 926, 1025, 919]"
6619,"[1915, 408, 618, 165, 1620]"
6620,"[1902, 1704, 1809, 1705, 162]"
6621,"[868, 1748, 408, 1071, 1080]"
6622,"[926, 885, 289, 1704, 1705]"
6623,"[926, 1555, 938, 1034, 925]"
6624,"[1618, 1617, 926, 124, 1825]"
6625,"[1902, 1704, 1809, 1705, 162]"
6626,"[1915, 925, 935, 1927, 175]"
6627,"[1915, 359, 1043, 937, 1193]"
6628,"[1915, 1618, 926, 938, 1887]"
6629,"[1915, 1618, 937, 164, 165]"
6630,"[1677, 760, 165, 926, 1550]"
6631,"[1618, 1627, 926, 1299, 175]"
6632,"[1915, 409, 926, 924, 1704]"
6633,"[1550, 926, 159, 937, 1742]"
6634,"[1618, 926, 1704, 1809, 1705]"
6635,"[1618, 926, 1704, 1705, 1617]"
6636,"[825, 1567, 1611, 16, 1549]"
6637,"[356, 862, 212, 979, 982]"
6638,"[1001, 1163, 739, 842, 381]"
6639,"[7, 412, 1697, 825, 1001]"
6640,"[443, 825, 1549, 1001, 1551]"
6641,"[385, 1167, 1182, 825, 556]"
6642,"[1113, 16, 455, 1191, 1762]"
6643,"[28, 1001, 1733, 825, 739]"
6644,"[408, 125, 1924, 224, 29]"
6645,"[120, 1924, 1634, 1733, 1792]"
6646,"[1922, 1897, 1924, 692, 1899]"
6647,"[120, 1292, 1634, 1733, 1633]"
6648,"[1832, 1590, 1052, 197, 1302]"
6649,"[811, 1066, 1915, 1807, 164]"
6650,"[1643, 460, 468, 1343, 1355]"
6651,"[1917, 1902, 1915, 1899, 1526]"
6652,"[1561, 1915, 677, 1901, 408]"
6653,"[1902, 102, 98, 97, 96]"
6654,"[1636, 455, 1899, 1567, 1884]"
6655,"[1904, 43, 1905, 1627, 1587]"
6656,"[925, 1902, 983, 1700, 171]"
6657,"[106, 1705, 1904, 1567, 1704]"
6658,"[1647, 785, 648, 1727, 1197]"
6659,"[762, 403, 1249, 765, 372]"
6660,"[1929, 1592, 1890, 1636, 276]"
6661,"[1705, 1704, 868, 1748, 1752]"
6662,"[1301, 1300, 1704, 403, 511]"
6663,"[289, 1705, 1904, 1704, 1769]"
6664,"[113, 1627, 1905, 1526, 1924]"
6665,"[138, 216, 212, 108, 1915]"
6666,"[1704, 933, 1705, 511, 135]"
6667,"[441, 1828, 1607, 1833, 1837]"
6668,"[1042, 1045, 1915, 380, 1591]"
6669,"[98, 102, 97, 96, 1313]"
6670,"[265, 1704, 1104, 1280, 1705]"
6671,"[716, 849, 1781, 1713, 1782]"
6672,"[1627, 927, 165, 1598, 1904]"
6673,"[1721, 361, 1570, 511, 1705]"
6674,"[1747, 863, 865, 314, 59]"
6675,"[1915, 1828, 1833, 1837, 922]"
6676,"[1889, 1904, 1705, 289, 1704]"
6677,"[807, 860, 1614, 1137, 1277]"
6678,"[1937, 126, 1924, 1705, 1523]"
6679,"[1203, 1063, 1772, 175, 138]"
6680,"[1915, 370, 394, 707, 345]"
6681,"[1915, 408, 1900, 114, 116]"
6682,"[692, 1747, 863, 865, 1915]"
6683,"[125, 1702, 423, 1244, 124]"
6684,"[1915, 528, 1507, 333, 1861]"
6685,"[322, 89, 1915, 901, 823]"
6686,"[291, 1708, 1878, 1707, 1772]"
6687,"[1915, 1704, 1705, 165, 1793]"
6688,"[1043, 419, 1705, 1704, 1760]"
6689,"[665, 629, 1028, 1705, 658]"
6690,"[1936, 294, 1807, 1534, 89]"
6691,"[535, 1567, 16, 114, 1496]"
6692,"[314, 528, 1507, 1902, 1434]"
6693,"[73, 150, 1050, 147, 282]"
6694,"[292, 1617, 1924, 1722, 1191]"
6695,"[480, 1705, 1704, 1760, 1758]"
6696,"[902, 403, 885, 66, 919]"
6697,"[1030, 1137, 138, 1560, 1042]"
6698,"[1828, 1837, 1833, 1836, 1873]"
6699,"[1677, 1929, 1592, 165, 823]"
6700,"[890, 331, 1587, 114, 1899]"
6701,"[125, 1915, 423, 1244, 677]"
6702,"[1915, 1030, 1042, 1591, 216]"
6703,"[431, 1760, 1081, 1761, 1264]"
6704,"[1900, 125, 423, 1244, 360]"
6705,"[1915, 1924, 937, 915, 159]"
6706,"[1915, 165, 1536, 868, 1748]"
6707,"[933, 919, 164, 924, 175]"
6708,"[165, 260, 1046, 1017, 1029]"
6709,"[1915, 1705, 455, 1704, 1299]"
6710,"[1924, 1937, 1705, 1704, 1677]"
6711,"[478, 1924, 116, 1915, 1676]"
6712,"[1889, 1193, 1029, 1025, 1795]"
6713,"[291, 1070, 1614, 455, 1713]"
6714,"[1592, 1607, 218, 1894, 1613]"
6715,"[1068, 496, 289, 1705, 1904]"
6716,"[936, 930, 604, 160, 999]"
6717,"[1775, 1705, 698, 1157, 478]"
6718,"[677, 376, 919, 1884, 1055]"
6719,"[478, 1924, 163, 411, 807]"
6720,"[261, 1788, 1053, 1787, 919]"
6721,"[1040, 1462, 126, 301, 1875]"
6722,"[291, 1636, 1614, 438, 363]"
6723,"[1755, 1761, 1507, 528, 339]"
6724,"[1896, 1157, 1608, 1613, 1607]"
6725,"[1700, 1863, 1771, 1935, 1833]"
6726,"[1201, 98, 96, 97, 749]"
6727,"[455, 1922, 1897, 1899, 1191]"
6728,"[938, 1158, 925, 935, 926]"
6729,"[1046, 1035, 677, 219, 868]"
6730,"[618, 1296, 1073, 1900, 1760]"
6731,"[116, 1705, 1704, 454, 692]"
6732,"[1915, 1924, 478, 1704, 1906]"
6733,"[1915, 1659, 408, 1259, 1261]"
6734,"[1878, 1707, 1915, 164, 1246]"
6735,"[1916, 1030, 1906, 1178, 1928]"
6736,"[1902, 1915, 1592, 406, 407]"
6737,"[1155, 1030, 1630, 926, 241]"
6738,"[368, 1098, 108, 1567, 95]"
6739,"[1772, 1510, 1358, 1567, 501]"
6740,"[113, 1025, 926, 165, 164]"
6741,"[1068, 636, 884, 1726, 824]"
6742,"[1884, 1708, 1772, 1878, 1707]"
6743,"[1319, 276, 259, 1153, 1875]"
6744,"[1704, 636, 1705, 853, 1885]"
6745,"[1707, 1889, 1317, 73, 1717]"
6746,"[291, 1614, 1606, 1636, 1746]"
6747,"[1704, 1705, 926, 1733, 1734]"
6748,"[1902, 409, 1552, 1197, 1118]"
6749,"[114, 1929, 1922, 1897, 1210]"
6750,"[1922, 1897, 1896, 1789, 454]"
6751,"[1915, 1885, 96, 97, 98]"
6752,"[28, 24, 1114, 1694, 1536]"
6753,"[1704, 1627, 1905, 1705, 1527]"
6754,"[749, 1704, 171, 1757, 1776]"
6755,"[1861, 1664, 1131, 1026, 1019]"
6756,"[125, 423, 1244, 1690, 1792]"
6757,"[1922, 1897, 919, 1025, 166]"
6758,"[692, 1906, 1600, 1246, 1191]"
6759,"[1042, 289, 165, 114, 212]"
6760,"[164, 1746, 98, 1025, 96]"
6761,"[863, 865, 1747, 313, 314]"
6762,"[276, 1704, 1705, 1516, 175]"
6763,"[1135, 1546, 1130, 1866, 1829]"
6764,"[120, 1733, 1573, 1634, 1306]"
6765,"[420, 1073, 1670, 1821, 1552]"
6766,"[919, 925, 164, 928, 924]"
6767,"[89, 1914, 165, 1746, 113]"
6768,"[1705, 528, 1507, 1434, 1128]"
6769,"[1924, 921, 922, 98, 1695]"
6770,"[277, 1033, 216, 1148, 1915]"
6771,"[623, 1704, 1705, 1131, 34]"
6772,"[28, 1904, 1255, 1666, 1191]"
6773,"[1069, 862, 1696, 1697, 396]"
6774,"[1042, 712, 1073, 1070, 1915]"
6775,"[1915, 692, 528, 1507, 1902]"
6776,"[1915, 807, 396, 349, 1203]"
6777,"[165, 1704, 1705, 1924, 164]"
6778,"[1552, 1541, 96, 97, 1543]"
6779,"[1055, 1929, 980, 1042, 212]"
6780,"[616, 136, 919, 408, 165]"
6781,"[1028, 665, 281, 875, 276]"
6782,"[665, 1705, 689, 1704, 649]"
6783,"[1543, 1544, 1562, 1555, 1742]"
6784,"[1706, 1702, 1925, 1810, 440]"
6785,"[430, 1828, 1833, 1837, 1260]"
6786,"[380, 1613, 1542, 1530, 37]"
6787,"[1705, 1724, 1904, 1613, 1191]"
6788,"[1559, 4, 618, 1670, 749]"
6789,"[1924, 1434, 1704, 1915, 538]"
6790,"[1349, 1219, 1495, 1620, 1037]"
6791,"[1915, 927, 1073, 1902, 1891]"
6792,"[409, 1700, 1646, 1197, 98]"
6793,"[291, 1627, 1905, 1071, 681]"
6794,"[125, 423, 1244, 1702, 1704]"
6795,"[165, 1905, 1704, 1627, 1705]"
6796,"[1902, 1118, 1201, 749, 1700]"
6797,"[1082, 478, 1148, 1030, 289]"
6798,"[96, 97, 102, 409, 1924]"
6799,"[1917, 1073, 858, 1071, 1052]"
6800,"[1900, 1902, 116, 114, 361]"
6801,"[455, 454, 1308, 465, 463]"
6802,"[1915, 1924, 1434, 528, 1507]"
6803,"[1760, 903, 1705, 1761, 1275]"
6804,"[1923, 314, 118, 864, 7]"
6805,"[1902, 409, 164, 420, 1700]"
6806,"[1113, 1192, 1011, 1586, 1121]"
6807,"[211, 1705, 913, 911, 1704]"
6808,"[700, 781, 1726, 1592, 1534]"
6809,"[1113, 1567, 16, 1922, 1897]"
6810,"[1100, 1904, 622, 308, 1063]"
6811,"[165, 164, 1677, 1704, 1705]"
6812,"[1902, 102, 97, 96, 749]"
6813,"[1902, 1098, 1088, 1552, 1561]"
6814,"[339, 978, 727, 726, 1650]"
6815,"[1906, 1620, 1899, 1705, 1704]"
6816,"[888, 372, 1567, 1863, 1935]"
6817,"[1705, 1192, 1704, 511, 501]"
6818,"[1759, 466, 458, 1556, 1538]"
6819,"[96, 97, 98, 1040, 164]"
6820,"[1246, 1878, 1707, 1708, 73]"
6821,"[1922, 1897, 113, 1907, 89]"
6822,"[1636, 1263, 1536, 1704, 432]"
6823,"[706, 711, 1134, 7, 922]"
6824,"[1279, 1936, 1277, 1086, 1295]"
6825,"[1618, 1705, 1704, 1733, 1567]"
6826,"[368, 372, 1570, 455, 1113]"
6827,"[1163, 1165, 1758, 1705, 1760]"
6828,"[292, 1722, 455, 454, 692]"
6829,"[89, 1531, 478, 1562, 1030]"
6830,"[938, 1904, 175, 1600, 43]"
6831,"[1252, 1915, 1302, 1705, 1704]"
6832,"[175, 1244, 423, 281, 1136]"
6833,"[1915, 1137, 692, 78, 453]"
6834,"[1705, 1807, 1915, 1704, 530]"
6835,"[1705, 1704, 1890, 1904, 289]"
6836,"[1030, 1750, 1742, 1274, 216]"
6837,"[808, 398, 1023, 1290, 1269]"
6838,"[409, 102, 1700, 1516, 1746]"
6839,"[1037, 1073, 74, 443, 1761]"
6840,"[1863, 89, 1746, 398, 924]"
6841,"[103, 1057, 1318, 853, 216]"
6842,"[1659, 1620, 1617, 933, 1901]"
6843,"[1586, 1901, 1193, 1615, 1885]"
6844,"[857, 1704, 1705, 1863, 1792]"
6845,"[1935, 441, 430, 1863, 927]"
6846,"[1904, 1890, 1191, 819, 97]"
6847,"[1246, 1878, 1707, 276, 1008]"
6848,"[368, 372, 862, 455, 1607]"
6849,"[862, 368, 886, 1929, 1613]"
6850,"[1915, 1713, 1704, 1705, 1526]"
6851,"[1896, 1608, 1567, 1539, 1517]"
6852,"[1704, 1705, 165, 589, 1606]"
6853,"[1830, 728, 1831, 79, 1254]"
6854,"[1833, 1837, 1828, 164, 1935]"
6855,"[1148, 885, 1704, 1885, 1705]"
6856,"[732, 1649, 683, 943, 196]"
6857,"[1620, 1193, 417, 1074, 115]"
6858,"[1246, 1459, 1176, 1878, 1707]"
6859,"[1613, 1705, 1542, 1704, 1530]"
6860,"[441, 1271, 1659, 1924, 1258]"
6861,"[125, 1690, 1702, 423, 1244]"
6862,"[116, 29, 89, 113, 414]"
6863,"[1915, 1279, 408, 1902, 1617]"
6864,"[1704, 1626, 926, 425, 1618]"
6865,"[1039, 1930, 924, 739, 1604]"
6866,"[125, 423, 1244, 1915, 862]"
6867,"[1014, 1590, 1924, 1592, 735]"
6868,"[165, 927, 1042, 1924, 1025]"
6869,"[1604, 216, 624, 1733, 1697]"
6870,"[1902, 1552, 1713, 1701, 1700]"
6871,"[1072, 372, 368, 454, 1087]"
6872,"[1118, 928, 924, 931, 934]"
6873,"[409, 1201, 420, 1199, 98]"
6874,"[1019, 1022, 749, 477, 360]"
6875,"[1772, 1304, 777, 1302, 1704]"
6876,"[1586, 1615, 1193, 1029, 1626]"
6877,"[398, 754, 1023, 1861, 938]"
6878,"[1604, 259, 1567, 1153, 1317]"
6879,"[1192, 16, 1726, 1567, 1611]"
6880,"[102, 409, 1197, 749, 446]"
6881,"[1752, 1753, 1755, 900, 1618]"
6882,"[521, 1705, 1704, 1499, 1506]"
6883,"[665, 1699, 1549, 98, 1541]"
6884,"[1902, 1900, 1591, 1552, 1543]"
6885,"[1705, 1704, 165, 1070, 530]"
6886,"[413, 1914, 1925, 1704, 1642]"
6887,"[1704, 1705, 1677, 1191, 624]"
6888,"[1704, 1755, 1705, 1924, 1434]"
6889,"[1613, 1636, 1607, 1191, 901]"
6890,"[1063, 1249, 1705, 1567, 1922]"
6891,"[1899, 1526, 96, 97, 163]"
6892,"[1924, 1400, 361, 377, 497]"
6893,"[1041, 1620, 1042, 1670, 925]"
6894,"[1704, 1924, 478, 1705, 114]"
6895,"[120, 1733, 1022, 1292, 815]"
6896,"[1157, 1896, 1705, 1567, 1608]"
6897,"[1902, 1591, 1900, 408, 1592]"
6898,"[1795, 1463, 1753, 1733, 1704]"
6899,"[1113, 1911, 1263, 1080, 887]"
6900,"[1072, 1704, 1894, 1705, 1567]"
6901,"[1704, 1769, 1705, 1922, 1897]"
6902,"[1560, 1155, 1202, 410, 1552]"
6903,"[1705, 1704, 1908, 1760, 1761]"
6904,"[3, 1860, 1864, 1868, 594]"
6905,"[90, 1924, 478, 1705, 1549]"
6906,"[703, 1742, 1575, 1620, 1138]"
6907,"[1935, 430, 927, 441, 1607]"
6908,"[1197, 1525, 1524, 1887, 1559]"
6909,"[865, 1747, 863, 1923, 313]"
6910,"[1899, 1526, 1705, 1704, 1915]"
6911,"[1201, 1701, 667, 1789, 749]"
6912,"[128, 1704, 1705, 933, 1567]"
6913,"[1157, 1607, 1592, 921, 1929]"
6914,"[1059, 102, 1704, 1560, 1915]"
6915,"[1762, 1924, 1899, 216, 1063]"
6916,"[1567, 165, 1193, 1620, 1604]"
6917,"[1615, 396, 1918, 605, 919]"
6918,"[1909, 1904, 1068, 1191, 418]"
6919,"[885, 1649, 727, 1915, 732]"
6920,"[207, 1915, 209, 849, 1863]"
6921,"[437, 1575, 1083, 1197, 4]"
6922,"[46, 1705, 629, 1145, 1746]"
6923,"[1157, 1704, 1613, 1896, 455]"
6924,"[1592, 1828, 1837, 1833, 1590]"
6925,"[1705, 409, 1030, 1567, 1899]"
6926,"[125, 1244, 423, 98, 96]"
6927,"[1915, 164, 1676, 1649, 1618]"
6928,"[455, 368, 1157, 1113, 1896]"
6929,"[368, 372, 1607, 1904, 1705]"
6930,"[1905, 1627, 1907, 1527, 1922]"
6931,"[1556, 1066, 1538, 1547, 1531]"
6932,"[1902, 1552, 409, 1776, 1757]"
6933,"[1902, 1863, 1935, 927, 1865]"
6934,"[1761, 1760, 1758, 1762, 1699]"
6935,"[730, 823, 1649, 478, 731]"
6936,"[291, 1760, 1070, 1758, 1762]"
6937,"[731, 1022, 477, 1019, 1167]"
6938,"[921, 1507, 528, 1193, 1761]"
6939,"[1119, 1041, 1676, 272, 1027]"
6940,"[1924, 1561, 1434, 528, 1507]"
6941,"[1704, 1915, 1924, 1705, 926]"
6942,"[73, 1190, 1878, 1707, 1636]"
6943,"[739, 1171, 1249, 375, 383]"
6944,"[1704, 1705, 480, 1924, 478]"
6945,"[1902, 1073, 102, 1757, 1776]"
6946,"[320, 1599, 443, 697, 1924]"
6947,"[1902, 1552, 1040, 408, 1900]"
6948,"[820, 1773, 1910, 1705, 1704]"
6949,"[1705, 1659, 1617, 1704, 1915]"
6950,"[1916, 1030, 1906, 1919, 1666]"
6951,"[98, 921, 1561, 1560, 528]"
6952,"[1201, 866, 96, 1320, 1073]"
6953,"[820, 641, 446, 1242, 860]"
6954,"[175, 165, 1658, 1896, 1822]"
6955,"[1926, 1193, 1746, 1531, 321]"
6956,"[1761, 1937, 1760, 1924, 1705]"
6957,"[165, 919, 924, 938, 928]"
6958,"[175, 164, 925, 924, 938]"
6959,"[97, 96, 98, 1201, 1700]"
6960,"[1922, 1897, 89, 1899, 113]"
6961,"[969, 443, 322, 968, 209]"
6962,"[89, 331, 128, 1896, 1922]"
6963,"[1204, 1567, 114, 408, 466]"
6964,"[332, 1246, 388, 1640, 618]"
6965,"[1899, 164, 165, 1620, 1034]"
6966,"[1915, 1343, 1299, 1438, 1369]"
6967,"[1071, 1904, 43, 1063, 1924]"
6968,"[688, 1705, 1704, 165, 1070]"
6969,"[478, 1924, 1884, 159, 937]"
6970,"[1704, 1071, 1191, 1705, 1904]"
6971,"[1612, 1620, 1598, 1558, 1887]"
6972,"[409, 102, 96, 97, 1518]"
6973,"[1902, 420, 216, 1040, 716]"
6974,"[1627, 1905, 1071, 1527, 1699]"
6975,"[1705, 1014, 1704, 408, 1915]"
6976,"[1072, 683, 1705, 1760, 1704]"
6977,"[432, 1636, 403, 1924, 1249]"
