q_id,web_list
1,"[135, 1567, 1704, 1880, 114]"
2,"[372, 368, 862, 1570, 455]"
3,"[116, 1762, 1705, 1761, 386]"
4,"[1051, 1043, 1704, 1761, 1705]"
5,"[926, 1520, 1561, 1518, 1556]"
6,"[108, 1495, 138, 349, 1042]"
7,"[1704, 1906, 1916, 1528, 1935]"
8,"[282, 1704, 1705, 511, 455]"
9,"[1896, 1025, 165, 164, 89]"
10,"[116, 1035, 1246, 1884, 1924]"
11,"[1599, 102, 1192, 1202, 410]"
12,"[1192, 1712, 114, 1523, 1611]"
13,"[919, 1915, 163, 165, 1025]"
14,"[372, 762, 926, 765, 901]"
15,"[1607, 1904, 1316, 18, 1587]"
16,"[1915, 1129, 918, 1269, 736]"
17,"[372, 368, 745, 1788, 1738]"
18,"[1903, 1607, 1792, 1316, 1587]"
19,"[1082, 1073, 1900, 360, 1543]"
20,"[1060, 1915, 1043, 1249, 1041]"
21,"[1915, 116, 1884, 1792, 18]"
22,"[1766, 1705, 1748, 1704, 349]"
23,"[73, 1704, 1705, 162, 919]"
24,"[102, 1541, 793, 96, 97]"
25,"[1915, 1641, 116, 98, 868]"
26,"[372, 368, 455, 1113, 862]"
27,"[1615, 1586, 1538, 1556, 1517]"
28,"[1775, 98, 1900, 857, 1828]"
29,"[1915, 89, 1705, 1618, 116]"
30,"[1043, 1760, 1924, 1884, 1604]"
31,"[1915, 1733, 149, 89, 1618]"
32,"[1915, 116, 1561, 1761, 1705]"
33,"[1915, 388, 1246, 1924, 1884]"
34,"[1499, 521, 1704, 1677, 1705]"
35,"[1704, 1607, 455, 1628, 164]"
36,"[271, 143, 558, 1649, 1705]"
37,"[1725, 608, 848, 781, 1705]"
38,"[1607, 1733, 1737, 768, 1734]"
39,"[478, 922, 1924, 1704, 1705]"
40,"[1915, 1071, 437, 349, 919]"
41,"[1524, 1525, 1752, 1559, 1197]"
42,"[372, 1570, 1121, 1557, 1040]"
43,"[1792, 1793, 1790, 1789, 1791]"
44,"[1256, 1299, 371, 430, 1258]"
45,"[1063, 1613, 739, 423, 1244]"
46,"[1620, 1037, 1049, 1030, 421]"
47,"[1627, 1907, 1905, 1745, 113]"
48,"[1896, 455, 1705, 1704, 1125]"
49,"[1919, 333, 1062, 975, 122]"
50,"[73, 162, 919, 931, 934]"
51,"[511, 1705, 1704, 1809, 1835]"
52,"[1915, 1900, 1917, 1902, 360]"
53,"[135, 1567, 1704, 1880, 114]"
54,"[28, 98, 1924, 29, 1704]"
55,"[1704, 1705, 511, 1809, 1835]"
56,"[1527, 1627, 1587, 1905, 919]"
57,"[455, 1704, 1607, 1705, 1613]"
58,"[706, 335, 1697, 1696, 164]"
59,"[1068, 1121, 1676, 116, 29]"
60,"[1178, 1600, 1936, 1040, 1926]"
61,"[1157, 432, 511, 1704, 1705]"
62,"[1924, 478, 1704, 1705, 1777]"
63,"[1071, 868, 1748, 1704, 1197]"
64,"[1891, 1527, 1567, 1705, 1321]"
65,"[1592, 995, 1567, 1705, 1704]"
66,"[1902, 1924, 1705, 1765, 1777]"
67,"[1705, 1167, 1704, 1184, 1733]"
68,"[666, 634, 1073, 664, 874]"
69,"[1915, 1580, 1340, 510, 1486]"
70,"[1896, 1157, 1607, 1586, 1608]"
71,"[89, 165, 125, 1534, 1676]"
72,"[1904, 1700, 1232, 124, 1593]"
73,"[1855, 376, 959, 677, 394]"
74,"[1612, 1704, 1758, 1762, 1705]"
75,"[1915, 1588, 1906, 1899, 1526]"
76,"[1915, 1705, 1704, 624, 1598]"
77,"[1915, 1917, 1902, 408, 1620]"
78,"[478, 102, 116, 1924, 1617]"
79,"[823, 1914, 1762, 88, 533]"
80,"[372, 1906, 1302, 599, 1705]"
81,"[971, 1273, 778, 447, 1926]"
82,"[1915, 1832, 1761, 1705, 1249]"
83,"[368, 1915, 862, 1042, 408]"
84,"[372, 368, 1915, 1113, 862]"
85,"[1079, 1043, 1920, 677, 1077]"
86,"[1586, 1615, 338, 1019, 734]"
87,"[1742, 1536, 1520, 1534, 1528]"
88,"[1896, 1607, 1192, 1705, 1157]"
89,"[1557, 1570, 1543, 1900, 1804]"
90,"[1704, 1449, 1177, 787, 1675]"
91,"[1713, 1701, 692, 1626, 667]"
92,"[1192, 1567, 372, 114, 455]"
93,"[1924, 903, 677, 376, 1932]"
94,"[116, 16, 1924, 1922, 1897]"
95,"[1915, 1618, 116, 1207, 455]"
96,"[478, 811, 139, 743, 123]"
97,"[1863, 430, 1260, 1258, 1256]"
98,"[219, 368, 887, 1040, 1014]"
99,"[1246, 1878, 1707, 310, 846]"
100,"[1615, 1906, 321, 1071, 1556]"
101,"[283, 1917, 359, 1902, 1900]"
102,"[1705, 1316, 1607, 1704, 1904]"
103,"[1299, 1814, 1813, 1706, 1810]"
104,"[1617, 926, 1884, 455, 1705]"
105,"[1772, 1812, 410, 1202, 1263]"
106,"[365, 1915, 408, 1008, 1014]"
107,"[371, 1148, 1762, 914, 924]"
108,"[1772, 1704, 1302, 1705, 1050]"
109,"[1638, 116, 1694, 164, 1748]"
110,"[511, 1129, 1704, 164, 1875]"
111,"[1915, 624, 1598, 324, 1277]"
112,"[1705, 933, 164, 1193, 419]"
113,"[73, 4, 1878, 1707, 7]"
114,"[1900, 1915, 1917, 1068, 101]"
115,"[478, 289, 443, 1495, 1030]"
116,"[1029, 1026, 1193, 1586, 159]"
117,"[1671, 1745, 1907, 1616, 96]"
118,"[765, 1733, 762, 768, 745]"
119,"[478, 1915, 1924, 1067, 116]"
120,"[1772, 828, 1646, 1451, 1853]"
121,"[455, 421, 89, 1025, 116]"
122,"[1772, 1706, 1815, 1811, 1812]"
123,"[735, 89, 164, 938, 1924]"
124,"[135, 1721, 1570, 1802, 1804]"
125,"[372, 1098, 368, 683, 1760]"
126,"[446, 1733, 216, 1788, 60]"
127,"[1915, 919, 1025, 937, 159]"
128,"[1929, 1307, 375, 114, 1567]"
129,"[455, 1704, 1607, 1705, 1628]"
130,"[1762, 292, 1758, 1761, 718]"
131,"[1878, 1707, 8, 11, 456]"
132,"[1907, 1704, 1705, 786, 1618]"
133,"[478, 1924, 455, 1705, 1704]"
134,"[1705, 478, 1924, 1704, 1906]"
135,"[1704, 511, 1705, 1511, 1777]"
136,"[45, 1708, 1596, 1913, 1878]"
137,"[372, 1607, 1157, 441, 1517]"
138,"[1567, 1618, 1705, 1761, 1704]"
139,"[1157, 1046, 165, 1659, 1607]"
140,"[1861, 1855, 1846, 398, 1863]"
141,"[1915, 1299, 1256, 1260, 1924]"
142,"[1906, 1070, 455, 862, 1926]"
143,"[1299, 1924, 1704, 1914, 1762]"
144,"[368, 1042, 698, 1192, 1286]"
145,"[1630, 1704, 927, 581, 441]"
146,"[1246, 453, 495, 78, 1561]"
147,"[1863, 927, 430, 1935, 903]"
148,"[1704, 1705, 1567, 1618, 1894]"
149,"[372, 368, 1070, 1894, 1613]"
150,"[901, 256, 1567, 83, 28]"
151,"[1915, 930, 1705, 1906, 1528]"
152,"[1113, 1077, 1066, 114, 1569]"
153,"[1915, 1043, 478, 1620, 1752]"
154,"[1704, 1705, 1758, 1760, 1761]"
155,"[1726, 1604, 1601, 1705, 846]"
156,"[73, 1723, 1717, 37, 3]"
157,"[372, 1733, 1704, 89, 1705]"
158,"[1071, 1807, 1704, 1705, 811]"
159,"[1277, 1726, 1662, 692, 1112]"
160,"[1029, 1042, 938, 1046, 1026]"
161,"[1071, 1884, 163, 919, 1025]"
162,"[1896, 1193, 1907, 1705, 421]"
163,"[1567, 1705, 1704, 1388, 1922]"
164,"[1599, 123, 1768, 349, 1772]"
165,"[1768, 1762, 1773, 1775, 1769]"
166,"[1015, 1287, 1895, 1863, 1570]"
167,"[663, 637, 102, 97, 96]"
168,"[288, 97, 96, 1590, 824]"
169,"[136, 137, 275, 273, 279]"
170,"[1772, 595, 597, 593, 1299]"
171,"[1673, 892, 1674, 872, 164]"
172,"[1922, 1897, 1907, 1899, 1704]"
173,"[47, 1314, 1636, 527, 368]"
174,"[128, 1789, 1792, 1790, 1786]"
175,"[794, 1044, 1746, 922, 97]"
176,"[1110, 1915, 438, 437, 1705]"
177,"[1705, 1704, 920, 89, 911]"
178,"[993, 1072, 868, 1091, 1748]"
179,"[1888, 1795, 1130, 97, 875]"
180,"[1915, 624, 324, 868, 1598]"
181,"[1570, 198, 372, 1192, 1121]"
182,"[372, 368, 1915, 1113, 454]"
183,"[1915, 1902, 1917, 1900, 101]"
184,"[1915, 306, 1705, 1562, 1704]"
185,"[1582, 1380, 88, 49, 1704]"
186,"[368, 1894, 455, 1704, 1705]"
187,"[113, 1922, 1897, 1899, 1924]"
188,"[116, 377, 1884, 361, 1040]"
189,"[1708, 1878, 1707, 1513, 3]"
190,"[1915, 1902, 1704, 1705, 1137]"
191,"[1915, 1710, 1070, 1705, 1786]"
192,"[1612, 1704, 1705, 162, 901]"
193,"[624, 1752, 1277, 1606, 1598]"
194,"[1705, 1704, 1567, 1598, 1612]"
195,"[1900, 1924, 1543, 1302, 1256]"
196,"[1071, 1705, 1704, 16, 1807]"
197,"[1704, 1472, 1705, 765, 510]"
198,"[926, 1598, 1617, 1662, 1903]"
199,"[865, 1747, 863, 1269, 885]"
200,"[919, 1884, 159, 786, 937]"
201,"[1705, 1704, 1914, 1748, 868]"
202,"[1900, 1543, 1704, 1620, 1705]"
203,"[878, 1704, 922, 1756, 1705]"
204,"[1607, 1517, 1608, 1904, 1613]"
205,"[1915, 478, 1924, 1704, 1884]"
206,"[1704, 1758, 1705, 1760, 1762]"
207,"[16, 446, 1045, 1203, 1044]"
208,"[1705, 1032, 1704, 1762, 1758]"
209,"[587, 862, 1924, 1603, 1786]"
210,"[737, 719, 347, 959, 724]"
211,"[1704, 478, 1705, 1924, 361]"
212,"[1924, 116, 112, 408, 1762]"
213,"[1705, 1904, 1040, 114, 289]"
214,"[598, 596, 574, 600, 571]"
215,"[1705, 1762, 1897, 1704, 1758]"
216,"[1523, 1705, 1538, 1556, 1906]"
217,"[1570, 1878, 1707, 1721, 372]"
218,"[1899, 1705, 1526, 1906, 522]"
219,"[1733, 757, 927, 741, 1788]"
220,"[165, 1915, 1697, 1676, 1698]"
221,"[1157, 1613, 108, 138, 1607]"
222,"[1013, 945, 1705, 1704, 726]"
223,"[1704, 1705, 551, 106, 1637]"
224,"[1567, 1192, 1705, 1704, 135]"
225,"[1906, 1705, 1825, 1704, 1528]"
226,"[1613, 1666, 926, 692, 1248]"
227,"[464, 522, 164, 1135, 98]"
228,"[1705, 375, 1704, 1349, 454]"
229,"[1732, 1728, 1704, 1705, 759]"
230,"[1649, 1637, 692, 1788, 324]"
231,"[1775, 1761, 1762, 1249, 1760]"
232,"[440, 676, 1704, 1599, 697]"
233,"[455, 884, 114, 1567, 16]"
234,"[107, 927, 884, 1905, 1627]"
235,"[1043, 677, 372, 1676, 455]"
236,"[1636, 292, 1705, 900, 1704]"
237,"[1874, 1705, 1704, 505, 1358]"
238,"[677, 1043, 796, 1761, 1762]"
239,"[1704, 116, 439, 631, 1884]"
240,"[1902, 1030, 1302, 921, 866]"
241,"[368, 372, 454, 1613, 1570]"
242,"[1588, 1906, 1090, 1529, 1351]"
243,"[1567, 135, 1705, 1704, 1760]"
244,"[114, 922, 1705, 1896, 1114]"
245,"[478, 1924, 1705, 1704, 1886]"
246,"[1902, 1900, 1917, 368, 116]"
247,"[1759, 1764, 1705, 145, 1752]"
248,"[1157, 368, 372, 1733, 321]"
249,"[455, 1726, 692, 125, 454]"
250,"[7, 1878, 1707, 1772, 1708]"
251,"[1601, 706, 692, 1761, 1704]"
252,"[1043, 1916, 1915, 1178, 1906]"
253,"[1792, 443, 1192, 807, 114]"
254,"[116, 1900, 1902, 1917, 1916]"
255,"[1704, 1705, 107, 440, 98]"
256,"[1157, 368, 1113, 1067, 1613]"
257,"[1705, 1704, 677, 1894, 748]"
258,"[1260, 430, 1256, 1258, 1863]"
259,"[1915, 1924, 1025, 89, 165]"
260,"[406, 407, 428, 223, 1086]"
261,"[1704, 1705, 1764, 494, 453]"
262,"[1886, 1762, 1598, 1761, 1257]"
263,"[419, 1914, 159, 937, 164]"
264,"[1705, 1704, 374, 1733, 89]"
265,"[1924, 478, 1704, 1705, 1755]"
266,"[1915, 1704, 1705, 1358, 1227]"
267,"[1760, 1900, 1758, 1617, 1902]"
268,"[1924, 478, 1705, 1704, 1884]"
269,"[368, 862, 683, 1538, 455]"
270,"[1586, 379, 1019, 334, 1615]"
271,"[1030, 1024, 1929, 1687, 927]"
272,"[1052, 363, 1667, 1733, 255]"
273,"[1915, 1900, 1299, 1077, 1929]"
274,"[1896, 1033, 1607, 164, 921]"
275,"[363, 1570, 1607, 1587, 1705]"
276,"[290, 257, 1704, 1705, 1696]"
277,"[1232, 1296, 1785, 259, 1511]"
278,"[1915, 1607, 527, 89, 113]"
279,"[1772, 364, 760, 1491, 346]"
280,"[403, 765, 751, 759, 752]"
281,"[1157, 1896, 1607, 1608, 1517]"
282,"[530, 1704, 1705, 896, 1762]"
283,"[372, 368, 1113, 1557, 862]"
284,"[1607, 1906, 1705, 1588, 1704]"
285,"[594, 1513, 542, 1772, 927]"
286,"[1900, 1917, 1543, 1077, 1902]"
287,"[1157, 1113, 368, 1615, 862]"
288,"[1904, 124, 18, 1316, 1587]"
289,"[1675, 862, 1676, 1592, 1915]"
290,"[125, 1761, 478, 1902, 1924]"
291,"[1915, 677, 1792, 1789, 1790]"
292,"[1173, 164, 89, 1166, 1733]"
293,"[420, 1786, 1603, 862, 606]"
294,"[1620, 933, 1705, 1704, 1775]"
295,"[1900, 1917, 1915, 359, 478]"
296,"[1620, 1793, 1915, 1043, 89]"
297,"[1917, 1914, 1704, 1758, 1762]"
298,"[1904, 1705, 116, 1192, 1067]"
299,"[1884, 1887, 171, 782, 1562]"
300,"[1249, 1705, 1202, 410, 1749]"
301,"[1043, 1249, 885, 1704, 1705]"
302,"[1772, 1516, 1705, 349, 1704]"
303,"[677, 1793, 1792, 1789, 1790]"
304,"[1704, 478, 1924, 1884, 919]"
305,"[1795, 1135, 875, 607, 1130]"
306,"[1015, 392, 135, 1728, 1727]"
307,"[1257, 1306, 462, 1363, 395]"
308,"[1705, 419, 1704, 165, 931]"
309,"[1787, 1786, 1775, 1761, 1769]"
310,"[1768, 135, 1889, 1769, 339]"
311,"[501, 1531, 1030, 1068, 868]"
312,"[1525, 1746, 1541, 98, 793]"
313,"[1705, 1704, 1765, 1777, 1825]"
314,"[441, 1295, 298, 433, 1687]"
315,"[165, 162, 919, 924, 938]"
316,"[599, 595, 597, 593, 765]"
317,"[455, 114, 1884, 16, 811]"
318,"[1915, 1900, 890, 922, 1676]"
319,"[1902, 1900, 114, 1884, 455]"
320,"[1932, 1704, 530, 1705, 896]"
321,"[1915, 1924, 1917, 478, 116]"
322,"[372, 29, 1072, 116, 886]"
323,"[988, 149, 971, 736, 1049]"
324,"[216, 1733, 1915, 116, 1544]"
325,"[1772, 1886, 1301, 1763, 356]"
326,"[1607, 1737, 1733, 768, 745]"
327,"[1924, 1762, 1704, 242, 1899]"
328,"[926, 919, 885, 1915, 1025]"
329,"[1713, 409, 96, 97, 1704]"
330,"[1863, 1935, 430, 927, 1023]"
331,"[361, 818, 1038, 446, 1760]"
332,"[1705, 1704, 1676, 1675, 1618]"
333,"[1607, 1192, 1704, 1615, 1705]"
334,"[1607, 1517, 1896, 1192, 1587]"
335,"[1604, 216, 1915, 1748, 868]"
336,"[1028, 1925, 784, 1626, 891]"
337,"[1902, 1704, 1926, 1705, 1699]"
338,"[1526, 1527, 1924, 1041, 1899]"
339,"[1570, 198, 372, 1192, 1121]"
340,"[1922, 1897, 114, 1192, 1884]"
341,"[372, 89, 116, 29, 1121]"
342,"[1902, 102, 1713, 420, 1068]"
343,"[114, 1875, 1761, 1192, 1704]"
344,"[1570, 372, 1875, 1536, 1694]"
345,"[1586, 1269, 1705, 1607, 1344]"
346,"[1915, 1113, 1192, 368, 1900]"
347,"[888, 1705, 1604, 1601, 1726]"
348,"[1915, 98, 1030, 900, 428]"
349,"[116, 379, 114, 1705, 1884]"
350,"[1704, 1705, 1760, 1917, 1758]"
351,"[478, 1705, 1924, 1758, 1761]"
352,"[368, 372, 1570, 455, 862]"
353,"[472, 277, 1701, 415, 2]"
354,"[1612, 1704, 164, 1705, 165]"
355,"[1915, 368, 1113, 677, 455]"
356,"[1915, 165, 885, 1008, 823]"
357,"[478, 1924, 919, 1704, 1922]"
358,"[677, 1812, 1811, 1705, 376]"
359,"[890, 1704, 1705, 112, 1904]"
360,"[1917, 1599, 1704, 1914, 1758]"
361,"[1900, 1705, 1029, 1543, 1025]"
362,"[1599, 1917, 1914, 1762, 1758]"
363,"[1900, 1917, 1543, 113, 112]"
364,"[1915, 95, 1899, 1620, 1704]"
365,"[919, 1025, 938, 921, 164]"
366,"[1795, 1887, 1888, 875, 1135]"
367,"[1270, 1710, 1658, 257, 1636]"
368,"[1836, 1832, 1316, 1873, 903]"
369,"[1023, 398, 1290, 1861, 1863]"
370,"[1704, 1769, 1775, 1705, 1762]"
371,"[1137, 857, 1705, 1704, 511]"
372,"[73, 171, 1670, 749, 1902]"
373,"[1787, 1786, 655, 411, 1733]"
374,"[116, 1915, 478, 1924, 1761]"
375,"[1524, 1525, 1752, 1559, 1197]"
376,"[1704, 1637, 1091, 1705, 692]"
377,"[1902, 1704, 442, 1104, 1705]"
378,"[1316, 561, 1758, 1461, 361]"
379,"[1907, 388, 478, 1705, 1897]"
380,"[1758, 1762, 884, 1914, 1704]"
381,"[368, 1, 1704, 1607, 455]"
382,"[478, 1704, 1924, 163, 919]"
383,"[1705, 1704, 1733, 1762, 1761]"
384,"[1613, 1608, 1909, 1914, 455]"
385,"[1017, 1599, 349, 919, 1043]"
386,"[1790, 1789, 292, 1788, 1792]"
387,"[372, 1567, 1721, 1924, 1733]"
388,"[98, 1628, 1070, 368, 289]"
389,"[1704, 1705, 1073, 1836, 1873]"
390,"[1915, 1557, 1662, 1125, 1066]"
391,"[1760, 361, 1273, 1762, 1926]"
392,"[1681, 881, 1922, 1897, 188]"
393,"[1488, 1705, 1029, 1133, 331]"
394,"[878, 1704, 922, 487, 1756]"
395,"[1567, 1192, 1705, 1704, 1896]"
396,"[478, 590, 597, 593, 599]"
397,"[1147, 1899, 375, 455, 1636]"
398,"[1906, 1302, 1704, 1705, 926]"
399,"[868, 1924, 1792, 1789, 1787]"
400,"[1705, 1894, 1756, 1704, 1884]"
401,"[1746, 1705, 1704, 165, 925]"
402,"[1915, 116, 1924, 1246, 1038]"
403,"[1705, 1758, 1804, 1801, 1802]"
404,"[347, 990, 1769, 1026, 258]"
405,"[1704, 1705, 511, 135, 468]"
406,"[1157, 862, 368, 901, 1613]"
407,"[1900, 1620, 1543, 1259, 1261]"
408,"[1902, 1900, 1713, 289, 1917]"
409,"[339, 1655, 1705, 1760, 1758]"
410,"[1745, 1671, 1616, 96, 1041]"
411,"[28, 1675, 1699, 29, 1248]"
412,"[1726, 692, 1601, 846, 109]"
413,"[204, 140, 200, 964, 195]"
414,"[126, 787, 59, 1908, 1544]"
415,"[135, 1711, 1570, 1187, 1803]"
416,"[175, 163, 938, 125, 919]"
417,"[1618, 1752, 1705, 930, 1704]"
418,"[1154, 1915, 1592, 408, 1018]"
419,"[1067, 1157, 1186, 1069, 1035]"
420,"[1148, 924, 959, 149, 371]"
421,"[851, 1705, 1131, 1026, 317]"
422,"[1587, 1627, 1037, 175, 922]"
423,"[594, 1513, 1340, 1772, 542]"
424,"[1607, 765, 1704, 1705, 511]"
425,"[1607, 1705, 1704, 455, 1733]"
426,"[365, 398, 446, 464, 334]"
427,"[116, 1192, 114, 1611, 296]"
428,"[1157, 1319, 368, 1011, 276]"
429,"[1549, 1727, 320, 1728, 98]"
430,"[1042, 1030, 728, 925, 1026]"
431,"[361, 398, 533, 681, 683]"
432,"[478, 919, 1924, 102, 1043]"
433,"[1915, 376, 140, 913, 677]"
434,"[862, 164, 1613, 165, 1787]"
435,"[372, 1567, 108, 135, 1792]"
436,"[1705, 1704, 162, 926, 919]"
437,"[933, 1705, 1704, 1887, 511]"
438,"[478, 1030, 1704, 1924, 1761]"
439,"[1772, 1580, 1486, 1223, 1340]"
440,"[1917, 1599, 1914, 1704, 1758]"
441,"[1915, 1704, 216, 349, 1766]"
442,"[1760, 1904, 1516, 1704, 1713]"
443,"[372, 1072, 368, 683, 1760]"
444,"[372, 368, 1113, 862, 1894]"
445,"[677, 376, 1580, 1704, 1705]"
446,"[1900, 114, 1902, 1108, 1133]"
447,"[1249, 1705, 1021, 1511, 1704]"
448,"[125, 116, 1704, 1024, 1758]"
449,"[1071, 1587, 89, 1627, 1897]"
450,"[1836, 1873, 1832, 1705, 1193]"
451,"[1894, 1704, 1607, 1, 1705]"
452,"[1917, 1762, 1705, 485, 1704]"
453,"[1900, 1902, 1917, 28, 1552]"
454,"[162, 919, 931, 934, 164]"
455,"[261, 1317, 1567, 259, 240]"
456,"[1915, 868, 1192, 1922, 1897]"
457,"[1916, 125, 1915, 1043, 1928]"
458,"[1900, 1924, 478, 1102, 434]"
459,"[1095, 1906, 1259, 1704, 823]"
460,"[1915, 1863, 1302, 1935, 1862]"
461,"[727, 726, 1650, 734, 1011]"
462,"[1135, 1924, 1855, 1086, 398]"
463,"[1924, 163, 1713, 175, 919]"
464,"[1915, 1924, 1704, 1705, 408]"
465,"[1570, 372, 108, 1721, 1557]"
466,"[926, 1158, 335, 885, 1748]"
467,"[73, 1759, 1764, 1776, 1757]"
468,"[1704, 1900, 349, 1705, 1543]"
469,"[1570, 372, 1733, 1787, 412]"
470,"[811, 1192, 1611, 365, 1071]"
471,"[692, 1304, 1255, 1250, 1277]"
472,"[1062, 1124, 1063, 116, 1875]"
473,"[1042, 1924, 1899, 1915, 1704]"
474,"[278, 276, 1752, 1052, 1071]"
475,"[1915, 1042, 677, 915, 914]"
476,"[594, 1513, 1340, 1580, 542]"
477,"[901, 1777, 1765, 1763, 1705]"
478,"[1900, 1543, 868, 353, 1620]"
479,"[1762, 1758, 112, 1523, 455]"
480,"[368, 455, 745, 1734, 765]"
481,"[1667, 1630, 79, 1648, 1053]"
482,"[292, 1617, 1761, 692, 1758]"
483,"[1607, 1733, 1157, 768, 1896]"
484,"[116, 1900, 1902, 706, 1884]"
485,"[1705, 1704, 1807, 1924, 1900]"
486,"[1607, 1517, 1608, 1613, 1904]"
487,"[888, 1636, 901, 1922, 1897]"
488,"[1612, 1762, 1574, 1758, 1620]"
489,"[1853, 1849, 1848, 1844, 1851]"
490,"[1915, 1917, 1705, 116, 1042]"
491,"[1549, 1915, 862, 372, 1551]"
492,"[368, 1608, 1607, 819, 372]"
493,"[1900, 1760, 1068, 1886, 1543]"
494,"[1792, 1192, 1599, 372, 1788]"
495,"[1760, 1705, 1758, 1884, 1761]"
496,"[1735, 1705, 1737, 1696, 1699]"
497,"[455, 1704, 1607, 1613, 1192]"
498,"[1025, 1033, 1041, 1924, 159]"
499,"[1192, 1712, 114, 1604, 1726]"
500,"[1767, 360, 319, 459, 160]"
501,"[1125, 1926, 455, 1705, 421]"
502,"[1370, 1358, 1030, 478, 1363]"
503,"[679, 1762, 682, 556, 1032]"
504,"[164, 1704, 1705, 1074, 1620]"
505,"[1019, 1022, 1889, 477, 749]"
506,"[1246, 1772, 1617, 927, 1769]"
507,"[357, 1936, 406, 823, 1649]"
508,"[1906, 1528, 1704, 1916, 1705]"
509,"[1704, 1758, 216, 1914, 1762]"
510,"[1902, 1917, 757, 927, 741]"
511,"[1915, 114, 455, 1567, 1636]"
512,"[372, 410, 1202, 368, 1607]"
513,"[219, 1060, 719, 994, 1046]"
514,"[1056, 1613, 1188, 1607, 216]"
515,"[216, 165, 113, 1025, 937]"
516,"[916, 408, 1884, 455, 960]"
517,"[1906, 455, 1607, 1255, 1733]"
518,"[1917, 1074, 1902, 1620, 95]"
519,"[1015, 220, 1058, 1710, 1005]"
520,"[1043, 1884, 1704, 1705, 420]"
521,"[1570, 372, 1802, 1721, 1705]"
522,"[1825, 1787, 1792, 1790, 1786]"
523,"[1704, 1900, 677, 1026, 1042]"
524,"[1752, 885, 1766, 1755, 1704]"
525,"[1917, 1924, 661, 408, 145]"
526,"[1705, 289, 1713, 1704, 1924]"
527,"[926, 258, 1558, 739, 1299]"
528,"[257, 1127, 1613, 1056, 1488]"
529,"[1772, 594, 212, 1912, 1026]"
530,"[1705, 1704, 1899, 165, 1892]"
531,"[1915, 357, 1363, 1906, 1001]"
532,"[1607, 1517, 164, 1659, 29]"
533,"[862, 368, 1762, 1758, 411]"
534,"[304, 478, 1074, 1030, 1068]"
535,"[1704, 1705, 1924, 1307, 505]"
536,"[73, 1207, 1704, 37, 1505]"
537,"[1761, 478, 1924, 163, 919]"
538,"[478, 1924, 335, 1705, 306]"
539,"[1317, 1567, 259, 1202, 410]"
540,"[89, 29, 1619, 1121, 349]"
541,"[1131, 97, 96, 925, 166]"
542,"[1936, 451, 1040, 440, 1611]"
543,"[1915, 1676, 1592, 599, 593]"
544,"[478, 1705, 1899, 1906, 1511]"
545,"[1906, 1873, 1836, 1832, 1704]"
546,"[398, 150, 136, 1080, 927]"
547,"[1586, 1836, 1607, 1615, 1903]"
548,"[1607, 478, 1924, 886, 928]"
549,"[552, 1924, 1705, 1758, 478]"
550,"[371, 1828, 430, 1148, 1935]"
551,"[1043, 1915, 1906, 1659, 164]"
552,"[1113, 368, 1066, 1056, 1613]"
553,"[1607, 1733, 765, 768, 745]"
554,"[1157, 1704, 511, 1607, 1192]"
555,"[1772, 1536, 1899, 1526, 1932]"
556,"[1924, 1760, 1705, 1761, 454]"
557,"[1567, 135, 1705, 1760, 1618]"
558,"[478, 1924, 1071, 1884, 1897]"
559,"[811, 1071, 322, 1762, 1758]"
560,"[1704, 1705, 349, 1073, 1760]"
561,"[114, 1915, 1917, 1900, 116]"
562,"[1900, 1915, 1917, 1902, 922]"
563,"[1704, 1516, 1705, 527, 1752]"
564,"[478, 1924, 919, 114, 1704]"
565,"[1520, 515, 1620, 1704, 1705]"
566,"[413, 811, 1898, 905, 1582]"
567,"[628, 1525, 1746, 98, 1541]"
568,"[1915, 1900, 376, 677, 919]"
569,"[1899, 1526, 1705, 1896, 1704]"
570,"[1607, 216, 1316, 1587, 1904]"
571,"[1906, 1899, 1528, 1916, 1910]"
572,"[1915, 1704, 1705, 1792, 1791]"
573,"[1915, 1676, 89, 114, 116]"
574,"[1567, 135, 108, 1704, 1880]"
575,"[1915, 868, 1748, 125, 20]"
576,"[1814, 1813, 1811, 1812, 1815]"
577,"[1772, 594, 1340, 1580, 649]"
578,"[1922, 1897, 1526, 89, 166]"
579,"[1924, 1899, 1900, 1543, 1914]"
580,"[223, 1332, 736, 1590, 1754]"
581,"[259, 1153, 1288, 256, 1567]"
582,"[98, 1619, 1550, 89, 1620]"
583,"[1671, 1745, 1616, 1924, 1520]"
584,"[1705, 1704, 1884, 1567, 16]"
585,"[1155, 1904, 1441, 660, 1316]"
586,"[1592, 149, 141, 1705, 138]"
587,"[1899, 1924, 216, 1704, 1193]"
588,"[624, 1704, 1705, 1598, 1030]"
589,"[1659, 926, 1561, 1556, 1520]"
590,"[1915, 1762, 1900, 857, 1030]"
591,"[116, 1067, 1921, 1884, 1705]"
592,"[1761, 982, 1681, 461, 21]"
593,"[420, 1786, 1700, 1603, 862]"
594,"[1915, 1705, 1704, 397, 97]"
595,"[1900, 1704, 1917, 765, 760]"
596,"[1064, 1916, 291, 1549, 1884]"
597,"[1915, 1924, 1904, 1316, 1598]"
598,"[1704, 1705, 1924, 868, 309]"
599,"[1705, 1826, 1704, 512, 510]"
600,"[1705, 1915, 116, 1924, 1561]"
601,"[1704, 1705, 511, 1023, 90]"
602,"[1900, 1742, 1543, 1836, 1924]"
603,"[1246, 1878, 1707, 73, 1908]"
604,"[1704, 1760, 1758, 1761, 1762]"
605,"[1900, 1915, 1917, 1049, 1620]"
606,"[1900, 1704, 1705, 1543, 1620]"
607,"[108, 1756, 1705, 851, 1704]"
608,"[677, 114, 116, 1567, 16]"
609,"[478, 1924, 1704, 1705, 114]"
610,"[1861, 1855, 1846, 412, 411]"
611,"[440, 427, 58, 54, 57]"
612,"[1726, 1712, 692, 1601, 846]"
613,"[116, 1760, 114, 1761, 1567]"
614,"[1704, 1705, 1758, 1760, 1761]"
615,"[1915, 677, 1705, 270, 1704]"
616,"[125, 128, 1705, 406, 407]"
617,"[760, 624, 1023, 364, 756]"
618,"[862, 1603, 606, 1786, 1787]"
619,"[1906, 1936, 1556, 1086, 1617]"
620,"[835, 1704, 1705, 1758, 1760]"
621,"[102, 409, 97, 96, 421]"
622,"[1903, 1615, 1030, 1044, 965]"
623,"[368, 379, 1113, 455, 1157]"
624,"[1772, 1704, 1705, 190, 1760]"
625,"[1915, 411, 171, 455, 116]"
626,"[1915, 371, 1148, 924, 1658]"
627,"[1772, 1034, 1337, 1932, 1639]"
628,"[363, 255, 1677, 1824, 1870]"
629,"[527, 1213, 523, 1440, 1922]"
630,"[114, 1875, 1761, 1704, 1192]"
631,"[1074, 1620, 1072, 1927, 1704]"
632,"[1915, 1917, 116, 1900, 1306]"
633,"[677, 1768, 1863, 1704, 1935]"
634,"[1915, 1900, 1917, 1902, 1704]"
635,"[933, 1659, 1193, 1914, 1620]"
636,"[1570, 372, 1721, 1705, 1878]"
637,"[1772, 1513, 542, 594, 595]"
638,"[1915, 1001, 368, 125, 1789]"
639,"[1906, 1302, 1762, 903, 1872]"
640,"[1902, 861, 1599, 443, 162]"
641,"[1915, 1202, 410, 926, 1618]"
642,"[1043, 288, 333, 692, 289]"
643,"[793, 1313, 1887, 749, 102]"
644,"[1567, 114, 216, 455, 1760]"
645,"[1705, 1704, 108, 1570, 496]"
646,"[1607, 1705, 1704, 432, 1903]"
647,"[351, 604, 1511, 1924, 1338]"
648,"[530, 1704, 1705, 896, 1762]"
649,"[1607, 1608, 1894, 1705, 1704]"
650,"[372, 1607, 1157, 1570, 1613]"
651,"[455, 1636, 406, 407, 1929]"
652,"[195, 203, 177, 196, 153]"
653,"[1704, 114, 1705, 1192, 1773]"
654,"[1618, 1675, 1772, 364, 762]"
655,"[1705, 1704, 1752, 901, 1894]"
656,"[455, 1907, 1899, 1567, 1705]"
657,"[1896, 1157, 1607, 1586, 1615]"
658,"[116, 1884, 454, 919, 1705]"
659,"[455, 1113, 535, 1210, 1457]"
660,"[1567, 455, 926, 1899, 1604]"
661,"[73, 1225, 1704, 1717, 601]"
662,"[1655, 1924, 478, 98, 1191]"
663,"[1726, 1662, 1915, 116, 1604]"
664,"[116, 1067, 114, 1705, 1567]"
665,"[231, 1032, 355, 1299, 408]"
666,"[1086, 1928, 1936, 1906, 89]"
667,"[341, 334, 7, 289, 1915]"
668,"[911, 381, 288, 1915, 149]"
669,"[1273, 1113, 1926, 697, 1274]"
670,"[1915, 1404, 501, 493, 1370]"
671,"[511, 514, 599, 595, 597]"
672,"[1072, 1752, 1911, 1620, 1704]"
673,"[1121, 1011, 1192, 1586, 1615]"
674,"[1704, 1607, 455, 1705, 1617]"
675,"[1786, 1787, 1792, 1791, 1789]"
676,"[1931, 291, 1246, 1273, 447]"
677,"[1900, 1902, 359, 1917, 349]"
678,"[48, 1704, 1705, 165, 1826]"
679,"[125, 1792, 28, 1187, 29]"
680,"[1567, 1618, 1705, 1760, 1704]"
681,"[1067, 1124, 997, 454, 603]"
682,"[108, 372, 368, 1072, 1705]"
683,"[216, 263, 1168, 250, 150]"
684,"[1705, 688, 1704, 1762, 1147]"
685,"[1775, 698, 1899, 1760, 1705]"
686,"[1915, 734, 727, 726, 1650]"
687,"[1915, 1352, 494, 493, 497]"
688,"[925, 921, 1042, 938, 890]"
689,"[1628, 97, 96, 1070, 368]"
690,"[1570, 1760, 1761, 1114, 372]"
691,"[1586, 1607, 1587, 1613, 1615]"
692,"[1902, 1704, 1926, 1924, 29]"
693,"[1924, 116, 163, 1610, 919]"
694,"[1704, 1434, 1504, 1773, 1705]"
695,"[1902, 1302, 1704, 570, 531]"
696,"[455, 1896, 1607, 1704, 1613]"
697,"[1666, 455, 919, 164, 167]"
698,"[844, 748, 1705, 165, 1704]"
699,"[478, 1924, 1704, 1705, 1617]"
700,"[700, 1617, 292, 1762, 1758]"
701,"[368, 1157, 862, 1113, 455]"
702,"[1705, 138, 1704, 1171, 911]"
703,"[511, 1704, 1705, 575, 749]"
704,"[197, 1042, 138, 921, 89]"
705,"[446, 1788, 1915, 1733, 216]"
706,"[441, 1733, 1935, 1922, 1897]"
707,"[1153, 255, 994, 1884, 1008]"
708,"[1607, 432, 1620, 781, 1733]"
709,"[291, 1713, 1533, 98, 102]"
710,"[1667, 1630, 79, 1648, 1053]"
711,"[1915, 1863, 927, 430, 1935]"
712,"[1567, 1192, 1705, 1704, 1896]"
713,"[372, 1570, 1903, 29, 89]"
714,"[421, 124, 1551, 1909, 1901]"
715,"[1772, 1899, 1758, 1654, 1704]"
716,"[368, 1704, 1705, 421, 455]"
717,"[1916, 1659, 385, 365, 136]"
718,"[1263, 1202, 410, 1299, 216]"
719,"[478, 1924, 1197, 1884, 116]"
720,"[1705, 346, 1190, 165, 7]"
721,"[1115, 390, 343, 1704, 553]"
722,"[681, 1705, 1760, 1746, 887]"
723,"[1900, 1704, 560, 890, 1705]"
724,"[1570, 1782, 1804, 372, 1802]"
725,"[1607, 372, 1157, 1896, 1608]"
726,"[1927, 1193, 1656, 1570, 171]"
727,"[376, 677, 1157, 455, 368]"
728,"[1896, 455, 368, 1157, 1113]"
729,"[1147, 1046, 1592, 206, 1277]"
730,"[1704, 765, 1705, 511, 1809]"
731,"[1607, 1608, 1, 1704, 1705]"
732,"[1636, 1157, 778, 1177, 1704]"
733,"[1772, 594, 878, 1513, 1704]"
734,"[1900, 1902, 1915, 1552, 1917]"
735,"[919, 167, 938, 924, 925]"
736,"[1246, 1708, 1613, 163, 1878]"
737,"[1587, 1607, 1527, 1905, 1599]"
738,"[1098, 762, 466, 757, 758]"
739,"[1889, 135, 1567, 1072, 372]"
740,"[1705, 1704, 1726, 582, 1601]"
741,"[1113, 455, 1922, 1897, 1896]"
742,"[163, 1036, 925, 423, 1244]"
743,"[1570, 372, 108, 1557, 1721]"
744,"[530, 1704, 1705, 896, 1914]"
745,"[1113, 992, 368, 1613, 1896]"
746,"[368, 1113, 412, 862, 455]"
747,"[116, 1157, 1676, 1618, 1896]"
748,"[1900, 1915, 1917, 1902, 1269]"
749,"[1752, 1043, 688, 1704, 697]"
750,"[1570, 1803, 1800, 1704, 1762]"
751,"[1924, 1617, 1299, 1704, 1705]"
752,"[1733, 1247, 1788, 412, 1792]"
753,"[116, 478, 1924, 114, 1884]"
754,"[339, 1902, 409, 96, 97]"
755,"[1705, 1105, 631, 1732, 1196]"
756,"[1567, 1705, 1704, 1762, 1758]"
757,"[936, 1793, 1863, 1792, 927]"
758,"[1789, 1790, 607, 1692, 1793]"
759,"[990, 162, 919, 164, 165]"
760,"[1074, 1900, 1704, 1042, 1705]"
761,"[1705, 933, 165, 167, 919]"
762,"[1917, 1070, 139, 1705, 496]"
763,"[1811, 1812, 1313, 1607, 1746]"
764,"[1192, 1611, 1705, 1704, 109]"
765,"[1900, 377, 1902, 677, 1917]"
766,"[1763, 306, 1066, 1055, 1088]"
767,"[594, 1762, 1899, 595, 590]"
768,"[692, 1746, 409, 688, 102]"
769,"[1659, 1733, 1762, 1758, 1914]"
770,"[1570, 372, 1721, 1705, 1802]"
771,"[368, 455, 862, 1193, 1697]"
772,"[73, 1742, 1541, 1564, 1489]"
773,"[843, 1620, 1520, 1542, 1518]"
774,"[1567, 1746, 1704, 1705, 1896]"
775,"[608, 451, 1270, 1936, 1600]"
776,"[1917, 1902, 1620, 1074, 1520]"
777,"[363, 1613, 257, 1662, 1756]"
778,"[1607, 1157, 441, 1615, 1896]"
779,"[915, 149, 964, 347, 966]"
780,"[1915, 926, 1676, 125, 1787]"
781,"[372, 368, 1070, 454, 1570]"
782,"[1915, 1026, 1043, 1029, 677]"
783,"[1155, 320, 303, 1054, 175]"
784,"[739, 1704, 1705, 257, 1733]"
785,"[1761, 1704, 1705, 1760, 496]"
786,"[270, 1591, 920, 1911, 1592]"
787,"[1763, 1570, 927, 810, 1675]"
788,"[1704, 1705, 860, 1760, 1523]"
789,"[380, 1705, 1704, 1674, 1135]"
790,"[885, 1520, 1556, 1518, 1538]"
791,"[1760, 1067, 919, 1064, 16]"
792,"[372, 368, 1894, 1788, 454]"
793,"[1082, 643, 637, 663, 664]"
794,"[875, 1130, 97, 165, 614]"
795,"[368, 372, 1072, 116, 1604]"
796,"[372, 292, 368, 1619, 1157]"
797,"[1617, 292, 1722, 1758, 1762]"
798,"[364, 760, 1491, 346, 1766]"
799,"[1705, 1758, 1704, 903, 454]"
800,"[1915, 1545, 1928, 1277, 1030]"
801,"[1570, 372, 1733, 216, 1792]"
802,"[1534, 1544, 1680, 1915, 1207]"
803,"[1216, 1355, 1415, 1214, 1612]"
804,"[1915, 1917, 1620, 1861, 1704]"
805,"[97, 96, 1772, 98, 856]"
806,"[1275, 1907, 114, 1704, 1405]"
807,"[1762, 1726, 1760, 1704, 1758]"
808,"[1604, 1567, 1611, 1192, 888]"
809,"[1204, 1630, 927, 1924, 1687]"
810,"[692, 1068, 1070, 1758, 1760]"
811,"[1929, 276, 1567, 1406, 1592]"
812,"[125, 1789, 1754, 1792, 1733]"
813,"[1070, 289, 1704, 1531, 116]"
814,"[1899, 1526, 510, 1924, 1472]"
815,"[1772, 1922, 1897, 1905, 1762]"
816,"[1030, 1917, 1916, 1919, 1178]"
817,"[1712, 1705, 1704, 558, 1762]"
818,"[1704, 1705, 1765, 1777, 1753]"
819,"[1760, 1704, 1705, 1758, 553]"
820,"[1922, 1897, 1899, 1526, 1906]"
821,"[1029, 930, 1039, 1025, 933]"
822,"[1553, 1924, 1705, 478, 1704]"
823,"[692, 693, 1601, 1726, 1662]"
824,"[165, 1935, 1677, 1733, 1788]"
825,"[339, 718, 1655, 116, 1889]"
826,"[1705, 1748, 89, 868, 1922]"
827,"[1071, 1705, 1704, 868, 1748]"
828,"[1814, 1813, 1817, 1816, 1820]"
829,"[1705, 530, 1704, 896, 901]"
830,"[1922, 1897, 1587, 1899, 1906]"
831,"[116, 289, 455, 1704, 1705]"
832,"[1671, 1616, 1071, 1745, 1025]"
833,"[116, 1724, 1899, 1192, 114]"
834,"[1924, 1904, 1296, 1785, 1191]"
835,"[925, 1746, 928, 98, 1705]"
836,"[206, 969, 955, 970, 976]"
837,"[693, 1907, 1636, 801, 926]"
838,"[1037, 139, 216, 1915, 1704]"
839,"[1899, 1526, 1922, 1897, 1545]"
840,"[478, 1026, 1924, 901, 1733]"
841,"[1586, 937, 159, 1615, 339]"
842,"[1055, 153, 978, 925, 919]"
843,"[1119, 271, 1636, 1027, 969]"
844,"[1037, 1041, 836, 81, 965]"
845,"[1586, 1607, 1192, 1615, 1627]"
846,"[1915, 1042, 1591, 1030, 1544]"
847,"[927, 1588, 1906, 1529, 1528]"
848,"[1905, 1627, 89, 1896, 1899]"
849,"[1726, 1704, 1760, 1761, 1705]"
850,"[1704, 1511, 484, 1914, 1762]"
851,"[1704, 1922, 1897, 1620, 922]"
852,"[165, 1896, 1905, 89, 1922]"
853,"[1261, 1253, 1676, 1298, 1259]"
854,"[275, 69, 274, 277, 280]"
855,"[1705, 1768, 626, 1661, 529]"
856,"[408, 1917, 455, 1902, 1592]"
857,"[250, 321, 922, 1145, 1246]"
858,"[409, 1073, 159, 1025, 97]"
859,"[1307, 1338, 1599, 1406, 1458]"
860,"[1526, 1905, 1899, 1556, 1926]"
861,"[1077, 478, 1929, 787, 807]"
862,"[1612, 1620, 165, 1072, 1615]"
863,"[1787, 1786, 614, 1907, 411]"
864,"[409, 1902, 1197, 1853, 1822]"
865,"[677, 1915, 1855, 376, 1846]"
866,"[1705, 1758, 1704, 1762, 1612]"
867,"[164, 28, 29, 1705, 1114]"
868,"[1705, 1924, 478, 1761, 1937]"
869,"[1531, 1705, 1704, 1904, 1899]"
870,"[731, 730, 386, 1729, 350]"
871,"[1705, 1704, 1246, 1878, 1707]"
872,"[112, 1745, 1671, 1616, 89]"
873,"[89, 681, 1615, 890, 441]"
874,"[927, 1630, 1044, 1905, 1027]"
875,"[256, 261, 408, 238, 234]"
876,"[219, 1677, 89, 692, 324]"
877,"[1697, 1696, 1884, 782, 432]"
878,"[263, 1032, 624, 285, 1188]"
879,"[164, 409, 1746, 96, 97]"
880,"[862, 1922, 1897, 1704, 409]"
881,"[1027, 927, 1036, 1526, 1042]"
882,"[868, 1071, 1587, 1748, 1915]"
883,"[692, 693, 1726, 1601, 846]"
884,"[291, 113, 890, 667, 165]"
885,"[1863, 1935, 1936, 1260, 430]"
886,"[291, 1070, 113, 112, 890]"
887,"[1745, 1527, 1671, 1616, 1550]"
888,"[1713, 121, 1201, 98, 96]"
889,"[409, 102, 667, 1746, 98]"
890,"[1705, 1704, 1904, 289, 1424]"
891,"[1307, 1915, 590, 1899, 587]"
892,"[1705, 1704, 1612, 1914, 1762]"
893,"[1705, 1704, 1424, 1904, 289]"
894,"[785, 350, 1167, 385, 1647]"
895,"[1922, 1897, 616, 1896, 1905]"
896,"[1077, 1193, 1905, 164, 1627]"
897,"[1915, 1042, 165, 1666, 164]"
898,"[1922, 1897, 1905, 1760, 1761]"
899,"[1907, 1601, 455, 1523, 109]"
900,"[1006, 1008, 260, 221, 997]"
901,"[1627, 1905, 163, 164, 423]"
902,"[1917, 1915, 1602, 408, 1677]"
903,"[1495, 1659, 96, 1828, 1705]"
904,"[919, 938, 1014, 1592, 258]"
905,"[1671, 1745, 1616, 1041, 1070]"
906,"[1627, 1905, 1587, 1886, 1588]"
907,"[921, 1666, 165, 1809, 164]"
908,"[1651, 1917, 116, 902, 1649]"
909,"[1762, 1758, 1617, 1704, 1705]"
910,"[1705, 1704, 1904, 1424, 1760]"
911,"[1191, 455, 1255, 1666, 1904]"
912,"[1903, 1922, 1897, 1052, 1050]"
913,"[1061, 719, 403, 222, 1046]"
914,"[1113, 368, 1896, 1160, 1188]"
915,"[1915, 128, 171, 1526, 868]"
916,"[1821, 1822, 1902, 1837, 1833]"
917,"[479, 1863, 927, 837, 1768]"
918,"[1705, 1704, 289, 1424, 1406]"
919,"[1761, 1760, 1704, 903, 693]"
920,"[113, 1627, 1905, 1899, 89]"
921,"[1795, 875, 1700, 165, 446]"
922,"[933, 1863, 617, 504, 927]"
923,"[1041, 1924, 1040, 1193, 1026]"
924,"[484, 1357, 50, 785, 497]"
925,"[222, 1047, 1915, 1052, 930]"
926,"[1030, 216, 911, 1705, 618]"
927,"[1627, 1905, 1922, 1897, 96]"
928,"[1899, 1922, 1897, 1526, 408]"
929,"[1915, 1246, 1066, 737, 736]"
930,"[1927, 1887, 128, 927, 1705]"
931,"[731, 386, 730, 1167, 1069]"
932,"[1025, 113, 98, 937, 159]"
933,"[89, 113, 165, 1677, 29]"
934,"[667, 291, 1758, 1762, 1760]"
935,"[1916, 428, 406, 407, 1296]"
936,"[478, 1927, 1114, 1762, 551]"
937,"[89, 1915, 1792, 1899, 1526]"
938,"[1516, 1704, 1705, 164, 1148]"
939,"[1726, 1704, 1761, 1760, 1705]"
940,"[1199, 1523, 1924, 1705, 1704]"
941,"[1704, 96, 97, 98, 1746]"
942,"[888, 1192, 106, 1277, 1915]"
943,"[1902, 1900, 1552, 1917, 408]"
944,"[350, 154, 270, 1055, 278]"
945,"[1068, 1724, 1907, 116, 96]"
946,"[1704, 1705, 1567, 1618, 95]"
947,"[933, 1617, 1706, 1810, 1815]"
948,"[1115, 125, 89, 1676, 1675]"
949,"[677, 1704, 1705, 1762, 1758]"
950,"[1904, 1705, 1746, 98, 1704]"
951,"[219, 357, 1046, 1130, 359]"
952,"[1772, 594, 1929, 1649, 1933]"
953,"[1627, 484, 1922, 1897, 1705]"
954,"[1705, 1704, 1884, 1889, 1424]"
955,"[1899, 1526, 1762, 1705, 1704]"
956,"[106, 1704, 1705, 1910, 1890]"
957,"[1071, 1748, 868, 1922, 1897]"
958,"[7, 1852, 1856, 1857, 1878]"
959,"[1907, 1926, 1705, 1762, 1704]"
960,"[1527, 113, 1533, 1587, 1538]"
961,"[1601, 116, 692, 1277, 1726]"
962,"[1772, 1424, 54, 57, 58]"
963,"[1705, 1704, 1424, 216, 1032]"
964,"[379, 375, 116, 339, 1747]"
965,"[1030, 1924, 341, 1934, 1919]"
966,"[89, 116, 455, 1924, 1534]"
967,"[702, 446, 1733, 1459, 1788]"
968,"[125, 657, 648, 159, 937]"
969,"[862, 163, 1630, 919, 317]"
970,"[1900, 1917, 1902, 1907, 116]"
971,"[1070, 112, 890, 291, 113]"
972,"[898, 893, 1349, 1367, 1246]"
973,"[1587, 1922, 1897, 1906, 1905]"
974,"[4, 749, 919, 162, 164]"
975,"[1924, 368, 1193, 1704, 165]"
976,"[441, 1935, 927, 1828, 1837]"
977,"[994, 256, 971, 260, 1042]"
978,"[1726, 692, 368, 1277, 846]"
979,"[163, 990, 164, 165, 937]"
980,"[212, 911, 1205, 990, 153]"
981,"[1072, 1705, 1490, 1704, 1752]"
982,"[1065, 812, 320, 279, 785]"
983,"[1586, 1924, 1915, 1752, 1704]"
984,"[1061, 1918, 1049, 1676, 255]"
985,"[28, 29, 216, 1762, 1193]"
986,"[1899, 1922, 1897, 1526, 89]"
987,"[1042, 1045, 116, 921, 164]"
988,"[1747, 116, 1705, 60, 1704]"
989,"[1915, 927, 1148, 930, 1828]"
990,"[1899, 1526, 113, 478, 124]"
991,"[1762, 704, 1758, 1063, 1899]"
992,"[106, 1926, 1910, 275, 1899]"
993,"[408, 522, 1423, 1431, 1040]"
994,"[274, 1304, 275, 136, 277]"
995,"[289, 1934, 692, 1676, 1911]"
996,"[1247, 96, 97, 1929, 1706]"
997,"[1671, 1616, 1745, 1025, 165]"
998,"[1747, 116, 865, 455, 863]"
999,"[296, 1746, 299, 1699, 1495]"
1000,"[915, 284, 317, 150, 1386]"
1001,"[1905, 1627, 1063, 1309, 460]"
1002,"[1705, 1704, 1775, 1567, 1354]"
1003,"[1705, 1704, 1567, 1890, 1618]"
1004,"[1495, 1809, 175, 1055, 216]"
1005,"[1863, 430, 1828, 1833, 1837]"
1006,"[1915, 102, 116, 159, 937]"
1007,"[376, 169, 1040, 1073, 1041]"
1008,"[1246, 1878, 1707, 437, 211]"
1009,"[419, 1903, 1535, 28, 24]"
1010,"[1538, 1914, 1556, 1518, 1520]"
1011,"[1713, 1536, 1615, 1556, 1538]"
1012,"[692, 693, 1601, 1726, 846]"
1013,"[1705, 1762, 1905, 1704, 1914]"
1014,"[159, 937, 921, 60, 1193]"
1015,"[1587, 1905, 89, 1627, 1922]"
1016,"[1915, 97, 96, 113, 1922]"
1017,"[1260, 430, 1863, 1828, 1256]"
1018,"[89, 165, 1627, 1907, 175]"
1019,"[1086, 1922, 1897, 150, 1046]"
1020,"[1705, 1032, 1704, 718, 1875]"
1021,"[455, 1896, 1613, 1518, 1536]"
1022,"[1696, 1762, 1705, 1704, 1758]"
1023,"[1308, 1784, 1030, 1610, 678]"
1024,"[1793, 898, 1792, 1790, 1791]"
1025,"[1705, 1704, 1424, 1726, 1760]"
1026,"[1424, 1624, 54, 57, 58]"
1027,"[1704, 165, 1025, 1705, 937]"
1028,"[1513, 1772, 430, 1863, 927]"
1029,"[1030, 1915, 1902, 1560, 1049]"
1030,"[443, 807, 411, 478, 323]"
1031,"[1916, 1825, 1704, 1836, 1873]"
1032,"[1704, 1705, 1826, 510, 512]"
1033,"[759, 1531, 1906, 1325, 1029]"
1034,"[275, 1924, 279, 350, 274]"
1035,"[657, 1320, 648, 165, 924]"
1036,"[165, 375, 1069, 1171, 1696]"
1037,"[1643, 1705, 1704, 860, 781]"
1038,"[1726, 1677, 692, 1704, 1705]"
1039,"[1557, 1555, 1890, 1619, 1617]"
1040,"[964, 1073, 291, 1902, 96]"
1041,"[1649, 1014, 286, 258, 823]"
1042,"[1652, 437, 1283, 442, 478]"
1043,"[981, 985, 213, 984, 983]"
1044,"[368, 1915, 1649, 1676, 1924]"
1045,"[1247, 1243, 418, 518, 1468]"
1046,"[1302, 1929, 1592, 1832, 1590]"
1047,"[1924, 1746, 1915, 96, 97]"
1048,"[102, 1301, 933, 504, 930]"
1049,"[921, 175, 938, 164, 163]"
1050,"[1066, 116, 289, 1531, 1705]"
1051,"[925, 113, 89, 735, 1587]"
1052,"[452, 1300, 403, 1704, 1705]"
1053,"[1176, 1700, 402, 1196, 1675]"
1054,"[1853, 1544, 1828, 1822, 1821]"
1055,"[95, 1762, 1758, 1705, 1704]"
1056,"[1227, 1383, 1226, 485, 1424]"
1057,"[1019, 1810, 1706, 1704, 409]"
1058,"[289, 1704, 1915, 1705, 857]"
1059,"[1747, 116, 865, 1600, 1191]"
1060,"[1705, 1704, 1904, 289, 1424]"
1061,"[1705, 1752, 1590, 1704, 823]"
1062,"[1704, 1705, 682, 454, 1824]"
1063,"[165, 113, 89, 1526, 952]"
1064,"[1906, 1261, 1258, 1676, 1253]"
1065,"[1455, 677, 1924, 1047, 1815]"
1066,"[1065, 1927, 1613, 455, 1762]"
1067,"[1915, 1299, 411, 128, 677]"
1068,"[1192, 1336, 1899, 1928, 1637]"
1069,"[807, 1792, 361, 1698, 116]"
1070,"[164, 89, 1922, 1897, 165]"
1071,"[259, 1030, 1526, 1924, 1049]"
1072,"[1904, 1746, 1705, 97, 96]"
1073,"[1518, 1904, 1537, 43, 1523]"
1074,"[1892, 1029, 1924, 1705, 1704]"
1075,"[1915, 1934, 478, 1924, 1133]"
1076,"[933, 286, 1128, 1151, 1075]"
1077,"[290, 96, 97, 1586, 98]"
1078,"[819, 166, 1904, 1587, 152]"
1079,"[102, 164, 1713, 171, 1041]"
1080,"[1257, 1030, 139, 1041, 357]"
1081,"[406, 1061, 162, 919, 164]"
1082,"[1762, 1761, 1758, 1878, 1707]"
1083,"[1915, 128, 1899, 113, 1627]"
1084,"[1900, 1543, 440, 1705, 1592]"
1085,"[787, 452, 409, 1853, 102]"
1086,"[1627, 1904, 1531, 1677, 1746]"
1087,"[116, 1655, 700, 339, 1724]"
1088,"[1069, 1179, 1618, 29, 89]"
1089,"[1046, 1014, 1592, 1929, 1590]"
1090,"[1924, 624, 1914, 216, 1758]"
1091,"[1690, 1704, 1705, 125, 1637]"
1092,"[959, 965, 1705, 1488, 1704]"
1093,"[165, 919, 938, 931, 164]"
1094,"[108, 1733, 887, 1773, 842]"
1095,"[1753, 1705, 1042, 919, 175]"
1096,"[1915, 1363, 497, 1825, 502]"
1097,"[1924, 1588, 1561, 1922, 1548]"
1098,"[1437, 1215, 1367, 1431, 1328]"
1099,"[4, 1915, 1541, 749, 102]"
1100,"[1713, 409, 1915, 1615, 335]"
1101,"[1055, 933, 1670, 1914, 1762]"
1102,"[1762, 1769, 1775, 1768, 1758]"
1103,"[1760, 1761, 1704, 1705, 778]"
1104,"[1096, 1106, 451, 1689, 443]"
1105,"[1855, 677, 376, 1915, 1846]"
1106,"[106, 1704, 1705, 1899, 1523]"
1107,"[28, 1193, 1612, 1762, 1694]"
1108,"[1253, 1258, 1676, 1260, 1259]"
1109,"[1704, 1705, 530, 896, 1615]"
1110,"[1210, 1705, 1704, 1032, 503]"
1111,"[1878, 1707, 1708, 542, 8]"
1112,"[688, 291, 1070, 680, 1586]"
1113,"[1046, 702, 1772, 408, 1123]"
1114,"[113, 29, 89, 471, 125]"
1115,"[1462, 557, 37, 1328, 1448]"
1116,"[1922, 1897, 1907, 89, 216]"
1117,"[1922, 1897, 89, 165, 28]"
1118,"[1304, 783, 324, 781, 1911]"
1119,"[692, 1726, 693, 1662, 1601]"
1120,"[1612, 1620, 1927, 1574, 1065]"
1121,"[1705, 112, 890, 1704, 1533]"
1122,"[276, 1915, 275, 274, 381]"
1123,"[1073, 1036, 1030, 1761, 1041]"
1124,"[1204, 1915, 1900, 1704, 1705]"
1125,"[1863, 1935, 927, 1833, 1828]"
1126,"[440, 711, 706, 1134, 781]"
1127,"[1587, 1627, 1905, 819, 113]"
1128,"[1612, 37, 1762, 1758, 1705]"
1129,"[1677, 89, 29, 1676, 116]"
1130,"[276, 1907, 1905, 1527, 1671]"
1131,"[1054, 522, 590, 595, 597]"
1132,"[990, 347, 971, 164, 159]"
1133,"[1902, 1201, 1900, 1552, 442]"
1134,"[1042, 1924, 288, 1560, 455]"
1135,"[1705, 703, 330, 1722, 1704]"
1136,"[1636, 1614, 363, 1112, 438]"
1137,"[1026, 885, 1008, 1906, 1592]"
1138,"[430, 1922, 1897, 1259, 1298]"
1139,"[73, 1087, 1106, 75, 1140]"
1140,"[1101, 1723, 1556, 1538, 1752]"
1141,"[1899, 1556, 1526, 530, 1704]"
1142,"[1704, 1014, 1832, 1252, 1705]"
1143,"[102, 1746, 97, 96, 1700]"
1144,"[1016, 301, 1795, 420, 658]"
1145,"[1210, 587, 1511, 1784, 1404]"
1146,"[1122, 1696, 290, 276, 1167]"
1147,"[339, 1070, 60, 1705, 865]"
1148,"[149, 1933, 1680, 1061, 548]"
1149,"[1066, 289, 1704, 379, 1705]"
1150,"[1915, 440, 1068, 368, 1061]"
1151,"[1705, 1761, 1704, 1760, 1762]"
1152,"[1904, 292, 1274, 1191, 1188]"
1153,"[1155, 778, 478, 624, 1924]"
1154,"[1405, 828, 1705, 1704, 1880]"
1155,"[739, 1737, 1735, 1727, 1263]"
1156,"[1042, 1915, 408, 1014, 1026]"
1157,"[1694, 159, 937, 164, 1193]"
1158,"[1705, 1704, 1348, 29, 89]"
1159,"[116, 1704, 1746, 289, 1705]"
1160,"[692, 693, 1726, 1760, 1662]"
1161,"[96, 97, 98, 1612, 1029]"
1162,"[1928, 1273, 1637, 1899, 447]"
1163,"[1062, 1033, 165, 935, 1916]"
1164,"[1538, 164, 1556, 937, 159]"
1165,"[735, 1041, 1029, 1039, 1030]"
1166,"[223, 1632, 1006, 216, 222]"
1167,"[325, 707, 394, 345, 370]"
1168,"[165, 89, 1075, 164, 408]"
1169,"[1935, 1863, 927, 1828, 430]"
1170,"[1705, 1924, 478, 1760, 663]"
1171,"[1915, 1042, 1704, 1044, 1039]"
1172,"[1760, 1704, 1758, 289, 1705]"
1173,"[28, 113, 165, 89, 150]"
1174,"[1924, 1822, 1821, 478, 1837]"
1175,"[286, 1055, 1915, 1676, 1677]"
1176,"[1246, 250, 1878, 1707, 1653]"
1177,"[439, 44, 703, 1599, 441]"
1178,"[692, 693, 1726, 888, 846]"
1179,"[1750, 1924, 430, 1833, 1828]"
1180,"[110, 1246, 1897, 1916, 1787]"
1181,"[1915, 259, 1498, 1055, 1153]"
1182,"[1889, 1201, 98, 96, 97]"
1183,"[1080, 758, 765, 1719, 1787]"
1184,"[275, 350, 274, 279, 280]"
1185,"[91, 1581, 1586, 379, 440]"
1186,"[1041, 1589, 1562, 1626, 1612]"
1187,"[289, 1916, 1135, 360, 1900]"
1188,"[865, 1747, 863, 265, 284]"
1189,"[873, 999, 901, 1106, 48]"
1190,"[1247, 925, 1704, 522, 410]"
1191,"[165, 937, 159, 164, 1924]"
1192,"[1896, 455, 421, 1613, 1906]"
1193,"[1612, 1705, 1704, 1889, 1072]"
1194,"[1916, 1030, 1590, 1928, 1178]"
1195,"[1281, 437, 1575, 446, 1102]"
1196,"[437, 216, 1099, 1281, 1102]"
1197,"[1907, 1899, 113, 1922, 1897]"
1198,"[216, 1085, 1762, 1704, 1758]"
1199,"[291, 1041, 113, 1042, 1604]"
1200,"[1768, 1889, 1775, 1769, 60]"
1201,"[1772, 221, 1363, 1261, 125]"
1202,"[1066, 116, 1726, 1604, 692]"
1203,"[1526, 1922, 1897, 1915, 927]"
1204,"[1746, 289, 1704, 116, 1606]"
1205,"[1610, 327, 1789, 1792, 455]"
1206,"[1705, 1325, 1677, 1676, 862]"
1207,"[927, 1863, 1298, 1828, 1833]"
1208,"[1885, 361, 1666, 1705, 1704]"
1209,"[1905, 1627, 1527, 89, 165]"
1210,"[1772, 408, 1299, 326, 1260]"
1211,"[116, 1768, 1769, 1890, 1775]"
1212,"[89, 1922, 1897, 1905, 1627]"
1213,"[1704, 1705, 319, 366, 1760]"
1214,"[1733, 412, 1788, 1787, 1792]"
1215,"[1202, 1590, 175, 165, 97]"
1216,"[1836, 1825, 1828, 1873, 1837]"
1217,"[1066, 407, 406, 1029, 1556]"
1218,"[4, 437, 1617, 1263, 1762]"
1219,"[1157, 108, 1930, 349, 1894]"
1220,"[1610, 1523, 1533, 1544, 112]"
1221,"[1726, 807, 692, 1042, 1915]"
1222,"[1620, 1704, 164, 1705, 1618]"
1223,"[1746, 1704, 1705, 289, 1904]"
1224,"[1705, 1063, 1904, 1704, 1531]"
1225,"[1878, 1707, 1708, 1246, 1772]"
1226,"[1197, 1752, 339, 1889, 1524]"
1227,"[1915, 1659, 723, 408, 1066]"
1228,"[933, 1193, 1809, 164, 1705]"
1229,"[455, 1199, 1523, 1192, 16]"
1230,"[1760, 447, 1704, 29, 1758]"
1231,"[1277, 1523, 109, 1199, 811]"
1232,"[624, 1598, 324, 1915, 1319]"
1233,"[1915, 702, 411, 410, 1202]"
1234,"[1705, 1915, 759, 125, 1733]"
1235,"[1705, 1704, 530, 526, 113]"
1236,"[1705, 1704, 1904, 289, 1424]"
1237,"[1620, 1722, 394, 1135, 1044]"
1238,"[1049, 175, 159, 937, 692]"
1239,"[1285, 1704, 1705, 1282, 1697]"
1240,"[1704, 1705, 291, 1365, 454]"
1241,"[222, 1047, 1094, 339, 1933]"
1242,"[95, 874, 93, 1760, 1775]"
1243,"[59, 1617, 1646, 1762, 1758]"
1244,"[811, 1071, 1904, 1924, 1746]"
1245,"[688, 1915, 692, 320, 108]"
1246,"[97, 96, 116, 98, 1746]"
1247,"[89, 165, 113, 890, 29]"
1248,"[938, 1904, 175, 778, 425]"
1249,"[1922, 1897, 1588, 1906, 1899]"
1250,"[1705, 1704, 1424, 1904, 289]"
1251,"[1071, 868, 1748, 1807, 542]"
1252,"[1733, 405, 171, 412, 1788]"
1253,"[1924, 1937, 1705, 478, 409]"
1254,"[1246, 1176, 73, 1772, 1907]"
1255,"[915, 952, 964, 911, 149]"
1256,"[1050, 1033, 1119, 166, 1027]"
1257,"[1118, 478, 1675, 669, 1924]"
1258,"[1772, 216, 1628, 420, 1842]"
1259,"[432, 1080, 777, 552, 403]"
1260,"[1924, 1705, 530, 1704, 896]"
1261,"[1627, 396, 927, 419, 1899]"
1262,"[260, 1055, 1060, 981, 1049]"
1263,"[1907, 1526, 1899, 1705, 89]"
1264,"[1258, 1261, 1259, 1676, 1253]"
1265,"[1706, 749, 866, 682, 1812]"
1266,"[1924, 478, 1704, 552, 275]"
1267,"[1746, 1921, 1068, 819, 96]"
1268,"[1587, 113, 1627, 409, 460]"
1269,"[58, 57, 54, 787, 1875]"
1270,"[116, 1043, 1704, 1705, 1067]"
1271,"[1072, 1613, 1069, 164, 1705]"
1272,"[1055, 1046, 732, 980, 736]"
1273,"[1246, 633, 790, 959, 419]"
1274,"[113, 1556, 1561, 1538, 1518]"
1275,"[1704, 922, 437, 1904, 1567]"
1276,"[368, 1899, 1733, 1599, 1762]"
1277,"[1935, 441, 1863, 1715, 430]"
1278,"[1601, 692, 1726, 846, 109]"
1279,"[1030, 1919, 1928, 1906, 1924]"
1280,"[1080, 403, 782, 777, 433]"
1281,"[1587, 1922, 1897, 1906, 1615]"
1282,"[749, 1701, 1386, 1770, 113]"
1283,"[1495, 928, 934, 931, 176]"
1284,"[1924, 478, 1553, 1894, 1705]"
1285,"[370, 1772, 1924, 527, 1176]"
1286,"[1527, 1587, 289, 159, 937]"
1287,"[493, 688, 1705, 1302, 1364]"
1288,"[1899, 921, 165, 1907, 419]"
1289,"[1705, 289, 96, 98, 1240]"
1290,"[1762, 1063, 1733, 1758, 1704]"
1291,"[1915, 108, 138, 141, 288]"
1292,"[1125, 96, 97, 98, 409]"
1293,"[1924, 354, 1816, 1817, 1820]"
1294,"[222, 1046, 1584, 357, 728]"
1295,"[1246, 1513, 381, 211, 594]"
1296,"[778, 1733, 48, 165, 1033]"
1297,"[222, 408, 1370, 261, 1363]"
1298,"[1052, 314, 166, 1733, 1070]"
1299,"[1042, 377, 1049, 921, 408]"
1300,"[1071, 925, 1922, 1897, 166]"
1301,"[1905, 1627, 904, 1922, 1897]"
1302,"[1929, 1486, 1873, 1836, 1338]"
1303,"[1899, 1300, 1784, 452, 1922]"
1304,"[1135, 1041, 1202, 1017, 1128]"
1305,"[1587, 819, 113, 1025, 1771]"
1306,"[1363, 1836, 1863, 1828, 1837]"
1307,"[1722, 686, 688, 703, 141]"
1308,"[1705, 1704, 289, 1904, 1424]"
1309,"[1705, 1904, 1067, 116, 1768]"
1310,"[1905, 1627, 1587, 1063, 113]"
1311,"[1519, 1561, 1535, 1523, 1659]"
1312,"[1025, 291, 915, 1071, 1904]"
1313,"[1705, 1704, 1758, 1762, 1914]"
1314,"[261, 267, 239, 234, 233]"
1315,"[1042, 446, 165, 1041, 1251]"
1316,"[432, 403, 1924, 1705, 1080]"
1317,"[1922, 1897, 1907, 1183, 329]"
1318,"[159, 937, 1363, 164, 176]"
1319,"[1809, 403, 886, 1705, 164]"
1320,"[438, 1125, 1807, 1677, 1676]"
1321,"[139, 1014, 408, 1733, 790]"
1322,"[1705, 1704, 406, 407, 1807]"
1323,"[1253, 1250, 141, 933, 862]"
1324,"[1692, 903, 1704, 1705, 683]"
1325,"[1733, 412, 1762, 1914, 1729]"
1326,"[681, 307, 308, 1599, 296]"
1327,"[1815, 1706, 1704, 902, 1822]"
1328,"[166, 1191, 1922, 1897, 1062]"
1329,"[1760, 1761, 1705, 1030, 921]"
1330,"[1063, 1905, 1627, 1922, 1897]"
1331,"[385, 1647, 351, 1080, 276]"
1332,"[116, 1924, 60, 1724, 1747]"
1333,"[1033, 150, 165, 409, 89]"
1334,"[1260, 1298, 1256, 1258, 927]"
1335,"[1612, 1620, 1626, 1574, 1065]"
1336,"[625, 1770, 613, 52, 1915]"
1337,"[656, 637, 663, 651, 653]"
1338,"[1055, 1649, 1584, 736, 1495]"
1339,"[341, 343, 452, 1704, 495]"
1340,"[1587, 1922, 1897, 1906, 1905]"
1341,"[1587, 1025, 1627, 1905, 89]"
1342,"[1922, 1897, 478, 1615, 113]"
1343,"[919, 934, 924, 938, 925]"
1344,"[1071, 868, 1748, 1705, 1704]"
1345,"[1733, 446, 1077, 1133, 677]"
1346,"[1899, 97, 1526, 478, 1529]"
1347,"[1705, 1556, 1704, 1598, 1890]"
1348,"[125, 165, 919, 164, 1906]"
1349,"[1064, 1552, 326, 1899, 1545]"
1350,"[915, 1063, 952, 914, 873]"
1351,"[408, 1917, 1900, 1902, 1704]"
1352,"[210, 106, 1907, 1910, 1618]"
1353,"[1704, 1457, 1511, 1249, 1705]"
1354,"[1623, 1907, 1705, 1704, 1887]"
1355,"[1581, 1810, 692, 462, 697]"
1356,"[1358, 1370, 1363, 1338, 1352]"
1357,"[1889, 1704, 1705, 60, 1907]"
1358,"[921, 1924, 1627, 97, 163]"
1359,"[432, 403, 1924, 552, 478]"
1360,"[1863, 1828, 1935, 1837, 1833]"
1361,"[1922, 1897, 928, 165, 1915]"
1362,"[1915, 1085, 1076, 216, 396]"
1363,"[1836, 1760, 1873, 1832, 903]"
1364,"[692, 1112, 116, 454, 1070]"
1365,"[1906, 1273, 692, 1926, 1894]"
1366,"[128, 326, 1587, 1899, 1627]"
1367,"[1792, 1789, 1788, 1733, 1787]"
1368,"[1915, 707, 1042, 370, 1030]"
1369,"[885, 1205, 181, 184, 178]"
1370,"[1704, 1705, 1567, 1618, 1878]"
1371,"[452, 1300, 1301, 1627, 1587]"
1372,"[419, 1906, 1917, 1042, 540]"
1373,"[1917, 1034, 1620, 1902, 1612]"
1374,"[320, 1192, 1163, 1113, 89]"
1375,"[89, 1915, 717, 446, 1705]"
1376,"[273, 275, 1255, 279, 280]"
1377,"[1904, 1884, 1762, 1758, 1063]"
1378,"[1889, 1768, 1775, 60, 1769]"
1379,"[1054, 368, 320, 377, 1137]"
1380,"[1925, 89, 1073, 165, 681]"
1381,"[1488, 1046, 719, 1672, 1249]"
1382,"[216, 927, 1762, 1704, 1758]"
1383,"[1902, 1900, 128, 106, 1536]"
1384,"[1893, 1019, 1462, 1022, 477]"
1385,"[1762, 1758, 1914, 1752, 1705]"
1386,"[1901, 1704, 1907, 1547, 1705]"
1387,"[1157, 1124, 344, 1176, 1312]"
1388,"[440, 1904, 1924, 1149, 1249]"
1389,"[1612, 1027, 1762, 1758, 1705]"
1390,"[1705, 1704, 554, 1534, 1066]"
1391,"[1705, 289, 1704, 1192, 1904]"
1392,"[1520, 1518, 1561, 1538, 1556]"
1393,"[1922, 1897, 1197, 89, 125]"
1394,"[1733, 1902, 1788, 1792, 1789]"
1395,"[1705, 1459, 1176, 558, 1704]"
1396,"[1772, 927, 1884, 1863, 786]"
1397,"[1192, 116, 16, 339, 1067]"
1398,"[408, 737, 291, 1917, 1640]"
1399,"[1604, 1726, 692, 1662, 1523]"
1400,"[443, 1762, 95, 530, 1704]"
1401,"[276, 370, 345, 1319, 707]"
1402,"[1705, 1704, 1896, 1157, 1601]"
1403,"[98, 1713, 1893, 1626, 1822]"
1404,"[368, 372, 1647, 1567, 785]"
1405,"[1246, 509, 1907, 1772, 1363]"
1406,"[165, 89, 1033, 128, 959]"
1407,"[1912, 1021, 1774, 518, 1363]"
1408,"[1811, 1828, 1833, 1837, 430]"
1409,"[1922, 1897, 1903, 1906, 1905]"
1410,"[819, 511, 116, 1705, 1704]"
1411,"[116, 1769, 1192, 1768, 1795]"
1412,"[1029, 1041, 1027, 174, 176]"
1413,"[116, 363, 1600, 339, 692]"
1414,"[1904, 1746, 96, 97, 1025]"
1415,"[1902, 1900, 1552, 1917, 884]"
1416,"[1026, 1041, 902, 212, 159]"
1417,"[1705, 1613, 1914, 1704, 1905]"
1418,"[408, 97, 1029, 1924, 1086]"
1419,"[1055, 245, 1320, 925, 1495]"
1420,"[1354, 1704, 1705, 1762, 1758]"
1421,"[1157, 811, 109, 1199, 46]"
1422,"[1587, 1627, 1025, 1904, 96]"
1423,"[692, 693, 1726, 1191, 1601]"
1424,"[445, 1204, 3, 47, 1314]"
1425,"[339, 1147, 1907, 462, 1692]"
1426,"[1907, 670, 1705, 901, 1704]"
1427,"[1612, 1762, 1617, 1758, 1704]"
1428,"[1891, 1762, 1617, 1758, 704]"
1429,"[1828, 1837, 1833, 121, 1427]"
1430,"[1904, 43, 1643, 1160, 1618]"
1431,"[1828, 1935, 430, 677, 1260]"
1432,"[1762, 89, 1905, 1922, 1897]"
1433,"[89, 113, 1534, 29, 890]"
1434,"[1878, 1707, 1705, 1704, 108]"
1435,"[1898, 49, 533, 1582, 1380]"
1436,"[1712, 1705, 1704, 558, 1762]"
1437,"[1704, 1025, 921, 165, 937]"
1438,"[165, 110, 1025, 1899, 1061]"
1439,"[1612, 1620, 1762, 1074, 1050]"
1440,"[1620, 1193, 28, 901, 1762]"
1441,"[1248, 862, 351, 1006, 1686]"
1442,"[1112, 1611, 1733, 121, 455]"
1443,"[1704, 1705, 1620, 1587, 1762]"
1444,"[1077, 1706, 291, 478, 1924]"
1445,"[1915, 788, 1511, 1249, 1592]"
1446,"[1076, 1907, 216, 1085, 1612]"
1447,"[643, 781, 1911, 1614, 1250]"
1448,"[1518, 1904, 1523, 1519, 1538]"
1449,"[165, 1041, 1527, 890, 1519]"
1450,"[273, 1677, 925, 275, 279]"
1451,"[1902, 1900, 1552, 1917, 1561]"
1452,"[1119, 1027, 338, 1041, 272]"
1453,"[1789, 1790, 1792, 1788, 1786]"
1454,"[1030, 1039, 405, 1526, 97]"
1455,"[1055, 1705, 1193, 165, 1495]"
1456,"[862, 673, 1192, 421, 1697]"
1457,"[1899, 1760, 1521, 1705, 1704]"
1458,"[1792, 1786, 1787, 128, 1788]"
1459,"[1335, 498, 1345, 1329, 1330]"
1460,"[1922, 1897, 1586, 1615, 1905]"
1461,"[1924, 1917, 646, 51, 1902]"
1462,"[530, 1704, 1705, 896, 1219]"
1463,"[1704, 1603, 862, 164, 1705]"
1464,"[1762, 1775, 1769, 1758, 1705]"
1465,"[1545, 97, 96, 1700, 1196]"
1466,"[926, 1618, 919, 159, 937]"
1467,"[879, 876, 124, 880, 877]"
1468,"[409, 102, 171, 98, 97]"
1469,"[409, 96, 97, 102, 1702]"
1470,"[1205, 988, 720, 915, 914]"
1471,"[1905, 1176, 1627, 1025, 1587]"
1472,"[1277, 1762, 1899, 692, 1704]"
1473,"[408, 1649, 1053, 1299, 995]"
1474,"[1077, 114, 326, 333, 394]"
1475,"[1915, 406, 407, 618, 868]"
1476,"[594, 1772, 1513, 1421, 542]"
1477,"[1567, 862, 1549, 1914, 1249]"
1478,"[1905, 1627, 113, 1527, 1907]"
1479,"[1067, 339, 1724, 1721, 116]"
1480,"[1627, 1587, 1613, 165, 164]"
1481,"[1915, 124, 216, 96, 97]"
1482,"[1922, 1897, 89, 1526, 1608]"
1483,"[677, 376, 571, 1787, 1733]"
1484,"[106, 1704, 1926, 1705, 1762]"
1485,"[1590, 410, 1202, 1919, 1041]"
1486,"[1700, 124, 1201, 1904, 1232]"
1487,"[927, 1935, 1863, 1792, 1193]"
1488,"[409, 478, 1705, 97, 96]"
1489,"[438, 1637, 1636, 211, 1905]"
1490,"[711, 1070, 291, 1662, 926]"
1491,"[289, 1705, 1692, 1704, 607]"
1492,"[688, 1014, 1836, 1106, 1733]"
1493,"[89, 1733, 1788, 412, 1789]"
1494,"[166, 291, 1746, 1704, 98]"
1495,"[1071, 1080, 1807, 1704, 1705]"
1496,"[1504, 789, 171, 1924, 126]"
1497,"[135, 1567, 1704, 1880, 114]"
1498,"[29, 1640, 1112, 862, 1692]"
1499,"[1316, 1825, 1915, 1705, 216]"
1500,"[1761, 1705, 1704, 1072, 1760]"
1501,"[1607, 1517, 1316, 1904, 1363]"
1502,"[116, 1915, 125, 159, 937]"
1503,"[1157, 368, 1113, 1067, 1896]"
1504,"[1136, 1704, 319, 1705, 322]"
1505,"[926, 1066, 1552, 1617, 1255]"
1506,"[1705, 1704, 1752, 432, 1193]"
1507,"[1157, 1607, 432, 1906, 1035]"
1508,"[98, 1884, 1705, 1704, 919]"
1509,"[1607, 1894, 1043, 1705, 1599]"
1510,"[1409, 1705, 1466, 1338, 1752]"
1511,"[722, 1836, 1873, 347, 1832]"
1512,"[163, 1587, 165, 164, 1072]"
1513,"[195, 146, 138, 153, 982]"
1514,"[278, 1016, 274, 1915, 270]"
1515,"[361, 1763, 1758, 1762, 1760]"
1516,"[1567, 372, 752, 135, 762]"
1517,"[1352, 1338, 1334, 964, 145]"
1518,"[1705, 1775, 1704, 1567, 1618]"
1519,"[114, 1704, 1705, 1192, 1567]"
1520,"[1705, 1826, 793, 1704, 1541]"
1521,"[794, 866, 793, 867, 1313]"
1522,"[1792, 1790, 1793, 1789, 1791]"
1523,"[890, 1620, 112, 1612, 1599]"
1524,"[362, 1567, 1192, 1085, 1076]"
1525,"[1615, 329, 1586, 346, 1099]"
1526,"[1332, 1659, 1630, 1618, 824]"
1527,"[1612, 1704, 1705, 997, 1888]"
1528,"[409, 102, 1137, 97, 96]"
1529,"[1541, 793, 98, 1313, 102]"
1530,"[1552, 408, 1705, 1704, 48]"
1531,"[372, 368, 1113, 862, 1896]"
1532,"[342, 1704, 1705, 1007, 496]"
1533,"[1317, 365, 1344, 1083, 1411]"
1534,"[1792, 1787, 1788, 1786, 1072]"
1535,"[1936, 1598, 926, 1904, 1704]"
1536,"[165, 927, 1193, 1025, 1041]"
1537,"[1705, 1774, 1157, 1769, 1768]"
1538,"[1915, 108, 368, 1157, 1567]"
1539,"[164, 1627, 1905, 1697, 165]"
1540,"[1062, 659, 1273, 1931, 291]"
1541,"[1902, 1915, 1705, 1704, 1752]"
1542,"[1071, 1567, 1704, 16, 1705]"
1543,"[1721, 1105, 1557, 1710, 1098]"
1544,"[1119, 1027, 1041, 1037, 1042]"
1545,"[641, 1523, 692, 1726, 846]"
1546,"[1900, 1917, 408, 1187, 1748]"
1547,"[1570, 372, 108, 1721, 1557]"
1548,"[1833, 1828, 1837, 828, 1192]"
1549,"[1705, 1567, 1030, 1704, 591]"
1550,"[1157, 1704, 1705, 1607, 1613]"
1551,"[447, 377, 1273, 1579, 361]"
1552,"[919, 164, 1205, 1025, 212]"
1553,"[704, 73, 807, 1027, 1902]"
1554,"[372, 1567, 135, 752, 762]"
1555,"[135, 1157, 1567, 1459, 1880]"
1556,"[1900, 1902, 1306, 1068, 1924]"
1557,"[1244, 423, 1036, 1101, 1183]"
1558,"[1172, 1884, 1916, 216, 386]"
1559,"[1072, 372, 1721, 1157, 1760]"
1560,"[1072, 1705, 1704, 1670, 1567]"
1561,"[114, 1742, 1564, 1489, 1539]"
1562,"[1120, 1924, 1705, 1704, 478]"
1563,"[368, 372, 862, 455, 1705]"
1564,"[1704, 1705, 1899, 1071, 165]"
1565,"[1607, 1922, 1897, 1613, 1599]"
1566,"[1622, 1440, 527, 523, 1704]"
1567,"[1488, 1030, 432, 978, 1756]"
1568,"[1670, 749, 1320, 934, 165]"
1569,"[1567, 1704, 796, 1705, 1043]"
1570,"[257, 1613, 1270, 1056, 372]"
1571,"[412, 446, 1608, 1733, 455]"
1572,"[1705, 372, 1636, 259, 1607]"
1573,"[73, 229, 1058, 875, 1184]"
1574,"[1772, 927, 309, 1123, 1704]"
1575,"[1316, 1705, 1607, 1904, 1704]"
1576,"[641, 1138, 884, 455, 1191]"
1577,"[885, 1277, 1900, 359, 1029]"
1578,"[1700, 1889, 1904, 171, 124]"
1579,"[1385, 692, 408, 114, 1917]"
1580,"[1561, 1935, 1370, 1363, 1358]"
1581,"[114, 1611, 455, 1922, 1897]"
1582,"[1924, 1522, 1202, 410, 1704]"
1583,"[361, 1246, 116, 1038, 1762]"
1584,"[1773, 1249, 138, 321, 915]"
1585,"[1705, 1704, 1592, 1590, 1721]"
1586,"[417, 455, 1193, 446, 1239]"
1587,"[1627, 73, 1587, 1193, 1025]"
1588,"[1607, 1277, 432, 1587, 1636]"
1589,"[926, 1924, 1520, 1899, 89]"
1590,"[608, 440, 296, 451, 1192]"
1591,"[361, 1705, 1704, 1884, 48]"
1592,"[1027, 1894, 1548, 1915, 1030]"
1593,"[1700, 1705, 420, 1704, 171]"
1594,"[124, 880, 877, 882, 869]"
1595,"[793, 1541, 98, 1313, 102]"
1596,"[1916, 1587, 1246, 1704, 1705]"
1597,"[1917, 443, 1021, 735, 1030]"
1598,"[1915, 1792, 900, 1014, 1733]"
1599,"[1902, 749, 1894, 1607, 98]"
1600,"[1758, 1762, 885, 1705, 1752]"
1601,"[1607, 1896, 1157, 1202, 410]"
1602,"[1259, 347, 1298, 357, 914]"
1603,"[1287, 1015, 1877, 1570, 1705]"
1604,"[1157, 438, 432, 1035, 1255]"
1605,"[1900, 1915, 1917, 1902, 408]"
1606,"[1896, 1157, 1608, 1015, 1607]"
1607,"[368, 372, 1187, 1089, 1896]"
1608,"[1790, 1788, 1792, 1733, 1787]"
1609,"[1762, 292, 1758, 1761, 1760]"
1610,"[1320, 1701, 1646, 667, 642]"
1611,"[885, 893, 606, 1603, 1786]"
1612,"[1721, 1695, 1637, 609, 372]"
1613,"[1321, 1099, 441, 437, 1281]"
1614,"[1587, 467, 321, 98, 1746]"
1615,"[1746, 102, 1541, 98, 409]"
1616,"[1627, 1905, 1587, 79, 1700]"
1617,"[692, 1601, 1726, 1277, 846]"
1618,"[1899, 341, 1049, 1030, 1086]"
1619,"[1113, 454, 368, 1705, 1896]"
1620,"[823, 728, 737, 1076, 719]"
1621,"[1726, 1191, 116, 1534, 1676]"
1622,"[1704, 1705, 1544, 1875, 1924]"
1623,"[1721, 1570, 108, 135, 1567]"
1624,"[52, 1828, 1863, 1814, 1813]"
1625,"[1113, 379, 324, 1545, 924]"
1626,"[1915, 478, 1704, 116, 1924]"
1627,"[1027, 765, 1655, 1636, 372]"
1628,"[455, 915, 1567, 1936, 454]"
1629,"[1762, 1705, 1758, 1704, 1692]"
1630,"[1073, 937, 159, 919, 1131]"
1631,"[1261, 368, 925, 421, 928]"
1632,"[1192, 1611, 888, 114, 1567]"
1633,"[1915, 1618, 1924, 1704, 919]"
1634,"[1915, 1604, 271, 216, 1205]"
1635,"[165, 1906, 1697, 164, 819]"
1636,"[1704, 1705, 1752, 1809, 511]"
1637,"[692, 1601, 1726, 1277, 1604]"
1638,"[37, 479, 480, 1778, 1805]"
1639,"[1906, 1528, 1277, 758, 1636]"
1640,"[1762, 1758, 1761, 292, 1760]"
1641,"[1915, 116, 1748, 114, 1924]"
1642,"[1915, 1067, 1065, 1927, 372]"
1643,"[1900, 1902, 1917, 1543, 108]"
1644,"[1607, 1896, 1586, 1615, 1608]"
1645,"[478, 1924, 1915, 1897, 1922]"
1646,"[1128, 1183, 1029, 1030, 1202]"
1647,"[1889, 1067, 1884, 116, 1724]"
1648,"[888, 1726, 692, 1277, 455]"
1649,"[1011, 1615, 1019, 1586, 277]"
1650,"[1804, 1085, 1802, 1064, 1799]"
1651,"[372, 368, 862, 1557, 1570]"
1652,"[1705, 537, 1704, 1193, 886]"
1653,"[135, 1157, 1567, 1459, 1880]"
1654,"[1570, 1607, 1608, 1517, 372]"
1655,"[1240, 164, 1897, 1922, 418]"
1656,"[1915, 1902, 1659, 1620, 116]"
1657,"[1567, 1781, 1799, 1798, 1804]"
1658,"[1704, 1705, 505, 216, 1544]"
1659,"[96, 97, 171, 98, 1299]"
1660,"[1915, 527, 1676, 128, 89]"
1661,"[259, 1567, 1754, 1153, 1919]"
1662,"[333, 1567, 543, 1705, 1880]"
1663,"[1193, 1025, 937, 175, 1627]"
1664,"[1210, 1157, 1704, 1705, 1461]"
1665,"[1617, 1762, 1722, 1758, 1761]"
1666,"[1896, 1705, 1922, 1897, 1760]"
1667,"[1316, 1705, 1607, 1904, 1704]"
1668,"[1906, 926, 885, 289, 823]"
1669,"[478, 1924, 1704, 1705, 412]"
1670,"[171, 96, 97, 98, 1937]"
1671,"[1705, 1192, 1704, 1880, 1884]"
1672,"[1607, 1896, 1517, 1608, 1157]"
1673,"[1157, 1896, 1760, 455, 1899]"
1674,"[530, 1704, 1705, 896, 1279]"
1675,"[1704, 455, 1613, 1607, 1628]"
1676,"[223, 1907, 1863, 97, 96]"
1677,"[259, 1153, 1317, 256, 1567]"
1678,"[1072, 1705, 1704, 1761, 1567]"
1679,"[1906, 1705, 1618, 1768, 1704]"
1680,"[1543, 868, 97, 96, 1526]"
1681,"[1929, 1907, 1772, 430, 1567]"
1682,"[149, 955, 208, 1008, 206]"
1683,"[1924, 408, 1705, 1704, 1807]"
1684,"[455, 16, 462, 1884, 48]"
1685,"[1559, 1516, 1760, 1705, 1761]"
1686,"[125, 216, 1915, 1001, 279]"
1687,"[1613, 366, 1188, 1042, 484]"
1688,"[1884, 1904, 1704, 1559, 782]"
1689,"[1705, 1704, 1062, 110, 1216]"
1690,"[1936, 1935, 159, 937, 994]"
1691,"[787, 1606, 1068, 1249, 823]"
1692,"[1924, 478, 1742, 1630, 1543]"
1693,"[1030, 1257, 1495, 786, 1511]"
1694,"[317, 216, 1171, 706, 1915]"
1695,"[1713, 1700, 102, 1746, 1541]"
1696,"[1937, 97, 96, 98, 408]"
1697,"[126, 1201, 1701, 1937, 97]"
1698,"[1607, 1638, 455, 1704, 1705]"
1699,"[96, 420, 1700, 126, 1199]"
1700,"[511, 1704, 1612, 1705, 162]"
1701,"[409, 98, 102, 1887, 97]"
1702,"[1738, 1927, 1125, 1157, 926]"
1703,"[643, 737, 719, 1911, 781]"
1704,"[1188, 1187, 135, 368, 1338]"
1705,"[1560, 651, 864, 350, 55]"
1706,"[1587, 1627, 1025, 50, 1613]"
1707,"[1884, 98, 96, 97, 102]"
1708,"[1915, 1902, 1924, 1704, 1552]"
1709,"[1759, 1705, 1758, 1760, 1761]"
1710,"[420, 1457, 1924, 1700, 1658]"
1711,"[313, 314, 1163, 903, 863]"
1712,"[1201, 1059, 1786, 606, 1787]"
1713,"[1316, 1574, 1152, 909, 301]"
1714,"[1902, 677, 1705, 1704, 1758]"
1715,"[1204, 1704, 1705, 1121, 645]"
1716,"[807, 1705, 1704, 510, 1826]"
1717,"[1899, 1726, 1906, 125, 1606]"
1718,"[1704, 1705, 1733, 1737, 257]"
1719,"[1527, 1627, 1587, 1905, 1552]"
1720,"[1704, 1705, 1207, 1913, 37]"
1721,"[1704, 1705, 1777, 1511, 511]"
1722,"[455, 1704, 89, 1676, 1613]"
1723,"[1704, 1705, 1552, 1752, 1543]"
1724,"[1924, 1362, 1808, 1035, 1024]"
1725,"[219, 1592, 1924, 1666, 1591]"
1726,"[1567, 1884, 1880, 114, 1897]"
1727,"[1524, 1525, 1752, 928, 1559]"
1728,"[1705, 455, 1704, 1899, 1618]"
1729,"[98, 116, 1884, 1924, 919]"
1730,"[282, 1704, 1705, 511, 66]"
1731,"[1617, 1722, 1762, 292, 1760]"
1732,"[726, 727, 1650, 1915, 734]"
1733,"[372, 1800, 1570, 1187, 1803]"
1734,"[1915, 165, 1906, 1825, 1528]"
1735,"[1704, 1705, 1733, 257, 1737]"
1736,"[1541, 793, 98, 1313, 102]"
1737,"[361, 478, 116, 1900, 1924]"
1738,"[938, 935, 412, 925, 735]"
1739,"[1704, 1705, 1065, 1733, 257]"
1740,"[397, 125, 1676, 1733, 89]"
1741,"[1915, 937, 163, 159, 165]"
1742,"[677, 102, 98, 1313, 97]"
1743,"[1560, 102, 864, 350, 55]"
1744,"[59, 1570, 1901, 1907, 1704]"
1745,"[368, 372, 862, 1113, 455]"
1746,"[1761, 1760, 1704, 1705, 1567]"
1747,"[1615, 1586, 329, 1099, 346]"
1748,"[862, 1042, 368, 1113, 1924]"
1749,"[1865, 73, 1670, 749, 1320]"
1750,"[1607, 1896, 1157, 1586, 1704]"
1751,"[1762, 679, 682, 1758, 1705]"
1752,"[1526, 1523, 1538, 1556, 1192]"
1753,"[1567, 1124, 1884, 1905, 1627]"
1754,"[1710, 621, 1190, 776, 1924]"
1755,"[1756, 1063, 257, 1762, 1705]"
1756,"[865, 1747, 863, 1923, 314]"
1757,"[1929, 441, 1041, 734, 1828]"
1758,"[361, 1607, 1894, 1915, 1544]"
1759,"[1088, 1019, 309, 1108, 306]"
1760,"[1321, 1297, 1664, 440, 1676]"
1761,"[1926, 317, 1746, 1705, 321]"
1762,"[1072, 1775, 1705, 1760, 1704]"
1763,"[594, 1513, 1772, 542, 514]"
1764,"[1059, 357, 1016, 392, 256]"
1765,"[1197, 423, 1244, 1249, 1787]"
1766,"[1745, 1671, 1616, 1071, 925]"
1767,"[1704, 1762, 1760, 1761, 1758]"
1768,"[1915, 1029, 1626, 327, 1649]"
1769,"[372, 368, 1628, 455, 862]"
1770,"[1247, 1937, 126, 114, 1705]"
1771,"[1704, 1705, 1733, 257, 1737]"
1772,"[102, 98, 1549, 1541, 97]"
1773,"[457, 812, 84, 88, 1730]"
1774,"[135, 1567, 851, 1602, 1880]"
1775,"[1748, 868, 1071, 409, 16]"
1776,"[511, 1157, 1067, 1072, 432]"
1777,"[372, 1704, 1607, 1705, 1808]"
1778,"[1705, 1316, 1607, 1704, 1904]"
1779,"[1704, 1705, 511, 514, 1865]"
1780,"[361, 1038, 1618, 1758, 1762]"
1781,"[1926, 862, 1071, 819, 1697]"
1782,"[1655, 757, 926, 741, 1924]"
1783,"[1704, 1705, 631, 1567, 164]"
1784,"[1789, 780, 1792, 998, 1648]"
1785,"[1607, 1896, 1608, 1517, 1157]"
1786,"[276, 397, 1178, 1008, 1179]"
1787,"[368, 1924, 547, 1385, 1674]"
1788,"[599, 511, 593, 595, 597]"
1789,"[1704, 1705, 511, 73, 1317]"
1790,"[1607, 1896, 1608, 1019, 1599]"
1791,"[1700, 1889, 1701, 124, 1315]"
1792,"[1613, 1188, 1788, 1775, 1733]"
1793,"[1775, 1760, 1769, 1705, 1768]"
1794,"[692, 1601, 1726, 1277, 1604]"
1795,"[1937, 97, 96, 98, 408]"
1796,"[925, 46, 794, 472, 1929]"
1797,"[1677, 1704, 1705, 1884, 216]"
1798,"[1607, 1517, 1316, 1904, 73]"
1799,"[1924, 1833, 1828, 1837, 1863]"
1800,"[47, 1608, 1517, 1880, 1607]"
1801,"[864, 1559, 1560, 350, 1286]"
1802,"[415, 102, 171, 126, 414]"
1803,"[96, 1587, 1700, 1904, 29]"
1804,"[124, 1746, 102, 98, 1313]"
1805,"[1705, 1761, 1072, 372, 1896]"
1806,"[1157, 1100, 691, 1132, 1127]"
1807,"[483, 1324, 1225, 1748, 164]"
1808,"[276, 369, 1061, 1159, 1040]"
1809,"[1617, 1762, 1758, 1760, 1761]"
1810,"[116, 1924, 89, 1618, 1655]"
1811,"[692, 1601, 1726, 1277, 846]"
1812,"[411, 1786, 1789, 455, 1788]"
1813,"[368, 862, 455, 1697, 421]"
1814,"[1072, 1613, 1756, 1704, 1705]"
1815,"[96, 1904, 1700, 1889, 1232]"
1816,"[1704, 1705, 1884, 1601, 1567]"
1817,"[1705, 1924, 1773, 1704, 675]"
1818,"[1081, 1615, 765, 1121, 410]"
1819,"[667, 643, 128, 1701, 1250]"
1820,"[898, 893, 896, 1283, 433]"
1821,"[1906, 1836, 1873, 823, 125]"
1822,"[728, 719, 1041, 731, 724]"
1823,"[1906, 1528, 1086, 1928, 1588]"
1824,"[1915, 165, 1613, 164, 1922]"
1825,"[98, 102, 125, 1297, 97]"
1826,"[478, 1924, 1704, 1461, 1762]"
1827,"[101, 1527, 1924, 165, 113]"
1828,"[1060, 1073, 1676, 89, 165]"
1829,"[1567, 1898, 1730, 49, 792]"
1830,"[1256, 927, 1828, 430, 1833]"
1831,"[257, 1270, 1056, 1527, 1613]"
1832,"[314, 1073, 1704, 1705, 793]"
1833,"[1721, 379, 372, 1040, 368]"
1834,"[289, 1300, 1906, 452, 403]"
1835,"[478, 1924, 1792, 125, 1733]"
1836,"[1192, 1899, 1880, 1760, 1704]"
1837,"[1157, 373, 866, 288, 1154]"
1838,"[116, 1064, 1900, 1884, 1724]"
1839,"[1705, 1072, 1906, 1704, 1758]"
1840,"[1249, 1704, 1567, 1884, 1896]"
1841,"[1114, 1704, 119, 1705, 88]"
1842,"[368, 1704, 455, 108, 1721]"
1843,"[289, 1929, 1917, 164, 1588]"
1844,"[165, 1613, 1742, 1636, 1894]"
1845,"[1915, 408, 1902, 677, 164]"
1846,"[165, 164, 1704, 1705, 1070]"
1847,"[478, 1924, 1607, 1157, 455]"
1848,"[1188, 128, 1758, 1894, 1762]"
1849,"[1119, 1071, 409, 1926, 1064]"
1850,"[692, 1601, 1726, 1277, 846]"
1851,"[1114, 1914, 165, 164, 353]"
1852,"[1900, 1902, 1917, 408, 349]"
1853,"[1705, 1704, 1620, 1567, 1618]"
1854,"[478, 1924, 125, 455, 216]"
1855,"[663, 637, 1746, 1541, 643]"
1856,"[1721, 372, 1570, 1802, 1903]"
1857,"[73, 68, 1732, 1705, 631]"
1858,"[1704, 1924, 1705, 1758, 1773]"
1859,"[1884, 478, 1924, 1910, 789]"
1860,"[1884, 51, 847, 306, 786]"
1861,"[1936, 1295, 926, 1277, 1086]"
1862,"[1670, 1742, 1564, 1489, 1541]"
1863,"[1915, 1277, 1733, 1263, 1738]"
1864,"[1607, 1896, 1517, 1157, 1615]"
1865,"[368, 1113, 1607, 781, 1659]"
1866,"[1705, 1704, 1924, 478, 1249]"
1867,"[1607, 1903, 1608, 1704, 1517]"
1868,"[677, 1776, 1757, 972, 976]"
1869,"[96, 97, 1915, 368, 455]"
1870,"[1789, 1600, 444, 459, 1788]"
1871,"[1761, 1588, 1704, 1705, 1760]"
1872,"[1915, 1760, 1758, 1761, 1705]"
1873,"[204, 956, 151, 1205, 185]"
1874,"[165, 162, 919, 924, 938]"
1875,"[1746, 4, 1541, 216, 1199]"
1876,"[286, 1649, 862, 1787, 1915]"
1877,"[758, 166, 1466, 1705, 519]"
1878,"[511, 599, 567, 361, 562]"
1879,"[1915, 113, 89, 1627, 1905]"
1880,"[1756, 1063, 257, 1762, 1705]"
1881,"[175, 164, 353, 165, 139]"
1882,"[1897, 1620, 1545, 1704, 1705]"
1883,"[1917, 1915, 1902, 1900, 1792]"
1884,"[1147, 1704, 1705, 372, 80]"
1885,"[368, 372, 1157, 1113, 1704]"
1886,"[1704, 455, 1613, 1607, 1628]"
1887,"[1915, 1902, 1552, 1705, 1704]"
1888,"[314, 865, 1747, 643, 863]"
1889,"[1072, 1567, 1705, 1760, 1704]"
1890,"[1760, 1705, 1761, 1896, 1704]"
1891,"[749, 666, 96, 97, 793]"
1892,"[455, 454, 1308, 465, 460]"
1893,"[292, 1762, 1617, 1761, 1758]"
1894,"[478, 125, 1924, 455, 114]"
1895,"[692, 1601, 1726, 1704, 1758]"
1896,"[162, 919, 938, 934, 176]"
1897,"[911, 1046, 1483, 1915, 977]"
1898,"[478, 1924, 1696, 1697, 1344]"
1899,"[884, 1567, 114, 507, 16]"
1900,"[16, 1203, 884, 1031, 1036]"
1901,"[478, 1924, 1704, 90, 1705]"
1902,"[37, 1316, 150, 480, 479]"
1903,"[163, 1587, 1922, 1897, 1900]"
1904,"[1590, 885, 954, 823, 1836]"
1905,"[1922, 1897, 1567, 1705, 1704]"
1906,"[135, 1567, 1704, 1880, 114]"
1907,"[1157, 1673, 1674, 898, 892]"
1908,"[1705, 583, 1704, 507, 1471]"
1909,"[1902, 922, 455, 1762, 1599]"
1910,"[96, 97, 98, 102, 1541]"
1911,"[1705, 1704, 511, 432, 1873]"
1912,"[359, 1050, 1704, 1651, 1021]"
1913,"[1028, 1034, 1674, 1925, 1036]"
1914,"[1046, 360, 1026, 1073, 204]"
1915,"[1607, 1517, 1608, 1659, 1202]"
1916,"[441, 828, 1675, 1159, 221]"
1917,"[1001, 1924, 455, 1937, 368]"
1918,"[1705, 1704, 1904, 1607, 216]"
1919,"[1613, 1607, 901, 455, 1894]"
1920,"[1607, 1905, 811, 1202, 410]"
1921,"[455, 114, 1157, 116, 890]"
1922,"[7, 1246, 920, 862, 110]"
1923,"[1705, 1704, 108, 1641, 1171]"
1924,"[1705, 1855, 1704, 1871, 1837]"
1925,"[1607, 1608, 1894, 1586, 1517]"
1926,"[1907, 900, 113, 1892, 175]"
1927,"[1894, 1607, 1586, 1192, 768]"
1928,"[372, 1704, 1607, 1705, 1808]"
1929,"[368, 1157, 108, 1705, 455]"
1930,"[1567, 765, 1880, 789, 114]"
1931,"[1607, 1192, 1615, 1011, 599]"
1932,"[372, 368, 1113, 1894, 1613]"
1933,"[1772, 927, 1828, 1863, 1935]"
1934,"[478, 1924, 1758, 1761, 1704]"
1935,"[1613, 1894, 110, 164, 1666]"
1936,"[1607, 1608, 1896, 1517, 1586]"
1937,"[793, 98, 102, 1541, 666]"
1938,"[118, 1647, 96, 97, 165]"
1939,"[1721, 108, 1570, 1704, 1557]"
1940,"[1915, 1158, 1916, 1917, 175]"
1941,"[1902, 1900, 1915, 1917, 108]"
1942,"[1116, 501, 1076, 96, 73]"
1943,"[1704, 1705, 511, 1809, 73]"
1944,"[165, 96, 97, 164, 927]"
1945,"[1898, 49, 1380, 1582, 533]"
1946,"[1570, 108, 1804, 1801, 372]"
1947,"[408, 128, 1148, 924, 371]"
1948,"[219, 1148, 1659, 814, 813]"
1949,"[64, 67, 1332, 265, 357]"
1950,"[455, 454, 1761, 1705, 1704]"
1951,"[1721, 1557, 108, 1204, 372]"
1952,"[631, 1196, 1202, 410, 113]"
1953,"[97, 96, 1313, 658, 1670]"
1954,"[1915, 455, 409, 1567, 114]"
1955,"[1570, 372, 1915, 1733, 1903]"
1956,"[1704, 478, 1705, 1761, 1924]"
1957,"[862, 901, 164, 1746, 1705]"
1958,"[1917, 359, 1900, 1207, 1543]"
1959,"[16, 1884, 454, 1705, 455]"
1960,"[862, 1603, 606, 1786, 1787]"
1961,"[478, 1924, 116, 1704, 1676]"
1962,"[1617, 292, 1655, 926, 1722]"
1963,"[926, 1666, 1607, 1659, 1704]"
1964,"[96, 1298, 430, 1259, 1261]"
1965,"[1541, 793, 98, 1313, 102]"
1966,"[1567, 1884, 462, 455, 114]"
1967,"[1906, 162, 919, 174, 924]"
1968,"[454, 461, 16, 926, 467]"
1969,"[727, 726, 1650, 734, 379]"
1970,"[1878, 1707, 1197, 1922, 1897]"
1971,"[1772, 464, 1899, 1567, 1041]"
1972,"[108, 1557, 1761, 1704, 1760]"
1973,"[96, 1832, 1830, 1302, 1252]"
1974,"[1636, 1157, 778, 438, 455]"
1975,"[372, 368, 1070, 454, 1557]"
1976,"[149, 1704, 952, 915, 1825]"
1977,"[372, 368, 1570, 1113, 1607]"
1978,"[1604, 1922, 1897, 1896, 1567]"
1979,"[1613, 1894, 368, 372, 1875]"
1980,"[116, 1724, 1884, 102, 1746]"
1981,"[1705, 1704, 683, 50, 808]"
1982,"[1193, 114, 1905, 1607, 1124]"
1983,"[1676, 1704, 113, 89, 1705]"
1984,"[1607, 1896, 1608, 1157, 1517]"
1985,"[1246, 361, 360, 1758, 1772]"
1986,"[1704, 1884, 1312, 1677, 1824]"
1987,"[1902, 925, 1197, 1066, 1073]"
1988,"[1588, 1255, 1906, 216, 835]"
1989,"[1915, 528, 1507, 1863, 1434]"
1990,"[1705, 1704, 1746, 1762, 1758]"
1991,"[692, 1601, 1726, 1277, 846]"
1992,"[1896, 1606, 1586, 1192, 138]"
1993,"[1878, 1707, 73, 1708, 1772]"
1994,"[1591, 175, 153, 159, 1297]"
1995,"[216, 349, 1268, 1786, 1788]"
1996,"[116, 1924, 478, 1884, 786]"
1997,"[1861, 1846, 1761, 1758, 1760]"
1998,"[1804, 1802, 1704, 1798, 1801]"
1999,"[1567, 135, 1192, 1896, 1705]"
2000,"[16, 1014, 1044, 1026, 1030]"
2001,"[412, 1742, 1299, 1618, 1555]"
2002,"[1071, 1899, 1705, 1526, 1704]"
2003,"[420, 1700, 749, 1563, 864]"
2004,"[1039, 1527, 1545, 150, 1930]"
2005,"[1567, 1704, 1618, 1705, 1612]"
2006,"[1187, 1875, 1570, 810, 1803]"
2007,"[455, 114, 1567, 16, 1611]"
2008,"[419, 925, 927, 1705, 1704]"
2009,"[1924, 478, 464, 1705, 1772]"
2010,"[1055, 885, 1026, 1704, 164]"
2011,"[1613, 257, 363, 1011, 1459]"
2012,"[1249, 1705, 885, 1704, 1873]"
2013,"[583, 1704, 1268, 1787, 554]"
2014,"[163, 102, 478, 1884, 159]"
2015,"[1915, 116, 1900, 1924, 1902]"
2016,"[430, 1833, 1837, 1828, 441]"
2017,"[1046, 736, 926, 1080, 323]"
2018,"[1915, 1659, 1704, 116, 1705]"
2019,"[1705, 1192, 1676, 114, 1704]"
2020,"[1742, 1558, 1924, 1704, 1884]"
2021,"[1192, 1587, 1904, 1905, 1607]"
2022,"[1147, 1157, 1907, 1567, 1705]"
2023,"[1700, 1746, 1313, 409, 96]"
2024,"[1019, 1704, 1125, 1705, 1673]"
2025,"[926, 1927, 919, 1025, 159]"
2026,"[1917, 1658, 1434, 1674, 692]"
2027,"[290, 1615, 1696, 1586, 1556]"
2028,"[1936, 1704, 1205, 911, 1758]"
2029,"[143, 957, 943, 201, 988]"
2030,"[1032, 1916, 1705, 285, 928]"
2031,"[1762, 1907, 1761, 1760, 368]"
2032,"[1733, 89, 125, 455, 1676]"
2033,"[59, 157, 155, 1736, 124]"
2034,"[1922, 1897, 1761, 1704, 18]"
2035,"[1704, 1884, 1705, 478, 1924]"
2036,"[478, 1924, 1704, 743, 1705]"
2037,"[1836, 1873, 1300, 1301, 1704]"
2038,"[1199, 1742, 1564, 1541, 1489]"
2039,"[885, 1025, 919, 159, 1618]"
2040,"[1924, 919, 1636, 1025, 1884]"
2041,"[455, 463, 454, 465, 461]"
2042,"[361, 478, 1297, 1762, 455]"
2043,"[1662, 1021, 1155, 332, 1125]"
2044,"[163, 271, 968, 210, 972]"
2045,"[98, 1550, 102, 1760, 1555]"
2046,"[1659, 1793, 1789, 1570, 1788]"
2047,"[1567, 1880, 1704, 1705, 1897]"
2048,"[1287, 30, 1710, 216, 1929]"
2049,"[703, 1607, 1705, 1704, 1894]"
2050,"[165, 1042, 921, 164, 1026]"
2051,"[1722, 862, 782, 614, 922]"
2052,"[1541, 171, 46, 1138, 212]"
2053,"[1726, 1191, 390, 455, 321]"
2054,"[1312, 1704, 1705, 782, 650]"
2055,"[1259, 1261, 1258, 1257, 902]"
2056,"[1251, 417, 1193, 921, 446]"
2057,"[1762, 16, 679, 1704, 682]"
2058,"[1617, 1655, 900, 1924, 1906]"
2059,"[681, 368, 321, 372, 1125]"
2060,"[372, 1655, 125, 1901, 683]"
2061,"[1187, 1570, 135, 1188, 543]"
2062,"[1705, 1704, 1613, 1894, 1567]"
2063,"[1836, 1873, 1299, 1832, 1511]"
2064,"[1666, 1029, 89, 1676, 1030]"
2065,"[1915, 478, 1924, 1704, 1922]"
2066,"[1795, 1135, 607, 1130, 875]"
2067,"[1704, 1705, 1567, 93, 95]"
2068,"[357, 1030, 914, 1086, 964]"
2069,"[114, 1915, 408, 1676, 862]"
2070,"[1207, 1061, 1918, 73, 1505]"
2071,"[1701, 290, 1041, 1524, 1752]"
2072,"[116, 390, 29, 28, 1070]"
2073,"[116, 16, 1928, 1067, 379]"
2074,"[1704, 1705, 511, 911, 1809]"
2075,"[781, 351, 604, 408, 1875]"
2076,"[1884, 786, 789, 455, 462]"
2077,"[1157, 372, 783, 926, 455]"
2078,"[1705, 1704, 1924, 1884, 898]"
2079,"[1902, 1752, 1704, 1705, 1620]"
2080,"[691, 1127, 221, 401, 927]"
2081,"[1758, 292, 1070, 692, 1722]"
2082,"[1917, 1900, 145, 80, 1449]"
2083,"[1896, 1028, 138, 1705, 890]"
2084,"[1705, 862, 1704, 1603, 510]"
2085,"[1704, 1705, 1070, 1545, 165]"
2086,"[1704, 1705, 1733, 1151, 257]"
2087,"[1030, 1907, 164, 739, 98]"
2088,"[79, 1567, 1406, 1637, 1884]"
2089,"[1001, 7, 1915, 1746, 1192]"
2090,"[257, 1613, 1530, 1459, 901]"
2091,"[1071, 1807, 1705, 1627, 1905]"
2092,"[97, 96, 102, 98, 658]"
2093,"[1607, 1896, 1517, 1157, 1613]"
2094,"[1115, 447, 1147, 1726, 692]"
2095,"[1526, 317, 1899, 1907, 1915]"
2096,"[933, 1705, 1704, 1752, 1193]"
2097,"[1607, 1517, 1587, 1157, 1608]"
2098,"[292, 1762, 1722, 1758, 1617]"
2099,"[1704, 1434, 1705, 1773, 1655]"
2100,"[1915, 1252, 1260, 1302, 1259]"
2101,"[1704, 478, 1924, 1705, 16]"
2102,"[1072, 1405, 1459, 1064, 1155]"
2103,"[1900, 408, 1085, 1076, 938]"
2104,"[1915, 125, 165, 937, 159]"
2105,"[1119, 1612, 1027, 1041, 272]"
2106,"[152, 771, 1735, 440, 778]"
2107,"[1637, 1025, 1028, 1041, 1529]"
2108,"[29, 1676, 89, 1248, 1675]"
2109,"[1761, 1567, 1762, 1617, 1760]"
2110,"[455, 1617, 1722, 292, 1762]"
2111,"[1545, 1900, 1894, 1543, 492]"
2112,"[1907, 1922, 1897, 1526, 1762]"
2113,"[1915, 216, 1570, 372, 1894]"
2114,"[1607, 1896, 1517, 1157, 1704]"
2115,"[102, 98, 1313, 97, 96]"
2116,"[1157, 1896, 1526, 1618, 1922]"
2117,"[1673, 1705, 1924, 919, 868]"
2118,"[368, 761, 1607, 745, 455]"
2119,"[1677, 1705, 1704, 872, 926]"
2120,"[114, 691, 1192, 446, 1788]"
2121,"[89, 116, 165, 1675, 1526]"
2122,"[1915, 1900, 890, 408, 113]"
2123,"[1617, 1758, 1762, 1555, 1550]"
2124,"[1915, 1899, 1604, 530, 1900]"
2125,"[1705, 1922, 1897, 1896, 1761]"
2126,"[98, 1904, 1924, 478, 102]"
2127,"[1607, 1705, 510, 1826, 1704]"
2128,"[1617, 1929, 1704, 1760, 1761]"
2129,"[633, 275, 1016, 277, 279]"
2130,"[211, 1789, 1788, 1792, 212]"
2131,"[1192, 135, 1567, 1704, 1705]"
2132,"[1896, 455, 1613, 1894, 1192]"
2133,"[1627, 164, 1587, 165, 1025]"
2134,"[1607, 692, 1251, 446, 455]"
2135,"[1924, 1705, 1704, 1617, 926]"
2136,"[1917, 216, 1914, 1704, 1762]"
2137,"[108, 1758, 1760, 1704, 1705]"
2138,"[954, 1651, 1137, 425, 1676]"
2139,"[116, 379, 1726, 1705, 1601]"
2140,"[1896, 1607, 1042, 441, 1608]"
2141,"[372, 1072, 368, 1896, 697]"
2142,"[372, 762, 1896, 765, 759]"
2143,"[455, 1704, 1613, 165, 1607]"
2144,"[1772, 1457, 546, 1461, 361]"
2145,"[1559, 97, 96, 98, 1937]"
2146,"[1705, 1472, 1826, 1704, 510]"
2147,"[135, 1570, 1804, 1705, 372]"
2148,"[1157, 1704, 1690, 257, 1756]"
2149,"[465, 1309, 461, 335, 1308]"
2150,"[419, 1705, 919, 165, 1193]"
2151,"[478, 116, 1924, 1907, 919]"
2152,"[1567, 1705, 1704, 114, 1760]"
2153,"[1884, 782, 1887, 1886, 171]"
2154,"[1072, 1760, 1157, 372, 1705]"
2155,"[1704, 1705, 511, 1777, 1765]"
2156,"[1313, 98, 97, 96, 1541]"
2157,"[1615, 1586, 329, 346, 1650]"
2158,"[1607, 1608, 1517, 1896, 1157]"
2159,"[1915, 1733, 1027, 1788, 1705]"
2160,"[1915, 924, 1148, 97, 96]"
2161,"[1761, 1704, 1760, 1705, 1758]"
2162,"[1607, 1705, 1704, 216, 1619]"
2163,"[1704, 1705, 890, 89, 48]"
2164,"[368, 1705, 1704, 1762, 372]"
2165,"[667, 420, 749, 171, 1742]"
2166,"[1894, 862, 1516, 368, 835]"
2167,"[372, 1567, 926, 1733, 765]"
2168,"[1828, 1833, 1837, 1260, 430]"
2169,"[292, 1617, 700, 1761, 1762]"
2170,"[1936, 1935, 324, 1277, 1157]"
2171,"[1541, 793, 98, 1313, 102]"
2172,"[1567, 1705, 1761, 1760, 1704]"
2173,"[1513, 594, 542, 1772, 1246]"
2174,"[1157, 1567, 1704, 1035, 1705]"
2175,"[919, 1071, 1705, 1558, 1884]"
2176,"[421, 455, 1894, 1705, 1607]"
2177,"[368, 372, 1607, 1756, 1014]"
2178,"[1836, 1873, 1832, 1704, 1752]"
2179,"[1915, 1705, 1704, 919, 162]"
2180,"[447, 1154, 361, 1273, 1579]"
2181,"[96, 97, 1030, 98, 1561]"
2182,"[135, 1567, 1704, 1880, 114]"
2183,"[784, 1727, 1066, 1924, 478]"
2184,"[1705, 1704, 1761, 1884, 1924]"
2185,"[1536, 1915, 1926, 507, 583]"
2186,"[112, 1705, 890, 1746, 1704]"
2187,"[1705, 1773, 1704, 1746, 114]"
2188,"[1915, 1902, 351, 1900, 116]"
2189,"[455, 1567, 1896, 1705, 1704]"
2190,"[1588, 1899, 1523, 1526, 1556]"
2191,"[7, 1735, 110, 165, 861]"
2192,"[1863, 1865, 1924, 158, 155]"
2193,"[1041, 1637, 808, 692, 1444]"
2194,"[1133, 1599, 478, 396, 1787]"
2195,"[135, 132, 1744, 1772, 828]"
2196,"[1570, 372, 1875, 1536, 1694]"
2197,"[1828, 1833, 1837, 1863, 430]"
2198,"[165, 1907, 1899, 1924, 1906]"
2199,"[1705, 1704, 1924, 125, 1759]"
2200,"[1914, 1926, 321, 629, 1273]"
2201,"[372, 1567, 1705, 108, 1570]"
2202,"[372, 1896, 1880, 1025, 455]"
2203,"[1559, 1670, 667, 1701, 1833]"
2204,"[1299, 1659, 1705, 1704, 1733]"
2205,"[1567, 1922, 1897, 1618, 1896]"
2206,"[1567, 1192, 1705, 1704, 135]"
2207,"[372, 368, 1157, 455, 1113]"
2208,"[1772, 1302, 440, 335, 1704]"
2209,"[875, 329, 1263, 1028, 922]"
2210,"[45, 903, 346, 1143, 345]"
2211,"[1926, 1916, 1130, 98, 1884]"
2212,"[1617, 1555, 926, 1705, 1704]"
2213,"[1607, 900, 1558, 1613, 1705]"
2214,"[368, 1157, 862, 1113, 455]"
2215,"[1071, 478, 1902, 919, 1924]"
2216,"[430, 1260, 1936, 1935, 1863]"
2217,"[164, 1914, 922, 1762, 1758]"
2218,"[794, 4, 1313, 793, 126]"
2219,"[606, 723, 807, 58, 57]"
2220,"[1651, 1792, 1733, 1788, 1649]"
2221,"[1157, 1704, 1613, 1607, 1705]"
2222,"[985, 979, 983, 1911, 903]"
2223,"[1705, 901, 83, 28, 260]"
2224,"[1896, 1607, 1705, 1192, 1613]"
2225,"[668, 1729, 1907, 1131, 1646]"
2226,"[1567, 1704, 1705, 1752, 1193]"
2227,"[48, 1697, 165, 1704, 1705]"
2228,"[1772, 530, 1704, 896, 1899]"
2229,"[159, 937, 919, 425, 1025]"
2230,"[1541, 793, 98, 1313, 102]"
2231,"[1915, 1030, 1916, 1588, 1178]"
2232,"[530, 1704, 1705, 896, 1914]"
2233,"[757, 164, 617, 1717, 171]"
2234,"[1021, 96, 97, 98, 1761]"
2235,"[1316, 1904, 1705, 1704, 1608]"
2236,"[1607, 432, 1704, 1659, 164]"
2237,"[372, 1662, 447, 1273, 344]"
2238,"[114, 1567, 1192, 1733, 455]"
2239,"[1900, 1915, 890, 1902, 1543]"
2240,"[654, 666, 98, 1887, 97]"
2241,"[1612, 1207, 1607, 1704, 1889]"
2242,"[892, 1673, 872, 871, 1612]"
2243,"[368, 1157, 862, 1113, 455]"
2244,"[1884, 782, 1704, 1562, 432]"
2245,"[350, 171, 55, 1875, 1536]"
2246,"[1770, 1783, 647, 1397, 1704]"
2247,"[1752, 1786, 1915, 862, 1603]"
2248,"[368, 108, 677, 1761, 1760]"
2249,"[1570, 1125, 569, 372, 1372]"
2250,"[67, 1150, 347, 1205, 972]"
2251,"[1760, 292, 1761, 1758, 1762]"
2252,"[1761, 1762, 1758, 292, 1760]"
2253,"[884, 1011, 163, 368, 1299]"
2254,"[1717, 1895, 774, 433, 1753]"
2255,"[745, 835, 164, 1733, 762]"
2256,"[102, 783, 1705, 1924, 478]"
2257,"[1118, 1700, 1887, 1937, 1778]"
2258,"[1726, 1604, 1601, 1704, 888]"
2259,"[16, 1704, 1705, 1611, 1192]"
2260,"[1915, 409, 1121, 1544, 1011]"
2261,"[290, 393, 1451, 1850, 1851]"
2262,"[1936, 1295, 1277, 371, 1202]"
2263,"[1662, 363, 372, 1613, 1792]"
2264,"[893, 1603, 1924, 862, 606]"
2265,"[124, 1617, 455, 478, 1705]"
2266,"[914, 915, 149, 964, 911]"
2267,"[368, 1065, 862, 1249, 898]"
2268,"[1063, 1762, 1758, 1891, 1705]"
2269,"[1932, 1924, 1358, 1705, 1704]"
2270,"[1926, 1556, 1562, 1704, 1914]"
2271,"[83, 1911, 1882, 1428, 213]"
2272,"[677, 1617, 1760, 198, 926]"
2273,"[518, 1485, 1468, 1439, 430]"
2274,"[1086, 1936, 1928, 1906, 1295]"
2275,"[1157, 141, 368, 1705, 1]"
2276,"[16, 1904, 401, 1191, 1587]"
2277,"[1900, 1924, 1457, 1792, 1917]"
2278,"[114, 455, 1567, 641, 408]"
2279,"[1704, 1705, 1567, 1670, 37]"
2280,"[1711, 1716, 1717, 1726, 1898]"
2281,"[455, 1899, 465, 1922, 1897]"
2282,"[1025, 937, 159, 165, 1746]"
2283,"[1884, 692, 786, 621, 697]"
2284,"[1043, 1906, 1705, 1704, 1025]"
2285,"[1896, 1607, 1894, 1608, 1704]"
2286,"[423, 1244, 125, 124, 1612]"
2287,"[126, 107, 1137, 734, 928]"
2288,"[1923, 794, 118, 614, 1733]"
2289,"[116, 1549, 1884, 1610, 786]"
2290,"[1570, 108, 368, 1557, 372]"
2291,"[478, 1924, 1705, 1704, 1677]"
2292,"[1063, 554, 343, 1147, 1704]"
2293,"[1599, 697, 1615, 1586, 1136]"
2294,"[135, 108, 1758, 1762, 1705]"
2295,"[1759, 466, 458, 1764, 135]"
2296,"[1762, 1758, 1887, 1063, 1705]"
2297,"[89, 113, 1025, 165, 1041]"
2298,"[259, 1567, 390, 256, 1153]"
2299,"[1275, 449, 1273, 447, 1705]"
2300,"[1570, 372, 1802, 1721, 1705]"
2301,"[1705, 1704, 1807, 478, 1924]"
2302,"[1705, 143, 943, 758, 137]"
2303,"[98, 102, 1197, 1726, 478]"
2304,"[1915, 493, 1630, 919, 167]"
2305,"[1915, 114, 510, 1192, 1705]"
2306,"[1498, 1935, 175, 928, 924]"
2307,"[126, 1778, 1704, 1705, 788]"
2308,"[1277, 1066, 1192, 692, 1636]"
2309,"[1116, 1313, 1073, 793, 1118]"
2310,"[1915, 1705, 1704, 165, 919]"
2311,"[1900, 1902, 1917, 359, 1543]"
2312,"[478, 1924, 116, 1704, 1788]"
2313,"[489, 1316, 1704, 1904, 1607]"
2314,"[135, 1567, 1602, 1880, 89]"
2315,"[1704, 511, 1705, 496, 1765]"
2316,"[698, 368, 1915, 372, 1748]"
2317,"[1704, 1705, 1588, 1916, 1906]"
2318,"[1802, 1801, 1804, 1781, 1782]"
2319,"[124, 102, 1631, 881, 1201]"
2320,"[925, 164, 938, 1030, 1672]"
2321,"[1758, 1762, 1704, 1705, 1063]"
2322,"[1896, 1607, 1586, 1608, 1615]"
2323,"[1746, 1561, 453, 1560, 1541]"
2324,"[438, 1167, 1729, 748, 1636]"
2325,"[1587, 1612, 1620, 1704, 1705]"
2326,"[604, 209, 978, 911, 1630]"
2327,"[900, 926, 1157, 1704, 1705]"
2328,"[1906, 1825, 128, 432, 1704]"
2329,"[793, 1704, 1705, 164, 163]"
2330,"[1704, 165, 1705, 454, 1487]"
2331,"[137, 925, 972, 1042, 207]"
2332,"[1617, 114, 1567, 1705, 510]"
2333,"[1570, 372, 1557, 1705, 1721]"
2334,"[1762, 1617, 1758, 1761, 1760]"
2335,"[885, 1906, 1607, 1592, 1249]"
2336,"[1586, 1615, 277, 1202, 410]"
2337,"[1062, 320, 1880, 1025, 1636]"
2338,"[1072, 363, 1777, 1765, 1488]"
2339,"[1019, 1599, 379, 1586, 697]"
2340,"[1659, 1251, 446, 417, 1193]"
2341,"[1900, 868, 1543, 1748, 1705]"
2342,"[1613, 257, 363, 92, 209]"
2343,"[1700, 102, 642, 654, 666]"
2344,"[1902, 1900, 1704, 601, 1752]"
2345,"[997, 1694, 116, 164, 1772]"
2346,"[1316, 1904, 1705, 1704, 1608]"
2347,"[1900, 1632, 1704, 1543, 443]"
2348,"[98, 478, 159, 937, 1924]"
2349,"[267, 266, 239, 238, 235]"
2350,"[378, 1921, 1924, 1922, 1897]"
2351,"[116, 1924, 150, 954, 956]"
2352,"[1599, 102, 409, 97, 96]"
2353,"[1627, 164, 1587, 1299, 1511]"
2354,"[277, 120, 1735, 1604, 1733]"
2355,"[1705, 164, 1704, 1618, 1697]"
2356,"[1249, 1704, 1752, 1705, 1511]"
2357,"[257, 1613, 209, 1488, 386]"
2358,"[693, 692, 1662, 116, 1726]"
2359,"[1113, 292, 1724, 1604, 1712]"
2360,"[1607, 441, 1570, 1608, 1157]"
2361,"[455, 1726, 390, 454, 1601]"
2362,"[1617, 292, 1555, 434, 1758]"
2363,"[692, 693, 1726, 1277, 1604]"
2364,"[1037, 752, 1125, 1226, 1072]"
2365,"[749, 98, 164, 97, 96]"
2366,"[1884, 1567, 16, 114, 455]"
2367,"[1192, 454, 114, 692, 1040]"
2368,"[1705, 1826, 510, 1704, 512]"
2369,"[1044, 1746, 98, 96, 97]"
2370,"[1041, 1135, 1768, 1017, 972]"
2371,"[1188, 992, 320, 164, 383]"
2372,"[1902, 1916, 1277, 1704, 1837]"
2373,"[1704, 376, 677, 1142, 1550]"
2374,"[1704, 1705, 1472, 510, 512]"
2375,"[1900, 868, 1924, 681, 349]"
2376,"[1904, 1627, 1656, 1746, 1677]"
2377,"[1907, 1899, 478, 1526, 1065]"
2378,"[1758, 1761, 1762, 1760, 1705]"
2379,"[1620, 1034, 164, 162, 406]"
2380,"[1705, 1775, 1704, 1761, 95]"
2381,"[1762, 95, 1899, 1211, 1704]"
2382,"[359, 1149, 1900, 1487, 1917]"
2383,"[1599, 1017, 320, 326, 443]"
2384,"[7, 618, 327, 1697, 164]"
2385,"[1772, 349, 1758, 1704, 1705]"
2386,"[349, 1907, 1040, 1072, 916]"
2387,"[1704, 511, 73, 164, 938]"
2388,"[1030, 688, 410, 1202, 361]"
2389,"[588, 402, 42, 1368, 1358]"
2390,"[1733, 1737, 1607, 608, 765]"
2391,"[1599, 1760, 1704, 1768, 1705]"
2392,"[314, 313, 1923, 703, 1119]"
2393,"[1617, 1655, 926, 868, 811]"
2394,"[1607, 1517, 1896, 1157, 1316]"
2395,"[1157, 368, 1896, 1113, 1613]"
2396,"[919, 937, 159, 1043, 1025]"
2397,"[368, 114, 1636, 372, 900]"
2398,"[1011, 1192, 1615, 1586, 29]"
2399,"[1705, 1704, 1733, 765, 1567]"
2400,"[368, 862, 1733, 1737, 599]"
2401,"[1932, 349, 1931, 95, 1302]"
2402,"[1061, 1055, 223, 985, 1052]"
2403,"[1704, 1705, 1763, 1777, 1765]"
2404,"[1607, 1733, 765, 768, 608]"
2405,"[1772, 314, 1116, 1246, 1923]"
2406,"[165, 1025, 937, 1676, 164]"
2407,"[455, 1157, 372, 368, 1113]"
2408,"[1932, 190, 139, 891, 351]"
2409,"[1705, 1758, 1704, 1762, 1516]"
2410,"[1733, 1300, 1301, 452, 1299]"
2411,"[289, 125, 1125, 1662, 1733]"
2412,"[1789, 1788, 1733, 408, 1790]"
2413,"[455, 1896, 368, 1613, 1192]"
2414,"[886, 1704, 1705, 885, 164]"
2415,"[372, 368, 862, 1557, 608]"
2416,"[335, 1570, 1934, 1314, 1191]"
2417,"[1869, 533, 398, 793, 1815]"
2418,"[1924, 919, 372, 1112, 377]"
2419,"[1922, 1897, 868, 1192, 1526]"
2420,"[646, 11, 3, 7, 12]"
2421,"[933, 1738, 762, 768, 1734]"
2422,"[1607, 1704, 1705, 511, 1873]"
2423,"[1550, 1556, 1538, 1520, 1518]"
2424,"[1567, 1880, 114, 1907, 928]"
2425,"[1917, 1900, 890, 1543, 1620]"
2426,"[1772, 1768, 212, 1760, 1705]"
2427,"[897, 1887, 888, 1662, 1315]"
2428,"[1752, 289, 1249, 1210, 1104]"
2429,"[1704, 1580, 455, 1762, 1705]"
2430,"[108, 1704, 1758, 1762, 1760]"
2431,"[289, 1125, 1889, 1557, 1277]"
2432,"[1924, 1704, 1705, 1773, 1536]"
2433,"[1607, 1896, 1587, 259, 1613]"
2434,"[207, 971, 968, 208, 978]"
2435,"[555, 1670, 544, 1315, 1889]"
2436,"[1758, 1762, 1704, 1914, 1898]"
2437,"[1900, 478, 116, 361, 1917]"
2438,"[926, 374, 823, 341, 265]"
2439,"[136, 618, 114, 73, 150]"
2440,"[1612, 1607, 1704, 511, 164]"
2441,"[63, 349, 1722, 546, 1932]"
2442,"[1620, 162, 216, 919, 928]"
2443,"[1157, 1775, 1769, 1072, 1705]"
2444,"[1704, 1705, 108, 1758, 190]"
2445,"[1614, 291, 884, 1615, 920]"
2446,"[292, 1762, 1761, 1617, 692]"
2447,"[594, 1855, 124, 59, 611]"
2448,"[1524, 1525, 1752, 1786, 862]"
2449,"[290, 1122, 1696, 1167, 313]"
2450,"[594, 349, 587, 787, 595]"
2451,"[1205, 885, 921, 1607, 1157]"
2452,"[677, 1580, 1704, 376, 1516]"
2453,"[890, 1538, 1676, 165, 1705]"
2454,"[1733, 1573, 216, 1747, 863]"
2455,"[855, 1610, 1884, 1521, 1558]"
2456,"[98, 102, 793, 1786, 97]"
2457,"[828, 1287, 1895, 1863, 1935]"
2458,"[1600, 1167, 359, 1636, 730]"
2459,"[165, 1193, 1025, 937, 159]"
2460,"[368, 1607, 1704, 455, 1249]"
2461,"[1617, 1762, 1758, 1760, 1761]"
2462,"[1884, 868, 919, 1900, 1676]"
2463,"[116, 1697, 60, 1747, 865]"
2464,"[1900, 1902, 1074, 1917, 101]"
2465,"[1917, 1900, 1207, 1061, 408]"
2466,"[1705, 1358, 1775, 1495, 497]"
2467,"[1915, 677, 1618, 1704, 1676]"
2468,"[1257, 1704, 1768, 349, 1761]"
2469,"[455, 368, 862, 1758, 1192]"
2470,"[1670, 1746, 102, 793, 98]"
2471,"[1915, 289, 1560, 125, 677]"
2472,"[1915, 1561, 1900, 101, 1863]"
2473,"[1922, 1897, 1705, 900, 1704]"
2474,"[1026, 1046, 1924, 1649, 1906]"
2475,"[455, 1704, 511, 1705, 1836]"
2476,"[1904, 1316, 1636, 18, 1441]"
2477,"[1607, 1192, 1517, 1587, 1904]"
2478,"[700, 1710, 300, 927, 1936]"
2479,"[1795, 428, 1733, 128, 412]"
2480,"[377, 1123, 395, 361, 29]"
2481,"[1607, 886, 1517, 478, 1896]"
2482,"[1098, 1922, 1897, 1567, 1880]"
2483,"[739, 1737, 759, 745, 125]"
2484,"[261, 238, 235, 234, 239]"
2485,"[1655, 1762, 1617, 1760, 1758]"
2486,"[73, 911, 1705, 990, 1912]"
2487,"[28, 24, 1536, 1875, 1659]"
2488,"[368, 1522, 372, 1192, 89]"
2489,"[1701, 290, 102, 663, 793]"
2490,"[1246, 1704, 1705, 1752, 773]"
2491,"[372, 368, 745, 761, 1738]"
2492,"[412, 1157, 1705, 1086, 1659]"
2493,"[135, 1098, 108, 1567, 1611]"
2494,"[1567, 1704, 1705, 1752, 1193]"
2495,"[1924, 1705, 1773, 868, 125]"
2496,"[1570, 135, 1567, 372, 108]"
2497,"[1490, 1255, 1302, 59, 124]"
2498,"[1072, 1157, 368, 372, 339]"
2499,"[1705, 850, 1704, 1752, 440]"
2500,"[109, 416, 1523, 425, 811]"
2501,"[1900, 1917, 757, 762, 758]"
2502,"[1900, 1915, 1917, 1046, 1902]"
2503,"[1704, 1705, 1809, 501, 1832]"
2504,"[82, 1287, 107, 1877, 1015]"
2505,"[1900, 1902, 96, 97, 1847]"
2506,"[1042, 1915, 175, 159, 937]"
2507,"[24, 1599, 1155, 1536, 116]"
2508,"[216, 372, 1570, 1915, 468]"
2509,"[757, 774, 758, 1316, 760]"
2510,"[386, 1915, 1900, 927, 1752]"
2511,"[884, 1070, 442, 773, 1066]"
2512,"[1607, 1019, 1035, 1894, 1586]"
2513,"[1260, 1256, 1935, 1828, 1258]"
2514,"[1197, 161, 928, 1041, 1524]"
2515,"[1878, 1707, 1705, 1704, 1760]"
2516,"[793, 102, 666, 654, 98]"
2517,"[420, 717, 1786, 372, 1137]"
2518,"[1246, 275, 1878, 1707, 1708]"
2519,"[1915, 1793, 1789, 1792, 1790]"
2520,"[1905, 1527, 1627, 1915, 1704]"
2521,"[1610, 114, 1614, 116, 455]"
2522,"[1705, 1752, 1760, 1704, 708]"
2523,"[1915, 1673, 1626, 1522, 1128]"
2524,"[102, 637, 663, 653, 651]"
2525,"[1204, 1705, 1704, 1924, 1544]"
2526,"[372, 1721, 1070, 1903, 1570]"
2527,"[1074, 164, 919, 1072, 1705]"
2528,"[1904, 1889, 96, 1700, 1232]"
2529,"[1142, 320, 1649, 347, 736]"
2530,"[73, 4, 1878, 1707, 1708]"
2531,"[1705, 1704, 1924, 478, 1675]"
2532,"[1935, 927, 1305, 1906, 903]"
2533,"[1915, 1906, 1323, 1528, 1590]"
2534,"[677, 660, 1932, 376, 190]"
2535,"[265, 1178, 682, 1129, 1936]"
2536,"[1704, 601, 1915, 1029, 1666]"
2537,"[59, 124, 97, 96, 1853]"
2538,"[1915, 1135, 919, 885, 164]"
2539,"[1900, 1066, 1917, 1543, 1638]"
2540,"[1618, 1705, 1704, 1567, 95]"
2541,"[1599, 1924, 478, 1916, 89]"
2542,"[1610, 1614, 1705, 1704, 583]"
2543,"[1915, 1344, 1027, 1026, 1046]"
2544,"[1560, 864, 171, 350, 55]"
2545,"[110, 1062, 1216, 1878, 1707]"
2546,"[692, 1726, 1601, 846, 1277]"
2547,"[1705, 1516, 1704, 1924, 1713]"
2548,"[1607, 1704, 1705, 1906, 1517]"
2549,"[1900, 478, 1902, 1924, 1560]"
2550,"[1705, 1704, 1761, 1760, 1758]"
2551,"[677, 376, 125, 368, 794]"
2552,"[933, 1320, 1752, 928, 1524]"
2553,"[1926, 692, 441, 688, 98]"
2554,"[1900, 1902, 442, 1917, 1552]"
2555,"[1935, 97, 96, 441, 927]"
2556,"[911, 73, 138, 190, 1705]"
2557,"[511, 1704, 1705, 1659, 1193]"
2558,"[979, 164, 63, 407, 406]"
2559,"[478, 1924, 1704, 1705, 1733]"
2560,"[1256, 1113, 372, 1260, 430]"
2561,"[1082, 1061, 739, 1581, 1902]"
2562,"[663, 102, 653, 651, 637]"
2563,"[1713, 667, 749, 1531, 1704]"
2564,"[1900, 1074, 1927, 1620, 1705]"
2565,"[97, 96, 1915, 1936, 1705]"
2566,"[420, 1746, 1201, 96, 1628]"
2567,"[390, 1924, 1710, 29, 924]"
2568,"[1607, 1157, 1896, 511, 1517]"
2569,"[379, 1619, 757, 762, 758]"
2570,"[455, 421, 1896, 1239, 1193]"
2571,"[1733, 1737, 759, 1734, 762]"
2572,"[1924, 1567, 1704, 1705, 16]"
2573,"[1896, 1586, 1192, 1615, 1607]"
2574,"[1704, 1705, 1801, 1802, 1799]"
2575,"[1704, 1705, 1544, 1760, 1761]"
2576,"[1704, 1705, 1599, 1677, 1884]"
2577,"[1731, 1611, 1015, 1728, 1270]"
2578,"[1306, 82, 1929, 1592, 991]"
2579,"[916, 965, 154, 960, 144]"
2580,"[1704, 1910, 1171, 1916, 703]"
2581,"[455, 1157, 372, 368, 1113]"
2582,"[1896, 1607, 1202, 410, 1157]"
2583,"[276, 89, 29, 125, 605]"
2584,"[935, 172, 920, 166, 163]"
2585,"[927, 165, 164, 159, 937]"
2586,"[368, 1915, 1628, 1113, 1001]"
2587,"[1157, 1249, 1915, 900, 1636]"
2588,"[1906, 1922, 1897, 1705, 900]"
2589,"[1586, 1615, 1607, 1903, 1042]"
2590,"[1917, 1599, 1914, 1704, 1758]"
2591,"[372, 368, 454, 1557, 455]"
2592,"[1900, 1902, 1917, 116, 1155]"
2593,"[462, 333, 1306, 1924, 1884]"
2594,"[420, 96, 1320, 864, 893]"
2595,"[943, 202, 143, 961, 964]"
2596,"[372, 1804, 1567, 1802, 1570]"
2597,"[1586, 1607, 1612, 1915, 1903]"
2598,"[85, 152, 146, 142, 151]"
2599,"[212, 1928, 885, 1704, 1076]"
2600,"[884, 216, 1915, 128, 1011]"
2601,"[1192, 1906, 1704, 1705, 505]"
2602,"[886, 1607, 452, 1704, 1517]"
2603,"[1772, 1603, 606, 862, 216]"
2604,"[1705, 1704, 1788, 1063, 1789]"
2605,"[175, 149, 918, 139, 1046]"
2606,"[1915, 1561, 1066, 1900, 1560]"
2607,"[677, 162, 165, 919, 164]"
2608,"[478, 783, 1924, 1705, 700]"
2609,"[1899, 1906, 1041, 1924, 692]"
2610,"[1700, 1701, 1889, 124, 1315]"
2611,"[1705, 1826, 1704, 512, 510]"
2612,"[868, 98, 1086, 125, 1269]"
2613,"[1567, 1570, 884, 135, 1011]"
2614,"[1924, 1704, 919, 163, 1610]"
2615,"[1726, 692, 1277, 1192, 116]"
2616,"[128, 1733, 1788, 1787, 1792]"
2617,"[351, 198, 943, 920, 125]"
2618,"[1056, 1894, 1762, 1704, 1924]"
2619,"[1603, 862, 878, 96, 97]"
2620,"[1072, 1761, 1704, 1705, 1760]"
2621,"[1636, 1705, 862, 1929, 122]"
2622,"[478, 1924, 1704, 464, 1705]"
2623,"[1932, 1626, 190, 1116, 1518]"
2624,"[1604, 1884, 1567, 789, 1922]"
2625,"[1704, 1607, 1705, 480, 455]"
2626,"[1936, 1906, 432, 926, 1249]"
2627,"[1705, 1704, 1618, 1670, 749]"
2628,"[1704, 1705, 872, 1607, 425]"
2629,"[1030, 292, 1544, 1033, 1894]"
2630,"[1902, 858, 1917, 1045, 1915]"
2631,"[1604, 1710, 1567, 29, 89]"
2632,"[1704, 1705, 1567, 1762, 1752]"
2633,"[1299, 1929, 108, 1705, 212]"
2634,"[1312, 1600, 782, 1599, 692]"
2635,"[1704, 1705, 1752, 1193, 1762]"
2636,"[1799, 926, 1704, 1802, 1804]"
2637,"[1704, 1760, 1705, 857, 1761]"
2638,"[677, 1704, 1705, 499, 505]"
2639,"[114, 1915, 624, 1567, 216]"
2640,"[1915, 1917, 1902, 1620, 1074]"
2641,"[1761, 1760, 1705, 1618, 1762]"
2642,"[372, 368, 1704, 1705, 862]"
2643,"[1157, 1567, 114, 1611, 1880]"
2644,"[1915, 927, 1863, 1828, 1837]"
2645,"[1900, 1915, 1543, 1924, 408]"
2646,"[868, 1915, 993, 1748, 216]"
2647,"[478, 1030, 1334, 289, 443]"
2648,"[1607, 1567, 1192, 1704, 1705]"
2649,"[1559, 835, 1758, 1705, 1760]"
2650,"[1889, 793, 102, 1887, 1541]"
2651,"[409, 1746, 98, 97, 96]"
2652,"[1705, 1704, 1927, 1752, 73]"
2653,"[372, 1570, 1903, 1049, 351]"
2654,"[1896, 1607, 1608, 1517, 1613]"
2655,"[1812, 96, 97, 1810, 1746]"
2656,"[372, 363, 1705, 108, 1803]"
2657,"[1802, 1721, 1804, 361, 1801]"
2658,"[455, 926, 454, 1705, 1192]"
2659,"[1576, 1073, 692, 1581, 794]"
2660,"[292, 1722, 1617, 1762, 1758]"
2661,"[160, 1924, 155, 157, 158]"
2662,"[1570, 1802, 372, 1615, 1557]"
2663,"[1072, 1761, 1705, 368, 1157]"
2664,"[1792, 1705, 381, 1787, 1790]"
2665,"[1072, 162, 919, 924, 925]"
2666,"[212, 108, 138, 1932, 141]"
2667,"[1524, 1525, 1752, 1559, 1119]"
2668,"[1772, 428, 406, 407, 868]"
2669,"[1175, 478, 1385, 1060, 1916]"
2670,"[1157, 862, 368, 1113, 455]"
2671,"[1705, 108, 1072, 1026, 1704]"
2672,"[692, 1100, 307, 455, 1379]"
2673,"[1902, 1917, 1915, 1049, 1900]"
2674,"[1704, 1567, 1705, 1762, 108]"
2675,"[1113, 1617, 455, 926, 1618]"
2676,"[1072, 1157, 702, 704, 128]"
2677,"[1900, 349, 1768, 1029, 1543]"
2678,"[1068, 421, 1157, 1607, 455]"
2679,"[692, 1909, 1246, 455, 1904]"
2680,"[1900, 692, 349, 688, 1543]"
2681,"[364, 760, 346, 1491, 1766]"
2682,"[1586, 113, 890, 1074, 1615]"
2683,"[1705, 1704, 1014, 108, 1073]"
2684,"[165, 1457, 1068, 1014, 28]"
2685,"[1836, 1873, 1832, 1148, 1906]"
2686,"[165, 164, 1029, 1025, 1620]"
2687,"[1113, 891, 368, 455, 862]"
2688,"[1704, 1762, 1760, 1705, 1761]"
2689,"[361, 1896, 317, 1202, 410]"
2690,"[291, 1704, 1705, 505, 1756]"
2691,"[1742, 371, 1915, 624, 1564]"
2692,"[96, 97, 98, 102, 1887]"
2693,"[1761, 1760, 1768, 1769, 1775]"
2694,"[408, 89, 7, 1073, 116]"
2695,"[1705, 455, 1704, 1896, 454]"
2696,"[793, 1863, 1541, 1935, 98]"
2697,"[1931, 1932, 1197, 190, 1337]"
2698,"[1894, 886, 1749, 811, 123]"
2699,"[535, 1503, 1515, 1705, 1704]"
2700,"[368, 372, 1157, 455, 1613]"
2701,"[1900, 1902, 1917, 116, 408]"
2702,"[53, 1804, 1802, 1570, 1567]"
2703,"[1538, 1826, 1556, 1752, 1615]"
2704,"[1902, 1900, 1543, 1917, 1552]"
2705,"[1603, 1792, 862, 1793, 1791]"
2706,"[1929, 408, 1205, 1592, 1675]"
2707,"[1761, 441, 535, 1567, 1760]"
2708,"[1704, 1917, 1705, 1761, 1760]"
2709,"[1705, 1567, 1772, 1704, 1880]"
2710,"[793, 98, 102, 1541, 1564]"
2711,"[1899, 1704, 1299, 919, 1758]"
2712,"[98, 102, 1297, 1924, 478]"
2713,"[507, 1206, 1705, 583, 1471]"
2714,"[730, 731, 1190, 1167, 438]"
2715,"[1028, 1118, 866, 1073, 1313]"
2716,"[478, 1924, 1704, 1705, 1761]"
2717,"[886, 1863, 1935, 927, 1828]"
2718,"[857, 760, 364, 1023, 774]"
2719,"[1863, 927, 1935, 430, 1936]"
2720,"[895, 92, 136, 1065, 1787]"
2721,"[930, 160, 158, 157, 155]"
2722,"[299, 1089, 1637, 1878, 1707]"
2723,"[1676, 124, 408, 757, 758]"
2724,"[1249, 455, 1705, 1704, 1777]"
2725,"[1149, 164, 1620, 1752, 1920]"
2726,"[1915, 147, 200, 202, 960]"
2727,"[1900, 442, 1902, 1828, 1833]"
2728,"[1915, 1560, 1704, 1758, 1760]"
2729,"[1742, 1746, 1564, 1541, 1489]"
2730,"[1066, 1160, 759, 1603, 1615]"
2731,"[1607, 1608, 1704, 1705, 1615]"
2732,"[1915, 368, 624, 455, 1598]"
2733,"[1915, 216, 1054, 1026, 885]"
2734,"[97, 96, 1538, 1556, 1528]"
2735,"[1246, 501, 332, 1880, 1256]"
2736,"[190, 925, 271, 1050, 149]"
2737,"[341, 1902, 1246, 1701, 73]"
2738,"[1607, 1733, 1737, 768, 765]"
2739,"[1793, 1792, 1790, 1789, 1791]"
2740,"[430, 1907, 927, 1659, 1935]"
2741,"[1915, 1561, 857, 1560, 1536]"
2742,"[102, 663, 653, 1541, 97]"
2743,"[1915, 1193, 164, 1620, 1748]"
2744,"[1902, 1900, 1917, 359, 1552]"
2745,"[1063, 1033, 165, 937, 1025]"
2746,"[1586, 413, 1599, 1615, 478]"
2747,"[1607, 1896, 1894, 1608, 1157]"
2748,"[1761, 1617, 1113, 1722, 292]"
2749,"[1519, 165, 89, 1520, 1620]"
2750,"[1617, 926, 1704, 1782, 1758]"
2751,"[1896, 1607, 1192, 1157, 1705]"
2752,"[455, 454, 1308, 461, 465]"
2753,"[1613, 1924, 925, 209, 1530]"
2754,"[1700, 98, 96, 97, 164]"
2755,"[216, 1705, 454, 1113, 1704]"
2756,"[594, 366, 400, 533, 322]"
2757,"[1762, 1795, 589, 1758, 559]"
2758,"[368, 1113, 372, 1607, 862]"
2759,"[1677, 1705, 1704, 872, 1904]"
2760,"[1737, 1733, 765, 1607, 1738]"
2761,"[372, 1894, 1080, 368, 455]"
2762,"[234, 233, 238, 266, 267]"
2763,"[1900, 1902, 1104, 1917, 1752]"
2764,"[441, 421, 1828, 1833, 1837]"
2765,"[468, 1705, 1761, 1760, 1758]"
2766,"[608, 1600, 451, 1192, 1611]"
2767,"[1704, 1615, 1758, 1043, 1798]"
2768,"[216, 1914, 1762, 1758, 1704]"
2769,"[1704, 1705, 926, 511, 1906]"
2770,"[919, 164, 1025, 96, 97]"
2771,"[341, 1899, 257, 926, 692]"
2772,"[1899, 1762, 1211, 1758, 1219]"
2773,"[478, 1924, 1197, 1922, 1897]"
2774,"[1137, 320, 1636, 494, 1817]"
2775,"[1567, 452, 1733, 1792, 1784]"
2776,"[190, 1704, 1932, 1705, 1567]"
2777,"[1902, 1917, 1924, 442, 677]"
2778,"[1704, 1705, 1733, 257, 1737]"
2779,"[1896, 1613, 1157, 1607, 1608]"
2780,"[749, 925, 1670, 163, 164]"
2781,"[1900, 1917, 1543, 1676, 890]"
2782,"[1199, 103, 904, 46, 1887]"
2783,"[793, 1541, 1313, 98, 102]"
2784,"[1902, 1552, 405, 1915, 442]"
2785,"[398, 1290, 1023, 1861, 90]"
2786,"[1615, 1586, 329, 346, 1099]"
2787,"[216, 1728, 1915, 1015, 108]"
2788,"[1617, 926, 1555, 1704, 1705]"
2789,"[891, 368, 1113, 1617, 926]"
2790,"[372, 216, 1915, 116, 1570]"
2791,"[677, 1915, 120, 216, 1704]"
2792,"[125, 1792, 1733, 1545, 1788]"
2793,"[1612, 1762, 1193, 1758, 1705]"
2794,"[677, 412, 1787, 411, 1789]"
2795,"[455, 1705, 1704, 1758, 454]"
2796,"[1513, 542, 594, 1772, 1723]"
2797,"[1927, 1742, 1549, 1884, 1554]"
2798,"[357, 1627, 1025, 159, 937]"
2799,"[259, 1924, 261, 1318, 224]"
2800,"[1922, 1897, 1162, 165, 1924]"
2801,"[1705, 1704, 415, 1762, 1758]"
2802,"[938, 1157, 1607, 1608, 886]"
2803,"[928, 925, 1922, 1897, 321]"
2804,"[1904, 165, 339, 1504, 865]"
2805,"[1726, 1601, 1191, 1705, 1704]"
2806,"[165, 1042, 159, 937, 1029]"
2807,"[1028, 1063, 1288, 1039, 676]"
2808,"[1587, 1922, 1897, 1060, 1063]"
2809,"[1899, 1922, 1897, 1906, 1904]"
2810,"[1922, 1897, 862, 1704, 1705]"
2811,"[412, 1733, 1788, 1792, 927]"
2812,"[1613, 1019, 903, 860, 430]"
2813,"[1746, 102, 96, 97, 98]"
2814,"[807, 1705, 1704, 526, 1044]"
2815,"[1073, 42, 1299, 1924, 1060]"
2816,"[1704, 368, 108, 1705, 1721]"
2817,"[911, 403, 927, 1705, 271]"
2818,"[1157, 368, 455, 1113, 421]"
2819,"[1523, 1068, 860, 1192, 102]"
2820,"[965, 862, 964, 886, 153]"
2821,"[1615, 290, 1538, 1556, 1122]"
2822,"[1242, 1014, 1904, 1606, 1191]"
2823,"[1825, 749, 1233, 667, 291]"
2824,"[1746, 1704, 289, 1705, 1191]"
2825,"[1907, 1612, 952, 1615, 113]"
2826,"[289, 1926, 1704, 1705, 116]"
2827,"[124, 1915, 1363, 1706, 125]"
2828,"[289, 1704, 1705, 1884, 1424]"
2829,"[1896, 1915, 1894, 1192, 1586]"
2830,"[1518, 1556, 1538, 1520, 1626]"
2831,"[922, 1163, 1637, 686, 1904]"
2832,"[1828, 1833, 1837, 1822, 1821]"
2833,"[353, 1176, 1173, 779, 289]"
2834,"[1612, 1574, 1927, 93, 1620]"
2835,"[1922, 1897, 1896, 1905, 89]"
2836,"[1160, 1924, 165, 164, 781]"
2837,"[1527, 1924, 1752, 165, 1520]"
2838,"[1705, 1889, 1704, 1762, 1612]"
2839,"[903, 1025, 1526, 1899, 1627]"
2840,"[89, 165, 1011, 1922, 1897]"
2841,"[107, 1704, 1705, 1442, 1713]"
2842,"[1587, 1627, 1922, 1897, 1063]"
2843,"[667, 682, 291, 1751, 680]"
2844,"[97, 96, 1746, 1904, 1532]"
2845,"[291, 1746, 1760, 97, 1705]"
2846,"[1069, 165, 438, 1567, 1080]"
2847,"[1746, 97, 96, 1724, 98]"
2848,"[125, 1789, 1884, 116, 1788]"
2849,"[128, 1114, 1704, 1758, 1927]"
2850,"[166, 1922, 1897, 1907, 1050]"
2851,"[530, 1704, 1705, 1924, 1914]"
2852,"[1836, 500, 1832, 493, 1302]"
2853,"[1246, 1922, 1897, 1907, 594]"
2854,"[320, 1179, 690, 676, 686]"
2855,"[1899, 1772, 1246, 1922, 1897]"
2856,"[1705, 1704, 1904, 289, 1424]"
2857,"[1924, 89, 1904, 1922, 1897]"
2858,"[1899, 1147, 1907, 1924, 1523]"
2859,"[1929, 455, 1163, 404, 1014]"
2860,"[1902, 102, 98, 97, 96]"
2861,"[165, 128, 1025, 919, 937]"
2862,"[464, 1772, 927, 165, 1627]"
2863,"[289, 1704, 1899, 1531, 1705]"
2864,"[1279, 1073, 1936, 324, 1807]"
2865,"[1249, 496, 1808, 1705, 1704]"
2866,"[1704, 678, 676, 259, 1705]"
2867,"[1649, 1149, 1029, 403, 1633]"
2868,"[625, 1770, 613, 772, 655]"
2869,"[963, 990, 939, 1704, 271]"
2870,"[1587, 291, 1410, 1704, 1760]"
2871,"[1929, 1014, 1592, 55, 1906]"
2872,"[1548, 1556, 1538, 1518, 1752]"
2873,"[1592, 1704, 1170, 95, 256]"
2874,"[1030, 692, 324, 357, 1924]"
2875,"[216, 913, 1575, 1249, 1620]"
2876,"[89, 1526, 1922, 1897, 1704]"
2877,"[1704, 1705, 1072, 1760, 547]"
2878,"[1677, 1704, 1705, 1591, 521]"
2879,"[1517, 1316, 1608, 1705, 1904]"
2880,"[1705, 1762, 1758, 1704, 530]"
2881,"[1915, 914, 1148, 175, 924]"
2882,"[1828, 1837, 1833, 1664, 1822]"
2883,"[116, 1614, 1904, 1724, 1191]"
2884,"[1025, 1904, 1746, 96, 97]"
2885,"[1917, 125, 1147, 259, 1902]"
2886,"[1922, 1897, 927, 1526, 1935]"
2887,"[896, 1495, 1865, 522, 1511]"
2888,"[927, 1863, 1833, 1837, 1828]"
2889,"[1340, 317, 1358, 361, 862]"
2890,"[1071, 1618, 1248, 1675, 1676]"
2891,"[1705, 1768, 1068, 1726, 1704]"
2892,"[1915, 163, 677, 213, 862]"
2893,"[1922, 1897, 165, 89, 1899]"
2894,"[1922, 1897, 1705, 1526, 1704]"
2895,"[1746, 98, 866, 1541, 1070]"
2896,"[812, 706, 467, 464, 310]"
2897,"[89, 165, 1604, 1025, 159]"
2898,"[1705, 1704, 1612, 530, 896]"
2899,"[263, 1249, 635, 1063, 216]"
2900,"[1899, 1762, 1906, 1758, 1705]"
2901,"[1338, 523, 1498, 1919, 1429]"
2902,"[933, 1055, 1809, 1705, 1193]"
2903,"[1760, 291, 1677, 89, 1922]"
2904,"[116, 29, 89, 1676, 113]"
2905,"[265, 329, 998, 1666, 1637]"
2906,"[1907, 928, 1905, 1627, 289]"
2907,"[1922, 1897, 163, 1899, 89]"
2908,"[1907, 1899, 89, 1526, 1762]"
2909,"[1068, 1704, 1066, 1030, 1029]"
2910,"[1587, 1627, 216, 164, 165]"
2911,"[1896, 1607, 1608, 1517, 1627]"
2912,"[1526, 1828, 1899, 927, 1837]"
2913,"[1905, 1627, 165, 163, 1896]"
2914,"[291, 1874, 926, 432, 1705]"
2915,"[927, 1704, 1914, 1762, 1758]"
2916,"[1899, 1915, 484, 317, 1627]"
2917,"[1054, 924, 371, 1659, 1762]"
2918,"[269, 285, 1876, 1932, 69]"
2919,"[89, 766, 361, 1922, 1897]"
2920,"[1902, 1612, 455, 1762, 862]"
2921,"[1029, 1538, 1556, 1924, 1550]"
2922,"[98, 1617, 216, 1901, 1750]"
2923,"[149, 461, 1244, 423, 1149]"
2924,"[97, 96, 1526, 1627, 1922]"
2925,"[116, 1726, 1638, 1705, 692]"
2926,"[261, 267, 266, 239, 238]"
2927,"[1399, 1705, 1461, 1704, 1178]"
2928,"[1601, 1068, 1760, 1705, 863]"
2929,"[868, 1071, 406, 407, 1704]"
2930,"[377, 1931, 116, 379, 1604]"
2931,"[1904, 1588, 1064, 1529, 868]"
2932,"[1899, 113, 1762, 1906, 1705]"
2933,"[1043, 1060, 1520, 692, 175]"
2934,"[1034, 1041, 1915, 1676, 409]"
2935,"[936, 1034, 1924, 1154, 930]"
2936,"[128, 428, 1193, 1025, 937]"
2937,"[296, 1087, 1733, 1279, 408]"
2938,"[1358, 1363, 1370, 1334, 924]"
2939,"[274, 1917, 1902, 280, 408]"
2940,"[447, 1273, 1909, 1911, 1910]"
2941,"[165, 89, 164, 29, 1676]"
2942,"[1907, 1771, 1704, 819, 890]"
2943,"[1917, 1902, 108, 408, 681]"
2944,"[1067, 60, 116, 1747, 216]"
2945,"[1705, 1704, 1726, 1600, 846]"
2946,"[162, 919, 165, 934, 928]"
2947,"[428, 933, 59, 406, 407]"
2948,"[1612, 37, 1574, 1620, 1927]"
2949,"[594, 1772, 1704, 1588, 1762]"
2950,"[420, 1902, 96, 98, 102]"
2951,"[1905, 89, 1627, 164, 1120]"
2952,"[1904, 1613, 1545, 113, 1906]"
2953,"[1627, 1025, 164, 1587, 165]"
2954,"[102, 1040, 125, 409, 716]"
2955,"[1279, 125, 116, 1807, 89]"
2956,"[1296, 1136, 1680, 1048, 1011]"
2957,"[273, 1318, 276, 280, 274]"
2958,"[1922, 1897, 1899, 1526, 1627]"
2959,"[1915, 139, 212, 1230, 29]"
2960,"[116, 1705, 1704, 289, 1191]"
2961,"[1704, 692, 783, 1705, 777]"
2962,"[1915, 1704, 291, 1760, 1705]"
2963,"[1704, 1705, 1768, 1769, 1626]"
2964,"[1915, 1030, 1042, 1560, 1924]"
2965,"[1902, 1915, 1900, 1246, 1762]"
2966,"[1552, 1713, 124, 1700, 1129]"
2967,"[113, 1526, 1924, 1533, 1587]"
2968,"[1579, 447, 291, 1273, 1705]"
2969,"[1558, 1071, 1899, 1627, 1746]"
2970,"[112, 1745, 1907, 1070, 1671]"
2971,"[1915, 1085, 862, 1787, 1603]"
2972,"[1915, 890, 1899, 114, 1085]"
2973,"[1045, 1933, 1034, 1060, 1050]"
2974,"[108, 954, 440, 990, 212]"
2975,"[1201, 102, 1073, 98, 925]"
2976,"[1527, 1905, 1627, 693, 164]"
2977,"[128, 1587, 1627, 1905, 95]"
2978,"[1068, 1724, 1768, 339, 116]"
2979,"[1549, 1068, 1197, 862, 1659]"
2980,"[165, 162, 919, 924, 938]"
2981,"[1900, 1902, 857, 478, 1761]"
2982,"[1704, 1705, 125, 1752, 1536]"
2983,"[1358, 1334, 42, 1368, 501]"
2984,"[136, 1065, 904, 895, 1193]"
2985,"[452, 1825, 1300, 1833, 1828]"
2986,"[1607, 1896, 455, 1906, 1517]"
2987,"[478, 1924, 1157, 1607, 1257]"
2988,"[1915, 1299, 1256, 677, 430]"
2989,"[1705, 1704, 1807, 103, 1531]"
2990,"[1902, 1900, 1917, 1049, 1620]"
2991,"[417, 1193, 1239, 446, 455]"
2992,"[430, 1260, 1256, 1828, 1833]"
2993,"[1226, 395, 1531, 1562, 89]"
2994,"[1705, 1704, 1896, 1807, 97]"
2995,"[1041, 1527, 1560, 1556, 1615]"
2996,"[66, 1809, 1608, 1607, 1157]"
2997,"[1792, 1764, 1790, 1789, 1791]"
2998,"[1705, 919, 162, 924, 928]"
2999,"[1659, 1855, 446, 1193, 1239]"
3000,"[1041, 419, 1030, 1039, 368]"
3001,"[1863, 1256, 1935, 1704, 1705]"
3002,"[474, 395, 1531, 1074, 1030]"
3003,"[1705, 1193, 1704, 886, 1909]"
3004,"[1855, 164, 1193, 1861, 1620]"
3005,"[425, 1073, 1620, 1068, 446]"
3006,"[1151, 260, 1531, 1030, 1068]"
3007,"[478, 1249, 1894, 1896, 819]"
3008,"[359, 306, 1548, 1087, 1088]"
3009,"[1902, 1704, 1043, 1705, 1924]"
3010,"[677, 1704, 1705, 1752, 1193]"
3011,"[1075, 1068, 446, 1041, 1704]"
3012,"[1704, 1705, 452, 1873, 1836]"
3013,"[1863, 1260, 1256, 430, 1828]"
3014,"[1495, 1076, 1302, 768, 1030]"
3015,"[1915, 1836, 1873, 1927, 1030]"
3016,"[933, 1142, 1855, 481, 1846]"
3017,"[454, 478, 368, 862, 455]"
3018,"[1906, 1704, 926, 175, 921]"
3019,"[1620, 1909, 1193, 1704, 1752]"
3020,"[28, 1074, 24, 1073, 1620]"
3021,"[1173, 1617, 454, 1263, 1619]"
3022,"[1705, 1704, 1807, 97, 1924]"
3023,"[125, 1244, 423, 1690, 1677]"
3024,"[125, 423, 1244, 919, 1626]"
3025,"[125, 423, 1244, 1028, 1925]"
3026,"[125, 1244, 423, 397, 1511]"
3027,"[125, 423, 1244, 762, 1690]"
3028,"[125, 1690, 423, 1244, 1915]"
3029,"[125, 423, 1244, 493, 98]"
3030,"[125, 926, 919, 1244, 423]"
3031,"[125, 423, 1244, 1690, 902]"
3032,"[1038, 721, 125, 423, 159]"
3033,"[125, 368, 423, 1244, 412]"
3034,"[125, 1924, 1495, 1825, 677]"
3035,"[125, 1244, 423, 1855, 677]"
3036,"[578, 1690, 1704, 580, 1705]"
3037,"[125, 423, 1244, 1025, 919]"
3038,"[125, 1702, 1244, 423, 1612]"
3039,"[1370, 125, 1363, 511, 42]"
3040,"[773, 1649, 1555, 357, 324]"
3041,"[360, 376, 1126, 362, 125]"
3042,"[125, 1702, 423, 1244, 902]"
3043,"[125, 1900, 1677, 585, 586]"
3044,"[125, 1690, 1282, 1285, 423]"
3045,"[125, 1915, 1244, 423, 1128]"
3046,"[125, 1244, 423, 98, 332]"
3047,"[320, 125, 1244, 423, 1025]"
3048,"[125, 423, 1244, 1690, 1788]"
3049,"[125, 1702, 423, 1244, 1705]"
3050,"[125, 926, 423, 1244, 1617]"
3051,"[594, 1513, 542, 1860, 3]"
3052,"[125, 613, 423, 1244, 1915]"
3053,"[125, 478, 1924, 902, 1612]"
3054,"[125, 1244, 423, 398, 1626]"
3055,"[125, 163, 1508, 1509, 423]"
3056,"[423, 1244, 125, 1028, 1925]"
3057,"[125, 1690, 423, 1244, 365]"
3058,"[1344, 1612, 1626, 892, 125]"
3059,"[125, 1244, 423, 862, 1603]"
3060,"[1900, 125, 1705, 423, 1244]"
3061,"[1915, 125, 1358, 1300, 42]"
3062,"[1830, 927, 79, 1831, 1254]"
3063,"[125, 902, 423, 1244, 1128]"
3064,"[460, 1309, 376, 1310, 677]"
3065,"[125, 423, 1244, 1690, 1924]"
3066,"[460, 1643, 1772, 311, 1309]"
3067,"[478, 1924, 692, 1755, 1885]"
3068,"[1924, 1434, 1704, 1915, 1705]"
3069,"[1915, 478, 408, 1924, 171]"
3070,"[1924, 478, 1915, 98, 1560]"
3071,"[1030, 478, 1704, 1924, 1705]"
3072,"[1560, 1704, 1705, 1695, 528]"
3073,"[1706, 1815, 1810, 1812, 1811]"
3074,"[478, 98, 164, 320, 938]"
3075,"[919, 478, 1704, 1924, 1025]"
3076,"[1927, 1065, 1705, 1704, 1762]"
3077,"[1915, 1704, 1677, 1924, 1705]"
3078,"[478, 1704, 96, 97, 1924]"
3079,"[1915, 1504, 1299, 1816, 1817]"
3080,"[1924, 1705, 409, 1677, 1761]"
3081,"[485, 1705, 1434, 1507, 528]"
3082,"[478, 1924, 98, 96, 97]"
3083,"[1924, 1915, 478, 921, 339]"
3084,"[1915, 1863, 402, 333, 1547]"
3085,"[1915, 116, 1902, 1924, 1561]"
3086,"[504, 1755, 528, 1761, 1507]"
3087,"[1915, 922, 164, 275, 124]"
3088,"[478, 1924, 1704, 1752, 1705]"
3089,"[1744, 817, 1863, 65, 927]"
3090,"[1915, 1924, 98, 96, 97]"
3091,"[1924, 114, 128, 1307, 1815]"
3092,"[926, 528, 1128, 265, 334]"
3093,"[922, 478, 1915, 1704, 159]"
3094,"[1915, 1062, 1704, 1705, 478]"
3095,"[1760, 1705, 1761, 485, 1704]"
3096,"[1915, 1902, 1924, 1792, 1789]"
3097,"[1897, 1922, 1935, 1906, 1936]"
3098,"[289, 1560, 1704, 1705, 1561]"
3099,"[1915, 116, 1924, 528, 1507]"
3100,"[1924, 478, 1705, 1561, 1704]"
3101,"[1560, 98, 921, 528, 1507]"
3102,"[1924, 334, 1915, 1434, 538]"
3103,"[1915, 1560, 1924, 1705, 1561]"
3104,"[1924, 1556, 343, 528, 1507]"
3105,"[1924, 478, 921, 1915, 1906]"
3106,"[528, 1434, 538, 1507, 1695]"
3107,"[1915, 106, 1344, 89, 693]"
3108,"[1758, 361, 96, 97, 1760]"
3109,"[34, 1937, 1815, 1706, 1812]"
3110,"[1604, 361, 1900, 1917, 116]"
3111,"[368, 1113, 455, 862, 421]"
3112,"[216, 53, 1151, 1915, 405]"
3113,"[1024, 1704, 1802, 1798, 1804]"
3114,"[108, 1024, 1721, 1159, 80]"
3115,"[1721, 1801, 1024, 108, 1098]"
3116,"[329, 1344, 1008, 80, 1602]"
3117,"[1776, 1757, 972, 911, 990]"
3118,"[1193, 1656, 1705, 1592, 80]"
3119,"[1929, 108, 1040, 407, 406]"
3120,"[108, 1721, 1931, 1705, 1704]"
3121,"[1929, 108, 1721, 1592, 406]"
3122,"[108, 89, 29, 1561, 453]"
3123,"[1929, 108, 1726, 1721, 1592]"
3124,"[857, 1170, 1758, 1704, 1760]"
3125,"[1929, 108, 1721, 1054, 1592]"
3126,"[1705, 108, 412, 1704, 1721]"
3127,"[1721, 108, 552, 1758, 1762]"
3128,"[80, 853, 292, 1721, 1792]"
3129,"[688, 1024, 368, 1602, 1721]"
3130,"[1760, 1762, 1761, 1704, 1705]"
3131,"[408, 413, 919, 1025, 1024]"
3132,"[380, 1159, 1721, 1024, 1769]"
3133,"[348, 1181, 354, 1024, 1057]"
3134,"[1762, 1761, 1756, 1705, 1704]"
3135,"[108, 1721, 1705, 1704, 927]"
3136,"[1929, 387, 679, 334, 1613]"
3137,"[737, 719, 732, 80, 729]"
3138,"[1024, 80, 1721, 108, 1705]"
3139,"[361, 1732, 1773, 858, 1154]"
3140,"[1024, 1721, 108, 1098, 1618]"
3141,"[911, 952, 834, 1704, 1705]"
3142,"[1024, 108, 1761, 1721, 1704]"
3143,"[430, 42, 402, 1935, 1433]"
3144,"[1721, 108, 80, 1915, 1277]"
3145,"[1799, 1557, 1798, 1187, 1705]"
3146,"[372, 1188, 391, 1184, 1613]"
3147,"[1491, 1405, 1442, 1213, 1409]"
3148,"[1704, 1760, 1636, 1758, 1761]"
3149,"[383, 389, 1129, 1705, 1704]"
3150,"[1024, 1721, 1929, 108, 926]"
3151,"[1721, 339, 108, 1067, 1072]"
3152,"[1027, 272, 80, 1119, 1705]"
3153,"[1721, 108, 1125, 80, 1698]"
3154,"[1915, 1024, 216, 1721, 1705]"
3155,"[1705, 1704, 1904, 1906, 1890]"
3156,"[292, 692, 1617, 1746, 441]"
3157,"[1733, 165, 125, 1792, 175]"
3158,"[1617, 1924, 1705, 926, 1704]"
3159,"[1617, 811, 926, 900, 1884]"
3160,"[1617, 292, 1762, 692, 1722]"
3161,"[125, 645, 128, 216, 1039]"
3162,"[1617, 1762, 292, 1760, 1758]"
3163,"[1617, 900, 102, 455, 926]"
3164,"[292, 1762, 1722, 692, 1758]"
3165,"[441, 1937, 1628, 478, 1553]"
3166,"[292, 1617, 1762, 1555, 1758]"
3167,"[1617, 1655, 292, 926, 900]"
3168,"[926, 1733, 1792, 412, 1788]"
3169,"[1762, 1617, 1722, 292, 1760]"
3170,"[1617, 292, 1924, 1760, 1761]"
3171,"[1144, 441, 440, 688, 704]"
3172,"[292, 440, 1617, 1762, 1758]"
3173,"[1655, 1617, 1555, 292, 1761]"
3174,"[292, 1617, 1722, 1762, 1760]"
3175,"[1617, 1924, 292, 1722, 478]"
3176,"[1762, 1617, 1722, 1758, 292]"
3177,"[1655, 1722, 1924, 63, 749]"
3178,"[1653, 292, 339, 1758, 1761]"
3179,"[292, 1762, 1758, 1617, 1760]"
3180,"[1924, 478, 1906, 1758, 1705]"
3181,"[1617, 1762, 1760, 1758, 292]"
3182,"[292, 1722, 1758, 1617, 1762]"
3183,"[98, 292, 96, 97, 163]"
3184,"[621, 1705, 1704, 1617, 1758]"
3185,"[292, 1704, 1924, 1677, 1617]"
3186,"[425, 164, 1626, 1713, 100]"
3187,"[1617, 926, 1125, 900, 919]"
3188,"[441, 741, 1619, 756, 763]"
3189,"[1761, 1617, 292, 1567, 58]"
3190,"[1617, 1722, 292, 1762, 1761]"
3191,"[1617, 292, 1762, 1761, 1758]"
3192,"[1722, 292, 673, 1617, 1762]"
3193,"[1249, 159, 1884, 1704, 163]"
3194,"[1617, 1618, 1705, 1890, 1704]"
3195,"[441, 997, 164, 982, 1748]"
3196,"[292, 1617, 1758, 1722, 1762]"
3197,"[292, 1071, 1617, 1722, 1758]"
3198,"[441, 1513, 1878, 1707, 542]"
3199,"[794, 1313, 1746, 1761, 1704]"
3200,"[1705, 681, 1760, 887, 1746]"
3201,"[811, 103, 16, 322, 1898]"
3202,"[1172, 1063, 1241, 1188, 1836]"
3203,"[1071, 1807, 1704, 89, 465]"
3204,"[1746, 126, 1924, 1191, 1902]"
3205,"[706, 711, 454, 704, 324]"
3206,"[1114, 1558, 1550, 1752, 1927]"
3207,"[1705, 1704, 1538, 1155, 136]"
3208,"[1705, 1704, 119, 1412, 558]"
3209,"[1071, 103, 868, 1588, 242]"
3210,"[321, 900, 1586, 1696, 1588]"
3211,"[1071, 1807, 1705, 1704, 409]"
3212,"[1760, 1705, 1704, 900, 1924]"
3213,"[365, 1056, 1627, 265, 1587]"
3214,"[112, 291, 113, 1914, 1904]"
3215,"[415, 1191, 1627, 1746, 126]"
3216,"[706, 465, 711, 781, 715]"
3217,"[1905, 1627, 1705, 113, 1762]"
3218,"[291, 1070, 1761, 1704, 1705]"
3219,"[1070, 409, 1626, 1523, 1704]"
3220,"[89, 1627, 409, 460, 1746]"
3221,"[681, 1626, 1518, 1531, 164]"
3222,"[1705, 681, 1760, 887, 1923]"
3223,"[1911, 900, 984, 460, 922]"
3224,"[1071, 1807, 1704, 124, 1746]"
3225,"[289, 291, 1070, 1119, 112]"
3226,"[1649, 1122, 332, 273, 823]"
3227,"[1627, 1910, 1587, 1904, 1526]"
3228,"[1746, 291, 96, 97, 98]"
3229,"[112, 1070, 291, 113, 164]"
3230,"[291, 1746, 1626, 387, 1518]"
3231,"[89, 291, 1556, 1705, 18]"
3232,"[291, 1605, 781, 706, 711]"
3233,"[1904, 112, 291, 119, 1705]"
3234,"[409, 291, 1746, 1890, 1627]"
3235,"[1705, 1760, 681, 409, 954]"
3236,"[1705, 1746, 291, 1704, 1927]"
3237,"[112, 291, 1533, 1070, 96]"
3238,"[106, 1032, 1704, 811, 1705]"
3239,"[440, 321, 1070, 456, 317]"
3240,"[811, 1071, 1748, 1807, 868]"
3241,"[1705, 1704, 1537, 1044, 1908]"
3242,"[1071, 811, 322, 103, 365]"
3243,"[1713, 338, 1518, 1556, 1924]"
3244,"[1910, 1906, 1523, 291, 1562]"
3245,"[1562, 1924, 1070, 96, 97]"
3246,"[1308, 1924, 1913, 454, 1242]"
3247,"[1905, 1527, 1899, 291, 1627]"
3248,"[1760, 1761, 1704, 1705, 1909]"
3249,"[111, 1762, 1704, 1760, 1274]"
3250,"[1705, 1063, 1704, 1706, 572]"
3251,"[663, 1937, 1553, 1628, 1924]"
3252,"[1924, 321, 291, 112, 478]"
3253,"[1761, 1937, 1760, 1705, 1924]"
3254,"[432, 1705, 1937, 277, 1760]"
3255,"[1705, 1937, 1070, 1924, 1523]"
3256,"[1704, 1705, 1924, 1826, 478]"
3257,"[1937, 1705, 1924, 1760, 1761]"
3258,"[1533, 291, 1528, 1906, 1529]"
3259,"[1910, 1627, 1905, 331, 97]"
3260,"[1705, 1760, 1761, 1924, 692]"
3261,"[1910, 1924, 1899, 1523, 1529]"
3262,"[1066, 1907, 1671, 1745, 1616]"
3263,"[291, 1924, 1070, 112, 1906]"
3264,"[1308, 913, 809, 1604, 1610]"
3265,"[1924, 291, 1533, 112, 113]"
3266,"[1910, 1906, 1523, 1529, 98]"
3267,"[1562, 1937, 1523, 1924, 1553]"
3268,"[291, 1761, 1606, 1937, 1760]"
3269,"[1924, 1704, 1705, 1723, 478]"
3270,"[1760, 291, 112, 113, 1070]"
3271,"[1704, 1705, 1924, 1600, 1826]"
3272,"[1704, 1705, 1761, 572, 1760]"
3273,"[1733, 1192, 1606, 1908, 684]"
3274,"[291, 1761, 1760, 1606, 1937]"
3275,"[1526, 1899, 1523, 1273, 860]"
3276,"[291, 1628, 1553, 667, 478]"
3277,"[1924, 1904, 291, 1906, 1523]"
3278,"[901, 1063, 319, 1636, 1815]"
3279,"[1924, 1713, 714, 478, 338]"
3280,"[926, 510, 1913, 109, 1242]"
3281,"[1705, 291, 1924, 1704, 113]"
3282,"[1760, 1761, 1924, 478, 1904]"
3283,"[1904, 291, 1627, 1760, 1761]"
3284,"[1308, 432, 1704, 1705, 1760]"
3285,"[1906, 1527, 1523, 1924, 1529]"
3286,"[1761, 1937, 1553, 1760, 291]"
3287,"[1915, 1902, 1073, 922, 171]"
3288,"[1628, 1553, 409, 782, 1538]"
3289,"[398, 291, 667, 1915, 98]"
3290,"[291, 1070, 112, 866, 1704]"
3291,"[125, 1677, 116, 454, 113]"
3292,"[588, 590, 587, 597, 595]"
3293,"[45, 1614, 1636, 1637, 363]"
3294,"[928, 1705, 1760, 1761, 1704]"
3295,"[1614, 1636, 45, 860, 438]"
3296,"[291, 289, 1070, 1656, 692]"
3297,"[1704, 682, 1705, 1760, 1656]"
3298,"[113, 291, 112, 1533, 890]"
3299,"[811, 109, 291, 112, 1070]"
3300,"[1746, 1025, 98, 97, 96]"
3301,"[1705, 1761, 1704, 1760, 1762]"
3302,"[692, 1726, 846, 1523, 1704]"
3303,"[291, 1705, 1704, 415, 1073]"
3304,"[1626, 1538, 1915, 1518, 1556]"
3305,"[1028, 102, 164, 1025, 1925]"
3306,"[811, 291, 112, 1070, 113]"
3307,"[1201, 291, 1713, 1746, 98]"
3308,"[291, 125, 1704, 1705, 1533]"
3309,"[1705, 1761, 1758, 1760, 1704]"
3310,"[1636, 809, 1746, 363, 1614]"
3311,"[291, 1606, 455, 1636, 1614]"
3312,"[98, 1746, 121, 102, 1713]"
3313,"[1704, 1705, 291, 454, 409]"
3314,"[291, 667, 1761, 1760, 1704]"
3315,"[1614, 1070, 1636, 783, 455]"
3316,"[1704, 1924, 125, 782, 1705]"
3317,"[1070, 291, 1386, 866, 112]"
3318,"[1523, 291, 1192, 112, 1704]"
3319,"[667, 291, 1752, 1708, 1878]"
3320,"[1746, 98, 866, 96, 97]"
3321,"[811, 109, 1277, 1199, 291]"
3322,"[409, 1062, 860, 1070, 102]"
3323,"[291, 1277, 102, 409, 1068]"
3324,"[782, 682, 1704, 216, 1705]"
3325,"[4, 3, 6, 13, 12]"
3326,"[291, 1677, 89, 29, 125]"
3327,"[811, 1523, 1192, 112, 113]"
3328,"[291, 1070, 866, 112, 1704]"
3329,"[112, 1070, 113, 291, 890]"
3330,"[1770, 866, 1414, 113, 112]"
3331,"[1750, 4, 1704, 1705, 1761]"
3332,"[1704, 1705, 1915, 1924, 455]"
3333,"[1915, 171, 1812, 1828, 1833]"
3334,"[921, 528, 1507, 938, 1755]"
3335,"[1924, 478, 1377, 1549, 1884]"
3336,"[1828, 1837, 1833, 1848, 1847]"
3337,"[1705, 1704, 1755, 1434, 1773]"
3338,"[1924, 478, 1704, 692, 1705]"
3339,"[1884, 1261, 1258, 1259, 1298]"
3340,"[1924, 1705, 1704, 1204, 1762]"
3341,"[1704, 1760, 1762, 1758, 1705]"
3342,"[1050, 283, 327, 1204, 1790]"
3343,"[1915, 128, 478, 1924, 1704]"
3344,"[1705, 1704, 1924, 408, 478]"
3345,"[1434, 528, 921, 1507, 343]"
3346,"[37, 1626, 95, 93, 1816]"
3347,"[3, 646, 12, 1723, 7]"
3348,"[1924, 1761, 1507, 528, 1434]"
3349,"[1705, 478, 1924, 1704, 1807]"
3350,"[921, 938, 1755, 1704, 1761]"
3351,"[1915, 216, 1884, 618, 1020]"
3352,"[1064, 1915, 291, 1704, 1705]"
3353,"[478, 1924, 159, 937, 1526]"
3354,"[1924, 478, 904, 1704, 1884]"
3355,"[478, 1924, 789, 1752, 464]"
3356,"[1771, 1833, 1828, 1837, 1764]"
3357,"[1504, 460, 1884, 789, 553]"
3358,"[96, 97, 98, 1705, 1704]"
3359,"[126, 1815, 1706, 1810, 528]"
3360,"[1884, 25, 24, 799, 630]"
3361,"[1704, 1705, 1762, 1760, 1733]"
3362,"[1704, 1705, 1924, 1434, 565]"
3363,"[285, 784, 618, 1550, 385]"
3364,"[333, 1561, 528, 921, 1507]"
3365,"[361, 1762, 1760, 818, 1758]"
3366,"[1504, 553, 1704, 1705, 1924]"
3367,"[1863, 1935, 1828, 1837, 1833]"
3368,"[128, 1924, 478, 892, 1673]"
3369,"[1113, 1915, 1884, 1385, 616]"
3370,"[528, 1507, 538, 1434, 1695]"
3371,"[478, 1924, 1705, 922, 1704]"
3372,"[1128, 343, 528, 1507, 514]"
3373,"[1368, 42, 441, 570, 402]"
3374,"[921, 1638, 938, 1821, 291]"
3375,"[1705, 819, 1704, 116, 1067]"
3376,"[1904, 1588, 1705, 1704, 1529]"
3377,"[1129, 1924, 1727, 1675, 1904]"
3378,"[478, 1924, 1746, 1526, 1899]"
3379,"[89, 1924, 1899, 1904, 1922]"
3380,"[1905, 1526, 89, 1627, 1899]"
3381,"[1904, 1746, 165, 1532, 98]"
3382,"[1915, 113, 89, 112, 1922]"
3383,"[1904, 1704, 43, 1705, 819]"
3384,"[681, 1558, 1521, 1536, 1564]"
3385,"[1924, 677, 1762, 1758, 1704]"
3386,"[1063, 919, 1054, 1924, 1904]"
3387,"[443, 24, 1699, 28, 1628]"
3388,"[1904, 1899, 1586, 862, 922]"
3389,"[1746, 1705, 98, 97, 96]"
3390,"[1589, 862, 1904, 1249, 1192]"
3391,"[1760, 1904, 1704, 1705, 819]"
3392,"[113, 1533, 1792, 1587, 1733]"
3393,"[1904, 1191, 102, 1746, 97]"
3394,"[677, 216, 1762, 1758, 1705]"
3395,"[434, 1620, 1687, 1112, 1519]"
3396,"[1904, 1600, 1191, 1792, 1791]"
3397,"[1738, 926, 1904, 282, 778]"
3398,"[1904, 1899, 1924, 1909, 1907]"
3399,"[1909, 165, 425, 922, 1904]"
3400,"[1792, 1904, 89, 1733, 1788]"
3401,"[1904, 1705, 1704, 1489, 1762]"
3402,"[1935, 406, 1899, 407, 927]"
3403,"[1041, 1762, 408, 924, 1926]"
3404,"[1705, 1704, 1904, 1646, 505]"
3405,"[216, 1898, 1582, 49, 533]"
3406,"[530, 1705, 1704, 1606, 1063]"
3407,"[1309, 868, 1924, 1277, 98]"
3408,"[1044, 1863, 1915, 1023, 398]"
3409,"[1915, 677, 1907, 376, 1904]"
3410,"[478, 937, 159, 165, 28]"
3411,"[1904, 163, 1909, 89, 1025]"
3412,"[1904, 1607, 570, 1738, 282]"
3413,"[1705, 1904, 1807, 89, 1704]"
3414,"[1643, 1904, 1316, 1705, 1114]"
3415,"[454, 1704, 455, 1627, 1746]"
3416,"[1904, 1762, 1758, 1063, 1705]"
3417,"[1071, 1704, 43, 1904, 1025]"
3418,"[1904, 819, 98, 97, 96]"
3419,"[1201, 420, 1700, 102, 1073]"
3420,"[1902, 420, 60, 96, 1757]"
3421,"[464, 1071, 96, 97, 98]"
3422,"[1902, 60, 420, 716, 1201]"
3423,"[1902, 1915, 1900, 1552, 1917]"
3424,"[164, 1700, 1358, 42, 1368]"
3425,"[420, 1700, 171, 361, 1197]"
3426,"[420, 1902, 409, 96, 97]"
3427,"[1902, 716, 1552, 1040, 1124]"
3428,"[1902, 1552, 1201, 1543, 98]"
3429,"[1902, 1705, 1833, 1837, 1828]"
3430,"[716, 1040, 60, 1320, 420]"
3431,"[716, 1029, 1040, 109, 107]"
3432,"[925, 1700, 881, 876, 879]"
3433,"[1902, 1543, 1219, 1900, 408]"
3434,"[1915, 1041, 1042, 1040, 478]"
3435,"[1201, 1902, 409, 97, 96]"
3436,"[1902, 1552, 409, 922, 98]"
3437,"[1902, 922, 1833, 1837, 1828]"
3438,"[1902, 420, 925, 922, 1543]"
3439,"[97, 96, 102, 409, 1746]"
3440,"[1902, 1552, 420, 1201, 98]"
3441,"[409, 98, 102, 96, 97]"
3442,"[171, 1915, 1825, 1733, 922]"
3443,"[716, 125, 1518, 1040, 171]"
3444,"[1902, 409, 102, 1552, 97]"
3445,"[1118, 162, 919, 164, 938]"
3446,"[73, 1197, 96, 97, 98]"
3447,"[1118, 409, 1197, 1201, 98]"
3448,"[98, 1518, 409, 96, 97]"
3449,"[677, 1915, 1135, 1343, 1142]"
3450,"[96, 97, 98, 1541, 793]"
3451,"[716, 1902, 1915, 1040, 1646]"
3452,"[864, 162, 126, 1320, 1201]"
3453,"[97, 96, 98, 409, 1746]"
3454,"[1902, 126, 60, 420, 1320]"
3455,"[1902, 102, 1552, 409, 124]"
3456,"[1902, 1915, 1552, 409, 1543]"
3457,"[409, 1902, 102, 332, 1552]"
3458,"[1902, 1915, 1040, 1552, 1900]"
3459,"[124, 116, 408, 409, 1822]"
3460,"[1902, 409, 96, 97, 1746]"
3461,"[1368, 42, 1358, 1828, 1837]"
3462,"[98, 96, 97, 102, 1201]"
3463,"[1935, 1256, 430, 1260, 1705]"
3464,"[1620, 1917, 1520, 408, 1704]"
3465,"[1915, 223, 211, 980, 493]"
3466,"[954, 935, 1299, 1763, 216]"
3467,"[1917, 145, 408, 1924, 1590]"
3468,"[1495, 1260, 1258, 1924, 1256]"
3469,"[1207, 1924, 1705, 702, 924]"
3470,"[1915, 478, 868, 165, 1899]"
3471,"[1900, 1046, 1902, 1632, 408]"
3472,"[357, 1299, 1046, 1659, 728]"
3473,"[1915, 1899, 163, 164, 165]"
3474,"[1915, 972, 216, 1620, 605]"
3475,"[1299, 1061, 1049, 1915, 1666]"
3476,"[1915, 890, 1900, 219, 926]"
3477,"[1915, 1299, 911, 1369, 915]"
3478,"[972, 1915, 968, 974, 149]"
3479,"[430, 927, 441, 1825, 1936]"
3480,"[1915, 1917, 1561, 1902, 408]"
3481,"[1915, 329, 1001, 137, 408]"
3482,"[1915, 430, 1260, 1256, 1258]"
3483,"[1772, 1704, 1301, 452, 1705]"
3484,"[1915, 1299, 1438, 1369, 1343]"
3485,"[376, 677, 164, 216, 1244]"
3486,"[372, 265, 368, 1205, 862]"
3487,"[271, 1630, 1205, 1332, 563]"
3488,"[1915, 1627, 1935, 927, 165]"
3489,"[1915, 347, 725, 972, 357]"
3490,"[1915, 430, 1833, 1837, 1828]"
3491,"[1915, 724, 1549, 216, 1249]"
3492,"[736, 729, 1748, 732, 737]"
3493,"[1135, 1077, 376, 677, 327]"
3494,"[927, 1828, 430, 1260, 1256]"
3495,"[1915, 1545, 1906, 1610, 1536]"
3496,"[1789, 1792, 1863, 1793, 1790]"
3497,"[1900, 1915, 1917, 1902, 408]"
3498,"[216, 1176, 175, 541, 1917]"
3499,"[1915, 1359, 1825, 1793, 915]"
3500,"[1028, 1527, 1905, 1025, 1627]"
3501,"[1046, 1021, 972, 725, 1754]"
3502,"[1905, 163, 919, 165, 1025]"
3503,"[1332, 1498, 963, 1832, 196]"
3504,"[918, 136, 275, 64, 1659]"
3505,"[1915, 125, 1924, 1299, 1705]"
3506,"[175, 1618, 924, 937, 1659]"
3507,"[1915, 1704, 1924, 1705, 1389]"
3508,"[886, 421, 919, 1906, 175]"
3509,"[1902, 1917, 1915, 149, 442]"
3510,"[1915, 1900, 1917, 1924, 1543]"
3511,"[1915, 1758, 1747, 865, 700]"
3512,"[371, 1023, 1861, 1764, 398]"
3513,"[1900, 849, 163, 1019, 1757]"
3514,"[1847, 1845, 1849, 1848, 443]"
3515,"[1917, 1760, 1768, 1775, 1769]"
3516,"[1861, 1855, 1762, 1846, 1863]"
3517,"[1900, 1915, 1543, 1704, 1561]"
3518,"[1900, 1902, 1917, 408, 116]"
3519,"[1900, 1917, 606, 1603, 862]"
3520,"[1900, 1902, 1917, 1543, 108]"
3521,"[1900, 1766, 1902, 1792, 1790]"
3522,"[891, 1157, 1618, 1608, 1896]"
3523,"[1902, 1552, 1704, 1705, 1760]"
3524,"[1915, 1902, 1030, 1917, 320]"
3525,"[1900, 1362, 1781, 1782, 1924]"
3526,"[677, 376, 808, 1908, 787]"
3527,"[1915, 1900, 1705, 1543, 101]"
3528,"[1900, 1917, 1021, 868, 349]"
3529,"[760, 364, 756, 763, 769]"
3530,"[1915, 919, 921, 159, 937]"
3531,"[1932, 1758, 1704, 1705, 1762]"
3532,"[1900, 296, 1902, 1917, 1704]"
3533,"[1900, 1902, 377, 1917, 1543]"
3534,"[1915, 478, 1924, 1560, 372]"
3535,"[443, 197, 478, 349, 1924]"
3536,"[1915, 1001, 1020, 1704, 139]"
3537,"[368, 1113, 1915, 333, 862]"
3538,"[1045, 139, 1917, 1017, 197]"
3539,"[1863, 1935, 927, 1828, 430]"
3540,"[692, 411, 453, 78, 89]"
3541,"[1900, 116, 1902, 1917, 349]"
3542,"[1924, 478, 1915, 1704, 1705]"
3543,"[138, 108, 1042, 349, 141]"
3544,"[1113, 368, 455, 862, 926]"
3545,"[406, 407, 223, 1079, 428]"
3546,"[438, 1636, 1263, 432, 1704]"
3547,"[1900, 1915, 97, 96, 1758]"
3548,"[1704, 1550, 1555, 1705, 1766]"
3549,"[1915, 1137, 1071, 1052, 1924]"
3550,"[1915, 1299, 430, 1863, 1260]"
3551,"[873, 870, 1705, 168, 100]"
3552,"[1246, 7, 3, 12, 6]"
3553,"[1067, 1420, 492, 1366, 446]"
3554,"[1913, 1242, 118, 1878, 1707]"
3555,"[95, 1746, 1705, 1208, 1795]"
3556,"[1922, 1897, 89, 29, 113]"
3557,"[1615, 677, 1586, 1556, 1538]"
3558,"[1537, 1560, 97, 96, 98]"
3559,"[1878, 1707, 1806, 1246, 1708]"
3560,"[794, 1313, 1699, 4, 884]"
3561,"[1024, 1924, 1899, 1762, 1758]"
3562,"[1775, 1713, 1618, 1704, 1705]"
3563,"[1905, 1627, 952, 165, 924]"
3564,"[22, 40, 806, 23, 26]"
3565,"[1537, 1044, 677, 530, 1704]"
3566,"[1704, 1705, 135, 132, 1537]"
3567,"[1044, 98, 97, 96, 371]"
3568,"[1770, 291, 1070, 1414, 112]"
3569,"[399, 1586, 1615, 1029, 1556]"
3570,"[113, 112, 890, 1070, 1191]"
3571,"[1705, 1704, 1770, 1759, 1762]"
3572,"[62, 398, 1014, 1705, 1734]"
3573,"[1626, 89, 1518, 921, 213]"
3574,"[1556, 1538, 1518, 1520, 1752]"
3575,"[291, 1762, 667, 1758, 1705]"
3576,"[1795, 1705, 1704, 1353, 1463]"
3577,"[1070, 291, 1627, 113, 1906]"
3578,"[1463, 1795, 1753, 1704, 1705]"
3579,"[1705, 1762, 1758, 1063, 1704]"
3580,"[1899, 289, 870, 1924, 1692]"
3581,"[1537, 1535, 1063, 1746, 1758]"
3582,"[291, 1627, 163, 165, 1905]"
3583,"[890, 89, 29, 1070, 1676]"
3584,"[89, 1676, 1196, 29, 1675]"
3585,"[1040, 862, 97, 96, 1603]"
3586,"[1903, 1537, 1535, 89, 890]"
3587,"[216, 1704, 335, 1705, 1567]"
3588,"[1704, 1705, 1795, 95, 1463]"
3589,"[1044, 1704, 1705, 1537, 1924]"
3590,"[1795, 870, 1705, 482, 1757]"
3591,"[1705, 1927, 1704, 1762, 1795]"
3592,"[1044, 1927, 862, 371, 102]"
3593,"[1044, 97, 96, 1537, 98]"
3594,"[1868, 1636, 431, 1576, 62]"
3595,"[1893, 344, 406, 919, 162]"
3596,"[1299, 1538, 1556, 1916, 1775]"
3597,"[1807, 1705, 1548, 1520, 1556]"
3598,"[1603, 1761, 938, 1769, 1034]"
3599,"[440, 441, 1176, 1769, 442]"
3600,"[1697, 1849, 1696, 1705, 1556]"
3601,"[1137, 686, 1030, 1655, 425]"
3602,"[164, 1890, 1628, 425, 1905]"
3603,"[1071, 1704, 419, 406, 407]"
3604,"[1761, 1769, 1760, 1775, 1768]"
3605,"[1705, 1704, 1807, 419, 406]"
3606,"[1041, 1131, 165, 98, 102]"
3607,"[1890, 885, 1562, 1006, 97]"
3608,"[1768, 1769, 1775, 1761, 1760]"
3609,"[368, 934, 176, 924, 174]"
3610,"[89, 406, 407, 419, 116]"
3611,"[1561, 1562, 1536, 406, 453]"
3612,"[1713, 1893, 688, 868, 1615]"
3613,"[1828, 1833, 1837, 1818, 1819]"
3614,"[1705, 1704, 1760, 1758, 1761]"
3615,"[1768, 1761, 1769, 1131, 1760]"
3616,"[1890, 425, 1893, 406, 407]"
3617,"[1527, 1627, 1526, 1905, 1899]"
3618,"[926, 919, 1025, 885, 1704]"
3619,"[1344, 965, 1031, 1039, 1037]"
3620,"[1704, 935, 1038, 1457, 1039]"
3621,"[1617, 1704, 1030, 1038, 1039]"
3622,"[89, 1044, 1752, 1761, 1768]"
3623,"[406, 419, 1548, 1890, 1893]"
3624,"[406, 407, 1697, 419, 1192]"
3625,"[1031, 1538, 1039, 1713, 1030]"
3626,"[1037, 1033, 935, 924, 1031]"
3627,"[1073, 1495, 406, 162, 919]"
3628,"[778, 1033, 1204, 120, 1071]"
3629,"[165, 1890, 937, 159, 164]"
3630,"[1071, 1037, 1031, 1030, 1912]"
3631,"[1032, 1680, 1258, 1676, 1261]"
3632,"[1909, 1901, 930, 934, 931]"
3633,"[1071, 1704, 868, 1748, 1191]"
3634,"[89, 406, 1893, 612, 162]"
3635,"[1912, 1039, 1040, 935, 1027]"
3636,"[1899, 1761, 1705, 1704, 1906]"
3637,"[1768, 1761, 1769, 1556, 1775]"
3638,"[89, 164, 1906, 165, 1890]"
3639,"[1907, 1899, 1906, 1924, 1705]"
3640,"[1705, 1191, 1899, 455, 1704]"
3641,"[116, 1747, 865, 1889, 863]"
3642,"[1726, 1762, 692, 1191, 1637]"
3643,"[1915, 677, 1704, 60, 116]"
3644,"[1726, 109, 1705, 692, 1192]"
3645,"[116, 289, 455, 1604, 1705]"
3646,"[1726, 1896, 109, 692, 455]"
3647,"[1704, 1705, 1906, 1899, 1610]"
3648,"[289, 339, 1705, 1704, 1191]"
3649,"[900, 1746, 1704, 1705, 97]"
3650,"[1704, 289, 455, 1705, 116]"
3651,"[1726, 1604, 692, 1922, 1897]"
3652,"[1704, 289, 1705, 1760, 1904]"
3653,"[1724, 289, 1562, 1746, 1705]"
3654,"[379, 116, 1113, 865, 1606]"
3655,"[106, 1916, 1926, 1032, 1615]"
3656,"[289, 1606, 1705, 116, 1704]"
3657,"[346, 1713, 1067, 1147, 335]"
3658,"[1915, 1180, 1192, 1916, 1907]"
3659,"[1705, 289, 1704, 1890, 1904]"
3660,"[106, 368, 455, 862, 1705]"
3661,"[289, 1705, 1704, 1904, 1606]"
3662,"[1899, 1896, 1705, 1704, 1904]"
3663,"[1705, 289, 1704, 1191, 1904]"
3664,"[1662, 1192, 1726, 692, 1705]"
3665,"[1705, 406, 1929, 1191, 1890]"
3666,"[1704, 1705, 289, 1424, 1904]"
3667,"[289, 1904, 1705, 1704, 1769]"
3668,"[1907, 116, 1726, 114, 692]"
3669,"[289, 1904, 1705, 1704, 1760]"
3670,"[692, 1899, 1526, 1604, 846]"
3671,"[1068, 1066, 289, 1704, 1901]"
3672,"[1890, 1929, 1636, 406, 535]"
3673,"[1915, 1068, 1066, 1705, 289]"
3674,"[106, 1705, 1904, 113, 1890]"
3675,"[97, 96, 1068, 98, 1705]"
3676,"[455, 1928, 1899, 1526, 125]"
3677,"[289, 1705, 1704, 1904, 1531]"
3678,"[1705, 1704, 1424, 289, 1904]"
3679,"[289, 1760, 1704, 1705, 1904]"
3680,"[1704, 1705, 289, 1921, 1760]"
3681,"[1705, 1704, 289, 1424, 1760]"
3682,"[1705, 1704, 1907, 289, 1191]"
3683,"[1046, 1049, 219, 1029, 1861]"
3684,"[1065, 136, 895, 904, 819]"
3685,"[1915, 1900, 412, 1659, 1607]"
3686,"[1071, 921, 102, 1202, 410]"
3687,"[1131, 928, 1704, 1157, 452]"
3688,"[478, 1073, 89, 165, 98]"
3689,"[1742, 1564, 1489, 1554, 1532]"
3690,"[1131, 1019, 360, 1022, 289]"
3691,"[452, 1617, 1300, 1263, 1588]"
3692,"[159, 937, 1894, 165, 1884]"
3693,"[1674, 1705, 1036, 1704, 74]"
3694,"[1828, 1837, 1833, 430, 927]"
3695,"[1699, 1891, 1675, 1248, 29]"
3696,"[1658, 1632, 1666, 823, 267]"
3697,"[1131, 1202, 410, 1029, 1025]"
3698,"[1320, 1704, 1705, 677, 1915]"
3699,"[599, 593, 597, 595, 590]"
3700,"[1828, 1837, 1833, 1811, 936]"
3701,"[1073, 1068, 455, 1705, 1704]"
3702,"[1863, 1023, 1290, 398, 1861]"
3703,"[222, 1863, 430, 1935, 1865]"
3704,"[1131, 124, 96, 97, 59]"
3705,"[1915, 116, 677, 1676, 455]"
3706,"[1022, 1019, 477, 367, 749]"
3707,"[1917, 1704, 924, 408, 762]"
3708,"[1704, 455, 1019, 368, 349]"
3709,"[1884, 1704, 1620, 1520, 1700]"
3710,"[368, 1040, 1121, 1286, 1934]"
3711,"[1846, 780, 1861, 938, 1855]"
3712,"[1617, 1915, 1619, 1263, 1539]"
3713,"[838, 1753, 1704, 1705, 1252]"
3714,"[1828, 1837, 1833, 1863, 1935]"
3715,"[1131, 1915, 1029, 1861, 1148]"
3716,"[1607, 1608, 1517, 1157, 1891]"
3717,"[870, 1072, 1704, 100, 1705]"
3718,"[66, 1131, 1019, 1011, 369]"
3719,"[659, 696, 95, 250, 695]"
3720,"[1704, 1705, 1758, 1761, 1752]"
3721,"[368, 677, 99, 420, 289]"
3722,"[1828, 1837, 1833, 1816, 1817]"
3723,"[688, 411, 455, 110, 412]"
3724,"[1700, 1904, 96, 216, 1239]"
3725,"[1147, 1043, 1904, 1316, 1027]"
3726,"[1279, 1066, 618, 868, 1748]"
3727,"[1383, 1219, 1419, 1922, 1897]"
3728,"[1587, 89, 1905, 1627, 165]"
3729,"[1705, 1914, 1704, 1762, 1758]"
3730,"[1899, 1924, 455, 89, 862]"
3731,"[1922, 1897, 1906, 1907, 1905]"
3732,"[1922, 1897, 1705, 1704, 530]"
3733,"[113, 1897, 1922, 1627, 1526]"
3734,"[1922, 1897, 1907, 1915, 1899]"
3735,"[332, 1640, 1567, 388, 1882]"
3736,"[677, 1897, 1922, 89, 1746]"
3737,"[89, 1922, 1897, 1627, 165]"
3738,"[1905, 1704, 1705, 1567, 1906]"
3739,"[1924, 1762, 1704, 1526, 1899]"
3740,"[165, 1627, 1905, 159, 937]"
3741,"[1071, 1807, 163, 927, 165]"
3742,"[1762, 1758, 1705, 1704, 220]"
3743,"[1627, 113, 1587, 890, 1025]"
3744,"[1705, 1897, 1922, 1704, 530]"
3745,"[1924, 1922, 1897, 530, 1704]"
3746,"[1915, 163, 165, 919, 1025]"
3747,"[927, 1907, 1899, 1030, 1526]"
3748,"[1587, 1905, 1627, 459, 113]"
3749,"[1627, 113, 1905, 467, 1907]"
3750,"[1922, 1897, 1526, 113, 1907]"
3751,"[1922, 1897, 166, 1627, 1905]"
3752,"[89, 1025, 794, 29, 165]"
3753,"[1160, 1922, 1897, 415, 670]"
3754,"[89, 1044, 1915, 1922, 1897]"
3755,"[1077, 114, 326, 333, 332]"
3756,"[89, 1899, 1907, 1526, 1704]"
3757,"[1762, 1705, 1704, 1612, 1758]"
3758,"[1899, 1526, 113, 1753, 1416]"
3759,"[1907, 1899, 1526, 1924, 89]"
3760,"[1705, 1704, 1567, 1618, 1887]"
3761,"[89, 1922, 1897, 1905, 1526]"
3762,"[478, 1526, 919, 1705, 890]"
3763,"[1863, 1897, 1922, 828, 927]"
3764,"[1762, 1758, 225, 1705, 245]"
3765,"[1914, 103, 49, 792, 905]"
3766,"[1904, 1613, 1894, 1615, 1705]"
3767,"[1899, 1907, 341, 106, 455]"
3768,"[1704, 1705, 1891, 933, 1892]"
3769,"[677, 1762, 1758, 1705, 1704]"
3770,"[1071, 1705, 1704, 113, 49]"
3771,"[1924, 1705, 1704, 478, 165]"
3772,"[165, 1704, 1705, 164, 1627]"
3773,"[1627, 819, 1905, 1705, 1618]"
3774,"[1244, 423, 1545, 1704, 1705]"
3775,"[1713, 1628, 637, 663, 642]"
3776,"[1704, 1705, 165, 1713, 1697]"
3777,"[165, 1772, 1705, 1704, 164]"
3778,"[165, 1704, 164, 1705, 48]"
3779,"[1704, 1705, 165, 1761, 1760]"
3780,"[1924, 98, 97, 96, 1705]"
3781,"[1066, 1526, 1899, 1606, 102]"
3782,"[89, 1705, 926, 1704, 1924]"
3783,"[165, 1704, 1705, 589, 1752]"
3784,"[165, 1704, 164, 1705, 1729]"
3785,"[1008, 289, 1704, 165, 159]"
3786,"[1705, 1704, 1826, 114, 1192]"
3787,"[1878, 1707, 1246, 7, 61]"
3788,"[1704, 1705, 165, 164, 335]"
3789,"[430, 1828, 1863, 1833, 1837]"
3790,"[1704, 1705, 1899, 1526, 165]"
3791,"[388, 1907, 1176, 1924, 786]"
3792,"[1704, 1705, 165, 1752, 164]"
3793,"[291, 1704, 1705, 165, 1752]"
3794,"[1704, 1705, 1070, 165, 1752]"
3795,"[478, 89, 1924, 125, 29]"
3796,"[1705, 1704, 1826, 114, 1070]"
3797,"[926, 265, 1705, 1906, 1752]"
3798,"[165, 1704, 1906, 1705, 1924]"
3799,"[1704, 1705, 165, 48, 164]"
3800,"[781, 165, 1070, 1030, 1746]"
3801,"[1069, 1775, 165, 1922, 1897]"
3802,"[164, 289, 1704, 1025, 165]"
3803,"[1888, 53, 1628, 1155, 1089]"
3804,"[165, 164, 1705, 1704, 455]"
3805,"[164, 1705, 1704, 1025, 165]"
3806,"[930, 160, 157, 158, 155]"
3807,"[1705, 1704, 819, 164, 165]"
3808,"[1705, 1704, 289, 165, 164]"
3809,"[1753, 1755, 1763, 1885, 499]"
3810,"[165, 164, 1704, 1070, 1705]"
3811,"[164, 1705, 1704, 165, 1028]"
3812,"[1705, 1704, 291, 1713, 1712]"
3813,"[1705, 1704, 1772, 1299, 164]"
3814,"[289, 1705, 1704, 1846, 1861]"
3815,"[1907, 368, 1914, 28, 421]"
3816,"[98, 164, 417, 455, 1251]"
3817,"[1179, 369, 1251, 1924, 1916]"
3818,"[1926, 1899, 1064, 388, 1922]"
3819,"[527, 831, 247, 1337, 551]"
3820,"[1902, 1900, 1917, 1552, 116]"
3821,"[927, 527, 1929, 1922, 1897]"
3822,"[677, 1704, 1705, 1588, 1762]"
3823,"[1071, 1907, 1914, 1898, 457]"
3824,"[1704, 530, 1705, 896, 190]"
3825,"[1922, 1897, 166, 164, 1025]"
3826,"[1906, 1924, 786, 1733, 1705]"
3827,"[1907, 1906, 938, 1526, 1630]"
3828,"[560, 1705, 1780, 1800, 1779]"
3829,"[164, 1705, 1704, 165, 361]"
3830,"[1733, 1899, 412, 530, 113]"
3831,"[1772, 430, 1863, 1935, 927]"
3832,"[1922, 1897, 1907, 1915, 1924]"
3833,"[1772, 964, 1302, 915, 896]"
3834,"[1922, 1897, 1899, 317, 1135]"
3835,"[919, 1025, 165, 163, 1071]"
3836,"[165, 937, 1527, 1924, 89]"
3837,"[63, 430, 927, 290, 903]"
3838,"[1922, 1897, 1526, 1907, 1935]"
3839,"[1899, 1526, 1907, 89, 1922]"
3840,"[89, 1915, 128, 409, 171]"
3841,"[89, 1705, 903, 1704, 1193]"
3842,"[82, 1907, 927, 1922, 1897]"
3843,"[1922, 1897, 113, 89, 1704]"
3844,"[42, 1368, 402, 1906, 1358]"
3845,"[89, 165, 1922, 1897, 113]"
3846,"[1922, 1897, 1907, 166, 1899]"
3847,"[1926, 530, 1704, 1915, 1705]"
3848,"[1170, 1705, 1163, 739, 692]"
3849,"[1907, 89, 786, 919, 1915]"
3850,"[1261, 1256, 430, 1298, 1260]"
3851,"[1907, 1922, 1897, 166, 89]"
3852,"[1907, 89, 1899, 149, 1071]"
3853,"[163, 164, 1025, 361, 1070]"
3854,"[1168, 1907, 862, 1165, 411]"
3855,"[1922, 1897, 1676, 89, 113]"
3856,"[616, 739, 47, 125, 1733]"
3857,"[868, 1748, 1922, 1897, 1915]"
3858,"[1302, 1907, 361, 1263, 317]"
3859,"[102, 98, 97, 96, 1313]"
3860,"[4, 73, 2, 3, 1246]"
3861,"[1541, 793, 98, 1313, 96]"
3862,"[1704, 1705, 171, 413, 1044]"
3863,"[1904, 124, 1316, 18, 1587]"
3864,"[1915, 1700, 126, 171, 420]"
3865,"[1878, 1707, 3, 5, 14]"
3866,"[1704, 1762, 1705, 1761, 1760]"
3867,"[1701, 1670, 171, 261, 267]"
3868,"[1786, 862, 1603, 606, 1787]"
3869,"[956, 667, 1076, 171, 1550]"
3870,"[4, 1670, 749, 1887, 1320]"
3871,"[1156, 1786, 862, 216, 1603]"
3872,"[1878, 1707, 3, 4, 12]"
3873,"[420, 1628, 1700, 864, 1746]"
3874,"[1742, 1564, 1489, 1541, 1553]"
3875,"[793, 1541, 96, 97, 98]"
3876,"[1541, 793, 98, 1313, 96]"
3877,"[1705, 1826, 1704, 512, 510]"
3878,"[103, 1071, 1705, 1704, 1807]"
3879,"[73, 3, 1711, 1908, 1320]"
3880,"[1937, 1704, 1705, 583, 73]"
3881,"[98, 1201, 1536, 96, 97]"
3882,"[903, 4, 749, 1320, 1670]"
3883,"[1520, 1543, 1534, 1544, 1742]"
3884,"[4, 7, 73, 1246, 8]"
3885,"[171, 1910, 903, 514, 1912]"
3886,"[4, 1320, 7, 73, 1246]"
3887,"[677, 1792, 1790, 1789, 1793]"
3888,"[628, 1761, 1149, 1768, 460]"
3889,"[7, 1864, 1878, 1707, 802]"
3890,"[1670, 667, 1821, 1822, 1844]"
3891,"[98, 97, 96, 102, 1541]"
3892,"[409, 1746, 1541, 97, 96]"
3893,"[1611, 121, 862, 1603, 606]"
3894,"[1560, 171, 1915, 1197, 1646]"
3895,"[749, 4, 420, 1833, 1837]"
3896,"[794, 4, 1313, 793, 126]"
3897,"[594, 1772, 542, 1513, 1334]"
3898,"[794, 1670, 1887, 904, 4]"
3899,"[594, 118, 533, 1091, 361]"
3900,"[1770, 893, 98, 1704, 329]"
3901,"[159, 937, 1748, 868, 1399]"
3902,"[927, 1837, 1833, 1863, 1828]"
3903,"[1705, 1704, 848, 1626, 1752]"
3904,"[1155, 1029, 163, 421, 1041]"
3905,"[1935, 1863, 1828, 1837, 1833]"
3906,"[677, 89, 113, 1843, 1833]"
3907,"[1655, 96, 159, 937, 1746]"
3908,"[1924, 89, 165, 890, 125]"
3909,"[1029, 1704, 171, 164, 1043]"
3910,"[1040, 1026, 1193, 1029, 1025]"
3911,"[1026, 1202, 1029, 410, 164]"
3912,"[885, 1704, 1705, 1752, 1307]"
3913,"[1059, 1041, 96, 97, 926]"
3914,"[89, 1077, 398, 1602, 930]"
3915,"[289, 870, 1044, 89, 1894]"
3916,"[1055, 1029, 165, 925, 937]"
3917,"[1833, 1837, 1828, 1822, 1821]"
3918,"[1701, 1670, 1752, 1320, 1772]"
3919,"[1029, 716, 1219, 925, 421]"
3920,"[1025, 169, 1036, 1044, 1035]"
3921,"[1026, 1029, 921, 670, 97]"
3922,"[1029, 169, 1025, 1043, 1924]"
3923,"[1713, 1833, 1837, 1828, 165]"
3924,"[1041, 1202, 410, 1073, 1029]"
3925,"[637, 663, 664, 638, 643]"
3926,"[1118, 121, 290, 1694, 1696]"
3927,"[1040, 1026, 1025, 1029, 1032]"
3928,"[166, 165, 928, 1924, 1705]"
3929,"[1586, 164, 169, 1025, 1202]"
3930,"[1029, 1202, 936, 410, 930]"
3931,"[1040, 1025, 1029, 937, 159]"
3932,"[934, 175, 165, 164, 174]"
3933,"[1776, 1757, 98, 1704, 1073]"
3934,"[478, 1924, 175, 1029, 1040]"
3935,"[1146, 1924, 1168, 355, 778]"
3936,"[1202, 410, 1040, 1032, 1029]"
3937,"[1704, 1705, 1618, 1752, 1567]"
3938,"[1586, 1458, 698, 1890, 409]"
3939,"[165, 1026, 175, 1040, 1032]"
3940,"[1928, 428, 1822, 1821, 1070]"
3941,"[1903, 89, 1626, 1615, 165]"
3942,"[175, 164, 1040, 165, 1029]"
3943,"[1176, 1821, 1713, 1822, 1837]"
3944,"[164, 1040, 1026, 1041, 1025]"
3945,"[928, 922, 1924, 164, 166]"
3946,"[1815, 1040, 1705, 1813, 1814]"
3947,"[1666, 719, 990, 730, 738]"
3948,"[719, 1649, 1026, 1666, 1041]"
3949,"[1041, 1076, 1655, 1520, 1523]"
3950,"[206, 1561, 1906, 1588, 823]"
3951,"[719, 1666, 1649, 286, 1014]"
3952,"[1915, 1027, 1037, 1046, 1042]"
3953,"[1649, 728, 1149, 470, 620]"
3954,"[1042, 1029, 211, 921, 1666]"
3955,"[1046, 1042, 719, 921, 165]"
3956,"[1915, 1620, 1043, 1704, 1520]"
3957,"[1825, 938, 165, 921, 159]"
3958,"[1649, 165, 1666, 1042, 1030]"
3959,"[1915, 1026, 1705, 175, 1590]"
3960,"[969, 976, 357, 728, 1757]"
3961,"[1032, 1017, 938, 925, 1917]"
3962,"[1704, 1705, 1752, 1809, 1832]"
3963,"[1026, 1030, 1054, 885, 1008]"
3964,"[1046, 1030, 1666, 1649, 1041]"
3965,"[1415, 921, 1825, 1042, 159]"
3966,"[924, 164, 175, 902, 1301]"
3967,"[1836, 1873, 1828, 1833, 1837]"
3968,"[1915, 1757, 1776, 206, 972]"
3969,"[719, 911, 990, 1205, 1705]"
3970,"[1818, 1819, 1820, 1840, 1839]"
3971,"[362, 1159, 361, 1704, 350]"
3972,"[719, 1649, 165, 1666, 1025]"
3973,"[1154, 1026, 1825, 1043, 1915]"
3974,"[1836, 398, 1873, 1863, 394]"
3975,"[1666, 1046, 719, 1053, 1649]"
3976,"[1792, 1861, 935, 1789, 1764]"
3977,"[885, 1590, 1026, 823, 1042]"
3978,"[1649, 1666, 736, 823, 440]"
3979,"[1083, 1733, 1792, 1790, 1788]"
3980,"[1079, 358, 1649, 823, 1014]"
3981,"[1915, 1046, 1042, 1030, 1704]"
3982,"[1620, 1705, 1704, 1752, 1666]"
3983,"[1053, 1079, 164, 1635, 1832]"
3984,"[1030, 1915, 1916, 1666, 1041]"
3985,"[410, 1202, 1900, 1828, 1833]"
3986,"[1704, 1705, 333, 460, 1606]"
3987,"[1046, 1026, 719, 1590, 972]"
3988,"[1202, 410, 1029, 1772, 1040]"
3989,"[1073, 1030, 959, 952, 164]"
3990,"[1915, 877, 869, 880, 882]"
3991,"[1915, 1026, 165, 1042, 1030]"
3992,"[692, 737, 738, 823, 728]"
3993,"[125, 1906, 1025, 921, 919]"
3994,"[1915, 165, 1924, 1017, 1226]"
3995,"[1677, 1256, 1907, 430, 1935]"
3996,"[728, 724, 223, 738, 719]"
3997,"[1055, 1916, 1049, 1042, 980]"
3998,"[1705, 1055, 138, 1204, 212]"
3999,"[1135, 98, 1041, 823, 728]"
4000,"[1915, 1299, 430, 1256, 1677]"
4001,"[1906, 1590, 1792, 1791, 1789]"
4002,"[1051, 1043, 1060, 997, 1620]"
4003,"[1148, 1704, 885, 1705, 1875]"
4004,"[1915, 1299, 1343, 430, 1260]"
4005,"[1055, 1046, 1052, 1929, 289]"
4006,"[1043, 165, 925, 1049, 1592]"
4007,"[138, 108, 1915, 216, 212]"
4008,"[1704, 1659, 1705, 1792, 1696]"
4009,"[478, 1160, 380, 1073, 1123]"
4010,"[347, 89, 1733, 320, 113]"
4011,"[1043, 1049, 1520, 1697, 34]"
4012,"[1321, 1590, 1592, 1297, 1664]"
4013,"[1915, 1030, 1066, 1680, 1916]"
4014,"[996, 1792, 1733, 1788, 412]"
4015,"[1825, 1029, 1299, 1041, 97]"
4016,"[1042, 1590, 1924, 212, 1742]"
4017,"[89, 155, 158, 157, 124]"
4018,"[1055, 980, 1918, 1148, 1205]"
4019,"[1590, 1592, 1924, 478, 1935]"
4020,"[1924, 1935, 1299, 898, 430]"
4021,"[1915, 1054, 1676, 89, 1675]"
4022,"[1061, 1075, 373, 211, 1929]"
4023,"[692, 425, 1924, 478, 784]"
4024,"[1130, 1077, 478, 396, 1020]"
4025,"[1721, 1202, 410, 1053, 373]"
4026,"[365, 1704, 1344, 1705, 1083]"
4027,"[1902, 1900, 485, 408, 1705]"
4028,"[725, 972, 1754, 732, 1040]"
4029,"[928, 163, 1025, 165, 972]"
4030,"[1044, 1135, 360, 1651, 165]"
4031,"[197, 1207, 408, 1590, 1592]"
4032,"[1915, 1924, 478, 1148, 1560]"
4033,"[73, 3, 11, 6, 72]"
4034,"[1300, 89, 452, 1676, 29]"
4035,"[1936, 926, 1277, 1249, 1906]"
4036,"[1704, 1906, 1160, 1041, 930]"
4037,"[1301, 1690, 79, 1300, 919]"
4038,"[1025, 919, 159, 937, 921]"
4039,"[1705, 1704, 1825, 1836, 1832]"
4040,"[377, 1035, 1105, 265, 1027]"
4041,"[1936, 1863, 1793, 1764, 1790]"
4042,"[919, 165, 926, 159, 937]"
4043,"[677, 1920, 1792, 1587, 1790]"
4044,"[1526, 1906, 97, 96, 1899]"
4045,"[1030, 1916, 1528, 1928, 1906]"
4046,"[926, 900, 1704, 1705, 1620]"
4047,"[1915, 1705, 677, 1906, 1825]"
4048,"[1924, 1249, 1915, 408, 1906]"
4049,"[1049, 677, 728, 1205, 270]"
4050,"[1915, 1792, 1793, 1789, 677]"
4051,"[1321, 1059, 219, 446, 1035]"
4052,"[1915, 919, 162, 934, 938]"
4053,"[1906, 1705, 1825, 1832, 159]"
4054,"[1148, 924, 371, 624, 212]"
4055,"[1936, 926, 165, 1025, 1618]"
4056,"[1788, 1892, 1789, 1014, 1792]"
4057,"[166, 1025, 1526, 164, 937]"
4058,"[1906, 1030, 1588, 1916, 1928]"
4059,"[914, 1936, 371, 1148, 677]"
4060,"[758, 930, 1550, 1702, 1755]"
4061,"[377, 165, 921, 938, 919]"
4062,"[1086, 1916, 1928, 1906, 1277]"
4063,"[1936, 1618, 1598, 1086, 1705]"
4064,"[926, 1863, 919, 162, 925]"
4065,"[919, 1025, 1704, 1705, 159]"
4066,"[1905, 165, 919, 937, 159]"
4067,"[1936, 1906, 1752, 1704, 1300]"
4068,"[1906, 1086, 1928, 1302, 1916]"
4069,"[677, 1915, 1192, 430, 927]"
4070,"[1321, 1752, 765, 1753, 758]"
4071,"[1920, 1919, 1906, 1832, 1705]"
4072,"[823, 1915, 1029, 1043, 952]"
4073,"[289, 1752, 1705, 926, 1704]"
4074,"[377, 265, 1035, 1906, 952]"
4075,"[1916, 1906, 1030, 1899, 1588]"
4076,"[1761, 1518, 1704, 1705, 1626]"
4077,"[1142, 1059, 1043, 219, 1763]"
4078,"[1043, 1906, 327, 1704, 1705]"
4079,"[1033, 927, 1587, 165, 175]"
4080,"[737, 150, 719, 1363, 724]"
4081,"[1789, 1788, 1787, 1786, 1733]"
4082,"[959, 1760, 1761, 924, 324]"
4083,"[1050, 1659, 1915, 359, 972]"
4084,"[1788, 1758, 1704, 1733, 1762]"
4085,"[1033, 164, 937, 159, 919]"
4086,"[147, 1249, 423, 1244, 1699]"
4087,"[146, 140, 145, 913, 195]"
4088,"[927, 164, 430, 924, 1833]"
4089,"[274, 275, 280, 273, 279]"
4090,"[862, 1788, 719, 1675, 737]"
4091,"[1905, 165, 1587, 1705, 1627]"
4092,"[1705, 1651, 165, 919, 419]"
4093,"[862, 938, 1549, 1672, 1635]"
4094,"[1704, 1705, 164, 1363, 1914]"
4095,"[737, 1792, 408, 719, 1787]"
4096,"[719, 724, 1704, 1705, 736]"
4097,"[1789, 1788, 1786, 1790, 1787]"
4098,"[1617, 1619, 1263, 151, 1539]"
4099,"[927, 1033, 1001, 937, 159]"
4100,"[1033, 1029, 165, 1659, 1705]"
4101,"[1789, 1790, 1786, 1788, 1792]"
4102,"[927, 1742, 1454, 1213, 1935]"
4103,"[1787, 1139, 408, 1659, 1248]"
4104,"[368, 1157, 862, 377, 1915]"
4105,"[1025, 164, 165, 1033, 1041]"
4106,"[368, 1113, 20, 1249, 861]"
4107,"[737, 207, 719, 959, 1659]"
4108,"[1033, 924, 927, 737, 175]"
4109,"[1649, 1607, 1896, 164, 886]"
4110,"[214, 972, 255, 53, 198]"
4111,"[1902, 1837, 1833, 1828, 165]"
4112,"[1035, 1789, 1050, 1033, 737]"
4113,"[1033, 959, 1035, 398, 1733]"
4114,"[145, 736, 1063, 149, 152]"
4115,"[1029, 1915, 89, 886, 408]"
4116,"[1915, 1587, 1552, 959, 1001]"
4117,"[151, 1704, 211, 530, 1705]"
4118,"[1277, 151, 736, 772, 1649]"
4119,"[1705, 1704, 1618, 1752, 927]"
4120,"[959, 737, 1792, 1789, 1788]"
4121,"[1900, 1917, 1902, 164, 868]"
4122,"[1458, 255, 1406, 350, 1638]"
4123,"[1915, 1924, 670, 620, 470]"
4124,"[1915, 1924, 1704, 1713, 98]"
4125,"[919, 1704, 1721, 1025, 1197]"
4126,"[358, 1037, 1026, 885, 1029]"
4127,"[18, 823, 1915, 98, 408]"
4128,"[1915, 1299, 430, 1260, 1258]"
4129,"[210, 1050, 1680, 1915, 150]"
4130,"[1045, 1042, 921, 1017, 1591]"
4131,"[1042, 1591, 1592, 919, 165]"
4132,"[1900, 1916, 1902, 1917, 1591]"
4133,"[159, 937, 164, 924, 938]"
4134,"[1042, 927, 1924, 1630, 212]"
4135,"[1915, 1042, 408, 136, 1924]"
4136,"[213, 1748, 24, 28, 1875]"
4137,"[927, 1936, 1935, 1828, 1833]"
4138,"[478, 1915, 1924, 1792, 887]"
4139,"[419, 1757, 1776, 1779, 1888]"
4140,"[1042, 1917, 1900, 1902, 1591]"
4141,"[1915, 624, 1591, 216, 1592]"
4142,"[1915, 1907, 1042, 165, 1592]"
4143,"[1721, 1828, 1837, 1833, 1710]"
4144,"[1902, 1591, 408, 1900, 114]"
4145,"[1915, 210, 618, 1680, 1902]"
4146,"[159, 937, 1042, 164, 1915]"
4147,"[1924, 1302, 677, 1906, 1560]"
4148,"[1043, 1680, 692, 796, 1704]"
4149,"[1900, 1917, 216, 1591, 408]"
4150,"[1030, 1042, 1915, 1560, 1561]"
4151,"[1027, 670, 1031, 1912, 927]"
4152,"[165, 249, 251, 243, 244]"
4153,"[1042, 921, 164, 165, 1025]"
4154,"[1915, 618, 24, 1536, 868]"
4155,"[1045, 1042, 1591, 1592, 1617]"
4156,"[165, 1135, 1202, 921, 410]"
4157,"[1370, 1915, 490, 1473, 1334]"
4158,"[1915, 1045, 1031, 1042, 677]"
4159,"[1216, 1379, 1362, 956, 954]"
4160,"[1704, 1705, 901, 1935, 66]"
4161,"[938, 825, 454, 1705, 1704]"
4162,"[1048, 1906, 1606, 1029, 212]"
4163,"[419, 406, 407, 162, 919]"
4164,"[1915, 1924, 108, 1543, 1787]"
4165,"[1915, 1042, 737, 1917, 359]"
4166,"[1915, 1042, 1591, 417, 1620]"
4167,"[1014, 1592, 1929, 1590, 440]"
4168,"[1014, 1929, 1637, 1592, 1406]"
4169,"[1163, 1704, 1014, 1705, 55]"
4170,"[1915, 1894, 1313, 108, 492]"
4171,"[1014, 692, 1637, 270, 1592]"
4172,"[1014, 1511, 1508, 1509, 1332]"
4173,"[1606, 1896, 1100, 1192, 1611]"
4174,"[1723, 1134, 309, 216, 448]"
4175,"[67, 1649, 1046, 1026, 1590]"
4176,"[1924, 374, 1705, 1704, 1046]"
4177,"[1832, 1825, 1389, 1433, 786]"
4178,"[1042, 1014, 165, 1915, 1705]"
4179,"[1046, 778, 440, 1182, 1606]"
4180,"[1517, 1205, 271, 1607, 1608]"
4181,"[1592, 1828, 1837, 1833, 1935]"
4182,"[692, 1592, 48, 1704, 1705]"
4183,"[1586, 1607, 1014, 1929, 427]"
4184,"[1929, 1014, 1592, 197, 1590]"
4185,"[1929, 1511, 1836, 927, 1592]"
4186,"[869, 882, 880, 876, 1746]"
4187,"[1723, 480, 858, 1704, 1705]"
4188,"[1705, 1014, 543, 1704, 903]"
4189,"[1014, 1929, 1704, 89, 114]"
4190,"[1900, 1902, 1915, 478, 1929]"
4191,"[1042, 886, 165, 1613, 1014]"
4192,"[1043, 1705, 1704, 796, 903]"
4193,"[1042, 1049, 1915, 359, 408]"
4194,"[1788, 1792, 408, 1924, 125]"
4195,"[1929, 543, 89, 1705, 1014]"
4196,"[1042, 1924, 1607, 1586, 1608]"
4197,"[1154, 604, 1592, 1406, 1284]"
4198,"[926, 1929, 455, 1906, 1592]"
4199,"[218, 261, 1592, 1188, 1607]"
4200,"[1915, 1924, 125, 1676, 455]"
4201,"[1014, 1607, 480, 1157, 1608]"
4202,"[862, 368, 1014, 1929, 1915]"
4203,"[1762, 1612, 1758, 1914, 1898]"
4204,"[164, 1705, 1042, 1704, 165]"
4205,"[1042, 1043, 1590, 1704, 1592]"
4206,"[1784, 479, 160, 919, 162]"
4207,"[287, 377, 778, 408, 1929]"
4208,"[1014, 1894, 1157, 1929, 1607]"
4209,"[165, 164, 677, 1915, 1704]"
4210,"[1915, 371, 1935, 430, 1836]"
4211,"[1055, 980, 259, 211, 982]"
4212,"[1833, 1837, 1828, 927, 1836]"
4213,"[1055, 1809, 933, 1705, 1193]"
4214,"[919, 925, 164, 928, 924]"
4215,"[933, 1055, 1809, 1705, 1193]"
4216,"[1810, 1706, 1815, 1814, 571]"
4217,"[1055, 259, 1049, 982, 211]"
4218,"[1902, 1334, 408, 1915, 1704]"
4219,"[1055, 931, 174, 175, 176]"
4220,"[1915, 968, 1828, 1837, 1833]"
4221,"[933, 1809, 1053, 1842, 1193]"
4222,"[1915, 1900, 1042, 408, 223]"
4223,"[1809, 933, 1053, 1873, 1836]"
4224,"[1055, 259, 1049, 89, 982]"
4225,"[408, 222, 261, 1924, 238]"
4226,"[886, 368, 862, 1059, 208]"
4227,"[1055, 1495, 925, 919, 165]"
4228,"[1055, 1495, 925, 165, 919]"
4229,"[1030, 1836, 1873, 150, 1916]"
4230,"[1055, 259, 980, 1672, 998]"
4231,"[575, 571, 1299, 562, 1055]"
4232,"[1053, 1617, 1873, 1836, 1850]"
4233,"[1053, 1853, 930, 1842, 1843]"
4234,"[1055, 1495, 972, 971, 207]"
4235,"[1435, 1358, 1446, 1486, 1809]"
4236,"[1935, 1828, 1833, 1837, 1863]"
4237,"[1077, 219, 396, 408, 1046]"
4238,"[268, 230, 244, 1704, 898]"
4239,"[261, 267, 266, 239, 238]"
4240,"[933, 1495, 1055, 1193, 164]"
4241,"[1858, 1047, 1421, 523, 1919]"
4242,"[259, 1317, 1014, 224, 1776]"
4243,"[408, 1049, 222, 1917, 1632]"
4244,"[862, 368, 1038, 405, 1930]"
4245,"[1929, 1030, 911, 920, 1697]"
4246,"[1055, 442, 259, 1636, 1153]"
4247,"[1055, 980, 902, 885, 159]"
4248,"[1055, 211, 1049, 982, 1061]"
4249,"[245, 1055, 1495, 1752, 925]"
4250,"[1363, 1832, 1836, 1873, 165]"
4251,"[1055, 1048, 259, 823, 1498]"
4252,"[195, 1052, 1592, 990, 1704]"
4253,"[1077, 823, 1030, 1666, 1788]"
4254,"[1316, 1754, 143, 957, 914]"
4255,"[1915, 1548, 1030, 125, 1545]"
4256,"[1915, 216, 1046, 1030, 1029]"
4257,"[1825, 1302, 1704, 1836, 1705]"
4258,"[51, 1863, 1935, 927, 901]"
4259,"[1705, 1704, 719, 1904, 728]"
4260,"[969, 976, 728, 1757, 1776]"
4261,"[1915, 1900, 1049, 1026, 408]"
4262,"[159, 937, 938, 1042, 175]"
4263,"[1900, 1902, 1917, 327, 1666]"
4264,"[990, 1756, 1666, 1649, 1924]"
4265,"[885, 543, 1704, 1026, 1043]"
4266,"[159, 937, 921, 1042, 165]"
4267,"[1649, 1906, 677, 1026, 1666]"
4268,"[1030, 1560, 1900, 1202, 410]"
4269,"[1863, 1935, 927, 430, 1026]"
4270,"[1612, 1030, 1915, 1029, 437]"
4271,"[624, 1915, 303, 1598, 1030]"
4272,"[1500, 1495, 1332, 1302, 1026]"
4273,"[1030, 1915, 1649, 1027, 1029]"
4274,"[1666, 1046, 1026, 1756, 990]"
4275,"[1902, 216, 455, 1026, 969]"
4276,"[222, 412, 612, 1248, 415]"
4277,"[1915, 402, 42, 1368, 1358]"
4278,"[885, 903, 969, 976, 1757]"
4279,"[1704, 1705, 1825, 1026, 511]"
4280,"[1933, 1061, 1154, 1918, 1915]"
4281,"[1915, 1836, 1873, 207, 968]"
4282,"[677, 1855, 1846, 1861, 1092]"
4283,"[1915, 677, 1026, 1042, 1046]"
4284,"[1026, 1042, 1046, 1924, 1756]"
4285,"[1766, 624, 1027, 965, 270]"
4286,"[885, 1026, 954, 1666, 212]"
4287,"[1705, 969, 976, 972, 559]"
4288,"[921, 1042, 1046, 1014, 938]"
4289,"[1042, 1906, 1046, 1590, 1055]"
4290,"[1915, 1042, 1025, 1026, 677]"
4291,"[1705, 1704, 1753, 1043, 1218]"
4292,"[1915, 163, 493, 937, 1916]"
4293,"[1077, 1828, 1833, 1837, 1863]"
4294,"[1666, 1649, 1046, 1042, 719]"
4295,"[976, 969, 1918, 911, 206]"
4296,"[1915, 677, 1042, 376, 1649]"
4297,"[1026, 1776, 1757, 1612, 1914]"
4298,"[1666, 1649, 1917, 1900, 408]"
4299,"[616, 7, 1721, 443, 327]"
4300,"[430, 1192, 1260, 97, 1935]"
4301,"[618, 616, 443, 288, 485]"
4302,"[126, 1608, 1705, 1704, 788]"
4303,"[777, 783, 1898, 49, 1582]"
4304,"[1704, 1070, 1705, 1761, 454]"
4305,"[1642, 1705, 887, 718, 258]"
4306,"[692, 165, 1618, 1893, 89]"
4307,"[126, 739, 814, 56, 813]"
4308,"[324, 1704, 1760, 1761, 1705]"
4309,"[1924, 1070, 478, 1523, 1906]"
4310,"[1607, 1904, 1599, 1316, 18]"
4311,"[1662, 1705, 1704, 675, 1192]"
4312,"[1900, 1902, 1917, 478, 1133]"
4313,"[1242, 1705, 1760, 1704, 1761]"
4314,"[1567, 1873, 1836, 1030, 688]"
4315,"[1773, 368, 47, 199, 1050]"
4316,"[1705, 1704, 1442, 706, 1761]"
4317,"[1076, 1077, 1924, 478, 783]"
4318,"[1761, 1760, 1704, 1884, 1705]"
4319,"[1900, 1902, 1704, 1552, 116]"
4320,"[900, 1249, 783, 1906, 1924]"
4321,"[440, 704, 711, 777, 1144]"
4322,"[445, 1248, 887, 89, 114]"
4323,"[335, 703, 1760, 1761, 463]"
4324,"[1187, 1030, 387, 1033, 323]"
4325,"[700, 1115, 806, 887, 1248]"
4326,"[1704, 1705, 258, 1133, 673]"
4327,"[478, 1924, 454, 121, 1611]"
4328,"[357, 1696, 1697, 719, 1699]"
4329,"[1929, 1704, 1705, 1442, 406]"
4330,"[461, 1705, 583, 454, 1722]"
4331,"[1924, 1937, 1705, 1553, 1523]"
4332,"[279, 277, 137, 273, 274]"
4333,"[1888, 657, 1887, 1050, 154]"
4334,"[440, 159, 692, 1760, 324]"
4335,"[1884, 1760, 1705, 1562, 869]"
4336,"[1705, 1906, 1924, 778, 1761]"
4337,"[1281, 1147, 616, 379, 1581]"
4338,"[1636, 1908, 258, 1544, 787]"
4339,"[1773, 163, 705, 164, 496]"
4340,"[1273, 1704, 1705, 1442, 1760]"
4341,"[996, 1056, 992, 250, 1040]"
4342,"[1581, 216, 1915, 258, 885]"
4343,"[333, 324, 319, 692, 1695]"
4344,"[697, 585, 586, 577, 592]"
4345,"[922, 1833, 1837, 1828, 1935]"
4346,"[1145, 333, 1639, 46, 292]"
4347,"[677, 376, 688, 1705, 1704]"
4348,"[1705, 1704, 126, 794, 46]"
4349,"[1462, 1752, 126, 1705, 1704]"
4350,"[1902, 1543, 1900, 1155, 359]"
4351,"[1155, 1133, 276, 320, 89]"
4352,"[1155, 146, 89, 1894, 350]"
4353,"[1700, 1705, 1704, 637, 663]"
4354,"[1246, 1772, 1705, 1704, 1078]"
4355,"[171, 89, 29, 1526, 1676]"
4356,"[274, 377, 447, 275, 361]"
4357,"[629, 335, 1100, 1041, 1155]"
4358,"[98, 1670, 455, 1298, 164]"
4359,"[1746, 98, 628, 97, 96]"
4360,"[658, 102, 1192, 98, 1863]"
4361,"[658, 629, 665, 281, 1155]"
4362,"[281, 206, 1768, 1926, 277]"
4363,"[1559, 281, 1615, 1155, 1586]"
4364,"[46, 558, 1705, 1704, 1924]"
4365,"[862, 1786, 1603, 606, 1787]"
4366,"[1313, 102, 98, 96, 97]"
4367,"[273, 171, 279, 291, 1552]"
4368,"[1313, 1628, 665, 102, 98]"
4369,"[925, 1902, 983, 46, 1700]"
4370,"[296, 1030, 1915, 1070, 1155]"
4371,"[1902, 1073, 98, 665, 666]"
4372,"[793, 1863, 98, 102, 1541]"
4373,"[1700, 1201, 1746, 124, 96]"
4374,"[102, 629, 665, 409, 658]"
4375,"[677, 1073, 409, 1135, 98]"
4376,"[1192, 1611, 273, 114, 116]"
4377,"[1633, 1617, 1618, 267, 266]"
4378,"[291, 1705, 1614, 1704, 43]"
4379,"[665, 658, 1889, 875, 1118]"
4380,"[281, 1024, 1911, 1675, 681]"
4381,"[409, 102, 1155, 665, 97]"
4382,"[927, 1863, 1411, 1935, 430]"
4383,"[1705, 1704, 1826, 510, 1364]"
4384,"[1705, 1165, 1733, 1519, 1489]"
4385,"[1144, 1145, 333, 338, 1697]"
4386,"[333, 334, 707, 1434, 1695]"
4387,"[865, 1747, 863, 118, 59]"
4388,"[1878, 1707, 12, 7, 9]"
4389,"[863, 1747, 865, 314, 59]"
4390,"[314, 865, 863, 1693, 1747]"
4391,"[313, 314, 1923, 1747, 863]"
4392,"[637, 651, 653, 657, 654]"
4393,"[1923, 863, 1747, 865, 118]"
4394,"[284, 720, 265, 1154, 171]"
4395,"[334, 314, 528, 333, 1507]"
4396,"[314, 863, 1747, 865, 118]"
4397,"[863, 1747, 865, 1923, 118]"
4398,"[59, 865, 1747, 863, 118]"
4399,"[28, 98, 452, 1705, 24]"
4400,"[1923, 314, 118, 7, 1115]"
4401,"[314, 528, 1507, 1695, 1639]"
4402,"[1747, 863, 865, 313, 1608]"
4403,"[118, 1887, 121, 1746, 97]"
4404,"[863, 1747, 865, 118, 59]"
4405,"[863, 314, 865, 1747, 1693]"
4406,"[1747, 863, 865, 314, 59]"
4407,"[1923, 314, 118, 864, 865]"
4408,"[1923, 863, 1747, 865, 314]"
4409,"[863, 865, 1747, 314, 1247]"
4410,"[1923, 863, 865, 1747, 796]"
4411,"[314, 1900, 422, 1902, 1192]"
4412,"[865, 863, 1747, 1923, 1792]"
4413,"[59, 865, 1747, 863, 314]"
4414,"[313, 1923, 865, 863, 1747]"
4415,"[114, 926, 289, 1705, 1704]"
4416,"[1923, 118, 314, 865, 1747]"
4417,"[313, 1747, 863, 865, 314]"
4418,"[314, 1747, 863, 865, 118]"
4419,"[313, 865, 1747, 863, 1923]"
4420,"[314, 1747, 863, 865, 118]"
4421,"[1900, 430, 290, 1925, 1863]"
4422,"[863, 865, 1747, 314, 59]"
4423,"[1747, 863, 865, 1923, 314]"
4424,"[865, 1747, 863, 59, 1746]"
4425,"[314, 865, 1747, 863, 118]"
4426,"[1115, 313, 1028, 314, 1742]"
4427,"[314, 313, 1923, 1747, 863]"
4428,"[1923, 863, 1747, 865, 314]"
4429,"[1923, 1705, 1704, 1239, 417]"
4430,"[927, 1863, 1935, 430, 1828]"
4431,"[1922, 1897, 1567, 1586, 1924]"
4432,"[1157, 678, 690, 1899, 455]"
4433,"[1896, 1705, 1922, 1897, 1760]"
4434,"[1704, 1922, 1897, 321, 454]"
4435,"[1922, 1897, 455, 1899, 1704]"
4436,"[455, 16, 1567, 277, 124]"
4437,"[1704, 1705, 1567, 1461, 478]"
4438,"[455, 1726, 1191, 1523, 1704]"
4439,"[926, 869, 882, 877, 880]"
4440,"[1704, 1705, 1807, 455, 1191]"
4441,"[1924, 478, 919, 455, 1025]"
4442,"[535, 1929, 1704, 1567, 16]"
4443,"[1636, 114, 926, 1192, 1748]"
4444,"[1704, 1705, 1807, 455, 1191]"
4445,"[535, 1726, 1929, 888, 1760]"
4446,"[1191, 1567, 16, 114, 1697]"
4447,"[1929, 455, 1704, 343, 1705]"
4448,"[1064, 291, 1910, 1277, 454]"
4449,"[16, 1567, 1705, 1880, 114]"
4450,"[926, 1618, 1567, 1705, 89]"
4451,"[455, 1704, 454, 507, 1567]"
4452,"[1567, 1615, 321, 1896, 1586]"
4453,"[455, 16, 1191, 1567, 454]"
4454,"[1618, 862, 455, 7, 1567]"
4455,"[1611, 1567, 1192, 16, 1880]"
4456,"[1922, 1897, 1567, 1906, 1896]"
4457,"[1924, 464, 114, 455, 1899]"
4458,"[455, 1772, 1567, 1611, 1192]"
4459,"[375, 1671, 1929, 535, 811]"
4460,"[1071, 1899, 1567, 409, 1627]"
4461,"[1897, 390, 1726, 1191, 1567]"
4462,"[1567, 1705, 114, 1769, 1775]"
4463,"[1704, 1705, 16, 114, 455]"
4464,"[1192, 455, 368, 1705, 1906]"
4465,"[1896, 321, 1906, 1586, 1556]"
4466,"[1899, 1726, 390, 1191, 1567]"
4467,"[1705, 1567, 114, 1880, 1704]"
4468,"[276, 1637, 125, 1924, 113]"
4469,"[1192, 1611, 1567, 467, 1704]"
4470,"[1526, 1928, 1899, 1910, 419]"
4471,"[1896, 89, 163, 1627, 164]"
4472,"[1567, 1637, 1406, 1336, 1299]"
4473,"[1705, 888, 1704, 1567, 16]"
4474,"[1906, 1758, 1762, 1704, 1705]"
4475,"[1896, 1613, 862, 455, 1704]"
4476,"[1490, 765, 768, 1733, 762]"
4477,"[368, 1896, 455, 1613, 1705]"
4478,"[455, 1157, 368, 862, 1113]"
4479,"[1607, 1608, 1873, 1836, 1705]"
4480,"[1157, 368, 372, 1063, 1880]"
4481,"[511, 1704, 1705, 1490, 1809]"
4482,"[1705, 1704, 1567, 1922, 1897]"
4483,"[368, 1613, 455, 1896, 862]"
4484,"[1705, 1761, 1704, 1896, 1760]"
4485,"[1746, 372, 1192, 1733, 1704]"
4486,"[1758, 1567, 1762, 1192, 1611]"
4487,"[1705, 1824, 1704, 1870, 1874]"
4488,"[372, 1636, 1894, 1704, 1613]"
4489,"[1072, 1705, 1063, 1760, 1704]"
4490,"[1072, 1705, 1704, 1761, 1760]"
4491,"[1904, 677, 1761, 1762, 1775]"
4492,"[1607, 1157, 1517, 1613, 1894]"
4493,"[1896, 1517, 1760, 1607, 1157]"
4494,"[1072, 372, 1607, 1705, 1615]"
4495,"[1613, 1705, 1704, 1530, 1542]"
4496,"[1607, 1157, 1924, 89, 901]"
4497,"[368, 862, 116, 1924, 1210]"
4498,"[1705, 1907, 1704, 819, 1761]"
4499,"[1896, 862, 455, 368, 1905]"
4500,"[368, 1721, 372, 108, 1588]"
4501,"[1249, 1705, 1704, 1607, 1765]"
4502,"[1705, 1067, 1704, 116, 1747]"
4503,"[1157, 259, 1586, 1607, 1896]"
4504,"[594, 1772, 1513, 542, 595]"
4505,"[1604, 985, 983, 984, 1607]"
4506,"[1896, 1192, 1705, 1922, 1897]"
4507,"[933, 677, 1067, 1705, 372]"
4508,"[1065, 136, 872, 904, 1705]"
4509,"[1157, 372, 1035, 1072, 1793]"
4510,"[1896, 1157, 1607, 1613, 1904]"
4511,"[1613, 1894, 372, 1600, 1705]"
4512,"[372, 1157, 368, 1113, 1896]"
4513,"[1604, 1592, 455, 89, 1567]"
4514,"[368, 372, 1613, 1896, 455]"
4515,"[1607, 135, 372, 1704, 1808]"
4516,"[677, 1899, 1775, 1924, 1705]"
4517,"[1613, 1705, 1072, 1704, 901]"
4518,"[677, 1896, 368, 455, 1567]"
4519,"[1065, 287, 1058, 1284, 411]"
4520,"[1787, 443, 1786, 1733, 862]"
4521,"[445, 125, 605, 263, 89]"
4522,"[1929, 1517, 57, 58, 54]"
4523,"[618, 1022, 1121, 89, 29]"
4524,"[269, 28, 1613, 614, 1586]"
4525,"[1134, 379, 1727, 28, 969]"
4526,"[1828, 1837, 1833, 430, 1260]"
4527,"[28, 969, 971, 978, 976]"
4528,"[563, 564, 1459, 1705, 1924]"
4529,"[1878, 1707, 1708, 73, 7]"
4530,"[263, 1019, 1155, 700, 1121]"
4531,"[1880, 1459, 1704, 1705, 1176]"
4532,"[276, 1705, 969, 1704, 1191]"
4533,"[933, 1851, 1850, 1828, 1833]"
4534,"[835, 649, 256, 906, 269]"
4535,"[1878, 1707, 1459, 1705, 558]"
4536,"[7, 445, 1697, 1459, 1696]"
4537,"[1705, 1704, 1758, 1761, 1924]"
4538,"[474, 693, 75, 128, 194]"
4539,"[611, 1613, 969, 276, 1063]"
4540,"[285, 1615, 358, 1586, 351]"
4541,"[1059, 306, 358, 1786, 1268]"
4542,"[120, 28, 128, 139, 901]"
4543,"[739, 1792, 263, 790, 1793]"
4544,"[1288, 7, 1787, 1786, 606]"
4545,"[969, 1063, 971, 208, 978]"
4546,"[1283, 250, 700, 437, 310]"
4547,"[443, 1792, 1789, 1790, 1788]"
4548,"[1863, 1828, 1935, 63, 430]"
4549,"[969, 611, 614, 607, 20]"
4550,"[692, 480, 1705, 1704, 1826]"
4551,"[269, 285, 1615, 1876, 1586]"
4552,"[625, 1770, 613, 1884, 116]"
4553,"[269, 999, 285, 223, 848]"
4554,"[263, 1121, 1610, 1205, 152]"
4555,"[1201, 1320, 452, 1118, 1670]"
4556,"[349, 269, 1787, 1785, 631]"
4557,"[139, 320, 921, 273, 212]"
4558,"[1697, 1696, 7, 1060, 969]"
4559,"[28, 1176, 1704, 440, 358]"
4560,"[1155, 1022, 1121, 1900, 835]"
4561,"[1157, 969, 1607, 1147, 1123]"
4562,"[835, 1733, 374, 1296, 1263]"
4563,"[443, 1610, 1656, 396, 1521]"
4564,"[1902, 1900, 359, 116, 1917]"
4565,"[1705, 1704, 511, 1906, 1249]"
4566,"[1071, 811, 1748, 868, 1807]"
4567,"[1915, 1705, 598, 596, 600]"
4568,"[1900, 1902, 1917, 369, 210]"
4569,"[1705, 1762, 478, 1704, 1758]"
4570,"[1158, 1523, 1558, 341, 1528]"
4571,"[1929, 1928, 1592, 1902, 1636]"
4572,"[1252, 1705, 1704, 1302, 1253]"
4573,"[1080, 1636, 438, 1295, 433]"
4574,"[478, 1924, 1906, 1306, 926]"
4575,"[1900, 478, 1285, 425, 289]"
4576,"[409, 1640, 1692, 1639, 28]"
4577,"[1917, 1915, 125, 28, 890]"
4578,"[1900, 1915, 1917, 1037, 1705]"
4579,"[1587, 1191, 1627, 1896, 1121]"
4580,"[427, 440, 480, 846, 1704]"
4581,"[478, 1529, 1588, 1556, 1907]"
4582,"[1900, 1915, 1543, 1074, 1704]"
4583,"[428, 1091, 331, 1148, 371]"
4584,"[1924, 1123, 485, 303, 1274]"
4585,"[1915, 1192, 1536, 1705, 1495]"
4586,"[102, 409, 98, 1746, 97]"
4587,"[409, 102, 1906, 1137, 421]"
4588,"[1705, 1704, 1924, 1752, 1809]"
4589,"[1257, 409, 102, 1137, 1906]"
4590,"[106, 1344, 1917, 1607, 1894]"
4591,"[1549, 1861, 1855, 1540, 959]"
4592,"[1915, 1705, 1704, 286, 1225]"
4593,"[1073, 478, 1072, 616, 396]"
4594,"[1906, 1116, 1610, 306, 1705]"
4595,"[1900, 1902, 1917, 1705, 289]"
4596,"[478, 1705, 1775, 1704, 455]"
4597,"[1915, 1899, 1627, 1907, 1527]"
4598,"[1607, 1896, 379, 1192, 1599]"
4599,"[1924, 677, 478, 1922, 1897]"
4600,"[1916, 1906, 1931, 1926, 752]"
4601,"[1924, 1548, 1607, 1289, 765]"
4602,"[1915, 1917, 1899, 1620, 116]"
4603,"[1915, 96, 97, 102, 409]"
4604,"[1612, 95, 1762, 1574, 1758]"
4605,"[1705, 1704, 1765, 1777, 1809]"
4606,"[96, 97, 1762, 1899, 1526]"
4607,"[1924, 1704, 1915, 60, 1705]"
4608,"[1080, 446, 1636, 433, 438]"
4609,"[1807, 1936, 1086, 1079, 1269]"
4610,"[1279, 1916, 1825, 1924, 1919]"
4611,"[1279, 102, 1837, 1833, 1838]"
4612,"[294, 360, 1160, 90, 1666]"
4613,"[1915, 1807, 125, 1676, 1936]"
4614,"[1279, 293, 1099, 431, 433]"
4615,"[1928, 1178, 1091, 1906, 432]"
4616,"[1607, 1704, 1705, 1765, 1777]"
4617,"[125, 1659, 116, 89, 408]"
4618,"[1705, 1704, 1677, 1474, 1191]"
4619,"[904, 102, 1915, 772, 128]"
4620,"[1199, 1828, 1833, 1837, 1820]"
4621,"[1807, 1607, 1659, 455, 116]"
4622,"[1279, 1936, 1295, 1277, 1086]"
4623,"[1915, 1102, 1677, 1279, 1076]"
4624,"[1936, 433, 1107, 448, 1279]"
4625,"[1129, 1279, 302, 1104, 1928]"
4626,"[1279, 1915, 1786, 1787, 1603]"
4627,"[1793, 1792, 1789, 1790, 1791]"
4628,"[1807, 1279, 1277, 357, 1705]"
4629,"[1279, 1915, 1148, 1936, 1086]"
4630,"[1636, 433, 1726, 1906, 410]"
4631,"[1742, 1807, 1279, 1522, 1564]"
4632,"[1705, 902, 1041, 606, 862]"
4633,"[1915, 1705, 1279, 379, 116]"
4634,"[1766, 1915, 1792, 1793, 1789]"
4635,"[1915, 1169, 1279, 1603, 1269]"
4636,"[1928, 1178, 1522, 432, 1807]"
4637,"[1900, 1752, 442, 1851, 1902]"
4638,"[1279, 1936, 1295, 1277, 1086]"
4639,"[1279, 777, 1705, 1924, 783]"
4640,"[1807, 423, 1244, 1041, 1167]"
4641,"[1915, 1704, 1807, 1924, 1705]"
4642,"[1704, 1915, 1705, 1762, 1761]"
4643,"[1279, 1807, 1102, 1265, 1084]"
4644,"[1936, 1277, 1086, 89, 1676]"
4645,"[128, 1673, 892, 1677, 1676]"
4646,"[1485, 1750, 1279, 490, 1247]"
4647,"[1279, 1659, 1607, 1608, 1676]"
4648,"[1279, 1704, 432, 510, 1906]"
4649,"[1915, 1279, 1786, 1787, 1603]"
4650,"[1742, 1807, 360, 1795, 1543]"
4651,"[1313, 46, 97, 96, 1541]"
4652,"[1674, 866, 1119, 1923, 474]"
4653,"[69, 618, 1269, 223, 868]"
4654,"[1902, 1552, 1900, 618, 1917]"
4655,"[1915, 1828, 1833, 1837, 1863]"
4656,"[443, 921, 1269, 938, 46]"
4657,"[1900, 1543, 1705, 98, 1364]"
4658,"[1902, 1552, 1313, 1541, 98]"
4659,"[1029, 618, 1077, 1052, 69]"
4660,"[1244, 423, 441, 242, 632]"
4661,"[568, 566, 563, 571, 564]"
4662,"[42, 430, 1256, 1935, 1368]"
4663,"[1258, 1256, 1260, 430, 936]"
4664,"[1055, 1118, 866, 46, 1313]"
4665,"[46, 821, 1761, 909, 1313]"
4666,"[1196, 1522, 1262, 1615, 1586]"
4667,"[46, 402, 126, 1269, 1889]"
4668,"[1878, 1707, 1749, 360, 1048]"
4669,"[430, 1902, 1256, 1863, 1935]"
4670,"[1772, 441, 361, 1041, 98]"
4671,"[46, 1522, 1201, 258, 632]"
4672,"[1796, 1704, 1705, 842, 1268]"
4673,"[868, 1748, 171, 417, 98]"
4674,"[677, 376, 441, 632, 1269]"
4675,"[1915, 1924, 478, 1817, 1818]"
4676,"[1704, 530, 1705, 1313, 896]"
4677,"[624, 610, 258, 1610, 1522]"
4678,"[1320, 60, 1700, 126, 420]"
4679,"[692, 624, 610, 1894, 926]"
4680,"[1863, 1935, 927, 1837, 1828]"
4681,"[1063, 7, 1187, 1568, 811]"
4682,"[1753, 727, 1650, 726, 734]"
4683,"[1607, 441, 1896, 1608, 1517]"
4684,"[356, 748, 844, 291, 1681]"
4685,"[1733, 959, 1065, 46, 258]"
4686,"[1473, 1809, 206, 208, 1185]"
4687,"[452, 1704, 1300, 1873, 1836]"
4688,"[1900, 1915, 126, 1269, 1052]"
4689,"[1247, 1313, 1704, 417, 530]"
4690,"[922, 878, 1915, 1748, 24]"
4691,"[485, 1608, 1274, 359, 91]"
4692,"[1651, 1649, 1611, 1343, 1704]"
4693,"[1900, 443, 1269, 1052, 1543]"
4694,"[1023, 398, 1290, 1861, 1863]"
4695,"[1705, 1760, 1759, 1762, 1764]"
4696,"[341, 320, 1182, 1179, 440]"
4697,"[1710, 1784, 220, 1058, 1808]"
4698,"[1863, 1935, 927, 430, 1936]"
4699,"[1611, 1630, 927, 90, 1760]"
4700,"[1462, 1287, 1570, 1015, 1877]"
4701,"[1902, 1917, 1900, 1552, 1895]"
4702,"[29, 113, 89, 1676, 1922]"
4703,"[397, 1178, 276, 1705, 386]"
4704,"[368, 1905, 1627, 862, 1746]"
4705,"[1249, 29, 89, 1544, 125]"
4706,"[1756, 1781, 1782, 820, 1721]"
4707,"[430, 1772, 1260, 1256, 1828]"
4708,"[677, 734, 1880, 1756, 1650]"
4709,"[1192, 677, 1915, 376, 1077]"
4710,"[1030, 286, 1029, 1885, 440]"
4711,"[45, 368, 1246, 1656, 29]"
4712,"[441, 1570, 884, 631, 1099]"
4713,"[527, 364, 216, 1517, 1213]"
4714,"[216, 1915, 876, 891, 869]"
4715,"[379, 1704, 1705, 726, 727]"
4716,"[368, 1063, 1100, 455, 862]"
4717,"[1570, 216, 1915, 385, 1905]"
4718,"[441, 442, 1759, 1764, 1659]"
4719,"[1772, 1246, 1659, 1119, 639]"
4720,"[527, 1213, 1925, 523, 1440]"
4721,"[1785, 107, 1317, 224, 105]"
4722,"[1488, 1905, 1627, 1527, 1544]"
4723,"[927, 1261, 604, 1258, 769]"
4724,"[441, 927, 1935, 430, 1863]"
4725,"[82, 1863, 1935, 1929, 1895]"
4726,"[621, 1170, 401, 1681, 1269]"
4727,"[1157, 1192, 95, 379, 1033]"
4728,"[787, 1908, 1544, 1488, 810]"
4729,"[1704, 1705, 1099, 1733, 257]"
4730,"[1526, 164, 1922, 1897, 928]"
4731,"[1681, 881, 1704, 982, 1326]"
4732,"[82, 1863, 1935, 927, 1837]"
4733,"[594, 1513, 542, 441, 1651]"
4734,"[1210, 1411, 927, 1213, 1828]"
4735,"[368, 1915, 125, 455, 29]"
4736,"[1023, 398, 90, 1290, 89]"
4737,"[82, 1592, 1351, 1929, 1682]"
4738,"[1260, 1256, 430, 1258, 1298]"
4739,"[478, 1924, 1704, 1705, 783]"
4740,"[381, 1924, 1921, 688, 1772]"
4741,"[1915, 1863, 927, 1935, 430]"
4742,"[408, 1902, 1216, 1415, 1355]"
4743,"[478, 1710, 343, 1321, 1897]"
4744,"[1915, 1792, 1704, 116, 442]"
4745,"[296, 478, 1924, 1705, 411]"
4746,"[1900, 1915, 1902, 116, 1917]"
4747,"[1902, 116, 478, 1900, 1552]"
4748,"[1884, 478, 1924, 786, 868]"
4749,"[478, 1884, 125, 1197, 1924]"
4750,"[1761, 1704, 1705, 478, 1924]"
4751,"[478, 1924, 1297, 1704, 96]"
4752,"[789, 1884, 1889, 919, 159]"
4753,"[1704, 1705, 1884, 159, 937]"
4754,"[1884, 455, 116, 786, 868]"
4755,"[478, 1924, 1915, 175, 937]"
4756,"[1704, 1884, 1924, 478, 1705]"
4757,"[116, 478, 1924, 114, 408]"
4758,"[455, 462, 783, 291, 116]"
4759,"[1902, 478, 1924, 125, 1705]"
4760,"[1916, 1928, 302, 1704, 807]"
4761,"[478, 1924, 98, 1761, 1296]"
4762,"[1915, 116, 1787, 1792, 919]"
4763,"[116, 1915, 320, 159, 937]"
4764,"[478, 159, 937, 1924, 1922]"
4765,"[478, 1915, 1924, 1704, 125]"
4766,"[116, 1924, 1884, 455, 1733]"
4767,"[1742, 478, 1924, 1884, 1564]"
4768,"[1704, 1761, 478, 1705, 1924]"
4769,"[1434, 478, 1924, 783, 1897]"
4770,"[478, 114, 116, 125, 1924]"
4771,"[1080, 1263, 1924, 51, 847]"
4772,"[1246, 1884, 786, 1910, 789]"
4773,"[921, 89, 938, 159, 1733]"
4774,"[1924, 1113, 309, 1067, 126]"
4775,"[675, 1884, 462, 48, 352]"
4776,"[137, 454, 1924, 1884, 1306]"
4777,"[1917, 116, 1792, 1900, 216]"
4778,"[1246, 478, 1884, 1924, 454]"
4779,"[1924, 478, 1705, 1704, 430]"
4780,"[1900, 1902, 1552, 1704, 478]"
4781,"[1936, 1277, 125, 1689, 1297]"
4782,"[1915, 1704, 1762, 1705, 1924]"
4783,"[1788, 58, 57, 54, 1792]"
4784,"[1900, 1704, 114, 1705, 1543]"
4785,"[1637, 692, 363, 1704, 447]"
4786,"[1772, 441, 1704, 1760, 1762]"
4787,"[1773, 1758, 691, 361, 1705]"
4788,"[1897, 1922, 116, 1297, 1192]"
4789,"[478, 1924, 1704, 1705, 1607]"
4790,"[361, 818, 1760, 1762, 1758]"
4791,"[1884, 465, 462, 116, 1197]"
4792,"[361, 116, 1758, 1762, 1038]"
4793,"[1900, 114, 807, 1543, 571]"
4794,"[116, 377, 164, 114, 24]"
4795,"[290, 1080, 1675, 1699, 28]"
4796,"[1163, 1605, 1750, 1599, 1121]"
4797,"[1067, 116, 379, 1747, 1032]"
4798,"[1157, 372, 1917, 116, 1607]"
4799,"[1760, 1063, 1182, 1762, 361]"
4800,"[1704, 1760, 1762, 1758, 1705]"
4801,"[1405, 1704, 371, 546, 446]"
4802,"[1915, 1636, 446, 381, 116]"
4803,"[1599, 18, 782, 1064, 1900]"
4804,"[1461, 1662, 1297, 583, 361]"
4805,"[1773, 1705, 1704, 1558, 868]"
4806,"[361, 1762, 1038, 1916, 1132]"
4807,"[1894, 1313, 1608, 492, 1127]"
4808,"[1784, 1011, 1705, 1704, 678]"
4809,"[921, 116, 938, 320, 868]"
4810,"[1705, 1704, 1924, 478, 1761]"
4811,"[1884, 1636, 116, 1788, 1787]"
4812,"[1915, 221, 1164, 919, 383]"
4813,"[1772, 1884, 446, 1246, 786]"
4814,"[98, 361, 102, 688, 138]"
4815,"[1915, 1192, 114, 89, 29]"
4816,"[1760, 1461, 361, 1038, 1762]"
4817,"[478, 274, 445, 1924, 139]"
4818,"[1615, 1586, 1517, 1019, 1556]"
4819,"[1772, 1704, 1760, 1762, 1758]"
4820,"[96, 97, 361, 98, 818]"
4821,"[1607, 1904, 1773, 1705, 1599]"
4822,"[478, 1924, 1704, 1705, 216]"
4823,"[1607, 1705, 1773, 1704, 1586]"
4824,"[1762, 1760, 361, 446, 818]"
4825,"[137, 1640, 128, 605, 1704]"
4826,"[1704, 1705, 628, 460, 1924]"
4827,"[1008, 322, 365, 1704, 1705]"
4828,"[292, 1762, 1758, 1760, 1617]"
4829,"[926, 677, 1705, 1249, 409]"
4830,"[926, 393, 288, 999, 114]"
4831,"[1906, 1928, 758, 289, 357]"
4832,"[1915, 1202, 410, 331, 510]"
4833,"[1193, 1704, 511, 1705, 1635]"
4834,"[937, 159, 1617, 125, 409]"
4835,"[1762, 292, 1758, 718, 1761]"
4836,"[1915, 1620, 1902, 1704, 1705]"
4837,"[1071, 1704, 868, 1705, 1249]"
4838,"[408, 1157, 1249, 1636, 1892]"
4839,"[289, 1915, 125, 835, 1704]"
4840,"[1915, 128, 1560, 510, 1705]"
4841,"[1915, 408, 1704, 1705, 1620]"
4842,"[937, 1561, 1202, 410, 1748]"
4843,"[97, 96, 409, 98, 819]"
4844,"[1617, 1155, 292, 1761, 1758]"
4845,"[926, 1617, 1558, 937, 159]"
4846,"[1917, 1034, 125, 862, 289]"
4847,"[926, 1051, 125, 735, 1733]"
4848,"[380, 357, 1704, 1902, 1030]"
4849,"[1906, 1034, 1924, 938, 1030]"
4850,"[1915, 1344, 1030, 359, 408]"
4851,"[1915, 175, 1025, 937, 165]"
4852,"[1915, 1901, 1299, 1906, 79]"
4853,"[1906, 1825, 331, 1277, 164]"
4854,"[1902, 1900, 960, 1618, 408]"
4855,"[1674, 1927, 1550, 460, 1627]"
4856,"[292, 1618, 1617, 324, 1125]"
4857,"[937, 1618, 165, 926, 1676]"
4858,"[1761, 1762, 1049, 980, 1911]"
4859,"[868, 1558, 1071, 1550, 900]"
4860,"[357, 1662, 1613, 204, 1125]"
4861,"[1915, 359, 1904, 408, 1193]"
4862,"[1618, 1762, 1760, 1761, 1758]"
4863,"[1915, 1528, 1024, 1906, 1552]"
4864,"[1916, 1030, 1825, 885, 1906]"
4865,"[1705, 1704, 1758, 1752, 1762]"
4866,"[1915, 408, 1928, 114, 322]"
4867,"[125, 1917, 1618, 937, 159]"
4868,"[331, 165, 926, 1041, 1924]"
4869,"[1915, 1902, 1073, 1561, 922]"
4870,"[1915, 926, 1618, 1202, 410]"
4871,"[120, 739, 1549, 1551, 1177]"
4872,"[825, 829, 785, 739, 837]"
4873,"[825, 1549, 1551, 739, 1697]"
4874,"[120, 636, 762, 826, 47]"
4875,"[477, 408, 1924, 290, 1035]"
4876,"[438, 1637, 1081, 1789, 432]"
4877,"[803, 802, 120, 29, 332]"
4878,"[825, 786, 1924, 1549, 1001]"
4879,"[794, 807, 1313, 1032, 1733]"
4880,"[29, 1752, 815, 1875, 1568]"
4881,"[120, 378, 1095, 636, 1634]"
4882,"[120, 1634, 218, 65, 217]"
4883,"[787, 408, 1549, 1762, 1551]"
4884,"[1705, 1826, 1704, 512, 510]"
4885,"[408, 1792, 739, 1788, 995]"
4886,"[16, 1001, 1924, 1762, 1549]"
4887,"[1191, 1549, 825, 1116, 1697]"
4888,"[1875, 815, 1292, 1149, 447]"
4889,"[739, 618, 1549, 1551, 1001]"
4890,"[120, 1733, 1634, 218, 65]"
4891,"[772, 1733, 739, 1549, 1762]"
4892,"[120, 1338, 1733, 1406, 412]"
4893,"[120, 1733, 1634, 218, 65]"
4894,"[120, 927, 1634, 218, 65]"
4895,"[1113, 368, 825, 1157, 1001]"
4896,"[120, 1733, 216, 1634, 218]"
4897,"[1314, 1638, 1900, 1406, 216]"
4898,"[120, 1659, 1314, 116, 29]"
4899,"[739, 1191, 1549, 1726, 1551]"
4900,"[1191, 1549, 1924, 1601, 1001]"
4901,"[1733, 815, 1314, 856, 89]"
4902,"[1733, 1899, 1924, 1085, 1549]"
4903,"[1191, 1549, 1551, 739, 1534]"
4904,"[1191, 1705, 322, 1549, 1826]"
4905,"[89, 825, 1924, 29, 1549]"
4906,"[7, 804, 618, 669, 1569]"
4907,"[815, 47, 739, 1924, 1149]"
4908,"[815, 1733, 1573, 688, 1924]"
4909,"[1549, 618, 1551, 739, 28]"
4910,"[120, 1733, 455, 1705, 1826]"
4911,"[1674, 1561, 864, 290, 1558]"
4912,"[7, 120, 618, 1792, 1735]"
4913,"[1117, 1119, 314, 1116, 1924]"
4914,"[1191, 1549, 1551, 1001, 739]"
4915,"[1141, 478, 1073, 1924, 97]"
4916,"[1924, 114, 1705, 1704, 1826]"
4917,"[1074, 1037, 478, 1531, 1030]"
4918,"[425, 1620, 1659, 164, 1073]"
4919,"[1704, 419, 1620, 1666, 1705]"
4920,"[1071, 868, 1748, 1704, 1705]"
4921,"[1299, 175, 1042, 938, 165]"
4922,"[1705, 1826, 1704, 512, 510]"
4923,"[113, 89, 1620, 1612, 1676]"
4924,"[1495, 1825, 1023, 398, 1290]"
4925,"[1257, 1898, 1718, 533, 792]"
4926,"[1659, 1137, 1277, 376, 688]"
4927,"[1586, 356, 1612, 1903, 1705]"
4928,"[1704, 1705, 505, 1809, 74]"
4929,"[1034, 96, 98, 164, 1861]"
4930,"[1704, 1705, 505, 1873, 1836]"
4931,"[1405, 1411, 1437, 1193, 1479]"
4932,"[1704, 1705, 505, 1251, 1670]"
4933,"[165, 933, 162, 919, 931]"
4934,"[419, 164, 1705, 1666, 407]"
4935,"[904, 371, 1073, 1434, 347]"
4936,"[168, 1043, 990, 1038, 920]"
4937,"[419, 162, 919, 938, 174]"
4938,"[862, 368, 455, 1704, 1705]"
4939,"[1253, 1256, 1260, 1258, 430]"
4940,"[1705, 1704, 1030, 1752, 455]"
4941,"[1664, 1029, 1752, 1704, 1705]"
4942,"[1704, 1705, 505, 1873, 1809]"
4943,"[608, 89, 1041, 1534, 1529]"
4944,"[165, 162, 919, 931, 938]"
4945,"[1620, 1072, 1659, 98, 737]"
4946,"[933, 1704, 1705, 1752, 1855]"
4947,"[1607, 421, 1659, 455, 98]"
4948,"[1922, 1897, 1762, 1192, 1704]"
4949,"[406, 419, 1620, 164, 1326]"
4950,"[162, 919, 928, 931, 938]"
4951,"[933, 1705, 164, 1620, 930]"
4952,"[1705, 1704, 1612, 1752, 1626]"
4953,"[243, 251, 244, 226, 246]"
4954,"[933, 165, 162, 919, 924]"
4955,"[1705, 1704, 1300, 1861, 1825]"
4956,"[1037, 937, 159, 89, 1894]"
4957,"[1704, 1705, 1752, 446, 612]"
4958,"[289, 395, 1068, 1257, 1915]"
4959,"[12, 29, 26, 8, 38]"
4960,"[1690, 1126, 125, 1244, 423]"
4961,"[1495, 125, 1244, 423, 1135]"
4962,"[125, 423, 1244, 1690, 1702]"
4963,"[657, 633, 634, 637, 638]"
4964,"[677, 1861, 1855, 1846, 1142]"
4965,"[1027, 1900, 637, 657, 633]"
4966,"[1704, 578, 677, 580, 1915]"
4967,"[1829, 1866, 1855, 1135, 677]"
4968,"[677, 125, 1244, 423, 848]"
4969,"[1126, 125, 423, 1244, 1690]"
4970,"[125, 1244, 423, 1690, 1705]"
4971,"[1915, 125, 1676, 1344, 1705]"
4972,"[28, 5, 23, 1704, 1705]"
4973,"[125, 1690, 1612, 423, 1244]"
4974,"[1036, 1038, 1063, 1197, 995]"
4975,"[125, 1705, 1690, 423, 1244]"
4976,"[423, 1244, 125, 1702, 1690]"
4977,"[677, 376, 411, 1855, 1846]"
4978,"[1792, 423, 1244, 925, 1733]"
4979,"[1036, 925, 1704, 1900, 423]"
4980,"[1124, 999, 125, 1344, 365]"
4981,"[1690, 125, 902, 423, 1244]"
4982,"[125, 423, 1244, 1690, 1014]"
4983,"[125, 423, 1244, 1702, 1690]"
4984,"[364, 760, 346, 1491, 1766]"
4985,"[125, 1702, 1690, 1126, 1244]"
4986,"[1746, 919, 1025, 159, 937]"
4987,"[1130, 875, 97, 1696, 1697]"
4988,"[1181, 1675, 1676, 365, 1014]"
4989,"[1244, 423, 125, 396, 1690]"
4990,"[1855, 125, 1244, 423, 677]"
4991,"[125, 1244, 423, 1915, 1677]"
4992,"[423, 125, 1244, 1690, 319]"
4993,"[423, 1244, 125, 1690, 1704]"
4994,"[441, 125, 1924, 1573, 815]"
4995,"[125, 423, 1244, 1690, 1702]"
4996,"[677, 1023, 1863, 398, 1290]"
4997,"[125, 1244, 423, 571, 563]"
4998,"[1837, 1833, 1828, 1935, 430]"
4999,"[125, 423, 1244, 1752, 1524]"
5000,"[125, 677, 376, 902, 1126]"
5001,"[1008, 365, 1748, 125, 928]"
5002,"[125, 423, 1702, 1244, 1690]"
5003,"[1924, 478, 1434, 455, 333]"
5004,"[1915, 1704, 1705, 478, 1030]"
5005,"[1915, 1705, 1704, 865, 1747]"
5006,"[361, 360, 1762, 818, 1758]"
5007,"[478, 1924, 1704, 1705, 265]"
5008,"[1902, 1915, 1068, 97, 96]"
5009,"[96, 97, 1755, 1753, 1580]"
5010,"[265, 341, 1385, 374, 926]"
5011,"[408, 1705, 1704, 1924, 116]"
5012,"[1276, 1863, 677, 597, 590]"
5013,"[292, 341, 1673, 374, 926]"
5014,"[478, 1924, 1755, 1828, 1833]"
5015,"[1915, 1924, 159, 922, 1704]"
5016,"[1924, 478, 1704, 1752, 1695]"
5017,"[1924, 478, 1705, 1704, 1755]"
5018,"[528, 274, 273, 1560, 1507]"
5019,"[341, 1560, 265, 369, 1561]"
5020,"[1704, 1705, 1561, 1525, 1558]"
5021,"[1128, 528, 333, 1507, 1560]"
5022,"[1902, 478, 1704, 1924, 1705]"
5023,"[1755, 1761, 339, 1507, 528]"
5024,"[1073, 926, 265, 1677, 1525]"
5025,"[1792, 1704, 478, 124, 1924]"
5026,"[1705, 1924, 478, 1884, 446]"
5027,"[478, 1924, 1704, 1705, 1760]"
5028,"[1915, 1924, 290, 1122, 1696]"
5029,"[1924, 1915, 1935, 1863, 1837]"
5030,"[65, 933, 1935, 930, 290]"
5031,"[1915, 1793, 1526, 478, 1924]"
5032,"[789, 1755, 1753, 1763, 1885]"
5033,"[216, 1790, 1733, 1434, 528]"
5034,"[1561, 1915, 1753, 1552, 1885]"
5035,"[1755, 1704, 1705, 1520, 1025]"
5036,"[1863, 1935, 1828, 430, 927]"
5037,"[1705, 1704, 265, 341, 926]"
5038,"[1924, 478, 1923, 528, 1792]"
5039,"[1761, 339, 1695, 334, 319]"
5040,"[334, 528, 1507, 538, 339]"
5041,"[1915, 1560, 1296, 333, 677]"
5042,"[341, 333, 1560, 1030, 339]"
5043,"[1915, 1924, 921, 938, 1434]"
5044,"[1915, 1030, 1704, 1924, 478]"
5045,"[1915, 97, 96, 1924, 478]"
5046,"[478, 1924, 1755, 124, 1915]"
5047,"[1024, 1705, 1447, 1762, 1434]"
5048,"[1721, 108, 1915, 42, 1368]"
5049,"[1929, 108, 1721, 778, 1592]"
5050,"[1024, 900, 1618, 175, 1721]"
5051,"[1801, 1802, 1799, 1804, 1798]"
5052,"[1491, 1802, 1804, 1890, 1798]"
5053,"[1721, 339, 108, 1724, 80]"
5054,"[1098, 1437, 1411, 1760, 216]"
5055,"[1098, 1760, 1761, 1705, 1704]"
5056,"[1024, 1721, 108, 361, 1072]"
5057,"[1929, 1592, 80, 1721, 108]"
5058,"[376, 677, 1580, 1611, 1781]"
5059,"[505, 1704, 1705, 862, 1603]"
5060,"[1024, 697, 857, 1704, 1705]"
5061,"[700, 692, 1762, 1617, 292]"
5062,"[1617, 1762, 1758, 1761, 1760]"
5063,"[1915, 1705, 441, 1875, 216]"
5064,"[1555, 1617, 292, 1192, 1536]"
5065,"[1617, 1655, 292, 926, 1555]"
5066,"[1555, 1617, 292, 478, 1762]"
5067,"[1617, 1761, 1760, 1762, 1758]"
5068,"[1617, 1762, 1555, 1758, 1761]"
5069,"[292, 1722, 1762, 1761, 1617]"
5070,"[292, 1722, 1617, 692, 718]"
5071,"[441, 1099, 301, 73, 1101]"
5072,"[1617, 900, 1906, 1937, 1884]"
5073,"[1617, 292, 692, 819, 100]"
5074,"[292, 1722, 1762, 1758, 1617]"
5075,"[1884, 1722, 982, 789, 441]"
5076,"[441, 789, 1884, 782, 1704]"
5077,"[292, 1762, 1758, 1761, 1722]"
5078,"[1722, 1884, 441, 782, 692]"
5079,"[292, 1762, 1758, 1617, 1722]"
5080,"[1655, 1705, 1761, 1704, 1618]"
5081,"[135, 132, 1617, 1567, 1761]"
5082,"[700, 292, 1762, 1617, 1758]"
5083,"[164, 1201, 98, 163, 97]"
5084,"[1655, 1705, 1758, 1704, 900]"
5085,"[292, 1655, 1617, 98, 1924]"
5086,"[1617, 1924, 1705, 1704, 900]"
5087,"[1617, 124, 900, 1550, 1884]"
5088,"[455, 1113, 1617, 1761, 368]"
5089,"[1617, 1762, 1758, 1555, 1761]"
5090,"[1924, 478, 441, 757, 98]"
5091,"[1704, 1705, 1677, 1884, 1824]"
5092,"[292, 1758, 1762, 1722, 1617]"
5093,"[442, 441, 28, 1675, 29]"
5094,"[1617, 926, 900, 876, 1704]"
5095,"[1655, 1705, 544, 1758, 1704]"
5096,"[1655, 1705, 900, 1704, 1758]"
5097,"[441, 982, 1099, 1269, 1101]"
5098,"[1617, 1762, 1555, 1758, 292]"
5099,"[1704, 1705, 1697, 1696, 1884]"
5100,"[1762, 1617, 1758, 292, 1761]"
5101,"[1722, 1884, 699, 692, 782]"
5102,"[1617, 900, 926, 1906, 876]"
5103,"[1617, 926, 900, 1760, 1705]"
5104,"[292, 1617, 1758, 454, 1722]"
5105,"[1904, 983, 984, 409, 1191]"
5106,"[1567, 1896, 1922, 1897, 1618]"
5107,"[409, 1587, 102, 1746, 97]"
5108,"[1587, 1627, 1904, 409, 102]"
5109,"[811, 1192, 1523, 1896, 409]"
5110,"[1892, 1191, 409, 43, 321]"
5111,"[96, 97, 409, 102, 98]"
5112,"[1905, 1602, 1025, 937, 159]"
5113,"[102, 460, 98, 321, 409]"
5114,"[1627, 1904, 1613, 409, 113]"
5115,"[1070, 291, 1704, 693, 112]"
5116,"[409, 1904, 1627, 1255, 1894]"
5117,"[291, 1070, 1713, 112, 1531]"
5118,"[98, 102, 1627, 1892, 1587]"
5119,"[1705, 1704, 522, 1924, 1550]"
5120,"[439, 1617, 1241, 66, 1539]"
5121,"[1587, 1905, 1904, 1627, 1922]"
5122,"[1892, 1567, 98, 102, 1310]"
5123,"[1915, 1892, 321, 409, 1191]"
5124,"[409, 1746, 1733, 1191, 113]"
5125,"[1627, 1905, 1587, 1899, 1924]"
5126,"[409, 1587, 460, 102, 1627]"
5127,"[409, 1587, 460, 113, 102]"
5128,"[1627, 1906, 1904, 409, 113]"
5129,"[1904, 1924, 1906, 1587, 1529]"
5130,"[1713, 1160, 1893, 1626, 1890]"
5131,"[1937, 663, 1553, 1628, 750]"
5132,"[1273, 291, 1931, 447, 1926]"
5133,"[454, 1241, 456, 418, 1240]"
5134,"[1761, 1937, 1760, 1705, 1924]"
5135,"[1924, 478, 1937, 1761, 1705]"
5136,"[1937, 1913, 1924, 1705, 1242]"
5137,"[1705, 1760, 1761, 141, 1924]"
5138,"[125, 89, 165, 113, 1677]"
5139,"[1112, 1070, 1614, 455, 1636]"
5140,"[888, 1313, 442, 1192, 441]"
5141,"[681, 1746, 871, 1199, 1533]"
5142,"[1761, 1760, 1704, 1746, 708]"
5143,"[335, 291, 1070, 1705, 1713]"
5144,"[1550, 288, 1137, 455, 1610]"
5145,"[1025, 1890, 1887, 171, 1536]"
5146,"[886, 1063, 1757, 1776, 692]"
5147,"[291, 409, 928, 164, 102]"
5148,"[1705, 1406, 1614, 860, 1704]"
5149,"[1760, 1758, 1761, 291, 667]"
5150,"[164, 165, 1733, 402, 16]"
5151,"[682, 1112, 91, 1758, 1192]"
5152,"[684, 1757, 1776, 1705, 1796]"
5153,"[1757, 1776, 684, 1786, 1705]"
5154,"[1705, 1760, 1758, 1704, 1761]"
5155,"[1705, 1704, 1761, 1760, 1762]"
5156,"[1913, 1924, 1242, 421, 28]"
5157,"[1704, 1705, 708, 454, 1677]"
5158,"[7, 415, 1761, 1697, 862]"
5159,"[89, 29, 1676, 1202, 410]"
5160,"[454, 1896, 888, 1761, 442]"
5161,"[46, 291, 860, 1595, 871]"
5162,"[1406, 1712, 1705, 1704, 1193]"
5163,"[1656, 291, 667, 1193, 171]"
5164,"[455, 1070, 291, 1713, 1705]"
5165,"[1758, 1761, 1762, 1704, 1760]"
5166,"[1705, 1704, 1611, 216, 1614]"
5167,"[1704, 1386, 1070, 291, 113]"
5168,"[28, 1070, 113, 112, 171]"
5169,"[291, 1704, 1746, 866, 112]"
5170,"[1913, 1242, 1705, 118, 1704]"
5171,"[1614, 1636, 455, 1746, 1924]"
5172,"[860, 1705, 900, 1904, 1063]"
5173,"[1704, 1705, 291, 1606, 1656]"
5174,"[73, 1704, 1705, 1701, 1902]"
5175,"[1705, 1704, 1712, 558, 1758]"
5176,"[291, 667, 1121, 1192, 1011]"
5177,"[291, 1386, 1070, 866, 112]"
5178,"[1610, 114, 455, 116, 692]"
5179,"[925, 1746, 291, 171, 165]"
5180,"[1677, 1656, 454, 432, 807]"
5181,"[1757, 1776, 1744, 1796, 817]"
5182,"[1924, 478, 1705, 1704, 1558]"
5183,"[1544, 1704, 3, 787, 1830]"
5184,"[478, 1924, 1704, 289, 1705]"
5185,"[1604, 1027, 114, 1789, 1786]"
5186,"[1504, 1507, 528, 553, 538]"
5187,"[480, 646, 828, 7, 3]"
5188,"[1704, 1761, 1705, 1128, 339]"
5189,"[511, 514, 528, 1507, 526]"
5190,"[590, 599, 593, 597, 587]"
5191,"[1924, 1884, 478, 1377, 786]"
5192,"[478, 1924, 1199, 1671, 100]"
5193,"[807, 1788, 1789, 1790, 1787]"
5194,"[333, 862, 1705, 1434, 1507]"
5195,"[511, 528, 514, 1507, 1434]"
5196,"[1704, 1507, 528, 921, 1434]"
5197,"[1434, 538, 1507, 528, 1027]"
5198,"[1705, 1756, 1704, 1755, 1763]"
5199,"[921, 1507, 528, 538, 1704]"
5200,"[1864, 1705, 507, 1757, 1776]"
5201,"[1246, 1119, 817, 1412, 62]"
5202,"[1924, 478, 1884, 1705, 1704]"
5203,"[409, 102, 89, 107, 98]"
5204,"[921, 528, 1755, 938, 1507]"
5205,"[1924, 1400, 497, 361, 1433]"
5206,"[921, 1755, 164, 528, 1507]"
5207,"[1310, 1504, 460, 1937, 126]"
5208,"[1924, 478, 919, 1704, 1025]"
5209,"[590, 587, 1507, 528, 599]"
5210,"[1704, 1434, 528, 1507, 1705]"
5211,"[1924, 1884, 98, 125, 614]"
5212,"[1758, 1704, 1760, 1705, 1762]"
5213,"[1915, 1924, 98, 485, 1863]"
5214,"[1704, 1705, 1760, 1762, 1758]"
5215,"[441, 430, 1828, 1837, 1833]"
5216,"[526, 1507, 538, 528, 921]"
5217,"[514, 1507, 528, 538, 333]"
5218,"[478, 1924, 1704, 1705, 659]"
5219,"[1878, 1707, 1246, 1772, 1708]"
5220,"[526, 1705, 1507, 528, 1761]"
5221,"[1704, 1705, 1755, 504, 1885]"
5222,"[478, 1924, 1705, 1704, 1913]"
5223,"[1704, 478, 1915, 1705, 1924]"
5224,"[594, 1513, 1772, 430, 542]"
5225,"[1712, 1908, 1705, 1504, 1704]"
5226,"[1063, 368, 1134, 411, 43]"
5227,"[1915, 175, 1808, 1935, 1042]"
5228,"[165, 927, 925, 931, 938]"
5229,"[1063, 868, 1792, 455, 1899]"
5230,"[1904, 368, 1643, 455, 862]"
5231,"[1675, 89, 116, 1676, 1911]"
5232,"[43, 1643, 1704, 1705, 1567]"
5233,"[165, 1924, 89, 164, 1676]"
5234,"[1030, 1828, 1528, 1935, 1906]"
5235,"[1556, 1531, 1538, 1527, 1529]"
5236,"[163, 937, 159, 919, 165]"
5237,"[1904, 1704, 1705, 1532, 1191]"
5238,"[1746, 97, 96, 1909, 98]"
5239,"[1904, 1025, 1746, 1927, 1626]"
5240,"[1904, 43, 819, 1704, 1746]"
5241,"[1905, 1627, 1587, 1527, 1601]"
5242,"[1896, 1905, 1627, 692, 1527]"
5243,"[1904, 1589, 409, 778, 1746]"
5244,"[1904, 1762, 1746, 1909, 1758]"
5245,"[1762, 1758, 1620, 1612, 1899]"
5246,"[1915, 1899, 1526, 1884, 1926]"
5247,"[1904, 43, 1746, 89, 819]"
5248,"[1904, 1899, 1746, 96, 97]"
5249,"[1904, 1025, 1746, 159, 922]"
5250,"[1705, 530, 1704, 113, 1676]"
5251,"[819, 1705, 1774, 1704, 1768]"
5252,"[1935, 1904, 430, 927, 1863]"
5253,"[1742, 1527, 1554, 455, 1538]"
5254,"[1904, 1909, 1746, 1025, 159]"
5255,"[1904, 43, 89, 1746, 163]"
5256,"[89, 1746, 98, 1904, 102]"
5257,"[919, 1025, 937, 159, 926]"
5258,"[1904, 1519, 890, 89, 29]"
5259,"[1904, 43, 1063, 89, 1035]"
5260,"[1904, 43, 1746, 1063, 89]"
5261,"[890, 1748, 868, 1526, 455]"
5262,"[1529, 1519, 1556, 1538, 1518]"
5263,"[1065, 1612, 1620, 1762, 1907]"
5264,"[1915, 1169, 1038, 76, 388]"
5265,"[1043, 1316, 1618, 447, 1098]"
5266,"[1924, 1534, 1543, 1519, 1564]"
5267,"[1922, 1897, 1561, 1520, 1538]"
5268,"[925, 175, 1916, 1924, 1196]"
5269,"[1904, 43, 89, 1783, 819]"
5270,"[922, 1915, 716, 1495, 878]"
5271,"[922, 1833, 1837, 1828, 1863]"
5272,"[1915, 1733, 1698, 1704, 412]"
5273,"[96, 98, 1028, 1670, 1925]"
5274,"[749, 171, 1036, 927, 681]"
5275,"[98, 96, 97, 102, 1746]"
5276,"[1201, 409, 749, 848, 1019]"
5277,"[1902, 1900, 1917, 408, 1185]"
5278,"[409, 102, 1030, 1853, 1828]"
5279,"[677, 749, 1863, 1828, 1935]"
5280,"[1902, 102, 409, 1757, 1776]"
5281,"[876, 869, 880, 437, 789]"
5282,"[126, 1462, 1040, 124, 1822]"
5283,"[98, 97, 96, 1201, 1073]"
5284,"[163, 96, 97, 98, 102]"
5285,"[409, 1825, 42, 1915, 171]"
5286,"[1040, 716, 1915, 126, 1902]"
5287,"[1902, 402, 1700, 409, 420]"
5288,"[1915, 96, 97, 98, 102]"
5289,"[102, 749, 1776, 1757, 96]"
5290,"[1902, 96, 420, 102, 409]"
5291,"[1902, 108, 102, 1776, 1757]"
5292,"[1746, 749, 1197, 1752, 102]"
5293,"[1902, 1915, 922, 1917, 1019]"
5294,"[98, 102, 1541, 96, 97]"
5295,"[102, 1746, 409, 1313, 98]"
5296,"[409, 1700, 97, 1201, 1197]"
5297,"[1902, 1646, 171, 452, 1825]"
5298,"[171, 1915, 409, 97, 96]"
5299,"[102, 409, 1197, 1746, 485]"
5300,"[97, 1201, 171, 1699, 1733]"
5301,"[98, 334, 1073, 1704, 1776]"
5302,"[102, 409, 1833, 1837, 1853]"
5303,"[1746, 925, 409, 102, 97]"
5304,"[1040, 125, 1924, 716, 1219]"
5305,"[102, 409, 1746, 1040, 1518]"
5306,"[102, 97, 96, 1516, 409]"
5307,"[1041, 102, 409, 1197, 1524]"
5308,"[1118, 1700, 1811, 1813, 1814]"
5309,"[1833, 1837, 1828, 1820, 1819]"
5310,"[1902, 1320, 420, 60, 107]"
5311,"[1902, 1900, 409, 408, 1853]"
5312,"[1902, 102, 420, 409, 716]"
5313,"[1746, 409, 102, 1219, 171]"
5314,"[1915, 935, 1792, 1030, 925]"
5315,"[175, 1924, 165, 1025, 1041]"
5316,"[1202, 410, 937, 175, 79]"
5317,"[1917, 1902, 890, 113, 165]"
5318,"[1915, 357, 1046, 411, 1649]"
5319,"[1915, 1001, 1051, 1060, 408]"
5320,"[128, 331, 1255, 921, 1077]"
5321,"[1299, 928, 1705, 150, 1704]"
5322,"[1733, 446, 408, 1917, 350]"
5323,"[1511, 1338, 1697, 267, 235]"
5324,"[1046, 1915, 347, 972, 824]"
5325,"[1924, 739, 824, 440, 162]"
5326,"[1915, 956, 1704, 1154, 214]"
5327,"[1915, 216, 890, 408, 1758]"
5328,"[1332, 1659, 490, 924, 1918]"
5329,"[1915, 1916, 216, 1338, 1584]"
5330,"[1915, 966, 136, 1205, 986]"
5331,"[1915, 1438, 216, 1343, 1917]"
5332,"[1363, 1370, 493, 1705, 511]"
5333,"[1863, 927, 1935, 430, 1936]"
5334,"[719, 1754, 1158, 357, 1915]"
5335,"[165, 1728, 1025, 164, 1927]"
5336,"[1071, 925, 938, 1030, 164]"
5337,"[430, 1787, 1788, 1792, 1863]"
5338,"[320, 1704, 324, 1091, 1041]"
5339,"[1158, 823, 1630, 824, 925]"
5340,"[1915, 430, 1256, 1260, 1258]"
5341,"[1836, 1873, 1832, 1076, 1872]"
5342,"[1915, 357, 823, 216, 737]"
5343,"[1158, 165, 1758, 823, 1762]"
5344,"[1299, 163, 165, 175, 1041]"
5345,"[926, 1279, 1620, 1630, 919]"
5346,"[1861, 1649, 937, 1855, 159]"
5347,"[1915, 1899, 1588, 164, 485]"
5348,"[190, 150, 911, 199, 179]"
5349,"[937, 159, 165, 1924, 113]"
5350,"[1915, 1269, 1023, 398, 1863]"
5351,"[150, 968, 208, 971, 209]"
5352,"[1030, 1049, 1029, 956, 938]"
5353,"[937, 1299, 175, 165, 164]"
5354,"[1915, 408, 1924, 159, 937]"
5355,"[1900, 1915, 1917, 890, 925]"
5356,"[1915, 408, 1733, 1742, 1299]"
5357,"[1148, 408, 924, 371, 1762]"
5358,"[1932, 1894, 18, 139, 1613]"
5359,"[1932, 1931, 190, 139, 891]"
5360,"[1705, 1762, 1760, 1704, 1761]"
5361,"[445, 139, 1916, 1900, 1676]"
5362,"[1676, 1070, 116, 398, 1675]"
5363,"[1762, 692, 1705, 1915, 1704]"
5364,"[1878, 1707, 757, 762, 758]"
5365,"[1246, 1772, 261, 267, 233]"
5366,"[1932, 349, 1029, 1043, 168]"
5367,"[1900, 1915, 1917, 1924, 857]"
5368,"[1894, 1886, 1249, 1890, 1758]"
5369,"[1932, 190, 139, 891, 351]"
5370,"[1607, 1613, 1896, 1157, 441]"
5371,"[1828, 1833, 1837, 1863, 430]"
5372,"[1066, 1286, 1705, 1704, 1133]"
5373,"[1906, 1618, 1704, 1705, 1617]"
5374,"[108, 1721, 1157, 1766, 308]"
5375,"[292, 78, 1068, 782, 1560]"
5376,"[1924, 677, 886, 455, 612]"
5377,"[1900, 857, 1902, 1917, 1543]"
5378,"[1900, 1543, 1638, 349, 1760]"
5379,"[677, 1157, 376, 1607, 692]"
5380,"[1906, 677, 125, 1676, 1733]"
5381,"[1900, 1804, 1798, 1799, 1801]"
5382,"[1618, 807, 1636, 114, 1697]"
5383,"[478, 116, 1607, 89, 1676]"
5384,"[1607, 1903, 1192, 1608, 1659]"
5385,"[1758, 1704, 1761, 1705, 1762]"
5386,"[97, 96, 1758, 1762, 1491]"
5387,"[1760, 1761, 1299, 1302, 1758]"
5388,"[364, 760, 346, 1491, 1766]"
5389,"[1705, 1704, 1826, 1472, 512]"
5390,"[1900, 1917, 1543, 1676, 1638]"
5391,"[1902, 1917, 858, 857, 1761]"
5392,"[368, 1249, 1761, 862, 455]"
5393,"[430, 1828, 1833, 1837, 1863]"
5394,"[891, 1705, 1761, 1758, 1760]"
5395,"[1704, 1516, 1894, 1705, 1760]"
5396,"[1924, 1457, 1511, 155, 158]"
5397,"[1733, 1788, 412, 98, 1789]"
5398,"[1131, 1157, 412, 760, 1733]"
5399,"[109, 1552, 1924, 1133, 107]"
5400,"[852, 1723, 1101, 777, 1917]"
5401,"[1808, 1837, 1833, 1828, 1789]"
5402,"[1878, 1707, 1246, 1708, 9]"
5403,"[1762, 1758, 1705, 1704, 1063]"
5404,"[1070, 291, 165, 1785, 890]"
5405,"[89, 1914, 165, 1746, 1025]"
5406,"[1759, 466, 458, 1764, 1556]"
5407,"[89, 1924, 165, 1586, 1705]"
5408,"[1537, 1526, 1922, 1897, 927]"
5409,"[89, 1615, 1626, 1903, 890]"
5410,"[102, 409, 97, 96, 98]"
5411,"[1772, 1924, 1746, 1898, 533]"
5412,"[1914, 1520, 1556, 1564, 1554]"
5413,"[1537, 1044, 1705, 1704, 89]"
5414,"[95, 1463, 1795, 1704, 870]"
5415,"[89, 1586, 1626, 890, 113]"
5416,"[1759, 135, 1764, 458, 1705]"
5417,"[870, 1705, 1753, 1367, 482]"
5418,"[1735, 1044, 331, 1675, 1924]"
5419,"[89, 1586, 113, 1676, 890]"
5420,"[291, 96, 1705, 1537, 124]"
5421,"[1704, 530, 1705, 1697, 1924]"
5422,"[1537, 1535, 1903, 1044, 1533]"
5423,"[1903, 1533, 1537, 1535, 1044]"
5424,"[1762, 1758, 1705, 1704, 884]"
5425,"[890, 425, 1615, 1124, 1531]"
5426,"[406, 407, 48, 788, 162]"
5427,"[1704, 1807, 1705, 935, 1037]"
5428,"[89, 752, 759, 421, 1909]"
5429,"[1038, 935, 1030, 1039, 1031]"
5430,"[1526, 1792, 1793, 1764, 1890]"
5431,"[89, 920, 1534, 1907, 1618]"
5432,"[1705, 722, 162, 406, 407]"
5433,"[1586, 1523, 1615, 1618, 1548]"
5434,"[1258, 1260, 1256, 1935, 1261]"
5435,"[935, 1039, 1030, 1037, 1036]"
5436,"[407, 406, 1904, 175, 176]"
5437,"[1704, 1705, 1344, 1258, 1676]"
5438,"[1733, 1924, 408, 419, 89]"
5439,"[1760, 1768, 1527, 1761, 1769]"
5440,"[1935, 1936, 1618, 1298, 1915]"
5441,"[98, 1495, 868, 1087, 1548]"
5442,"[1100, 622, 308, 1904, 307]"
5443,"[1713, 1893, 1845, 1848, 1847]"
5444,"[1915, 1924, 1610, 324, 455]"
5445,"[1148, 158, 155, 157, 173]"
5446,"[1704, 1733, 1705, 787, 1723]"
5447,"[1039, 935, 1030, 1031, 1037]"
5448,"[1704, 1620, 162, 919, 931]"
5449,"[1077, 1073, 89, 382, 116]"
5450,"[1760, 1768, 1905, 1775, 1769]"
5451,"[1792, 1906, 1790, 926, 1788]"
5452,"[1548, 1924, 89, 1733, 1705]"
5453,"[1893, 819, 1548, 1890, 1884]"
5454,"[1893, 1618, 1617, 1890, 1548]"
5455,"[1762, 98, 1915, 409, 937]"
5456,"[164, 1893, 919, 1821, 167]"
5457,"[1671, 866, 1071, 1065, 96]"
5458,"[928, 1025, 164, 159, 937]"
5459,"[1713, 935, 1821, 1822, 1833]"
5460,"[406, 407, 1922, 1897, 927]"
5461,"[1761, 1768, 1769, 1617, 1760]"
5462,"[1704, 1261, 1676, 1258, 1298]"
5463,"[919, 1025, 425, 673, 937]"
5464,"[1526, 1552, 1742, 1544, 425]"
5465,"[1528, 478, 1924, 1526, 1553]"
5466,"[1586, 1523, 1615, 1618, 1548]"
5467,"[1046, 937, 159, 1025, 164]"
5468,"[1119, 1041, 1676, 272, 1791]"
5469,"[89, 406, 407, 1676, 29]"
5470,"[1899, 1705, 568, 571, 575]"
5471,"[289, 1704, 1705, 1191, 1904]"
5472,"[368, 1896, 455, 1704, 862]"
5473,"[1705, 289, 1704, 1904, 116]"
5474,"[1066, 1917, 1915, 285, 807]"
5475,"[289, 1705, 1747, 1704, 1904]"
5476,"[1067, 1705, 1724, 1896, 1768]"
5477,"[116, 1531, 1523, 1747, 865]"
5478,"[1904, 289, 1705, 819, 1704]"
5479,"[455, 289, 116, 1705, 1704]"
5480,"[1705, 1904, 1704, 1608, 1567]"
5481,"[1899, 1922, 1897, 106, 1705]"
5482,"[1915, 1066, 1704, 289, 1531]"
5483,"[1760, 1768, 1068, 1761, 1775]"
5484,"[1191, 1899, 116, 1704, 1618]"
5485,"[1705, 1704, 289, 1904, 116]"
5486,"[1191, 1904, 937, 159, 270]"
5487,"[289, 819, 1705, 1746, 98]"
5488,"[289, 752, 759, 1705, 1704]"
5489,"[106, 1904, 1704, 1761, 1760]"
5490,"[289, 1704, 1705, 1191, 1904]"
5491,"[1277, 1726, 692, 1523, 1915]"
5492,"[289, 339, 1705, 1704, 1904]"
5493,"[1070, 116, 289, 455, 379]"
5494,"[289, 455, 1705, 1896, 1606]"
5495,"[1113, 421, 164, 1531, 862]"
5496,"[289, 1704, 1904, 1705, 1890]"
5497,"[1904, 1705, 819, 1890, 1704]"
5498,"[1704, 692, 289, 1746, 116]"
5499,"[1726, 692, 455, 1704, 1705]"
5500,"[1704, 116, 1899, 1926, 1760]"
5501,"[289, 1704, 1191, 819, 1705]"
5502,"[116, 1704, 289, 1705, 1191]"
5503,"[289, 1899, 1531, 1705, 1704]"
5504,"[1705, 1704, 289, 1191, 1904]"
5505,"[1761, 106, 1760, 1704, 1705]"
5506,"[1705, 289, 1704, 1890, 1904]"
5507,"[1907, 1070, 455, 289, 116]"
5508,"[1032, 1719, 390, 1071, 846]"
5509,"[1705, 258, 1722, 1906, 1255]"
5510,"[1704, 1726, 1604, 1760, 1523]"
5511,"[289, 1704, 1904, 1746, 819]"
5512,"[1904, 3, 1246, 1772, 2]"
5513,"[289, 1705, 1704, 1904, 1769]"
5514,"[1073, 1028, 265, 1083, 1157]"
5515,"[677, 377, 376, 1607, 1608]"
5516,"[1820, 1819, 1818, 1821, 1817]"
5517,"[1022, 1019, 1607, 480, 1608]"
5518,"[393, 332, 408, 7, 1001]"
5519,"[1828, 1837, 1833, 1821, 1822]"
5520,"[1019, 1022, 477, 891, 749]"
5521,"[360, 1019, 1022, 1155, 1924]"
5522,"[175, 165, 163, 1822, 1821]"
5523,"[1022, 1019, 1157, 1131, 1607]"
5524,"[1811, 1837, 1828, 1833, 1935]"
5525,"[1704, 163, 1019, 1620, 164]"
5526,"[1768, 1760, 1769, 1775, 408]"
5527,"[1607, 96, 97, 1157, 1608]"
5528,"[1704, 98, 868, 1019, 164]"
5529,"[1192, 1157, 1613, 1607, 1608]"
5530,"[1023, 398, 1290, 1861, 1863]"
5531,"[441, 430, 1924, 1606, 1812]"
5532,"[360, 329, 1177, 384, 376]"
5533,"[1915, 1076, 332, 737, 719]"
5534,"[933, 1250, 930, 79, 356]"
5535,"[1828, 1837, 1833, 1863, 1935]"
5536,"[1915, 1256, 430, 1260, 1704]"
5537,"[306, 812, 886, 1286, 1149]"
5538,"[1704, 1689, 1019, 1086, 1690]"
5539,"[1615, 1903, 1586, 138, 692]"
5540,"[1704, 1019, 98, 1620, 1131]"
5541,"[1286, 1167, 1131, 1022, 1904]"
5542,"[1157, 1191, 1607, 1608, 455]"
5543,"[1042, 1041, 1086, 455, 886]"
5544,"[443, 884, 368, 1022, 1011]"
5545,"[1704, 1705, 477, 505, 1193]"
5546,"[1904, 477, 1022, 1061, 1370]"
5547,"[1752, 1891, 1894, 1540, 1746]"
5548,"[1022, 368, 477, 749, 455]"
5549,"[1041, 1704, 1603, 728, 1705]"
5550,"[677, 376, 377, 655, 688]"
5551,"[1915, 292, 371, 655, 1148]"
5552,"[1847, 1845, 1849, 1848, 1841]"
5553,"[1915, 376, 677, 1855, 1861]"
5554,"[441, 1705, 857, 430, 1828]"
5555,"[28, 216, 605, 787, 428]"
5556,"[1915, 1861, 1148, 1762, 371]"
5557,"[1269, 302, 605, 387, 396]"
5558,"[1907, 89, 1922, 1897, 1762]"
5559,"[63, 65, 441, 1526, 927]"
5560,"[1705, 1704, 1890, 1316, 1752]"
5561,"[1922, 1897, 1899, 1630, 1063]"
5562,"[1627, 165, 164, 1025, 1746]"
5563,"[89, 1604, 1677, 1922, 1897]"
5564,"[1705, 1704, 1567, 1890, 1618]"
5565,"[1246, 95, 12, 165, 1192]"
5566,"[89, 1922, 1897, 1526, 1704]"
5567,"[1586, 1627, 1599, 1192, 1615]"
5568,"[1899, 1627, 868, 1085, 1135]"
5569,"[1627, 1905, 1587, 113, 1025]"
5570,"[368, 374, 1927, 862, 872]"
5571,"[1907, 1899, 1526, 478, 1922]"
5572,"[927, 165, 114, 1627, 1587]"
5573,"[1905, 1627, 165, 1613, 1922]"
5574,"[1316, 1704, 1705, 1618, 1752]"
5575,"[113, 89, 1733, 1659, 1907]"
5576,"[1587, 1907, 1922, 1897, 89]"
5577,"[927, 1704, 1588, 1762, 1758]"
5578,"[165, 113, 1746, 1627, 937]"
5579,"[594, 1433, 1772, 1368, 42]"
5580,"[1588, 1526, 1906, 1762, 478]"
5581,"[1907, 739, 89, 1922, 1897]"
5582,"[1915, 1907, 1343, 1404, 1897]"
5583,"[896, 96, 97, 1899, 1704]"
5584,"[1607, 1608, 1517, 1705, 1704]"
5585,"[1922, 1897, 478, 1526, 89]"
5586,"[165, 937, 159, 1746, 1025]"
5587,"[1772, 1762, 1922, 1897, 1704]"
5588,"[1587, 89, 1922, 1897, 1915]"
5589,"[1627, 165, 1922, 1897, 1896]"
5590,"[1587, 1922, 1897, 166, 89]"
5591,"[165, 927, 1025, 1036, 164]"
5592,"[935, 89, 1754, 1705, 1704]"
5593,"[1587, 1922, 1897, 1906, 1905]"
5594,"[1915, 1526, 331, 478, 1916]"
5595,"[1705, 1917, 1704, 408, 1612]"
5596,"[1704, 1612, 551, 1705, 1762]"
5597,"[1905, 89, 164, 175, 1922]"
5598,"[1587, 1907, 113, 89, 1705]"
5599,"[1907, 89, 1899, 1526, 927]"
5600,"[1526, 1762, 1922, 1897, 89]"
5601,"[530, 1704, 1705, 896, 1762]"
5602,"[1705, 1704, 165, 589, 1908]"
5603,"[48, 1705, 1704, 165, 1697]"
5604,"[1705, 1704, 1751, 37, 1904]"
5605,"[1704, 1705, 1906, 1529, 1588]"
5606,"[1915, 1704, 922, 1705, 408]"
5607,"[106, 1899, 1910, 1704, 1705]"
5608,"[1071, 164, 175, 421, 165]"
5609,"[1746, 781, 760, 1924, 762]"
5610,"[1627, 1905, 1527, 113, 216]"
5611,"[1704, 1705, 1627, 165, 1554]"
5612,"[1704, 1705, 165, 1924, 926]"
5613,"[48, 165, 1704, 1705, 164]"
5614,"[165, 164, 1905, 1627, 1704]"
5615,"[1705, 1704, 165, 688, 1251]"
5616,"[1704, 1705, 291, 16, 48]"
5617,"[1905, 1705, 1070, 1704, 28]"
5618,"[1021, 1191, 1202, 410, 1534]"
5619,"[1704, 1705, 1697, 862, 165]"
5620,"[1705, 1704, 165, 1193, 164]"
5621,"[510, 1705, 1704, 1826, 114]"
5622,"[464, 1705, 1704, 165, 1760]"
5623,"[165, 164, 1704, 1705, 89]"
5624,"[1627, 1905, 1071, 1527, 16]"
5625,"[1704, 1705, 1924, 1752, 589]"
5626,"[1705, 1704, 165, 1878, 1707]"
5627,"[1273, 447, 361, 1705, 1704]"
5628,"[1705, 165, 781, 289, 1025]"
5629,"[1020, 1915, 1704, 1070, 165]"
5630,"[348, 1224, 341, 692, 1705]"
5631,"[165, 1704, 1705, 164, 1923]"
5632,"[1705, 1704, 165, 216, 48]"
5633,"[164, 165, 1705, 1704, 48]"
5634,"[1705, 1704, 165, 1878, 1707]"
5635,"[1705, 1704, 1924, 1906, 677]"
5636,"[163, 165, 1924, 1713, 164]"
5637,"[1704, 165, 1705, 819, 688]"
5638,"[165, 1704, 1705, 164, 1922]"
5639,"[1705, 1704, 1528, 1529, 1588]"
5640,"[163, 164, 921, 1915, 175]"
5641,"[1251, 688, 165, 1895, 1704]"
5642,"[1704, 1705, 48, 165, 164]"
5643,"[1705, 1704, 860, 1606, 432]"
5644,"[1588, 1916, 1556, 1906, 1529]"
5645,"[1869, 171, 1201, 97, 1558]"
5646,"[368, 165, 862, 1922, 1897]"
5647,"[1025, 89, 165, 164, 937]"
5648,"[1922, 1897, 868, 1748, 1705]"
5649,"[1899, 1907, 406, 895, 1627]"
5650,"[642, 1523, 1879, 1899, 1906]"
5651,"[1922, 1897, 1899, 89, 1526]"
5652,"[113, 1899, 258, 900, 1929]"
5653,"[460, 1612, 677, 1643, 1118]"
5654,"[1907, 1935, 1627, 1905, 927]"
5655,"[1907, 1612, 1762, 1758, 1705]"
5656,"[1915, 1256, 1260, 1259, 1299]"
5657,"[1922, 1897, 1526, 1905, 927]"
5658,"[165, 164, 1704, 1705, 48]"
5659,"[1899, 1704, 530, 896, 1705]"
5660,"[1907, 1612, 1762, 1758, 1705]"
5661,"[407, 406, 1041, 440, 918]"
5662,"[1302, 1704, 530, 1705, 896]"
5663,"[1899, 1906, 1907, 175, 1025]"
5664,"[1899, 1299, 1906, 927, 1762]"
5665,"[1907, 927, 113, 1905, 89]"
5666,"[1922, 1897, 1526, 927, 317]"
5667,"[1026, 1704, 1822, 1078, 1821]"
5668,"[1922, 1897, 1899, 1526, 621]"
5669,"[362, 361, 1159, 1653, 1587]"
5670,"[1023, 398, 1863, 1861, 1290]"
5671,"[1792, 1790, 1789, 1791, 1787]"
5672,"[89, 1915, 113, 128, 1526]"
5673,"[97, 1031, 1129, 1865, 394]"
5674,"[1922, 1897, 1587, 89, 1907]"
5675,"[1836, 1873, 1659, 1832, 1705]"
5676,"[1899, 1116, 1704, 1705, 89]"
5677,"[1733, 1299, 408, 412, 1792]"
5678,"[329, 1133, 1135, 319, 575]"
5679,"[102, 1670, 1201, 98, 793]"
5680,"[1742, 1542, 1539, 1554, 1530]"
5681,"[1201, 1927, 1070, 1030, 1116]"
5682,"[420, 1549, 1551, 96, 126]"
5683,"[96, 1832, 1302, 1830, 1836]"
5684,"[73, 171, 1615, 1586, 1517]"
5685,"[862, 487, 1603, 1786, 1924]"
5686,"[73, 102, 1541, 793, 96]"
5687,"[4, 802, 1878, 1707, 73]"
5688,"[118, 762, 749, 760, 765]"
5689,"[420, 171, 583, 338, 1155]"
5690,"[171, 793, 366, 361, 533]"
5691,"[171, 1670, 749, 73, 1902]"
5692,"[866, 793, 1119, 1889, 1925]"
5693,"[4, 73, 803, 3, 8]"
5694,"[97, 96, 420, 1700, 163]"
5695,"[1541, 96, 97, 98, 793]"
5696,"[1878, 1707, 1246, 1772, 5]"
5697,"[1541, 793, 98, 667, 1313]"
5698,"[1553, 1541, 1628, 1742, 1562]"
5699,"[1937, 295, 1176, 583, 1705]"
5700,"[73, 1742, 1564, 1489, 1554]"
5701,"[1701, 749, 1670, 1320, 4]"
5702,"[73, 4, 1878, 1707, 1246]"
5703,"[835, 1915, 329, 1133, 1549]"
5704,"[1670, 793, 749, 102, 1320]"
5705,"[73, 4, 1878, 1707, 7]"
5706,"[1705, 1704, 1769, 1783, 1317]"
5707,"[1670, 1833, 1837, 1863, 1935]"
5708,"[1700, 1701, 1889, 124, 1904]"
5709,"[420, 96, 758, 126, 1746]"
5710,"[677, 376, 1705, 171, 377]"
5711,"[862, 1603, 606, 1786, 1787]"
5712,"[216, 1915, 108, 1246, 1910]"
5713,"[420, 96, 1320, 893, 1786]"
5714,"[420, 1670, 73, 1700, 749]"
5715,"[848, 851, 89, 1878, 1707]"
5716,"[46, 643, 666, 651, 640]"
5717,"[4, 1246, 7, 8, 12]"
5718,"[4, 7, 73, 6, 3]"
5719,"[1520, 1742, 1534, 1564, 1489]"
5720,"[1887, 1886, 1201, 1116, 1579]"
5721,"[1742, 1564, 1489, 1554, 1532]"
5722,"[421, 1529, 289, 165, 1025]"
5723,"[1713, 1070, 1586, 96, 97]"
5724,"[96, 97, 98, 1073, 165]"
5725,"[1201, 620, 470, 868, 618]"
5726,"[1041, 1924, 1040, 1025, 89]"
5727,"[290, 1073, 118, 164, 1538]"
5728,"[169, 1041, 1586, 1040, 1025]"
5729,"[1026, 1040, 1032, 1772, 175]"
5730,"[1524, 1909, 1586, 1556, 1752]"
5731,"[1041, 1890, 926, 175, 1527]"
5732,"[1924, 1025, 1202, 1029, 1041]"
5733,"[1025, 1036, 169, 1076, 1035]"
5734,"[1026, 164, 165, 1029, 1025]"
5735,"[1006, 1041, 1699, 159, 937]"
5736,"[1202, 410, 1041, 1040, 1026]"
5737,"[265, 1040, 1604, 1647, 1704]"
5738,"[165, 164, 97, 96, 425]"
5739,"[1626, 425, 1704, 212, 1705]"
5740,"[1040, 1029, 1026, 1034, 1041]"
5741,"[1176, 353, 89, 1041, 1822]"
5742,"[927, 1935, 1260, 1258, 98]"
5743,"[1672, 1029, 175, 1025, 169]"
5744,"[1586, 1615, 1041, 1538, 1556]"
5745,"[107, 1757, 1776, 485, 1704]"
5746,"[1025, 169, 1035, 921, 1043]"
5747,"[885, 1029, 1649, 165, 1193]"
5748,"[1026, 1029, 1034, 1025, 159]"
5749,"[1040, 1026, 1193, 1909, 1025]"
5750,"[1924, 97, 96, 1713, 164]"
5751,"[1915, 1435, 1369, 1299, 1343]"
5752,"[220, 212, 138, 1019, 108]"
5753,"[1041, 1040, 937, 159, 620]"
5754,"[1070, 1671, 1071, 1745, 1616]"
5755,"[1029, 1040, 930, 936, 677]"
5756,"[1193, 159, 937, 165, 1924]"
5757,"[1727, 681, 1121, 338, 1133]"
5758,"[1586, 1713, 925, 289, 1705]"
5759,"[1029, 1149, 1649, 1030, 728]"
5760,"[930, 928, 938, 164, 167]"
5761,"[1029, 410, 1202, 362, 361]"
5762,"[1757, 1776, 452, 969, 976]"
5763,"[1935, 927, 437, 1253, 1298]"
5764,"[1046, 1705, 1026, 1048, 1590]"
5765,"[1832, 1030, 1302, 928, 1649]"
5766,"[1260, 1256, 1258, 1298, 1259]"
5767,"[1915, 677, 972, 969, 206]"
5768,"[258, 1026, 885, 175, 1079]"
5769,"[928, 938, 735, 925, 937]"
5770,"[89, 165, 1025, 159, 937]"
5771,"[1029, 164, 175, 921, 938]"
5772,"[1025, 165, 164, 1041, 921]"
5773,"[972, 1651, 914, 1148, 1635]"
5774,"[356, 719, 1028, 1079, 1918]"
5775,"[408, 120, 1731, 1692, 969]"
5776,"[758, 410, 1202, 1148, 885]"
5777,"[823, 1776, 1757, 853, 1302]"
5778,"[1029, 1915, 1049, 1042, 1666]"
5779,"[1935, 1704, 1705, 430, 1258]"
5780,"[1030, 719, 1666, 1649, 369]"
5781,"[719, 885, 1046, 1649, 1906]"
5782,"[1026, 286, 1590, 1915, 1649]"
5783,"[1029, 1086, 1026, 437, 1733]"
5784,"[1915, 408, 317, 1046, 522]"
5785,"[286, 1029, 1014, 1202, 410]"
5786,"[788, 298, 1692, 1788, 1787]"
5787,"[1052, 1055, 885, 719, 823]"
5788,"[1900, 1042, 327, 1917, 1286]"
5789,"[677, 1906, 1649, 1935, 1863]"
5790,"[1526, 1529, 1519, 1527, 719]"
5791,"[1590, 1046, 1026, 1776, 1757]"
5792,"[1018, 197, 1038, 1680, 1918]"
5793,"[1042, 1677, 1673, 125, 1915]"
5794,"[197, 1836, 1873, 1042, 1832]"
5795,"[1073, 361, 1680, 395, 210]"
5796,"[405, 1924, 1044, 1299, 1042]"
5797,"[1915, 96, 97, 1256, 1260]"
5798,"[1915, 136, 1902, 138, 1495]"
5799,"[1915, 1495, 1832, 1825, 419]"
5800,"[332, 409, 1029, 1077, 1746]"
5801,"[583, 1704, 1268, 1787, 554]"
5802,"[197, 1038, 1933, 1076, 359]"
5803,"[51, 847, 1038, 1666, 907]"
5804,"[1193, 1029, 28, 1909, 408]"
5805,"[692, 781, 960, 1733, 164]"
5806,"[1344, 159, 937, 1915, 165]"
5807,"[1046, 80, 1148, 392, 1044]"
5808,"[692, 960, 781, 165, 920]"
5809,"[125, 165, 1202, 410, 89]"
5810,"[1076, 1030, 1916, 1148, 1928]"
5811,"[1915, 1299, 409, 1042, 164]"
5812,"[1133, 138, 108, 1193, 141]"
5813,"[1014, 980, 1590, 1592, 258]"
5814,"[1680, 197, 1018, 1154, 1038]"
5815,"[1055, 1863, 1828, 1833, 1837]"
5816,"[1666, 737, 738, 728, 719]"
5817,"[1918, 1042, 1148, 141, 1061]"
5818,"[1055, 165, 212, 1052, 1592]"
5819,"[1915, 368, 1280, 1066, 1192]"
5820,"[1133, 1137, 89, 139, 212]"
5821,"[1026, 89, 113, 1676, 29]"
5822,"[276, 139, 1016, 1318, 278]"
5823,"[1915, 1249, 926, 265, 408]"
5824,"[1073, 478, 1130, 1077, 1615]"
5825,"[1030, 1017, 165, 1060, 419]"
5826,"[1590, 1014, 1592, 1666, 144]"
5827,"[1030, 1026, 1915, 165, 1676]"
5828,"[464, 89, 1630, 125, 1676]"
5829,"[1705, 1704, 155, 158, 157]"
5830,"[1133, 1899, 1556, 954, 1137]"
5831,"[1154, 1018, 197, 1038, 862]"
5832,"[1680, 197, 1018, 1038, 1154]"
5833,"[165, 885, 159, 937, 1915]"
5834,"[1055, 1590, 1592, 212, 1705]"
5835,"[1135, 138, 1137, 1133, 136]"
5836,"[1148, 924, 371, 1863, 398]"
5837,"[1792, 1029, 1620, 125, 1659]"
5838,"[919, 1025, 159, 937, 926]"
5839,"[1025, 159, 937, 926, 919]"
5840,"[1836, 1873, 1832, 1704, 601]"
5841,"[1906, 1526, 1899, 1528, 1922]"
5842,"[219, 1046, 59, 281, 1814]"
5843,"[1344, 1032, 419, 1906, 1915]"
5844,"[937, 1936, 926, 1025, 1935]"
5845,"[1906, 1528, 1916, 921, 1588]"
5846,"[1936, 926, 1752, 1618, 1704]"
5847,"[1906, 1873, 1836, 1832, 1704]"
5848,"[1649, 1666, 1704, 1705, 1030]"
5849,"[1906, 1043, 1704, 1705, 1935]"
5850,"[1792, 1836, 1873, 1793, 1832]"
5851,"[377, 1249, 1704, 1752, 1705]"
5852,"[1899, 1915, 1906, 1030, 1588]"
5853,"[455, 1904, 1086, 1906, 1936]"
5854,"[1825, 1704, 1705, 1873, 1836]"
5855,"[1915, 1906, 1025, 921, 937]"
5856,"[1906, 1936, 1915, 919, 1766]"
5857,"[1008, 1590, 823, 885, 1936]"
5858,"[1916, 1906, 1676, 369, 1928]"
5859,"[1917, 408, 1906, 455, 351]"
5860,"[1705, 1704, 1618, 1193, 1752]"
5861,"[1915, 1929, 1863, 1704, 1705]"
5862,"[1906, 1592, 1705, 1704, 926]"
5863,"[1936, 1277, 1086, 1733, 1789]"
5864,"[1915, 1861, 98, 1863, 1560]"
5865,"[1916, 410, 1202, 1906, 900]"
5866,"[1086, 1178, 1148, 1082, 369]"
5867,"[1916, 410, 1202, 289, 1899]"
5868,"[1936, 1705, 1249, 926, 1704]"
5869,"[1936, 1935, 1704, 1705, 1752]"
5870,"[1906, 1030, 1916, 1588, 1049]"
5871,"[1906, 1704, 1299, 1528, 1705]"
5872,"[1025, 159, 937, 919, 926]"
5873,"[677, 1046, 1035, 219, 376]"
5874,"[1025, 1753, 1793, 1792, 1790]"
5875,"[1793, 1025, 1753, 1752, 1792]"
5876,"[430, 1906, 1528, 1916, 1935]"
5877,"[1906, 1086, 1936, 1928, 823]"
5878,"[1915, 1936, 919, 1277, 934]"
5879,"[1936, 926, 1899, 1063, 1792]"
5880,"[736, 151, 1649, 732, 1659]"
5881,"[1033, 928, 257, 736, 731]"
5882,"[1114, 1762, 1063, 1629, 1758]"
5883,"[732, 729, 913, 151, 953]"
5884,"[924, 1922, 1897, 972, 331]"
5885,"[1033, 862, 937, 159, 1029]"
5886,"[175, 164, 925, 924, 938]"
5887,"[1786, 1787, 1733, 1790, 1789]"
5888,"[1205, 736, 1607, 734, 727]"
5889,"[1915, 1042, 1338, 1924, 419]"
5890,"[862, 1627, 1025, 164, 165]"
5891,"[442, 1588, 190, 151, 164]"
5892,"[1786, 862, 606, 1603, 1787]"
5893,"[736, 969, 901, 732, 207]"
5894,"[1052, 1046, 149, 1924, 1915]"
5895,"[1788, 618, 1789, 1790, 1915]"
5896,"[165, 1676, 164, 175, 924]"
5897,"[1584, 1649, 736, 1705, 719]"
5898,"[1587, 128, 1788, 1063, 89]"
5899,"[164, 165, 1025, 421, 159]"
5900,"[862, 927, 924, 164, 175]"
5901,"[925, 408, 1050, 1035, 735]"
5902,"[1587, 165, 128, 89, 1788]"
5903,"[349, 709, 924, 1400, 1878]"
5904,"[914, 925, 924, 1035, 164]"
5905,"[567, 919, 174, 165, 931]"
5906,"[145, 190, 149, 914, 152]"
5907,"[924, 1704, 1030, 1039, 164]"
5908,"[1733, 408, 1762, 1063, 1758]"
5909,"[1917, 408, 350, 1902, 441]"
5910,"[1704, 1705, 164, 1914, 1627]"
5911,"[927, 1363, 1226, 1225, 1924]"
5912,"[924, 604, 1248, 351, 977]"
5913,"[1704, 1705, 235, 233, 234]"
5914,"[28, 165, 1627, 1063, 164]"
5915,"[886, 165, 1025, 921, 164]"
5916,"[164, 919, 925, 931, 934]"
5917,"[1316, 732, 969, 729, 736]"
5918,"[1733, 1792, 1788, 541, 216]"
5919,"[1034, 1029, 737, 165, 175]"
5920,"[1587, 927, 1025, 175, 164]"
5921,"[1793, 145, 179, 143, 913]"
5922,"[351, 1018, 1050, 918, 1033]"
5923,"[1704, 278, 1016, 274, 737]"
5924,"[1885, 371, 1617, 1619, 1588]"
5925,"[1902, 1900, 1591, 1042, 901]"
5926,"[1591, 1617, 1042, 1592, 1619]"
5927,"[1915, 1148, 371, 1042, 408]"
5928,"[1907, 28, 1050, 1680, 24]"
5929,"[1753, 1704, 1052, 1705, 539]"
5930,"[1915, 1792, 1786, 1752, 1787]"
5931,"[921, 165, 1042, 1590, 1030]"
5932,"[1915, 1030, 1334, 1042, 1591]"
5933,"[1915, 1042, 928, 938, 165]"
5934,"[28, 24, 618, 125, 1659]"
5935,"[1154, 1026, 165, 1042, 163]"
5936,"[370, 903, 1753, 212, 1636]"
5937,"[1742, 1560, 1561, 216, 1543]"
5938,"[1041, 1704, 317, 1299, 1832]"
5939,"[165, 1591, 1042, 1592, 1030]"
5940,"[835, 1022, 1704, 1705, 1733]"
5941,"[1676, 89, 647, 1619, 29]"
5942,"[419, 1705, 1704, 1915, 1932]"
5943,"[1900, 1915, 1902, 885, 1917]"
5944,"[1915, 1030, 1042, 1193, 216]"
5945,"[1042, 921, 159, 937, 1915]"
5946,"[937, 1193, 1909, 1041, 1704]"
5947,"[1915, 1680, 618, 659, 210]"
5948,"[210, 965, 954, 141, 195]"
5949,"[1041, 1042, 165, 937, 159]"
5950,"[28, 1536, 1705, 1704, 24]"
5951,"[1042, 921, 165, 1591, 1592]"
5952,"[28, 959, 24, 616, 868]"
5953,"[1917, 359, 1054, 1915, 216]"
5954,"[1900, 1902, 1917, 1045, 1042]"
5955,"[1592, 1590, 1915, 1837, 1833]"
5956,"[1591, 1042, 1902, 408, 114]"
5957,"[1029, 212, 1135, 1026, 1606]"
5958,"[1561, 1915, 165, 408, 1733]"
5959,"[1900, 1917, 1042, 1045, 1902]"
5960,"[164, 163, 406, 919, 407]"
5961,"[1602, 1042, 291, 289, 1061]"
5962,"[1836, 1873, 1739, 478, 1832]"
5963,"[1828, 1833, 1837, 1836, 1704]"
5964,"[1915, 692, 1030, 1037, 1049]"
5965,"[887, 1041, 695, 1026, 320]"
5966,"[1915, 921, 164, 938, 306]"
5967,"[1900, 1915, 1916, 1902, 359]"
5968,"[1157, 1014, 1592, 1929, 886]"
5969,"[1049, 1042, 380, 1154, 1030]"
5970,"[430, 1935, 1929, 914, 1148]"
5971,"[150, 1488, 1048, 1205, 270]"
5972,"[1750, 1272, 1202, 410, 455]"
5973,"[550, 1409, 1497, 1929, 480]"
5974,"[1705, 1043, 1704, 796, 1592]"
5975,"[1051, 1043, 1014, 903, 673]"
5976,"[1608, 1607, 1014, 1896, 1894]"
5977,"[1894, 1704, 116, 692, 89]"
5978,"[1705, 543, 1014, 1704, 55]"
5979,"[1924, 1592, 823, 1588, 1249]"
5980,"[1157, 1607, 921, 1896, 1613]"
5981,"[427, 1705, 543, 1014, 1704]"
5982,"[1915, 1043, 1157, 1051, 673]"
5983,"[1072, 1704, 1042, 886, 1705]"
5984,"[1906, 1014, 1607, 1929, 1704]"
5985,"[1704, 1705, 1592, 903, 1723]"
5986,"[1051, 1043, 936, 823, 1620]"
5987,"[261, 267, 266, 239, 238]"
5988,"[1733, 58, 57, 54, 1567]"
5989,"[875, 1795, 1651, 1014, 728]"
5990,"[440, 1014, 1286, 308, 307]"
5991,"[823, 89, 1666, 728, 1073]"
5992,"[1014, 1157, 886, 1613, 1607]"
5993,"[1915, 1043, 1520, 1620, 34]"
5994,"[1073, 1411, 1705, 1704, 1033]"
5995,"[1014, 543, 1705, 692, 1592]"
5996,"[1805, 1882, 230, 1686, 351]"
5997,"[1705, 1704, 1042, 886, 1193]"
5998,"[1490, 1474, 1723, 1014, 1506]"
5999,"[1163, 1164, 643, 1692, 607]"
6000,"[1014, 55, 1929, 1053, 1705]"
6001,"[1915, 1042, 1924, 1592, 1590]"
6002,"[1014, 1723, 480, 55, 1929]"
6003,"[1608, 1517, 1607, 1896, 1157]"
6004,"[1033, 165, 1029, 164, 175]"
6005,"[543, 1511, 1929, 1590, 1705]"
6006,"[1592, 1933, 1918, 1154, 1038]"
6007,"[1704, 55, 256, 1637, 1014]"
6008,"[1043, 257, 692, 1592, 165]"
6009,"[1042, 885, 1607, 175, 1705]"
6010,"[812, 1613, 1014, 1894, 1929]"
6011,"[1929, 89, 1014, 1676, 29]"
6012,"[1815, 919, 925, 938, 167]"
6013,"[261, 267, 266, 239, 238]"
6014,"[1042, 886, 368, 862, 1705]"
6015,"[1792, 442, 1789, 1787, 408]"
6016,"[1055, 1325, 1052, 259, 1699]"
6017,"[965, 862, 886, 1648, 1149]"
6018,"[862, 965, 368, 886, 1055]"
6019,"[1851, 1850, 1844, 1843, 1828]"
6020,"[222, 1047, 1055, 153, 150]"
6021,"[933, 1809, 1053, 1193, 1842]"
6022,"[1825, 1704, 530, 1705, 896]"
6023,"[1053, 1873, 1836, 1850, 1851]"
6024,"[933, 1809, 1704, 1705, 1752]"
6025,"[1737, 274, 208, 1061, 1648]"
6026,"[261, 240, 267, 266, 239]"
6027,"[982, 211, 985, 212, 981]"
6028,"[282, 66, 1738, 1697, 1924]"
6029,"[1042, 937, 159, 175, 165]"
6030,"[1055, 1037, 1677, 1205, 1874]"
6031,"[1055, 1052, 980, 985, 982]"
6032,"[933, 1809, 1705, 1193, 1704]"
6033,"[1153, 1049, 720, 919, 176]"
6034,"[1809, 933, 1495, 1705, 1704]"
6035,"[1055, 980, 259, 211, 1697]"
6036,"[1047, 1867, 1858, 1421, 222]"
6037,"[1055, 1704, 1909, 1705, 885]"
6038,"[1002, 232, 236, 1003, 237]"
6039,"[1055, 1666, 925, 1495, 216]"
6040,"[271, 1205, 1742, 1549, 1551]"
6041,"[1055, 259, 209, 1924, 174]"
6042,"[1055, 1320, 1495, 925, 933]"
6043,"[1816, 1817, 1863, 1812, 1811]"
6044,"[1810, 1816, 1817, 1818, 1820]"
6045,"[916, 145, 988, 964, 143]"
6046,"[261, 1617, 267, 266, 239]"
6047,"[261, 1617, 1815, 938, 925]"
6048,"[933, 1809, 930, 1849, 1842]"
6049,"[1049, 1065, 1699, 213, 982]"
6050,"[1055, 259, 1049, 211, 982]"
6051,"[259, 224, 1153, 1317, 408]"
6052,"[1053, 661, 408, 1873, 1836]"
6053,"[452, 1300, 403, 647, 1704]"
6054,"[677, 368, 886, 1042, 165]"
6055,"[1917, 1900, 408, 1832, 1604]"
6056,"[1027, 1029, 165, 164, 921]"
6057,"[1742, 599, 593, 597, 595]"
6058,"[916, 990, 728, 976, 206]"
6059,"[372, 403, 765, 1202, 410]"
6060,"[990, 1560, 147, 1769, 1046]"
6061,"[1046, 1026, 1590, 969, 976]"
6062,"[1026, 1072, 79, 1659, 1832]"
6063,"[1863, 1023, 398, 90, 1290]"
6064,"[1915, 1935, 1916, 1528, 1560]"
6065,"[1828, 1833, 1837, 1863, 1935]"
6066,"[885, 1026, 1705, 1704, 1752]"
6067,"[1037, 1041, 1027, 1752, 1923]"
6068,"[163, 1915, 1048, 1042, 677]"
6069,"[163, 1048, 677, 1042, 1924]"
6070,"[885, 159, 937, 1193, 921]"
6071,"[719, 1026, 724, 212, 1746]"
6072,"[1863, 1861, 1023, 1003, 236]"
6073,"[1256, 371, 938, 1935, 1260]"
6074,"[921, 1046, 1042, 938, 1026]"
6075,"[1915, 1929, 1863, 1935, 1828]"
6076,"[1029, 1202, 410, 1026, 1046]"
6077,"[1915, 496, 1705, 1704, 1752]"
6078,"[637, 653, 656, 657, 666]"
6079,"[1046, 1026, 1590, 969, 976]"
6080,"[1042, 1030, 89, 1705, 1649]"
6081,"[1053, 938, 921, 159, 937]"
6082,"[1023, 398, 1290, 1861, 1863]"
6083,"[1915, 1027, 164, 163, 1030]"
6084,"[1511, 1924, 1026, 925, 1756]"
6085,"[911, 1873, 1836, 1704, 1705]"
6086,"[1915, 1026, 1029, 1906, 1128]"
6087,"[1053, 938, 921, 159, 937]"
6088,"[1306, 1924, 673, 1073, 1713]"
6089,"[1304, 1825, 1760, 1761, 258]"
6090,"[1704, 1760, 1761, 1705, 1884]"
6091,"[1742, 1705, 1704, 1489, 1564]"
6092,"[1523, 1019, 1556, 1705, 1528]"
6093,"[350, 275, 273, 272, 277]"
6094,"[1704, 164, 1133, 673, 1760]"
6095,"[1926, 1273, 1705, 1274, 1931]"
6096,"[1157, 692, 1704, 1705, 1274]"
6097,"[1833, 1837, 1828, 1822, 1821]"
6098,"[1937, 1705, 1924, 1553, 478]"
6099,"[1705, 1704, 1442, 1607, 1591]"
6100,"[1273, 783, 1249, 1926, 1704]"
6101,"[1704, 1900, 1760, 1761, 1917]"
6102,"[1924, 116, 478, 1677, 89]"
6103,"[440, 116, 680, 692, 1112]"
6104,"[116, 125, 1677, 890, 455]"
6105,"[368, 98, 97, 96, 1924]"
6106,"[1556, 333, 1705, 1929, 1825]"
6107,"[1902, 1900, 320, 1676, 890]"
6108,"[113, 455, 848, 125, 673]"
6109,"[1821, 1822, 1833, 1837, 1851]"
6110,"[332, 454, 164, 165, 692]"
6111,"[1772, 1304, 1302, 885, 777]"
6112,"[1576, 1721, 1304, 1760, 258]"
6113,"[1704, 409, 1760, 1172, 1761]"
6114,"[274, 275, 273, 279, 277]"
6115,"[692, 887, 1760, 1705, 1704]"
6116,"[478, 1924, 1792, 1697, 455]"
6117,"[842, 1705, 1192, 1808, 1704]"
6118,"[1704, 706, 1705, 711, 1272]"
6119,"[383, 371, 807, 1147, 1604]"
6120,"[1772, 1210, 1403, 1924, 782]"
6121,"[1896, 1607, 1586, 441, 310]"
6122,"[60, 1704, 1915, 125, 1073]"
6123,"[280, 279, 274, 114, 275]"
6124,"[443, 437, 379, 1721, 351]"
6125,"[1761, 1760, 1704, 1884, 1705]"
6126,"[1607, 1599, 1904, 401, 1587]"
6127,"[1133, 324, 321, 320, 1128]"
6128,"[258, 1064, 1705, 1011, 1133]"
6129,"[1187, 717, 1695, 1721, 603]"
6130,"[116, 368, 1704, 414, 114]"
6131,"[1697, 1618, 862, 1825, 1924]"
6132,"[281, 1704, 458, 1760, 277]"
6133,"[1551, 1547, 1549, 1742, 1541]"
6134,"[1122, 1924, 7, 1705, 332]"
6135,"[1902, 1180, 1552, 325, 1926]"
6136,"[1760, 1761, 1543, 1296, 1043]"
6137,"[1134, 1705, 1163, 1121, 1192]"
6138,"[665, 654, 793, 102, 658]"
6139,"[441, 927, 1915, 1863, 1935]"
6140,"[1022, 477, 629, 665, 749]"
6141,"[1915, 405, 402, 1196, 1369]"
6142,"[1902, 1900, 1917, 408, 1588]"
6143,"[137, 154, 138, 1246, 18]"
6144,"[164, 1628, 409, 1176, 276]"
6145,"[1815, 1841, 1839, 1838, 1840]"
6146,"[1902, 1615, 1552, 1617, 1655]"
6147,"[46, 1705, 681, 954, 887]"
6148,"[1863, 1906, 1935, 927, 1528]"
6149,"[601, 1704, 644, 1194, 46]"
6150,"[279, 274, 281, 277, 280]"
6151,"[665, 1320, 126, 96, 420]"
6152,"[1772, 1863, 1935, 927, 1828]"
6153,"[171, 665, 131, 1155, 382]"
6154,"[1902, 1915, 1552, 922, 1543]"
6155,"[46, 1662, 1915, 1908, 216]"
6156,"[1935, 1041, 1863, 1260, 1676]"
6157,"[665, 171, 281, 1155, 1615]"
6158,"[616, 280, 656, 710, 1752]"
6159,"[1902, 1552, 1915, 878, 1763]"
6160,"[1524, 1559, 1556, 1525, 1041]"
6161,"[665, 102, 409, 749, 171]"
6162,"[335, 1068, 1275, 1934, 1128]"
6163,"[677, 376, 1023, 1861, 398]"
6164,"[96, 97, 1598, 927, 1935]"
6165,"[164, 98, 96, 97, 102]"
6166,"[1915, 1155, 1699, 1137, 1705]"
6167,"[1163, 1727, 277, 1626, 454]"
6168,"[1163, 89, 114, 1705, 1192]"
6169,"[1837, 1833, 1828, 1771, 1863]"
6170,"[1201, 1701, 667, 749, 1320]"
6171,"[1863, 1935, 430, 1936, 927]"
6172,"[1036, 97, 96, 1915, 1924]"
6173,"[1902, 409, 1552, 1201, 164]"
6174,"[1201, 409, 1700, 97, 96]"
6175,"[1762, 922, 1761, 1705, 681]"
6176,"[313, 863, 865, 1747, 1923]"
6177,"[863, 1747, 865, 314, 118]"
6178,"[1923, 118, 314, 313, 863]"
6179,"[314, 1119, 427, 1115, 118]"
6180,"[1299, 171, 265, 863, 1747]"
6181,"[865, 863, 1747, 314, 313]"
6182,"[314, 1923, 1747, 1742, 863]"
6183,"[314, 1704, 1705, 527, 865]"
6184,"[314, 313, 118, 865, 1747]"
6185,"[863, 1747, 313, 865, 1923]"
6186,"[1662, 863, 865, 1900, 1747]"
6187,"[863, 865, 1747, 1923, 1249]"
6188,"[863, 865, 1747, 1923, 118]"
6189,"[863, 1923, 865, 1747, 118]"
6190,"[314, 118, 1747, 865, 863]"
6191,"[692, 1747, 863, 865, 1915]"
6192,"[1027, 447, 361, 1273, 1147]"
6193,"[1915, 528, 333, 1507, 1434]"
6194,"[1747, 863, 865, 1923, 118]"
6195,"[1932, 466, 190, 1116, 364]"
6196,"[863, 865, 1747, 314, 1923]"
6197,"[863, 1747, 865, 118, 59]"
6198,"[1117, 1116, 314, 1923, 863]"
6199,"[1747, 863, 865, 1598, 1608]"
6200,"[1747, 865, 863, 1655, 339]"
6201,"[314, 1923, 863, 865, 1747]"
6202,"[1747, 863, 865, 118, 1065]"
6203,"[1923, 313, 314, 866, 1674]"
6204,"[1863, 1922, 1897, 1828, 1833]"
6205,"[1713, 1722, 686, 688, 1544]"
6206,"[1923, 314, 863, 1747, 865]"
6207,"[314, 863, 865, 1747, 819]"
6208,"[863, 313, 865, 1747, 314]"
6209,"[655, 1900, 367, 265, 1224]"
6210,"[447, 1273, 171, 1193, 361]"
6211,"[904, 865, 863, 118, 1747]"
6212,"[265, 341, 1073, 374, 1906]"
6213,"[863, 314, 1747, 865, 313]"
6214,"[314, 1913, 1912, 903, 650]"
6215,"[59, 1747, 863, 865, 118]"
6216,"[314, 863, 1747, 865, 1923]"
6217,"[863, 1598, 865, 1747, 1608]"
6218,"[314, 1923, 863, 865, 1747]"
6219,"[528, 1507, 1924, 1434, 1695]"
6220,"[455, 926, 125, 862, 1636]"
6221,"[1192, 1604, 1567, 372, 1875]"
6222,"[455, 1567, 1786, 1733, 1899]"
6223,"[455, 454, 1705, 1192, 1567]"
6224,"[1758, 1762, 1705, 454, 1712]"
6225,"[455, 1636, 926, 1567, 1611]"
6226,"[1157, 455, 778, 454, 1177]"
6227,"[1880, 1704, 1705, 1567, 16]"
6228,"[276, 1637, 829, 1929, 837]"
6229,"[1705, 1704, 1758, 1760, 1762]"
6230,"[455, 454, 1899, 1617, 16]"
6231,"[455, 1618, 1897, 125, 1636]"
6232,"[688, 1722, 1915, 16, 1704]"
6233,"[1726, 390, 455, 692, 321]"
6234,"[455, 1567, 1704, 372, 926]"
6235,"[1617, 1655, 926, 1705, 900]"
6236,"[454, 1191, 1567, 390, 1899]"
6237,"[1617, 926, 455, 1705, 1704]"
6238,"[1899, 496, 1704, 455, 1922]"
6239,"[1884, 1899, 1922, 1897, 900]"
6240,"[1617, 926, 919, 1704, 159]"
6241,"[455, 1617, 1567, 1704, 1705]"
6242,"[1929, 455, 1636, 535, 1617]"
6243,"[1704, 1726, 1705, 1611, 1880]"
6244,"[926, 1277, 825, 16, 1567]"
6245,"[1705, 1760, 1761, 1704, 1758]"
6246,"[455, 1929, 1899, 535, 1636]"
6247,"[390, 1704, 455, 1761, 454]"
6248,"[1922, 1897, 1726, 1191, 926]"
6249,"[1915, 1705, 1760, 114, 455]"
6250,"[455, 1929, 535, 1704, 454]"
6251,"[1157, 1907, 455, 692, 462]"
6252,"[1192, 1863, 828, 1567, 927]"
6253,"[1704, 1705, 1924, 16, 114]"
6254,"[1880, 1705, 1704, 1192, 1611]"
6255,"[455, 1760, 1761, 926, 1704]"
6256,"[1795, 1705, 1704, 1906, 1904]"
6257,"[1929, 1922, 1897, 455, 535]"
6258,"[507, 1567, 1880, 114, 16]"
6259,"[1704, 1705, 1899, 718, 1896]"
6260,"[455, 1617, 292, 1722, 1897]"
6261,"[1899, 1526, 1924, 114, 1907]"
6262,"[114, 1567, 16, 1318, 1928]"
6263,"[507, 1899, 1636, 1705, 1929]"
6264,"[1188, 1671, 1613, 368, 372]"
6265,"[1896, 1607, 1157, 1613, 1608]"
6266,"[372, 762, 368, 1905, 1607]"
6267,"[1636, 116, 89, 29, 1676]"
6268,"[1301, 1924, 125, 89, 1558]"
6269,"[1067, 1907, 1526, 1896, 1899]"
6270,"[1192, 1567, 114, 1705, 1826]"
6271,"[368, 1067, 221, 108, 925]"
6272,"[1567, 135, 1704, 1705, 1202]"
6273,"[361, 447, 1098, 1273, 1579]"
6274,"[1705, 1704, 1899, 1191, 1598]"
6275,"[1705, 1063, 1613, 1733, 1704]"
6276,"[1705, 1704, 1769, 1768, 1760]"
6277,"[1068, 372, 125, 410, 1202]"
6278,"[1192, 1202, 410, 1567, 1604]"
6279,"[1570, 1557, 108, 1721, 1802]"
6280,"[1607, 1896, 1157, 1608, 1517]"
6281,"[1157, 368, 1113, 372, 1896]"
6282,"[368, 1896, 372, 1613, 1704]"
6283,"[1905, 1627, 1907, 1616, 1527]"
6284,"[455, 1896, 1567, 1705, 1618]"
6285,"[1015, 1705, 135, 1704, 1802]"
6286,"[368, 372, 683, 1567, 1704]"
6287,"[1338, 1191, 491, 485, 250]"
6288,"[1072, 372, 1721, 1157, 1760]"
6289,"[368, 1042, 886, 1915, 1705]"
6290,"[921, 410, 1202, 455, 1676]"
6291,"[1721, 114, 1567, 1705, 510]"
6292,"[1704, 1705, 1875, 511, 1511]"
6293,"[599, 593, 597, 595, 590]"
6294,"[259, 224, 1567, 441, 918]"
6295,"[1915, 1192, 1896, 1567, 1899]"
6296,"[1704, 1612, 1705, 164, 1607]"
6297,"[1072, 1063, 368, 1721, 108]"
6298,"[1063, 1904, 1896, 1613, 1704]"
6299,"[1704, 1705, 1659, 1777, 1765]"
6300,"[677, 1567, 1880, 1578, 1580]"
6301,"[372, 368, 455, 762, 1192]"
6302,"[368, 455, 1704, 1607, 1628]"
6303,"[511, 1705, 1704, 1809, 1835]"
6304,"[1896, 372, 1704, 1607, 1188]"
6305,"[1157, 1896, 1025, 1071, 921]"
6306,"[1896, 1157, 1704, 1192, 1607]"
6307,"[1704, 372, 1607, 1705, 1808]"
6308,"[1704, 700, 1705, 1773, 1405]"
6309,"[1022, 349, 1155, 374, 1157]"
6310,"[1615, 1586, 1011, 1903, 734]"
6311,"[1021, 89, 29, 1627, 409]"
6312,"[1704, 1705, 257, 1348, 1733]"
6313,"[1019, 216, 306, 667, 1088]"
6314,"[862, 120, 840, 812, 7]"
6315,"[1704, 1705, 223, 1875, 977]"
6316,"[269, 285, 69, 1876, 1932]"
6317,"[374, 1733, 1788, 320, 165]"
6318,"[1906, 1586, 614, 455, 1070]"
6319,"[1077, 1411, 1437, 1524, 1559]"
6320,"[349, 631, 1059, 1600, 374]"
6321,"[1155, 374, 1059, 1161, 1884]"
6322,"[320, 976, 206, 970, 974]"
6323,"[1587, 1191, 547, 1193, 1025]"
6324,"[285, 269, 706, 1442, 1932]"
6325,"[1023, 1121, 1704, 454, 1705]"
6326,"[1702, 1705, 1704, 310, 1155]"
6327,"[272, 1878, 1707, 999, 190]"
6328,"[547, 878, 1191, 1853, 306]"
6329,"[269, 285, 1932, 1876, 892]"
6330,"[269, 969, 971, 970, 973]"
6331,"[306, 358, 1788, 1268, 1787]"
6332,"[1155, 433, 842, 1627, 321]"
6333,"[349, 1161, 1155, 374, 631]"
6334,"[969, 269, 971, 207, 276]"
6335,"[1828, 1833, 1837, 430, 1863]"
6336,"[28, 614, 1037, 868, 24]"
6337,"[29, 28, 1063, 125, 1676]"
6338,"[1697, 1696, 1156, 1618, 1248]"
6339,"[969, 443, 322, 968, 209]"
6340,"[269, 285, 1876, 69, 1932]"
6341,"[1915, 223, 406, 1704, 216]"
6342,"[1900, 443, 1543, 1638, 1615]"
6343,"[815, 1884, 640, 1573, 1588]"
6344,"[1586, 1081, 840, 1615, 306]"
6345,"[269, 285, 69, 1876, 1932]"
6346,"[1155, 1022, 1249, 1121, 1059]"
6347,"[1197, 1792, 361, 1788, 1297]"
6348,"[1135, 1787, 1786, 862, 1603]"
6349,"[1613, 969, 276, 207, 206]"
6350,"[1099, 1102, 1081, 1734, 1020]"
6351,"[1001, 216, 618, 1917, 441]"
6352,"[1116, 1157, 96, 1150, 418]"
6353,"[1917, 1607, 1894, 1544, 1914]"
6354,"[890, 112, 116, 59, 216]"
6355,"[1915, 478, 1752, 1257, 411]"
6356,"[1299, 1019, 309, 1088, 599]"
6357,"[116, 1875, 1924, 1704, 1705]"
6358,"[1219, 409, 1383, 1762, 102]"
6359,"[409, 102, 937, 159, 1529]"
6360,"[1704, 1030, 1705, 1531, 1257]"
6361,"[1906, 1528, 110, 1705, 1704]"
6362,"[1872, 1835, 1255, 1474, 1506]"
6363,"[1915, 1899, 677, 478, 1922]"
6364,"[1249, 452, 1300, 1301, 403]"
6365,"[1905, 1704, 1762, 1063, 1613]"
6366,"[1612, 677, 216, 1762, 1574]"
6367,"[1917, 1704, 1637, 1705, 324]"
6368,"[165, 425, 868, 164, 937]"
6369,"[1899, 106, 1389, 583, 507]"
6370,"[1900, 1915, 1902, 596, 598]"
6371,"[102, 97, 96, 106, 1529]"
6372,"[575, 596, 598, 574, 600]"
6373,"[1915, 890, 868, 1907, 164]"
6374,"[1160, 1155, 1900, 1646, 116]"
6375,"[1302, 1327, 1225, 1324, 1281]"
6376,"[1902, 1620, 1704, 1752, 1074]"
6377,"[1762, 1758, 1705, 1704, 1063]"
6378,"[1762, 1758, 1705, 1704, 1914]"
6379,"[478, 1030, 1775, 1705, 1704]"
6380,"[320, 1113, 1636, 419, 1903]"
6381,"[1900, 788, 1789, 1787, 1498]"
6382,"[1900, 1915, 1902, 1543, 1704]"
6383,"[1902, 1900, 1137, 1704, 1775]"
6384,"[1762, 1922, 1897, 1758, 1192]"
6385,"[1704, 1137, 1705, 505, 1873]"
6386,"[1705, 1324, 1704, 1225, 483]"
6387,"[1721, 454, 478, 1030, 1068]"
6388,"[1705, 1775, 1599, 1704, 478]"
6389,"[1705, 114, 530, 890, 1704]"
6390,"[1888, 901, 1258, 1253, 1704]"
6391,"[515, 95, 1302, 1705, 1704]"
6392,"[409, 102, 937, 159, 1529]"
6393,"[1574, 1704, 1914, 1758, 1762]"
6394,"[530, 1704, 1705, 1599, 114]"
6395,"[1148, 1705, 868, 1704, 1662]"
6396,"[1279, 1704, 1705, 1746, 1750]"
6397,"[1272, 1690, 1279, 504, 1236]"
6398,"[1394, 1417, 1690, 94, 1781]"
6399,"[1279, 759, 1066, 1603, 1534]"
6400,"[1936, 1279, 1807, 1295, 1086]"
6401,"[1936, 294, 1807, 89, 1277]"
6402,"[1704, 677, 376, 688, 1705]"
6403,"[1787, 1279, 164, 1603, 1786]"
6404,"[1915, 1704, 1659, 1302, 1705]"
6405,"[486, 823, 257, 352, 641]"
6406,"[1690, 1279, 396, 437, 1285]"
6407,"[1677, 1704, 1705, 521, 1474]"
6408,"[1814, 1813, 1817, 1816, 1815]"
6409,"[1279, 1118, 216, 1055, 1495]"
6410,"[1178, 1271, 1637, 1928, 1091]"
6411,"[1279, 346, 1080, 386, 1086]"
6412,"[1279, 921, 1080, 431, 164]"
6413,"[1928, 1178, 1924, 1733, 1916]"
6414,"[1104, 1819, 1816, 1817, 1820]"
6415,"[1705, 1704, 1096, 1777, 1765]"
6416,"[1863, 42, 1368, 402, 1358]"
6417,"[1915, 1067, 1746, 1807, 1277]"
6418,"[1807, 676, 690, 686, 1544]"
6419,"[1279, 1088, 1106, 1104, 1278]"
6420,"[1522, 1705, 1807, 1937, 1924]"
6421,"[1104, 363, 441, 732, 1807]"
6422,"[1705, 1704, 1677, 1474, 521]"
6423,"[128, 677, 1279, 402, 903]"
6424,"[1277, 1279, 1936, 116, 1884]"
6425,"[208, 1704, 1705, 969, 516]"
6426,"[440, 1273, 1274, 435, 1926]"
6427,"[446, 1807, 128, 1522, 1277]"
6428,"[359, 432, 997, 1672, 55]"
6429,"[1786, 1279, 862, 1603, 606]"
6430,"[10, 1750, 36, 9, 729]"
6431,"[1807, 432, 1873, 1836, 1906]"
6432,"[1279, 1750, 1908, 73, 52]"
6433,"[73, 8, 3, 6, 2]"
6434,"[1285, 293, 1279, 437, 1690]"
6435,"[1279, 1025, 1125, 159, 937]"
6436,"[1936, 1935, 1807, 1302, 1705]"
6437,"[1279, 1082, 1936, 1086, 1659]"
6438,"[862, 1603, 1279, 606, 1915]"
6439,"[1178, 1086, 1928, 1179, 1204]"
6440,"[440, 1599, 1607, 1903, 29]"
6441,"[1863, 1935, 927, 1906, 1837]"
6442,"[1249, 1792, 1733, 1318, 475]"
6443,"[1155, 1704, 1, 1179, 1199]"
6444,"[807, 440, 478, 379, 1924]"
6445,"[1121, 29, 89, 1599, 1676]"
6446,"[1062, 692, 1599, 1123, 454]"
6447,"[359, 116, 24, 443, 164]"
6448,"[8, 73, 1742, 936, 282]"
6449,"[1313, 677, 98, 46, 1541]"
6450,"[1545, 423, 868, 1244, 98]"
6451,"[1894, 1196, 1313, 492, 1608]"
6452,"[1599, 335, 46, 1746, 1639]"
6453,"[1704, 530, 1705, 896, 1643]"
6454,"[734, 726, 1650, 727, 1196]"
6455,"[1894, 1196, 1607, 1113, 1313]"
6456,"[1041, 1748, 1538, 1529, 1559]"
6457,"[1196, 1522, 1262, 1615, 1549]"
6458,"[125, 1900, 128, 739, 1825]"
6459,"[1650, 726, 727, 734, 1196]"
6460,"[408, 1638, 1915, 868, 624]"
6461,"[1557, 1549, 1262, 1522, 1196]"
6462,"[734, 1196, 1894, 727, 726]"
6463,"[1052, 1269, 241, 656, 1]"
6464,"[1052, 309, 1916, 1484, 1076]"
6465,"[966, 443, 914, 952, 1733]"
6466,"[1196, 1894, 1313, 1608, 492]"
6467,"[102, 409, 1639, 159, 937]"
6468,"[1309, 459, 781, 1549, 1617]"
6469,"[1646, 1615, 1586, 379, 1088]"
6470,"[1252, 1543, 1544, 417, 1561]"
6471,"[1196, 1522, 1262, 1615, 1549]"
6472,"[1100, 307, 1704, 308, 1608]"
6473,"[1196, 1522, 1549, 1262, 98]"
6474,"[1196, 1894, 1313, 1608, 492]"
6475,"[1313, 1894, 632, 1269, 417]"
6476,"[1302, 1480, 1522, 1704, 1343]"
6477,"[594, 1334, 1855, 1086, 160]"
6478,"[1113, 1192, 1121, 1599, 29]"
6479,"[4, 1313, 793, 163, 1746]"
6480,"[515, 1245, 464, 518, 525]"
6481,"[69, 1608, 1752, 901, 1269]"
6482,"[1894, 1313, 1151, 1608, 492]"
6483,"[320, 464, 302, 1753, 90]"
6484,"[430, 927, 1936, 290, 441]"
6485,"[1008, 276, 430, 933, 1676]"
6486,"[1895, 1863, 1935, 927, 430]"
6487,"[865, 1733, 1747, 863, 1923]"
6488,"[1772, 1735, 1070, 1733, 1704]"
6489,"[1188, 1187, 1114, 683, 492]"
6490,"[1895, 1704, 89, 1705, 1089]"
6491,"[865, 1895, 863, 1747, 927]"
6492,"[441, 1897, 1922, 1731, 801]"
6493,"[1934, 341, 1600, 335, 1924]"
6494,"[47, 1650, 727, 726, 734]"
6495,"[1015, 1785, 1759, 1287, 1764]"
6496,"[1287, 1216, 110, 1062, 1705]"
6497,"[505, 1905, 216, 430, 1627]"
6498,"[927, 1915, 1935, 493, 1863]"
6499,"[11, 216, 647, 1681, 978]"
6500,"[726, 727, 1650, 734, 808]"
6501,"[1764, 1759, 1795, 1781, 1776]"
6502,"[1277, 955, 1705, 1760, 1759]"
6503,"[949, 1704, 1705, 705, 1733]"
6504,"[1705, 1704, 1771, 1777, 1765]"
6505,"[116, 1915, 1916, 468, 1907]"
6506,"[1772, 430, 441, 1256, 927]"
6507,"[29, 89, 1789, 48, 1659]"
6508,"[1863, 1895, 1935, 927, 430]"
6509,"[400, 133, 862, 1704, 1]"
6510,"[441, 884, 1675, 1141, 29]"
6511,"[107, 1756, 1704, 1705, 884]"
6512,"[594, 542, 1863, 1935, 430]"
6513,"[1737, 1699, 1733, 276, 1696]"
6514,"[1727, 615, 385, 1636, 1907]"
6515,"[1863, 1935, 1895, 927, 430]"
6516,"[381, 1704, 1921, 1705, 259]"
6517,"[1704, 1705, 1065, 1733, 257]"
6518,"[82, 1863, 927, 107, 1570]"
6519,"[1733, 739, 1705, 1737, 1739]"
6520,"[1062, 73, 1114, 1917, 263]"
6521,"[447, 1273, 361, 1705, 1704]"
6522,"[527, 1440, 1213, 1567, 523]"
6523,"[1185, 808, 1731, 1732, 809]"
6524,"[1287, 1015, 746, 1877, 1570]"
6525,"[631, 624, 460, 1070, 288]"
6526,"[1772, 594, 927, 1863, 430]"
6527,"[1895, 828, 996, 758, 765]"
6528,"[478, 1924, 1704, 1761, 1705]"
6529,"[1296, 1900, 1281, 1680, 1924]"
6530,"[1434, 478, 1924, 1704, 1705]"
6531,"[1733, 114, 1705, 1567, 455]"
6532,"[116, 1035, 1246, 1924, 1884]"
6533,"[1915, 1066, 361, 1038, 1832]"
6534,"[478, 163, 1924, 807, 411]"
6535,"[1924, 478, 125, 1549, 163]"
6536,"[807, 1792, 1704, 114, 478]"
6537,"[921, 455, 1884, 919, 163]"
6538,"[1884, 1910, 786, 395, 462]"
6539,"[1915, 125, 1733, 412, 1788]"
6540,"[116, 16, 1306, 1884, 455]"
6541,"[1922, 1897, 114, 1884, 462]"
6542,"[478, 1704, 1924, 1705, 1197]"
6543,"[1915, 478, 1246, 97, 96]"
6544,"[1915, 478, 1704, 677, 1924]"
6545,"[807, 1246, 1762, 361, 1137]"
6546,"[323, 388, 360, 1306, 1884]"
6547,"[1915, 478, 1924, 1902, 1884]"
6548,"[1884, 159, 937, 1025, 919]"
6549,"[1924, 1704, 1705, 1884, 565]"
6550,"[807, 114, 116, 125, 478]"
6551,"[1924, 1915, 1457, 1884, 1705]"
6552,"[1761, 1704, 1924, 1552, 1705]"
6553,"[1924, 478, 1705, 1704, 1025]"
6554,"[361, 377, 1760, 1884, 1762]"
6555,"[1915, 368, 1710, 1704, 369]"
6556,"[116, 1924, 478, 919, 1884]"
6557,"[478, 1924, 1662, 1922, 1897]"
6558,"[1915, 116, 125, 618, 1792]"
6559,"[1246, 1558, 1552, 1066, 1878]"
6560,"[1884, 259, 48, 1724, 1924]"
6561,"[1884, 786, 1924, 789, 1910]"
6562,"[1900, 1902, 1917, 1552, 114]"
6563,"[478, 1924, 922, 921, 163]"
6564,"[478, 1704, 1705, 1063, 1924]"
6565,"[478, 1924, 1705, 1704, 159]"
6566,"[1924, 478, 116, 125, 1884]"
6567,"[478, 1924, 1705, 1704, 618]"
6568,"[361, 1915, 1762, 1758, 1924]"
6569,"[921, 919, 1884, 1705, 1704]"
6570,"[1704, 114, 1705, 1567, 1924]"
6571,"[98, 102, 478, 1924, 1197]"
6572,"[361, 807, 96, 97, 1760]"
6573,"[478, 1924, 1705, 159, 937]"
6574,"[1772, 1434, 190, 1932, 1192]"
6575,"[1760, 1762, 361, 446, 1038]"
6576,"[1776, 1757, 1785, 1658, 446]"
6577,"[1773, 1705, 478, 1704, 1197]"
6578,"[1704, 1705, 383, 1187, 1164]"
6579,"[478, 1704, 1760, 1762, 1758]"
6580,"[1607, 1896, 441, 138, 257]"
6581,"[18, 445, 809, 114, 1434]"
6582,"[921, 1784, 411, 1922, 1897]"
6583,"[1704, 1884, 691, 1924, 163]"
6584,"[1915, 1788, 1704, 1705, 1733]"
6585,"[1704, 1884, 1705, 1924, 786]"
6586,"[116, 1704, 1705, 455, 89]"
6587,"[1704, 1705, 1581, 1610, 1605]"
6588,"[1705, 212, 1773, 126, 136]"
6589,"[114, 1705, 1773, 1704, 1321]"
6590,"[1915, 1704, 1705, 1011, 1924]"
6591,"[1063, 1434, 691, 1544, 1562]"
6592,"[361, 1762, 1760, 1915, 216]"
6593,"[784, 292, 1617, 1555, 1550]"
6594,"[409, 102, 98, 1884, 1627]"
6595,"[1915, 934, 164, 938, 931]"
6596,"[1762, 1617, 292, 1704, 1705]"
6597,"[926, 1202, 1704, 410, 1705]"
6598,"[1777, 1765, 1704, 1705, 1299]"
6599,"[1705, 1704, 1809, 778, 1832]"
6600,"[292, 116, 114, 926, 125]"
6601,"[324, 1159, 361, 900, 1705]"
6602,"[329, 371, 914, 1148, 1769]"
6603,"[1762, 1655, 1758, 292, 1760]"
6604,"[1928, 1906, 1528, 937, 159]"
6605,"[937, 1635, 915, 164, 165]"
6606,"[98, 96, 97, 89, 1249]"
6607,"[937, 1762, 1617, 1915, 292]"
6608,"[885, 1104, 289, 1704, 1705]"
6609,"[926, 1704, 1705, 1618, 1636]"
6610,"[1915, 926, 1705, 1626, 1936]"
6611,"[926, 289, 885, 823, 1906]"
6612,"[1705, 1704, 282, 1825, 1836]"
6613,"[1915, 1705, 1762, 1758, 1176]"
6614,"[1915, 1704, 1705, 511, 1302]"
6615,"[292, 1762, 1758, 762, 1760]"
6616,"[926, 1705, 1618, 1704, 1617]"
6617,"[1928, 289, 1705, 438, 1906]"
6618,"[937, 159, 1025, 926, 919]"
6619,"[408, 1915, 455, 618, 114]"
6620,"[1902, 1704, 1705, 162, 919]"
6621,"[868, 1748, 1071, 408, 1080]"
6622,"[926, 885, 289, 1704, 1705]"
6623,"[1555, 926, 938, 925, 1034]"
6624,"[1618, 1617, 1825, 175, 926]"
6625,"[1902, 1704, 1705, 162, 919]"
6626,"[1915, 925, 935, 1927, 175]"
6627,"[1915, 359, 1043, 937, 164]"
6628,"[1915, 1618, 1917, 408, 925]"
6629,"[1915, 1618, 165, 937, 159]"
6630,"[1677, 760, 165, 1550, 926]"
6631,"[1618, 1627, 926, 175, 1299]"
6632,"[1915, 409, 926, 924, 1906]"
6633,"[1550, 159, 937, 926, 1742]"
6634,"[1618, 926, 1704, 1705, 1904]"
6635,"[1618, 1704, 1705, 162, 919]"
6636,"[825, 1567, 1549, 1001, 1551]"
6637,"[356, 212, 862, 979, 982]"
6638,"[1001, 842, 739, 383, 1163]"
6639,"[7, 412, 1697, 825, 1001]"
6640,"[443, 825, 1549, 1001, 1551]"
6641,"[385, 1167, 1182, 556, 825]"
6642,"[1113, 16, 455, 1762, 368]"
6643,"[825, 1326, 1001, 1292, 1549]"
6644,"[408, 455, 125, 412, 1924]"
6645,"[120, 1924, 1634, 1792, 1733]"
6646,"[1922, 1897, 1924, 1184, 89]"
6647,"[120, 1634, 218, 65, 217]"
6648,"[1832, 1590, 197, 1052, 1302]"
6649,"[811, 1066, 1915, 1807, 289]"
6650,"[1643, 1355, 460, 1309, 311]"
6651,"[1917, 1915, 1902, 1526, 128]"
6652,"[1561, 1915, 677, 441, 376]"
6653,"[1902, 102, 98, 97, 96]"
6654,"[1636, 455, 1899, 1567, 1884]"
6655,"[1904, 1905, 43, 1627, 1587]"
6656,"[925, 1902, 983, 46, 1700]"
6657,"[106, 1705, 1904, 1704, 1567]"
6658,"[1647, 785, 1197, 1727, 1297]"
6659,"[762, 765, 372, 403, 1202]"
6660,"[1929, 276, 1592, 1636, 926]"
6661,"[1705, 1704, 1193, 1752, 1924]"
6662,"[1300, 452, 403, 1301, 1704]"
6663,"[289, 1705, 1704, 1904, 1769]"
6664,"[113, 1627, 1905, 1907, 1526]"
6665,"[138, 108, 1915, 216, 212]"
6666,"[1704, 1705, 933, 1768, 1618]"
6667,"[441, 1828, 1833, 1837, 1863]"
6668,"[1042, 1045, 1915, 380, 108]"
6669,"[98, 102, 97, 96, 1313]"
6670,"[265, 1704, 1705, 1104, 1296]"
6671,"[716, 849, 1781, 1782, 1798]"
6672,"[1627, 165, 927, 1598, 175]"
6673,"[1721, 361, 1570, 1705, 1704]"
6674,"[1747, 863, 865, 314, 59]"
6675,"[1915, 1828, 1833, 1837, 927]"
6676,"[1705, 1704, 1904, 1889, 289]"
6677,"[807, 1614, 1137, 860, 1277]"
6678,"[1937, 126, 1705, 1924, 478]"
6679,"[1063, 138, 175, 1615, 1035]"
6680,"[1915, 370, 394, 707, 345]"
6681,"[1915, 1900, 1917, 114, 116]"
6682,"[692, 1747, 863, 865, 1915]"
6683,"[125, 1702, 423, 1244, 124]"
6684,"[1915, 333, 1762, 89, 528]"
6685,"[322, 89, 901, 114, 1915]"
6686,"[667, 291, 1752, 1708, 1878]"
6687,"[1915, 1704, 1793, 1705, 1789]"
6688,"[1043, 419, 1760, 1705, 1704]"
6689,"[665, 629, 1028, 1705, 658]"
6690,"[1936, 294, 1807, 89, 1277]"
6691,"[535, 1496, 1307, 1510, 1567]"
6692,"[314, 528, 1507, 1434, 538]"
6693,"[150, 73, 1050, 147, 1605]"
6694,"[292, 1617, 1722, 1924, 1937]"
6695,"[1704, 1705, 1760, 1758, 1761]"
6696,"[902, 885, 66, 919, 928]"
6697,"[1137, 1030, 138, 1560, 1042]"
6698,"[1828, 1837, 1833, 1836, 1906]"
6699,"[1677, 165, 823, 1929, 1592]"
6700,"[1587, 331, 868, 113, 890]"
6701,"[125, 1915, 423, 1244, 677]"
6702,"[1915, 1030, 823, 1042, 1045]"
6703,"[431, 1760, 1761, 1081, 1705]"
6704,"[1900, 360, 125, 1244, 423]"
6705,"[1915, 1924, 937, 915, 159]"
6706,"[1915, 165, 171, 164, 1299]"
6707,"[919, 933, 1733, 164, 924]"
6708,"[165, 260, 1046, 1017, 419]"
6709,"[1915, 1705, 1704, 455, 1299]"
6710,"[1937, 1924, 1705, 1704, 1677]"
6711,"[478, 116, 1915, 1924, 1676]"
6712,"[1889, 1193, 1025, 1029, 60]"
6713,"[291, 455, 1070, 1614, 1713]"
6714,"[218, 261, 1592, 1188, 1607]"
6715,"[1068, 496, 289, 1705, 1704]"
6716,"[1670, 930, 351, 604, 1060]"
6717,"[1775, 1704, 1705, 698, 89]"
6718,"[677, 376, 919, 1055, 1029]"
6719,"[478, 163, 1924, 807, 411]"
6720,"[261, 1788, 1053, 1787, 919]"
6721,"[1040, 1462, 126, 301, 1875]"
6722,"[291, 1636, 1614, 438, 363]"
6723,"[1755, 1761, 339, 1507, 528]"
6724,"[1896, 1157, 1613, 1607, 1608]"
6725,"[1700, 1863, 1935, 1828, 1833]"
6726,"[1201, 98, 96, 97, 102]"
6727,"[455, 1922, 1897, 1899, 1726]"
6728,"[938, 1158, 1299, 925, 935]"
6729,"[677, 1046, 1035, 219, 376]"
6730,"[618, 1073, 1281, 1296, 1760]"
6731,"[116, 1705, 1704, 1637, 1406]"
6732,"[1915, 1704, 478, 1924, 1041]"
6733,"[1915, 1659, 408, 116, 1258]"
6734,"[216, 1915, 372, 1570, 164]"
6735,"[1916, 1030, 1178, 1928, 478]"
6736,"[1902, 1915, 858, 1917, 1828]"
6737,"[1155, 1197, 1746, 357, 1030]"
6738,"[368, 1098, 108, 1705, 862]"
6739,"[1772, 1510, 1358, 1567, 927]"
6740,"[113, 1025, 926, 164, 165]"
6741,"[1068, 636, 1726, 1070, 824]"
6742,"[1884, 786, 789, 455, 462]"
6743,"[1319, 276, 1153, 259, 1288]"
6744,"[1704, 1705, 1777, 1765, 636]"
6745,"[1707, 1889, 46, 1704, 131]"
6746,"[291, 1614, 1606, 1636, 1746]"
6747,"[1704, 1705, 1733, 926, 1734]"
6748,"[1902, 409, 1118, 1552, 98]"
6749,"[114, 1567, 16, 1611, 1880]"
6750,"[1922, 1897, 1896, 1789, 454]"
6751,"[1915, 96, 97, 98, 1030]"
6752,"[28, 24, 1114, 1694, 29]"
6753,"[1905, 1627, 1527, 1704, 1705]"
6754,"[749, 1704, 1705, 171, 1757]"
6755,"[1861, 1664, 1026, 1131, 1019]"
6756,"[125, 423, 1244, 1690, 1792]"
6757,"[1922, 1897, 919, 1025, 1907]"
6758,"[692, 1906, 1600, 1191, 1909]"
6759,"[1042, 289, 165, 954, 139]"
6760,"[164, 1746, 98, 1025, 96]"
6761,"[863, 313, 865, 1747, 314]"
6762,"[276, 1705, 1704, 175, 1516]"
6763,"[1135, 1546, 1130, 1866, 1829]"
6764,"[120, 1733, 739, 217, 465]"
6765,"[1821, 1538, 1556, 420, 1073]"
6766,"[919, 925, 164, 928, 924]"
6767,"[89, 1914, 165, 1746, 1025]"
6768,"[1705, 1128, 528, 1507, 1434]"
6769,"[1924, 921, 922, 98, 333]"
6770,"[277, 1033, 216, 1148, 1915]"
6771,"[1704, 1705, 1131, 34, 1138]"
6772,"[28, 1904, 1191, 1746, 1489]"
6773,"[1069, 862, 396, 164, 1571]"
6774,"[1042, 712, 1073, 1070, 1915]"
6775,"[1915, 692, 1917, 319, 1561]"
6776,"[396, 349, 605, 807, 603]"
6777,"[165, 1704, 164, 1705, 48]"
6778,"[1552, 1543, 1541, 98, 96]"
6779,"[1055, 1929, 980, 1042, 89]"
6780,"[616, 919, 136, 408, 165]"
6781,"[1028, 665, 875, 182, 971]"
6782,"[665, 1705, 689, 1704, 649]"
6783,"[1742, 1544, 1564, 1489, 1554]"
6784,"[1706, 1810, 1925, 1702, 165]"
6785,"[430, 1828, 1833, 1837, 1260]"
6786,"[380, 1613, 1542, 1530, 363]"
6787,"[1705, 1724, 1613, 1704, 455]"
6788,"[1559, 618, 4, 1136, 1670]"
6789,"[1924, 1434, 1704, 1915, 1705]"
6790,"[1349, 1620, 1037, 1219, 1495]"
6791,"[1915, 927, 1891, 618, 1180]"
6792,"[409, 1700, 98, 1646, 96]"
6793,"[291, 1071, 1627, 1905, 681]"
6794,"[125, 1702, 423, 1244, 1704]"
6795,"[165, 1905, 1627, 1704, 1705]"
6796,"[1902, 1118, 1201, 866, 1700]"
6797,"[1082, 478, 1148, 289, 1150]"
6798,"[96, 97, 102, 409, 716]"
6799,"[1917, 1073, 858, 1071, 1052]"
6800,"[1900, 1902, 116, 361, 114]"
6801,"[455, 1308, 454, 463, 465]"
6802,"[1915, 1434, 1924, 528, 1507]"
6803,"[1275, 449, 1273, 447, 1760]"
6804,"[1923, 314, 118, 7, 1115]"
6805,"[1902, 420, 164, 409, 1700]"
6806,"[1192, 1121, 1011, 645, 1544]"
6807,"[211, 1705, 913, 911, 1704]"
6808,"[1191, 700, 1726, 1534, 692]"
6809,"[1113, 1567, 455, 1704, 1922]"
6810,"[1100, 622, 308, 1904, 307]"
6811,"[1705, 1704, 165, 164, 98]"
6812,"[1902, 102, 97, 96, 1646]"
6813,"[1902, 1098, 1088, 1903, 1535]"
6814,"[339, 978, 727, 726, 1650]"
6815,"[1705, 1704, 1752, 1618, 1193]"
6816,"[888, 372, 1567, 1863, 1935]"
6817,"[1705, 1704, 511, 501, 1192]"
6818,"[1759, 466, 458, 1764, 1556]"
6819,"[96, 97, 98, 1040, 164]"
6820,"[1246, 1878, 1707, 802, 3]"
6821,"[1922, 1897, 113, 1907, 89]"
6822,"[438, 1636, 1263, 432, 1704]"
6823,"[706, 711, 1134, 7, 922]"
6824,"[1279, 1936, 1277, 1086, 1295]"
6825,"[1618, 1705, 1733, 1704, 1788]"
6826,"[368, 372, 1570, 1802, 1113]"
6827,"[1163, 1165, 1705, 1758, 1760]"
6828,"[1722, 292, 692, 455, 454]"
6829,"[89, 1531, 478, 98, 1257]"
6830,"[938, 1904, 175, 778, 425]"
6831,"[1252, 1705, 1704, 1302, 1253]"
6832,"[175, 1244, 423, 281, 209]"
6833,"[1915, 1137, 453, 692, 171]"
6834,"[1705, 1807, 1915, 1704, 1899]"
6835,"[1705, 1704, 289, 1929, 1424]"
6836,"[1030, 1742, 1543, 1527, 216]"
6837,"[1023, 398, 1290, 1861, 1863]"
6838,"[409, 102, 1516, 1700, 1746]"
6839,"[1037, 1073, 1761, 351, 443]"
6840,"[1863, 89, 1023, 398, 90]"
6841,"[103, 1057, 216, 1318, 278]"
6842,"[1617, 1733, 1659, 1539, 1042]"
6843,"[1586, 1901, 1752, 1193, 164]"
6844,"[857, 1704, 1705, 1863, 1792]"
6845,"[1935, 1863, 927, 430, 441]"
6846,"[1904, 819, 97, 96, 291]"
6847,"[1246, 1878, 1707, 1008, 1880]"
6848,"[368, 372, 862, 1896, 455]"
6849,"[368, 862, 886, 1929, 1613]"
6850,"[1915, 1713, 1526, 1705, 409]"
6851,"[1896, 1608, 1517, 1607, 1157]"
6852,"[1704, 1705, 165, 589, 164]"
6853,"[1830, 728, 1302, 1831, 79]"
6854,"[1833, 1837, 1828, 164, 52]"
6855,"[1148, 1704, 885, 1705, 1875]"
6856,"[732, 1649, 683, 943, 196]"
6857,"[417, 1193, 446, 1328, 1239]"
6858,"[1246, 1459, 1176, 1878, 1707]"
6859,"[1613, 1705, 1704, 1530, 1542]"
6860,"[1271, 441, 1924, 1259, 1261]"
6861,"[125, 1702, 1690, 902, 423]"
6862,"[29, 116, 89, 113, 414]"
6863,"[1915, 1279, 1902, 1936, 125]"
6864,"[1704, 1626, 926, 1618, 425]"
6865,"[1039, 1930, 924, 351, 1697]"
6866,"[125, 423, 1244, 1915, 1603]"
6867,"[1014, 1590, 735, 1924, 1758]"
6868,"[165, 927, 1042, 1924, 1025]"
6869,"[1604, 624, 1733, 1697, 216]"
6870,"[1902, 1713, 1552, 96, 1073]"
6871,"[1072, 454, 372, 368, 1087]"
6872,"[1118, 928, 924, 931, 934]"
6873,"[409, 420, 1201, 1199, 124]"
6874,"[477, 1019, 1022, 749, 349]"
6875,"[1772, 1304, 1302, 885, 777]"
6876,"[1586, 1615, 1029, 1193, 1626]"
6877,"[754, 1023, 89, 398, 1861]"
6878,"[1604, 259, 1153, 1317, 1567]"
6879,"[1191, 1567, 16, 114, 1611]"
6880,"[102, 409, 1197, 446, 1129]"
6881,"[1752, 1753, 1755, 900, 1777]"
6882,"[521, 1705, 1704, 1499, 1677]"
6883,"[665, 1699, 1549, 98, 102]"
6884,"[1902, 1900, 1591, 1592, 1042]"
6885,"[1704, 1705, 530, 503, 165]"
6886,"[1925, 1642, 107, 1914, 322]"
6887,"[1704, 1705, 1677, 1474, 1191]"
6888,"[1755, 1704, 1705, 1924, 1434]"
6889,"[1613, 1636, 901, 1249, 1607]"
6890,"[1705, 1704, 1567, 1618, 1063]"
6891,"[96, 97, 1899, 163, 1526]"
6892,"[1924, 1400, 497, 361, 1433]"
6893,"[1041, 1042, 925, 688, 1620]"
6894,"[1704, 1924, 478, 1705, 408]"
6895,"[120, 1634, 218, 65, 217]"
6896,"[1157, 1896, 1705, 1599, 1277]"
6897,"[1902, 1591, 1900, 1592, 1042]"
6898,"[1795, 1463, 870, 1704, 1753]"
6899,"[1113, 1080, 887, 1911, 273]"
6900,"[1072, 1704, 1705, 1768, 1894]"
6901,"[1704, 1769, 1705, 89, 1922]"
6902,"[1560, 1155, 1552, 1202, 410]"
6903,"[1705, 1704, 1760, 1761, 165]"
6904,"[3, 1860, 1864, 1868, 594]"
6905,"[90, 478, 1924, 1549, 1705]"
6906,"[1742, 1564, 1489, 1534, 703]"
6907,"[1935, 430, 927, 1863, 441]"
6908,"[1197, 1525, 1524, 1559, 1752]"
6909,"[865, 1747, 863, 1923, 313]"
6910,"[1899, 1526, 1705, 1704, 165]"
6911,"[1201, 1701, 667, 749, 1320]"
6912,"[128, 1704, 1705, 1567, 1618]"
6913,"[1157, 1607, 921, 1896, 1613]"
6914,"[1059, 102, 1704, 409, 922]"
6915,"[1762, 1924, 1899, 216, 1758]"
6916,"[1567, 165, 1705, 1733, 1704]"
6917,"[1615, 1918, 396, 605, 919]"
6918,"[1909, 1068, 418, 98, 96]"
6919,"[885, 1649, 727, 732, 1915]"
6920,"[207, 209, 1915, 849, 1863]"
6921,"[437, 1083, 1575, 1807, 1281]"
6922,"[1889, 794, 1704, 46, 1145]"
6923,"[1157, 1704, 1613, 1896, 1705]"
6924,"[1592, 1828, 1837, 1833, 1935]"
6925,"[1705, 1030, 409, 1567, 1899]"
6926,"[125, 1244, 423, 98, 1704]"
6927,"[1915, 164, 1649, 1676, 89]"
6928,"[368, 1157, 455, 1113, 1896]"
6929,"[368, 372, 1607, 1705, 1762]"
6930,"[1905, 1627, 1907, 1527, 1745]"
6931,"[1066, 1556, 1538, 1547, 1531]"
6932,"[1902, 1552, 409, 98, 1746]"
6933,"[1902, 1863, 1935, 1833, 1837]"
6934,"[1761, 1760, 1758, 1762, 1699]"
6935,"[730, 823, 1649, 478, 731]"
6936,"[291, 1760, 1070, 1758, 1762]"
6937,"[1022, 731, 477, 1167, 1019]"
6938,"[921, 1507, 528, 1761, 1434]"
6939,"[1119, 1041, 1676, 272, 1791]"
6940,"[1924, 1561, 921, 1434, 528]"
6941,"[1915, 1704, 1924, 1705, 1706]"
6942,"[1636, 1190, 1880, 1167, 438]"
6943,"[739, 1249, 1171, 375, 383]"
6944,"[1704, 1705, 480, 1924, 478]"
6945,"[1902, 1073, 102, 1915, 1757]"
6946,"[320, 1599, 697, 443, 1924]"
6947,"[1902, 1552, 1040, 1900, 1130]"
6948,"[820, 1773, 1910, 1705, 1704]"
6949,"[1705, 1659, 1704, 1617, 430]"
6950,"[1916, 1030, 1915, 1590, 1592]"
6951,"[98, 921, 1561, 1507, 528]"
6952,"[1201, 866, 96, 1320, 1746]"
6953,"[820, 641, 1705, 446, 1704]"
6954,"[175, 165, 163, 1822, 1821]"
6955,"[1926, 1746, 321, 165, 937]"
6956,"[1761, 1937, 1760, 1705, 1924]"
6957,"[162, 919, 165, 924, 938]"
6958,"[175, 164, 925, 924, 938]"
6959,"[97, 96, 1201, 98, 1541]"
6960,"[1922, 1897, 1899, 89, 113]"
6961,"[969, 443, 322, 968, 209]"
6962,"[89, 331, 128, 1896, 1792]"
6963,"[1204, 1567, 114, 1705, 1704]"
6964,"[332, 1640, 1567, 388, 1882]"
6965,"[1899, 164, 165, 1034, 175]"
6966,"[1915, 1438, 1343, 1299, 1369]"
6967,"[1071, 1904, 1890, 1746, 1924]"
6968,"[1705, 1704, 165, 688, 1251]"
6969,"[478, 159, 937, 1924, 1922]"
6970,"[1704, 1071, 1705, 819, 1191]"
6971,"[1612, 1620, 1558, 937, 159]"
6972,"[409, 102, 96, 97, 1518]"
6973,"[1902, 420, 1040, 716, 125]"
6974,"[1071, 1627, 1905, 1699, 1527]"
6975,"[1705, 1704, 543, 1014, 1915]"
6976,"[1072, 683, 1705, 1760, 1704]"
6977,"[432, 1636, 403, 438, 1924]"
