q_id,web_list
1,"[1567, 135, 1704, 1880, 114]"
2,"[372, 368, 862, 1570, 455]"
3,"[116, 1762, 1705, 386, 1761]"
4,"[1051, 1043, 1704, 1760, 1762]"
5,"[1520, 1564, 1561, 1489, 1556]"
6,"[108, 138, 1495, 1042, 349]"
7,"[1906, 1704, 1528, 1863, 1916]"
8,"[282, 1704, 1705, 511, 455]"
9,"[1025, 165, 1896, 1618, 164]"
10,"[116, 1884, 1035, 786, 1924]"
11,"[102, 1202, 410, 409, 89]"
12,"[1192, 1712, 114, 1611, 1523]"
13,"[919, 163, 165, 1915, 1025]"
14,"[372, 762, 765, 759, 752]"
15,"[1904, 1316, 18, 1587, 1607]"
16,"[1129, 736, 141, 1649, 677]"
17,"[372, 368, 745, 455, 1788]"
18,"[1607, 1904, 1792, 1733, 1587]"
19,"[1082, 1900, 1767, 1073, 360]"
20,"[1915, 1060, 1043, 438, 1676]"
21,"[1915, 1884, 18, 116, 1733]"
22,"[1766, 1705, 1748, 868, 349]"
23,"[1704, 1705, 162, 919, 174]"
24,"[1541, 793, 102, 98, 1313]"
25,"[1915, 1641, 116, 98, 868]"
26,"[372, 368, 455, 862, 1697]"
27,"[1615, 1586, 1517, 1556, 1538]"
28,"[677, 1775, 98, 1900, 1768]"
29,"[1915, 89, 1705, 1618, 455]"
30,"[1043, 1884, 1760, 1924, 1704]"
31,"[1915, 149, 1733, 1618, 89]"
32,"[116, 1915, 1561, 1761, 1705]"
33,"[1915, 388, 1884, 1640, 1924]"
34,"[1704, 1499, 1677, 1705, 521]"
35,"[1704, 455, 1607, 1705, 216]"
36,"[271, 1705, 1704, 526, 143]"
37,"[1725, 608, 848, 1705, 758]"
38,"[1607, 1733, 765, 768, 1608]"
39,"[478, 1924, 922, 1704, 1705]"
40,"[1915, 1071, 437, 349, 919]"
41,"[1524, 1525, 1752, 1559, 1197]"
42,"[372, 1570, 1121, 1557, 1191]"
43,"[1792, 1790, 1793, 1789, 1791]"
44,"[1299, 1256, 430, 1258, 1260]"
45,"[1063, 423, 1244, 739, 149]"
46,"[1037, 1620, 1049, 421, 1030]"
47,"[1627, 1905, 1907, 1745, 1527]"
48,"[455, 1896, 1705, 1704, 900]"
49,"[1919, 333, 1062, 543, 975]"
50,"[162, 919, 931, 934, 165]"
51,"[1704, 1705, 511, 1809, 1872]"
52,"[1915, 1900, 1917, 1543, 360]"
53,"[1567, 135, 1704, 1880, 114]"
54,"[28, 1924, 98, 29, 1704]"
55,"[1704, 1705, 511, 1809, 1835]"
56,"[1587, 1527, 1627, 1904, 1900]"
57,"[455, 1704, 1705, 1607, 511]"
58,"[706, 1697, 1696, 335, 164]"
59,"[1068, 1121, 89, 29, 1676]"
60,"[1178, 1936, 360, 1040, 1926]"
61,"[1157, 511, 432, 1704, 1705]"
62,"[1924, 478, 1704, 1705, 1777]"
63,"[1071, 868, 1748, 1704, 1197]"
64,"[1567, 1527, 1891, 1321, 1557]"
65,"[1567, 1705, 1704, 995, 1070]"
66,"[1924, 1902, 1705, 1765, 1777]"
67,"[1705, 1704, 1167, 1184, 1733]"
68,"[666, 634, 664, 633, 637]"
69,"[1915, 1580, 1340, 510, 1486]"
70,"[1896, 1157, 1607, 1608, 1586]"
71,"[89, 165, 1676, 1534, 29]"
72,"[1904, 1700, 1232, 1593, 124]"
73,"[677, 1855, 376, 1846, 959]"
74,"[1704, 530, 1612, 1705, 1762]"
75,"[1915, 1588, 1899, 1906, 1587]"
76,"[1915, 1705, 1704, 624, 1752]"
77,"[1917, 1915, 1902, 408, 1733]"
78,"[478, 102, 116, 1924, 1884]"
79,"[1914, 823, 1762, 1898, 88]"
80,"[372, 1906, 599, 593, 597]"
81,"[1273, 1926, 1608, 1274, 971]"
82,"[1915, 1761, 1249, 1762, 216]"
83,"[368, 1915, 862, 1042, 408]"
84,"[372, 368, 1915, 1113, 862]"
85,"[1043, 1079, 677, 1620, 570]"
86,"[1615, 1586, 338, 1019, 1517]"
87,"[1742, 1534, 1564, 1489, 1520]"
88,"[1896, 1607, 1192, 1705, 1157]"
89,"[1557, 1570, 1900, 1543, 1638]"
90,"[1449, 787, 1924, 1704, 1675]"
91,"[1713, 1701, 692, 1518, 1626]"
92,"[1567, 372, 114, 1880, 1192]"
93,"[677, 1924, 376, 1704, 1733]"
94,"[116, 16, 1922, 1897, 60]"
95,"[1915, 1618, 1207, 455, 114]"
96,"[478, 811, 139, 743, 1763]"
97,"[1863, 1935, 430, 1023, 927]"
98,"[219, 887, 368, 1040, 372]"
99,"[758, 1246, 745, 846, 310]"
100,"[1615, 321, 1906, 1071, 1567]"
101,"[283, 1917, 359, 1900, 1902]"
102,"[1705, 1316, 1904, 1607, 1704]"
103,"[1299, 1814, 1813, 1810, 1706]"
104,"[1617, 926, 455, 1884, 1705]"
105,"[1772, 410, 1202, 1263, 1812]"
106,"[365, 322, 1014, 1008, 408]"
107,"[371, 1762, 446, 1148, 1758]"
108,"[1772, 1704, 1705, 1302, 1050]"
109,"[1638, 116, 1694, 1677, 164]"
110,"[1129, 1704, 1875, 417, 1705]"
111,"[1915, 624, 1598, 324, 1277]"
112,"[1705, 164, 1193, 419, 1704]"
113,"[73, 4, 1878, 1707, 7]"
114,"[1900, 1915, 1917, 1543, 1068]"
115,"[478, 289, 1030, 443, 1495]"
116,"[1029, 1193, 1026, 1909, 159]"
117,"[1671, 1745, 1616, 1907, 96]"
118,"[765, 1733, 768, 762, 741]"
119,"[478, 1915, 1924, 1704, 1067]"
120,"[1772, 1646, 1451, 1853, 961]"
121,"[455, 421, 89, 1025, 116]"
122,"[1772, 1815, 1706, 1811, 1812]"
123,"[735, 938, 89, 1924, 164]"
124,"[1570, 1721, 372, 1557, 1802]"
125,"[372, 1098, 368, 683, 1072]"
126,"[446, 1733, 216, 1788, 60]"
127,"[1915, 919, 1025, 937, 159]"
128,"[1929, 114, 1567, 1307, 618]"
129,"[455, 1704, 1705, 511, 1607]"
130,"[1762, 292, 1758, 1617, 1761]"
131,"[1878, 1707, 8, 11, 456]"
132,"[1907, 1704, 1705, 786, 1618]"
133,"[478, 1924, 1705, 1704, 1733]"
134,"[1924, 1705, 478, 1704, 1906]"
135,"[1704, 1705, 1777, 1765, 512]"
136,"[45, 1596, 1913, 401, 1898]"
137,"[1607, 1608, 372, 1517, 1157]"
138,"[1567, 1618, 1705, 1761, 1704]"
139,"[1157, 1046, 1607, 165, 1659]"
140,"[1861, 1855, 1846, 1863, 90]"
141,"[1915, 1299, 1924, 1343, 1438]"
142,"[1906, 455, 1070, 862, 1926]"
143,"[1924, 1914, 1704, 1762, 1898]"
144,"[368, 1042, 698, 1192, 1286]"
145,"[1630, 1704, 927, 581, 1464]"
146,"[453, 495, 78, 1246, 1561]"
147,"[1863, 927, 1935, 430, 1023]"
148,"[1704, 1705, 1567, 1618, 1894]"
149,"[372, 368, 1070, 1570, 455]"
150,"[901, 1567, 256, 28, 260]"
151,"[1915, 930, 1705, 1704, 1861]"
152,"[1113, 1066, 114, 1077, 1617]"
153,"[1915, 1043, 1704, 1752, 216]"
154,"[1704, 1705, 1758, 1760, 1761]"
155,"[1726, 1601, 1705, 1604, 1704]"
156,"[73, 1723, 1717, 37, 3]"
157,"[372, 1733, 1704, 125, 89]"
158,"[1071, 1807, 1704, 1705, 811]"
159,"[1277, 1726, 1662, 692, 1112]"
160,"[1029, 1042, 1026, 938, 1046]"
161,"[1071, 1884, 163, 919, 1025]"
162,"[1896, 1193, 1907, 1618, 1549]"
163,"[1567, 1705, 1704, 1388, 1760]"
164,"[1599, 349, 123, 1768, 697]"
165,"[1768, 1773, 1762, 1775, 1769]"
166,"[1015, 1287, 1895, 1863, 1935]"
167,"[663, 637, 102, 97, 96]"
168,"[288, 97, 96, 98, 175]"
169,"[136, 275, 137, 273, 1630]"
170,"[1772, 595, 597, 593, 599]"
171,"[1673, 1704, 892, 1674, 1705]"
172,"[1567, 1907, 1922, 1897, 1704]"
173,"[1314, 47, 1636, 527, 856]"
174,"[1789, 128, 1790, 1792, 1786]"
175,"[794, 1044, 1742, 1746, 1313]"
176,"[1110, 437, 1704, 438, 1705]"
177,"[1704, 1705, 920, 89, 911]"
178,"[1072, 868, 1748, 1091, 164]"
179,"[1795, 1888, 1887, 1130, 97]"
180,"[1915, 624, 324, 1598, 868]"
181,"[1570, 372, 1192, 1121, 198]"
182,"[372, 368, 1915, 1113, 454]"
183,"[1915, 1902, 1917, 1900, 1543]"
184,"[1915, 306, 1562, 1705, 1930]"
185,"[1582, 1380, 88, 49, 1704]"
186,"[368, 1894, 455, 1705, 1704]"
187,"[113, 1924, 1526, 1899, 1922]"
188,"[116, 377, 1884, 361, 1705]"
189,"[1708, 1878, 1707, 1513, 3]"
190,"[1915, 1902, 1704, 1705, 1137]"
191,"[1710, 1070, 1915, 1704, 369]"
192,"[1704, 1705, 162, 901, 919]"
193,"[624, 1752, 1277, 1606, 1598]"
194,"[1704, 1705, 1567, 1598, 1618]"
195,"[1900, 1924, 1298, 1259, 1256]"
196,"[16, 1071, 1705, 1807, 1704]"
197,"[1705, 1704, 510, 765, 1472]"
198,"[926, 1598, 1617, 1662, 1557]"
199,"[865, 1747, 863, 1269, 1923]"
200,"[1884, 919, 786, 868, 163]"
201,"[1705, 1704, 1914, 1748, 1193]"
202,"[1900, 1543, 1705, 1704, 216]"
203,"[878, 1704, 922, 1756, 1705]"
204,"[1607, 1517, 1608, 1904, 1532]"
205,"[1915, 478, 1924, 1884, 1704]"
206,"[1758, 1704, 1705, 1762, 1760]"
207,"[16, 446, 1203, 1028, 1045]"
208,"[1705, 1032, 1704, 1762, 1758]"
209,"[862, 587, 1924, 1603, 1786]"
210,"[737, 719, 347, 823, 736]"
211,"[1704, 478, 1705, 1924, 16]"
212,"[1924, 116, 242, 408, 1762]"
213,"[114, 1705, 1567, 1040, 116]"
214,"[596, 598, 600, 574, 571]"
215,"[1762, 1705, 1704, 1758, 1063]"
216,"[1705, 1523, 1567, 1538, 1556]"
217,"[1570, 372, 1721, 1705, 1802]"
218,"[1899, 1705, 1526, 1704, 1768]"
219,"[1733, 757, 927, 741, 1788]"
220,"[165, 1915, 1697, 1676, 1698]"
221,"[1157, 108, 1613, 138, 1607]"
222,"[1013, 945, 1705, 1704, 726]"
223,"[1704, 1705, 551, 1637, 653]"
224,"[1567, 1705, 1704, 1760, 1618]"
225,"[1705, 1906, 1704, 1825, 1528]"
226,"[1613, 1666, 926, 1676, 124]"
227,"[1025, 1135, 464, 164, 938]"
228,"[1705, 375, 1704, 1349, 454]"
229,"[1728, 1732, 1704, 1705, 1015]"
230,"[1637, 1733, 324, 485, 692]"
231,"[1761, 1762, 1760, 1249, 1758]"
232,"[440, 1704, 1599, 676, 697]"
233,"[114, 1567, 455, 884, 16]"
234,"[107, 927, 884, 1905, 1627]"
235,"[1043, 677, 1676, 1620, 372]"
236,"[1636, 1705, 1704, 292, 884]"
237,"[1705, 1704, 1874, 505, 1832]"
238,"[677, 796, 1043, 1761, 1705]"
239,"[1704, 439, 116, 1884, 1705]"
240,"[1902, 1030, 921, 1714, 866]"
241,"[368, 372, 454, 1570, 455]"
242,"[1588, 1906, 1090, 1529, 1528]"
243,"[1567, 1705, 1704, 1760, 1761]"
244,"[114, 922, 1567, 1705, 1896]"
245,"[478, 1924, 1704, 1705, 1886]"
246,"[1900, 1902, 1917, 368, 116]"
247,"[1759, 1764, 1705, 145, 1752]"
248,"[1157, 368, 372, 1733, 1788]"
249,"[455, 1191, 1726, 692, 454]"
250,"[7, 1878, 1707, 1772, 1708]"
251,"[1601, 692, 1704, 1761, 1758]"
252,"[1043, 1916, 1906, 1928, 1178]"
253,"[1792, 1787, 1733, 443, 1786]"
254,"[116, 1900, 1902, 1917, 1916]"
255,"[1704, 1705, 107, 440, 98]"
256,"[1157, 368, 1113, 1067, 1613]"
257,"[1704, 677, 1705, 1894, 1885]"
258,"[1260, 430, 1256, 1863, 1258]"
259,"[1915, 1924, 89, 1025, 165]"
260,"[406, 407, 1086, 428, 223]"
261,"[1704, 1705, 1764, 494, 1760]"
262,"[1886, 1762, 1761, 1598, 1760]"
263,"[419, 1914, 159, 937, 164]"
264,"[1705, 1704, 1733, 89, 374]"
265,"[1924, 478, 1704, 1705, 1755]"
266,"[1915, 1704, 1705, 1578, 1580]"
267,"[1900, 1758, 1760, 1617, 1555]"
268,"[1924, 478, 1705, 1884, 1704]"
269,"[368, 862, 1538, 455, 683]"
270,"[334, 379, 1586, 380, 1615]"
271,"[1687, 434, 1030, 1024, 927]"
272,"[1052, 363, 255, 1667, 1733]"
273,"[1915, 1900, 361, 1935, 1289]"
274,"[1896, 1033, 1607, 1608, 164]"
275,"[363, 1570, 1704, 1705, 1924]"
276,"[290, 257, 1704, 1705, 1696]"
277,"[1232, 1567, 1296, 1785, 1317]"
278,"[527, 1915, 89, 113, 29]"
279,"[364, 760, 1491, 346, 1766]"
280,"[403, 765, 751, 759, 752]"
281,"[1157, 1896, 1607, 1608, 1517]"
282,"[530, 1704, 1705, 896, 1762]"
283,"[372, 368, 1113, 455, 1557]"
284,"[1705, 1906, 1607, 530, 1588]"
285,"[594, 1513, 542, 1772, 927]"
286,"[1900, 1917, 1543, 892, 1902]"
287,"[1157, 1113, 368, 455, 862]"
288,"[1904, 18, 1316, 1587, 124]"
289,"[1675, 862, 1676, 455, 1915]"
290,"[1924, 1761, 125, 478, 1705]"
291,"[677, 1792, 1790, 1789, 624]"
292,"[1173, 1166, 1788, 1733, 89]"
293,"[420, 862, 1603, 606, 1786]"
294,"[1620, 1704, 1705, 1775, 1520]"
295,"[1900, 1917, 1915, 216, 359]"
296,"[1793, 1620, 1043, 89, 677]"
297,"[1917, 1914, 1704, 1758, 1762]"
298,"[116, 1705, 1904, 1192, 1067]"
299,"[1884, 171, 432, 1677, 1887]"
300,"[1249, 1705, 1202, 410, 1749]"
301,"[796, 1043, 1705, 1704, 1886]"
302,"[1516, 349, 1705, 1704, 1758]"
303,"[677, 1792, 1790, 1789, 1793]"
304,"[1704, 1884, 478, 1924, 786]"
305,"[1795, 1135, 607, 875, 1130]"
306,"[1727, 1728, 1015, 392, 1731]"
307,"[1257, 1306, 462, 1068, 395]"
308,"[1705, 419, 1704, 886, 406]"
309,"[1787, 1786, 1733, 1769, 1775]"
310,"[1768, 135, 1889, 60, 1570]"
311,"[501, 1531, 1030, 1068, 868]"
312,"[1525, 1541, 793, 98, 1746]"
313,"[1705, 1704, 1765, 1777, 1825]"
314,"[441, 1295, 298, 433, 1687]"
315,"[162, 919, 165, 924, 938]"
316,"[608, 599, 765, 595, 593]"
317,"[1884, 16, 455, 114, 1656]"
318,"[1900, 1915, 890, 1676, 1543]"
319,"[1900, 1902, 114, 1884, 455]"
320,"[1932, 1704, 530, 1705, 896]"
321,"[1915, 1924, 1884, 114, 1917]"
322,"[372, 886, 29, 116, 1072]"
323,"[988, 149, 736, 1049, 971]"
324,"[216, 1733, 1915, 1544, 1788]"
325,"[1886, 1301, 428, 356, 1763]"
326,"[1607, 1737, 1733, 768, 745]"
327,"[1924, 242, 1762, 1704, 1758]"
328,"[926, 885, 919, 412, 1025]"
329,"[1704, 1713, 1705, 96, 97]"
330,"[1863, 927, 1935, 430, 1023]"
331,"[361, 446, 818, 1038, 1760]"
332,"[1705, 1704, 1676, 1675, 1618]"
333,"[1607, 1192, 1704, 1705, 511]"
334,"[1607, 1517, 1896, 1587, 1192]"
335,"[216, 1915, 1604, 1748, 1193]"
336,"[1028, 1925, 784, 1626, 891]"
337,"[1902, 1704, 1926, 1699, 1705]"
338,"[1526, 1527, 1924, 1041, 1899]"
339,"[1570, 372, 1192, 1121, 198]"
340,"[1884, 114, 1922, 1897, 1705]"
341,"[372, 89, 29, 1676, 116]"
342,"[1902, 102, 1713, 420, 1068]"
343,"[114, 1875, 1761, 454, 1705]"
344,"[1570, 372, 1875, 1536, 1694]"
345,"[1269, 1586, 1705, 1344, 1096]"
346,"[1915, 1113, 1192, 368, 455]"
347,"[888, 1604, 1726, 1601, 1277]"
348,"[1915, 98, 677, 1030, 406]"
349,"[116, 1884, 114, 455, 379]"
350,"[1704, 1705, 1760, 1917, 1758]"
351,"[478, 1924, 1705, 1758, 1884]"
352,"[368, 372, 1570, 455, 862]"
353,"[472, 277, 1701, 415, 2]"
354,"[1704, 164, 1193, 1705, 165]"
355,"[1915, 368, 1113, 677, 455]"
356,"[1915, 885, 1619, 216, 165]"
357,"[1924, 478, 919, 1704, 1922]"
358,"[677, 1812, 1811, 376, 1705]"
359,"[1704, 1705, 890, 1904, 1752]"
360,"[1917, 1599, 1914, 1704, 1762]"
361,"[1900, 1543, 1705, 1029, 1025]"
362,"[1917, 1914, 1762, 1758, 1704]"
363,"[1900, 1543, 1917, 113, 112]"
364,"[1915, 1899, 216, 1704, 485]"
365,"[919, 1025, 159, 937, 921]"
366,"[1795, 1887, 1888, 1135, 875]"
367,"[1270, 1658, 1710, 1896, 257]"
368,"[1704, 1752, 1705, 1193, 1316]"
369,"[1023, 398, 1290, 1861, 1863]"
370,"[1704, 1705, 1769, 1775, 1235]"
371,"[1137, 1705, 1704, 857, 511]"
372,"[171, 73, 1670, 749, 1902]"
373,"[412, 1733, 446, 1787, 1786]"
374,"[116, 1915, 478, 1296, 1924]"
375,"[1524, 1525, 1752, 1559, 1197]"
376,"[1637, 1091, 1704, 1705, 242]"
377,"[1902, 1704, 442, 1705, 505]"
378,"[561, 361, 1758, 818, 1762]"
379,"[1907, 388, 1704, 478, 1705]"
380,"[1758, 1762, 1914, 1704, 1898]"
381,"[368, 1, 1704, 1607, 455]"
382,"[478, 1704, 1924, 163, 919]"
383,"[1705, 1704, 1733, 1762, 1761]"
384,"[1909, 1608, 1914, 455, 1613]"
385,"[1017, 1599, 349, 919, 618]"
386,"[446, 1790, 292, 1788, 1789]"
387,"[1567, 372, 1733, 1924, 1721]"
388,"[98, 1070, 368, 1628, 289]"
389,"[1704, 1705, 1836, 1873, 1073]"
390,"[1915, 1557, 1662, 1900, 1543]"
391,"[1760, 361, 1273, 1762, 818]"
392,"[1681, 881, 1922, 1897, 982]"
393,"[1488, 1705, 1029, 1133, 331]"
394,"[878, 1704, 922, 487, 1756]"
395,"[1567, 1705, 1704, 1760, 1618]"
396,"[478, 677, 376, 1705, 1299]"
397,"[1147, 1899, 375, 114, 455]"
398,"[1704, 1705, 1906, 926, 1302]"
399,"[1924, 868, 1792, 1787, 1786]"
400,"[1705, 1756, 1704, 1894, 851]"
401,"[1705, 1746, 1704, 165, 925]"
402,"[1915, 116, 1924, 1884, 1246]"
403,"[1758, 1705, 1804, 1801, 1799]"
404,"[347, 990, 1769, 1026, 258]"
405,"[1704, 1705, 511, 468, 111]"
406,"[1157, 368, 862, 455, 901]"
407,"[1900, 1543, 1259, 1261, 1298]"
408,"[1713, 1902, 1900, 289, 1704]"
409,"[1655, 339, 1705, 1760, 1761]"
410,"[1745, 1671, 1616, 96, 1041]"
411,"[1675, 28, 1699, 29, 1248]"
412,"[1726, 692, 1601, 846, 1191]"
413,"[204, 140, 200, 195, 964]"
414,"[787, 59, 1908, 1544, 126]"
415,"[1570, 1803, 1800, 135, 1187]"
416,"[175, 163, 1025, 919, 1904]"
417,"[1618, 1705, 1704, 1752, 930]"
418,"[1592, 1154, 1915, 1018, 1590]"
419,"[1157, 1067, 1186, 1069, 128]"
420,"[1148, 924, 959, 371, 914]"
421,"[851, 479, 1733, 317, 1705]"
422,"[1587, 1627, 1037, 175, 331]"
423,"[1340, 1580, 594, 1513, 1772]"
424,"[1704, 1705, 1607, 765, 511]"
425,"[1705, 1704, 455, 1733, 1607]"
426,"[365, 398, 446, 334, 1251]"
427,"[116, 1192, 1611, 114, 451]"
428,"[1157, 1567, 455, 368, 1924]"
429,"[1727, 1549, 320, 1728, 98]"
430,"[1042, 1026, 1030, 728, 925]"
431,"[361, 398, 533, 681, 683]"
432,"[478, 919, 1924, 1884, 102]"
433,"[1915, 376, 140, 677, 913]"
434,"[862, 164, 165, 455, 1613]"
435,"[1567, 372, 108, 1733, 1705]"
436,"[1704, 1705, 162, 919, 931]"
437,"[1704, 1705, 933, 511, 1809]"
438,"[478, 1030, 1704, 1761, 1909]"
439,"[1580, 1486, 1340, 1223, 548]"
440,"[1917, 1914, 1704, 1758, 1762]"
441,"[1915, 216, 1704, 349, 364]"
442,"[1904, 1760, 1516, 1894, 1532]"
443,"[372, 368, 1072, 683, 1024]"
444,"[372, 368, 455, 1113, 862]"
445,"[677, 376, 1580, 1704, 1705]"
446,"[114, 1900, 1902, 1108, 1133]"
447,"[1249, 1705, 1021, 1704, 1765]"
448,"[125, 116, 1704, 1024, 1924]"
449,"[1071, 1587, 89, 1897, 1922]"
450,"[1193, 1705, 1704, 1752, 1836]"
451,"[1704, 455, 1, 1894, 1705]"
452,"[1917, 1705, 1704, 485, 1762]"
453,"[1900, 1902, 1917, 28, 349]"
454,"[162, 919, 931, 934, 164]"
455,"[261, 1317, 1567, 259, 267]"
456,"[1915, 868, 1900, 1192, 1922]"
457,"[1916, 125, 1928, 1043, 1915]"
458,"[1900, 1924, 478, 1102, 677]"
459,"[1095, 1259, 1704, 823, 430]"
460,"[1863, 1704, 1935, 1705, 1862]"
461,"[727, 726, 1650, 734, 1011]"
462,"[1135, 1855, 1924, 1861, 1846]"
463,"[1924, 163, 1884, 1713, 175]"
464,"[1915, 1924, 1704, 1705, 1733]"
465,"[1570, 372, 1557, 1705, 1721]"
466,"[926, 1158, 335, 1748, 164]"
467,"[1759, 1764, 1776, 1757, 1781]"
468,"[1900, 1704, 349, 1543, 1705]"
469,"[1570, 1733, 412, 372, 1788]"
470,"[1192, 811, 1611, 322, 1762]"
471,"[1255, 692, 1250, 1302, 1617]"
472,"[1062, 1124, 110, 1875, 116]"
473,"[1042, 402, 1915, 216, 1704]"
474,"[278, 1752, 1071, 1052, 1828]"
475,"[1915, 677, 1042, 1927, 915]"
476,"[1580, 1863, 1340, 1935, 430]"
477,"[901, 1777, 1765, 1763, 1705]"
478,"[1900, 1543, 868, 353, 164]"
479,"[1762, 1758, 1704, 1705, 455]"
480,"[455, 368, 745, 1734, 768]"
481,"[1630, 79, 1648, 1667, 436]"
482,"[292, 1617, 1761, 1758, 1762]"
483,"[1607, 1733, 1157, 768, 1608]"
484,"[116, 1900, 1902, 1884, 706]"
485,"[1705, 1704, 1924, 1807, 1900]"
486,"[1607, 1517, 1608, 1904, 1532]"
487,"[888, 1567, 901, 1636, 535]"
488,"[1612, 1762, 1574, 1758, 1620]"
489,"[1853, 356, 1191, 1849, 1848]"
490,"[1915, 1917, 1705, 116, 1884]"
491,"[1549, 1551, 1915, 862, 372]"
492,"[368, 1608, 1607, 372, 819]"
493,"[1900, 1760, 1068, 1886, 621]"
494,"[1792, 1788, 372, 1733, 1610]"
495,"[1760, 1705, 1894, 1758, 1516]"
496,"[1735, 1705, 1737, 1696, 1699]"
497,"[455, 1704, 1607, 1613, 1705]"
498,"[1041, 1924, 1025, 1033, 1527]"
499,"[1192, 1712, 114, 1726, 692]"
500,"[1767, 360, 319, 459, 160]"
501,"[455, 1125, 1705, 421, 900]"
502,"[1030, 1370, 1358, 1531, 478]"
503,"[1762, 679, 682, 556, 859]"
504,"[164, 1705, 1704, 1752, 1193]"
505,"[1889, 1019, 1022, 477, 749]"
506,"[1246, 1617, 927, 1769, 1768]"
507,"[1936, 357, 406, 823, 1649]"
508,"[1906, 1704, 1528, 1916, 1705]"
509,"[1704, 216, 1914, 1758, 1762]"
510,"[1902, 1917, 757, 927, 741]"
511,"[114, 1567, 455, 16, 1880]"
512,"[410, 1202, 372, 368, 1607]"
513,"[219, 1060, 719, 1584, 1046]"
514,"[1056, 1613, 1188, 216, 1607]"
515,"[216, 113, 165, 1025, 937]"
516,"[916, 1884, 408, 455, 1733]"
517,"[455, 1906, 1733, 1255, 1788]"
518,"[1917, 1620, 1074, 1902, 1752]"
519,"[220, 1058, 1015, 1005, 1710]"
520,"[1043, 1884, 1704, 1705, 420]"
521,"[1570, 372, 1721, 1705, 1802]"
522,"[1792, 1790, 1787, 1788, 1786]"
523,"[1704, 677, 1900, 1026, 289]"
524,"[1752, 885, 1923, 1766, 1755]"
525,"[1917, 1924, 661, 326, 145]"
526,"[1705, 1713, 289, 1704, 1924]"
527,"[926, 258, 1558, 162, 919]"
528,"[257, 1613, 1127, 1530, 1627]"
529,"[1772, 212, 1912, 594, 1193]"
530,"[1705, 1704, 1899, 1892, 1487]"
531,"[1915, 357, 125, 1079, 1906]"
532,"[1618, 1607, 29, 1619, 455]"
533,"[862, 368, 1762, 1567, 455]"
534,"[304, 478, 1074, 1030, 1068]"
535,"[1704, 1705, 1307, 505, 1924]"
536,"[1207, 73, 1704, 1505, 529]"
537,"[1761, 1924, 478, 163, 116]"
538,"[478, 1924, 335, 1705, 306]"
539,"[1317, 1567, 259, 1202, 410]"
540,"[1619, 89, 29, 1676, 113]"
541,"[1131, 97, 96, 925, 166]"
542,"[1611, 451, 1936, 1192, 1040]"
543,"[1915, 1676, 599, 593, 597]"
544,"[1705, 478, 1704, 1899, 1567]"
545,"[1906, 1873, 1836, 1704, 1832]"
546,"[398, 150, 136, 1080, 357]"
547,"[1586, 1615, 1607, 1636, 1263]"
548,"[1607, 453, 478, 1924, 495]"
549,"[1924, 552, 1705, 478, 1704]"
550,"[371, 1828, 1148, 430, 924]"
551,"[1043, 1915, 1659, 164, 1906]"
552,"[1113, 368, 1066, 1056, 862]"
553,"[1607, 765, 1733, 768, 745]"
554,"[1704, 1157, 1705, 511, 1192]"
555,"[1899, 1536, 1526, 1932, 1696]"
556,"[1924, 1705, 1761, 454, 1932]"
557,"[1567, 1705, 1618, 1760, 1704]"
558,"[478, 1924, 1884, 1071, 1897]"
559,"[811, 1071, 322, 1762, 365]"
560,"[1704, 1705, 349, 1760, 1768]"
561,"[114, 1915, 1917, 1900, 116]"
562,"[1900, 1917, 1915, 1902, 890]"
563,"[1704, 527, 1705, 1516, 1752]"
564,"[1924, 478, 919, 1884, 1704]"
565,"[1620, 1520, 515, 419, 1704]"
566,"[413, 1898, 905, 1582, 457]"
567,"[628, 1525, 1746, 1541, 793]"
568,"[1915, 677, 1900, 376, 216]"
569,"[1899, 1526, 1705, 455, 1704]"
570,"[1607, 1904, 216, 1316, 1587]"
571,"[1906, 1916, 1528, 1899, 1910]"
572,"[1915, 1704, 1705, 1792, 1790]"
573,"[1915, 1676, 89, 455, 114]"
574,"[1567, 1704, 108, 135, 1880]"
575,"[868, 1748, 125, 357, 20]"
576,"[1814, 1813, 1811, 1812, 1815]"
577,"[1580, 1772, 1340, 594, 1486]"
578,"[1922, 1897, 1526, 166, 89]"
579,"[1924, 1900, 1543, 1914, 1899]"
580,"[223, 736, 1332, 1584, 1649]"
581,"[259, 1153, 256, 1567, 1319]"
582,"[98, 1550, 1619, 89, 1861]"
583,"[1671, 1745, 1616, 1924, 1520]"
584,"[1705, 1704, 1884, 1567, 16]"
585,"[1904, 1155, 18, 1316, 1587]"
586,"[149, 141, 1592, 1705, 138]"
587,"[1899, 216, 1704, 1193, 1705]"
588,"[624, 1705, 1598, 1704, 1030]"
589,"[1520, 1561, 1564, 1489, 1556]"
590,"[1915, 1762, 1900, 1560, 1861]"
591,"[116, 1884, 1921, 1067, 1705]"
592,"[1681, 982, 881, 188, 1761]"
593,"[420, 862, 1603, 606, 1786]"
594,"[1915, 1705, 1704, 322, 397]"
595,"[1900, 1917, 1704, 927, 760]"
596,"[1064, 1916, 1884, 291, 1549]"
597,"[1904, 1924, 1598, 1705, 1316]"
598,"[1705, 1704, 1924, 309, 868]"
599,"[1705, 1826, 1704, 512, 510]"
600,"[1705, 1915, 1924, 116, 1561]"
601,"[1704, 1705, 1023, 90, 1863]"
602,"[1742, 1900, 1543, 1564, 1489]"
603,"[1246, 1878, 1707, 692, 73]"
604,"[1704, 1760, 1762, 1758, 1705]"
605,"[1915, 1900, 1917, 1049, 1620]"
606,"[1900, 1704, 1705, 1752, 1543]"
607,"[1756, 108, 851, 1705, 1704]"
608,"[677, 114, 1567, 16, 116]"
609,"[1924, 478, 1705, 1704, 114]"
610,"[1861, 1855, 1846, 412, 90]"
611,"[440, 58, 54, 57, 427]"
612,"[1726, 1712, 692, 1601, 1191]"
613,"[114, 116, 1760, 1567, 455]"
614,"[1704, 1705, 1758, 1760, 1761]"
615,"[1915, 677, 1705, 1704, 270]"
616,"[125, 1705, 128, 406, 578]"
617,"[624, 760, 1023, 364, 756]"
618,"[862, 1603, 606, 1786, 1787]"
619,"[1936, 1086, 1906, 1556, 1617]"
620,"[835, 1704, 1758, 1705, 1760]"
621,"[409, 102, 97, 96, 421]"
622,"[1903, 1615, 1030, 1044, 965]"
623,"[368, 379, 455, 1113, 862]"
624,"[1704, 1705, 1760, 1758, 1772]"
625,"[1915, 455, 411, 1676, 89]"
626,"[1915, 371, 1148, 1658, 924]"
627,"[1772, 1034, 1932, 1639, 681]"
628,"[363, 1677, 255, 1870, 1824]"
629,"[527, 1213, 523, 1440, 1922]"
630,"[114, 1875, 1761, 1705, 454]"
631,"[1074, 1620, 1914, 1193, 1704]"
632,"[1915, 1917, 116, 1900, 1306]"
633,"[677, 1768, 1863, 1704, 1935]"
634,"[1915, 1900, 1917, 1902, 1704]"
635,"[1193, 1659, 1914, 1762, 1758]"
636,"[1570, 372, 1721, 1705, 1802]"
637,"[1772, 1513, 542, 594, 595]"
638,"[1915, 1001, 368, 455, 125]"
639,"[1762, 1872, 1835, 1251, 1506]"
640,"[861, 1599, 162, 1148, 919]"
641,"[1915, 1202, 410, 926, 1618]"
642,"[1043, 288, 333, 692, 1051]"
643,"[793, 1313, 1887, 1541, 98]"
644,"[1567, 114, 216, 1760, 455]"
645,"[1705, 1704, 1570, 108, 496]"
646,"[1607, 1705, 1704, 511, 1608]"
647,"[351, 604, 1924, 1060, 1511]"
648,"[530, 1704, 1705, 896, 1762]"
649,"[1607, 1608, 1705, 1894, 1704]"
650,"[372, 1607, 1157, 1570, 1608]"
651,"[455, 1884, 1636, 406, 1929]"
652,"[195, 990, 911, 1705, 1205]"
653,"[1704, 1705, 1773, 114, 1558]"
654,"[1618, 1675, 364, 762, 760]"
655,"[1705, 1704, 1752, 1894, 1809]"
656,"[455, 1567, 1907, 1880, 114]"
657,"[1896, 1157, 1617, 1567, 1607]"
658,"[116, 1884, 1761, 455, 1762]"
659,"[455, 454, 1929, 1224, 1113]"
660,"[1567, 114, 455, 1880, 926]"
661,"[1225, 1704, 601, 1322, 1705]"
662,"[1924, 1655, 478, 98, 1191]"
663,"[1726, 1662, 1915, 116, 1604]"
664,"[116, 114, 1067, 1567, 1705]"
665,"[231, 355, 1299, 1032, 408]"
666,"[1086, 1928, 1936, 89, 1295]"
667,"[341, 334, 1915, 7, 289]"
668,"[381, 911, 150, 149, 288]"
669,"[1273, 697, 1926, 1274, 1056]"
670,"[1915, 1404, 501, 900, 616]"
671,"[599, 593, 595, 597, 590]"
672,"[1072, 1911, 213, 1752, 1882]"
673,"[1121, 1011, 1586, 1615, 1192]"
674,"[1704, 455, 1705, 511, 1607]"
675,"[1786, 1787, 1788, 1791, 1792]"
676,"[1931, 1273, 291, 447, 1926]"
677,"[1900, 1902, 1917, 359, 408]"
678,"[48, 1704, 1705, 1826, 165]"
679,"[125, 1792, 1187, 1733, 1788]"
680,"[1567, 1618, 1705, 1733, 1704]"
681,"[997, 1067, 1124, 605, 603]"
682,"[108, 372, 368, 1705, 1704]"
683,"[216, 263, 1168, 150, 250]"
684,"[1705, 688, 1704, 1147, 1762]"
685,"[1775, 698, 1760, 1705, 1899]"
686,"[1915, 727, 726, 1650, 734]"
687,"[1915, 1352, 1001, 494, 493]"
688,"[925, 938, 1042, 921, 890]"
689,"[1628, 97, 96, 455, 1934]"
690,"[1570, 372, 1760, 1761, 1705]"
691,"[1586, 1587, 1627, 1615, 1905]"
692,"[1902, 1704, 1926, 1699, 1705]"
693,"[1924, 116, 163, 1884, 1558]"
694,"[1773, 1504, 1434, 1704, 1705]"
695,"[570, 1902, 1704, 531, 573]"
696,"[455, 1704, 1705, 510, 1826]"
697,"[1666, 455, 919, 164, 167]"
698,"[1705, 1704, 1570, 844, 165]"
699,"[478, 1924, 1704, 1617, 1705]"
700,"[1617, 1762, 292, 1758, 1760]"
701,"[368, 1157, 862, 1113, 1567]"
702,"[1704, 1705, 138, 495, 1587]"
703,"[511, 1704, 1705, 575, 749]"
704,"[197, 1042, 1193, 138, 1909]"
705,"[446, 1733, 216, 911, 1912]"
706,"[441, 1935, 1863, 290, 927]"
707,"[1153, 1884, 255, 1633, 994]"
708,"[1607, 781, 1704, 48, 901]"
709,"[291, 1713, 1533, 98, 102]"
710,"[1630, 79, 1648, 1667, 436]"
711,"[1863, 1915, 1935, 927, 430]"
712,"[1567, 1705, 1704, 1760, 1618]"
713,"[29, 372, 89, 612, 1570]"
714,"[421, 124, 1551, 1909, 1901]"
715,"[1772, 1899, 1654, 1758, 1762]"
716,"[1704, 368, 455, 421, 1705]"
717,"[1916, 365, 136, 926, 1659]"
718,"[1263, 1202, 410, 1299, 216]"
719,"[478, 1197, 1884, 1924, 1897]"
720,"[1705, 1696, 1124, 1191, 7]"
721,"[1115, 390, 343, 553, 1704]"
722,"[681, 1705, 887, 1760, 1626]"
723,"[1900, 1704, 560, 890, 1705]"
724,"[1570, 372, 1557, 1802, 1705]"
725,"[1607, 372, 1157, 1896, 1608]"
726,"[1193, 1656, 1570, 171, 1927]"
727,"[677, 376, 455, 368, 421]"
728,"[455, 1896, 368, 1157, 1113]"
729,"[1147, 1592, 1771, 277, 1046]"
730,"[1704, 1705, 765, 511, 1809]"
731,"[1607, 1608, 1704, 1705, 1517]"
732,"[1636, 1157, 778, 1177, 1704]"
733,"[878, 1772, 1704, 922, 1756]"
734,"[1900, 1902, 1915, 1552, 1917]"
735,"[162, 919, 167, 938, 924]"
736,"[1246, 1613, 163, 1708, 150]"
737,"[1587, 1607, 1527, 1904, 1905]"
738,"[1098, 757, 762, 758, 741]"
739,"[1567, 1704, 1880, 372, 114]"
740,"[1705, 1704, 1726, 582, 1601]"
741,"[455, 1113, 1922, 1897, 1896]"
742,"[163, 1036, 925, 423, 1244]"
743,"[1570, 372, 1557, 1705, 108]"
744,"[530, 1704, 1705, 896, 1914]"
745,"[1113, 992, 368, 421, 1613]"
746,"[368, 862, 1113, 455, 412]"
747,"[116, 1618, 1157, 1676, 455]"
748,"[1900, 1915, 1917, 1902, 1269]"
749,"[1752, 1043, 688, 697, 1599]"
750,"[1803, 1800, 1704, 1762, 1570]"
751,"[1924, 1617, 1705, 1752, 1704]"
752,"[1733, 1247, 1788, 412, 1789]"
753,"[116, 478, 1924, 1884, 786]"
754,"[339, 409, 1902, 96, 97]"
755,"[631, 1705, 1196, 1202, 1732]"
756,"[1567, 1705, 1704, 1762, 1758]"
757,"[936, 1863, 1793, 1792, 927]"
758,"[1789, 1790, 1793, 1791, 607]"
759,"[990, 162, 919, 164, 165]"
760,"[1900, 1074, 1543, 1704, 1705]"
761,"[1705, 419, 406, 1704, 162]"
762,"[1917, 1070, 1704, 139, 496]"
763,"[1811, 1812, 1608, 1313, 1607]"
764,"[1705, 1704, 109, 1192, 1758]"
765,"[1900, 377, 677, 1902, 376]"
766,"[1763, 306, 1088, 349, 1108]"
767,"[1762, 594, 1899, 1758, 1704]"
768,"[692, 409, 102, 1746, 1757]"
769,"[1733, 1659, 1914, 1762, 1758]"
770,"[1570, 372, 1721, 1705, 1802]"
771,"[368, 455, 862, 1193, 1697]"
772,"[1742, 1564, 1489, 1541, 1554]"
773,"[843, 1620, 1520, 1542, 1518]"
774,"[1567, 1704, 1705, 1746, 1896]"
775,"[608, 451, 1270, 1936, 1192]"
776,"[1917, 1620, 1902, 1193, 1704]"
777,"[363, 1613, 257, 1662, 1756]"
778,"[1607, 1157, 441, 1615, 1896]"
779,"[149, 915, 964, 347, 966]"
780,"[1915, 1733, 1676, 412, 125]"
781,"[372, 368, 1070, 455, 454]"
782,"[1026, 677, 1029, 1148, 1043]"
783,"[1155, 320, 303, 1748, 868]"
784,"[1704, 1705, 739, 1733, 257]"
785,"[1761, 1704, 1705, 1760, 496]"
786,"[270, 1591, 886, 920, 212]"
787,"[1763, 927, 1675, 1570, 1704]"
788,"[1567, 1704, 114, 1705, 1760]"
789,"[1704, 660, 1705, 380, 1135]"
790,"[1520, 1556, 1538, 1518, 885]"
791,"[16, 1884, 1067, 919, 1064]"
792,"[372, 368, 1788, 1894, 454]"
793,"[637, 663, 643, 1082, 664]"
794,"[875, 1795, 1130, 97, 165]"
795,"[368, 372, 1072, 116, 89]"
796,"[372, 292, 1619, 368, 1157]"
797,"[1617, 292, 1722, 1677, 1758]"
798,"[364, 760, 346, 1491, 1766]"
799,"[1705, 903, 454, 1704, 1760]"
800,"[1915, 1545, 1277, 1928, 1030]"
801,"[1733, 1570, 216, 1788, 412]"
802,"[1680, 1544, 1207, 1915, 1705]"
803,"[1612, 1216, 1355, 1214, 1762]"
804,"[1915, 1917, 1861, 1704, 1705]"
805,"[97, 96, 856, 98, 1651]"
806,"[1275, 1907, 114, 1405, 1704]"
807,"[1762, 1191, 1704, 1760, 1726]"
808,"[1567, 1604, 1611, 1880, 888]"
809,"[1204, 1630, 927, 1687, 1924]"
810,"[692, 1070, 1068, 1758, 1627]"
811,"[1929, 276, 1567, 1406, 1592]"
812,"[125, 1733, 1754, 412, 1789]"
813,"[1070, 289, 1704, 1531, 116]"
814,"[510, 1899, 1705, 1526, 1826]"
815,"[1772, 1922, 1897, 120, 1762]"
816,"[1030, 1917, 1916, 1919, 455]"
817,"[1705, 1712, 1704, 558, 1762]"
818,"[1704, 1705, 1592, 1765, 1777]"
819,"[1760, 1704, 553, 1705, 1761]"
820,"[1922, 1897, 1526, 1899, 927]"
821,"[1029, 1017, 1025, 1039, 164]"
822,"[1924, 1553, 478, 1705, 1628]"
823,"[692, 693, 1726, 1601, 1191]"
824,"[1935, 165, 1733, 1788, 455]"
825,"[339, 718, 1655, 116, 60]"
826,"[1705, 1748, 89, 868, 113]"
827,"[1071, 1705, 868, 1704, 1748]"
828,"[1817, 1816, 1814, 1813, 1820]"
829,"[530, 1704, 1705, 896, 901]"
830,"[1922, 1897, 1587, 1899, 166]"
831,"[116, 289, 455, 1705, 1704]"
832,"[1671, 1616, 1071, 1745, 1025]"
833,"[116, 1724, 114, 60, 1747]"
834,"[1924, 1785, 1904, 1191, 1296]"
835,"[925, 1746, 928, 1705, 98]"
836,"[206, 969, 955, 970, 976]"
837,"[693, 1907, 926, 801, 1636]"
838,"[216, 1037, 1915, 1704, 139]"
839,"[1899, 1526, 1922, 1897, 1558]"
840,"[478, 1026, 901, 1733, 1590]"
841,"[1586, 1615, 1538, 1556, 1191]"
842,"[1055, 153, 978, 925, 1495]"
843,"[1027, 1119, 927, 271, 969]"
844,"[1037, 836, 81, 1041, 965]"
845,"[1586, 1193, 1192, 1615, 1627]"
846,"[1915, 1042, 1591, 1544, 1630]"
847,"[927, 1588, 1906, 1529, 1528]"
848,"[1627, 1905, 89, 1896, 216]"
849,"[1704, 1761, 1760, 1705, 106]"
850,"[1914, 1704, 1762, 1758, 1898]"
851,"[1704, 659, 560, 1705, 1448]"
852,"[165, 1905, 1896, 89, 113]"
853,"[1261, 1253, 1676, 1298, 1259]"
854,"[275, 274, 277, 280, 273]"
855,"[1705, 626, 1661, 1768, 529]"
856,"[408, 1917, 455, 1902, 1899]"
857,"[250, 1922, 1897, 321, 89]"
858,"[409, 159, 1025, 98, 164]"
859,"[1406, 1458, 1338, 1599, 1637]"
860,"[1526, 1905, 1064, 677, 1899]"
861,"[1077, 478, 1929, 1014, 807]"
862,"[1620, 1612, 165, 1072, 1615]"
863,"[1787, 1890, 612, 614, 1248]"
864,"[409, 1902, 1853, 1822, 1828]"
865,"[677, 1855, 1846, 1915, 868]"
866,"[1705, 1704, 530, 1758, 1762]"
867,"[28, 164, 29, 1705, 1758]"
868,"[1924, 478, 1705, 1937, 1628]"
869,"[1705, 1704, 1531, 1904, 1759]"
870,"[731, 386, 730, 1729, 350]"
871,"[1705, 1704, 108, 1721, 1246]"
872,"[112, 1745, 1616, 1671, 89]"
873,"[89, 681, 890, 1615, 441]"
874,"[927, 1630, 1027, 1044, 408]"
875,"[261, 256, 238, 234, 239]"
876,"[219, 89, 1677, 455, 692]"
877,"[1697, 1696, 1884, 432, 1677]"
878,"[263, 1032, 624, 285, 1188]"
879,"[409, 164, 96, 97, 1746]"
880,"[862, 1704, 1922, 1897, 409]"
881,"[927, 1027, 1630, 412, 1036]"
882,"[868, 1071, 1587, 1748, 1915]"
883,"[692, 693, 1726, 1601, 846]"
884,"[291, 113, 667, 890, 89]"
885,"[1863, 1935, 430, 927, 1837]"
886,"[291, 113, 112, 890, 1628]"
887,"[1745, 1527, 1671, 1616, 1556]"
888,"[1713, 121, 1201, 98, 96]"
889,"[409, 102, 667, 1746, 97]"
890,"[1705, 1704, 1904, 1424, 289]"
891,"[1307, 128, 1627, 1886, 1587]"
892,"[1705, 1704, 1914, 1762, 1612]"
893,"[1705, 1704, 1424, 1904, 289]"
894,"[785, 350, 1006, 385, 1647]"
895,"[1922, 1897, 616, 1905, 1896]"
896,"[1077, 1193, 1905, 164, 1627]"
897,"[1915, 1042, 1666, 624, 165]"
898,"[1922, 1897, 1760, 1761, 1905]"
899,"[1907, 1601, 455, 1191, 1523]"
900,"[1006, 1008, 221, 250, 1005]"
901,"[1627, 1905, 163, 1191, 164]"
902,"[1917, 408, 1602, 1915, 1197]"
903,"[1495, 1659, 261, 96, 1705]"
904,"[1014, 919, 1592, 938, 1590]"
905,"[1671, 1745, 1616, 1041, 1070]"
906,"[1627, 1587, 1905, 1886, 1588]"
907,"[921, 165, 1809, 1193, 1618]"
908,"[1651, 1649, 403, 408, 116]"
909,"[1762, 1617, 1758, 1704, 1705]"
910,"[1705, 1704, 1904, 1424, 1760]"
911,"[1191, 455, 1255, 1666, 1193]"
912,"[1903, 1922, 1897, 1052, 166]"
913,"[1061, 403, 719, 1649, 736]"
914,"[1113, 368, 455, 1188, 1160]"
915,"[1915, 128, 171, 1526, 124]"
916,"[1821, 1822, 1837, 1833, 1851]"
917,"[1863, 1935, 927, 430, 1936]"
918,"[1704, 1705, 289, 1424, 1406]"
919,"[1761, 1760, 693, 1704, 697]"
920,"[113, 1627, 89, 1905, 409]"
921,"[1795, 875, 1700, 927, 412]"
922,"[933, 1863, 617, 1935, 927]"
923,"[1193, 1041, 1040, 1029, 1924]"
924,"[50, 785, 484, 1357, 1758]"
925,"[222, 1047, 216, 1915, 1786]"
926,"[216, 1030, 911, 1705, 618]"
927,"[1627, 1905, 1922, 1897, 96]"
928,"[1899, 1922, 1897, 408, 1526]"
929,"[1915, 1246, 1066, 737, 719]"
930,"[1927, 1887, 927, 128, 216]"
931,"[386, 1167, 1729, 731, 730]"
932,"[1025, 113, 937, 159, 98]"
933,"[89, 113, 165, 29, 1676]"
934,"[667, 291, 1705, 1704, 1758]"
935,"[406, 407, 1296, 428, 1916]"
936,"[1927, 1762, 1612, 551, 478]"
937,"[89, 1733, 1899, 1792, 1915]"
938,"[1704, 1705, 1516, 1676, 164]"
939,"[1726, 1704, 1761, 1760, 1705]"
940,"[1924, 1704, 1705, 1192, 1723]"
941,"[1704, 96, 97, 98, 1746]"
942,"[888, 1192, 106, 1277, 692]"
943,"[1902, 1900, 1917, 1552, 408]"
944,"[350, 1055, 154, 270, 1915]"
945,"[1068, 1907, 1724, 116, 455]"
946,"[1704, 1705, 1567, 1618, 95]"
947,"[933, 1617, 1706, 1810, 1822]"
948,"[1115, 1676, 89, 125, 1675]"
949,"[677, 1704, 1762, 1705, 1758]"
950,"[1904, 1705, 1746, 98, 1704]"
951,"[219, 357, 1046, 1666, 359]"
952,"[1772, 1666, 1649, 1933, 1046]"
953,"[1627, 484, 1704, 1705, 1237]"
954,"[1705, 1704, 1884, 1032, 1424]"
955,"[1899, 1762, 1705, 1704, 1758]"
956,"[106, 1704, 1705, 1910, 1890]"
957,"[1071, 1748, 868, 1924, 1704]"
958,"[7, 1852, 1856, 1857, 1878]"
959,"[1907, 1926, 1705, 1704, 1762]"
960,"[1527, 1533, 113, 1587, 1538]"
961,"[1601, 116, 1277, 1610, 692]"
962,"[1424, 54, 57, 58, 1624]"
963,"[1705, 1704, 1424, 216, 289]"
964,"[375, 379, 116, 60, 1747]"
965,"[1030, 1924, 1934, 1919, 341]"
966,"[89, 1534, 455, 1255, 612]"
967,"[446, 1733, 1459, 1788, 412]"
968,"[648, 657, 1025, 125, 159]"
969,"[1630, 979, 1771, 862, 317]"
970,"[1900, 1917, 1902, 1907, 114]"
971,"[112, 890, 1070, 113, 291]"
972,"[1349, 115, 1375, 898, 893]"
973,"[1922, 1897, 1587, 1905, 1615]"
974,"[919, 162, 164, 167, 174]"
975,"[1924, 1193, 1704, 1705, 1884]"
976,"[441, 1935, 927, 1863, 430]"
977,"[994, 256, 1776, 1757, 261]"
978,"[1726, 692, 455, 368, 1277]"
979,"[163, 990, 164, 165, 175]"
980,"[212, 911, 990, 153, 214]"
981,"[1705, 1704, 1752, 1072, 1193]"
982,"[1065, 812, 320, 279, 137]"
983,"[1586, 1915, 1752, 1924, 1704]"
984,"[1061, 1676, 1918, 125, 455]"
985,"[216, 28, 29, 1193, 1762]"
986,"[1922, 1897, 89, 29, 1526]"
987,"[1042, 1045, 116, 164, 165]"
988,"[1747, 1704, 1705, 60, 116]"
989,"[1915, 927, 1148, 1828, 1863]"
990,"[1526, 1899, 113, 124, 1627]"
991,"[704, 1762, 1758, 1063, 1704]"
992,"[106, 275, 1910, 1191, 1899]"
993,"[408, 522, 1040, 1341, 1676]"
994,"[1304, 275, 274, 277, 273]"
995,"[289, 692, 1934, 1676, 1911]"
996,"[1247, 1929, 1592, 1706, 96]"
997,"[1671, 1616, 1745, 1025, 165]"
998,"[116, 1747, 60, 865, 863]"
999,"[296, 299, 1699, 1495, 1697]"
1000,"[1386, 915, 284, 1641, 317]"
1001,"[1905, 1627, 1063, 1309, 460]"
1002,"[1705, 1704, 1775, 1567, 1887]"
1003,"[1704, 1705, 1567, 1890, 1618]"
1004,"[1495, 1809, 175, 216, 1705]"
1005,"[1863, 624, 430, 1676, 1833]"
1006,"[1915, 116, 159, 102, 937]"
1007,"[376, 677, 169, 1040, 1041]"
1008,"[1246, 909, 211, 437, 1734]"
1009,"[1903, 1535, 419, 28, 1911]"
1010,"[1914, 1564, 1489, 1538, 1556]"
1011,"[1713, 1536, 1556, 1538, 1531]"
1012,"[692, 1601, 693, 1726, 1191]"
1013,"[1705, 1914, 1704, 1762, 1758]"
1014,"[1193, 921, 159, 937, 1909]"
1015,"[1587, 1627, 1905, 89, 1586]"
1016,"[1915, 97, 96, 113, 1526]"
1017,"[1863, 1260, 430, 1935, 927]"
1018,"[89, 165, 1627, 1907, 175]"
1019,"[1086, 150, 1922, 1897, 1046]"
1020,"[1704, 1705, 1032, 718, 1875]"
1021,"[455, 1536, 1489, 1538, 1518]"
1022,"[1696, 1762, 1758, 1063, 1705]"
1023,"[1784, 1308, 678, 1704, 1846]"
1024,"[1793, 1792, 1790, 1789, 1791]"
1025,"[1705, 1704, 1424, 1726, 1760]"
1026,"[1424, 1624, 54, 57, 58]"
1027,"[1704, 165, 937, 159, 164]"
1028,"[1863, 1935, 927, 430, 1936]"
1029,"[1030, 1915, 1560, 1049, 641]"
1030,"[443, 807, 411, 649, 478]"
1031,"[1704, 1916, 1705, 1906, 89]"
1032,"[1705, 1704, 1826, 510, 512]"
1033,"[759, 1534, 1255, 1066, 1191]"
1034,"[275, 1924, 274, 280, 279]"
1035,"[657, 648, 1018, 165, 924]"
1036,"[165, 375, 1069, 1171, 113]"
1037,"[1643, 1705, 1704, 1618, 781]"
1038,"[1726, 1677, 1704, 1705, 692]"
1039,"[1890, 1557, 1555, 757, 762]"
1040,"[964, 441, 96, 97, 98]"
1041,"[1649, 1014, 286, 258, 732]"
1042,"[437, 1283, 1652, 442, 641]"
1043,"[981, 985, 213, 984, 983]"
1044,"[368, 1915, 1649, 406, 1733]"
1045,"[1243, 415, 418, 1247, 101]"
1046,"[1590, 1592, 1929, 969, 972]"
1047,"[1924, 1746, 1915, 96, 97]"
1048,"[102, 667, 1301, 291, 452]"
1049,"[921, 175, 938, 164, 163]"
1050,"[1066, 116, 289, 1705, 1611]"
1051,"[925, 113, 89, 735, 1587]"
1052,"[452, 403, 1300, 1704, 1705]"
1053,"[1176, 1700, 402, 1196, 1675]"
1054,"[1853, 1828, 1544, 1822, 1821]"
1055,"[95, 1762, 1758, 1705, 1704]"
1056,"[1227, 1383, 1226, 485, 484]"
1057,"[1704, 1019, 1810, 1706, 1812]"
1058,"[289, 1704, 1705, 1915, 1758]"
1059,"[1191, 1747, 116, 865, 60]"
1060,"[1705, 1704, 1904, 289, 1424]"
1061,"[1705, 1752, 1590, 1704, 787]"
1062,"[1704, 1705, 682, 454, 1677]"
1063,"[165, 113, 89, 1526, 1025]"
1064,"[1261, 1676, 1258, 1298, 1259]"
1065,"[677, 1455, 1924, 1047, 1815]"
1066,"[1065, 1927, 455, 1914, 1762]"
1067,"[1915, 411, 1299, 677, 128]"
1068,"[1192, 1336, 1899, 1928, 1637]"
1069,"[1792, 807, 361, 1698, 446]"
1070,"[164, 89, 165, 1193, 28]"
1071,"[1899, 1924, 938, 1526, 925]"
1072,"[1904, 1705, 1746, 97, 96]"
1073,"[1518, 1537, 1523, 1904, 43]"
1074,"[1892, 1029, 1924, 1704, 1705]"
1075,"[1915, 1934, 478, 1590, 1924]"
1076,"[933, 286, 1128, 1151, 1075]"
1077,"[290, 1538, 96, 97, 1615]"
1078,"[1904, 819, 166, 1587, 1890]"
1079,"[171, 102, 1713, 1041, 216]"
1080,"[1030, 139, 357, 1257, 1649]"
1081,"[406, 162, 919, 164, 167]"
1082,"[1762, 1761, 1758, 1760, 572]"
1083,"[128, 1627, 1886, 1587, 1899]"
1084,"[1900, 1543, 1705, 440, 1704]"
1085,"[452, 409, 1853, 102, 1706]"
1086,"[1627, 1904, 1884, 1531, 1677]"
1087,"[116, 1655, 700, 339, 1724]"
1088,"[1069, 1618, 89, 29, 1676]"
1089,"[1046, 1014, 1592, 1929, 1590]"
1090,"[216, 1914, 1762, 1758, 1704]"
1091,"[1690, 1705, 125, 1704, 1637]"
1092,"[959, 965, 1704, 1705, 1488]"
1093,"[165, 919, 938, 931, 164]"
1094,"[108, 887, 1733, 1773, 954]"
1095,"[1753, 1705, 1042, 919, 1704]"
1096,"[1915, 868, 677, 1924, 1789]"
1097,"[1924, 1561, 1556, 1603, 1548]"
1098,"[1437, 1215, 1328, 1367, 1414]"
1099,"[4, 1915, 677, 1541, 102]"
1100,"[1713, 409, 1915, 1615, 335]"
1101,"[1055, 1914, 1762, 1898, 533]"
1102,"[1762, 1775, 1769, 1768, 1761]"
1103,"[1760, 1704, 1705, 1761, 1296]"
1104,"[1096, 1106, 451, 1689, 1705]"
1105,"[677, 1855, 376, 1915, 216]"
1106,"[106, 1704, 1705, 1600, 1899]"
1107,"[28, 1193, 1762, 1612, 1694]"
1108,"[1253, 1258, 1676, 1260, 1259]"
1109,"[1704, 530, 1705, 896, 1279]"
1110,"[1704, 1705, 1032, 718, 1210]"
1111,"[1878, 1707, 1708, 542, 8]"
1112,"[688, 291, 1070, 680, 1586]"
1113,"[1046, 702, 408, 1772, 1123]"
1114,"[1264, 29, 113, 89, 125]"
1115,"[557, 1448, 1462, 1574, 1328]"
1116,"[1922, 1897, 1907, 89, 216]"
1117,"[1922, 1897, 165, 89, 28]"
1118,"[1304, 783, 324, 781, 1911]"
1119,"[692, 1726, 1601, 693, 1662]"
1120,"[1612, 1620, 1574, 1927, 1065]"
1121,"[1705, 112, 1704, 890, 1533]"
1122,"[275, 381, 274, 276, 446]"
1123,"[1036, 1073, 1807, 1296, 1030]"
1124,"[1204, 1704, 1705, 1900, 1924]"
1125,"[1863, 1935, 927, 1833, 1828]"
1126,"[440, 324, 1134, 711, 781]"
1127,"[1587, 1627, 1905, 819, 113]"
1128,"[1612, 37, 1762, 1758, 1705]"
1129,"[89, 1676, 29, 1619, 113]"
1130,"[1907, 276, 1905, 1527, 1671]"
1131,"[522, 1054, 1196, 1172, 1916]"
1132,"[990, 1875, 1753, 164, 604]"
1133,"[1902, 1201, 1900, 1543, 1552]"
1134,"[1042, 1924, 288, 455, 1560]"
1135,"[1705, 703, 330, 689, 1722]"
1136,"[1636, 1614, 363, 1112, 438]"
1137,"[1026, 885, 1008, 165, 159]"
1138,"[430, 1259, 1922, 1897, 1298]"
1139,"[1087, 73, 75, 1106, 1088]"
1140,"[1101, 1723, 1556, 1538, 1752]"
1141,"[1899, 530, 1704, 1705, 1526]"
1142,"[1704, 1014, 1705, 1252, 1832]"
1143,"[102, 1746, 97, 96, 1313]"
1144,"[1462, 126, 665, 1756, 629]"
1145,"[1578, 1784, 1210, 1580, 1880]"
1146,"[1122, 1696, 290, 1167, 1615]"
1147,"[339, 1070, 60, 1705, 540]"
1148,"[149, 1933, 1680, 548, 1061]"
1149,"[1705, 1066, 1704, 289, 379]"
1150,"[1915, 440, 1068, 368, 7]"
1151,"[1761, 1704, 1705, 1760, 1762]"
1152,"[1904, 1274, 1191, 292, 1188]"
1153,"[1155, 778, 1736, 478, 1519]"
1154,"[1405, 1705, 1704, 1880, 1190]"
1155,"[739, 1630, 1737, 1727, 1263]"
1156,"[1014, 1042, 1026, 1590, 408]"
1157,"[1694, 164, 1193, 1869, 159]"
1158,"[1705, 1704, 1348, 29, 89]"
1159,"[116, 1704, 1746, 289, 1705]"
1160,"[692, 1726, 693, 1191, 1601]"
1161,"[1193, 96, 97, 98, 1752]"
1162,"[1928, 1273, 1336, 1899, 1637]"
1163,"[1062, 1033, 1924, 165, 935]"
1164,"[1556, 1538, 1554, 1520, 1564]"
1165,"[735, 1620, 1041, 927, 1520]"
1166,"[1006, 223, 1632, 216, 1008]"
1167,"[325, 707, 394, 370, 345]"
1168,"[165, 89, 1075, 164, 1025]"
1169,"[1863, 1935, 927, 1936, 430]"
1170,"[1924, 1705, 478, 1937, 1628]"
1171,"[1915, 1042, 1704, 1044, 216]"
1172,"[1704, 1760, 1758, 1705, 289]"
1173,"[28, 113, 165, 89, 1193]"
1174,"[1924, 478, 1822, 1821, 216]"
1175,"[286, 1915, 1676, 89, 455]"
1176,"[1246, 250, 1610, 1653, 673]"
1177,"[439, 703, 44, 689, 1274]"
1178,"[692, 1726, 693, 846, 888]"
1179,"[1924, 430, 1750, 1833, 1828]"
1180,"[110, 1916, 1246, 1787, 1897]"
1181,"[1915, 259, 1055, 216, 1153]"
1182,"[1201, 98, 96, 97, 1746]"
1183,"[1787, 1791, 1792, 1786, 1789]"
1184,"[275, 274, 280, 273, 277]"
1185,"[91, 1581, 885, 440, 379]"
1186,"[1041, 1589, 1562, 1489, 1532]"
1187,"[1135, 1916, 289, 360, 1900]"
1188,"[865, 1747, 863, 265, 284]"
1189,"[901, 999, 48, 739, 873]"
1190,"[925, 1247, 1704, 1924, 522]"
1191,"[165, 937, 159, 1534, 1538]"
1192,"[455, 1896, 421, 1193, 1239]"
1193,"[1705, 1612, 1704, 1889, 1072]"
1194,"[1916, 1030, 1906, 1928, 1620]"
1195,"[1281, 437, 1575, 446, 402]"
1196,"[437, 216, 1099, 1281, 446]"
1197,"[1907, 1899, 113, 1627, 1526]"
1198,"[216, 1085, 1762, 1704, 1758]"
1199,"[291, 113, 1041, 1042, 112]"
1200,"[1889, 1768, 1775, 1769, 1705]"
1201,"[1772, 221, 927, 1705, 1704]"
1202,"[1066, 692, 1726, 1534, 1924]"
1203,"[1922, 1897, 1526, 1915, 927]"
1204,"[1746, 1704, 289, 1192, 1705]"
1205,"[327, 1610, 1789, 1733, 1792]"
1206,"[1705, 862, 1676, 1704, 1325]"
1207,"[1863, 1935, 927, 1833, 1828]"
1208,"[1885, 361, 1666, 1705, 1704]"
1209,"[1905, 1627, 1527, 89, 165]"
1210,"[1299, 408, 1772, 326, 430]"
1211,"[116, 1768, 1769, 1890, 60]"
1212,"[89, 1922, 1897, 1905, 1627]"
1213,"[1704, 1705, 319, 1760, 366]"
1214,"[1733, 412, 1788, 1792, 1789]"
1215,"[1202, 1590, 175, 213, 1911]"
1216,"[1836, 1828, 1935, 1837, 1833]"
1217,"[1066, 406, 407, 1029, 1556]"
1218,"[4, 1617, 437, 1263, 1762]"
1219,"[1157, 1924, 108, 886, 349]"
1220,"[113, 112, 890, 291, 89]"
1221,"[1726, 692, 388, 1042, 1277]"
1222,"[1620, 1705, 1618, 1704, 164]"
1223,"[1704, 1705, 1746, 1904, 289]"
1224,"[1063, 1705, 1704, 1759, 1531]"
1225,"[1878, 1707, 1708, 1246, 1772]"
1226,"[1197, 1752, 1524, 339, 1559]"
1227,"[1915, 412, 1733, 116, 1659]"
1228,"[933, 1193, 164, 1809, 1705]"
1229,"[455, 16, 1199, 1192, 1523]"
1230,"[1760, 1704, 447, 553, 1761]"
1231,"[1523, 1277, 109, 1199, 416]"
1232,"[624, 1598, 324, 1319, 1277]"
1233,"[1915, 702, 411, 1202, 410]"
1234,"[1705, 759, 1915, 125, 1733]"
1235,"[1705, 1704, 530, 526, 113]"
1236,"[1705, 1704, 1904, 1424, 289]"
1237,"[394, 1722, 1620, 1135, 89]"
1238,"[1049, 175, 159, 937, 692]"
1239,"[1285, 1704, 1705, 1282, 1697]"
1240,"[1704, 291, 1705, 1365, 1924]"
1241,"[222, 1047, 1933, 339, 1094]"
1242,"[95, 93, 874, 1760, 1775]"
1243,"[59, 1617, 1646, 1762, 1758]"
1244,"[1904, 1071, 1924, 1627, 811]"
1245,"[688, 1915, 692, 320, 108]"
1246,"[97, 96, 116, 98, 1704]"
1247,"[89, 113, 165, 29, 890]"
1248,"[1904, 938, 1489, 1890, 1532]"
1249,"[1922, 1897, 1588, 166, 1899]"
1250,"[1705, 1704, 1424, 1904, 289]"
1251,"[1071, 868, 1748, 1807, 1133]"
1252,"[1733, 405, 412, 1788, 1792]"
1253,"[1924, 1937, 478, 216, 1677]"
1254,"[1246, 1176, 73, 1772, 1907]"
1255,"[915, 952, 964, 911, 149]"
1256,"[1050, 1033, 1119, 166, 1027]"
1257,"[1118, 1675, 669, 213, 1911]"
1258,"[1772, 216, 1841, 1838, 1840]"
1259,"[432, 403, 1080, 1924, 777]"
1260,"[530, 1924, 1704, 1705, 896]"
1261,"[1627, 927, 1899, 1905, 1907]"
1262,"[260, 1055, 1060, 981, 1049]"
1263,"[1907, 1526, 89, 1705, 1899]"
1264,"[1258, 1676, 1261, 1259, 1253]"
1265,"[749, 1706, 866, 682, 1812]"
1266,"[1924, 478, 1704, 275, 552]"
1267,"[1746, 1921, 1068, 819, 96]"
1268,"[1587, 113, 409, 1771, 460]"
1269,"[787, 1908, 1544, 1193, 1875]"
1270,"[116, 1043, 1704, 1884, 1705]"
1271,"[164, 1705, 1704, 1072, 1613]"
1272,"[1055, 1046, 980, 350, 732]"
1273,"[1246, 419, 633, 959, 1042]"
1274,"[113, 1534, 1556, 1538, 1561]"
1275,"[1904, 1567, 1191, 1704, 1022]"
1276,"[368, 455, 1733, 1899, 1914]"
1277,"[1863, 1935, 1715, 927, 1833]"
1278,"[1601, 692, 1726, 846, 1704]"
1279,"[1030, 1919, 1928, 1906, 1924]"
1280,"[403, 1080, 782, 777, 1884]"
1281,"[1922, 1897, 1587, 1906, 1615]"
1282,"[749, 113, 112, 890, 1191]"
1283,"[1924, 1495, 1055, 925, 928]"
1284,"[1924, 478, 1894, 1553, 89]"
1285,"[1924, 527, 370, 1696, 868]"
1286,"[1527, 1587, 289, 159, 937]"
1287,"[1705, 688, 1704, 493, 1826]"
1288,"[921, 1907, 1899, 419, 165]"
1289,"[1705, 289, 1704, 96, 98]"
1290,"[1733, 1762, 1758, 1063, 1704]"
1291,"[1915, 108, 288, 138, 141]"
1292,"[1125, 96, 97, 98, 409]"
1293,"[1924, 354, 1816, 1817, 1820]"
1294,"[222, 1584, 1046, 728, 737]"
1295,"[1246, 211, 909, 437, 1109]"
1296,"[48, 1733, 778, 175, 1063]"
1297,"[261, 222, 238, 235, 233]"
1298,"[1052, 166, 1627, 1071, 1905]"
1299,"[408, 1042, 377, 921, 1049]"
1300,"[1071, 925, 166, 1907, 1922]"
1301,"[1905, 1627, 904, 1922, 1897]"
1302,"[1929, 1014, 1873, 1486, 1836]"
1303,"[1784, 452, 1300, 1899, 1627]"
1304,"[1135, 1041, 1017, 1202, 165]"
1305,"[1587, 819, 113, 1025, 1771]"
1306,"[1863, 1935, 1837, 1833, 1828]"
1307,"[1722, 686, 688, 1544, 689]"
1308,"[1705, 1704, 1904, 289, 1424]"
1309,"[1705, 1904, 1067, 116, 1704]"
1310,"[1627, 1905, 1587, 1063, 113]"
1311,"[216, 1561, 1535, 1519, 1523]"
1312,"[1025, 291, 1191, 915, 1071]"
1313,"[1705, 1704, 1914, 1758, 1762]"
1314,"[261, 267, 239, 234, 233]"
1315,"[1042, 446, 165, 1251, 421]"
1316,"[403, 1924, 432, 1080, 478]"
1317,"[1922, 1897, 1907, 1183, 7]"
1318,"[159, 937, 919, 164, 176]"
1319,"[1809, 886, 403, 1705, 164]"
1320,"[1807, 1025, 1125, 438, 919]"
1321,"[408, 1733, 1014, 139, 1916]"
1322,"[1705, 1704, 406, 1807, 407]"
1323,"[933, 455, 1253, 1697, 862]"
1324,"[1692, 1704, 1705, 683, 681]"
1325,"[1733, 412, 1762, 1914, 1729]"
1326,"[681, 307, 308, 296, 1100]"
1327,"[1815, 1706, 902, 1704, 1822]"
1328,"[166, 1191, 1922, 1897, 455]"
1329,"[1760, 1761, 1705, 1202, 410]"
1330,"[1063, 1905, 1627, 1922, 1897]"
1331,"[385, 1647, 351, 927, 1080]"
1332,"[116, 1924, 60, 1747, 865]"
1333,"[1033, 150, 165, 409, 89]"
1334,"[1260, 1298, 1256, 1258, 430]"
1335,"[1612, 1620, 1626, 1574, 1704]"
1336,"[625, 1770, 613, 52, 70]"
1337,"[656, 637, 657, 651, 633]"
1338,"[1055, 1649, 1584, 736, 1495]"
1339,"[341, 343, 452, 495, 660]"
1340,"[1922, 1897, 1587, 1615, 1905]"
1341,"[1587, 1025, 1627, 1615, 1905]"
1342,"[1922, 1897, 1615, 324, 1627]"
1343,"[919, 934, 924, 938, 925]"
1344,"[1071, 868, 1748, 1705, 1704]"
1345,"[1733, 446, 1133, 677, 411]"
1346,"[1899, 97, 1526, 1529, 478]"
1347,"[1705, 1704, 1620, 1191, 1556]"
1348,"[125, 165, 164, 919, 159]"
1349,"[1064, 1545, 326, 1588, 1627]"
1350,"[915, 1612, 1063, 952, 914]"
1351,"[408, 1917, 1900, 1902, 1704]"
1352,"[210, 106, 1910, 1618, 1907]"
1353,"[1704, 1705, 408, 1924, 1014]"
1354,"[1623, 1907, 1705, 1704, 1887]"
1355,"[692, 1810, 1581, 462, 697]"
1356,"[1358, 1370, 1363, 1338, 1584]"
1357,"[1889, 1704, 1705, 60, 1907]"
1358,"[921, 1924, 1627, 97, 321]"
1359,"[403, 432, 1924, 478, 552]"
1360,"[1863, 1935, 927, 1828, 430]"
1361,"[1922, 1897, 928, 165, 1915]"
1362,"[1915, 1085, 216, 1704, 1076]"
1363,"[1760, 1705, 1836, 1704, 1873]"
1364,"[692, 1112, 116, 1070, 454]"
1365,"[1273, 1894, 692, 1926, 1906]"
1366,"[128, 1587, 1627, 1588, 1905]"
1367,"[1733, 1792, 1788, 1789, 1705]"
1368,"[707, 1068, 1042, 370, 848]"
1369,"[885, 1205, 976, 969, 181]"
1370,"[1704, 1705, 1567, 1618, 37]"
1371,"[452, 1300, 1301, 1627, 1886]"
1372,"[419, 1906, 1917, 114, 540]"
1373,"[1917, 1034, 1914, 1762, 1902]"
1374,"[1192, 320, 1113, 1163, 1041]"
1375,"[89, 717, 446, 1915, 1733]"
1376,"[275, 273, 1906, 274, 279]"
1377,"[1884, 1904, 1762, 1758, 1063]"
1378,"[1889, 1768, 1775, 116, 60]"
1379,"[1054, 368, 320, 377, 1137]"
1380,"[1925, 89, 1073, 165, 681]"
1381,"[1488, 1046, 737, 719, 1749]"
1382,"[216, 927, 1762, 1758, 1704]"
1383,"[1902, 128, 1900, 1917, 408]"
1384,"[1893, 1462, 477, 1019, 1118]"
1385,"[1762, 1758, 1752, 1914, 1705]"
1386,"[1901, 1704, 1907, 1547, 1705]"
1387,"[1157, 1124, 344, 1176, 1312]"
1388,"[440, 1904, 1733, 446, 1788]"
1389,"[1027, 1762, 1758, 1612, 1705]"
1390,"[1705, 554, 1534, 1704, 1066]"
1391,"[1192, 1705, 289, 1704, 1904]"
1392,"[1520, 1518, 1561, 1538, 1564]"
1393,"[1197, 1922, 1897, 455, 1884]"
1394,"[1733, 1788, 1792, 1789, 1787]"
1395,"[1459, 1705, 558, 1704, 1176]"
1396,"[927, 1884, 1863, 786, 1935]"
1397,"[16, 116, 60, 1067, 339]"
1398,"[408, 737, 291, 1917, 1640]"
1399,"[1726, 1604, 692, 1662, 846]"
1400,"[443, 530, 1704, 1705, 1762]"
1401,"[707, 1762, 394, 276, 345]"
1402,"[1705, 1704, 1601, 1157, 455]"
1403,"[1713, 98, 1924, 1822, 1626]"
1404,"[368, 1647, 372, 1567, 1549]"
1405,"[1246, 509, 1907, 513, 1193]"
1406,"[165, 89, 1033, 128, 959]"
1407,"[1912, 1021, 1774, 518, 1363]"
1408,"[1863, 1828, 1833, 1837, 1811]"
1409,"[1922, 1897, 1903, 89, 1615]"
1410,"[819, 1704, 116, 1875, 1705]"
1411,"[1192, 116, 1769, 60, 1768]"
1412,"[1029, 1041, 1193, 1027, 174]"
1413,"[116, 363, 1637, 692, 1191]"
1414,"[1904, 1746, 96, 97, 1191]"
1415,"[1902, 1900, 1917, 884, 455]"
1416,"[1026, 902, 212, 403, 1041]"
1417,"[1705, 1704, 1914, 1675, 1905]"
1418,"[408, 1029, 97, 1277, 1936]"
1419,"[1055, 245, 925, 1495, 1042]"
1420,"[1704, 1705, 1762, 1758, 1063]"
1421,"[1157, 109, 811, 1523, 1199]"
1422,"[1587, 1627, 1025, 1191, 1904]"
1423,"[692, 1726, 1191, 846, 1924]"
1424,"[1523, 1199, 3, 787, 126]"
1425,"[1147, 339, 1907, 1692, 462]"
1426,"[1907, 670, 1705, 1704, 901]"
1427,"[1612, 1617, 1762, 1758, 1705]"
1428,"[1891, 1617, 704, 1762, 1758]"
1429,"[1828, 1837, 1833, 1611, 1863]"
1430,"[1643, 1904, 1618, 1160, 1704]"
1431,"[1935, 677, 1828, 1863, 430]"
1432,"[1922, 1897, 1762, 89, 1526]"
1433,"[1534, 89, 1676, 29, 890]"
1434,"[1705, 1704, 108, 1878, 1707]"
1435,"[1898, 49, 533, 1582, 1380]"
1436,"[1712, 1705, 1704, 558, 1762]"
1437,"[1704, 1025, 165, 921, 937]"
1438,"[1193, 412, 165, 446, 1251]"
1439,"[1612, 1762, 1574, 1620, 1758]"
1440,"[1620, 1193, 28, 29, 1762]"
1441,"[1248, 862, 455, 351, 1617]"
1442,"[1112, 1611, 455, 281, 1733]"
1443,"[1704, 1705, 1762, 1914, 1758]"
1444,"[1077, 291, 1706, 478, 1924]"
1445,"[1915, 788, 1590, 1592, 270]"
1446,"[216, 1076, 1907, 1085, 1612]"
1447,"[643, 1614, 1893, 607, 1521]"
1448,"[1518, 1523, 1538, 1519, 1556]"
1449,"[165, 1041, 1527, 1519, 1529]"
1450,"[273, 275, 1677, 925, 279]"
1451,"[1902, 1900, 1917, 1552, 377]"
1452,"[1119, 1027, 338, 272, 1041]"
1453,"[1789, 1790, 1792, 1788, 1786]"
1454,"[1030, 1039, 405, 1526, 1558]"
1455,"[1055, 1705, 1193, 165, 1495]"
1456,"[1192, 862, 216, 464, 1863]"
1457,"[1704, 1705, 1760, 547, 1521]"
1458,"[1792, 1786, 1787, 1788, 1733]"
1459,"[1335, 498, 1345, 1329, 1330]"
1460,"[1922, 1897, 1586, 1615, 1905]"
1461,"[646, 51, 1924, 847, 1917]"
1462,"[530, 1704, 1705, 896, 1219]"
1463,"[862, 1704, 1603, 1705, 164]"
1464,"[1762, 1775, 1769, 1758, 1705]"
1465,"[1545, 1700, 97, 96, 402]"
1466,"[926, 1618, 919, 1025, 159]"
1467,"[879, 876, 124, 880, 877]"
1468,"[409, 171, 102, 98, 583]"
1469,"[409, 102, 1702, 96, 97]"
1470,"[988, 720, 1205, 915, 914]"
1471,"[1905, 1176, 1627, 1587, 1025]"
1472,"[1705, 692, 1704, 1762, 1277]"
1473,"[1649, 1053, 1299, 995, 1030]"
1474,"[1077, 114, 326, 333, 394]"
1475,"[406, 1915, 407, 618, 1704]"
1476,"[594, 1421, 120, 1772, 1227]"
1477,"[862, 1549, 1914, 1567, 901]"
1478,"[1905, 1627, 113, 1527, 1907]"
1479,"[1067, 339, 1724, 116, 1721]"
1480,"[1627, 1587, 1613, 164, 165]"
1481,"[1915, 124, 216, 96, 97]"
1482,"[1922, 1897, 1608, 89, 1517]"
1483,"[677, 1733, 412, 98, 97]"
1484,"[106, 1704, 1926, 1705, 1762]"
1485,"[1590, 410, 1202, 1919, 1041]"
1486,"[1700, 1904, 124, 1544, 926]"
1487,"[927, 1792, 1863, 1193, 1935]"
1488,"[1924, 478, 409, 1705, 97]"
1489,"[438, 1636, 1637, 211, 1704]"
1490,"[291, 711, 1070, 1662, 926]"
1491,"[289, 1704, 1705, 1692, 607]"
1492,"[688, 1014, 412, 1733, 446]"
1493,"[1733, 1788, 412, 89, 1789]"
1494,"[291, 166, 1746, 1704, 98]"
1495,"[1071, 1807, 1704, 1705, 1080]"
1496,"[1504, 1924, 171, 553, 126]"
1497,"[1567, 135, 1704, 1880, 114]"
1498,"[29, 1640, 1697, 862, 1696]"
1499,"[1316, 1904, 216, 1915, 1704]"
1500,"[1761, 1705, 1704, 1072, 1760]"
1501,"[1607, 1904, 1517, 1704, 1316]"
1502,"[116, 1915, 125, 159, 937]"
1503,"[1157, 368, 1113, 1067, 1035]"
1504,"[1136, 1704, 1705, 319, 322]"
1505,"[926, 1066, 1552, 1191, 1255]"
1506,"[1704, 1705, 1752, 1193, 1909]"
1507,"[1157, 1035, 432, 438, 1636]"
1508,"[1884, 98, 1705, 1704, 919]"
1509,"[1809, 1705, 1704, 1607, 1043]"
1510,"[1705, 1704, 1752, 1578, 1409]"
1511,"[1836, 1873, 722, 347, 1832]"
1512,"[163, 1587, 164, 165, 937]"
1513,"[195, 146, 153, 1924, 138]"
1514,"[278, 1016, 1915, 274, 972]"
1515,"[361, 445, 818, 1762, 1760]"
1516,"[1567, 752, 762, 759, 765]"
1517,"[964, 145, 200, 1924, 1338]"
1518,"[1705, 1704, 1567, 1775, 1618]"
1519,"[114, 1704, 1567, 1705, 16]"
1520,"[1705, 1704, 1826, 793, 1541]"
1521,"[794, 867, 866, 793, 1119]"
1522,"[1792, 1790, 1793, 1789, 1791]"
1523,"[1612, 530, 890, 1704, 1620]"
1524,"[1567, 1085, 362, 1076, 396]"
1525,"[329, 1615, 1586, 1099, 346]"
1526,"[1630, 1332, 1659, 1618, 919]"
1527,"[1704, 997, 1705, 1612, 1193]"
1528,"[409, 102, 97, 96, 1137]"
1529,"[1541, 793, 98, 1313, 102]"
1530,"[1552, 1705, 1704, 408, 48]"
1531,"[372, 368, 1113, 455, 862]"
1532,"[1704, 342, 1705, 1007, 496]"
1533,"[1344, 1083, 1484, 1411, 365]"
1534,"[1792, 1787, 1788, 1786, 372]"
1535,"[1936, 1598, 419, 1704, 1904]"
1536,"[927, 165, 1193, 1041, 1025]"
1537,"[1705, 1157, 1769, 1774, 1768]"
1538,"[1915, 108, 1567, 368, 216]"
1539,"[1704, 164, 1705, 1697, 1627]"
1540,"[659, 1062, 1273, 1274, 1926]"
1541,"[1902, 1915, 1705, 1704, 1752]"
1542,"[1567, 1071, 16, 1705, 114]"
1543,"[1721, 1105, 1557, 1710, 292]"
1544,"[1027, 1119, 1041, 1042, 1037]"
1545,"[641, 1726, 692, 846, 1523]"
1546,"[1900, 1917, 408, 1748, 868]"
1547,"[1570, 372, 1557, 1705, 1721]"
1548,"[1833, 1828, 1837, 1567, 1761]"
1549,"[1567, 1704, 1705, 1192, 1030]"
1550,"[1157, 1704, 1705, 511, 1192]"
1551,"[447, 1273, 361, 1579, 377]"
1552,"[919, 164, 1205, 1025, 212]"
1553,"[704, 807, 1027, 1902, 364]"
1554,"[1567, 752, 762, 759, 372]"
1555,"[1567, 1157, 1459, 135, 1704]"
1556,"[1900, 1068, 1306, 1902, 1713]"
1557,"[1244, 423, 1183, 925, 1705]"
1558,"[1884, 216, 386, 1916, 1172]"
1559,"[1072, 372, 1157, 368, 683]"
1560,"[1705, 1704, 1567, 1072, 1618]"
1561,"[1742, 114, 1564, 1489, 1539]"
1562,"[1120, 1924, 1705, 1704, 478]"
1563,"[368, 372, 862, 455, 1704]"
1564,"[1705, 1704, 1899, 1892, 1071]"
1565,"[1922, 1897, 1607, 113, 1025]"
1566,"[527, 1622, 523, 1440, 1213]"
1567,"[1488, 1030, 1756, 978, 209]"
1568,"[1670, 749, 1320, 171, 1023]"
1569,"[1567, 796, 1705, 1704, 1043]"
1570,"[257, 1613, 1270, 1056, 372]"
1571,"[412, 446, 1608, 455, 1733]"
1572,"[1705, 372, 1636, 259, 1704]"
1573,"[229, 1058, 875, 1184, 367]"
1574,"[927, 1772, 309, 1123, 1704]"
1575,"[1316, 1904, 1705, 1607, 1704]"
1576,"[1138, 884, 455, 641, 1191]"
1577,"[1900, 425, 1543, 1080, 1704]"
1578,"[1700, 1904, 171, 1232, 1889]"
1579,"[1385, 408, 114, 1917, 1900]"
1580,"[1561, 1370, 1363, 1358, 1935]"
1581,"[114, 455, 412, 1705, 1567]"
1582,"[1924, 1704, 1202, 410, 1522]"
1583,"[361, 116, 1246, 1038, 446]"
1584,"[1773, 321, 138, 915, 1249]"
1585,"[1705, 1592, 1704, 1590, 1721]"
1586,"[417, 455, 1193, 446, 1239]"
1587,"[1627, 1193, 1025, 1587, 937]"
1588,"[1607, 1277, 432, 1587, 1636]"
1589,"[926, 1520, 1924, 1620, 89]"
1590,"[608, 1192, 1611, 451, 296]"
1591,"[1705, 1704, 361, 1884, 48]"
1592,"[1027, 1894, 1548, 1030, 406]"
1593,"[1700, 420, 171, 1773, 126]"
1594,"[124, 880, 877, 882, 869]"
1595,"[793, 1541, 98, 1313, 102]"
1596,"[1704, 1587, 1916, 1705, 1171]"
1597,"[1917, 443, 1021, 735, 1030]"
1598,"[1915, 1792, 900, 1014, 1704]"
1599,"[749, 1894, 1607, 1902, 1544]"
1600,"[1758, 1762, 885, 1752, 1705]"
1601,"[1607, 1157, 1896, 1191, 1202]"
1602,"[1259, 347, 1298, 357, 914]"
1603,"[1287, 1015, 1877, 1570, 1705]"
1604,"[1157, 438, 1255, 1035, 432]"
1605,"[1900, 1915, 1917, 1902, 216]"
1606,"[1608, 1896, 1157, 1607, 1517]"
1607,"[368, 372, 1187, 1089, 1896]"
1608,"[1733, 1788, 1790, 1792, 412]"
1609,"[1762, 292, 1758, 1761, 1760]"
1610,"[1320, 1701, 1646, 452, 171]"
1611,"[885, 893, 606, 862, 1603]"
1612,"[1721, 1695, 1637, 372, 1733]"
1613,"[1321, 1099, 441, 1083, 1863]"
1614,"[1587, 321, 467, 1746, 98]"
1615,"[1541, 1746, 97, 96, 102]"
1616,"[1627, 1587, 1905, 1904, 1232]"
1617,"[692, 1726, 1601, 1277, 1191]"
1618,"[341, 1899, 1030, 1049, 1588]"
1619,"[1113, 454, 368, 1705, 455]"
1620,"[823, 728, 737, 1618, 1697]"
1621,"[1726, 1191, 116, 1534, 1676]"
1622,"[1704, 1544, 1705, 1924, 1875]"
1623,"[1721, 1570, 1567, 108, 361]"
1624,"[52, 1863, 1828, 1935, 1814]"
1625,"[1113, 1545, 324, 421, 128]"
1626,"[1915, 478, 116, 1704, 1924]"
1627,"[1027, 765, 1655, 372, 758]"
1628,"[1567, 455, 915, 1936, 1269]"
1629,"[1762, 1705, 1758, 1704, 1692]"
1630,"[1073, 937, 159, 1861, 919]"
1631,"[1261, 368, 925, 421, 262]"
1632,"[1192, 1611, 888, 1567, 114]"
1633,"[1915, 1924, 128, 1618, 1704]"
1634,"[1915, 271, 216, 1604, 1205]"
1635,"[165, 1697, 937, 819, 862]"
1636,"[1705, 1704, 1752, 1809, 511]"
1637,"[1601, 692, 1726, 1277, 846]"
1638,"[37, 480, 1778, 479, 1805]"
1639,"[1906, 1528, 1277, 758, 1267]"
1640,"[1762, 1758, 292, 1761, 1617]"
1641,"[116, 1915, 1748, 114, 868]"
1642,"[1915, 1927, 1065, 1067, 29]"
1643,"[1900, 1902, 1917, 1543, 108]"
1644,"[1607, 1896, 1608, 1586, 1517]"
1645,"[478, 1924, 1915, 1897, 1922]"
1646,"[1128, 1030, 1183, 1202, 410]"
1647,"[1889, 1884, 116, 1724, 1067]"
1648,"[888, 1726, 692, 1192, 1277]"
1649,"[1615, 1586, 1011, 277, 1202]"
1650,"[1064, 1799, 1781, 1649, 1798]"
1651,"[372, 368, 862, 608, 1557]"
1652,"[1705, 1704, 537, 1193, 886]"
1653,"[1567, 1157, 1459, 135, 1704]"
1654,"[1608, 1570, 1607, 1517, 1896]"
1655,"[1240, 164, 1191, 1897, 1922]"
1656,"[1915, 1902, 1193, 1620, 164]"
1657,"[1567, 1781, 1799, 1798, 1782]"
1658,"[1704, 1705, 505, 216, 1544]"
1659,"[96, 97, 171, 98, 1863]"
1660,"[1915, 527, 285, 89, 128]"
1661,"[1567, 259, 1153, 256, 1754]"
1662,"[1567, 333, 543, 1880, 114]"
1663,"[1193, 1025, 937, 175, 164]"
1664,"[1704, 718, 1705, 1157, 1210]"
1665,"[1617, 1762, 292, 1758, 1760]"
1666,"[1705, 1896, 1567, 1760, 1761]"
1667,"[1316, 1904, 1705, 1607, 1704]"
1668,"[1752, 1906, 1705, 885, 1758]"
1669,"[1704, 1705, 412, 1733, 478]"
1670,"[171, 96, 97, 98, 1937]"
1671,"[1884, 1705, 1567, 1704, 16]"
1672,"[1607, 1896, 1517, 1608, 1618]"
1673,"[1157, 1567, 1760, 455, 1705]"
1674,"[530, 1704, 1705, 896, 1279]"
1675,"[455, 1704, 1705, 1613, 1607]"
1676,"[223, 1863, 1907, 1935, 927]"
1677,"[259, 1153, 1317, 256, 1567]"
1678,"[1072, 1705, 1704, 1733, 1761]"
1679,"[1618, 1705, 1704, 1768, 1769]"
1680,"[1543, 97, 96, 868, 1900]"
1681,"[1929, 1567, 1907, 927, 1863]"
1682,"[149, 955, 208, 1008, 1880]"
1683,"[1924, 1705, 1704, 408, 1807]"
1684,"[16, 1884, 455, 462, 48]"
1685,"[1559, 1760, 1516, 1705, 1761]"
1686,"[216, 1915, 125, 1030, 279]"
1687,"[1613, 1188, 366, 484, 1042]"
1688,"[1884, 1559, 432, 1677, 1704]"
1689,"[110, 1705, 1704, 1901, 1062]"
1690,"[1936, 1935, 159, 937, 994]"
1691,"[787, 1544, 1068, 926, 1606]"
1692,"[1742, 1630, 1562, 1924, 1564]"
1693,"[1030, 1257, 1193, 1029, 1531]"
1694,"[216, 706, 1915, 317, 1171]"
1695,"[1713, 1541, 102, 98, 1746]"
1696,"[1937, 97, 96, 98, 408]"
1697,"[1701, 126, 1462, 1201, 1893]"
1698,"[1607, 1638, 455, 1704, 1705]"
1699,"[96, 420, 1700, 1320, 126]"
1700,"[1704, 1705, 162, 511, 919]"
1701,"[409, 102, 98, 1887, 171]"
1702,"[1738, 1125, 1927, 1157, 282]"
1703,"[643, 737, 1911, 719, 1640]"
1704,"[1188, 1187, 1338, 368, 135]"
1705,"[1560, 350, 864, 55, 651]"
1706,"[1587, 1627, 1025, 1894, 50]"
1707,"[1884, 98, 96, 97, 102]"
1708,"[1915, 1902, 1924, 1704, 408]"
1709,"[1759, 1761, 1705, 1758, 1762]"
1710,"[1924, 420, 1700, 1299, 261]"
1711,"[313, 314, 863, 865, 1747]"
1712,"[1201, 1059, 606, 1786, 862]"
1713,"[1316, 1574, 1152, 909, 301]"
1714,"[677, 1902, 1705, 1704, 1758]"
1715,"[1204, 1704, 1705, 1121, 1733]"
1716,"[1705, 1704, 510, 1826, 512]"
1717,"[1899, 1638, 1726, 125, 1191]"
1718,"[1704, 1705, 1733, 1737, 257]"
1719,"[861, 1587, 1527, 1627, 1905]"
1720,"[1207, 1704, 1913, 1705, 37]"
1721,"[1704, 1705, 1777, 511, 1670]"
1722,"[455, 1704, 89, 1676, 1705]"
1723,"[1704, 1705, 1752, 114, 1552]"
1724,"[1924, 1035, 1362, 1024, 1808]"
1725,"[219, 1592, 1666, 1204, 1925]"
1726,"[1567, 1884, 1880, 114, 1894]"
1727,"[1524, 1525, 1752, 1559, 1197]"
1728,"[1705, 455, 1567, 1704, 1618]"
1729,"[1884, 116, 98, 1197, 868]"
1730,"[282, 1704, 1705, 511, 66]"
1731,"[1617, 1762, 1722, 292, 1760]"
1732,"[726, 727, 1650, 734, 1590]"
1733,"[372, 1570, 1800, 1187, 1803]"
1734,"[165, 1906, 1916, 1528, 1924]"
1735,"[1704, 1705, 1733, 257, 1737]"
1736,"[1541, 793, 98, 1313, 102]"
1737,"[361, 116, 1900, 478, 1924]"
1738,"[938, 412, 114, 935, 735]"
1739,"[1704, 1705, 1065, 1733, 257]"
1740,"[397, 125, 1676, 1733, 89]"
1741,"[1915, 937, 159, 165, 163]"
1742,"[677, 98, 102, 793, 1541]"
1743,"[1560, 102, 350, 864, 55]"
1744,"[59, 1901, 1570, 1907, 1704]"
1745,"[368, 372, 862, 1567, 455]"
1746,"[1761, 1760, 1705, 1704, 1567]"
1747,"[1615, 1586, 329, 1099, 346]"
1748,"[862, 1042, 368, 1924, 455]"
1749,"[1865, 73, 1670, 749, 1320]"
1750,"[1607, 1896, 1157, 1608, 1517]"
1751,"[1762, 679, 682, 1758, 1705]"
1752,"[1526, 1523, 1538, 1556, 1192]"
1753,"[1567, 1884, 1905, 1587, 1627]"
1754,"[621, 1710, 1190, 1924, 776]"
1755,"[1756, 257, 851, 1762, 1705]"
1756,"[865, 1747, 863, 1923, 314]"
1757,"[1041, 441, 1929, 1650, 727]"
1758,"[1607, 1894, 1915, 1544, 361]"
1759,"[1088, 1019, 1108, 309, 994]"
1760,"[1321, 1297, 1664, 440, 1676]"
1761,"[1567, 321, 317, 1746, 1588]"
1762,"[1072, 1705, 1704, 1775, 1760]"
1763,"[594, 1513, 1772, 364, 361]"
1764,"[1059, 357, 392, 1016, 256]"
1765,"[423, 1244, 1603, 862, 1197]"
1766,"[1745, 1671, 1616, 1071, 925]"
1767,"[1704, 1762, 1760, 1761, 1758]"
1768,"[1915, 1029, 1626, 1030, 1930]"
1769,"[372, 368, 455, 1628, 862]"
1770,"[1247, 1937, 114, 126, 1773]"
1771,"[1704, 1705, 1733, 257, 1737]"
1772,"[102, 98, 1541, 1742, 97]"
1773,"[457, 812, 84, 88, 1730]"
1774,"[1567, 1602, 1880, 89, 851]"
1775,"[1748, 868, 1071, 16, 1588]"
1776,"[1157, 511, 1067, 1072, 599]"
1777,"[1704, 372, 1607, 1705, 1808]"
1778,"[1705, 1316, 1904, 1607, 1704]"
1779,"[1704, 1705, 511, 514, 1865]"
1780,"[361, 1618, 1038, 1762, 1758]"
1781,"[1926, 1697, 862, 1588, 1696]"
1782,"[1655, 1924, 757, 741, 478]"
1783,"[1704, 1705, 1567, 631, 164]"
1784,"[780, 1789, 749, 1792, 1648]"
1785,"[1607, 1608, 1896, 1517, 1157]"
1786,"[276, 397, 1178, 1008, 1179]"
1787,"[1674, 1924, 1385, 368, 1927]"
1788,"[599, 593, 597, 595, 590]"
1789,"[1704, 1705, 511, 73, 1317]"
1790,"[1607, 1896, 1608, 1019, 1586]"
1791,"[1700, 1889, 1701, 124, 171]"
1792,"[1613, 1188, 1788, 1733, 1056]"
1793,"[1775, 1760, 1705, 1769, 1704]"
1794,"[692, 1601, 1726, 1277, 846]"
1795,"[1937, 97, 96, 98, 408]"
1796,"[794, 1929, 1670, 925, 46]"
1797,"[1677, 1704, 1705, 1884, 216]"
1798,"[1607, 1904, 1517, 1316, 1704]"
1799,"[1924, 1833, 1828, 1837, 1863]"
1800,"[1608, 1517, 1880, 1607, 47]"
1801,"[1559, 864, 350, 1560, 1286]"
1802,"[415, 171, 102, 126, 414]"
1803,"[1700, 1904, 29, 28, 1587]"
1804,"[98, 124, 1746, 97, 96]"
1805,"[1705, 1761, 372, 1072, 1567]"
1806,"[1157, 1100, 1127, 1608, 1132]"
1807,"[483, 1324, 1225, 1322, 1748]"
1808,"[276, 1159, 369, 1061, 614]"
1809,"[1617, 1762, 1758, 1760, 1761]"
1810,"[116, 1924, 89, 1704, 1618]"
1811,"[692, 1601, 1726, 1277, 1191]"
1812,"[411, 1786, 455, 1789, 1788]"
1813,"[368, 862, 455, 1697, 512]"
1814,"[1072, 1756, 1704, 1613, 1705]"
1815,"[1904, 1700, 1232, 1587, 1889]"
1816,"[1884, 1567, 1704, 1705, 1601]"
1817,"[1705, 1924, 1773, 1704, 675]"
1818,"[1081, 1202, 410, 1121, 153]"
1819,"[643, 128, 667, 607, 1692]"
1820,"[898, 893, 896, 1283, 433]"
1821,"[1906, 1704, 125, 1705, 1836]"
1822,"[728, 1041, 719, 731, 738]"
1823,"[1906, 1528, 1928, 1086, 1588]"
1824,"[1915, 165, 113, 1025, 164]"
1825,"[102, 1197, 98, 1897, 1922]"
1826,"[478, 1924, 1704, 1884, 1762]"
1827,"[101, 1527, 1924, 165, 1538]"
1828,"[1060, 1073, 1676, 89, 165]"
1829,"[1567, 1898, 1730, 49, 792]"
1830,"[927, 1256, 1935, 430, 1828]"
1831,"[257, 1270, 1613, 1527, 1056]"
1832,"[314, 1704, 1705, 1073, 793]"
1833,"[1721, 379, 372, 1040, 368]"
1834,"[452, 1300, 403, 1704, 1705]"
1835,"[478, 1924, 1733, 1792, 1884]"
1836,"[1567, 1192, 1880, 1760, 1704]"
1837,"[1157, 373, 866, 288, 1154]"
1838,"[116, 1064, 1884, 1724, 455]"
1839,"[1705, 1704, 1567, 1906, 1752]"
1840,"[1567, 1884, 114, 1704, 782]"
1841,"[1704, 119, 1114, 1705, 88]"
1842,"[1704, 455, 108, 368, 1721]"
1843,"[289, 1917, 1588, 164, 1929]"
1844,"[1742, 165, 1613, 1544, 599]"
1845,"[1915, 677, 408, 1863, 1193]"
1846,"[1704, 1705, 165, 164, 1924]"
1847,"[478, 1924, 1607, 1157, 455]"
1848,"[1188, 128, 1758, 1761, 1762]"
1849,"[1119, 1071, 409, 1926, 1064]"
1850,"[692, 1601, 1726, 1191, 1277]"
1851,"[1914, 1114, 1193, 165, 164]"
1852,"[1900, 1902, 1917, 408, 349]"
1853,"[1705, 1704, 1567, 1618, 1620]"
1854,"[478, 1924, 216, 455, 125]"
1855,"[663, 637, 642, 643, 658]"
1856,"[1570, 1721, 372, 1705, 1802]"
1857,"[73, 1705, 1759, 631, 1764]"
1858,"[1704, 1924, 1705, 1758, 1773]"
1859,"[1884, 1910, 786, 789, 1549]"
1860,"[1884, 51, 847, 786, 306]"
1861,"[1936, 1295, 1277, 1733, 1086]"
1862,"[1670, 1742, 1564, 1489, 1541]"
1863,"[1915, 1277, 1733, 1263, 1738]"
1864,"[1607, 1896, 1517, 1608, 1157]"
1865,"[368, 1113, 1607, 781, 455]"
1866,"[1705, 1704, 1924, 478, 468]"
1867,"[1607, 1608, 1704, 1517, 455]"
1868,"[677, 1776, 1757, 976, 972]"
1869,"[96, 97, 1915, 455, 98]"
1870,"[1789, 444, 459, 1788, 1600]"
1871,"[1761, 1588, 1704, 1705, 1760]"
1872,"[16, 1760, 1761, 1758, 1762]"
1873,"[204, 956, 151, 1205, 185]"
1874,"[162, 919, 165, 924, 938]"
1875,"[4, 1746, 216, 1541, 1553]"
1876,"[286, 1649, 862, 1787, 1786]"
1877,"[758, 1466, 166, 1705, 519]"
1878,"[599, 511, 1263, 361, 1202]"
1879,"[1915, 113, 89, 1627, 1905]"
1880,"[1756, 257, 851, 1762, 1705]"
1881,"[175, 164, 353, 165, 139]"
1882,"[1704, 1705, 511, 1620, 1897]"
1883,"[1917, 1902, 1900, 1915, 1792]"
1884,"[1147, 1704, 1705, 372, 368]"
1885,"[368, 372, 1157, 1113, 1704]"
1886,"[455, 1704, 1705, 1613, 1607]"
1887,"[1915, 1902, 1705, 1704, 1552]"
1888,"[314, 1747, 863, 718, 865]"
1889,"[1567, 1072, 1705, 1704, 1760]"
1890,"[1760, 1705, 1704, 1761, 1567]"
1891,"[793, 96, 97, 98, 1541]"
1892,"[455, 454, 1191, 460, 465]"
1893,"[292, 1617, 1762, 1761, 1758]"
1894,"[455, 1924, 125, 478, 1733]"
1895,"[1601, 692, 1726, 1704, 1758]"
1896,"[162, 919, 938, 934, 176]"
1897,"[911, 1046, 1924, 1483, 350]"
1898,"[478, 1696, 1697, 1924, 164]"
1899,"[1567, 884, 114, 16, 1880]"
1900,"[16, 1203, 884, 1031, 1036]"
1901,"[478, 1924, 1704, 90, 1705]"
1902,"[37, 480, 150, 1778, 1316]"
1903,"[1900, 1587, 1543, 163, 96]"
1904,"[1590, 885, 954, 1053, 270]"
1905,"[1567, 1705, 1704, 16, 114]"
1906,"[1567, 135, 1704, 1880, 114]"
1907,"[1673, 1157, 1674, 892, 872]"
1908,"[583, 1705, 507, 1704, 1471]"
1909,"[1902, 455, 922, 1762, 1758]"
1910,"[96, 97, 98, 1541, 102]"
1911,"[1705, 1704, 511, 1873, 1836]"
1912,"[359, 1050, 1651, 1704, 1021]"
1913,"[1028, 1674, 1925, 1034, 784]"
1914,"[1046, 1026, 853, 360, 1042]"
1915,"[1607, 1517, 1608, 1659, 1202]"
1916,"[441, 828, 1675, 221, 1159]"
1917,"[1924, 455, 1937, 1001, 368]"
1918,"[1704, 1904, 1705, 216, 505]"
1919,"[455, 1613, 1607, 162, 919]"
1920,"[1607, 1905, 1202, 410, 811]"
1921,"[455, 114, 16, 116, 1618]"
1922,"[7, 1697, 862, 920, 1246]"
1923,"[1705, 1704, 108, 1641, 1171]"
1924,"[1705, 1704, 59, 1871, 1834]"
1925,"[1607, 1608, 1894, 1705, 1704]"
1926,"[1907, 900, 1627, 113, 1905]"
1927,"[1894, 1607, 1192, 608, 1586]"
1928,"[1704, 372, 1607, 1705, 1808]"
1929,"[368, 1157, 455, 108, 862]"
1930,"[1567, 765, 1880, 114, 768]"
1931,"[1192, 1607, 1202, 410, 599]"
1932,"[372, 368, 1113, 455, 1894]"
1933,"[927, 1863, 1935, 1705, 1828]"
1934,"[478, 1924, 1758, 1761, 1704]"
1935,"[1613, 1894, 1666, 1255, 164]"
1936,"[1607, 1608, 1517, 1896, 1157]"
1937,"[793, 98, 1541, 102, 666]"
1938,"[118, 1647, 1280, 96, 97]"
1939,"[108, 1721, 1570, 1704, 1557]"
1940,"[1915, 1158, 1916, 1917, 1193]"
1941,"[1902, 441, 216, 1904, 1900]"
1942,"[1626, 1076, 96, 1659, 1116]"
1943,"[1704, 1705, 511, 1809, 73]"
1944,"[165, 927, 96, 97, 164]"
1945,"[1898, 49, 1380, 1582, 533]"
1946,"[1570, 108, 368, 1804, 372]"
1947,"[1148, 371, 1762, 408, 924]"
1948,"[219, 1148, 1659, 814, 813]"
1949,"[64, 265, 67, 1207, 357]"
1950,"[455, 454, 1705, 1704, 1676]"
1951,"[1721, 1557, 1204, 108, 372]"
1952,"[631, 1196, 1202, 410, 113]"
1953,"[97, 96, 1313, 658, 642]"
1954,"[1567, 1915, 114, 1611, 455]"
1955,"[1570, 1733, 372, 216, 1915]"
1956,"[1704, 1705, 478, 1761, 1924]"
1957,"[862, 164, 1705, 1704, 1618]"
1958,"[1917, 1207, 359, 1900, 1561]"
1959,"[16, 1884, 114, 1705, 1704]"
1960,"[862, 1603, 606, 1786, 1787]"
1961,"[478, 1924, 116, 1704, 216]"
1962,"[1617, 292, 1655, 926, 1722]"
1963,"[926, 1666, 1704, 1607, 1705]"
1964,"[96, 1832, 1302, 1298, 1830]"
1965,"[1541, 793, 98, 1313, 102]"
1966,"[1567, 1884, 114, 16, 1880]"
1967,"[162, 919, 174, 924, 175]"
1968,"[454, 16, 461, 465, 1911]"
1969,"[727, 726, 1650, 734, 379]"
1970,"[1197, 1922, 1897, 296, 1878]"
1971,"[1772, 1567, 464, 1193, 1899]"
1972,"[108, 1557, 1761, 1762, 1760]"
1973,"[96, 1832, 1302, 1830, 1252]"
1974,"[1636, 778, 1157, 438, 455]"
1975,"[372, 368, 1070, 455, 454]"
1976,"[149, 1704, 915, 952, 1924]"
1977,"[372, 368, 1570, 455, 862]"
1978,"[1567, 1604, 1704, 1705, 1752]"
1979,"[1613, 368, 1894, 372, 1875]"
1980,"[116, 1724, 1884, 1746, 98]"
1981,"[1705, 1704, 683, 1733, 1737]"
1982,"[1193, 114, 1905, 1124, 1627]"
1983,"[1704, 1705, 1676, 89, 113]"
1984,"[1607, 1608, 1896, 1517, 1157]"
1985,"[361, 1758, 1762, 818, 360]"
1986,"[1884, 1677, 1704, 432, 1562]"
1987,"[925, 1902, 1197, 1066, 1073]"
1988,"[1588, 216, 1255, 835, 1529]"
1989,"[1915, 528, 1507, 1863, 1434]"
1990,"[1705, 1704, 1758, 1762, 1746]"
1991,"[692, 1601, 1726, 1277, 846]"
1992,"[1606, 1586, 1615, 96, 97]"
1993,"[1878, 1707, 73, 1708, 1772]"
1994,"[1591, 175, 153, 159, 1297]"
1995,"[216, 349, 1786, 1788, 1787]"
1996,"[116, 1924, 1884, 786, 478]"
1997,"[1861, 1846, 1761, 1758, 1760]"
1998,"[1804, 1802, 1704, 1798, 1801]"
1999,"[1567, 1705, 1704, 1760, 1618]"
2000,"[16, 1014, 1044, 1027, 1032]"
2001,"[1742, 412, 1555, 446, 1564]"
2002,"[1899, 1071, 1705, 1526, 1704]"
2003,"[420, 1700, 864, 1320, 126]"
2004,"[1039, 1527, 1930, 1545, 150]"
2005,"[1567, 1618, 1705, 1704, 1733]"
2006,"[1187, 1570, 1875, 1803, 1800]"
2007,"[455, 114, 1567, 16, 1611]"
2008,"[1705, 1704, 419, 925, 927]"
2009,"[1924, 478, 1705, 1704, 296]"
2010,"[1055, 885, 1704, 1026, 164]"
2011,"[1613, 257, 363, 1530, 1011]"
2012,"[1705, 1704, 1249, 511, 885]"
2013,"[583, 1704, 1268, 1787, 554]"
2014,"[163, 1884, 159, 937, 478]"
2015,"[116, 1915, 1900, 1924, 1902]"
2016,"[430, 1828, 1833, 1837, 441]"
2017,"[1046, 736, 926, 323, 1529]"
2018,"[1915, 1659, 1704, 1705, 408]"
2019,"[1567, 1705, 1676, 114, 1192]"
2020,"[1742, 1884, 1558, 1564, 1489]"
2021,"[1904, 1587, 900, 1905, 1608]"
2022,"[1567, 91, 1147, 1907, 1705]"
2023,"[1746, 96, 97, 1313, 1700]"
2024,"[1704, 1019, 1705, 1673, 51]"
2025,"[926, 1927, 919, 1025, 159]"
2026,"[1658, 1896, 692, 1434, 1674]"
2027,"[290, 1615, 1586, 1696, 1556]"
2028,"[1936, 1704, 911, 1205, 1758]"
2029,"[957, 143, 1884, 959, 201]"
2030,"[1032, 1916, 285, 1705, 1933]"
2031,"[1907, 1762, 1761, 1760, 368]"
2032,"[89, 455, 412, 125, 1733]"
2033,"[59, 157, 155, 124, 1736]"
2034,"[18, 1761, 1922, 1897, 1704]"
2035,"[1704, 1705, 1884, 478, 1924]"
2036,"[478, 1924, 1704, 1705, 743]"
2037,"[1836, 1873, 1300, 452, 1704]"
2038,"[1199, 1742, 1564, 1489, 1541]"
2039,"[1025, 919, 159, 885, 1618]"
2040,"[919, 1884, 1924, 1636, 1025]"
2041,"[455, 454, 463, 465, 461]"
2042,"[361, 478, 1297, 1762, 1884]"
2043,"[1021, 1662, 1155, 332, 1125]"
2044,"[163, 271, 968, 289, 972]"
2045,"[98, 1550, 102, 1760, 1617]"
2046,"[1788, 1659, 1789, 1793, 1733]"
2047,"[1567, 1618, 1880, 1705, 1704]"
2048,"[1287, 30, 216, 1326, 82]"
2049,"[703, 1704, 1705, 1894, 511]"
2050,"[165, 921, 164, 1026, 1042]"
2051,"[1722, 862, 782, 614, 1697]"
2052,"[1541, 171, 1138, 212, 46]"
2053,"[1191, 1726, 216, 1534, 390]"
2054,"[1312, 650, 1705, 1704, 782]"
2055,"[1259, 1258, 1261, 1704, 1257]"
2056,"[417, 1193, 446, 1328, 1239]"
2057,"[1762, 16, 679, 682, 1705]"
2058,"[1617, 1655, 926, 900, 1924]"
2059,"[681, 368, 321, 372, 1125]"
2060,"[372, 125, 1655, 89, 1733]"
2061,"[1187, 1570, 543, 1338, 972]"
2062,"[1705, 1704, 1567, 1885, 1586]"
2063,"[162, 1836, 919, 1705, 925]"
2064,"[1666, 1029, 89, 1676, 1619]"
2065,"[1915, 478, 1704, 1924, 1705]"
2066,"[1795, 1135, 607, 1130, 875]"
2067,"[1704, 1705, 1567, 93, 95]"
2068,"[357, 1030, 914, 1086, 964]"
2069,"[114, 1915, 862, 408, 125]"
2070,"[1207, 1061, 1505, 1918, 37]"
2071,"[290, 1524, 1041, 1752, 1525]"
2072,"[116, 1911, 390, 28, 781]"
2073,"[116, 16, 1928, 60, 1067]"
2074,"[1704, 1705, 911, 511, 1809]"
2075,"[781, 351, 604, 1670, 408]"
2076,"[1884, 786, 789, 455, 462]"
2077,"[1157, 372, 1607, 783, 455]"
2078,"[1705, 1704, 1924, 1884, 898]"
2079,"[1902, 1752, 1704, 1705, 1193]"
2080,"[1127, 927, 401, 1544, 221]"
2081,"[1758, 292, 1617, 1762, 692]"
2082,"[1917, 1900, 145, 1449, 80]"
2083,"[1896, 1028, 138, 1705, 1606]"
2084,"[1705, 862, 1704, 1603, 1826]"
2085,"[1704, 1705, 165, 1545, 1070]"
2086,"[1704, 1705, 1733, 1151, 257]"
2087,"[1030, 1907, 216, 164, 98]"
2088,"[1567, 79, 1406, 1637, 1458]"
2089,"[1001, 7, 1915, 1070, 1192]"
2090,"[1613, 257, 1530, 901, 1924]"
2091,"[1071, 1807, 1705, 1704, 1627]"
2092,"[97, 96, 102, 98, 658]"
2093,"[1607, 1517, 1896, 1157, 1191]"
2094,"[1115, 1147, 1726, 692, 216]"
2095,"[317, 1526, 1899, 216, 223]"
2096,"[933, 1704, 1705, 1752, 1193]"
2097,"[1607, 1517, 1587, 1157, 1904]"
2098,"[292, 1762, 1617, 1722, 1758]"
2099,"[1434, 1773, 1704, 1705, 1504]"
2100,"[1915, 1252, 1298, 1260, 1253]"
2101,"[1704, 16, 1705, 114, 216]"
2102,"[1072, 1405, 1064, 1459, 403]"
2103,"[1900, 1085, 408, 938, 1076]"
2104,"[1915, 125, 165, 937, 159]"
2105,"[1119, 1027, 1042, 1041, 1612]"
2106,"[152, 771, 440, 1735, 1079]"
2107,"[1637, 1041, 1025, 1529, 1028]"
2108,"[29, 1676, 89, 1248, 113]"
2109,"[1567, 1617, 1762, 1761, 1758]"
2110,"[455, 1617, 1722, 292, 1567]"
2111,"[1545, 1900, 1894, 1543, 492]"
2112,"[1907, 1922, 1897, 1526, 1762]"
2113,"[216, 1915, 1570, 1894, 372]"
2114,"[1607, 1517, 1896, 1157, 1608]"
2115,"[102, 1541, 98, 793, 1313]"
2116,"[1157, 1896, 1618, 89, 1608]"
2117,"[1673, 1924, 1705, 1704, 919]"
2118,"[368, 455, 761, 745, 1733]"
2119,"[1677, 1705, 1704, 1613, 872]"
2120,"[114, 446, 1733, 1788, 412]"
2121,"[89, 116, 165, 1675, 1526]"
2122,"[1900, 1915, 890, 408, 1543]"
2123,"[1617, 1762, 1758, 1555, 1742]"
2124,"[1915, 530, 1704, 1899, 1705]"
2125,"[1705, 1922, 1897, 1567, 1896]"
2126,"[478, 1924, 98, 102, 1904]"
2127,"[1705, 510, 1826, 1704, 1792]"
2128,"[1617, 1929, 1704, 1567, 1760]"
2129,"[633, 275, 274, 277, 279]"
2130,"[211, 1789, 1788, 1792, 212]"
2131,"[1192, 1567, 1704, 1705, 511]"
2132,"[455, 1896, 1613, 1894, 1704]"
2133,"[1627, 164, 1193, 1025, 1587]"
2134,"[692, 455, 1607, 446, 1251]"
2135,"[1924, 1705, 1704, 1617, 926]"
2136,"[1917, 216, 1914, 1762, 1704]"
2137,"[108, 1760, 1705, 1704, 1758]"
2138,"[954, 1651, 1137, 681, 1676]"
2139,"[116, 379, 1726, 1705, 1601]"
2140,"[1896, 1607, 1608, 1517, 441]"
2141,"[372, 1072, 368, 1045, 1896]"
2142,"[372, 752, 762, 765, 759]"
2143,"[455, 1704, 510, 1705, 1826]"
2144,"[1772, 361, 818, 1762, 1760]"
2145,"[1559, 97, 96, 98, 1937]"
2146,"[1705, 1826, 1704, 512, 510]"
2147,"[1570, 372, 1557, 135, 1705]"
2148,"[1157, 1690, 1704, 1705, 1756]"
2149,"[465, 461, 1309, 1308, 1310]"
2150,"[419, 1193, 1704, 162, 1705]"
2151,"[478, 116, 1924, 1884, 1907]"
2152,"[1567, 1705, 1704, 114, 1760]"
2153,"[1884, 782, 171, 1887, 1677]"
2154,"[1072, 372, 1157, 368, 1760]"
2155,"[1704, 1705, 1777, 1765, 512]"
2156,"[1313, 1541, 97, 96, 793]"
2157,"[1615, 329, 1586, 1099, 346]"
2158,"[1607, 1608, 1517, 1896, 1157]"
2159,"[1915, 1733, 1027, 1705, 1788]"
2160,"[1915, 1148, 924, 1762, 97]"
2161,"[1704, 1761, 1760, 1705, 1758]"
2162,"[1704, 1705, 216, 1619, 1604]"
2163,"[1704, 1705, 890, 48, 89]"
2164,"[368, 1705, 1704, 1762, 372]"
2165,"[1742, 667, 171, 420, 749]"
2166,"[862, 1894, 835, 368, 1201]"
2167,"[1567, 372, 1733, 412, 403]"
2168,"[1828, 1833, 1837, 1260, 430]"
2169,"[1617, 292, 1762, 1761, 700]"
2170,"[1936, 1935, 1277, 1086, 324]"
2171,"[1541, 793, 98, 1313, 102]"
2172,"[1567, 1705, 1704, 1760, 1761]"
2173,"[1513, 368, 455, 594, 542]"
2174,"[1157, 1704, 1035, 1705, 901]"
2175,"[1884, 919, 1071, 1705, 1558]"
2176,"[421, 455, 1705, 1704, 505]"
2177,"[368, 372, 1607, 1756, 1014]"
2178,"[1704, 1752, 1705, 1193, 1887]"
2179,"[1915, 1705, 1704, 162, 919]"
2180,"[447, 1273, 361, 1579, 1154]"
2181,"[96, 97, 98, 1561, 1030]"
2182,"[1567, 135, 1704, 1880, 114]"
2183,"[784, 1727, 1066, 1924, 1884]"
2184,"[1704, 1705, 1924, 478, 1761]"
2185,"[583, 507, 1471, 1212, 1536]"
2186,"[112, 1705, 890, 1746, 1704]"
2187,"[1705, 1773, 1704, 1746, 114]"
2188,"[1902, 1915, 116, 1884, 1900]"
2189,"[455, 1705, 1704, 900, 1733]"
2190,"[1588, 1899, 1587, 868, 1748]"
2191,"[7, 1735, 165, 1124, 1696]"
2192,"[1863, 1924, 927, 158, 155]"
2193,"[1637, 1041, 692, 324, 363]"
2194,"[1133, 1599, 478, 396, 1787]"
2195,"[135, 132, 1744, 1567, 1772]"
2196,"[1570, 372, 1875, 1536, 1694]"
2197,"[1863, 1828, 1935, 1833, 1837]"
2198,"[1600, 165, 1907, 927, 1899]"
2199,"[1705, 1704, 1924, 125, 408]"
2200,"[1914, 1926, 321, 467, 629]"
2201,"[1567, 372, 1705, 108, 1570]"
2202,"[372, 1896, 1880, 1025, 1567]"
2203,"[1559, 1670, 1821, 1822, 1833]"
2204,"[1705, 1704, 1733, 1752, 412]"
2205,"[1567, 1922, 1897, 1618, 1705]"
2206,"[1567, 1705, 1704, 1760, 1618]"
2207,"[372, 368, 455, 1157, 1113]"
2208,"[1772, 1302, 440, 335, 1704]"
2209,"[1263, 1028, 875, 922, 98]"
2210,"[45, 346, 1143, 1666, 1213]"
2211,"[1926, 1916, 1884, 786, 98]"
2212,"[1617, 1555, 1705, 926, 1704]"
2213,"[1607, 900, 1558, 1705, 1613]"
2214,"[368, 1157, 455, 862, 1113]"
2215,"[1071, 478, 1705, 1025, 163]"
2216,"[1863, 430, 1935, 1260, 1936]"
2217,"[164, 1914, 1762, 1758, 922]"
2218,"[794, 1313, 4, 793, 126]"
2219,"[606, 723, 807, 58, 57]"
2220,"[1651, 1733, 1788, 1792, 1584]"
2221,"[1157, 1704, 455, 1613, 1705]"
2222,"[985, 979, 983, 1911, 903]"
2223,"[901, 1705, 28, 260, 1488]"
2224,"[1705, 1896, 1192, 1607, 1567]"
2225,"[668, 1907, 1131, 1646, 1729]"
2226,"[1567, 1704, 1705, 1752, 1193]"
2227,"[1705, 1704, 1697, 165, 48]"
2228,"[1772, 530, 1704, 1705, 896]"
2229,"[425, 159, 937, 919, 1025]"
2230,"[1541, 793, 98, 1313, 102]"
2231,"[1915, 1030, 1916, 1588, 1529]"
2232,"[530, 1704, 1705, 896, 1914]"
2233,"[757, 164, 1717, 171, 617]"
2234,"[1021, 96, 97, 98, 1906]"
2235,"[1904, 1316, 1705, 1608, 1704]"
2236,"[1607, 1704, 860, 1659, 164]"
2237,"[372, 1662, 646, 447, 1273]"
2238,"[1567, 1733, 455, 114, 1788]"
2239,"[1900, 1915, 1543, 890, 1902]"
2240,"[654, 666, 98, 650, 793]"
2241,"[1207, 1704, 1505, 1607, 529]"
2242,"[892, 1673, 872, 871, 1612]"
2243,"[368, 1157, 455, 862, 1113]"
2244,"[1884, 782, 432, 1677, 1562]"
2245,"[350, 171, 1875, 1536, 55]"
2246,"[647, 1397, 1704, 1783, 1770]"
2247,"[1752, 862, 1786, 1603, 606]"
2248,"[368, 677, 108, 1761, 1760]"
2249,"[1570, 372, 1125, 489, 569]"
2250,"[67, 1150, 347, 1205, 972]"
2251,"[292, 1760, 1761, 1762, 1758]"
2252,"[1761, 1762, 1758, 292, 1617]"
2253,"[884, 1011, 1299, 163, 368]"
2254,"[1717, 1895, 1753, 433, 774]"
2255,"[745, 835, 164, 1035, 1733]"
2256,"[102, 1924, 783, 1705, 478]"
2257,"[1118, 1700, 1778, 1937, 1887]"
2258,"[1726, 1601, 1604, 1705, 1704]"
2259,"[16, 1704, 1705, 1611, 1567]"
2260,"[1915, 1192, 1011, 1121, 351]"
2261,"[290, 1451, 393, 1853, 1850]"
2262,"[1936, 1295, 1277, 371, 1202]"
2263,"[1662, 363, 1613, 1733, 372]"
2264,"[893, 1924, 606, 862, 1603]"
2265,"[1617, 124, 1705, 1704, 216]"
2266,"[914, 915, 149, 988, 964]"
2267,"[368, 1065, 862, 455, 136]"
2268,"[1063, 1762, 1891, 1758, 1705]"
2269,"[1932, 1924, 1705, 1358, 1704]"
2270,"[1926, 1914, 1704, 1762, 1758]"
2271,"[1911, 1882, 1428, 83, 213]"
2272,"[677, 1617, 1760, 198, 1121]"
2273,"[518, 1485, 828, 1468, 1895]"
2274,"[1936, 1086, 1928, 1295, 1906]"
2275,"[1157, 368, 141, 455, 421]"
2276,"[1904, 1191, 401, 18, 126]"
2277,"[1900, 1924, 125, 408, 1733]"
2278,"[114, 455, 1567, 641, 16]"
2279,"[1704, 1705, 1567, 1670, 37]"
2280,"[1717, 1711, 1716, 1726, 1729]"
2281,"[455, 465, 454, 1308, 1899]"
2282,"[1025, 937, 159, 165, 113]"
2283,"[1884, 692, 786, 621, 697]"
2284,"[1043, 1906, 1705, 1704, 1025]"
2285,"[1896, 1607, 1608, 1894, 1704]"
2286,"[125, 423, 1244, 124, 1612]"
2287,"[126, 107, 605, 1137, 734]"
2288,"[1923, 118, 794, 1733, 614]"
2289,"[116, 1884, 1549, 786, 959]"
2290,"[1570, 108, 368, 1557, 372]"
2291,"[1924, 478, 126, 1705, 1704]"
2292,"[1063, 554, 343, 1147, 1704]"
2293,"[1599, 697, 1615, 1586, 1136]"
2294,"[108, 1762, 1758, 1705, 1704]"
2295,"[1759, 466, 458, 1764, 527]"
2296,"[1762, 1758, 1705, 1063, 1704]"
2297,"[89, 113, 1025, 165, 1041]"
2298,"[259, 1567, 256, 1153, 1319]"
2299,"[1275, 449, 1273, 447, 1704]"
2300,"[1570, 372, 1721, 1705, 1802]"
2301,"[1705, 1704, 1807, 478, 1924]"
2302,"[1705, 143, 943, 758, 137]"
2303,"[98, 1197, 1191, 1884, 102]"
2304,"[1915, 1630, 919, 165, 167]"
2305,"[1915, 114, 510, 1567, 1705]"
2306,"[1935, 175, 928, 924, 931]"
2307,"[1704, 126, 1705, 788, 1778]"
2308,"[1192, 1277, 1066, 1611, 1884]"
2309,"[1116, 1313, 1073, 1118, 793]"
2310,"[1915, 1704, 1705, 165, 919]"
2311,"[1900, 1902, 1917, 359, 1543]"
2312,"[478, 116, 1924, 1704, 408]"
2313,"[1904, 1704, 1316, 1607, 489]"
2314,"[1567, 1602, 1880, 89, 1704]"
2315,"[1704, 1705, 496, 1607, 1765]"
2316,"[698, 1748, 868, 368, 16]"
2317,"[1704, 1705, 1906, 1588, 1529]"
2318,"[1802, 1801, 1804, 1704, 1705]"
2319,"[102, 124, 1631, 97, 96]"
2320,"[925, 938, 164, 935, 1030]"
2321,"[1758, 1762, 1704, 1705, 1063]"
2322,"[1607, 1896, 1608, 1586, 1157]"
2323,"[453, 1561, 1541, 1746, 97]"
2324,"[438, 1167, 1729, 1636, 386]"
2325,"[1587, 1704, 1705, 1618, 216]"
2326,"[604, 209, 978, 911, 1630]"
2327,"[900, 1705, 926, 1704, 1249]"
2328,"[128, 1704, 1705, 1825, 1906]"
2329,"[793, 1704, 1705, 164, 163]"
2330,"[1704, 1705, 165, 1487, 16]"
2331,"[137, 925, 972, 1042, 207]"
2332,"[1617, 114, 1567, 1705, 510]"
2333,"[1570, 372, 1557, 1705, 1768]"
2334,"[1617, 1762, 292, 1758, 1760]"
2335,"[885, 1906, 1704, 1607, 1705]"
2336,"[1615, 1586, 277, 1202, 410]"
2337,"[1062, 320, 1025, 1137, 1880]"
2338,"[1072, 363, 1777, 1488, 1765]"
2339,"[1599, 1019, 379, 697, 1586]"
2340,"[446, 417, 1251, 1193, 1225]"
2341,"[1900, 1543, 868, 1705, 1748]"
2342,"[1613, 257, 363, 209, 92]"
2343,"[1700, 102, 642, 654, 666]"
2344,"[1902, 1900, 1704, 601, 1752]"
2345,"[997, 1694, 116, 1875, 164]"
2346,"[1904, 1316, 1705, 1608, 1704]"
2347,"[1900, 1704, 1543, 1632, 1705]"
2348,"[98, 1884, 478, 1197, 159]"
2349,"[911, 267, 266, 239, 238]"
2350,"[378, 1921, 1924, 1884, 1306]"
2351,"[116, 1924, 137, 150, 954]"
2352,"[409, 102, 1068, 97, 96]"
2353,"[1627, 164, 1587, 1025, 1193]"
2354,"[277, 120, 1735, 216, 269]"
2355,"[1705, 1618, 164, 1704, 1697]"
2356,"[1752, 1704, 1705, 1762, 1249]"
2357,"[1613, 257, 1488, 209, 1748]"
2358,"[692, 693, 1662, 1726, 116]"
2359,"[1113, 292, 1724, 1712, 1604]"
2360,"[1607, 1608, 1517, 1570, 1157]"
2361,"[1191, 455, 1726, 441, 390]"
2362,"[1617, 292, 434, 1687, 1555]"
2363,"[692, 693, 1726, 1277, 216]"
2364,"[1226, 752, 1037, 372, 1125]"
2365,"[164, 98, 749, 163, 97]"
2366,"[1884, 1567, 16, 114, 455]"
2367,"[1192, 114, 1611, 454, 1040]"
2368,"[1705, 1826, 510, 1704, 512]"
2369,"[1044, 1746, 98, 96, 97]"
2370,"[1041, 1135, 1017, 972, 1768]"
2371,"[1188, 992, 320, 164, 383]"
2372,"[1902, 1277, 1704, 1916, 1636]"
2373,"[1704, 677, 376, 1550, 216]"
2374,"[1704, 1705, 510, 1472, 1826]"
2375,"[1900, 868, 1924, 681, 1270]"
2376,"[1627, 1904, 1656, 1746, 1677]"
2377,"[1907, 1899, 900, 1065, 175]"
2378,"[1549, 1758, 1761, 1760, 1762]"
2379,"[1620, 164, 1034, 162, 406]"
2380,"[1705, 1704, 1775, 1207, 1761]"
2381,"[1762, 1219, 1704, 1383, 1758]"
2382,"[359, 1149, 1900, 1207, 1487]"
2383,"[1599, 1017, 320, 326, 1021]"
2384,"[7, 618, 1697, 164, 1021]"
2385,"[349, 1758, 1704, 1705, 1762]"
2386,"[349, 1907, 1040, 1072, 190]"
2387,"[1704, 919, 165, 164, 938]"
2388,"[1030, 688, 410, 1202, 1560]"
2389,"[588, 402, 42, 1368, 1358]"
2390,"[608, 1733, 765, 1737, 1738]"
2391,"[1760, 1768, 1769, 1775, 1761]"
2392,"[314, 313, 1923, 703, 1642]"
2393,"[1617, 1655, 926, 868, 1748]"
2394,"[1607, 1517, 1896, 1157, 1904]"
2395,"[1157, 368, 455, 1113, 1035]"
2396,"[937, 919, 159, 1025, 1915]"
2397,"[368, 114, 1636, 372, 900]"
2398,"[1192, 1011, 1615, 1692, 1586]"
2399,"[1704, 1733, 1705, 765, 1567]"
2400,"[368, 862, 1733, 1737, 599]"
2401,"[1932, 349, 1931, 1042, 1030]"
2402,"[1061, 1055, 223, 985, 1052]"
2403,"[1704, 1763, 1705, 1777, 1765]"
2404,"[1607, 1733, 608, 765, 1192]"
2405,"[314, 1642, 1923, 703, 1116]"
2406,"[165, 1025, 1676, 89, 937]"
2407,"[455, 1157, 372, 368, 1113]"
2408,"[1932, 190, 139, 891, 351]"
2409,"[1758, 1704, 1705, 1762, 1516]"
2410,"[1733, 1300, 1301, 452, 403]"
2411,"[289, 125, 1125, 1662, 1733]"
2412,"[1733, 1788, 1789, 412, 1792]"
2413,"[455, 368, 1896, 1705, 1613]"
2414,"[1704, 1705, 886, 1193, 1909]"
2415,"[372, 368, 862, 455, 608]"
2416,"[1570, 335, 1191, 1314, 1934]"
2417,"[1869, 533, 398, 1815, 1135]"
2418,"[919, 372, 1924, 1112, 377]"
2419,"[868, 1922, 1897, 1526, 96]"
2420,"[646, 11, 3, 7, 12]"
2421,"[1738, 768, 765, 762, 741]"
2422,"[1704, 1705, 1607, 511, 1873]"
2423,"[1550, 1556, 1520, 1538, 1742]"
2424,"[1567, 114, 1880, 928, 16]"
2425,"[1917, 1900, 890, 1543, 119]"
2426,"[1772, 1768, 212, 1705, 1704]"
2427,"[888, 897, 1887, 1495, 171]"
2428,"[1752, 289, 1385, 1249, 1104]"
2429,"[1704, 455, 1762, 1580, 1758]"
2430,"[108, 1762, 1760, 1704, 1761]"
2431,"[1125, 1557, 289, 1025, 1277]"
2432,"[1704, 1705, 1924, 1773, 1536]"
2433,"[1607, 1896, 1608, 1587, 1517]"
2434,"[207, 971, 968, 208, 978]"
2435,"[555, 1670, 544, 1315, 1889]"
2436,"[1758, 1914, 1762, 1704, 1898]"
2437,"[1900, 478, 116, 361, 1894]"
2438,"[926, 374, 823, 341, 265]"
2439,"[136, 618, 1001, 150, 1613]"
2440,"[1704, 1612, 1607, 1875, 417]"
2441,"[63, 349, 1722, 546, 749]"
2442,"[162, 216, 919, 928, 931]"
2443,"[1157, 1775, 1769, 1768, 1705]"
2444,"[1704, 1705, 108, 190, 1758]"
2445,"[1614, 884, 1890, 291, 1615]"
2446,"[292, 1762, 1617, 1758, 1761]"
2447,"[59, 124, 594, 97, 96]"
2448,"[1524, 1525, 1752, 862, 1559]"
2449,"[290, 1696, 1122, 1167, 1694]"
2450,"[594, 349, 787, 1045, 1908]"
2451,"[1607, 1608, 1517, 1205, 921]"
2452,"[677, 1580, 1704, 376, 1516]"
2453,"[890, 1676, 1538, 1705, 165]"
2454,"[1573, 1733, 216, 1747, 863]"
2455,"[855, 1884, 1521, 1558, 1610]"
2456,"[1541, 98, 793, 102, 97]"
2457,"[828, 1287, 1895, 1863, 1935]"
2458,"[1600, 1167, 359, 1636, 730]"
2459,"[1193, 1025, 165, 937, 164]"
2460,"[368, 1607, 455, 1704, 216]"
2461,"[1617, 1762, 292, 1758, 1760]"
2462,"[1884, 1900, 1676, 919, 868]"
2463,"[116, 1697, 60, 1747, 865]"
2464,"[1900, 1902, 1074, 1917, 408]"
2465,"[1917, 1900, 1207, 1505, 408]"
2466,"[1705, 1775, 1618, 1704, 1760]"
2467,"[1915, 677, 1618, 1704, 1619]"
2468,"[1768, 1257, 1760, 1769, 1704]"
2469,"[455, 368, 862, 1758, 1762]"
2470,"[1670, 102, 98, 793, 1746]"
2471,"[1915, 289, 677, 1560, 1733]"
2472,"[1915, 1863, 1704, 1705, 1885]"
2473,"[1705, 900, 1704, 1762, 1588]"
2474,"[1924, 1026, 1649, 1046, 1659]"
2475,"[1704, 1705, 455, 511, 1809]"
2476,"[1904, 1636, 18, 1316, 1587]"
2477,"[1607, 1192, 1517, 1904, 1587]"
2478,"[1863, 700, 300, 1935, 927]"
2479,"[1795, 1733, 128, 412, 1247]"
2480,"[377, 1123, 361, 395, 114]"
2481,"[1607, 886, 1517, 1608, 478]"
2482,"[1567, 1098, 1880, 114, 16]"
2483,"[1737, 745, 125, 759, 765]"
2484,"[261, 238, 235, 234, 239]"
2485,"[1655, 1617, 1762, 1758, 1760]"
2486,"[911, 1705, 990, 1912, 73]"
2487,"[28, 24, 1536, 1875, 1659]"
2488,"[368, 1522, 372, 1192, 89]"
2489,"[290, 102, 1701, 793, 663]"
2490,"[1246, 485, 1704, 1705, 1752]"
2491,"[372, 368, 745, 761, 455]"
2492,"[412, 1157, 1608, 1191, 1705]"
2493,"[1098, 108, 1567, 135, 1704]"
2494,"[1567, 1704, 1705, 1752, 1193]"
2495,"[1924, 1705, 1773, 868, 125]"
2496,"[1570, 1567, 135, 372, 108]"
2497,"[1255, 1490, 59, 124, 97]"
2498,"[1072, 1157, 372, 368, 1907]"
2499,"[1705, 1704, 850, 1752, 440]"
2500,"[109, 416, 1523, 425, 811]"
2501,"[1900, 1917, 757, 762, 758]"
2502,"[1900, 1915, 1917, 1046, 1902]"
2503,"[1704, 1705, 1809, 501, 1832]"
2504,"[82, 1287, 107, 1877, 1015]"
2505,"[1900, 1902, 96, 97, 1713]"
2506,"[1042, 1915, 175, 159, 937]"
2507,"[24, 1064, 1599, 1536, 1155]"
2508,"[216, 372, 1570, 1915, 1557]"
2509,"[1904, 757, 774, 758, 1316]"
2510,"[386, 1900, 927, 216, 1915]"
2511,"[884, 1070, 1066, 773, 250]"
2512,"[1019, 1035, 1607, 1549, 1586]"
2513,"[1260, 1256, 1935, 1863, 430]"
2514,"[1197, 161, 1524, 1525, 1752]"
2515,"[1705, 553, 1760, 1762, 1504]"
2516,"[793, 102, 98, 666, 1541]"
2517,"[420, 717, 1137, 372, 369]"
2518,"[1246, 290, 275, 807, 1176]"
2519,"[1793, 1915, 1792, 1789, 1790]"
2520,"[1704, 1705, 1905, 1915, 1627]"
2521,"[114, 1610, 1638, 1614, 1704]"
2522,"[1705, 1752, 708, 1760, 1755]"
2523,"[1915, 1673, 1522, 1626, 1128]"
2524,"[102, 663, 637, 793, 1541]"
2525,"[1204, 1705, 1704, 1544, 89]"
2526,"[372, 1721, 1570, 1049, 1586]"
2527,"[164, 919, 1704, 1705, 1074]"
2528,"[1904, 1700, 1232, 1889, 96]"
2529,"[1142, 1649, 736, 68, 347]"
2530,"[73, 4, 1878, 1707, 1708]"
2531,"[1705, 1704, 1924, 478, 1675]"
2532,"[1935, 1305, 903, 1906, 927]"
2533,"[1915, 1906, 1323, 938, 1590]"
2534,"[677, 660, 1932, 376, 190]"
2535,"[265, 1178, 682, 1129, 1936]"
2536,"[1704, 601, 1030, 1029, 1666]"
2537,"[59, 124, 97, 96, 1853]"
2538,"[1915, 1135, 919, 885, 164]"
2539,"[1900, 1543, 1066, 1917, 1638]"
2540,"[1618, 1705, 1704, 1567, 1885]"
2541,"[1924, 478, 29, 28, 1599]"
2542,"[1610, 583, 1705, 1704, 507]"
2543,"[1915, 1344, 1026, 1027, 1046]"
2544,"[1560, 171, 350, 864, 55]"
2545,"[110, 1062, 1216, 318, 1129]"
2546,"[692, 1726, 1601, 846, 1277]"
2547,"[1705, 1516, 1704, 1713, 1760]"
2548,"[1607, 1704, 1705, 1517, 1608]"
2549,"[1900, 478, 1902, 1924, 90]"
2550,"[1705, 1704, 1761, 1760, 216]"
2551,"[677, 376, 125, 688, 1733]"
2552,"[933, 1524, 1320, 1525, 1752]"
2553,"[1926, 441, 692, 688, 1562]"
2554,"[1900, 1902, 1917, 1133, 442]"
2555,"[1935, 1901, 707, 1863, 97]"
2556,"[911, 190, 1705, 213, 138]"
2557,"[511, 1704, 1705, 1193, 1659]"
2558,"[979, 407, 164, 406, 63]"
2559,"[478, 1704, 1924, 1705, 1733]"
2560,"[1256, 1113, 372, 430, 1260]"
2561,"[1061, 1581, 446, 1369, 1902]"
2562,"[663, 102, 653, 651, 637]"
2563,"[1713, 667, 1531, 1704, 1705]"
2564,"[1900, 1704, 1705, 1752, 1543]"
2565,"[1915, 1936, 796, 1704, 1705]"
2566,"[420, 1746, 1201, 96, 1628]"
2567,"[390, 1924, 924, 29, 1675]"
2568,"[1607, 1157, 1896, 1608, 1517]"
2569,"[1619, 757, 762, 758, 741]"
2570,"[455, 421, 1239, 29, 1193]"
2571,"[1733, 1737, 759, 1734, 765]"
2572,"[1924, 1567, 1704, 16, 1705]"
2573,"[1896, 1586, 1567, 1192, 1615]"
2574,"[1704, 1705, 1801, 1802, 1799]"
2575,"[1704, 1544, 1760, 1705, 1761]"
2576,"[1704, 1705, 1677, 1599, 1884]"
2577,"[1731, 1728, 1015, 801, 108]"
2578,"[82, 1306, 1929, 1592, 991]"
2579,"[916, 965, 154, 144, 911]"
2580,"[1704, 1171, 1910, 1916, 1705]"
2581,"[455, 1157, 372, 368, 1113]"
2582,"[1896, 1607, 1202, 410, 1157]"
2583,"[89, 276, 29, 605, 455]"
2584,"[420, 677, 935, 172, 920]"
2585,"[927, 165, 164, 159, 937]"
2586,"[368, 216, 1915, 1113, 455]"
2587,"[1157, 1249, 216, 900, 1915]"
2588,"[1705, 900, 1704, 1906, 1762]"
2589,"[1586, 1615, 1042, 1607, 165]"
2590,"[1917, 1914, 1704, 1758, 1599]"
2591,"[372, 368, 455, 454, 1557]"
2592,"[1900, 1902, 1917, 116, 1155]"
2593,"[1884, 462, 333, 786, 1306]"
2594,"[420, 96, 1320, 893, 606]"
2595,"[943, 202, 143, 964, 961]"
2596,"[1567, 372, 1570, 1804, 1802]"
2597,"[1586, 1607, 1904, 1608, 1705]"
2598,"[85, 152, 146, 911, 142]"
2599,"[212, 1704, 1705, 270, 916]"
2600,"[216, 128, 1915, 884, 1011]"
2601,"[1704, 1705, 1192, 505, 114]"
2602,"[886, 1607, 452, 403, 1608]"
2603,"[1603, 606, 862, 216, 1786]"
2604,"[1705, 1704, 1063, 1788, 543]"
2605,"[175, 149, 918, 150, 924]"
2606,"[1915, 1561, 1900, 1560, 1066]"
2607,"[677, 162, 919, 165, 164]"
2608,"[478, 1924, 1705, 783, 296]"
2609,"[1899, 1041, 1914, 216, 1762]"
2610,"[1700, 1889, 1701, 124, 1904]"
2611,"[1705, 1826, 1704, 512, 510]"
2612,"[868, 1086, 1277, 98, 1269]"
2613,"[1567, 884, 1011, 1880, 114]"
2614,"[1924, 1704, 919, 163, 583]"
2615,"[1192, 1726, 692, 1277, 116]"
2616,"[128, 1733, 1788, 1792, 412]"
2617,"[351, 198, 29, 89, 612]"
2618,"[1056, 1762, 1761, 1894, 1924]"
2619,"[1603, 862, 878, 1700, 96]"
2620,"[1072, 1761, 1704, 1705, 1760]"
2621,"[1705, 1636, 388, 862, 122]"
2622,"[478, 1924, 1704, 1705, 1922]"
2623,"[1932, 1626, 190, 1116, 1518]"
2624,"[1884, 1567, 1604, 455, 789]"
2625,"[1704, 1705, 455, 511, 1873]"
2626,"[1936, 1906, 432, 1885, 1704]"
2627,"[1705, 1618, 1704, 1567, 1904]"
2628,"[1704, 1705, 1777, 1765, 512]"
2629,"[1030, 292, 1544, 1890, 1704]"
2630,"[1902, 1917, 858, 1045, 1924]"
2631,"[1567, 29, 89, 1676, 1604]"
2632,"[1567, 1704, 1705, 1752, 1762]"
2633,"[1299, 1929, 1705, 212, 1704]"
2634,"[1884, 782, 692, 1312, 1677]"
2635,"[1704, 1705, 1752, 1193, 1762]"
2636,"[1799, 1704, 1802, 1804, 926]"
2637,"[1704, 1760, 1705, 1761, 1752]"
2638,"[677, 1704, 1705, 499, 505]"
2639,"[624, 1567, 1915, 216, 114]"
2640,"[1915, 1917, 1902, 1620, 1520]"
2641,"[1761, 1760, 1705, 1618, 1762]"
2642,"[372, 368, 1704, 455, 1705]"
2643,"[1567, 114, 1157, 1880, 1705]"
2644,"[1915, 1863, 927, 1828, 1837]"
2645,"[1900, 1543, 1924, 1915, 1071]"
2646,"[868, 1748, 216, 1915, 164]"
2647,"[478, 1030, 1531, 1257, 1068]"
2648,"[1567, 1704, 1607, 1705, 114]"
2649,"[1559, 835, 1760, 1705, 1758]"
2650,"[1889, 793, 1541, 102, 98]"
2651,"[409, 1746, 98, 97, 96]"
2652,"[1705, 1704, 1752, 1927, 1805]"
2653,"[372, 1570, 1049, 351, 734]"
2654,"[1896, 1607, 1608, 1705, 1704]"
2655,"[1812, 96, 97, 1746, 1810]"
2656,"[372, 363, 1570, 1705, 108]"
2657,"[1721, 1802, 1570, 361, 1804]"
2658,"[455, 1705, 926, 1704, 1192]"
2659,"[1576, 794, 1599, 1670, 1073]"
2660,"[1617, 292, 1762, 1722, 1758]"
2661,"[160, 155, 157, 158, 1924]"
2662,"[1570, 1802, 372, 1615, 1557]"
2663,"[1072, 1761, 1705, 1567, 368]"
2664,"[1792, 1705, 381, 1790, 1787]"
2665,"[1072, 162, 919, 924, 925]"
2666,"[212, 108, 138, 141, 349]"
2667,"[1524, 1525, 1752, 1559, 1926]"
2668,"[406, 407, 868, 428, 1748]"
2669,"[1385, 1175, 1916, 478, 1060]"
2670,"[1157, 368, 862, 1113, 455]"
2671,"[1705, 108, 1026, 1072, 1759]"
2672,"[1379, 692, 1100, 1608, 307]"
2673,"[1902, 1917, 1915, 1049, 1900]"
2674,"[1704, 1567, 1705, 1762, 1760]"
2675,"[1113, 1617, 455, 1618, 926]"
2676,"[128, 1072, 1157, 372, 702]"
2677,"[1900, 1543, 349, 1768, 1638]"
2678,"[1068, 421, 1157, 1607, 455]"
2679,"[455, 1191, 692, 1909, 1255]"
2680,"[1900, 692, 1543, 349, 1638]"
2681,"[364, 760, 346, 1491, 1766]"
2682,"[890, 1586, 1556, 1615, 113]"
2683,"[1704, 1705, 108, 1014, 1073]"
2684,"[165, 1457, 1068, 1014, 1704]"
2685,"[1836, 1873, 677, 1704, 1325]"
2686,"[165, 164, 1029, 1025, 1193]"
2687,"[1113, 891, 368, 455, 862]"
2688,"[1704, 1762, 1760, 1705, 1761]"
2689,"[361, 1202, 410, 1608, 1517]"
2690,"[1704, 1705, 291, 505, 1756]"
2691,"[1742, 624, 1915, 1564, 1489]"
2692,"[96, 97, 98, 102, 1541]"
2693,"[1761, 1760, 1768, 1769, 1775]"
2694,"[408, 7, 89, 455, 164]"
2695,"[1705, 455, 1704, 1896, 1567]"
2696,"[793, 1863, 1541, 1935, 98]"
2697,"[1932, 1931, 1197, 190, 139]"
2698,"[1894, 886, 1749, 123, 139]"
2699,"[1705, 1704, 903, 535, 1503]"
2700,"[368, 372, 455, 1157, 1113]"
2701,"[1900, 1917, 1902, 116, 408]"
2702,"[53, 1804, 1567, 1570, 372]"
2703,"[1538, 1826, 1556, 1615, 1752]"
2704,"[1902, 1900, 1543, 1917, 1638]"
2705,"[1603, 862, 1792, 1793, 1791]"
2706,"[1929, 1205, 1675, 1592, 212]"
2707,"[441, 1567, 535, 1704, 1760]"
2708,"[1704, 1917, 1705, 1761, 1760]"
2709,"[1567, 1705, 1880, 114, 1704]"
2710,"[793, 98, 102, 1541, 1564]"
2711,"[1618, 1704, 1761, 1760, 919]"
2712,"[102, 1297, 98, 1197, 478]"
2713,"[583, 507, 1471, 1206, 1894]"
2714,"[730, 731, 1167, 1190, 1636]"
2715,"[1028, 1118, 866, 1073, 1313]"
2716,"[478, 1704, 1924, 1705, 1761]"
2717,"[1863, 1935, 886, 927, 1828]"
2718,"[760, 364, 1023, 774, 756]"
2719,"[1863, 927, 1935, 430, 1936]"
2720,"[895, 1065, 136, 92, 904]"
2721,"[930, 160, 1746, 1314, 158]"
2722,"[299, 1089, 1637, 1878, 1707]"
2723,"[1676, 124, 757, 758, 762]"
2724,"[455, 1705, 1704, 1777, 1765]"
2725,"[1149, 1620, 1704, 1752, 164]"
2726,"[1915, 147, 200, 202, 960]"
2727,"[1900, 1821, 442, 1822, 1833]"
2728,"[1915, 1704, 1760, 1762, 1758]"
2729,"[1742, 1564, 1489, 1554, 1532]"
2730,"[1066, 1603, 759, 1160, 421]"
2731,"[1607, 1608, 1704, 1705, 1517]"
2732,"[1915, 624, 368, 455, 1598]"
2733,"[216, 1915, 885, 1008, 1030]"
2734,"[97, 96, 1538, 1556, 1528]"
2735,"[1246, 501, 332, 1880, 1256]"
2736,"[190, 925, 271, 1050, 149]"
2737,"[341, 1902, 1246, 1701, 73]"
2738,"[1607, 1733, 1737, 765, 768]"
2739,"[1792, 1793, 1790, 1789, 1791]"
2740,"[1863, 1935, 927, 430, 1659]"
2741,"[1915, 1561, 857, 171, 1536]"
2742,"[102, 663, 653, 1541, 97]"
2743,"[1193, 1915, 164, 1620, 1042]"
2744,"[1902, 1900, 1917, 1552, 359]"
2745,"[1033, 1063, 165, 937, 1025]"
2746,"[1586, 413, 1615, 478, 1021]"
2747,"[1607, 1896, 1608, 1517, 1894]"
2748,"[1617, 1761, 1113, 455, 1722]"
2749,"[1519, 89, 165, 1520, 419]"
2750,"[1617, 1704, 1782, 1781, 926]"
2751,"[1607, 1896, 1192, 1157, 1705]"
2752,"[455, 454, 1191, 1308, 465]"
2753,"[1613, 1530, 1924, 257, 1542]"
2754,"[98, 96, 97, 1700, 1541]"
2755,"[216, 1704, 454, 1705, 1915]"
2756,"[366, 400, 533, 322, 361]"
2757,"[1762, 1795, 589, 1758, 559]"
2758,"[368, 1113, 372, 862, 1203]"
2759,"[1677, 1705, 1704, 1904, 521]"
2760,"[1737, 1733, 765, 1607, 1738]"
2761,"[455, 372, 368, 1080, 1191]"
2762,"[234, 233, 238, 266, 267]"
2763,"[1900, 1902, 1752, 1917, 1704]"
2764,"[441, 421, 1935, 1828, 1833]"
2765,"[1705, 1760, 1761, 1759, 1762]"
2766,"[608, 1192, 1611, 1600, 451]"
2767,"[1704, 1615, 1043, 1758, 1798]"
2768,"[216, 1914, 1762, 1758, 1704]"
2769,"[1704, 1705, 511, 926, 1825]"
2770,"[919, 164, 1025, 98, 455]"
2771,"[341, 926, 257, 1899, 692]"
2772,"[1762, 1899, 1219, 1211, 1383]"
2773,"[478, 1197, 1922, 1897, 1924]"
2774,"[1137, 494, 891, 320, 1636]"
2775,"[1733, 1567, 452, 1788, 1784]"
2776,"[190, 1704, 1932, 1705, 1567]"
2777,"[1902, 1917, 677, 1924, 141]"
2778,"[1704, 1705, 1733, 257, 1737]"
2779,"[1896, 1613, 1157, 1607, 1608]"
2780,"[925, 749, 163, 164, 1042]"
2781,"[1900, 1917, 1543, 1676, 890]"
2782,"[1199, 103, 904, 46, 1887]"
2783,"[1541, 1313, 793, 98, 102]"
2784,"[1902, 1552, 405, 1915, 1196]"
2785,"[1023, 398, 1290, 1861, 1863]"
2786,"[1615, 329, 1586, 1099, 346]"
2787,"[216, 1915, 1728, 108, 1015]"
2788,"[1617, 926, 1555, 1924, 1705]"
2789,"[368, 891, 1113, 1617, 455]"
2790,"[216, 372, 1570, 1915, 1875]"
2791,"[677, 216, 1915, 1704, 120]"
2792,"[125, 1733, 1545, 1792, 1788]"
2793,"[1612, 1193, 1762, 1758, 1704]"
2794,"[412, 677, 411, 1733, 1788]"
2795,"[455, 1705, 1704, 1758, 1760]"
2796,"[1723, 1513, 542, 594, 1772]"
2797,"[1742, 1927, 1549, 1884, 1554]"
2798,"[1627, 357, 1025, 159, 937]"
2799,"[259, 261, 1318, 1924, 224]"
2800,"[1922, 1897, 1924, 1162, 165]"
2801,"[1705, 1704, 1762, 1758, 526]"
2802,"[938, 1157, 1607, 1608, 886]"
2803,"[928, 1922, 1897, 925, 166]"
2804,"[1904, 1504, 1724, 865, 1747]"
2805,"[1191, 1601, 1705, 1726, 1704]"
2806,"[165, 1042, 919, 159, 937]"
2807,"[1063, 676, 690, 686, 1028]"
2808,"[1587, 1570, 1922, 1897, 1060]"
2809,"[1922, 1897, 1899, 166, 1904]"
2810,"[1704, 862, 1697, 530, 1922]"
2811,"[412, 1733, 1612, 1788, 927]"
2812,"[1613, 1019, 903, 430, 150]"
2813,"[1746, 96, 97, 102, 98]"
2814,"[807, 1704, 1705, 526, 1044]"
2815,"[1073, 42, 1299, 1924, 258]"
2816,"[1704, 1705, 108, 368, 1721]"
2817,"[911, 403, 927, 1705, 990]"
2818,"[1157, 455, 368, 421, 1191]"
2819,"[1068, 1523, 102, 1704, 1705]"
2820,"[965, 862, 964, 886, 153]"
2821,"[1615, 290, 1556, 1538, 1586]"
2822,"[1242, 1904, 1191, 1014, 1606]"
2823,"[667, 1825, 749, 1233, 291]"
2824,"[1704, 1705, 1746, 289, 1191]"
2825,"[1907, 1612, 952, 89, 165]"
2826,"[289, 1705, 1704, 116, 1904]"
2827,"[124, 125, 1706, 1915, 1748]"
2828,"[289, 1705, 1704, 1884, 1424]"
2829,"[1896, 1915, 1894, 216, 1586]"
2830,"[1518, 1520, 1556, 1538, 1564]"
2831,"[1637, 1904, 922, 1163, 692]"
2832,"[1828, 1833, 1837, 1822, 1821]"
2833,"[353, 1176, 1173, 779, 289]"
2834,"[1612, 1574, 1927, 1620, 1065]"
2835,"[1922, 1897, 89, 1905, 1896]"
2836,"[1924, 1160, 1705, 1704, 1618]"
2837,"[1527, 1924, 1520, 1556, 1752]"
2838,"[1705, 1704, 1889, 1762, 1612]"
2839,"[1627, 1526, 1587, 1886, 1025]"
2840,"[89, 165, 1011, 1922, 1897]"
2841,"[1704, 1705, 107, 1442, 1713]"
2842,"[1587, 1627, 1922, 1897, 1904]"
2843,"[667, 291, 91, 682, 680]"
2844,"[97, 96, 1904, 1746, 1532]"
2845,"[291, 1705, 1746, 1704, 1760]"
2846,"[438, 165, 1069, 1567, 1080]"
2847,"[1746, 97, 96, 1724, 1704]"
2848,"[125, 1884, 446, 1788, 1789]"
2849,"[128, 1705, 1704, 1758, 1114]"
2850,"[166, 1922, 1897, 1907, 1050]"
2851,"[530, 1704, 1705, 1914, 1924]"
2852,"[500, 1836, 1455, 493, 1832]"
2853,"[1246, 1922, 1897, 1907, 89]"
2854,"[676, 690, 686, 320, 1179]"
2855,"[1899, 1772, 1246, 1762, 1922]"
2856,"[1705, 1704, 1904, 289, 1424]"
2857,"[1924, 1904, 89, 860, 1922]"
2858,"[1899, 1147, 1924, 1907, 455]"
2859,"[1929, 455, 1163, 404, 1014]"
2860,"[1902, 102, 98, 97, 96]"
2861,"[165, 128, 1025, 1627, 937]"
2862,"[927, 165, 1627, 1886, 1587]"
2863,"[1704, 1705, 289, 1904, 1531]"
2864,"[1807, 1279, 1936, 1073, 324]"
2865,"[1249, 496, 1886, 1808, 1705]"
2866,"[1704, 1722, 688, 678, 676]"
2867,"[1649, 1149, 403, 1633, 1029]"
2868,"[625, 1770, 613, 772, 1023]"
2869,"[963, 990, 1705, 911, 956]"
2870,"[1771, 1704, 1760, 1705, 1587]"
2871,"[1929, 1014, 55, 1592, 926]"
2872,"[1556, 1538, 1518, 1752, 1548]"
2873,"[1592, 1705, 1704, 1155, 256]"
2874,"[1030, 324, 692, 357, 1924]"
2875,"[216, 913, 1915, 787, 1908]"
2876,"[1922, 1897, 89, 1526, 1704]"
2877,"[1704, 1705, 547, 1760, 1567]"
2878,"[1677, 1704, 1705, 1591, 521]"
2879,"[1904, 1517, 1316, 1894, 1207]"
2880,"[1705, 530, 1704, 1762, 1758]"
2881,"[1915, 914, 1148, 371, 924]"
2882,"[1828, 1837, 1833, 1822, 1821]"
2883,"[116, 1614, 1191, 1904, 1521]"
2884,"[1904, 1025, 1746, 1705, 96]"
2885,"[1917, 1147, 125, 259, 412]"
2886,"[927, 1922, 1897, 1935, 1863]"
2887,"[896, 1495, 1704, 530, 1865]"
2888,"[1863, 1833, 1837, 1828, 927]"
2889,"[317, 1340, 1697, 862, 361]"
2890,"[1618, 1071, 1248, 1676, 1675]"
2891,"[1705, 1726, 1768, 1068, 1704]"
2892,"[1915, 677, 163, 213, 862]"
2893,"[1922, 1897, 165, 927, 89]"
2894,"[1705, 1922, 1897, 1526, 1704]"
2895,"[1746, 98, 866, 1541, 102]"
2896,"[812, 706, 464, 467, 310]"
2897,"[165, 89, 1025, 159, 937]"
2898,"[1705, 1704, 530, 1612, 896]"
2899,"[263, 216, 977, 1249, 1915]"
2900,"[1899, 1762, 1758, 1705, 1704]"
2901,"[1919, 523, 1924, 1053, 1630]"
2902,"[1055, 1705, 1193, 1495, 1704]"
2903,"[1760, 291, 1677, 89, 113]"
2904,"[116, 29, 1676, 89, 113]"
2905,"[265, 329, 998, 1637, 261]"
2906,"[1907, 928, 1905, 289, 1627]"
2907,"[1922, 1897, 163, 89, 1899]"
2908,"[1907, 89, 1526, 1899, 1922]"
2909,"[1068, 1704, 1066, 1030, 1029]"
2910,"[1587, 1627, 216, 164, 165]"
2911,"[1896, 1607, 1608, 1517, 1627]"
2912,"[927, 1828, 1837, 1833, 1935]"
2913,"[1627, 1905, 165, 163, 98]"
2914,"[291, 1874, 1705, 667, 926]"
2915,"[1914, 1704, 1762, 1758, 1898]"
2916,"[1915, 1899, 317, 216, 484]"
2917,"[1762, 1758, 1760, 1761, 371]"
2918,"[269, 285, 1876, 1932, 69]"
2919,"[89, 1193, 361, 165, 766]"
2920,"[1612, 1902, 1762, 455, 862]"
2921,"[1029, 1025, 1538, 159, 937]"
2922,"[1617, 216, 98, 1815, 1901]"
2923,"[149, 461, 1588, 1244, 423]"
2924,"[1526, 1627, 97, 96, 1899]"
2925,"[116, 1726, 1638, 1705, 692]"
2926,"[261, 267, 266, 239, 238]"
2927,"[1399, 1705, 1704, 1178, 1676]"
2928,"[1068, 1601, 1705, 1704, 1760]"
2929,"[1071, 868, 406, 407, 419]"
2930,"[1931, 116, 377, 379, 1724]"
2931,"[1904, 1588, 868, 1748, 1529]"
2932,"[1899, 1762, 113, 1704, 1705]"
2933,"[1043, 1060, 1520, 640, 175]"
2934,"[1034, 1041, 1915, 1676, 113]"
2935,"[1924, 1034, 1154, 1617, 936]"
2936,"[128, 428, 1193, 1025, 937]"
2937,"[296, 1087, 125, 1696, 1697]"
2938,"[1358, 1363, 1370, 924, 1334]"
2939,"[1917, 274, 1902, 408, 280]"
2940,"[447, 1273, 1909, 1911, 1910]"
2941,"[165, 89, 164, 29, 113]"
2942,"[1907, 1771, 1519, 819, 890]"
2943,"[1917, 1902, 108, 408, 681]"
2944,"[1067, 60, 216, 1747, 116]"
2945,"[1705, 1704, 1726, 1191, 692]"
2946,"[162, 919, 934, 928, 924]"
2947,"[428, 406, 407, 933, 59]"
2948,"[1612, 37, 1574, 1620, 1762]"
2949,"[1704, 1588, 1762, 1705, 1758]"
2950,"[420, 96, 1902, 98, 102]"
2951,"[1905, 89, 1627, 164, 1120]"
2952,"[1613, 1904, 1545, 113, 1193]"
2953,"[1627, 1025, 1193, 164, 1587]"
2954,"[102, 1040, 125, 409, 716]"
2955,"[1807, 1936, 125, 116, 1279]"
2956,"[1296, 1680, 1048, 982, 1011]"
2957,"[273, 275, 1733, 274, 412]"
2958,"[1922, 1897, 1526, 1899, 927]"
2959,"[212, 1230, 1042, 136, 108]"
2960,"[116, 1705, 1704, 289, 1191]"
2961,"[1704, 692, 783, 1705, 777]"
2962,"[1915, 1704, 291, 1760, 1296]"
2963,"[1704, 1705, 1768, 1769, 1761]"
2964,"[1915, 1030, 1591, 1560, 1924]"
2965,"[1902, 1900, 1915, 1762, 1246]"
2966,"[1713, 1552, 124, 1700, 1129]"
2967,"[113, 1526, 1533, 1587, 1924]"
2968,"[447, 1579, 291, 1273, 667]"
2969,"[1558, 1627, 1587, 1886, 1071]"
2970,"[1745, 112, 1671, 1070, 1907]"
2971,"[1915, 1085, 862, 1603, 396]"
2972,"[1915, 1085, 890, 114, 1899]"
2973,"[1045, 1933, 1034, 1050, 1060]"
2974,"[108, 212, 440, 1014, 954]"
2975,"[1201, 102, 1073, 925, 98]"
2976,"[1627, 1905, 1527, 693, 698]"
2977,"[128, 1627, 1587, 1905, 1527]"
2978,"[1724, 1068, 1768, 339, 116]"
2979,"[1549, 1068, 1697, 862, 412]"
2980,"[162, 919, 165, 924, 938]"
2981,"[1900, 1902, 857, 478, 1761]"
2982,"[1704, 1705, 125, 1752, 1536]"
2983,"[42, 1358, 1368, 402, 1863]"
2984,"[1065, 136, 904, 895, 1193]"
2985,"[452, 1300, 1301, 1704, 1833]"
2986,"[1607, 1896, 455, 1608, 1615]"
2987,"[478, 1924, 1157, 1607, 1608]"
2988,"[1915, 677, 1299, 430, 1705]"
2989,"[1704, 1705, 1807, 103, 1531]"
2990,"[1902, 1900, 1917, 1049, 408]"
2991,"[417, 1193, 446, 1239, 455]"
2992,"[430, 1260, 1256, 1828, 1833]"
2993,"[1226, 1531, 1562, 89, 1030]"
2994,"[1705, 1704, 1807, 1896, 97]"
2995,"[1041, 1527, 1560, 1561, 1556]"
2996,"[66, 1809, 1608, 1607, 455]"
2997,"[1792, 1790, 1789, 1791, 1793]"
2998,"[1705, 1704, 162, 919, 924]"
2999,"[1659, 1193, 446, 417, 1704]"
3000,"[1041, 419, 1030, 1039, 368]"
3001,"[1863, 1704, 1705, 1935, 1256]"
3002,"[1531, 1030, 1257, 1068, 395]"
3003,"[1705, 1193, 1704, 886, 1909]"
3004,"[1193, 164, 1620, 1861, 1855]"
3005,"[425, 446, 1068, 1073, 1704]"
3006,"[1151, 1531, 1030, 1068, 260]"
3007,"[478, 819, 1894, 1249, 1705]"
3008,"[359, 1548, 306, 1087, 1088]"
3009,"[1705, 1704, 796, 1043, 1924]"
3010,"[677, 1704, 1705, 1752, 1193]"
3011,"[1068, 446, 1704, 1075, 1705]"
3012,"[1705, 1704, 452, 1873, 1836]"
3013,"[1863, 1260, 1256, 430, 1837]"
3014,"[1076, 1495, 768, 1030, 750]"
3015,"[1915, 1927, 677, 1030, 1836]"
3016,"[933, 1855, 1142, 1846, 1861]"
3017,"[454, 478, 368, 862, 455]"
3018,"[1906, 1704, 175, 926, 921]"
3019,"[1193, 1909, 1752, 1705, 1704]"
3020,"[28, 24, 1074, 1073, 1620]"
3021,"[1617, 1173, 1263, 1619, 1567]"
3022,"[1705, 1704, 1807, 97, 1924]"
3023,"[125, 1244, 423, 1690, 919]"
3024,"[125, 423, 1244, 1626, 919]"
3025,"[125, 423, 1244, 1028, 1925]"
3026,"[125, 1244, 423, 677, 397]"
3027,"[125, 423, 1244, 1690, 762]"
3028,"[125, 423, 1244, 1690, 1915]"
3029,"[125, 423, 1244, 114, 98]"
3030,"[125, 1244, 423, 919, 926]"
3031,"[125, 423, 1244, 902, 1612]"
3032,"[721, 125, 1038, 423, 1244]"
3033,"[125, 423, 1244, 412, 368]"
3034,"[125, 677, 1615, 1538, 1924]"
3035,"[125, 1244, 423, 677, 1855]"
3036,"[578, 1704, 580, 1705, 396]"
3037,"[125, 423, 1244, 1025, 919]"
3038,"[125, 1702, 1244, 423, 1612]"
3039,"[125, 1370, 677, 1363, 114]"
3040,"[1555, 773, 1649, 324, 357]"
3041,"[360, 125, 376, 1126, 423]"
3042,"[125, 423, 1244, 1702, 1612]"
3043,"[125, 1900, 585, 586, 577]"
3044,"[1282, 1285, 1690, 125, 216]"
3045,"[125, 1244, 423, 1628, 1924]"
3046,"[125, 1244, 423, 98, 332]"
3047,"[125, 1244, 423, 320, 1795]"
3048,"[125, 1244, 423, 1612, 1025]"
3049,"[125, 423, 1244, 1702, 1705]"
3050,"[125, 423, 1244, 926, 1025]"
3051,"[594, 1513, 542, 1860, 3]"
3052,"[613, 125, 423, 1244, 1612]"
3053,"[1924, 125, 478, 902, 1612]"
3054,"[125, 1244, 423, 398, 1626]"
3055,"[125, 423, 1244, 163, 472]"
3056,"[1244, 423, 125, 1028, 1925]"
3057,"[125, 1690, 423, 1244, 365]"
3058,"[1344, 1612, 1626, 892, 125]"
3059,"[125, 1244, 423, 862, 1603]"
3060,"[1900, 125, 423, 1244, 1705]"
3061,"[1915, 125, 42, 1344, 1358]"
3062,"[1830, 79, 927, 1831, 1254]"
3063,"[125, 423, 1244, 406, 902]"
3064,"[460, 1309, 677, 376, 1310]"
3065,"[125, 423, 1244, 1690, 1924]"
3066,"[1772, 460, 1643, 1309, 28]"
3067,"[1924, 478, 1885, 692, 1755]"
3068,"[1924, 1434, 1704, 538, 1705]"
3069,"[1915, 478, 408, 1924, 1810]"
3070,"[1924, 478, 1915, 98, 1560]"
3071,"[1030, 478, 1704, 1924, 1705]"
3072,"[1560, 528, 1704, 1507, 538]"
3073,"[1706, 1810, 1815, 1812, 1811]"
3074,"[478, 164, 98, 320, 938]"
3075,"[478, 919, 1924, 1704, 1705]"
3076,"[1927, 1065, 1705, 1704, 1762]"
3077,"[1915, 1704, 1677, 1924, 1507]"
3078,"[1704, 478, 96, 97, 1924]"
3079,"[1504, 1915, 1299, 1789, 1792]"
3080,"[1924, 1705, 1677, 1761, 528]"
3081,"[485, 1705, 528, 1507, 1434]"
3082,"[478, 1924, 98, 96, 97]"
3083,"[1924, 1915, 478, 921, 339]"
3084,"[1915, 1863, 402, 42, 528]"
3085,"[1915, 116, 1902, 1561, 361]"
3086,"[504, 1755, 528, 1507, 1761]"
3087,"[1915, 275, 1507, 124, 528]"
3088,"[478, 1924, 1704, 1705, 1752]"
3089,"[1276, 1863, 1744, 817, 927]"
3090,"[1924, 98, 96, 97, 1915]"
3091,"[1924, 1913, 128, 114, 126]"
3092,"[528, 926, 1507, 1128, 334]"
3093,"[922, 1915, 478, 1704, 159]"
3094,"[1915, 1704, 1705, 1062, 1924]"
3095,"[1760, 1705, 1761, 1704, 485]"
3096,"[1915, 1902, 1792, 1789, 1790]"
3097,"[1935, 1863, 1897, 1922, 1936]"
3098,"[1704, 289, 1560, 1705, 1561]"
3099,"[1915, 116, 528, 1507, 1434]"
3100,"[1924, 478, 1705, 453, 1561]"
3101,"[1560, 98, 528, 1507, 1434]"
3102,"[1924, 1434, 334, 528, 1507]"
3103,"[1915, 677, 1704, 1560, 1705]"
3104,"[1924, 528, 1507, 1742, 1434]"
3105,"[1924, 478, 921, 1915, 528]"
3106,"[528, 1434, 1507, 538, 1695]"
3107,"[1915, 693, 106, 1792, 1789]"
3108,"[1758, 361, 96, 97, 1760]"
3109,"[34, 1937, 1815, 1863, 1812]"
3110,"[1604, 361, 1900, 1042, 1917]"
3111,"[368, 455, 1113, 216, 862]"
3112,"[216, 53, 1915, 405, 1125]"
3113,"[1024, 1704, 1802, 1798, 1804]"
3114,"[108, 1024, 1721, 80, 1159]"
3115,"[1721, 108, 1024, 80, 1801]"
3116,"[1344, 80, 329, 1602, 1008]"
3117,"[1776, 1757, 972, 911, 990]"
3118,"[1193, 1656, 1705, 1592, 171]"
3119,"[1929, 108, 1040, 406, 1721]"
3120,"[108, 1721, 1705, 1704, 1931]"
3121,"[1929, 108, 1721, 1592, 406]"
3122,"[108, 89, 29, 453, 1676]"
3123,"[1929, 108, 1726, 1721, 1592]"
3124,"[1704, 1705, 1758, 1760, 1761]"
3125,"[1929, 108, 1721, 1592, 1054]"
3126,"[1705, 1704, 108, 412, 1721]"
3127,"[108, 1721, 1758, 1762, 503]"
3128,"[80, 853, 1733, 292, 1788]"
3129,"[688, 1024, 18, 368, 1602]"
3130,"[1760, 1762, 1761, 1704, 1756]"
3131,"[413, 408, 1025, 1603, 1024]"
3132,"[380, 1159, 1024, 1721, 1704]"
3133,"[1181, 348, 1024, 1057, 84]"
3134,"[1762, 1761, 1756, 1705, 1704]"
3135,"[108, 1721, 927, 1705, 1704]"
3136,"[1929, 387, 679, 334, 108]"
3137,"[737, 719, 80, 732, 729]"
3138,"[80, 1024, 1721, 108, 1705]"
3139,"[361, 1732, 1773, 1680, 884]"
3140,"[1721, 1024, 108, 1098, 1618]"
3141,"[911, 1705, 1704, 1912, 990]"
3142,"[1024, 108, 1761, 1721, 1704]"
3143,"[42, 430, 402, 1368, 1935]"
3144,"[1721, 108, 80, 1915, 1277]"
3145,"[1799, 1798, 1557, 1781, 1801]"
3146,"[1188, 372, 1184, 391, 455]"
3147,"[1491, 1442, 1405, 1409, 1213]"
3148,"[1704, 1760, 1761, 1762, 1758]"
3149,"[383, 1705, 1704, 108, 392]"
3150,"[1721, 1024, 1929, 108, 1592]"
3151,"[1721, 339, 108, 1705, 1067]"
3152,"[1027, 272, 1119, 1705, 1592]"
3153,"[1721, 108, 80, 1125, 1698]"
3154,"[1915, 216, 1024, 1705, 108]"
3155,"[1705, 1704, 1904, 441, 1906]"
3156,"[1617, 292, 1924, 692, 1762]"
3157,"[1733, 1788, 455, 1705, 125]"
3158,"[1617, 1924, 1705, 1704, 900]"
3159,"[1617, 811, 926, 900, 1705]"
3160,"[1617, 292, 1762, 1722, 692]"
3161,"[645, 125, 1733, 216, 412]"
3162,"[1617, 1762, 292, 1760, 1758]"
3163,"[1617, 900, 1705, 102, 455]"
3164,"[292, 1722, 1762, 692, 1617]"
3165,"[441, 1924, 478, 1937, 1628]"
3166,"[292, 1617, 1762, 1555, 1758]"
3167,"[1617, 1655, 292, 926, 1704]"
3168,"[926, 1733, 412, 1788, 1792]"
3169,"[1617, 1762, 1722, 292, 1760]"
3170,"[1617, 1924, 292, 1762, 1761]"
3171,"[1144, 440, 441, 688, 704]"
3172,"[292, 1617, 440, 1762, 1758]"
3173,"[1617, 1655, 1555, 292, 1762]"
3174,"[1617, 292, 1567, 1722, 1762]"
3175,"[1924, 1617, 292, 1722, 478]"
3176,"[1617, 1762, 292, 1758, 1722]"
3177,"[1655, 1924, 63, 1722, 749]"
3178,"[1653, 292, 339, 1758, 1762]"
3179,"[292, 1617, 1762, 1758, 692]"
3180,"[1924, 1705, 478, 1758, 1704]"
3181,"[1617, 1762, 1760, 1758, 1924]"
3182,"[292, 1722, 1617, 1758, 1762]"
3183,"[98, 292, 96, 97, 163]"
3184,"[621, 1704, 1705, 1617, 1758]"
3185,"[292, 1704, 1617, 1924, 1677]"
3186,"[164, 425, 1713, 1626, 100]"
3187,"[1617, 926, 1125, 900, 919]"
3188,"[441, 741, 1619, 756, 763]"
3189,"[1617, 1761, 1567, 292, 1762]"
3190,"[1617, 292, 1722, 1762, 1758]"
3191,"[1617, 292, 1762, 1761, 1758]"
3192,"[1722, 292, 1617, 673, 1762]"
3193,"[1249, 159, 1884, 900, 1704]"
3194,"[1617, 1618, 1705, 1890, 1704]"
3195,"[441, 997, 164, 1875, 982]"
3196,"[292, 1617, 1758, 1722, 1762]"
3197,"[292, 1071, 1617, 1722, 1762]"
3198,"[441, 1269, 982, 1099, 261]"
3199,"[794, 1313, 1761, 1746, 1704]"
3200,"[681, 1705, 1760, 887, 1923]"
3201,"[811, 16, 103, 322, 1898]"
3202,"[1172, 1241, 1063, 1188, 276]"
3203,"[1071, 1807, 1704, 89, 465]"
3204,"[1746, 126, 1924, 1191, 1902]"
3205,"[706, 711, 324, 704, 454]"
3206,"[1558, 1114, 1752, 1550, 1518]"
3207,"[1705, 1704, 1538, 1155, 136]"
3208,"[1705, 1704, 119, 1412, 558]"
3209,"[1071, 1588, 242, 1529, 103]"
3210,"[321, 900, 1586, 1588, 1696]"
3211,"[1071, 1807, 1705, 1704, 1191]"
3212,"[1760, 1705, 1704, 900, 1924]"
3213,"[365, 1056, 1627, 1619, 265]"
3214,"[112, 113, 291, 1914, 1070]"
3215,"[1191, 415, 1746, 126, 1627]"
3216,"[706, 711, 465, 781, 715]"
3217,"[1905, 1627, 1705, 1762, 113]"
3218,"[1070, 291, 1761, 1704, 1705]"
3219,"[1070, 409, 1626, 1704, 1705]"
3220,"[89, 409, 1627, 460, 1746]"
3221,"[681, 1626, 1518, 1531, 164]"
3222,"[681, 1705, 887, 1760, 1923]"
3223,"[291, 900, 1911, 460, 984]"
3224,"[1071, 1807, 1704, 1191, 1746]"
3225,"[1070, 291, 289, 1119, 112]"
3226,"[273, 332, 1649, 1551, 1122]"
3227,"[1627, 1910, 1587, 1904, 1526]"
3228,"[291, 1746, 96, 97, 98]"
3229,"[112, 113, 291, 1070, 164]"
3230,"[291, 1626, 387, 1746, 1518]"
3231,"[89, 291, 18, 1556, 1733]"
3232,"[291, 706, 781, 1605, 711]"
3233,"[112, 291, 113, 1904, 1705]"
3234,"[291, 409, 1746, 1627, 1890]"
3235,"[681, 1705, 1760, 954, 409]"
3236,"[1705, 291, 1746, 1704, 1927]"
3237,"[112, 1070, 1533, 291, 113]"
3238,"[106, 1704, 1032, 811, 1705]"
3239,"[440, 321, 317, 1070, 1588]"
3240,"[1071, 811, 1807, 1748, 868]"
3241,"[1705, 1704, 1537, 1044, 1629]"
3242,"[1071, 811, 322, 365, 1704]"
3243,"[1713, 338, 1924, 1518, 1556]"
3244,"[291, 1910, 1523, 1906, 1529]"
3245,"[1562, 1924, 1070, 478, 96]"
3246,"[1913, 1308, 1924, 1242, 478]"
3247,"[1905, 1527, 291, 1899, 1627]"
3248,"[1760, 1924, 1761, 1704, 1705]"
3249,"[111, 1762, 1704, 1760, 1274]"
3250,"[1705, 572, 1704, 1063, 1706]"
3251,"[663, 1937, 1924, 1553, 478]"
3252,"[1924, 321, 112, 291, 113]"
3253,"[1937, 1761, 1760, 1705, 1924]"
3254,"[432, 1924, 1937, 1705, 277]"
3255,"[1924, 1705, 1937, 1070, 478]"
3256,"[1704, 1705, 1924, 1826, 478]"
3257,"[1937, 1705, 1913, 1924, 1760]"
3258,"[1533, 291, 1191, 112, 1528]"
3259,"[1627, 1910, 331, 1905, 1746]"
3260,"[1760, 1761, 1705, 1924, 692]"
3261,"[1910, 1924, 1899, 1523, 1529]"
3262,"[1671, 1066, 1907, 1745, 1616]"
3263,"[1924, 291, 112, 113, 1191]"
3264,"[1308, 809, 913, 1544, 808]"
3265,"[1924, 291, 112, 1533, 113]"
3266,"[1910, 1906, 1529, 98, 1627]"
3267,"[1924, 1562, 1937, 1523, 1553]"
3268,"[291, 1761, 1760, 1937, 1606]"
3269,"[1924, 1704, 1705, 1723, 478]"
3270,"[112, 1760, 113, 291, 1924]"
3271,"[1704, 1705, 1924, 1826, 478]"
3272,"[572, 1704, 1705, 1761, 1760]"
3273,"[1733, 1192, 1908, 1924, 1606]"
3274,"[291, 1761, 1760, 1924, 1937]"
3275,"[1526, 1899, 1697, 1273, 91]"
3276,"[291, 667, 1924, 1628, 1553]"
3277,"[1924, 291, 1904, 1906, 1523]"
3278,"[901, 319, 1815, 1706, 1063]"
3279,"[1924, 1713, 478, 706, 338]"
3280,"[1913, 510, 926, 1544, 1242]"
3281,"[1924, 113, 1191, 1705, 112]"
3282,"[1760, 1761, 1924, 478, 1705]"
3283,"[291, 1904, 1627, 1760, 1937]"
3284,"[1308, 432, 1704, 1705, 1760]"
3285,"[1906, 1527, 1523, 1915, 1529]"
3286,"[291, 1761, 1937, 1760, 1553]"
3287,"[1915, 1902, 1073, 171, 1552]"
3288,"[1628, 1553, 782, 409, 1562]"
3289,"[667, 291, 398, 723, 98]"
3290,"[291, 112, 1070, 866, 1704]"
3291,"[125, 1677, 116, 89, 113]"
3292,"[1924, 1656, 1193, 1748, 868]"
3293,"[45, 1614, 1636, 1188, 363]"
3294,"[928, 1705, 1760, 1761, 1704]"
3295,"[1614, 45, 1636, 438, 860]"
3296,"[1070, 291, 289, 1656, 692]"
3297,"[1704, 682, 1705, 1760, 432]"
3298,"[113, 112, 890, 1191, 1533]"
3299,"[811, 291, 109, 112, 1070]"
3300,"[98, 1746, 1025, 97, 96]"
3301,"[1704, 1705, 1761, 1760, 1762]"
3302,"[692, 1726, 846, 1191, 113]"
3303,"[1705, 291, 1704, 415, 1807]"
3304,"[1626, 1538, 1915, 1518, 1556]"
3305,"[1028, 102, 164, 1025, 98]"
3306,"[811, 291, 112, 1070, 113]"
3307,"[291, 1201, 1713, 1746, 98]"
3308,"[291, 125, 1704, 1705, 1677]"
3309,"[1761, 1705, 1760, 1758, 1704]"
3310,"[1636, 809, 363, 438, 1614]"
3311,"[291, 455, 1606, 1614, 1636]"
3312,"[102, 1746, 98, 121, 1713]"
3313,"[112, 1704, 1705, 291, 113]"
3314,"[291, 667, 1761, 1760, 1704]"
3315,"[1614, 1070, 1636, 783, 455]"
3316,"[1704, 1924, 125, 782, 1705]"
3317,"[291, 1070, 1386, 866, 112]"
3318,"[112, 113, 1192, 291, 890]"
3319,"[667, 291, 1752, 1708, 1878]"
3320,"[102, 1746, 98, 96, 97]"
3321,"[109, 811, 1277, 291, 1199]"
3322,"[409, 1062, 102, 1070, 1191]"
3323,"[291, 1277, 102, 409, 1068]"
3324,"[782, 682, 1704, 216, 1204]"
3325,"[4, 3, 6, 13, 12]"
3326,"[291, 1677, 89, 29, 125]"
3327,"[811, 1192, 113, 112, 890]"
3328,"[291, 112, 1070, 866, 1704]"
3329,"[1070, 113, 112, 890, 291]"
3330,"[113, 112, 890, 1770, 1191]"
3331,"[1750, 1704, 1705, 1761, 1760]"
3332,"[1704, 1705, 1915, 455, 16]"
3333,"[1915, 1812, 165, 1828, 1833]"
3334,"[921, 528, 1507, 1434, 538]"
3335,"[1924, 478, 1884, 1377, 1549]"
3336,"[1828, 1837, 1833, 1821, 1822]"
3337,"[1705, 1704, 1755, 1434, 1773]"
3338,"[1924, 478, 1704, 692, 1705]"
3339,"[1884, 1261, 1259, 1298, 1258]"
3340,"[1924, 1705, 1704, 1204, 1755]"
3341,"[1704, 1760, 1762, 1758, 1705]"
3342,"[1050, 283, 1790, 327, 1789]"
3343,"[128, 1915, 1924, 478, 1777]"
3344,"[1705, 1704, 1924, 478, 408]"
3345,"[528, 1434, 1507, 921, 538]"
3346,"[95, 93, 1833, 1837, 1828]"
3347,"[3, 646, 12, 1723, 7]"
3348,"[1924, 528, 1507, 624, 1434]"
3349,"[1705, 1704, 1924, 1807, 478]"
3350,"[921, 938, 1755, 528, 1704]"
3351,"[1915, 216, 1884, 446, 618]"
3352,"[1064, 1915, 1704, 1705, 216]"
3353,"[478, 1924, 159, 937, 1884]"
3354,"[1924, 478, 1884, 904, 1704]"
3355,"[478, 1924, 789, 464, 1752]"
3356,"[1764, 1789, 1792, 1790, 1771]"
3357,"[1504, 1884, 460, 789, 553]"
3358,"[96, 97, 98, 1705, 1704]"
3359,"[126, 1815, 528, 1507, 1706]"
3360,"[1884, 25, 24, 799, 630]"
3361,"[1705, 1704, 1762, 1760, 1929]"
3362,"[1704, 1705, 1434, 528, 1924]"
3363,"[285, 784, 618, 385, 326]"
3364,"[333, 528, 1507, 1561, 1434]"
3365,"[361, 1762, 818, 1760, 1758]"
3366,"[1504, 1704, 553, 1705, 1924]"
3367,"[1863, 1828, 1837, 1833, 1935]"
3368,"[1924, 128, 892, 1673, 872]"
3369,"[1884, 1113, 1385, 1915, 616]"
3370,"[528, 1507, 1434, 538, 1695]"
3371,"[478, 1924, 1704, 1760, 1761]"
3372,"[528, 1507, 1434, 1128, 538]"
3373,"[1368, 42, 402, 570, 361]"
3374,"[921, 291, 1638, 1821, 938]"
3375,"[1705, 1704, 819, 116, 1889]"
3376,"[1904, 1705, 1588, 1704, 1890]"
3377,"[1904, 1924, 1129, 1727, 819]"
3378,"[478, 1924, 1746, 1526, 1899]"
3379,"[89, 1904, 1924, 1922, 1897]"
3380,"[1526, 1905, 1627, 89, 1899]"
3381,"[1904, 1746, 165, 1532, 1025]"
3382,"[1915, 113, 89, 112, 1922]"
3383,"[1904, 1704, 1705, 819, 43]"
3384,"[1558, 681, 1521, 1536, 1564]"
3385,"[677, 1924, 1762, 1758, 1704]"
3386,"[1063, 1904, 1054, 919, 124]"
3387,"[1699, 24, 1628, 443, 28]"
3388,"[1904, 862, 1586, 1615, 922]"
3389,"[1746, 1705, 1904, 98, 97]"
3390,"[1904, 862, 1589, 1697, 1696]"
3391,"[1760, 1904, 1704, 1705, 819]"
3392,"[113, 1587, 1533, 1792, 1733]"
3393,"[1904, 1191, 1890, 1746, 1750]"
3394,"[677, 216, 1762, 1758, 1705]"
3395,"[1620, 434, 1687, 1112, 1519]"
3396,"[1904, 1191, 1792, 1791, 1793]"
3397,"[1738, 1904, 282, 926, 66]"
3398,"[1904, 1899, 1909, 1907, 1924]"
3399,"[1909, 165, 425, 1904, 922]"
3400,"[1904, 1733, 1792, 1788, 412]"
3401,"[1904, 1705, 1704, 1489, 1890]"
3402,"[1935, 927, 406, 407, 1863]"
3403,"[1041, 408, 924, 1762, 1758]"
3404,"[1705, 1704, 505, 1646, 1904]"
3405,"[216, 1898, 1582, 49, 533]"
3406,"[530, 1704, 1705, 1697, 896]"
3407,"[1309, 868, 1277, 98, 1924]"
3408,"[1863, 1023, 398, 90, 1290]"
3409,"[677, 1915, 1705, 1907, 376]"
3410,"[478, 937, 159, 165, 28]"
3411,"[1904, 163, 1909, 89, 1025]"
3412,"[1904, 282, 1607, 570, 1892]"
3413,"[1705, 1904, 89, 1807, 1704]"
3414,"[1904, 1643, 1705, 1316, 1608]"
3415,"[454, 1704, 455, 1627, 1746]"
3416,"[1762, 1758, 1705, 1704, 1063]"
3417,"[1071, 43, 1704, 787, 1705]"
3418,"[1904, 819, 1914, 98, 1191]"
3419,"[1201, 420, 1700, 102, 98]"
3420,"[1902, 420, 1757, 1776, 1320]"
3421,"[96, 97, 98, 1071, 464]"
3422,"[1902, 60, 420, 1320, 716]"
3423,"[1902, 1219, 1915, 1900, 408]"
3424,"[42, 1700, 164, 1368, 402]"
3425,"[420, 1700, 171, 361, 1030]"
3426,"[420, 409, 1902, 102, 96]"
3427,"[1902, 716, 1552, 1040, 1124]"
3428,"[1902, 1552, 1201, 98, 1776]"
3429,"[1902, 452, 1705, 1300, 1746]"
3430,"[716, 1040, 60, 1320, 420]"
3431,"[716, 1029, 109, 1040, 1219]"
3432,"[925, 1700, 1924, 881, 681]"
3433,"[1902, 1219, 1543, 408, 716]"
3434,"[1915, 1041, 1042, 1040, 138]"
3435,"[1201, 1902, 409, 97, 96]"
3436,"[1902, 1552, 409, 1541, 98]"
3437,"[1902, 1833, 1837, 1828, 922]"
3438,"[1902, 420, 925, 922, 1543]"
3439,"[97, 96, 102, 409, 1746]"
3440,"[1902, 1552, 420, 1201, 1700]"
3441,"[409, 98, 102, 96, 97]"
3442,"[171, 1915, 1733, 1825, 216]"
3443,"[716, 125, 1518, 1040, 1733]"
3444,"[1902, 409, 102, 1552, 97]"
3445,"[1118, 162, 919, 164, 938]"
3446,"[96, 97, 409, 1197, 98]"
3447,"[1118, 409, 1197, 1201, 98]"
3448,"[98, 1518, 409, 96, 97]"
3449,"[677, 1135, 1915, 1343, 1299]"
3450,"[96, 97, 98, 1541, 793]"
3451,"[716, 1040, 171, 1733, 1924]"
3452,"[864, 126, 1320, 1201, 162]"
3453,"[97, 96, 98, 409, 1746]"
3454,"[1902, 126, 1320, 60, 420]"
3455,"[1902, 102, 1552, 409, 124]"
3456,"[1902, 1915, 1552, 409, 1541]"
3457,"[409, 1902, 102, 332, 1704]"
3458,"[1902, 1915, 1040, 171, 1900]"
3459,"[116, 408, 124, 1822, 1853]"
3460,"[1902, 409, 96, 97, 1746]"
3461,"[42, 1368, 1828, 1358, 1837]"
3462,"[98, 96, 97, 102, 1201]"
3463,"[1935, 430, 1256, 1260, 1705]"
3464,"[1620, 1917, 1520, 1705, 1704]"
3465,"[1915, 223, 211, 980, 985]"
3466,"[954, 935, 216, 1763, 1915]"
3467,"[1917, 145, 1924, 408, 1590]"
3468,"[1260, 1924, 1495, 1207, 1258]"
3469,"[1207, 1924, 1270, 1618, 357]"
3470,"[1915, 478, 868, 164, 165]"
3471,"[1900, 1046, 1902, 1632, 1917]"
3472,"[357, 1046, 1924, 1299, 728]"
3473,"[1915, 1899, 163, 164, 165]"
3474,"[1915, 216, 972, 1584, 125]"
3475,"[1299, 1061, 1049, 1915, 1207]"
3476,"[1915, 1900, 890, 219, 347]"
3477,"[1915, 1299, 911, 1369, 915]"
3478,"[972, 1915, 968, 974, 149]"
3479,"[430, 927, 441, 1936, 1935]"
3480,"[1915, 1917, 1561, 408, 1733]"
3481,"[1915, 329, 1001, 137, 1080]"
3482,"[1915, 430, 1260, 1256, 1258]"
3483,"[452, 1704, 1705, 1301, 1812]"
3484,"[1915, 1299, 719, 1343, 1085]"
3485,"[376, 677, 216, 164, 1705]"
3486,"[372, 265, 368, 1205, 1030]"
3487,"[271, 1630, 1205, 1332, 919]"
3488,"[1915, 927, 1935, 1627, 1526]"
3489,"[1915, 347, 725, 972, 357]"
3490,"[1915, 430, 1863, 1828, 1833]"
3491,"[1915, 724, 1549, 216, 1777]"
3492,"[736, 729, 732, 1748, 1733]"
3493,"[677, 1077, 1133, 1135, 376]"
3494,"[927, 1828, 430, 1863, 1935]"
3495,"[1915, 1545, 1610, 1906, 114]"
3496,"[1863, 1792, 1789, 1790, 1793]"
3497,"[1900, 1917, 1915, 1902, 408]"
3498,"[216, 1176, 175, 541, 1915]"
3499,"[1915, 1793, 1792, 1359, 1790]"
3500,"[1028, 1527, 1025, 1627, 1905]"
3501,"[1046, 1021, 972, 725, 1754]"
3502,"[1905, 163, 919, 1025, 165]"
3503,"[963, 196, 177, 203, 185]"
3504,"[918, 136, 275, 273, 64]"
3505,"[125, 1915, 1924, 455, 1676]"
3506,"[175, 1618, 924, 937, 165]"
3507,"[1704, 1924, 1705, 505, 1607]"
3508,"[886, 421, 919, 1193, 455]"
3509,"[1917, 1902, 1915, 216, 149]"
3510,"[1900, 1915, 1917, 1924, 1543]"
3511,"[1915, 1747, 1758, 865, 1655]"
3512,"[1023, 1861, 1764, 1793, 1792]"
3513,"[1900, 1757, 1776, 163, 1019]"
3514,"[1847, 1845, 1849, 1848, 1837]"
3515,"[1917, 1760, 1768, 1775, 1769]"
3516,"[1861, 1855, 1846, 1863, 1762]"
3517,"[1900, 1915, 1543, 1705, 1704]"
3518,"[1900, 1902, 1917, 408, 98]"
3519,"[1900, 1917, 606, 1603, 862]"
3520,"[1900, 1902, 1917, 1543, 212]"
3521,"[1792, 1790, 1789, 1791, 1793]"
3522,"[891, 1157, 1618, 1608, 1191]"
3523,"[1902, 1552, 1704, 1705, 1760]"
3524,"[1915, 1902, 1030, 216, 1917]"
3525,"[1900, 1362, 1781, 1782, 849]"
3526,"[677, 376, 1908, 787, 1544]"
3527,"[1900, 1543, 1705, 1915, 1638]"
3528,"[1900, 1917, 1021, 868, 1543]"
3529,"[760, 364, 608, 770, 757]"
3530,"[1915, 921, 1025, 165, 102]"
3531,"[1932, 1758, 1704, 1705, 1762]"
3532,"[1900, 296, 1917, 299, 1704]"
3533,"[1900, 1902, 1917, 377, 1543]"
3534,"[1915, 1202, 410, 372, 478]"
3535,"[197, 478, 443, 349, 1924]"
3536,"[1915, 1001, 1020, 1705, 1704]"
3537,"[368, 1113, 333, 1915, 455]"
3538,"[1045, 139, 1917, 1017, 197]"
3539,"[1863, 1935, 927, 430, 65]"
3540,"[453, 78, 411, 692, 1733]"
3541,"[1900, 116, 1902, 1917, 349]"
3542,"[1924, 478, 1704, 1915, 1705]"
3543,"[138, 108, 1042, 141, 349]"
3544,"[1113, 368, 455, 862, 1555]"
3545,"[406, 407, 1079, 1580, 223]"
3546,"[438, 1263, 1636, 1704, 432]"
3547,"[1900, 1704, 1758, 1777, 1765]"
3548,"[1704, 1550, 1555, 1705, 1766]"
3549,"[1915, 1071, 1052, 216, 114]"
3550,"[1863, 430, 1935, 1299, 1260]"
3551,"[873, 870, 1705, 168, 100]"
3552,"[1246, 7, 3, 12, 6]"
3553,"[1366, 446, 1638, 1420, 809]"
3554,"[1913, 1242, 118, 1878, 1707]"
3555,"[1705, 1463, 95, 1704, 1795]"
3556,"[89, 113, 29, 1676, 1248]"
3557,"[677, 1615, 1556, 1618, 1538]"
3558,"[1537, 1560, 97, 96, 98]"
3559,"[1878, 1707, 1806, 1246, 1708]"
3560,"[794, 1313, 1699, 4, 884]"
3561,"[1024, 1924, 1899, 1762, 1758]"
3562,"[1775, 1618, 1704, 1713, 1705]"
3563,"[1924, 1627, 1905, 165, 924]"
3564,"[22, 40, 806, 23, 26]"
3565,"[1537, 530, 677, 1704, 1044]"
3566,"[1704, 135, 132, 1705, 1556]"
3567,"[1044, 98, 371, 97, 96]"
3568,"[1770, 291, 112, 1414, 1070]"
3569,"[399, 1586, 1556, 1615, 1538]"
3570,"[113, 112, 890, 1070, 1191]"
3571,"[1705, 1704, 1770, 1759, 1762]"
3572,"[62, 398, 1014, 1705, 1734]"
3573,"[1626, 89, 1518, 1894, 1675]"
3574,"[1556, 1538, 1518, 1520, 1752]"
3575,"[291, 667, 1762, 1758, 1705]"
3576,"[1795, 1705, 1704, 1463, 1353]"
3577,"[113, 1070, 291, 112, 890]"
3578,"[1463, 1795, 1753, 1704, 1705]"
3579,"[1762, 1705, 1758, 1063, 1704]"
3580,"[289, 1899, 870, 1692, 1795]"
3581,"[1063, 1537, 1535, 1746, 1758]"
3582,"[291, 667, 1627, 163, 165]"
3583,"[890, 29, 1070, 89, 1676]"
3584,"[89, 1676, 29, 1534, 890]"
3585,"[862, 1040, 1603, 97, 96]"
3586,"[1903, 1537, 1535, 890, 1618]"
3587,"[216, 1704, 335, 1705, 1567]"
3588,"[1704, 1795, 1705, 1463, 1753]"
3589,"[1044, 1704, 1705, 1537, 1924]"
3590,"[1795, 870, 1705, 482, 1753]"
3591,"[1705, 1927, 1704, 1762, 1795]"
3592,"[1044, 1927, 862, 371, 102]"
3593,"[1044, 97, 96, 1537, 98]"
3594,"[62, 1868, 446, 1636, 431]"
3595,"[1893, 344, 406, 162, 919]"
3596,"[1299, 1916, 1775, 1556, 1538]"
3597,"[1807, 1705, 1548, 1520, 1564]"
3598,"[1603, 1761, 938, 1787, 1034]"
3599,"[440, 441, 442, 1769, 1760]"
3600,"[1697, 1696, 1849, 1705, 1618]"
3601,"[1137, 1030, 686, 1655, 425]"
3602,"[164, 1890, 919, 924, 931]"
3603,"[1071, 1704, 1191, 419, 406]"
3604,"[1761, 1769, 1760, 1768, 1775]"
3605,"[1705, 1704, 1807, 419, 406]"
3606,"[1041, 1131, 98, 409, 102]"
3607,"[1890, 1562, 409, 1006, 102]"
3608,"[1768, 1769, 1775, 1761, 1760]"
3609,"[368, 934, 176, 924, 174]"
3610,"[89, 406, 407, 419, 116]"
3611,"[1561, 453, 1562, 78, 495]"
3612,"[1713, 868, 1676, 1748, 1298]"
3613,"[1828, 1833, 1837, 1893, 1818]"
3614,"[1704, 1067, 1760, 1705, 1332]"
3615,"[1768, 1761, 1769, 1760, 1131]"
3616,"[1890, 406, 407, 1893, 425]"
3617,"[1527, 1627, 1526, 1905, 1899]"
3618,"[926, 919, 1025, 885, 1704]"
3619,"[1344, 965, 1733, 787, 408]"
3620,"[1704, 935, 1038, 1039, 1705]"
3621,"[1617, 1704, 1030, 1038, 1705]"
3622,"[89, 1044, 1752, 1761, 1768]"
3623,"[1890, 406, 419, 1548, 162]"
3624,"[1697, 406, 1192, 1696, 407]"
3625,"[1713, 1039, 1031, 1030, 935]"
3626,"[1037, 1033, 935, 924, 1031]"
3627,"[1073, 406, 162, 919, 924]"
3628,"[1204, 778, 1033, 120, 1071]"
3629,"[165, 937, 159, 1193, 164]"
3630,"[1037, 1031, 1030, 1912, 1071]"
3631,"[1032, 1680, 1258, 1697, 1676]"
3632,"[1909, 930, 933, 919, 934]"
3633,"[1071, 1704, 868, 1748, 1191]"
3634,"[89, 1893, 406, 612, 162]"
3635,"[1912, 1039, 1040, 935, 1030]"
3636,"[1899, 1761, 1705, 1704, 1906]"
3637,"[1768, 1769, 1761, 1775, 1760]"
3638,"[89, 164, 1890, 165, 1752]"
3639,"[1907, 1761, 1705, 1704, 1758]"
3640,"[1705, 1191, 1704, 1608, 455]"
3641,"[116, 1747, 60, 865, 863]"
3642,"[1726, 1191, 1762, 692, 1637]"
3643,"[1915, 677, 60, 1705, 116]"
3644,"[1726, 692, 1705, 109, 1704]"
3645,"[116, 455, 289, 1705, 1704]"
3646,"[1726, 455, 692, 109, 1705]"
3647,"[1705, 1704, 412, 1733, 165]"
3648,"[289, 1705, 339, 1704, 1904]"
3649,"[900, 1704, 1705, 1746, 1598]"
3650,"[1704, 1705, 455, 289, 116]"
3651,"[1726, 692, 1704, 1705, 1752]"
3652,"[1705, 1704, 289, 1904, 1760]"
3653,"[1724, 289, 1705, 1704, 1904]"
3654,"[379, 116, 455, 1113, 865]"
3655,"[1615, 106, 1068, 1538, 1032]"
3656,"[289, 1705, 1704, 1904, 116]"
3657,"[346, 1147, 1713, 1067, 335]"
3658,"[1915, 1192, 412, 1611, 1180]"
3659,"[1704, 1705, 1890, 289, 1904]"
3660,"[106, 368, 455, 862, 1705]"
3661,"[1705, 289, 1704, 1904, 1191]"
3662,"[1705, 1704, 1899, 1904, 1608]"
3663,"[1191, 1704, 1705, 289, 1904]"
3664,"[1192, 692, 1662, 1726, 1704]"
3665,"[1705, 1191, 1890, 1929, 406]"
3666,"[1705, 1704, 289, 1424, 1904]"
3667,"[1705, 1904, 1704, 289, 1769]"
3668,"[1907, 116, 1726, 114, 1191]"
3669,"[289, 1705, 1704, 1904, 1760]"
3670,"[692, 1899, 1726, 846, 1604]"
3671,"[1068, 1066, 289, 1704, 1705]"
3672,"[1890, 1929, 1636, 535, 1592]"
3673,"[1915, 1705, 1704, 1068, 1066]"
3674,"[106, 1705, 1704, 1904, 1890]"
3675,"[1068, 97, 96, 1904, 1705]"
3676,"[455, 1928, 1336, 1899, 125]"
3677,"[1705, 289, 1704, 1904, 1191]"
3678,"[1704, 1705, 1904, 1424, 289]"
3679,"[289, 1760, 1705, 1704, 1904]"
3680,"[1704, 1705, 289, 1921, 1424]"
3681,"[1705, 1704, 1424, 1904, 289]"
3682,"[1704, 1705, 1907, 289, 1191]"
3683,"[1046, 219, 1029, 1049, 1861]"
3684,"[1065, 136, 895, 904, 1704]"
3685,"[1915, 1900, 412, 455, 7]"
3686,"[1071, 921, 102, 1202, 410]"
3687,"[1131, 928, 1704, 452, 1157]"
3688,"[1073, 478, 89, 165, 98]"
3689,"[1742, 1564, 1489, 1554, 1532]"
3690,"[1131, 1019, 360, 1022, 477]"
3691,"[452, 1617, 1300, 1263, 1588]"
3692,"[1894, 159, 937, 165, 1540]"
3693,"[1705, 1674, 1704, 1036, 74]"
3694,"[1828, 1837, 1833, 927, 1863]"
3695,"[1699, 1891, 1675, 1248, 29]"
3696,"[1658, 267, 266, 238, 239]"
3697,"[1131, 1202, 410, 1029, 1025]"
3698,"[1320, 1704, 1705, 677, 667]"
3699,"[599, 593, 597, 595, 590]"
3700,"[1828, 1837, 1833, 1811, 936]"
3701,"[1068, 1073, 1704, 1705, 1251]"
3702,"[1863, 1023, 398, 1290, 90]"
3703,"[1863, 1792, 1935, 1788, 430]"
3704,"[1131, 1704, 124, 96, 97]"
3705,"[1915, 677, 1676, 116, 455]"
3706,"[1022, 477, 749, 1019, 1131]"
3707,"[1917, 1704, 762, 758, 757]"
3708,"[1704, 455, 1019, 368, 349]"
3709,"[1704, 1620, 1884, 1520, 1700]"
3710,"[368, 1040, 1121, 1286, 1934]"
3711,"[1846, 1861, 780, 938, 1855]"
3712,"[1617, 1619, 1263, 1539, 1074]"
3713,"[838, 1704, 1753, 1252, 1705]"
3714,"[1863, 1935, 927, 1828, 1837]"
3715,"[1861, 1131, 1029, 1915, 1041]"
3716,"[1608, 1517, 1607, 1157, 1891]"
3717,"[870, 1072, 1704, 100, 93]"
3718,"[1019, 1131, 1861, 1011, 614]"
3719,"[659, 95, 696, 250, 695]"
3720,"[1704, 1758, 1761, 1752, 1705]"
3721,"[99, 455, 677, 1388, 368]"
3722,"[1828, 1837, 1833, 1816, 1817]"
3723,"[688, 455, 411, 412, 612]"
3724,"[1904, 1700, 96, 216, 1239]"
3725,"[1904, 1147, 1043, 1599, 1587]"
3726,"[618, 868, 1748, 1704, 1705]"
3727,"[530, 1704, 1383, 1219, 1419]"
3728,"[1587, 89, 1627, 1905, 165]"
3729,"[1705, 1914, 1762, 1758, 1063]"
3730,"[1899, 1924, 455, 89, 862]"
3731,"[1922, 1897, 1907, 1526, 1905]"
3732,"[1704, 530, 1705, 896, 1922]"
3733,"[113, 1897, 1922, 1627, 1526]"
3734,"[1922, 1897, 1907, 1915, 166]"
3735,"[332, 1640, 1567, 388, 1882]"
3736,"[677, 89, 1897, 1922, 165]"
3737,"[89, 1922, 1897, 1627, 165]"
3738,"[1905, 1704, 1705, 1567, 1769]"
3739,"[1924, 1762, 1299, 1704, 1758]"
3740,"[165, 1627, 1905, 159, 937]"
3741,"[1071, 927, 163, 165, 164]"
3742,"[1762, 1758, 1705, 1704, 220]"
3743,"[1627, 113, 1587, 1025, 1193]"
3744,"[1705, 530, 1704, 1897, 1922]"
3745,"[1924, 530, 1704, 1922, 1897]"
3746,"[1915, 163, 165, 1025, 1627]"
3747,"[927, 1907, 1030, 1899, 1526]"
3748,"[1587, 1627, 1905, 113, 459]"
3749,"[1627, 113, 1905, 467, 1907]"
3750,"[1922, 1897, 113, 1526, 89]"
3751,"[1922, 1897, 166, 1025, 1627]"
3752,"[89, 794, 1025, 1313, 165]"
3753,"[1160, 1612, 114, 415, 412]"
3754,"[89, 1915, 1044, 1922, 1897]"
3755,"[1077, 114, 326, 333, 332]"
3756,"[1907, 89, 1704, 1762, 1705]"
3757,"[1762, 1705, 1758, 1612, 1704]"
3758,"[1899, 1526, 1753, 113, 1416]"
3759,"[1907, 1924, 1526, 1899, 89]"
3760,"[1705, 1704, 1567, 1618, 1887]"
3761,"[89, 1922, 1897, 530, 1704]"
3762,"[478, 1526, 919, 1705, 1924]"
3763,"[1863, 1935, 430, 1897, 1922]"
3764,"[1762, 1758, 225, 1705, 245]"
3765,"[1914, 49, 792, 905, 457]"
3766,"[1613, 1904, 1894, 1704, 1615]"
3767,"[1907, 1899, 341, 106, 455]"
3768,"[1705, 1704, 1567, 1887, 1892]"
3769,"[677, 1762, 1758, 1705, 1704]"
3770,"[1705, 1704, 1071, 49, 88]"
3771,"[1924, 1705, 1704, 478, 165]"
3772,"[1705, 1704, 165, 164, 1627]"
3773,"[1705, 1704, 1618, 819, 1627]"
3774,"[1244, 423, 1545, 1705, 1704]"
3775,"[1713, 1628, 637, 663, 642]"
3776,"[1704, 1705, 1697, 165, 1696]"
3777,"[1705, 1704, 165, 1733, 412]"
3778,"[1704, 165, 164, 1705, 48]"
3779,"[1704, 1705, 165, 1760, 1761]"
3780,"[1705, 1704, 1924, 98, 97]"
3781,"[1899, 1066, 1526, 102, 1910]"
3782,"[1705, 89, 1704, 926, 1676]"
3783,"[1704, 1705, 165, 589, 1627]"
3784,"[1705, 1704, 165, 164, 1729]"
3785,"[1008, 289, 1704, 165, 159]"
3786,"[1705, 1704, 1826, 114, 1192]"
3787,"[1878, 1707, 1246, 7, 61]"
3788,"[1704, 1705, 165, 164, 1752]"
3789,"[1863, 1935, 927, 430, 1895]"
3790,"[1704, 1705, 1899, 165, 1526]"
3791,"[388, 1924, 1907, 1890, 819]"
3792,"[1704, 1705, 165, 1752, 164]"
3793,"[291, 1705, 1704, 165, 164]"
3794,"[1705, 1704, 165, 1070, 1752]"
3795,"[89, 1861, 1855, 1846, 29]"
3796,"[1705, 1704, 1826, 114, 1070]"
3797,"[926, 265, 1705, 1704, 1733]"
3798,"[165, 1704, 1705, 1924, 1906]"
3799,"[1704, 1705, 165, 164, 1545]"
3800,"[781, 1070, 165, 1030, 1895]"
3801,"[1069, 1775, 165, 955, 1704]"
3802,"[1704, 165, 1025, 164, 819]"
3803,"[1633, 1155, 1089, 1888, 1618]"
3804,"[1705, 1704, 165, 164, 455]"
3805,"[164, 1705, 1704, 165, 1025]"
3806,"[930, 160, 157, 158, 155]"
3807,"[1705, 1704, 165, 164, 819]"
3808,"[1704, 1705, 165, 289, 164]"
3809,"[1753, 1755, 1763, 1885, 499]"
3810,"[1704, 165, 164, 1705, 1733]"
3811,"[1705, 1704, 164, 1028, 165]"
3812,"[1705, 1704, 291, 1713, 165]"
3813,"[1705, 1704, 1299, 1343, 164]"
3814,"[1705, 1704, 289, 1861, 1846]"
3815,"[1907, 368, 1914, 28, 455]"
3816,"[417, 98, 1193, 164, 455]"
3817,"[1179, 369, 1251, 1355, 512]"
3818,"[1926, 388, 1064, 1899, 1030]"
3819,"[527, 831, 1337, 551, 479]"
3820,"[1902, 1900, 1917, 116, 1552]"
3821,"[927, 1929, 1705, 1704, 1935]"
3822,"[677, 1704, 1705, 1588, 1762]"
3823,"[1071, 1907, 1914, 1898, 457]"
3824,"[1704, 530, 1705, 896, 190]"
3825,"[1922, 1897, 166, 164, 1025]"
3826,"[1906, 1704, 1705, 1733, 1924]"
3827,"[1907, 1630, 938, 1922, 1897]"
3828,"[1705, 1780, 1779, 1800, 1803]"
3829,"[164, 1705, 1704, 165, 361]"
3830,"[412, 1733, 530, 1704, 411]"
3831,"[1863, 1935, 430, 927, 1256]"
3832,"[1922, 1897, 1907, 1915, 1924]"
3833,"[1772, 964, 1704, 530, 896]"
3834,"[1922, 1897, 317, 1899, 1135]"
3835,"[1025, 919, 165, 163, 1071]"
3836,"[165, 937, 89, 1527, 1025]"
3837,"[927, 430, 63, 290, 1935]"
3838,"[1922, 1897, 1526, 1907, 1935]"
3839,"[1899, 1526, 1907, 89, 1922]"
3840,"[89, 1915, 128, 409, 171]"
3841,"[1704, 1193, 1705, 89, 1752]"
3842,"[82, 1907, 927, 454, 1682]"
3843,"[1922, 1897, 1704, 1705, 113]"
3844,"[42, 1368, 402, 1906, 1358]"
3845,"[89, 113, 165, 1922, 1897]"
3846,"[1922, 1897, 166, 1907, 1193]"
3847,"[530, 1704, 1705, 896, 1279]"
3848,"[1170, 1705, 739, 1704, 1163]"
3849,"[89, 1704, 1907, 361, 919]"
3850,"[430, 1261, 1256, 1298, 1260]"
3851,"[1907, 166, 1922, 1897, 1071]"
3852,"[1907, 89, 149, 1899, 165]"
3853,"[163, 164, 361, 1025, 1070]"
3854,"[1168, 1907, 862, 1251, 125]"
3855,"[1922, 1897, 1676, 89, 113]"
3856,"[616, 739, 1733, 89, 29]"
3857,"[868, 1748, 1904, 1907, 1733]"
3858,"[361, 1263, 1907, 1202, 410]"
3859,"[102, 98, 793, 97, 96]"
3860,"[4, 73, 2, 3, 1246]"
3861,"[1541, 793, 98, 1313, 96]"
3862,"[1704, 1705, 171, 413, 1044]"
3863,"[1904, 18, 1316, 1587, 124]"
3864,"[1915, 1700, 126, 420, 171]"
3865,"[1878, 1707, 3, 5, 14]"
3866,"[1704, 1762, 1705, 1761, 1760]"
3867,"[171, 1701, 1670, 261, 267]"
3868,"[862, 1603, 606, 1786, 1787]"
3869,"[956, 171, 1550, 1076, 1055]"
3870,"[4, 1670, 749, 1887, 1320]"
3871,"[862, 1603, 606, 1786, 216]"
3872,"[1878, 1707, 3, 4, 12]"
3873,"[420, 1700, 1628, 864, 1540]"
3874,"[1742, 1564, 1489, 1541, 1554]"
3875,"[793, 1541, 96, 97, 1313]"
3876,"[1541, 793, 98, 1313, 96]"
3877,"[1705, 1826, 1704, 512, 510]"
3878,"[103, 1071, 1705, 1704, 1807]"
3879,"[73, 3, 1711, 1908, 1320]"
3880,"[1937, 1704, 1705, 583, 73]"
3881,"[98, 1536, 1541, 1201, 793]"
3882,"[903, 4, 749, 1320, 1670]"
3883,"[1742, 1520, 1543, 1534, 1544]"
3884,"[4, 7, 73, 1246, 8]"
3885,"[171, 1910, 903, 514, 1912]"
3886,"[4, 1320, 7, 73, 1246]"
3887,"[677, 1792, 1790, 1789, 1791]"
3888,"[628, 1761, 1768, 1149, 460]"
3889,"[7, 1864, 1878, 1707, 802]"
3890,"[1821, 1822, 1833, 1837, 1670]"
3891,"[98, 97, 96, 102, 1541]"
3892,"[409, 1746, 1541, 97, 96]"
3893,"[1611, 862, 1603, 606, 121]"
3894,"[1560, 171, 1915, 216, 1030]"
3895,"[749, 4, 420, 1833, 1837]"
3896,"[794, 1313, 4, 793, 126]"
3897,"[594, 1772, 118, 1091, 361]"
3898,"[794, 1670, 1887, 4, 46]"
3899,"[118, 533, 1091, 361, 349]"
3900,"[1770, 893, 329, 1137, 98]"
3901,"[159, 937, 1748, 496, 171]"
3902,"[1863, 1935, 927, 1837, 1833]"
3903,"[1705, 1704, 848, 1752, 1758]"
3904,"[1155, 1029, 937, 159, 1041]"
3905,"[1935, 1863, 927, 430, 1828]"
3906,"[677, 89, 1676, 29, 113]"
3907,"[1655, 96, 159, 937, 1746]"
3908,"[1924, 89, 165, 890, 29]"
3909,"[1704, 171, 1029, 1771, 1043]"
3910,"[1193, 1040, 1026, 1909, 1029]"
3911,"[1026, 1029, 1202, 410, 164]"
3912,"[885, 1704, 1705, 1752, 1307]"
3913,"[1059, 1041, 96, 97, 165]"
3914,"[89, 398, 1077, 1602, 1558]"
3915,"[289, 1044, 89, 1894, 1073]"
3916,"[1055, 1029, 165, 925, 937]"
3917,"[1833, 1837, 1828, 1822, 1821]"
3918,"[1752, 1701, 1772, 1023, 398]"
3919,"[1029, 716, 1219, 216, 935]"
3920,"[1025, 169, 1036, 677, 1043]"
3921,"[1026, 670, 620, 470, 1029]"
3922,"[1029, 1909, 1193, 921, 1043]"
3923,"[1713, 1833, 1837, 165, 1828]"
3924,"[1041, 1202, 410, 1073, 1029]"
3925,"[637, 663, 664, 638, 643]"
3926,"[1118, 121, 290, 477, 1696]"
3927,"[1193, 1040, 1026, 1025, 1029]"
3928,"[166, 165, 928, 1704, 1705]"
3929,"[1586, 164, 169, 1025, 1202]"
3930,"[1029, 1202, 410, 159, 937]"
3931,"[1040, 1025, 1029, 1193, 937]"
3932,"[934, 175, 165, 164, 174]"
3933,"[1776, 1757, 1704, 98, 1073]"
3934,"[478, 1193, 1040, 175, 1029]"
3935,"[1146, 1924, 355, 1168, 778]"
3936,"[1202, 410, 1040, 1032, 1029]"
3937,"[1704, 1705, 1618, 1752, 1567]"
3938,"[1458, 1586, 698, 1890, 409]"
3939,"[165, 1026, 1040, 175, 1029]"
3940,"[1928, 428, 1822, 1070, 1821]"
3941,"[89, 1903, 165, 1626, 1615]"
3942,"[175, 164, 1040, 677, 165]"
3943,"[1821, 1713, 1822, 1837, 1833]"
3944,"[1040, 164, 1026, 1193, 1909]"
3945,"[928, 1924, 166, 922, 159]"
3946,"[1193, 677, 1815, 1516, 1040]"
3947,"[1666, 738, 728, 730, 719]"
3948,"[719, 1649, 1026, 1666, 1041]"
3949,"[1041, 1520, 599, 1523, 593]"
3950,"[206, 1561, 1906, 1836, 1873]"
3951,"[719, 1666, 1649, 286, 59]"
3952,"[1027, 1915, 1649, 1037, 1046]"
3953,"[1649, 728, 1149, 470, 620]"
3954,"[1042, 1029, 211, 921, 1666]"
3955,"[1046, 1042, 159, 937, 1666]"
3956,"[1915, 1620, 1704, 1043, 1520]"
3957,"[1825, 921, 159, 937, 938]"
3958,"[1666, 1649, 165, 1042, 1030]"
3959,"[1915, 1026, 1705, 1617, 1590]"
3960,"[969, 976, 357, 728, 1757]"
3961,"[1032, 938, 925, 1017, 935]"
3962,"[1704, 1705, 1752, 1809, 1026]"
3963,"[1030, 1026, 885, 1054, 1008]"
3964,"[1046, 1666, 1649, 1030, 1041]"
3965,"[1415, 921, 1042, 159, 937]"
3966,"[902, 164, 924, 175, 455]"
3967,"[1863, 1828, 1836, 1833, 1837]"
3968,"[1915, 1757, 1776, 972, 206]"
3969,"[911, 990, 1912, 1205, 1705]"
3970,"[1818, 1819, 1820, 1840, 1839]"
3971,"[362, 361, 1159, 1705, 1704]"
3972,"[1649, 719, 1666, 165, 1025]"
3973,"[1154, 1026, 1030, 1043, 292]"
3974,"[1836, 398, 1863, 1873, 1861]"
3975,"[1046, 719, 1666, 1053, 1649]"
3976,"[1792, 1861, 1789, 1790, 1793]"
3977,"[1026, 1590, 885, 1042, 1030]"
3978,"[1649, 1666, 823, 736, 731]"
3979,"[1733, 1083, 412, 1788, 1792]"
3980,"[1079, 358, 1649, 641, 853]"
3981,"[1915, 1042, 1704, 1030, 1046]"
3982,"[1620, 1705, 1704, 1752, 1809]"
3983,"[1053, 1617, 1775, 1079, 1635]"
3984,"[1030, 1915, 1916, 1666, 1649]"
3985,"[1833, 1837, 1828, 1820, 1819]"
3986,"[1704, 1705, 1606, 333, 460]"
3987,"[1046, 1026, 1590, 719, 972]"
3988,"[1202, 410, 1029, 1772, 1040]"
3989,"[1030, 1073, 959, 952, 1150]"
3990,"[677, 877, 869, 880, 882]"
3991,"[1915, 1030, 165, 1026, 1042]"
3992,"[738, 728, 731, 823, 1649]"
3993,"[125, 1025, 18, 919, 921]"
3994,"[1915, 165, 1924, 1677, 1017]"
3995,"[1935, 1863, 1256, 430, 1907]"
3996,"[728, 724, 223, 738, 719]"
3997,"[1055, 1916, 1049, 1042, 980]"
3998,"[1204, 1705, 138, 1055, 212]"
3999,"[1135, 823, 738, 98, 1649]"
4000,"[1915, 1299, 430, 1677, 1705]"
4001,"[1733, 1792, 1590, 1791, 1788]"
4002,"[1043, 1051, 1060, 1620, 997]"
4003,"[1148, 1704, 885, 1705, 1875]"
4004,"[1915, 1299, 430, 1260, 1256]"
4005,"[1055, 1046, 1052, 212, 478]"
4006,"[1043, 165, 925, 1049, 159]"
4007,"[138, 216, 212, 108, 1915]"
4008,"[1704, 1659, 1705, 1696, 1788]"
4009,"[1160, 478, 380, 681, 1123]"
4010,"[347, 89, 1733, 113, 320]"
4011,"[1043, 34, 1359, 1937, 1049]"
4012,"[1321, 1297, 1590, 1592, 1664]"
4013,"[1915, 1030, 1066, 1680, 1916]"
4014,"[996, 1733, 1792, 1788, 412]"
4015,"[1030, 97, 96, 452, 1029]"
4016,"[1742, 1042, 212, 1924, 1544]"
4017,"[89, 155, 158, 157, 124]"
4018,"[1055, 980, 1205, 1918, 981]"
4019,"[1935, 1863, 430, 927, 1936]"
4020,"[1299, 1924, 430, 1935, 1256]"
4021,"[1915, 1676, 89, 1675, 29]"
4022,"[1061, 1075, 373, 211, 159]"
4023,"[692, 425, 1924, 478, 784]"
4024,"[1130, 1077, 396, 478, 1020]"
4025,"[1721, 373, 1202, 410, 1705]"
4026,"[365, 1344, 1704, 1705, 1083]"
4027,"[1902, 485, 1900, 408, 1705]"
4028,"[725, 972, 1754, 1040, 732]"
4029,"[928, 163, 1025, 165, 919]"
4030,"[1135, 1044, 360, 1651, 216]"
4031,"[197, 1207, 1924, 408, 138]"
4032,"[1915, 1924, 478, 1148, 1560]"
4033,"[73, 3, 11, 6, 72]"
4034,"[1300, 89, 1676, 452, 29]"
4035,"[1936, 926, 1277, 1086, 1705]"
4036,"[1704, 1705, 1160, 1041, 1618]"
4037,"[1301, 1690, 79, 1300, 919]"
4038,"[1025, 159, 937, 919, 921]"
4039,"[1705, 1704, 1752, 1825, 1836]"
4040,"[377, 1035, 265, 1105, 341]"
4041,"[1936, 1863, 1764, 1792, 1793]"
4042,"[919, 1025, 165, 926, 159]"
4043,"[677, 1920, 1587, 1792, 1733]"
4044,"[1526, 1906, 1899, 97, 96]"
4045,"[1030, 1916, 1928, 1528, 1906]"
4046,"[926, 900, 1705, 1704, 1904]"
4047,"[677, 1705, 1704, 1906, 1300]"
4048,"[1915, 1924, 1704, 1904, 1705]"
4049,"[677, 1049, 1205, 728, 956]"
4050,"[1915, 1792, 677, 1789, 1790]"
4051,"[446, 219, 1251, 1059, 1046]"
4052,"[162, 919, 934, 938, 928]"
4053,"[1906, 1705, 1025, 919, 159]"
4054,"[924, 1148, 371, 624, 212]"
4055,"[1936, 926, 1618, 165, 1025]"
4056,"[1788, 1892, 1936, 1789, 1792]"
4057,"[166, 1025, 1193, 1526, 1191]"
4058,"[1906, 1030, 1588, 1916, 1193]"
4059,"[677, 371, 1936, 1704, 914]"
4060,"[758, 1550, 1702, 930, 677]"
4061,"[377, 165, 921, 919, 1025]"
4062,"[1086, 1916, 1928, 1906, 1936]"
4063,"[1936, 1618, 1598, 1086, 1705]"
4064,"[1863, 926, 919, 162, 925]"
4065,"[919, 1025, 1704, 1705, 159]"
4066,"[1905, 165, 164, 919, 937]"
4067,"[1936, 1752, 1704, 1705, 1906]"
4068,"[1906, 1086, 1928, 1302, 1916]"
4069,"[677, 1192, 927, 1863, 1935]"
4070,"[1321, 1752, 765, 1753, 758]"
4071,"[1920, 1906, 1919, 1832, 1705]"
4072,"[823, 1029, 1043, 1915, 952]"
4073,"[1752, 1705, 1704, 289, 926]"
4074,"[377, 265, 1035, 1906, 952]"
4075,"[1916, 1906, 1588, 1030, 1529]"
4076,"[1761, 1626, 1518, 1704, 1705]"
4077,"[1142, 1059, 219, 1755, 1885]"
4078,"[1043, 1906, 327, 1936, 1704]"
4079,"[1033, 927, 1587, 165, 175]"
4080,"[737, 150, 719, 724, 1675]"
4081,"[1733, 1788, 1789, 1792, 1787]"
4082,"[1760, 959, 1761, 324, 1545]"
4083,"[1050, 1915, 359, 1659, 972]"
4084,"[1704, 1733, 1788, 1758, 1705]"
4085,"[1033, 937, 159, 164, 1025]"
4086,"[147, 423, 1244, 1249, 1063]"
4087,"[140, 146, 913, 145, 195]"
4088,"[927, 164, 924, 371, 430]"
4089,"[274, 275, 273, 280, 277]"
4090,"[862, 1788, 719, 1675, 455]"
4091,"[1905, 1705, 165, 1704, 1587]"
4092,"[1705, 1651, 419, 1704, 406]"
4093,"[862, 938, 1549, 1672, 1635]"
4094,"[1704, 1705, 164, 1193, 1914]"
4095,"[737, 1792, 216, 719, 1788]"
4096,"[719, 1704, 724, 736, 1705]"
4097,"[1789, 1788, 1786, 1790, 1787]"
4098,"[1617, 1619, 1263, 1539, 1074]"
4099,"[927, 1033, 1001, 937, 159]"
4100,"[1033, 1029, 165, 1733, 1705]"
4101,"[1789, 1790, 1786, 1788, 1733]"
4102,"[927, 1742, 1863, 1935, 430]"
4103,"[1139, 1787, 1017, 1733, 408]"
4104,"[368, 1157, 862, 1915, 377]"
4105,"[1025, 164, 165, 1033, 1733]"
4106,"[368, 1113, 20, 862, 1697]"
4107,"[737, 207, 719, 959, 736]"
4108,"[1033, 924, 927, 175, 737]"
4109,"[1649, 1607, 1896, 1909, 1608]"
4110,"[972, 214, 53, 255, 198]"
4111,"[1902, 1828, 1837, 1833, 165]"
4112,"[1035, 1050, 1789, 1033, 737]"
4113,"[1033, 959, 1035, 1733, 89]"
4114,"[736, 145, 1063, 149, 152]"
4115,"[1029, 1915, 89, 886, 1733]"
4116,"[1915, 1587, 959, 1001, 1552]"
4117,"[1704, 151, 530, 1705, 350]"
4118,"[1277, 151, 350, 1545, 1638]"
4119,"[1705, 1618, 1704, 1752, 927]"
4120,"[959, 737, 1792, 1733, 1788]"
4121,"[1917, 1900, 1902, 164, 868]"
4122,"[1458, 350, 255, 1638, 1406]"
4123,"[1924, 1915, 620, 470, 670]"
4124,"[1915, 1704, 1713, 1924, 1705]"
4125,"[1197, 919, 1884, 1704, 317]"
4126,"[358, 1617, 885, 408, 1026]"
4127,"[18, 408, 823, 1299, 98]"
4128,"[1915, 1299, 430, 1260, 1256]"
4129,"[210, 1680, 1050, 1915, 216]"
4130,"[1045, 1042, 1591, 921, 1017]"
4131,"[1042, 1591, 1592, 919, 165]"
4132,"[1900, 1591, 1916, 1917, 408]"
4133,"[159, 937, 165, 164, 924]"
4134,"[1042, 1924, 927, 1630, 212]"
4135,"[1915, 1042, 136, 212, 408]"
4136,"[213, 24, 28, 1748, 125]"
4137,"[1863, 1935, 927, 1936, 430]"
4138,"[1915, 1792, 1733, 455, 412]"
4139,"[419, 1757, 1776, 1888, 1779]"
4140,"[1042, 1591, 1917, 1049, 1030]"
4141,"[624, 1915, 1591, 216, 1592]"
4142,"[1042, 1907, 1915, 1035, 165]"
4143,"[1721, 1828, 1837, 1833, 1935]"
4144,"[1902, 1591, 408, 116, 1592]"
4145,"[1915, 618, 1050, 1680, 210]"
4146,"[159, 937, 1042, 164, 470]"
4147,"[677, 1591, 901, 1531, 1924]"
4148,"[1043, 796, 1680, 1705, 1704]"
4149,"[1900, 1917, 216, 1591, 408]"
4150,"[1030, 1042, 1560, 1591, 1705]"
4151,"[927, 670, 1027, 212, 1261]"
4152,"[251, 249, 244, 246, 243]"
4153,"[1042, 921, 164, 165, 1043]"
4154,"[1915, 618, 1536, 868, 1875]"
4155,"[1045, 1591, 1042, 1617, 771]"
4156,"[1676, 1675, 165, 1135, 605]"
4157,"[1370, 490, 1473, 1592, 1042]"
4158,"[1915, 1045, 677, 1031, 1042]"
4159,"[1216, 1215, 1387, 1415, 1379]"
4160,"[1704, 1705, 901, 1935, 66]"
4161,"[825, 1704, 1702, 454, 317]"
4162,"[1048, 1606, 212, 1906, 993]"
4163,"[419, 406, 407, 162, 919]"
4164,"[1915, 1924, 1193, 455, 1789]"
4165,"[1915, 114, 359, 1042, 737]"
4166,"[1042, 1915, 1591, 417, 125]"
4167,"[1014, 1592, 1929, 1590, 55]"
4168,"[1014, 1929, 1406, 1592, 1458]"
4169,"[1704, 1163, 1705, 55, 1014]"
4170,"[1915, 1894, 1313, 492, 108]"
4171,"[1014, 692, 1637, 1590, 1592]"
4172,"[1014, 1929, 333, 55, 1511]"
4173,"[1896, 1611, 1192, 1606, 1100]"
4174,"[1723, 216, 448, 1638, 1134]"
4175,"[67, 1649, 1046, 17, 1590]"
4176,"[1924, 1705, 374, 1704, 1046]"
4177,"[1832, 1389, 1458, 1825, 1406]"
4178,"[1042, 1014, 165, 1915, 1705]"
4179,"[1046, 785, 1628, 1182, 778]"
4180,"[1517, 1205, 271, 1608, 1607]"
4181,"[1935, 1863, 1929, 1828, 927]"
4182,"[692, 48, 1704, 1705, 1251]"
4183,"[1586, 1014, 1607, 1929, 427]"
4184,"[1929, 1014, 1592, 197, 1590]"
4185,"[1929, 927, 1863, 1935, 1592]"
4186,"[869, 882, 880, 876, 1746]"
4187,"[1723, 1704, 1705, 1592, 858]"
4188,"[1705, 543, 1014, 1704, 55]"
4189,"[1014, 1929, 114, 1704, 89]"
4190,"[1900, 1902, 1915, 1929, 478]"
4191,"[886, 1042, 165, 1014, 1613]"
4192,"[796, 1705, 1043, 1704, 55]"
4193,"[1042, 1049, 359, 1915, 1026]"
4194,"[1924, 408, 455, 1788, 1792]"
4195,"[543, 1929, 1705, 1704, 89]"
4196,"[1042, 1924, 1608, 1607, 1586]"
4197,"[604, 1154, 1406, 1286, 1929]"
4198,"[1929, 926, 455, 1592, 54]"
4199,"[261, 1188, 218, 233, 239]"
4200,"[1915, 1924, 125, 1676, 455]"
4201,"[1014, 1607, 1157, 1608, 1517]"
4202,"[862, 368, 1014, 1929, 1915]"
4203,"[1914, 1898, 1582, 792, 533]"
4204,"[164, 1193, 1705, 165, 1042]"
4205,"[1042, 1043, 1590, 1704, 796]"
4206,"[160, 919, 164, 934, 165]"
4207,"[287, 377, 408, 778, 1929]"
4208,"[1014, 543, 1157, 1894, 1607]"
4209,"[677, 164, 165, 1915, 1733]"
4210,"[371, 1929, 1762, 1863, 1935]"
4211,"[1055, 980, 259, 211, 982]"
4212,"[927, 1828, 1833, 1837, 1705]"
4213,"[1055, 1705, 1193, 1495, 1704]"
4214,"[919, 925, 164, 928, 924]"
4215,"[1055, 1705, 1193, 1495, 1704]"
4216,"[1924, 1617, 1706, 1815, 1814]"
4217,"[1055, 259, 1049, 982, 211]"
4218,"[1704, 1705, 1902, 1924, 1299]"
4219,"[1055, 955, 1495, 928, 959]"
4220,"[968, 1915, 1863, 1659, 171]"
4221,"[1809, 933, 1053, 1193, 1617]"
4222,"[1915, 1900, 1042, 408, 868]"
4223,"[1053, 1873, 933, 1836, 1851]"
4224,"[1055, 259, 1049, 89, 982]"
4225,"[408, 261, 1924, 238, 266]"
4226,"[886, 862, 368, 1697, 1059]"
4227,"[1055, 1495, 925, 165, 919]"
4228,"[1055, 1495, 925, 165, 919]"
4229,"[1030, 1916, 1906, 150, 972]"
4230,"[1055, 259, 980, 1672, 998]"
4231,"[1299, 259, 1055, 165, 919]"
4232,"[1053, 1617, 1873, 1836, 1850]"
4233,"[1053, 1853, 1842, 1873, 1836]"
4234,"[1055, 1495, 1924, 972, 1584]"
4235,"[1435, 1809, 1358, 1486, 1446]"
4236,"[1935, 1863, 1828, 1833, 1837]"
4237,"[1077, 219, 396, 408, 1046]"
4238,"[268, 230, 244, 1705, 1704]"
4239,"[261, 267, 266, 239, 238]"
4240,"[933, 1193, 1495, 164, 1055]"
4241,"[1858, 1047, 523, 1421, 1919]"
4242,"[259, 1317, 224, 1014, 1776]"
4243,"[408, 1049, 222, 1917, 1715]"
4244,"[862, 368, 1038, 405, 1930]"
4245,"[1929, 1030, 1697, 911, 1696]"
4246,"[1055, 259, 442, 1636, 1153]"
4247,"[1055, 980, 902, 403, 159]"
4248,"[1055, 211, 1049, 982, 259]"
4249,"[245, 1495, 1055, 1752, 925]"
4250,"[165, 919, 924, 174, 934]"
4251,"[1055, 1048, 259, 216, 1915]"
4252,"[195, 1742, 1052, 990, 1548]"
4253,"[1077, 823, 1030, 1733, 441]"
4254,"[1316, 1754, 143, 914, 957]"
4255,"[1915, 1548, 1030, 125, 1545]"
4256,"[1915, 216, 1030, 406, 1029]"
4257,"[1704, 1302, 1705, 1836, 1825]"
4258,"[51, 1863, 1935, 927, 901]"
4259,"[1705, 1704, 1904, 728, 719]"
4260,"[969, 976, 728, 1757, 1776]"
4261,"[1915, 1900, 216, 1049, 1026]"
4262,"[159, 937, 938, 1042, 175]"
4263,"[1900, 1666, 1902, 1649, 1917]"
4264,"[990, 1756, 1666, 1924, 1649]"
4265,"[885, 543, 1704, 1026, 1043]"
4266,"[159, 937, 1042, 921, 165]"
4267,"[677, 1649, 1906, 1026, 1666]"
4268,"[1030, 1900, 1560, 1202, 1704]"
4269,"[1863, 1935, 927, 430, 1026]"
4270,"[1612, 1030, 1915, 437, 1029]"
4271,"[624, 1915, 1598, 1030, 324]"
4272,"[1026, 969, 1046, 1500, 976]"
4273,"[1030, 1915, 1649, 1930, 1029]"
4274,"[1666, 1026, 1046, 1756, 1042]"
4275,"[216, 455, 1026, 969, 1832]"
4276,"[222, 412, 612, 1248, 969]"
4277,"[1915, 402, 42, 1368, 1026]"
4278,"[885, 969, 976, 728, 1757]"
4279,"[1704, 1705, 1026, 511, 1765]"
4280,"[1933, 1061, 1154, 1918, 1207]"
4281,"[1915, 968, 206, 207, 972]"
4282,"[677, 1855, 437, 1846, 1284]"
4283,"[1915, 677, 476, 728, 737]"
4284,"[1026, 1924, 1042, 1046, 1756]"
4285,"[1766, 624, 965, 1027, 270]"
4286,"[885, 1026, 954, 212, 108]"
4287,"[1705, 969, 976, 972, 559]"
4288,"[921, 1042, 1046, 1014, 938]"
4289,"[1042, 1046, 1055, 1026, 1906]"
4290,"[1915, 677, 1026, 1042, 430]"
4291,"[1705, 1704, 1043, 1753, 1218]"
4292,"[1915, 163, 1916, 937, 1025]"
4293,"[1863, 1742, 1828, 1833, 1837]"
4294,"[1666, 1649, 1030, 719, 1046]"
4295,"[976, 969, 911, 972, 990]"
4296,"[677, 1915, 1042, 376, 1030]"
4297,"[1026, 1776, 1757, 1914, 1762]"
4298,"[1666, 1649, 408, 116, 1917]"
4299,"[616, 7, 1721, 327, 443]"
4300,"[430, 1935, 1192, 1863, 1260]"
4301,"[616, 618, 443, 485, 288]"
4302,"[1704, 126, 1705, 1608, 788]"
4303,"[777, 783, 1898, 49, 1582]"
4304,"[1705, 1704, 1761, 1070, 1884]"
4305,"[1642, 887, 258, 681, 1721]"
4306,"[1618, 692, 165, 421, 89]"
4307,"[126, 814, 56, 739, 813]"
4308,"[324, 1704, 1760, 1761, 1705]"
4309,"[1924, 1070, 478, 1705, 1523]"
4310,"[1904, 1607, 18, 1316, 258]"
4311,"[1705, 1704, 1662, 1192, 689]"
4312,"[1900, 1902, 1917, 1133, 408]"
4313,"[1242, 1705, 1760, 1761, 1704]"
4314,"[677, 688, 361, 1567, 1030]"
4315,"[1773, 368, 47, 1050, 1314]"
4316,"[1705, 1704, 1442, 652, 1074]"
4317,"[1076, 1077, 478, 1924, 783]"
4318,"[1761, 1760, 1884, 1704, 1705]"
4319,"[1900, 1704, 1902, 1552, 408]"
4320,"[900, 1249, 783, 1924, 555]"
4321,"[440, 704, 711, 777, 783]"
4322,"[1248, 887, 89, 1704, 455]"
4323,"[335, 703, 1760, 1761, 463]"
4324,"[1187, 1030, 387, 1033, 1148]"
4325,"[700, 887, 1115, 806, 258]"
4326,"[1704, 1705, 258, 673, 1133]"
4327,"[478, 1924, 1704, 1611, 121]"
4328,"[357, 1699, 1696, 1697, 207]"
4329,"[1705, 1704, 1929, 1442, 1890]"
4330,"[461, 1705, 1722, 583, 1562]"
4331,"[1924, 1937, 1705, 478, 1553]"
4332,"[279, 277, 273, 137, 274]"
4333,"[1888, 1887, 114, 1613, 657]"
4334,"[440, 159, 692, 324, 1760]"
4335,"[1884, 1760, 1705, 1562, 1656]"
4336,"[1924, 1705, 1704, 1761, 1906]"
4337,"[1281, 1147, 616, 379, 1064]"
4338,"[1908, 1636, 787, 258, 810]"
4339,"[1562, 1773, 705, 496, 1825]"
4340,"[1704, 1705, 1442, 1273, 1760]"
4341,"[1248, 1633, 1130, 1040, 659]"
4342,"[1581, 216, 1915, 258, 919]"
4343,"[333, 324, 319, 1695, 528]"
4344,"[585, 586, 577, 592, 1896]"
4345,"[1833, 1837, 1828, 922, 1935]"
4346,"[333, 1145, 1639, 46, 128]"
4347,"[677, 376, 688, 1705, 1704]"
4348,"[1705, 1704, 126, 794, 46]"
4349,"[1462, 1752, 126, 1705, 1704]"
4350,"[1902, 1543, 1900, 408, 1155]"
4351,"[1155, 1133, 320, 89, 1011]"
4352,"[1155, 1894, 1824, 1870, 1874]"
4353,"[1700, 1705, 1704, 637, 663]"
4354,"[1246, 1705, 1704, 1772, 126]"
4355,"[171, 29, 89, 1676, 165]"
4356,"[274, 377, 447, 1273, 361]"
4357,"[629, 1100, 335, 1041, 1155]"
4358,"[455, 98, 1752, 862, 1298]"
4359,"[1746, 98, 628, 97, 96]"
4360,"[658, 1192, 102, 98, 1863]"
4361,"[629, 665, 658, 281, 420]"
4362,"[281, 277, 206, 1768, 1135]"
4363,"[1559, 281, 1615, 1155, 1586]"
4364,"[46, 1705, 1704, 558, 1924]"
4365,"[862, 1603, 606, 1786, 1787]"
4366,"[1313, 102, 98, 793, 96]"
4367,"[273, 171, 1016, 272, 277]"
4368,"[1313, 793, 1544, 1541, 98]"
4369,"[925, 1902, 983, 1700, 46]"
4370,"[296, 1030, 1711, 1915, 884]"
4371,"[1902, 1073, 98, 666, 654]"
4372,"[793, 1863, 1541, 98, 1313]"
4373,"[1700, 1201, 1746, 124, 98]"
4374,"[629, 665, 658, 420, 102]"
4375,"[677, 376, 409, 97, 96]"
4376,"[1192, 1611, 273, 114, 116]"
4377,"[1633, 1617, 1618, 267, 266]"
4378,"[1704, 1705, 1614, 43, 44]"
4379,"[658, 665, 875, 1889, 1746]"
4380,"[1675, 1911, 681, 1889, 1676]"
4381,"[409, 102, 1155, 171, 1746]"
4382,"[1863, 1935, 927, 430, 441]"
4383,"[1705, 1704, 1826, 510, 1364]"
4384,"[1705, 1733, 1165, 1489, 1519]"
4385,"[1144, 1145, 333, 1639, 1697]"
4386,"[333, 334, 707, 528, 1507]"
4387,"[865, 1747, 863, 118, 59]"
4388,"[1878, 1707, 12, 7, 9]"
4389,"[865, 863, 1747, 314, 118]"
4390,"[314, 865, 863, 1747, 1693]"
4391,"[313, 1747, 863, 865, 1923]"
4392,"[637, 651, 653, 657, 654]"
4393,"[1923, 863, 1747, 865, 118]"
4394,"[284, 720, 265, 1154, 171]"
4395,"[528, 1507, 1434, 314, 538]"
4396,"[863, 1747, 865, 314, 118]"
4397,"[863, 1747, 865, 1923, 118]"
4398,"[865, 1747, 863, 59, 118]"
4399,"[28, 98, 452, 125, 171]"
4400,"[1923, 314, 118, 7, 864]"
4401,"[528, 314, 1507, 1695, 1639]"
4402,"[1747, 863, 865, 313, 1598]"
4403,"[118, 1887, 1746, 97, 96]"
4404,"[865, 863, 1747, 118, 59]"
4405,"[865, 1747, 863, 314, 1693]"
4406,"[1747, 863, 865, 314, 59]"
4407,"[1923, 314, 118, 864, 1019]"
4408,"[1923, 863, 1747, 865, 314]"
4409,"[863, 865, 1747, 314, 118]"
4410,"[1923, 863, 1747, 796, 865]"
4411,"[314, 1900, 422, 1192, 637]"
4412,"[865, 863, 1747, 1792, 1790]"
4413,"[865, 1747, 863, 59, 118]"
4414,"[313, 865, 863, 1747, 1923]"
4415,"[114, 926, 289, 1705, 1704]"
4416,"[1923, 118, 314, 864, 865]"
4417,"[1747, 865, 863, 313, 314]"
4418,"[314, 1747, 863, 865, 118]"
4419,"[865, 313, 1747, 863, 118]"
4420,"[1747, 863, 314, 865, 118]"
4421,"[1900, 430, 290, 1863, 1935]"
4422,"[865, 863, 1747, 59, 314]"
4423,"[863, 865, 1747, 1923, 314]"
4424,"[865, 1747, 863, 59, 118]"
4425,"[865, 1747, 863, 314, 118]"
4426,"[1742, 1115, 313, 1923, 314]"
4427,"[314, 1747, 863, 313, 1923]"
4428,"[1923, 863, 1747, 865, 118]"
4429,"[1923, 1705, 1704, 1239, 417]"
4430,"[1863, 1935, 927, 430, 1256]"
4431,"[1567, 114, 16, 1586, 1924]"
4432,"[1157, 678, 455, 690, 778]"
4433,"[1760, 1705, 1771, 1894, 903]"
4434,"[1704, 321, 1567, 114, 1924]"
4435,"[1922, 1897, 455, 1704, 1752]"
4436,"[455, 16, 1567, 277, 124]"
4437,"[1704, 1567, 1705, 1924, 478]"
4438,"[455, 1191, 1726, 1567, 16]"
4439,"[869, 882, 877, 880, 926]"
4440,"[1704, 1705, 1807, 1191, 455]"
4441,"[1924, 478, 1884, 919, 455]"
4442,"[535, 1929, 1704, 1567, 16]"
4443,"[114, 1636, 1567, 1900, 926]"
4444,"[1704, 1191, 1807, 1705, 455]"
4445,"[535, 1726, 1929, 1567, 1760]"
4446,"[1191, 1567, 16, 114, 1697]"
4447,"[1929, 455, 1704, 1705, 343]"
4448,"[1064, 1910, 291, 1277, 454]"
4449,"[16, 1567, 1880, 1705, 114]"
4450,"[1567, 1618, 114, 89, 93]"
4451,"[455, 1704, 1567, 454, 507]"
4452,"[1567, 1615, 321, 1586, 1556]"
4453,"[455, 1567, 16, 1191, 114]"
4454,"[1618, 862, 1567, 455, 1697]"
4455,"[1611, 1567, 114, 1697, 16]"
4456,"[1567, 1922, 1897, 1896, 1906]"
4457,"[114, 1567, 884, 455, 16]"
4458,"[455, 1567, 1611, 1880, 114]"
4459,"[375, 1929, 1671, 535, 114]"
4460,"[1071, 1191, 1567, 1746, 1899]"
4461,"[1191, 390, 1567, 1897, 1726]"
4462,"[1567, 114, 1880, 1705, 1769]"
4463,"[1704, 1705, 16, 1567, 114]"
4464,"[455, 1192, 368, 1705, 1704]"
4465,"[1896, 321, 1906, 1586, 1567]"
4466,"[1191, 1899, 1726, 390, 1567]"
4467,"[1567, 114, 1705, 1601, 1880]"
4468,"[276, 1567, 1924, 114, 1637]"
4469,"[1704, 1567, 1705, 16, 1192]"
4470,"[1526, 1899, 1928, 1910, 1567]"
4471,"[1896, 89, 163, 1627, 175]"
4472,"[1567, 1637, 1406, 1336, 1299]"
4473,"[1705, 888, 1567, 16, 114]"
4474,"[1758, 1906, 1762, 1704, 1705]"
4475,"[862, 1896, 1613, 455, 1704]"
4476,"[765, 768, 1733, 741, 745]"
4477,"[455, 368, 1896, 1613, 1705]"
4478,"[455, 1157, 368, 862, 1113]"
4479,"[1607, 1608, 1704, 1705, 1517]"
4480,"[1157, 368, 372, 455, 1567]"
4481,"[1704, 1705, 511, 1809, 1490]"
4482,"[1567, 1705, 1704, 1900, 1807]"
4483,"[368, 455, 1613, 862, 1896]"
4484,"[1705, 1761, 1704, 1733, 1760]"
4485,"[1733, 372, 1192, 1704, 1746]"
4486,"[1567, 1758, 1762, 1761, 1705]"
4487,"[1705, 1704, 1824, 1874, 1870]"
4488,"[372, 1704, 1636, 1705, 1894]"
4489,"[1072, 1705, 1618, 1760, 1704]"
4490,"[1072, 1705, 1704, 1761, 1760]"
4491,"[1904, 677, 1761, 1762, 1204]"
4492,"[1607, 1157, 1517, 1259, 1261]"
4493,"[1896, 1517, 1618, 1608, 1607]"
4494,"[1072, 372, 1620, 1615, 1705]"
4495,"[1613, 1705, 1704, 1530, 1542]"
4496,"[1607, 1157, 1924, 89, 1567]"
4497,"[368, 1924, 862, 116, 446]"
4498,"[1705, 1907, 1704, 1760, 819]"
4499,"[455, 862, 368, 1896, 1905]"
4500,"[368, 1721, 372, 108, 1072]"
4501,"[1705, 1704, 1765, 1777, 512]"
4502,"[1705, 1067, 1704, 1747, 60]"
4503,"[1157, 259, 1567, 1607, 1586]"
4504,"[1863, 1935, 927, 430, 1828]"
4505,"[903, 985, 983, 1788, 984]"
4506,"[1896, 1192, 1567, 1705, 1157]"
4507,"[677, 933, 1067, 372, 1705]"
4508,"[1065, 136, 904, 895, 1705]"
4509,"[1157, 372, 1035, 1072, 1733]"
4510,"[1896, 1157, 1607, 1613, 1608]"
4511,"[1613, 1894, 372, 1705, 1530]"
4512,"[372, 1157, 368, 1113, 455]"
4513,"[1567, 1604, 89, 1733, 455]"
4514,"[368, 372, 455, 1613, 1896]"
4515,"[1607, 1704, 372, 1517, 1705]"
4516,"[677, 1924, 1704, 1775, 1705]"
4517,"[1613, 1705, 1072, 1704, 1615]"
4518,"[677, 1567, 455, 368, 1896]"
4519,"[1266, 1065, 411, 774, 287]"
4520,"[1787, 114, 1705, 1786, 1603]"
4521,"[125, 263, 89, 1733, 1025]"
4522,"[1929, 1517, 1624, 57, 58]"
4523,"[618, 1022, 89, 1121, 1676]"
4524,"[614, 269, 20, 1586, 969]"
4525,"[1134, 379, 1727, 969, 276]"
4526,"[1828, 1837, 1833, 1863, 430]"
4527,"[28, 969, 1191, 971, 978]"
4528,"[1924, 1459, 1705, 563, 1026]"
4529,"[1878, 1707, 1708, 73, 7]"
4530,"[263, 1019, 1155, 1121, 1586]"
4531,"[1880, 1459, 558, 1704, 1705]"
4532,"[276, 1705, 1191, 1704, 969]"
4533,"[933, 1821, 1822, 1851, 1850]"
4534,"[835, 256, 906, 269, 285]"
4535,"[1459, 558, 1705, 1704, 1878]"
4536,"[7, 1697, 1459, 1696, 445]"
4537,"[1705, 1704, 1761, 1924, 1758]"
4538,"[474, 693, 75, 128, 194]"
4539,"[611, 1613, 969, 276, 207]"
4540,"[285, 1615, 358, 1586, 351]"
4541,"[1059, 306, 358, 1786, 1268]"
4542,"[120, 128, 901, 139, 1106]"
4543,"[1792, 614, 263, 739, 1788]"
4544,"[1786, 1787, 7, 1288, 606]"
4545,"[969, 971, 208, 978, 968]"
4546,"[1283, 250, 700, 1155, 437]"
4547,"[1792, 443, 1789, 1790, 1788]"
4548,"[1863, 1935, 1828, 430, 1936]"
4549,"[614, 969, 20, 607, 611]"
4550,"[692, 1705, 1704, 1826, 510]"
4551,"[269, 285, 1615, 1876, 1586]"
4552,"[625, 1770, 613, 1884, 455]"
4553,"[269, 848, 1403, 999, 285]"
4554,"[263, 1610, 1205, 271, 1121]"
4555,"[1201, 452, 1462, 1893, 1697]"
4556,"[349, 269, 1785, 631, 1011]"
4557,"[139, 320, 1191, 455, 921]"
4558,"[1697, 1696, 1618, 7, 1248]"
4559,"[1176, 28, 216, 1704, 402]"
4560,"[1155, 835, 1121, 1900, 374]"
4561,"[1157, 1608, 1607, 1517, 969]"
4562,"[1296, 835, 374, 1263, 927]"
4563,"[443, 1610, 1656, 1704, 1705]"
4564,"[1902, 1900, 359, 1917, 408]"
4565,"[1704, 1705, 511, 1906, 1249]"
4566,"[811, 1807, 1071, 1748, 452]"
4567,"[1915, 596, 598, 600, 574]"
4568,"[1900, 1902, 1917, 369, 1561]"
4569,"[1705, 1762, 478, 1704, 1758]"
4570,"[1158, 1523, 1558, 341, 1239]"
4571,"[1929, 1592, 1928, 1890, 408]"
4572,"[1252, 1705, 1704, 1752, 1253]"
4573,"[1080, 438, 1636, 1263, 433]"
4574,"[478, 1924, 926, 1544, 1306]"
4575,"[1900, 1285, 478, 289, 1077]"
4576,"[409, 1640, 28, 1692, 607]"
4577,"[1917, 1915, 28, 890, 125]"
4578,"[1900, 1917, 1915, 1543, 1705]"
4579,"[1587, 1191, 1627, 1193, 1121]"
4580,"[427, 440, 480, 846, 1540]"
4581,"[1529, 1588, 478, 1556, 1907]"
4582,"[1900, 1915, 1543, 1704, 1752]"
4583,"[428, 1091, 1148, 1762, 371]"
4584,"[1924, 485, 1123, 1274, 303]"
4585,"[1915, 1536, 1192, 1705, 1875]"
4586,"[102, 409, 1746, 98, 97]"
4587,"[409, 102, 1746, 98, 96]"
4588,"[1705, 1704, 1752, 1924, 1809]"
4589,"[1257, 409, 102, 1137, 96]"
4590,"[106, 1607, 1917, 1894, 1914]"
4591,"[1549, 1861, 1855, 1846, 1540]"
4592,"[1705, 1704, 286, 1915, 1225]"
4593,"[1073, 607, 605, 396, 616]"
4594,"[1906, 1116, 1611, 1610, 306]"
4595,"[1900, 1902, 1917, 1705, 289]"
4596,"[478, 1705, 1775, 1704, 455]"
4597,"[1915, 1899, 1627, 1907, 1905]"
4598,"[1607, 1896, 379, 1608, 1517]"
4599,"[1924, 677, 1704, 478, 1705]"
4600,"[1916, 1906, 1931, 403, 1926]"
4601,"[1548, 1607, 1289, 1894, 765]"
4602,"[1915, 1917, 216, 116, 485]"
4603,"[1915, 409, 102, 96, 97]"
4604,"[1612, 1762, 1574, 1758, 1927]"
4605,"[1705, 1704, 1765, 1777, 1809]"
4606,"[96, 97, 1762, 677, 1899]"
4607,"[1704, 1924, 1915, 1705, 60]"
4608,"[1080, 446, 1636, 1807, 433]"
4609,"[1807, 1936, 1086, 1269, 1079]"
4610,"[1279, 1704, 1916, 1924, 1906]"
4611,"[1279, 102, 1838, 1841, 1840]"
4612,"[360, 1160, 90, 1666, 294]"
4613,"[1915, 1807, 455, 1936, 116]"
4614,"[1279, 293, 1807, 431, 1285]"
4615,"[1928, 1178, 1906, 1091, 1279]"
4616,"[1607, 1704, 1705, 1765, 1777]"
4617,"[125, 116, 89, 455, 408]"
4618,"[1705, 1704, 1677, 1474, 1191]"
4619,"[904, 102, 1279, 772, 1915]"
4620,"[1199, 1828, 1833, 1837, 1820]"
4621,"[1807, 455, 116, 1603, 612]"
4622,"[1936, 1279, 1277, 1295, 1086]"
4623,"[1915, 1102, 1076, 320, 1677]"
4624,"[1279, 1936, 433, 1107, 448]"
4625,"[1279, 1129, 302, 1104, 1269]"
4626,"[1279, 1603, 1915, 862, 1786]"
4627,"[1793, 1792, 1790, 1789, 1764]"
4628,"[1807, 1277, 1279, 357, 1705]"
4629,"[1279, 1915, 1936, 1148, 1277]"
4630,"[1191, 433, 1636, 1726, 410]"
4631,"[1742, 1807, 1564, 1489, 1522]"
4632,"[1705, 606, 902, 403, 862]"
4633,"[1915, 1279, 1705, 60, 116]"
4634,"[1766, 1792, 1764, 1790, 1789]"
4635,"[1915, 1279, 1169, 1603, 862]"
4636,"[1928, 1178, 1522, 1807, 1906]"
4637,"[1752, 1900, 1917, 868, 1748]"
4638,"[1936, 1295, 1277, 1279, 1086]"
4639,"[1279, 1924, 777, 478, 1705]"
4640,"[1807, 423, 1244, 1041, 925]"
4641,"[1915, 1807, 1704, 1936, 1924]"
4642,"[1704, 1705, 1761, 1762, 1474]"
4643,"[1807, 1279, 1102, 1084, 1265]"
4644,"[1936, 1277, 89, 1086, 1676]"
4645,"[128, 1677, 1673, 892, 1676]"
4646,"[1750, 1485, 1279, 1247, 412]"
4647,"[1279, 1607, 1608, 1676, 612]"
4648,"[1279, 1704, 1705, 510, 1826]"
4649,"[1915, 1279, 862, 1603, 1786]"
4650,"[1742, 1807, 1795, 1543, 1534]"
4651,"[1313, 46, 677, 416, 1541]"
4652,"[1674, 866, 1119, 1923, 125]"
4653,"[618, 69, 1269, 417, 632]"
4654,"[1902, 1552, 1900, 1917, 618]"
4655,"[1915, 1828, 1833, 1837, 1906]"
4656,"[1269, 46, 632, 1639, 921]"
4657,"[1900, 1543, 1705, 1704, 98]"
4658,"[1902, 1552, 1313, 1541, 98]"
4659,"[1029, 618, 1077, 1052, 69]"
4660,"[1244, 423, 441, 242, 632]"
4661,"[677, 1704, 530, 1705, 1792]"
4662,"[42, 1368, 402, 430, 1863]"
4663,"[1863, 1258, 1256, 430, 1260]"
4664,"[1055, 1118, 866, 46, 1313]"
4665,"[46, 69, 632, 1269, 1313]"
4666,"[1196, 1522, 1262, 1615, 1549]"
4667,"[46, 402, 126, 1269, 1889]"
4668,"[1878, 1707, 1749, 360, 1048]"
4669,"[430, 1863, 1935, 927, 1902]"
4670,"[1772, 441, 361, 1618, 1269]"
4671,"[46, 1522, 1201, 258, 632]"
4672,"[1796, 1704, 1705, 842, 748]"
4673,"[868, 171, 1748, 417, 618]"
4674,"[677, 441, 376, 632, 1269]"
4675,"[1915, 478, 1924, 1269, 1817]"
4676,"[1704, 530, 1705, 1313, 896]"
4677,"[624, 610, 258, 1522, 1610]"
4678,"[1320, 60, 1700, 126, 420]"
4679,"[624, 692, 1894, 610, 1313]"
4680,"[1863, 1935, 927, 1837, 1828]"
4681,"[1063, 7, 1568, 811, 1187]"
4682,"[1753, 727, 1650, 726, 734]"
4683,"[1607, 1608, 441, 1517, 1896]"
4684,"[748, 844, 356, 1681, 740]"
4685,"[1733, 900, 46, 258, 959]"
4686,"[1473, 1051, 2, 978, 208]"
4687,"[452, 1704, 1873, 1300, 1836]"
4688,"[1900, 1915, 1543, 126, 1638]"
4689,"[1704, 530, 1705, 1313, 1247]"
4690,"[922, 878, 1915, 1924, 1748]"
4691,"[485, 1608, 359, 1270, 91]"
4692,"[1611, 1651, 1649, 1241, 258]"
4693,"[1900, 443, 1269, 1543, 1638]"
4694,"[1023, 398, 1290, 1861, 1863]"
4695,"[1705, 1760, 1759, 1762, 1764]"
4696,"[341, 320, 1179, 1750, 440]"
4697,"[1710, 1784, 220, 1058, 1808]"
4698,"[1863, 1935, 927, 430, 1936]"
4699,"[1630, 927, 1611, 90, 160]"
4700,"[1462, 1287, 1570, 1015, 1877]"
4701,"[1267, 1895, 1902, 1599, 1917]"
4702,"[113, 89, 29, 1676, 165]"
4703,"[397, 276, 1178, 1704, 1705]"
4704,"[368, 1905, 1627, 455, 862]"
4705,"[89, 1249, 1544, 29, 125]"
4706,"[1756, 1781, 1782, 820, 1721]"
4707,"[430, 1863, 1935, 1260, 1256]"
4708,"[677, 734, 1880, 727, 1650]"
4709,"[1192, 677, 376, 1077, 1775]"
4710,"[1885, 286, 1030, 1029, 440]"
4711,"[45, 368, 1675, 29, 1248]"
4712,"[441, 1570, 884, 631, 624]"
4713,"[527, 216, 1517, 1213, 969]"
4714,"[216, 876, 1915, 891, 869]"
4715,"[379, 1704, 1705, 1088, 726]"
4716,"[368, 455, 1100, 862, 307]"
4717,"[216, 1570, 1915, 1905, 385]"
4718,"[441, 442, 1759, 1764, 1781]"
4719,"[1659, 1772, 639, 1119, 1662]"
4720,"[527, 1213, 1925, 523, 1440]"
4721,"[1785, 1317, 107, 224, 105]"
4722,"[1905, 1627, 1527, 1488, 787]"
4723,"[927, 1261, 604, 1258, 160]"
4724,"[927, 441, 1935, 1863, 430]"
4725,"[82, 1863, 1935, 1929, 927]"
4726,"[621, 1681, 1170, 832, 1192]"
4727,"[1192, 95, 1157, 93, 1033]"
4728,"[787, 1908, 1544, 810, 808]"
4729,"[1704, 1705, 1099, 1733, 257]"
4730,"[1922, 1897, 1526, 164, 1044]"
4731,"[1681, 881, 1704, 982, 1326]"
4732,"[1863, 82, 1935, 927, 430]"
4733,"[594, 441, 1513, 1651, 357]"
4734,"[1863, 927, 1935, 430, 677]"
4735,"[368, 1915, 125, 455, 612]"
4736,"[1023, 398, 90, 1290, 89]"
4737,"[82, 1592, 1351, 1929, 1682]"
4738,"[1260, 430, 1256, 1935, 1863]"
4739,"[478, 1924, 1704, 1705, 159]"
4740,"[381, 1921, 1924, 688, 259]"
4741,"[1915, 1863, 1935, 927, 430]"
4742,"[408, 1902, 1216, 1415, 1355]"
4743,"[478, 1710, 343, 1897, 1922]"
4744,"[1915, 1792, 1704, 116, 1705]"
4745,"[296, 478, 1924, 1705, 411]"
4746,"[1900, 1915, 1902, 116, 99]"
4747,"[116, 1902, 1900, 478, 868]"
4748,"[1884, 478, 1924, 786, 868]"
4749,"[478, 1884, 1924, 125, 1197]"
4750,"[1704, 1761, 1705, 478, 1924]"
4751,"[478, 1924, 1297, 96, 97]"
4752,"[1884, 789, 1889, 455, 1025]"
4753,"[1704, 1705, 1884, 159, 937]"
4754,"[1884, 455, 116, 786, 868]"
4755,"[478, 1924, 1915, 1884, 937]"
4756,"[1884, 1704, 1924, 1567, 1705]"
4757,"[478, 116, 1924, 1705, 1704]"
4758,"[455, 462, 783, 291, 116]"
4759,"[1902, 478, 1924, 1705, 1704]"
4760,"[1916, 1928, 302, 1704, 1705]"
4761,"[478, 1924, 98, 1296, 1884]"
4762,"[116, 1915, 1787, 1884, 1792]"
4763,"[116, 1915, 320, 159, 937]"
4764,"[478, 1924, 159, 937, 1922]"
4765,"[1924, 478, 1704, 125, 1915]"
4766,"[1924, 1884, 455, 116, 1733]"
4767,"[1742, 1884, 478, 1924, 1564]"
4768,"[1704, 1761, 1705, 478, 1924]"
4769,"[1434, 478, 1924, 783, 1884]"
4770,"[478, 125, 1733, 1924, 16]"
4771,"[1924, 51, 847, 1080, 1675]"
4772,"[1884, 1246, 786, 789, 1910]"
4773,"[1733, 921, 159, 937, 1704]"
4774,"[1924, 126, 1113, 329, 309]"
4775,"[1884, 675, 462, 786, 789]"
4776,"[137, 1884, 454, 1924, 1640]"
4777,"[1917, 116, 216, 1792, 446]"
4778,"[1884, 478, 786, 1924, 455]"
4779,"[1705, 1704, 1863, 1935, 1924]"
4780,"[1900, 1902, 1704, 1705, 478]"
4781,"[1936, 125, 116, 1277, 1897]"
4782,"[1915, 1704, 1705, 1762, 1884]"
4783,"[1788, 446, 1792, 58, 57]"
4784,"[1900, 1704, 1705, 1543, 1773]"
4785,"[1637, 692, 446, 363, 324]"
4786,"[441, 1704, 1760, 1762, 1758]"
4787,"[1773, 1733, 446, 361, 1758]"
4788,"[1897, 1922, 116, 125, 29]"
4789,"[478, 1924, 1704, 1705, 1608]"
4790,"[361, 818, 1762, 1760, 1758]"
4791,"[1884, 465, 462, 446, 116]"
4792,"[361, 116, 446, 1762, 1758]"
4793,"[1900, 114, 1543, 571, 568]"
4794,"[116, 377, 164, 24, 114]"
4795,"[1080, 1675, 1699, 1200, 116]"
4796,"[1605, 1750, 1163, 398, 1121]"
4797,"[116, 1067, 379, 1747, 1724]"
4798,"[1157, 116, 372, 1917, 1896]"
4799,"[1760, 1182, 1762, 1063, 446]"
4800,"[1704, 1760, 1762, 1758, 1705]"
4801,"[1704, 1405, 371, 446, 1705]"
4802,"[1915, 446, 381, 1884, 1636]"
4803,"[1599, 1904, 1900, 18, 1277]"
4804,"[583, 507, 1297, 1471, 1662]"
4805,"[1705, 1773, 1704, 1558, 868]"
4806,"[361, 1762, 1038, 1916, 1132]"
4807,"[1894, 1313, 1608, 492, 1127]"
4808,"[1784, 1011, 1705, 1704, 678]"
4809,"[921, 116, 938, 320, 868]"
4810,"[1705, 1704, 1924, 478, 1761]"
4811,"[1884, 446, 1788, 1636, 1733]"
4812,"[1915, 221, 1164, 919, 383]"
4813,"[1884, 446, 786, 1772, 1636]"
4814,"[98, 361, 102, 688, 138]"
4815,"[1915, 114, 1192, 29, 89]"
4816,"[446, 361, 1760, 818, 1038]"
4817,"[1434, 1544, 139, 478, 274]"
4818,"[1615, 1586, 1517, 1019, 1556]"
4819,"[1704, 1760, 1762, 1758, 1705]"
4820,"[96, 97, 98, 361, 818]"
4821,"[1904, 1705, 1773, 1607, 18]"
4822,"[478, 1924, 1705, 216, 1704]"
4823,"[1705, 1773, 1704, 1607, 1517]"
4824,"[446, 361, 1762, 818, 1760]"
4825,"[137, 1640, 605, 1704, 692]"
4826,"[1705, 1704, 628, 460, 1924]"
4827,"[322, 1704, 365, 1705, 926]"
4828,"[292, 1762, 1617, 1758, 1760]"
4829,"[677, 1249, 1704, 1705, 409]"
4830,"[926, 288, 393, 114, 1733]"
4831,"[1906, 1928, 758, 357, 1202]"
4832,"[1915, 1202, 410, 331, 510]"
4833,"[1193, 1704, 1705, 164, 1635]"
4834,"[937, 1617, 159, 125, 409]"
4835,"[1762, 292, 1758, 1617, 1761]"
4836,"[1915, 1902, 1620, 1704, 1705]"
4837,"[1071, 1704, 868, 1249, 1705]"
4838,"[408, 1588, 1157, 331, 1529]"
4839,"[289, 125, 1704, 1915, 1705]"
4840,"[1915, 510, 1705, 1202, 410]"
4841,"[1915, 1704, 1705, 408, 1620]"
4842,"[1748, 868, 937, 1561, 1202]"
4843,"[97, 96, 98, 409, 819]"
4844,"[1617, 292, 1296, 1155, 1761]"
4845,"[926, 1617, 937, 1558, 159]"
4846,"[289, 862, 1914, 455, 1917]"
4847,"[735, 1733, 926, 935, 1698]"
4848,"[357, 380, 1704, 1030, 1705]"
4849,"[1924, 1034, 925, 938, 1030]"
4850,"[1915, 1030, 1193, 408, 1344]"
4851,"[1915, 175, 1025, 937, 165]"
4852,"[1915, 1299, 216, 1906, 1901]"
4853,"[1906, 331, 125, 1277, 164]"
4854,"[1902, 1900, 1618, 408, 960]"
4855,"[1674, 1927, 460, 1627, 1550]"
4856,"[1618, 292, 1617, 324, 1125]"
4857,"[937, 1618, 165, 1025, 163]"
4858,"[1761, 1762, 980, 211, 1049]"
4859,"[1558, 868, 900, 1550, 1748]"
4860,"[357, 1662, 1037, 1558, 204]"
4861,"[1915, 1904, 359, 1193, 1207]"
4862,"[1618, 1762, 1760, 1758, 1761]"
4863,"[1915, 1528, 1924, 1906, 1024]"
4864,"[1916, 1030, 1906, 162, 919]"
4865,"[1705, 1704, 1752, 1758, 1762]"
4866,"[1915, 408, 322, 1928, 397]"
4867,"[125, 1917, 937, 216, 159]"
4868,"[331, 165, 1927, 1041, 1924]"
4869,"[1915, 1902, 1073, 1561, 1704]"
4870,"[1915, 926, 1618, 1202, 410]"
4871,"[739, 1549, 1551, 120, 1608]"
4872,"[829, 837, 825, 130, 129]"
4873,"[825, 1549, 1551, 1697, 739]"
4874,"[120, 636, 762, 826, 47]"
4875,"[477, 408, 1924, 290, 1035]"
4876,"[438, 1637, 1081, 1789, 825]"
4877,"[803, 802, 120, 1922, 1897]"
4878,"[825, 1924, 1549, 1001, 1551]"
4879,"[794, 1313, 1733, 4, 408]"
4880,"[29, 1752, 815, 1875, 1568]"
4881,"[120, 1095, 636, 1634, 762]"
4882,"[120, 1634, 218, 65, 217]"
4883,"[1549, 1762, 1551, 216, 868]"
4884,"[1705, 1826, 1704, 512, 510]"
4885,"[408, 1792, 739, 1788, 1705]"
4886,"[16, 1924, 1762, 1549, 1551]"
4887,"[1191, 1549, 825, 1697, 216]"
4888,"[1875, 815, 1292, 1149, 447]"
4889,"[739, 618, 1549, 1551, 1533]"
4890,"[120, 1634, 218, 65, 217]"
4891,"[772, 1762, 1924, 1733, 1588]"
4892,"[1338, 1733, 120, 1406, 412]"
4893,"[120, 1634, 218, 65, 217]"
4894,"[120, 927, 1634, 218, 65]"
4895,"[1113, 368, 825, 455, 1567]"
4896,"[120, 1733, 216, 1634, 218]"
4897,"[1314, 1638, 1900, 1406, 216]"
4898,"[1659, 1314, 120, 29, 116]"
4899,"[1191, 1549, 739, 1551, 1534]"
4900,"[1191, 1549, 1924, 1601, 216]"
4901,"[815, 1733, 1314, 455, 612]"
4902,"[1733, 1899, 1924, 1085, 1549]"
4903,"[1191, 1549, 1551, 739, 1534]"
4904,"[1191, 1705, 322, 1549, 1826]"
4905,"[89, 825, 1924, 29, 1549]"
4906,"[7, 804, 669, 1011, 618]"
4907,"[815, 1314, 1924, 47, 1149]"
4908,"[815, 1573, 1924, 1733, 692]"
4909,"[1549, 1551, 739, 28, 618]"
4910,"[120, 455, 1705, 1826, 1704]"
4911,"[1674, 1561, 477, 864, 1631]"
4912,"[455, 1733, 7, 412, 120]"
4913,"[1117, 1119, 314, 1116, 1924]"
4914,"[1191, 1549, 1551, 739, 1534]"
4915,"[1141, 478, 89, 1924, 921]"
4916,"[1924, 114, 1705, 1704, 1826]"
4917,"[1074, 1037, 1531, 1030, 478]"
4918,"[425, 1193, 164, 1659, 1073]"
4919,"[1704, 419, 1705, 1826, 510]"
4920,"[1071, 868, 1704, 1705, 1748]"
4921,"[1042, 175, 165, 938, 446]"
4922,"[1705, 1826, 1704, 512, 510]"
4923,"[113, 89, 29, 1676, 1675]"
4924,"[1023, 398, 1290, 1861, 1863]"
4925,"[1257, 1531, 1898, 1718, 533]"
4926,"[1659, 1137, 677, 1277, 376]"
4927,"[1586, 356, 1752, 1758, 1705]"
4928,"[1704, 1705, 505, 1809, 72]"
4929,"[1034, 96, 823, 1480, 98]"
4930,"[1704, 1705, 505, 1873, 1836]"
4931,"[1405, 1411, 1193, 164, 1437]"
4932,"[1704, 1705, 505, 1251, 1197]"
4933,"[165, 162, 919, 931, 925]"
4934,"[419, 164, 1705, 406, 407]"
4935,"[904, 371, 1434, 1705, 1704]"
4936,"[168, 1043, 990, 954, 956]"
4937,"[419, 162, 919, 938, 174]"
4938,"[862, 368, 1704, 1705, 455]"
4939,"[1253, 1256, 1260, 1258, 1863]"
4940,"[1704, 1705, 1030, 1531, 455]"
4941,"[1752, 1029, 1705, 1704, 1193]"
4942,"[1704, 1705, 505, 1873, 1809]"
4943,"[89, 608, 1041, 1534, 1542]"
4944,"[162, 919, 165, 931, 938]"
4945,"[1659, 1072, 1620, 98, 1694]"
4946,"[1704, 1705, 1752, 1855, 1846]"
4947,"[455, 421, 417, 1607, 1193]"
4948,"[1922, 1897, 1762, 1617, 1192]"
4949,"[406, 419, 164, 1326, 1193]"
4950,"[162, 919, 928, 931, 938]"
4951,"[1705, 1704, 933, 1752, 164]"
4952,"[1705, 1704, 1752, 1612, 1626]"
4953,"[251, 243, 246, 244, 249]"
4954,"[162, 165, 919, 924, 938]"
4955,"[1705, 1704, 1300, 1861, 452]"
4956,"[1037, 1894, 937, 159, 89]"
4957,"[1704, 1705, 1752, 446, 612]"
4958,"[289, 395, 1915, 1257, 1068]"
4959,"[12, 26, 29, 8, 38]"
4960,"[1690, 125, 1244, 423, 1126]"
4961,"[125, 1495, 1244, 423, 1135]"
4962,"[125, 423, 1244, 1690, 1612]"
4963,"[657, 633, 634, 638, 642]"
4964,"[677, 1861, 1855, 1846, 1733]"
4965,"[657, 633, 634, 638, 658]"
4966,"[1704, 578, 677, 580, 1705]"
4967,"[1829, 1855, 677, 1866, 1795]"
4968,"[677, 125, 1244, 423, 848]"
4969,"[1126, 125, 423, 1244, 1690]"
4970,"[1244, 423, 125, 1690, 1618]"
4971,"[1915, 125, 1676, 1344, 1705]"
4972,"[28, 5, 23, 1704, 1705]"
4973,"[125, 1612, 423, 1244, 902]"
4974,"[1036, 1038, 1197, 216, 1063]"
4975,"[125, 1705, 1690, 423, 1244]"
4976,"[423, 1244, 125, 1702, 1690]"
4977,"[677, 1855, 1733, 376, 1846]"
4978,"[423, 1244, 1792, 1733, 216]"
4979,"[423, 1244, 925, 1183, 1036]"
4980,"[1124, 125, 1344, 999, 423]"
4981,"[125, 1690, 1612, 423, 1244]"
4982,"[125, 423, 1244, 1690, 1705]"
4983,"[125, 423, 1244, 1702, 159]"
4984,"[364, 760, 346, 1491, 1766]"
4985,"[125, 1702, 1244, 423, 1612]"
4986,"[677, 1746, 1025, 919, 1795]"
4987,"[1130, 1697, 1696, 1795, 875]"
4988,"[1181, 1675, 1699, 1676, 365]"
4989,"[1244, 423, 125, 396, 1704]"
4990,"[125, 1244, 423, 677, 1855]"
4991,"[125, 1244, 423, 1915, 1677]"
4992,"[423, 1244, 125, 1690, 319]"
4993,"[423, 1244, 125, 1690, 1704]"
4994,"[441, 125, 1924, 615, 815]"
4995,"[125, 423, 1244, 1690, 1702]"
4996,"[677, 1023, 398, 1290, 1861]"
4997,"[125, 1244, 423, 1795, 98]"
4998,"[1828, 1837, 1833, 1935, 1863]"
4999,"[125, 423, 1244, 1524, 1752]"
5000,"[677, 125, 376, 1244, 423]"
5001,"[1748, 868, 1008, 125, 365]"
5002,"[125, 423, 1244, 1702, 1690]"
5003,"[1924, 478, 1434, 528, 1507]"
5004,"[1704, 1705, 1915, 478, 1924]"
5005,"[1704, 1705, 422, 865, 1747]"
5006,"[361, 818, 360, 1762, 1760]"
5007,"[1924, 478, 1704, 1705, 265]"
5008,"[1902, 1915, 1068, 97, 96]"
5009,"[96, 97, 1580, 98, 1753]"
5010,"[265, 1385, 341, 374, 926]"
5011,"[408, 1705, 1704, 1924, 116]"
5012,"[1276, 1863, 677, 1773, 1935]"
5013,"[292, 341, 1673, 374, 926]"
5014,"[478, 1924, 1755, 1935, 1828]"
5015,"[1915, 1924, 159, 1704, 175]"
5016,"[1924, 478, 1704, 1752, 1695]"
5017,"[1924, 478, 528, 1704, 1705]"
5018,"[528, 275, 273, 274, 1560]"
5019,"[341, 1560, 265, 1561, 453]"
5020,"[1704, 1705, 1561, 1558, 1520]"
5021,"[528, 1128, 1507, 333, 1560]"
5022,"[1902, 478, 1704, 1705, 1924]"
5023,"[1755, 1761, 1507, 528, 339]"
5024,"[1073, 926, 265, 1677, 1733]"
5025,"[1792, 478, 1704, 1705, 1924]"
5026,"[1924, 1884, 1705, 478, 446]"
5027,"[478, 1924, 1704, 1705, 1760]"
5028,"[1915, 1924, 290, 1122, 1696]"
5029,"[1863, 1935, 927, 430, 1837]"
5030,"[65, 1935, 290, 927, 1863]"
5031,"[1915, 1793, 1792, 1789, 1790]"
5032,"[789, 1755, 1753, 1763, 1884]"
5033,"[1733, 528, 1507, 1788, 1434]"
5034,"[1561, 1753, 1885, 1915, 528]"
5035,"[1704, 1755, 1705, 1520, 1025]"
5036,"[1863, 1935, 1697, 430, 1705]"
5037,"[1705, 265, 1704, 341, 1924]"
5038,"[1924, 478, 1792, 1923, 1790]"
5039,"[1761, 339, 528, 1507, 1695]"
5040,"[528, 1507, 334, 538, 1434]"
5041,"[1915, 1296, 677, 333, 528]"
5042,"[341, 333, 1560, 1030, 1695]"
5043,"[1915, 1924, 921, 938, 1434]"
5044,"[1915, 1030, 1704, 1924, 478]"
5045,"[1915, 97, 96, 1924, 478]"
5046,"[478, 1755, 1924, 124, 624]"
5047,"[1024, 1705, 1447, 997, 1758]"
5048,"[1721, 108, 42, 1368, 1915]"
5049,"[1929, 108, 1721, 1592, 1636]"
5050,"[1024, 900, 1618, 175, 1721]"
5051,"[1801, 1802, 1799, 1804, 1798]"
5052,"[1802, 1890, 1799, 1804, 1491]"
5053,"[339, 1721, 108, 1724, 80]"
5054,"[1437, 1411, 1760, 216, 1479]"
5055,"[1760, 1098, 1761, 1929, 1704]"
5056,"[1024, 1721, 108, 361, 339]"
5057,"[1929, 1592, 80, 1721, 108]"
5058,"[376, 677, 1611, 1580, 1299]"
5059,"[1704, 1705, 862, 505, 1603]"
5060,"[1024, 697, 857, 1704, 1705]"
5061,"[700, 1617, 692, 1762, 292]"
5062,"[1617, 1762, 1758, 1761, 1760]"
5063,"[1915, 441, 1705, 1875, 216]"
5064,"[1617, 1555, 292, 159, 937]"
5065,"[1617, 1655, 292, 926, 1733]"
5066,"[1617, 1555, 292, 478, 1762]"
5067,"[1617, 1762, 1760, 1761, 292]"
5068,"[1617, 1762, 1555, 1758, 1761]"
5069,"[292, 1722, 1617, 1762, 1761]"
5070,"[292, 1617, 1722, 692, 1762]"
5071,"[441, 1099, 301, 982, 1101]"
5072,"[1617, 900, 1924, 1906, 1937]"
5073,"[1617, 292, 819, 692, 1771]"
5074,"[292, 1722, 1617, 1762, 1758]"
5075,"[1884, 441, 1722, 982, 1562]"
5076,"[441, 1884, 789, 782, 1677]"
5077,"[292, 1762, 1758, 1761, 1617]"
5078,"[1722, 1884, 441, 782, 1562]"
5079,"[292, 1762, 1617, 1758, 1722]"
5080,"[1761, 1704, 1705, 1655, 1618]"
5081,"[135, 1617, 1567, 1762, 292]"
5082,"[700, 1617, 1762, 292, 1758]"
5083,"[164, 1201, 98, 163, 97]"
5084,"[1655, 1705, 1758, 1704, 900]"
5085,"[292, 1655, 1617, 1192, 1924]"
5086,"[1617, 1924, 1705, 1704, 900]"
5087,"[1617, 124, 900, 1550, 1884]"
5088,"[455, 1617, 1113, 1761, 368]"
5089,"[1617, 1762, 1758, 1555, 1761]"
5090,"[1924, 441, 478, 98, 1191]"
5091,"[1704, 1677, 1611, 1705, 1884]"
5092,"[292, 1758, 1762, 1722, 1617]"
5093,"[441, 442, 28, 1675, 982]"
5094,"[1617, 926, 900, 876, 1924]"
5095,"[1655, 1705, 544, 1704, 1758]"
5096,"[1655, 1705, 1704, 900, 1758]"
5097,"[441, 982, 1099, 1269, 1101]"
5098,"[1617, 1762, 1758, 1555, 292]"
5099,"[1704, 1697, 1705, 1696, 1884]"
5100,"[1617, 1762, 292, 1758, 1760]"
5101,"[1722, 1884, 692, 441, 699]"
5102,"[1617, 900, 926, 1924, 1705]"
5103,"[1617, 926, 1705, 900, 1704]"
5104,"[292, 1617, 1758, 1722, 692]"
5105,"[1904, 983, 984, 409, 1191]"
5106,"[1567, 1896, 1618, 1705, 175]"
5107,"[409, 1587, 102, 1746, 1191]"
5108,"[1587, 1627, 1904, 409, 1191]"
5109,"[811, 1192, 409, 1523, 1896]"
5110,"[1892, 1191, 43, 409, 1746]"
5111,"[96, 97, 409, 98, 102]"
5112,"[1191, 1905, 242, 1602, 1025]"
5113,"[102, 98, 460, 321, 409]"
5114,"[1627, 1904, 409, 1191, 113]"
5115,"[291, 1070, 1704, 112, 693]"
5116,"[409, 1191, 1904, 1627, 1255]"
5117,"[1070, 1531, 1713, 291, 112]"
5118,"[98, 102, 1627, 1587, 409]"
5119,"[1705, 1704, 1550, 1924, 522]"
5120,"[439, 1617, 66, 1539, 1619]"
5121,"[1587, 1905, 1904, 1627, 1922]"
5122,"[98, 1567, 1892, 102, 460]"
5123,"[1892, 1915, 1191, 321, 216]"
5124,"[409, 1733, 1191, 1746, 1788]"
5125,"[1627, 1905, 1587, 1899, 1924]"
5126,"[409, 102, 1587, 98, 460]"
5127,"[409, 1587, 1191, 460, 1746]"
5128,"[1627, 1904, 409, 1906, 113]"
5129,"[1904, 1924, 1587, 1529, 583]"
5130,"[1713, 1160, 1893, 1626, 1924]"
5131,"[1937, 663, 1553, 1924, 1628]"
5132,"[1273, 1191, 1926, 1274, 447]"
5133,"[454, 456, 1241, 1924, 418]"
5134,"[1761, 1937, 1760, 1924, 1705]"
5135,"[1924, 478, 1937, 1705, 1628]"
5136,"[1913, 1924, 1937, 1242, 478]"
5137,"[1760, 1705, 1761, 1924, 141]"
5138,"[125, 89, 1677, 113, 165]"
5139,"[1112, 1070, 455, 1614, 1636]"
5140,"[888, 1313, 442, 1607, 1896]"
5141,"[681, 1746, 871, 1199, 1589]"
5142,"[1761, 1760, 1704, 1746, 708]"
5143,"[335, 291, 1070, 1705, 113]"
5144,"[1550, 288, 1137, 1929, 1651]"
5145,"[171, 1025, 1890, 1887, 1536]"
5146,"[1063, 886, 1757, 1776, 692]"
5147,"[291, 409, 928, 667, 164]"
5148,"[1705, 997, 1406, 1704, 1412]"
5149,"[667, 291, 1760, 1758, 1761]"
5150,"[164, 16, 1733, 165, 402]"
5151,"[682, 1112, 91, 1192, 1758]"
5152,"[684, 1757, 1776, 1705, 1704]"
5153,"[1757, 1776, 684, 1786, 1705]"
5154,"[1704, 1705, 1760, 1761, 1762]"
5155,"[1704, 1705, 1761, 1760, 1762]"
5156,"[1913, 1924, 1242, 421, 28]"
5157,"[1704, 1705, 708, 1677, 1656]"
5158,"[7, 1697, 415, 1696, 862]"
5159,"[89, 455, 1676, 605, 29]"
5160,"[454, 888, 1896, 1761, 442]"
5161,"[291, 46, 667, 1595, 871]"
5162,"[1406, 1705, 1712, 1704, 1193]"
5163,"[667, 291, 1656, 1193, 171]"
5164,"[1070, 455, 291, 1713, 1705]"
5165,"[1758, 1761, 1762, 1704, 1760]"
5166,"[1705, 1704, 216, 1614, 1915]"
5167,"[1070, 1704, 1386, 113, 112]"
5168,"[113, 28, 1070, 112, 890]"
5169,"[291, 112, 113, 1704, 1191]"
5170,"[1913, 1242, 1705, 118, 1704]"
5171,"[1614, 1636, 455, 1924, 125]"
5172,"[1705, 900, 860, 1063, 1762]"
5173,"[291, 1704, 1705, 1656, 1606]"
5174,"[1704, 1705, 73, 1701, 1902]"
5175,"[1705, 1704, 1712, 558, 1758]"
5176,"[291, 667, 1192, 1121, 1544]"
5177,"[291, 112, 1386, 1070, 113]"
5178,"[1610, 455, 114, 116, 1638]"
5179,"[925, 291, 1746, 171, 165]"
5180,"[1677, 1656, 432, 454, 125]"
5181,"[1757, 1776, 684, 1705, 1796]"
5182,"[1924, 1705, 478, 1704, 1558]"
5183,"[1544, 787, 1871, 1705, 1834]"
5184,"[478, 1924, 1704, 1705, 477]"
5185,"[1604, 114, 1027, 412, 1733]"
5186,"[1504, 528, 1507, 1434, 538]"
5187,"[480, 646, 828, 7, 3]"
5188,"[1704, 1761, 1705, 528, 1507]"
5189,"[528, 1507, 1434, 526, 538]"
5190,"[1193, 1656, 171, 1612, 1636]"
5191,"[1924, 1884, 786, 478, 1705]"
5192,"[478, 1924, 1199, 1308, 93]"
5193,"[807, 1788, 1789, 1787, 1790]"
5194,"[333, 862, 1434, 1705, 528]"
5195,"[528, 1507, 1434, 538, 1695]"
5196,"[1507, 528, 1434, 538, 1704]"
5197,"[1434, 538, 1507, 528, 1924]"
5198,"[1756, 1488, 1705, 1704, 1755]"
5199,"[921, 1507, 528, 538, 1704]"
5200,"[1757, 1776, 1705, 1786, 1704]"
5201,"[817, 1119, 1246, 62, 216]"
5202,"[1924, 1884, 478, 786, 1705]"
5203,"[409, 102, 89, 107, 98]"
5204,"[528, 921, 1507, 1434, 1755]"
5205,"[1924, 1400, 361, 377, 1462]"
5206,"[921, 528, 1507, 1755, 1434]"
5207,"[1504, 1310, 126, 553, 460]"
5208,"[1924, 478, 919, 1704, 1025]"
5209,"[528, 1507, 1434, 538, 1695]"
5210,"[1704, 528, 1507, 1705, 1434]"
5211,"[1884, 1924, 786, 98, 614]"
5212,"[1704, 1760, 1758, 1762, 1705]"
5213,"[1915, 1924, 1863, 98, 1704]"
5214,"[1704, 1705, 1760, 1762, 1758]"
5215,"[1863, 441, 430, 1828, 1837]"
5216,"[1507, 528, 526, 1434, 538]"
5217,"[1507, 528, 1434, 538, 1695]"
5218,"[478, 1924, 1704, 1705, 659]"
5219,"[1878, 1707, 1246, 1772, 1708]"
5220,"[528, 1507, 1434, 526, 538]"
5221,"[1704, 1705, 1755, 504, 1885]"
5222,"[1705, 1704, 1924, 478, 1913]"
5223,"[1704, 1705, 478, 1915, 216]"
5224,"[1863, 1935, 430, 594, 927]"
5225,"[1504, 1712, 1908, 1705, 1704]"
5226,"[368, 1134, 1063, 411, 1190]"
5227,"[1808, 1915, 175, 1935, 1042]"
5228,"[927, 165, 419, 925, 931]"
5229,"[868, 1063, 1792, 455, 1899]"
5230,"[368, 1904, 1643, 455, 862]"
5231,"[1675, 1676, 113, 29, 89]"
5232,"[1643, 1704, 1705, 1567, 788]"
5233,"[165, 1924, 1534, 89, 1676]"
5234,"[1030, 1906, 1863, 1935, 1528]"
5235,"[1556, 1531, 1527, 1538, 1529]"
5236,"[43, 163, 937, 159, 919]"
5237,"[1904, 1704, 1705, 1191, 165]"
5238,"[1746, 97, 96, 1909, 1904]"
5239,"[1904, 1025, 1746, 1927, 1890]"
5240,"[1904, 43, 819, 1704, 1705]"
5241,"[1627, 1905, 1587, 1527, 1601]"
5242,"[692, 1896, 1924, 1905, 1204]"
5243,"[1904, 1589, 409, 778, 1746]"
5244,"[1904, 1762, 1746, 1909, 1191]"
5245,"[1762, 1914, 1758, 1704, 1898]"
5246,"[1915, 1884, 1914, 1762, 583]"
5247,"[1904, 43, 1746, 89, 819]"
5248,"[1904, 1899, 89, 1746, 96]"
5249,"[1904, 1025, 1746, 159, 922]"
5250,"[530, 1704, 1705, 113, 1676]"
5251,"[819, 1774, 1705, 1704, 1618]"
5252,"[1904, 1935, 1863, 1915, 430]"
5253,"[1742, 1554, 1529, 1527, 455]"
5254,"[1904, 1909, 1746, 1025, 1191]"
5255,"[1904, 89, 43, 1746, 163]"
5256,"[1904, 89, 1746, 98, 819]"
5257,"[919, 1025, 937, 159, 926]"
5258,"[29, 1519, 1619, 113, 890]"
5259,"[1904, 43, 89, 1032, 1035]"
5260,"[1904, 43, 1746, 1191, 96]"
5261,"[1748, 890, 868, 1545, 164]"
5262,"[1529, 1519, 1556, 1538, 1534]"
5263,"[1612, 1065, 1620, 1762, 1758]"
5264,"[1915, 1169, 1038, 76, 388]"
5265,"[1043, 1316, 1618, 447, 1704]"
5266,"[1534, 1564, 1489, 1543, 1554]"
5267,"[1561, 1520, 1538, 1529, 1922]"
5268,"[925, 1196, 1924, 1904, 175]"
5269,"[1904, 89, 1783, 43, 819]"
5270,"[922, 1915, 716, 1495, 878]"
5271,"[1833, 1837, 1863, 1828, 922]"
5272,"[1915, 1733, 1698, 1704, 412]"
5273,"[96, 98, 1028, 1040, 1925]"
5274,"[171, 927, 749, 618, 1036]"
5275,"[98, 96, 97, 102, 1746]"
5276,"[1201, 409, 848, 749, 1019]"
5277,"[1902, 1900, 408, 1917, 114]"
5278,"[409, 102, 1030, 1853, 1828]"
5279,"[677, 1863, 1935, 1828, 430]"
5280,"[1902, 102, 409, 1757, 1776]"
5281,"[876, 869, 880, 437, 1283]"
5282,"[1462, 126, 1040, 1822, 1821]"
5283,"[98, 97, 96, 1201, 1073]"
5284,"[98, 96, 97, 163, 102]"
5285,"[409, 171, 42, 1757, 1776]"
5286,"[1040, 716, 126, 171, 1915]"
5287,"[1700, 402, 1902, 409, 420]"
5288,"[98, 96, 97, 1915, 102]"
5289,"[102, 1776, 1757, 96, 97]"
5290,"[1902, 420, 96, 102, 409]"
5291,"[1902, 1776, 1757, 108, 102]"
5292,"[1746, 1197, 1524, 1752, 1525]"
5293,"[1902, 1915, 922, 1917, 1019]"
5294,"[98, 1541, 102, 96, 97]"
5295,"[1746, 102, 409, 98, 96]"
5296,"[409, 1700, 1201, 97, 96]"
5297,"[1902, 171, 1776, 1757, 452]"
5298,"[171, 1915, 409, 97, 96]"
5299,"[102, 409, 1757, 1776, 1746]"
5300,"[97, 1201, 171, 1699, 1869]"
5301,"[98, 334, 1776, 1757, 1704]"
5302,"[102, 409, 1853, 1828, 1822]"
5303,"[1746, 925, 409, 102, 97]"
5304,"[1040, 1924, 125, 1219, 794]"
5305,"[102, 409, 1746, 1040, 1518]"
5306,"[102, 409, 97, 96, 1516]"
5307,"[1197, 1041, 102, 409, 1524]"
5308,"[1118, 1700, 1811, 1197, 1813]"
5309,"[1828, 1833, 1837, 1863, 1935]"
5310,"[1902, 1320, 420, 107, 60]"
5311,"[1900, 1902, 409, 408, 1853]"
5312,"[1902, 420, 102, 409, 716]"
5313,"[1746, 409, 1219, 171, 102]"
5314,"[1915, 935, 1792, 1030, 925]"
5315,"[175, 1924, 165, 1025, 1041]"
5316,"[1202, 410, 937, 175, 1025]"
5317,"[1917, 890, 1902, 113, 165]"
5318,"[1915, 357, 1046, 411, 1649]"
5319,"[1915, 1051, 1060, 1001, 1043]"
5320,"[128, 331, 1193, 1025, 937]"
5321,"[928, 1299, 1705, 150, 1704]"
5322,"[1733, 446, 408, 1917, 350]"
5323,"[1697, 267, 235, 233, 238]"
5324,"[1046, 1915, 347, 972, 823]"
5325,"[1924, 440, 162, 1263, 1202]"
5326,"[1915, 1704, 1705, 956, 1154]"
5327,"[1915, 216, 408, 1588, 1758]"
5328,"[1332, 1207, 924, 1918, 1618]"
5329,"[1915, 1916, 216, 1584, 1649]"
5330,"[1915, 966, 136, 1205, 986]"
5331,"[1915, 216, 1343, 1438, 1299]"
5332,"[1363, 1370, 1704, 1705, 511]"
5333,"[1863, 1935, 927, 430, 1023]"
5334,"[719, 1158, 1754, 216, 1915]"
5335,"[165, 1728, 1025, 1615, 1286]"
5336,"[1071, 925, 938, 1030, 164]"
5337,"[430, 1792, 1863, 1935, 1790]"
5338,"[320, 1704, 1091, 1637, 324]"
5339,"[1158, 1630, 823, 925, 924]"
5340,"[1915, 430, 1256, 1260, 1258]"
5341,"[1836, 1873, 1076, 1924, 1704]"
5342,"[1915, 357, 216, 823, 737]"
5343,"[1158, 165, 1758, 1705, 164]"
5344,"[175, 163, 165, 1924, 1299]"
5345,"[1630, 1618, 165, 919, 931]"
5346,"[1193, 937, 1649, 1855, 1861]"
5347,"[1915, 1899, 1588, 485, 164]"
5348,"[190, 150, 911, 143, 964]"
5349,"[937, 159, 165, 1924, 113]"
5350,"[1915, 1269, 1023, 398, 1863]"
5351,"[150, 968, 208, 971, 209]"
5352,"[1030, 1049, 1029, 956, 1041]"
5353,"[937, 175, 164, 165, 1034]"
5354,"[1915, 408, 1924, 159, 937]"
5355,"[1900, 1917, 1915, 890, 925]"
5356,"[1915, 1742, 408, 1299, 430]"
5357,"[1148, 1762, 371, 924, 1758]"
5358,"[1932, 18, 1894, 1274, 1191]"
5359,"[1932, 190, 139, 1931, 891]"
5360,"[1705, 1704, 1697, 1760, 1758]"
5361,"[445, 1900, 139, 1676, 1916]"
5362,"[1676, 398, 116, 1675, 1070]"
5363,"[1762, 677, 1637, 1705, 1704]"
5364,"[757, 762, 758, 741, 364]"
5365,"[1246, 1772, 261, 267, 233]"
5366,"[349, 1932, 1029, 1043, 168]"
5367,"[1900, 1917, 1915, 1924, 108]"
5368,"[1894, 1886, 1704, 1705, 1758]"
5369,"[1932, 190, 139, 891, 351]"
5370,"[1607, 1608, 1896, 1517, 773]"
5371,"[1863, 1935, 1828, 1833, 1837]"
5372,"[1066, 1705, 1704, 868, 1748]"
5373,"[1704, 1705, 1906, 1618, 1617]"
5374,"[108, 308, 1100, 307, 1766]"
5375,"[453, 78, 292, 495, 1561]"
5376,"[1924, 677, 455, 1676, 612]"
5377,"[1900, 857, 1902, 1917, 1543]"
5378,"[1900, 1543, 1638, 349, 1760]"
5379,"[677, 1157, 1607, 376, 1086]"
5380,"[1733, 677, 412, 125, 1788]"
5381,"[1900, 1799, 1543, 1804, 1798]"
5382,"[1618, 114, 1697, 1705, 1567]"
5383,"[478, 116, 1607, 89, 1676]"
5384,"[1607, 1903, 1705, 1608, 510]"
5385,"[1758, 1704, 1705, 1761, 1762]"
5386,"[1491, 97, 96, 1758, 1762]"
5387,"[1760, 1761, 1758, 1762, 1705]"
5388,"[364, 760, 346, 1491, 1766]"
5389,"[1705, 1704, 1826, 512, 510]"
5390,"[1900, 1917, 1543, 1676, 1638]"
5391,"[1902, 1917, 858, 1761, 1640]"
5392,"[862, 455, 1761, 1249, 1697]"
5393,"[1863, 430, 1935, 1828, 927]"
5394,"[1761, 1705, 891, 1760, 1704]"
5395,"[1894, 1516, 1760, 1704, 1705]"
5396,"[1924, 155, 158, 157, 660]"
5397,"[1733, 1788, 412, 1789, 1792]"
5398,"[1131, 412, 1733, 446, 1157]"
5399,"[109, 1924, 1133, 107, 499]"
5400,"[852, 1723, 1101, 777, 1917]"
5401,"[1808, 1837, 1833, 1828, 1603]"
5402,"[1878, 1707, 1246, 1708, 9]"
5403,"[1762, 1758, 1705, 1704, 1063]"
5404,"[1070, 291, 890, 113, 112]"
5405,"[89, 1914, 165, 164, 1025]"
5406,"[1759, 458, 1556, 1538, 1752]"
5407,"[1924, 89, 1586, 1705, 165]"
5408,"[1537, 1526, 430, 927, 1299]"
5409,"[89, 1615, 1626, 890, 1903]"
5410,"[102, 409, 97, 96, 113]"
5411,"[1772, 1924, 1914, 1898, 533]"
5412,"[1914, 1520, 1556, 1564, 1554]"
5413,"[1044, 1537, 1704, 89, 1705]"
5414,"[95, 1463, 1795, 1753, 1704]"
5415,"[89, 1586, 890, 1626, 113]"
5416,"[1759, 1764, 135, 458, 1762]"
5417,"[870, 1705, 482, 1753, 1463]"
5418,"[1735, 1044, 331, 1924, 1627]"
5419,"[89, 1586, 113, 29, 1676]"
5420,"[291, 1705, 1537, 124, 96]"
5421,"[530, 1704, 1705, 1924, 1696]"
5422,"[1537, 1535, 1903, 1044, 1533]"
5423,"[1903, 1533, 1537, 89, 1618]"
5424,"[1762, 1758, 1705, 1704, 884]"
5425,"[890, 1638, 446, 1124, 1615]"
5426,"[406, 407, 48, 162, 1704]"
5427,"[1704, 1807, 1705, 935, 1037]"
5428,"[89, 752, 759, 421, 1909]"
5429,"[1038, 935, 1030, 1039, 1031]"
5430,"[1792, 1790, 1793, 1789, 1791]"
5431,"[89, 1618, 920, 1704, 612]"
5432,"[1705, 722, 162, 406, 407]"
5433,"[1586, 1615, 1523, 1618, 1548]"
5434,"[1258, 1863, 1260, 1935, 1256]"
5435,"[935, 1039, 1030, 1037, 166]"
5436,"[407, 406, 1904, 919, 162]"
5437,"[1705, 1704, 1344, 1697, 1258]"
5438,"[1733, 1924, 408, 419, 89]"
5439,"[1760, 1769, 1768, 1761, 1527]"
5440,"[1935, 1936, 1298, 1260, 1259]"
5441,"[98, 1087, 1548, 619, 868]"
5442,"[1904, 622, 1100, 308, 1267]"
5443,"[1713, 1833, 1837, 1821, 1828]"
5444,"[1915, 455, 624, 324, 1924]"
5445,"[160, 158, 155, 157, 930]"
5446,"[1704, 1733, 1705, 787, 1723]"
5447,"[1039, 935, 1037, 1030, 1031]"
5448,"[1704, 1620, 162, 919, 931]"
5449,"[1077, 89, 382, 1073, 1676]"
5450,"[1760, 1768, 1775, 1905, 1769]"
5451,"[1792, 1733, 1788, 411, 1790]"
5452,"[1548, 1924, 89, 1733, 1534]"
5453,"[1890, 819, 1893, 1548, 1191]"
5454,"[1617, 1893, 1618, 1548, 1890]"
5455,"[1762, 98, 1915, 409, 165]"
5456,"[164, 919, 1893, 167, 165]"
5457,"[1671, 866, 1065, 96, 1071]"
5458,"[928, 1025, 164, 159, 937]"
5459,"[1713, 1821, 1822, 1833, 1837]"
5460,"[927, 1935, 1863, 1922, 1897]"
5461,"[1761, 1769, 1768, 1760, 1775]"
5462,"[1704, 1261, 1676, 1298, 1258]"
5463,"[919, 1025, 937, 159, 673]"
5464,"[1742, 1526, 1544, 1548, 419]"
5465,"[1924, 478, 1528, 1760, 1527]"
5466,"[1586, 1615, 1523, 1618, 1548]"
5467,"[1046, 937, 159, 1025, 164]"
5468,"[1119, 1041, 1676, 1027, 272]"
5469,"[89, 1676, 29, 455, 1619]"
5470,"[596, 598, 600, 574, 568]"
5471,"[1704, 1705, 289, 1191, 1904]"
5472,"[368, 455, 1704, 1191, 862]"
5473,"[1704, 1705, 289, 1904, 1191]"
5474,"[1066, 114, 216, 285, 1915]"
5475,"[1705, 1704, 1904, 289, 1747]"
5476,"[1705, 1067, 1724, 455, 1768]"
5477,"[116, 1531, 60, 1747, 1724]"
5478,"[1904, 1705, 289, 1704, 819]"
5479,"[455, 289, 1705, 116, 1704]"
5480,"[1705, 1608, 1704, 1567, 1618]"
5481,"[106, 1899, 1922, 1897, 1705]"
5482,"[1915, 1066, 1705, 1704, 289]"
5483,"[1760, 1768, 1769, 1761, 1775]"
5484,"[1191, 116, 1618, 1534, 1704]"
5485,"[1705, 1704, 1904, 1890, 289]"
5486,"[1191, 1534, 1726, 937, 159]"
5487,"[289, 1705, 819, 1904, 1704]"
5488,"[289, 752, 1705, 759, 1704]"
5489,"[106, 1704, 1894, 1761, 1904]"
5490,"[1704, 289, 1191, 1705, 1904]"
5491,"[1277, 692, 1726, 1523, 1733]"
5492,"[289, 1705, 339, 1704, 1904]"
5493,"[1070, 116, 1705, 455, 289]"
5494,"[289, 1705, 455, 1704, 1904]"
5495,"[1113, 421, 164, 1531, 862]"
5496,"[1704, 1705, 289, 1904, 1890]"
5497,"[1904, 1705, 819, 1890, 1704]"
5498,"[1704, 1191, 289, 1705, 116]"
5499,"[1726, 455, 692, 1113, 1704]"
5500,"[1704, 116, 1705, 1760, 1904]"
5501,"[1191, 1704, 289, 1705, 1904]"
5502,"[116, 1705, 1191, 1704, 1904]"
5503,"[289, 1705, 1531, 1704, 1904]"
5504,"[1704, 1191, 1705, 289, 1904]"
5505,"[1761, 1760, 1704, 106, 1705]"
5506,"[1704, 1705, 1890, 289, 1904]"
5507,"[1907, 1070, 455, 289, 1192]"
5508,"[1032, 390, 1719, 876, 869]"
5509,"[1705, 258, 1722, 689, 110]"
5510,"[1726, 1704, 692, 1705, 1760]"
5511,"[289, 1704, 1904, 1705, 1746]"
5512,"[1904, 3, 1246, 1772, 2]"
5513,"[1705, 1704, 1904, 289, 1769]"
5514,"[1073, 1028, 1083, 265, 1157]"
5515,"[677, 376, 1608, 477, 688]"
5516,"[1820, 1819, 1818, 1821, 1822]"
5517,"[1022, 1019, 1607, 1608, 477]"
5518,"[393, 332, 7, 1001, 1040]"
5519,"[1821, 1837, 1833, 1828, 1822]"
5520,"[477, 1022, 1019, 749, 1704]"
5521,"[360, 1019, 1022, 1924, 1155]"
5522,"[175, 165, 1658, 1896, 1822]"
5523,"[1022, 1019, 1157, 1131, 477]"
5524,"[927, 1863, 1935, 1837, 1828]"
5525,"[1704, 163, 1019, 1620, 164]"
5526,"[1768, 1760, 1769, 1775, 408]"
5527,"[1607, 1608, 1517, 1157, 96]"
5528,"[1704, 1019, 98, 868, 1748]"
5529,"[1192, 1157, 1608, 1607, 1517]"
5530,"[1023, 398, 1290, 1861, 1863]"
5531,"[430, 441, 1924, 1833, 1837]"
5532,"[360, 329, 384, 1168, 1177]"
5533,"[1915, 737, 719, 736, 732]"
5534,"[933, 1250, 930, 79, 356]"
5535,"[1863, 1935, 1828, 1837, 1833]"
5536,"[1915, 1704, 1256, 430, 1299]"
5537,"[306, 812, 212, 1202, 410]"
5538,"[1704, 1019, 1086, 1689, 1700]"
5539,"[1615, 1586, 1903, 97, 96]"
5540,"[1704, 1019, 1620, 1131, 1700]"
5541,"[1904, 1167, 1022, 1131, 477]"
5542,"[1191, 1157, 1608, 1607, 455]"
5543,"[1042, 1041, 1086, 455, 1193]"
5544,"[884, 1022, 1011, 816, 1713]"
5545,"[1704, 1705, 477, 505, 1193]"
5546,"[1904, 477, 749, 18, 1316]"
5547,"[1752, 1891, 1894, 1540, 1746]"
5548,"[1022, 477, 749, 368, 455]"
5549,"[1041, 1704, 1603, 728, 1705]"
5550,"[677, 376, 688, 377, 1705]"
5551,"[1915, 371, 292, 1148, 1762]"
5552,"[1847, 1845, 1849, 1848, 1867]"
5553,"[1915, 376, 677, 1855, 216]"
5554,"[441, 1705, 430, 857, 1935]"
5555,"[28, 216, 605, 787, 603]"
5556,"[1915, 1861, 1148, 1762, 1758]"
5557,"[1269, 605, 396, 387, 366]"
5558,"[1907, 89, 1922, 1897, 1762]"
5559,"[63, 65, 441, 1630, 1922]"
5560,"[1890, 1705, 1704, 1752, 1193]"
5561,"[1630, 1762, 1922, 1897, 1758]"
5562,"[1627, 165, 1191, 164, 1025]"
5563,"[89, 1604, 165, 1677, 113]"
5564,"[1704, 1705, 1567, 1890, 1618]"
5565,"[1246, 95, 12, 165, 433]"
5566,"[1922, 1897, 89, 1526, 1704]"
5567,"[1586, 1193, 43, 1627, 1615]"
5568,"[1899, 1085, 1133, 1627, 1076]"
5569,"[1627, 1905, 1587, 113, 1025]"
5570,"[368, 374, 1927, 1156, 872]"
5571,"[1907, 1526, 478, 1899, 1922]"
5572,"[927, 165, 114, 1627, 1587]"
5573,"[1627, 1905, 165, 1025, 1613]"
5574,"[1618, 1704, 1705, 1752, 1193]"
5575,"[113, 89, 1733, 1907, 1618]"
5576,"[1587, 1907, 1922, 1897, 89]"
5577,"[927, 1588, 1704, 1762, 1705]"
5578,"[165, 113, 1746, 1191, 1627]"
5579,"[42, 1922, 1897, 1368, 402]"
5580,"[1884, 1762, 1526, 1588, 478]"
5581,"[1907, 89, 455, 739, 1922]"
5582,"[1915, 1907, 1343, 1897, 1922]"
5583,"[1704, 896, 530, 96, 97]"
5584,"[1607, 1608, 1704, 1705, 1909]"
5585,"[1922, 1897, 1526, 1704, 89]"
5586,"[165, 1025, 937, 159, 927]"
5587,"[1772, 1762, 1704, 1758, 1705]"
5588,"[1587, 1922, 1897, 89, 1915]"
5589,"[1627, 165, 1193, 1025, 1613]"
5590,"[1587, 166, 1922, 1897, 89]"
5591,"[927, 165, 1025, 164, 1036]"
5592,"[1754, 89, 935, 1705, 1704]"
5593,"[1922, 1897, 1587, 1905, 1615]"
5594,"[1526, 331, 1927, 1915, 1922]"
5595,"[1705, 1917, 1704, 408, 1733]"
5596,"[1612, 1704, 551, 1762, 1887]"
5597,"[1905, 89, 164, 175, 1907]"
5598,"[1587, 1907, 530, 1704, 1705]"
5599,"[1907, 89, 1922, 1897, 1526]"
5600,"[1922, 1897, 1924, 1526, 89]"
5601,"[530, 1704, 1705, 896, 1762]"
5602,"[1705, 1704, 165, 589, 1752]"
5603,"[1705, 1704, 48, 16, 1697]"
5604,"[1705, 1704, 1751, 37, 1904]"
5605,"[1704, 1705, 1906, 1529, 1588]"
5606,"[1915, 1704, 1705, 677, 408]"
5607,"[1704, 1705, 106, 1910, 1899]"
5608,"[1071, 164, 421, 175, 329]"
5609,"[1746, 760, 762, 781, 124]"
5610,"[1627, 1905, 1527, 113, 216]"
5611,"[1705, 1704, 1627, 165, 1554]"
5612,"[1704, 1705, 1924, 165, 478]"
5613,"[1704, 1705, 48, 165, 164]"
5614,"[165, 164, 1704, 1705, 1627]"
5615,"[1705, 1704, 165, 688, 1251]"
5616,"[1705, 1704, 16, 48, 165]"
5617,"[1705, 1704, 1905, 1070, 165]"
5618,"[1191, 1021, 1534, 1726, 390]"
5619,"[1705, 1704, 1697, 165, 862]"
5620,"[1705, 1704, 165, 1193, 164]"
5621,"[1705, 1704, 510, 1826, 114]"
5622,"[1705, 1704, 464, 165, 1760]"
5623,"[165, 1704, 164, 1705, 89]"
5624,"[1627, 1905, 16, 1527, 1071]"
5625,"[1705, 1704, 1752, 589, 165]"
5626,"[1705, 1704, 165, 1752, 164]"
5627,"[1273, 447, 361, 1705, 1887]"
5628,"[165, 1705, 781, 289, 1025]"
5629,"[1020, 1704, 1070, 1915, 1705]"
5630,"[1224, 348, 341, 1705, 692]"
5631,"[1705, 1704, 165, 164, 1923]"
5632,"[1705, 1704, 165, 216, 48]"
5633,"[1704, 1705, 164, 165, 48]"
5634,"[1705, 1704, 165, 1752, 164]"
5635,"[1705, 1704, 677, 1906, 1924]"
5636,"[163, 165, 1924, 1713, 866]"
5637,"[165, 1704, 1705, 819, 688]"
5638,"[1704, 1705, 165, 164, 216]"
5639,"[1705, 1704, 1529, 1906, 1528]"
5640,"[163, 164, 1705, 1704, 921]"
5641,"[1251, 688, 165, 1895, 1704]"
5642,"[1705, 1704, 165, 48, 216]"
5643,"[1705, 1704, 432, 1192, 111]"
5644,"[1588, 1705, 1704, 1916, 1906]"
5645,"[1869, 171, 1201, 1558, 97]"
5646,"[368, 165, 455, 862, 1193]"
5647,"[1025, 165, 89, 164, 937]"
5648,"[1922, 1897, 868, 1705, 1748]"
5649,"[1899, 1907, 1627, 895, 1905]"
5650,"[1879, 227, 1010, 264, 642]"
5651,"[1922, 1897, 89, 1907, 1526]"
5652,"[113, 1899, 900, 258, 1929]"
5653,"[1612, 460, 677, 1762, 1643]"
5654,"[1907, 1935, 927, 1863, 1905]"
5655,"[1907, 1612, 1762, 1758, 1705]"
5656,"[1299, 1915, 1256, 430, 1260]"
5657,"[1922, 1897, 1863, 927, 1287]"
5658,"[1705, 1704, 165, 164, 48]"
5659,"[1704, 530, 1705, 896, 1899]"
5660,"[1907, 1612, 1762, 1758, 1705]"
5661,"[1041, 407, 406, 440, 918]"
5662,"[1704, 530, 1705, 896, 1302]"
5663,"[1907, 1899, 1906, 175, 1922]"
5664,"[1899, 440, 1762, 1263, 216]"
5665,"[927, 1907, 113, 1905, 89]"
5666,"[1922, 1897, 1526, 927, 1935]"
5667,"[1026, 1196, 1704, 1078, 397]"
5668,"[1922, 1897, 621, 1899, 1526]"
5669,"[362, 361, 1159, 1653, 1752]"
5670,"[1023, 398, 1863, 1861, 1290]"
5671,"[1792, 1790, 1789, 1791, 1787]"
5672,"[89, 1915, 113, 128, 1676]"
5673,"[97, 1031, 1129, 394, 1865]"
5674,"[1922, 1897, 1587, 89, 1907]"
5675,"[1659, 1836, 1873, 1832, 1705]"
5676,"[1899, 1704, 1705, 89, 1762]"
5677,"[1733, 412, 1788, 1299, 1789]"
5678,"[329, 1133, 319, 317, 1030]"
5679,"[102, 98, 793, 1670, 1201]"
5680,"[1742, 1564, 1554, 1489, 1532]"
5681,"[1201, 1070, 1030, 1116, 1927]"
5682,"[420, 1549, 1551, 96, 126]"
5683,"[96, 1832, 1302, 1252, 1830]"
5684,"[171, 1615, 1586, 73, 1517]"
5685,"[862, 1924, 487, 1603, 606]"
5686,"[1541, 793, 102, 98, 1313]"
5687,"[4, 802, 1878, 1707, 73]"
5688,"[118, 762, 760, 765, 533]"
5689,"[420, 171, 583, 1155, 1875]"
5690,"[171, 366, 361, 533, 322]"
5691,"[171, 1670, 749, 73, 1902]"
5692,"[866, 1119, 1889, 793, 1028]"
5693,"[4, 73, 803, 3, 8]"
5694,"[420, 97, 96, 1700, 163]"
5695,"[1541, 98, 793, 96, 97]"
5696,"[1878, 1707, 1246, 1772, 5]"
5697,"[1541, 793, 98, 1313, 102]"
5698,"[1742, 1541, 1553, 1564, 1489]"
5699,"[1937, 295, 1176, 583, 1705]"
5700,"[1742, 1564, 1489, 1554, 1532]"
5701,"[1701, 749, 1670, 1320, 4]"
5702,"[73, 4, 1878, 1707, 1246]"
5703,"[1549, 329, 1133, 835, 1915]"
5704,"[793, 1670, 102, 749, 98]"
5705,"[73, 4, 1878, 1707, 7]"
5706,"[1705, 1704, 1783, 775, 1769]"
5707,"[1670, 1863, 1935, 1833, 1837]"
5708,"[1700, 1889, 1701, 124, 1904]"
5709,"[420, 96, 126, 1320, 1746]"
5710,"[677, 171, 376, 688, 1705]"
5711,"[862, 1603, 606, 1786, 1787]"
5712,"[216, 1915, 108, 1246, 1910]"
5713,"[420, 96, 1320, 893, 606]"
5714,"[420, 1700, 1670, 126, 73]"
5715,"[848, 851, 89, 272, 748]"
5716,"[640, 46, 643, 666, 651]"
5717,"[4, 1246, 7, 8, 12]"
5718,"[4, 7, 73, 6, 3]"
5719,"[1742, 1520, 1534, 1564, 1489]"
5720,"[1201, 1887, 1886, 1116, 1579]"
5721,"[1742, 1564, 1489, 1554, 1532]"
5722,"[421, 1909, 1529, 1700, 165]"
5723,"[1713, 1586, 1070, 96, 97]"
5724,"[96, 97, 98, 1270, 165]"
5725,"[1201, 620, 470, 868, 96]"
5726,"[1041, 1924, 1040, 1025, 1193]"
5727,"[290, 1073, 118, 164, 1538]"
5728,"[169, 1041, 1586, 1924, 1025]"
5729,"[1026, 1040, 1032, 1193, 1772]"
5730,"[1193, 1909, 1524, 1752, 1586]"
5731,"[1041, 1523, 175, 1554, 1527]"
5732,"[1924, 1025, 1202, 1029, 1041]"
5733,"[1025, 1036, 169, 1035, 1034]"
5734,"[1026, 1193, 164, 165, 1025]"
5735,"[1006, 1041, 1699, 159, 937]"
5736,"[1202, 410, 1041, 1040, 1026]"
5737,"[1604, 265, 1704, 1705, 1647]"
5738,"[165, 164, 425, 97, 96]"
5739,"[1626, 425, 1704, 212, 1705]"
5740,"[1040, 1026, 1034, 1029, 1909]"
5741,"[1176, 353, 89, 97, 96]"
5742,"[98, 927, 1863, 96, 97]"
5743,"[1029, 1672, 1025, 175, 169]"
5744,"[1586, 1615, 1041, 1538, 1556]"
5745,"[1757, 1776, 107, 485, 1795]"
5746,"[1025, 169, 1035, 921, 1043]"
5747,"[165, 885, 1193, 1029, 1649]"
5748,"[1026, 1029, 1034, 1193, 1025]"
5749,"[1193, 1040, 1026, 1909, 1029]"
5750,"[1924, 97, 96, 1713, 164]"
5751,"[1915, 1343, 1299, 1369, 1438]"
5752,"[220, 212, 138, 1019, 108]"
5753,"[1041, 1040, 937, 159, 1193]"
5754,"[1671, 1070, 1745, 1616, 1071]"
5755,"[1029, 1040, 677, 165, 1752]"
5756,"[1193, 1909, 165, 159, 937]"
5757,"[1727, 681, 1270, 1121, 338]"
5758,"[1586, 1713, 925, 1567, 289]"
5759,"[1029, 1649, 1666, 1030, 1149]"
5760,"[928, 938, 164, 167, 174]"
5761,"[1029, 410, 1202, 362, 361]"
5762,"[1757, 1776, 969, 976, 446]"
5763,"[1935, 927, 1298, 1253, 430]"
5764,"[1026, 1046, 1590, 1048, 1705]"
5765,"[1832, 1649, 1030, 1666, 1885]"
5766,"[1260, 1256, 1258, 1298, 1299]"
5767,"[677, 972, 969, 1915, 976]"
5768,"[258, 1026, 1704, 1705, 1042]"
5769,"[928, 938, 1704, 735, 164]"
5770,"[89, 165, 1025, 159, 937]"
5771,"[1029, 164, 921, 175, 938]"
5772,"[1193, 165, 1025, 164, 921]"
5773,"[972, 914, 371, 1651, 1148]"
5774,"[356, 719, 1028, 1079, 258]"
5775,"[408, 120, 1731, 1692, 969]"
5776,"[758, 1148, 410, 1202, 1068]"
5777,"[853, 1776, 1757, 972, 969]"
5778,"[1029, 1915, 1042, 1666, 1049]"
5779,"[1704, 1705, 1935, 1026, 430]"
5780,"[1030, 719, 1666, 1649, 1041]"
5781,"[1649, 719, 1046, 885, 1666]"
5782,"[1026, 1590, 1030, 286, 1649]"
5783,"[1029, 446, 1086, 1026, 1733]"
5784,"[1915, 408, 317, 1046, 522]"
5785,"[286, 1014, 1029, 258, 1202]"
5786,"[298, 788, 1692, 1346, 1787]"
5787,"[1052, 1055, 885, 823, 719]"
5788,"[1900, 1042, 1649, 1666, 327]"
5789,"[677, 1863, 1935, 1906, 1666]"
5790,"[1526, 1529, 1519, 1527, 719]"
5791,"[1026, 1590, 1046, 969, 976]"
5792,"[197, 1018, 1038, 1680, 150]"
5793,"[1677, 1042, 1673, 114, 892]"
5794,"[197, 1836, 1873, 216, 1832]"
5795,"[361, 1680, 1073, 884, 1110]"
5796,"[405, 1924, 1042, 1299, 1044]"
5797,"[1915, 96, 97, 1256, 1299]"
5798,"[1915, 136, 1902, 138, 927]"
5799,"[1915, 885, 419, 1495, 927]"
5800,"[332, 409, 1029, 1077, 78]"
5801,"[583, 1704, 1268, 1787, 554]"
5802,"[197, 1207, 1038, 1933, 359]"
5803,"[51, 847, 1666, 1038, 907]"
5804,"[1193, 1029, 1909, 1025, 159]"
5805,"[692, 960, 164, 137, 920]"
5806,"[1915, 885, 1344, 159, 937]"
5807,"[1046, 80, 1148, 1875, 392]"
5808,"[692, 960, 920, 137, 164]"
5809,"[125, 1630, 89, 1619, 1202]"
5810,"[1030, 1076, 1916, 1928, 1906]"
5811,"[1915, 1299, 409, 164, 1042]"
5812,"[1133, 1193, 138, 108, 212]"
5813,"[1014, 980, 1590, 258, 1929]"
5814,"[1680, 197, 1018, 1154, 1038]"
5815,"[1055, 1863, 1259, 1261, 1260]"
5816,"[1666, 737, 738, 1649, 322]"
5817,"[1042, 1918, 1148, 1061, 141]"
5818,"[1055, 165, 212, 1052, 919]"
5819,"[1915, 368, 1280, 1066, 1192]"
5820,"[1133, 212, 1137, 89, 455]"
5821,"[89, 113, 1026, 1676, 29]"
5822,"[276, 139, 1016, 1318, 273]"
5823,"[1915, 926, 265, 1249, 341]"
5824,"[1073, 1130, 478, 1077, 1615]"
5825,"[1017, 1030, 165, 1060, 419]"
5826,"[1590, 1014, 1592, 144, 197]"
5827,"[1030, 1026, 1915, 165, 1676]"
5828,"[1630, 1676, 89, 1619, 29]"
5829,"[1705, 155, 158, 157, 1592]"
5830,"[1133, 954, 1899, 1556, 108]"
5831,"[1154, 1018, 197, 1038, 862]"
5832,"[1680, 197, 1018, 1038, 1154]"
5833,"[885, 165, 159, 937, 1026]"
5834,"[1055, 212, 1590, 1705, 1592]"
5835,"[1135, 138, 1137, 1133, 136]"
5836,"[1863, 1148, 1023, 924, 398]"
5837,"[1792, 1029, 1904, 1733, 1620]"
5838,"[919, 1025, 159, 937, 1704]"
5839,"[1025, 159, 937, 926, 919]"
5840,"[1704, 1836, 1873, 1832, 1705]"
5841,"[1526, 1793, 1899, 1789, 1906]"
5842,"[219, 1046, 59, 281, 1746]"
5843,"[1344, 1032, 419, 1249, 1915]"
5844,"[937, 1936, 1025, 1935, 926]"
5845,"[1906, 1528, 1916, 1588, 921]"
5846,"[1936, 1752, 926, 1704, 1705]"
5847,"[1704, 1906, 1705, 1873, 1836]"
5848,"[1649, 1666, 1704, 1705, 1752]"
5849,"[1704, 1705, 796, 1043, 1906]"
5850,"[1792, 1790, 1789, 1791, 1793]"
5851,"[377, 1704, 1705, 1752, 1733]"
5852,"[1915, 1906, 1588, 1030, 1899]"
5853,"[1885, 455, 1936, 1086, 1904]"
5854,"[1704, 1705, 1825, 1873, 1836]"
5855,"[1915, 1025, 1906, 921, 885]"
5856,"[1936, 1906, 919, 1025, 1915]"
5857,"[1008, 1590, 1936, 1014, 823]"
5858,"[1916, 1906, 1676, 1936, 1928]"
5859,"[1917, 408, 455, 116, 1584]"
5860,"[1705, 1704, 1618, 1193, 1752]"
5861,"[1863, 1915, 1704, 1705, 530]"
5862,"[1906, 1704, 1705, 1592, 114]"
5863,"[1936, 1277, 1733, 1086, 412]"
5864,"[1915, 1861, 98, 1775, 1761]"
5865,"[1916, 926, 410, 1202, 900]"
5866,"[1086, 1178, 1690, 1148, 1936]"
5867,"[1916, 1202, 410, 289, 901]"
5868,"[1936, 1705, 1249, 1704, 1676]"
5869,"[1936, 1935, 1752, 1704, 1705]"
5870,"[1906, 1030, 1588, 1916, 1529]"
5871,"[1906, 1704, 1299, 1705, 1528]"
5872,"[1025, 159, 937, 919, 926]"
5873,"[677, 1588, 219, 376, 1906]"
5874,"[1025, 1792, 1793, 1764, 1790]"
5875,"[1793, 1025, 1753, 1792, 1764]"
5876,"[1906, 430, 1528, 1704, 1705]"
5877,"[1086, 1906, 1936, 1928, 758]"
5878,"[1936, 1915, 919, 1277, 162]"
5879,"[1936, 1063, 1733, 1788, 1792]"
5880,"[736, 350, 151, 1638, 1649]"
5881,"[1033, 928, 736, 257, 924]"
5882,"[1762, 1063, 1114, 1617, 1629]"
5883,"[732, 729, 913, 151, 350]"
5884,"[924, 331, 972, 927, 892]"
5885,"[862, 1033, 1029, 937, 159]"
5886,"[162, 919, 175, 164, 925]"
5887,"[1733, 216, 1788, 1789, 412]"
5888,"[1205, 736, 1607, 734, 1649]"
5889,"[1915, 1042, 1924, 1716, 419]"
5890,"[862, 1627, 164, 1025, 1193]"
5891,"[1588, 1529, 1906, 164, 190]"
5892,"[1786, 606, 862, 1603, 1787]"
5893,"[736, 969, 1649, 732, 207]"
5894,"[1052, 1046, 1924, 149, 1915]"
5895,"[1788, 618, 1789, 1790, 216]"
5896,"[165, 1676, 164, 1025, 1900]"
5897,"[1584, 1649, 736, 1705, 719]"
5898,"[1587, 128, 1788, 89, 412]"
5899,"[164, 165, 1025, 421, 1618]"
5900,"[862, 927, 1890, 1193, 175]"
5901,"[925, 408, 1050, 1035, 735]"
5902,"[1587, 165, 128, 1733, 1788]"
5903,"[349, 709, 924, 1670, 930]"
5904,"[924, 914, 175, 925, 1035]"
5905,"[162, 406, 919, 407, 419]"
5906,"[145, 190, 149, 914, 152]"
5907,"[924, 1704, 1030, 1039, 164]"
5908,"[1733, 408, 1762, 1758, 1788]"
5909,"[1917, 408, 350, 441, 440]"
5910,"[1704, 1705, 164, 1914, 1627]"
5911,"[927, 1924, 938, 935, 1363]"
5912,"[924, 1248, 604, 351, 1675]"
5913,"[1704, 1705, 261, 235, 233]"
5914,"[165, 28, 164, 1627, 1638]"
5915,"[886, 165, 164, 1025, 921]"
5916,"[1733, 164, 419, 919, 925]"
5917,"[1316, 1904, 736, 732, 1649]"
5918,"[1733, 216, 541, 1788, 1792]"
5919,"[1029, 1034, 737, 165, 175]"
5920,"[1587, 1193, 1025, 175, 937]"
5921,"[1793, 145, 179, 143, 913]"
5922,"[351, 1018, 1050, 918, 1033]"
5923,"[1704, 1016, 278, 274, 737]"
5924,"[1885, 1617, 371, 1619, 1588]"
5925,"[1902, 1591, 1900, 901, 1042]"
5926,"[1591, 1617, 1592, 1042, 1619]"
5927,"[1915, 1148, 455, 371, 408]"
5928,"[1907, 28, 1050, 24, 1680]"
5929,"[1704, 1753, 1705, 1052, 34]"
5930,"[1915, 1792, 641, 1752, 1786]"
5931,"[921, 1042, 1591, 1590, 165]"
5932,"[1030, 1915, 1042, 1591, 1924]"
5933,"[1915, 1042, 927, 1673, 892]"
5934,"[28, 618, 125, 24, 1659]"
5935,"[1154, 1026, 165, 1042, 411]"
5936,"[903, 1753, 1636, 370, 1033]"
5937,"[1742, 216, 1543, 1564, 1532]"
5938,"[1704, 317, 1263, 887, 1705]"
5939,"[1591, 1592, 1042, 165, 1590]"
5940,"[1022, 835, 1705, 1704, 1733]"
5941,"[1676, 647, 1619, 89, 29]"
5942,"[419, 1705, 1704, 1915, 1932]"
5943,"[1900, 1915, 1902, 885, 1917]"
5944,"[1915, 1042, 1030, 1193, 216]"
5945,"[1042, 921, 1591, 1193, 165]"
5946,"[1193, 1704, 1909, 1752, 1705]"
5947,"[1915, 618, 659, 1050, 1680]"
5948,"[965, 210, 141, 954, 195]"
5949,"[1041, 1042, 165, 937, 159]"
5950,"[28, 1705, 24, 1592, 1536]"
5951,"[1042, 1592, 1591, 1590, 921]"
5952,"[28, 868, 1748, 959, 24]"
5953,"[1917, 359, 1054, 1915, 216]"
5954,"[1900, 1902, 1917, 1045, 1042]"
5955,"[1592, 1828, 1837, 1833, 1915]"
5956,"[1591, 114, 408, 927, 1042]"
5957,"[1606, 1029, 1135, 212, 1026]"
5958,"[1733, 408, 412, 320, 165]"
5959,"[1900, 1042, 1917, 1591, 1045]"
5960,"[164, 165, 163, 919, 931]"
5961,"[1602, 1042, 291, 925, 928]"
5962,"[1836, 1873, 1832, 1733, 1234]"
5963,"[1828, 1833, 1837, 1704, 1863]"
5964,"[1915, 692, 1049, 1037, 1030]"
5965,"[887, 1041, 1026, 1637, 670]"
5966,"[1915, 921, 164, 938, 306]"
5967,"[1900, 1915, 1916, 1902, 359]"
5968,"[1157, 1014, 1592, 1929, 886]"
5969,"[1049, 380, 1042, 1154, 1030]"
5970,"[430, 1935, 1929, 1148, 914]"
5971,"[150, 1488, 1205, 1202, 410]"
5972,"[1750, 1272, 1202, 410, 455]"
5973,"[550, 1409, 1929, 1592, 55]"
5974,"[1705, 1043, 796, 1592, 1704]"
5975,"[1043, 1051, 1014, 1620, 673]"
5976,"[1608, 1607, 1014, 1896, 1517]"
5977,"[89, 455, 612, 1704, 1255]"
5978,"[1705, 543, 1704, 1014, 55]"
5979,"[1911, 1924, 1646, 981, 213]"
5980,"[1157, 1607, 921, 1896, 1592]"
5981,"[427, 1705, 543, 1704, 1014]"
5982,"[1915, 1043, 1157, 1051, 673]"
5983,"[1072, 1704, 1042, 886, 1705]"
5984,"[1014, 1929, 55, 1704, 1705]"
5985,"[1592, 1704, 1705, 270, 1929]"
5986,"[1051, 1043, 1620, 936, 1520]"
5987,"[261, 267, 266, 239, 238]"
5988,"[1733, 58, 57, 54, 1567]"
5989,"[875, 1795, 1608, 1517, 1014]"
5990,"[440, 1014, 55, 308, 307]"
5991,"[823, 89, 728, 1666, 1649]"
5992,"[1014, 1157, 886, 1607, 1613]"
5993,"[1915, 1043, 34, 1620, 1520]"
5994,"[1411, 1705, 1704, 1073, 1929]"
5995,"[543, 1014, 1705, 692, 1658]"
5996,"[230, 1686, 351, 1805, 55]"
5997,"[1705, 1704, 1042, 1193, 55]"
5998,"[55, 1014, 377, 1490, 1929]"
5999,"[1163, 643, 1164, 1692, 607]"
6000,"[1014, 55, 1705, 1929, 1053]"
6001,"[1592, 1590, 1042, 1924, 1591]"
6002,"[1014, 55, 1929, 1704, 1705]"
6003,"[1608, 1517, 1607, 1896, 1157]"
6004,"[1033, 1029, 164, 165, 175]"
6005,"[543, 1929, 1511, 1705, 1590]"
6006,"[1592, 1933, 1154, 1207, 1918]"
6007,"[478, 1704, 1406, 55, 1014]"
6008,"[1043, 692, 257, 1592, 1896]"
6009,"[1042, 1607, 885, 1705, 175]"
6010,"[812, 1014, 1613, 1894, 455]"
6011,"[1929, 89, 29, 1676, 55]"
6012,"[1299, 1815, 919, 925, 938]"
6013,"[261, 267, 266, 239, 238]"
6014,"[886, 1042, 368, 862, 1193]"
6015,"[1792, 1789, 1787, 1786, 1899]"
6016,"[1055, 1052, 259, 1325, 1699]"
6017,"[862, 965, 886, 1648, 1149]"
6018,"[862, 965, 368, 886, 1055]"
6019,"[1828, 1833, 1837, 1843, 1851]"
6020,"[222, 1047, 1055, 150, 153]"
6021,"[933, 1809, 1053, 1193, 1617]"
6022,"[1704, 530, 1705, 896, 216]"
6023,"[1053, 1873, 1836, 1850, 1851]"
6024,"[933, 1809, 1704, 1705, 1752]"
6025,"[1737, 274, 1049, 886, 208]"
6026,"[261, 267, 266, 239, 238]"
6027,"[982, 213, 211, 985, 212]"
6028,"[282, 66, 1924, 1738, 1697]"
6029,"[1042, 937, 159, 175, 165]"
6030,"[1055, 1037, 1677, 261, 1874]"
6031,"[1055, 1052, 980, 985, 982]"
6032,"[933, 1809, 1705, 1193, 1704]"
6033,"[1153, 1049, 720, 919, 176]"
6034,"[1495, 1705, 1704, 1826, 510]"
6035,"[1055, 980, 259, 211, 1697]"
6036,"[1047, 1867, 1858, 1421, 523]"
6037,"[1055, 1704, 1705, 1909, 1752]"
6038,"[261, 1002, 232, 236, 1003]"
6039,"[1055, 925, 216, 1495, 1042]"
6040,"[271, 1205, 1742, 1549, 1551]"
6041,"[1924, 259, 1055, 209, 787]"
6042,"[1055, 925, 1495, 1620, 1030]"
6043,"[1863, 1833, 1837, 1828, 1812]"
6044,"[1617, 1810, 1706, 1821, 1816]"
6045,"[916, 145, 988, 143, 964]"
6046,"[261, 1617, 267, 266, 239]"
6047,"[1617, 1815, 165, 919, 938]"
6048,"[1809, 933, 1053, 1849, 1617]"
6049,"[1049, 1065, 1699, 213, 982]"
6050,"[1055, 259, 1049, 211, 982]"
6051,"[259, 224, 1317, 1153, 261]"
6052,"[1053, 661, 408, 1873, 1836]"
6053,"[452, 1300, 403, 647, 1705]"
6054,"[677, 886, 368, 1193, 1042]"
6055,"[1917, 1900, 408, 1832, 1604]"
6056,"[1029, 164, 165, 1027, 921]"
6057,"[1742, 599, 593, 597, 595]"
6058,"[976, 206, 998, 972, 969]"
6059,"[403, 372, 765, 751, 1202]"
6060,"[1560, 990, 1760, 147, 1046]"
6061,"[1026, 1046, 969, 976, 1590]"
6062,"[1026, 79, 1659, 1072, 1832]"
6063,"[1863, 1023, 398, 90, 1290]"
6064,"[1915, 1935, 1916, 1528, 1560]"
6065,"[1863, 1935, 927, 1828, 1833]"
6066,"[885, 1026, 1704, 1705, 1752]"
6067,"[1037, 1027, 1923, 1752, 1041]"
6068,"[677, 163, 212, 1042, 108]"
6069,"[677, 163, 1924, 212, 1042]"
6070,"[885, 1193, 1026, 159, 921]"
6071,"[1026, 1746, 719, 724, 969]"
6072,"[1863, 1023, 1861, 1003, 236]"
6073,"[371, 938, 1863, 1148, 1704]"
6074,"[921, 1046, 1042, 938, 1026]"
6075,"[1915, 1929, 1863, 1935, 927]"
6076,"[1029, 1202, 410, 1026, 1755]"
6077,"[1915, 496, 1705, 1704, 1752]"
6078,"[637, 653, 657, 656, 633]"
6079,"[1026, 1046, 969, 976, 1590]"
6080,"[1042, 1030, 89, 1705, 1704]"
6081,"[1053, 938, 921, 159, 937]"
6082,"[1023, 398, 1290, 1861, 1863]"
6083,"[1915, 1027, 1030, 164, 139]"
6084,"[1924, 1026, 1511, 1756, 1549]"
6085,"[1704, 911, 1705, 1733, 1855]"
6086,"[1915, 1026, 1128, 1029, 1014]"
6087,"[1053, 938, 921, 159, 937]"
6088,"[1306, 1924, 1073, 673, 1704]"
6089,"[1304, 1825, 1760, 1761, 258]"
6090,"[1704, 1760, 1884, 1705, 1761]"
6091,"[1742, 1705, 1704, 1489, 1564]"
6092,"[1523, 1019, 1705, 1825, 1191]"
6093,"[275, 350, 1924, 273, 277]"
6094,"[1704, 164, 673, 258, 1133]"
6095,"[1926, 1273, 1705, 1274, 1825]"
6096,"[1705, 1704, 692, 1680, 1049]"
6097,"[1833, 1837, 1828, 1822, 1821]"
6098,"[1924, 1937, 1705, 478, 1553]"
6099,"[1704, 1705, 1442, 1591, 1607]"
6100,"[1249, 1273, 900, 1926, 783]"
6101,"[1704, 1705, 1900, 1761, 1760]"
6102,"[1924, 478, 116, 1677, 89]"
6103,"[116, 440, 1112, 680, 692]"
6104,"[116, 1677, 125, 114, 455]"
6105,"[368, 98, 97, 96, 1825]"
6106,"[333, 1705, 1556, 1825, 1919]"
6107,"[1902, 1900, 1676, 114, 1704]"
6108,"[455, 113, 89, 125, 689]"
6109,"[1821, 1822, 1833, 1837, 1851]"
6110,"[332, 164, 454, 1124, 347]"
6111,"[1772, 1304, 777, 1302, 1704]"
6112,"[1721, 258, 1760, 887, 1576]"
6113,"[1704, 409, 1760, 1191, 1172]"
6114,"[275, 274, 273, 277, 279]"
6115,"[887, 1705, 1704, 692, 1760]"
6116,"[478, 1697, 412, 1696, 1924]"
6117,"[842, 1705, 1192, 1808, 1704]"
6118,"[1704, 706, 1705, 711, 1272]"
6119,"[383, 371, 807, 1147, 1705]"
6120,"[1924, 1772, 777, 782, 1808]"
6121,"[1896, 1608, 1607, 1517, 1157]"
6122,"[60, 1704, 1618, 125, 1073]"
6123,"[280, 275, 274, 279, 114]"
6124,"[443, 437, 1721, 379, 351]"
6125,"[1761, 1760, 1884, 1704, 1705]"
6126,"[1904, 1607, 401, 18, 1599]"
6127,"[1133, 324, 321, 320, 1128]"
6128,"[258, 1192, 1133, 1705, 1121]"
6129,"[717, 1187, 1721, 605, 603]"
6130,"[455, 116, 414, 368, 1704]"
6131,"[1697, 862, 1618, 1825, 1696]"
6132,"[281, 1704, 458, 1760, 1761]"
6133,"[1742, 1547, 1551, 1549, 1541]"
6134,"[1924, 1122, 7, 1705, 263]"
6135,"[1902, 1180, 1552, 325, 1071]"
6136,"[1760, 1296, 1705, 1761, 1680]"
6137,"[1134, 1705, 1163, 1192, 1752]"
6138,"[665, 793, 654, 102, 658]"
6139,"[1863, 1935, 927, 441, 430]"
6140,"[477, 629, 665, 1022, 749]"
6141,"[1915, 405, 402, 1299, 1705]"
6142,"[1902, 408, 1900, 1588, 1917]"
6143,"[137, 154, 138, 1246, 18]"
6144,"[164, 1628, 1176, 276, 409]"
6145,"[1815, 1795, 1841, 1839, 1838]"
6146,"[1902, 1617, 292, 1615, 97]"
6147,"[46, 1705, 681, 954, 1704]"
6148,"[1863, 1906, 1935, 927, 1528]"
6149,"[1704, 601, 644, 1194, 46]"
6150,"[279, 274, 277, 649, 689]"
6151,"[1320, 420, 126, 96, 1704]"
6152,"[1863, 1935, 927, 1833, 1828]"
6153,"[171, 131, 1155, 382, 1704]"
6154,"[1902, 1915, 1552, 1900, 1543]"
6155,"[46, 1662, 1915, 216, 1908]"
6156,"[1863, 1935, 430, 1041, 927]"
6157,"[171, 281, 1155, 1615, 665]"
6158,"[616, 710, 280, 656, 1752]"
6159,"[1902, 1552, 1915, 1763, 677]"
6160,"[1524, 1559, 1525, 1041, 1752]"
6161,"[665, 171, 102, 409, 1155]"
6162,"[335, 1275, 1068, 1704, 1705]"
6163,"[677, 1861, 1023, 376, 398]"
6164,"[1598, 1863, 1935, 927, 96]"
6165,"[164, 98, 96, 97, 102]"
6166,"[1915, 1155, 1137, 1705, 1704]"
6167,"[1163, 1727, 1626, 277, 216]"
6168,"[1163, 114, 89, 1705, 1192]"
6169,"[1837, 1833, 1828, 1863, 1935]"
6170,"[1201, 1701, 667, 749, 1789]"
6171,"[1863, 1935, 430, 1936, 1256]"
6172,"[1036, 1915, 97, 96, 1924]"
6173,"[1902, 409, 1552, 1201, 98]"
6174,"[97, 96, 409, 1201, 1700]"
6175,"[43, 1762, 1761, 1705, 1924]"
6176,"[313, 865, 1747, 863, 118]"
6177,"[865, 863, 1747, 118, 677]"
6178,"[1923, 118, 314, 313, 863]"
6179,"[1119, 314, 427, 118, 1115]"
6180,"[1299, 171, 865, 863, 1747]"
6181,"[865, 863, 1747, 314, 59]"
6182,"[314, 1923, 1742, 1747, 863]"
6183,"[314, 1704, 1705, 865, 1747]"
6184,"[314, 313, 118, 865, 1747]"
6185,"[863, 1747, 865, 313, 1923]"
6186,"[1662, 863, 1900, 865, 1598]"
6187,"[1923, 865, 863, 1747, 677]"
6188,"[863, 1747, 865, 1923, 118]"
6189,"[863, 1747, 865, 1923, 118]"
6190,"[314, 118, 865, 863, 1747]"
6191,"[692, 1747, 863, 865, 1915]"
6192,"[1027, 447, 361, 1273, 1147]"
6193,"[528, 1507, 1434, 1695, 538]"
6194,"[1747, 863, 865, 1923, 118]"
6195,"[1932, 466, 190, 1116, 364]"
6196,"[865, 1747, 863, 314, 1923]"
6197,"[1747, 863, 865, 118, 59]"
6198,"[1117, 1116, 314, 1923, 1742]"
6199,"[865, 1747, 863, 1598, 314]"
6200,"[1747, 865, 863, 1655, 339]"
6201,"[314, 865, 1747, 863, 118]"
6202,"[1747, 863, 865, 118, 114]"
6203,"[1923, 313, 314, 1674, 866]"
6204,"[1863, 1922, 1897, 1828, 1833]"
6205,"[1713, 1722, 688, 1544, 686]"
6206,"[314, 1923, 863, 1747, 865]"
6207,"[314, 863, 865, 1598, 1747]"
6208,"[863, 865, 1747, 313, 314]"
6209,"[655, 265, 367, 1755, 1923]"
6210,"[447, 1273, 171, 1193, 361]"
6211,"[904, 865, 1747, 863, 118]"
6212,"[265, 341, 1073, 926, 1620]"
6213,"[863, 1747, 865, 314, 313]"
6214,"[314, 1913, 1912, 903, 650]"
6215,"[59, 865, 1747, 863, 118]"
6216,"[863, 1747, 314, 865, 1923]"
6217,"[1598, 863, 1747, 865, 1608]"
6218,"[314, 863, 1923, 865, 1747]"
6219,"[528, 1507, 1924, 1434, 538]"
6220,"[455, 926, 125, 862, 1567]"
6221,"[1567, 1192, 372, 455, 114]"
6222,"[455, 1567, 1733, 412, 1788]"
6223,"[455, 454, 1567, 1705, 1192]"
6224,"[1758, 1762, 1705, 454, 16]"
6225,"[455, 1636, 1567, 16, 1697]"
6226,"[455, 1157, 1567, 778, 1177]"
6227,"[1567, 1880, 1704, 16, 114]"
6228,"[829, 837, 130, 276, 1637]"
6229,"[1705, 1704, 1760, 1758, 900]"
6230,"[455, 1567, 16, 114, 1191]"
6231,"[455, 1618, 1897, 1567, 125]"
6232,"[16, 1544, 1722, 688, 1915]"
6233,"[1726, 390, 455, 1191, 692]"
6234,"[1567, 455, 16, 114, 372]"
6235,"[926, 1617, 1655, 1705, 900]"
6236,"[1191, 1567, 390, 1726, 1534]"
6237,"[1617, 1705, 1704, 926, 455]"
6238,"[496, 1899, 1704, 455, 114]"
6239,"[1884, 1899, 900, 124, 1705]"
6240,"[1617, 926, 919, 1704, 1025]"
6241,"[455, 1617, 1567, 16, 114]"
6242,"[1929, 455, 1636, 535, 1567]"
6243,"[1191, 1704, 1726, 1705, 1567]"
6244,"[825, 1277, 1567, 16, 926]"
6245,"[1705, 1760, 1761, 1191, 1704]"
6246,"[455, 1929, 1567, 535, 1899]"
6247,"[1704, 390, 455, 1761, 454]"
6248,"[1191, 1567, 926, 16, 1726]"
6249,"[1915, 1567, 1705, 114, 1760]"
6250,"[455, 1929, 535, 1567, 1191]"
6251,"[1157, 455, 1907, 1884, 462]"
6252,"[1863, 1567, 1192, 1935, 1023]"
6253,"[1704, 1705, 1924, 1567, 16]"
6254,"[1880, 1924, 1705, 1704, 1567]"
6255,"[455, 1760, 1761, 1567, 1704]"
6256,"[1795, 1705, 1704, 505, 1884]"
6257,"[1929, 1922, 1897, 455, 535]"
6258,"[1567, 507, 1880, 114, 16]"
6259,"[1704, 718, 1705, 114, 876]"
6260,"[455, 1617, 292, 1191, 1722]"
6261,"[1899, 114, 1526, 1924, 1567]"
6262,"[114, 1567, 16, 1318, 455]"
6263,"[507, 1899, 1636, 16, 1705]"
6264,"[1188, 1671, 1714, 372, 1613]"
6265,"[1896, 1607, 1157, 1608, 1613]"
6266,"[372, 762, 368, 1627, 1905]"
6267,"[1636, 89, 29, 1676, 1619]"
6268,"[1301, 1924, 125, 452, 1300]"
6269,"[1067, 1907, 1567, 1705, 1769]"
6270,"[1567, 114, 1705, 1826, 1704]"
6271,"[368, 1067, 221, 108, 1011]"
6272,"[1567, 1704, 1705, 1202, 410]"
6273,"[361, 447, 1098, 1273, 1579]"
6274,"[1191, 1705, 1704, 1899, 1760]"
6275,"[1705, 1733, 216, 1760, 1704]"
6276,"[1705, 1704, 1769, 1760, 1768]"
6277,"[1068, 372, 1202, 410, 125]"
6278,"[1567, 1202, 410, 114, 1192]"
6279,"[1570, 1557, 108, 1721, 361]"
6280,"[1607, 1896, 1157, 1608, 1517]"
6281,"[1157, 368, 1113, 372, 455]"
6282,"[368, 372, 1896, 1704, 1705]"
6283,"[1905, 1627, 1907, 1527, 1616]"
6284,"[1567, 1618, 455, 1705, 1896]"
6285,"[1015, 1705, 1704, 1773, 1802]"
6286,"[368, 1567, 372, 683, 1704]"
6287,"[1191, 1193, 1338, 455, 1705]"
6288,"[1072, 372, 1157, 368, 683]"
6289,"[368, 1042, 886, 1915, 1567]"
6290,"[921, 410, 1202, 455, 1567]"
6291,"[1721, 114, 1567, 1705, 510]"
6292,"[1704, 1705, 1875, 511, 1809]"
6293,"[599, 593, 597, 595, 590]"
6294,"[259, 224, 1567, 441, 901]"
6295,"[1915, 1567, 1618, 1192, 1705]"
6296,"[1704, 1705, 1618, 164, 1193]"
6297,"[1072, 1063, 368, 216, 1721]"
6298,"[1063, 1896, 1904, 1704, 1613]"
6299,"[1704, 1705, 1777, 1765, 512]"
6300,"[677, 1567, 1880, 1578, 1580]"
6301,"[372, 368, 455, 752, 762]"
6302,"[455, 368, 1704, 1733, 1705]"
6303,"[1704, 1705, 511, 1809, 1872]"
6304,"[1896, 372, 1188, 1704, 1760]"
6305,"[1157, 1896, 1025, 1191, 1071]"
6306,"[1896, 1157, 1704, 1608, 1607]"
6307,"[1704, 372, 1607, 1705, 1808]"
6308,"[1704, 700, 1705, 1314, 1773]"
6309,"[1022, 349, 1155, 374, 1157]"
6310,"[1615, 1586, 1556, 1011, 726]"
6311,"[1021, 1627, 114, 89, 409]"
6312,"[1704, 1705, 257, 1348, 1733]"
6313,"[216, 306, 1019, 1088, 1615]"
6314,"[862, 120, 1697, 1696, 840]"
6315,"[1704, 1705, 223, 1875, 977]"
6316,"[269, 285, 1876, 1932, 69]"
6317,"[374, 1733, 1788, 1924, 1191]"
6318,"[1191, 455, 1586, 1556, 614]"
6319,"[1077, 1437, 1411, 1524, 1559]"
6320,"[631, 1059, 1600, 349, 374]"
6321,"[1155, 1059, 1884, 374, 455]"
6322,"[320, 207, 976, 206, 970]"
6323,"[1587, 1191, 547, 1193, 1886]"
6324,"[269, 285, 1442, 706, 1932]"
6325,"[1704, 454, 1705, 1023, 1121]"
6326,"[1702, 1705, 1704, 1155, 1738]"
6327,"[999, 272, 190, 1878, 1707]"
6328,"[547, 1191, 878, 1853, 1828]"
6329,"[269, 285, 1932, 1876, 69]"
6330,"[269, 969, 276, 971, 970]"
6331,"[306, 358, 1788, 1268, 216]"
6332,"[1155, 842, 433, 1627, 1886]"
6333,"[374, 1161, 349, 1155, 631]"
6334,"[969, 269, 276, 971, 207]"
6335,"[1828, 1833, 1837, 1863, 1935]"
6336,"[614, 868, 1037, 28, 20]"
6337,"[29, 1544, 125, 89, 28]"
6338,"[1697, 1696, 1156, 1618, 1248]"
6339,"[969, 443, 322, 968, 209]"
6340,"[269, 285, 1876, 1932, 69]"
6341,"[406, 1704, 216, 407, 1705]"
6342,"[1900, 1543, 1638, 443, 1615]"
6343,"[815, 1884, 1573, 1588, 640]"
6344,"[1586, 1615, 840, 306, 1556]"
6345,"[269, 285, 1876, 1932, 69]"
6346,"[1155, 1022, 1249, 1637, 1121]"
6347,"[1197, 1788, 361, 1792, 1733]"
6348,"[1135, 1787, 1603, 862, 1786]"
6349,"[1613, 969, 276, 207, 1191]"
6350,"[1099, 1102, 1627, 1905, 1554]"
6351,"[1001, 216, 441, 618, 408]"
6352,"[1116, 1157, 96, 1626, 1150]"
6353,"[1607, 1894, 1917, 1544, 1914]"
6354,"[890, 59, 216, 1646, 116]"
6355,"[1915, 478, 1752, 1607, 1257]"
6356,"[1299, 1019, 309, 1088, 599]"
6357,"[1924, 116, 1704, 1599, 1705]"
6358,"[1219, 1383, 409, 1762, 102]"
6359,"[409, 102, 937, 159, 1746]"
6360,"[1704, 1030, 1705, 1531, 1257]"
6361,"[1705, 1704, 1906, 1528, 511]"
6362,"[1872, 1835, 1255, 1506, 511]"
6363,"[677, 1915, 1899, 478, 216]"
6364,"[452, 403, 1300, 1697, 216]"
6365,"[1905, 1704, 1762, 1063, 1758]"
6366,"[1612, 677, 216, 1762, 1574]"
6367,"[1917, 1704, 1637, 1705, 692]"
6368,"[165, 868, 164, 425, 937]"
6369,"[1899, 106, 583, 507, 1471]"
6370,"[1900, 1915, 596, 598, 574]"
6371,"[102, 97, 96, 409, 106]"
6372,"[596, 598, 574, 600, 575]"
6373,"[1915, 890, 868, 164, 1907]"
6374,"[1160, 1155, 1900, 1646, 1891]"
6375,"[1225, 1281, 1322, 1705, 1324]"
6376,"[1704, 1752, 1705, 1902, 1762]"
6377,"[1762, 1758, 1705, 1704, 1063]"
6378,"[1758, 1762, 1704, 1914, 1705]"
6379,"[478, 1030, 1775, 1704, 1705]"
6380,"[1903, 1535, 320, 1636, 1113]"
6381,"[1900, 1789, 452, 1300, 1704]"
6382,"[1900, 1902, 1915, 1543, 1704]"
6383,"[1900, 1902, 1137, 1704, 1705]"
6384,"[1762, 216, 1704, 1758, 1705]"
6385,"[1704, 1705, 1137, 505, 1873]"
6386,"[1225, 1322, 1705, 1324, 1364]"
6387,"[454, 1721, 478, 1030, 1068]"
6388,"[1705, 1775, 1704, 1599, 478]"
6389,"[530, 1704, 1705, 896, 114]"
6390,"[1258, 1259, 1261, 1298, 1253]"
6391,"[515, 95, 1704, 1705, 511]"
6392,"[409, 102, 937, 159, 1746]"
6393,"[1574, 1914, 1704, 1758, 1762]"
6394,"[530, 1704, 1705, 896, 1279]"
6395,"[1148, 1704, 97, 868, 1705]"
6396,"[1279, 1704, 1705, 1746, 1750]"
6397,"[1690, 1279, 1272, 1236, 1295]"
6398,"[1394, 1417, 94, 1781, 498]"
6399,"[1279, 759, 1066, 1534, 1603]"
6400,"[1807, 1936, 1279, 1295, 1086]"
6401,"[1936, 1807, 294, 89, 1277]"
6402,"[677, 1704, 496, 376, 1705]"
6403,"[1787, 1279, 1603, 164, 1786]"
6404,"[1915, 1704, 1659, 1705, 1302]"
6405,"[486, 641, 823, 725, 1667]"
6406,"[1690, 1279, 94, 1285, 1781]"
6407,"[1677, 1705, 1704, 521, 1474]"
6408,"[1279, 1815, 1706, 1812, 1810]"
6409,"[1279, 216, 1495, 1055, 1118]"
6410,"[1178, 1271, 1637, 1928, 1091]"
6411,"[1279, 346, 386, 1080, 1087]"
6412,"[1279, 921, 1191, 884, 455]"
6413,"[1928, 1178, 1733, 1924, 1906]"
6414,"[1279, 1819, 1816, 1817, 1820]"
6415,"[1705, 1704, 1096, 1777, 1765]"
6416,"[1863, 42, 1368, 402, 1358]"
6417,"[1915, 1807, 1067, 1746, 116]"
6418,"[1807, 676, 690, 686, 1544]"
6419,"[1279, 1088, 1104, 1106, 1872]"
6420,"[1807, 1522, 1924, 1705, 1937]"
6421,"[1807, 851, 441, 363, 1104]"
6422,"[1705, 1704, 1677, 1474, 521]"
6423,"[677, 1279, 128, 402, 1129]"
6424,"[1279, 1936, 1884, 1277, 116]"
6425,"[1704, 1705, 208, 516, 969]"
6426,"[1273, 1274, 440, 1926, 447]"
6427,"[1807, 446, 128, 1608, 216]"
6428,"[359, 997, 55, 1672, 432]"
6429,"[1786, 1279, 862, 1603, 606]"
6430,"[10, 1750, 729, 732, 736]"
6431,"[1807, 1906, 1704, 1705, 1529]"
6432,"[1279, 1750, 1908, 73, 52]"
6433,"[73, 8, 3, 6, 2]"
6434,"[1285, 293, 1279, 437, 94]"
6435,"[1279, 1025, 1618, 159, 937]"
6436,"[1936, 1935, 1807, 1704, 1705]"
6437,"[1279, 1936, 1082, 1277, 1086]"
6438,"[1603, 862, 1279, 606, 1915]"
6439,"[1178, 1086, 1204, 1928, 1179]"
6440,"[440, 29, 1196, 89, 612]"
6441,"[1863, 1935, 1906, 927, 1837]"
6442,"[1249, 1733, 1318, 475, 1788]"
6443,"[1155, 1704, 1, 1179, 1199]"
6444,"[807, 478, 440, 1129, 1924]"
6445,"[1121, 29, 89, 1676, 1619]"
6446,"[1062, 692, 1123, 1599, 1313]"
6447,"[359, 116, 24, 164, 443]"
6448,"[8, 73, 1742, 936, 282]"
6449,"[1313, 677, 1541, 98, 46]"
6450,"[1545, 423, 1244, 868, 98]"
6451,"[1196, 1894, 1313, 1608, 492]"
6452,"[46, 1639, 409, 102, 891]"
6453,"[1704, 530, 1705, 896, 1643]"
6454,"[734, 726, 1650, 727, 1196]"
6455,"[1894, 1196, 1313, 1192, 1522]"
6456,"[1041, 1748, 1525, 1524, 1559]"
6457,"[1196, 1522, 1262, 1615, 1549]"
6458,"[128, 125, 901, 1900, 1304]"
6459,"[1650, 726, 727, 734, 1196]"
6460,"[624, 1638, 618, 114, 868]"
6461,"[1196, 1557, 1894, 1262, 1549]"
6462,"[1196, 1894, 734, 727, 726]"
6463,"[1052, 1, 1269, 1704, 1705]"
6464,"[1052, 1705, 1484, 1704, 1916]"
6465,"[966, 443, 1233, 914, 212]"
6466,"[1196, 1894, 1313, 1608, 492]"
6467,"[102, 409, 1639, 98, 1746]"
6468,"[1309, 459, 1617, 1549, 1272]"
6469,"[1646, 1615, 1586, 379, 1088]"
6470,"[1252, 417, 1544, 1543, 1253]"
6471,"[1196, 1522, 1262, 1615, 1549]"
6472,"[1100, 307, 1704, 1608, 308]"
6473,"[1196, 1522, 1549, 1262, 98]"
6474,"[1196, 1894, 1313, 1608, 492]"
6475,"[1313, 1894, 632, 1269, 417]"
6476,"[1522, 1480, 1704, 1343, 1196]"
6477,"[594, 1334, 1086, 930, 160]"
6478,"[1113, 29, 89, 1192, 1121]"
6479,"[1313, 4, 793, 163, 1746]"
6480,"[515, 1245, 1492, 1475, 518]"
6481,"[1608, 901, 363, 307, 1100]"
6482,"[1894, 1313, 1151, 1608, 492]"
6483,"[320, 464, 302, 90, 1753]"
6484,"[430, 927, 1936, 441, 290]"
6485,"[276, 1008, 430, 933, 1676]"
6486,"[1895, 1863, 1935, 927, 430]"
6487,"[865, 1747, 863, 1733, 1923]"
6488,"[1772, 1704, 1735, 1705, 884]"
6489,"[1188, 1187, 1114, 1338, 492]"
6490,"[1895, 1704, 89, 1705, 1089]"
6491,"[1895, 1935, 1936, 865, 863]"
6492,"[801, 1728, 1731, 1155, 1897]"
6493,"[1934, 341, 412, 1924, 1697]"
6494,"[734, 727, 726, 1650, 1314]"
6495,"[1015, 1759, 1287, 1764, 1705]"
6496,"[1287, 110, 1216, 1062, 1704]"
6497,"[505, 1905, 216, 1627, 430]"
6498,"[927, 1915, 1935, 1863, 430]"
6499,"[216, 647, 1681, 978, 281]"
6500,"[726, 727, 1650, 734, 1011]"
6501,"[1759, 1764, 1781, 1795, 1776]"
6502,"[955, 1277, 1705, 1760, 1759]"
6503,"[949, 1704, 1705, 705, 1733]"
6504,"[1771, 1704, 1757, 1776, 1705]"
6505,"[116, 1900, 1916, 1905, 977]"
6506,"[1863, 1935, 430, 927, 1772]"
6507,"[89, 29, 48, 113, 612]"
6508,"[1863, 1935, 927, 430, 1936]"
6509,"[133, 400, 1, 1565, 481]"
6510,"[441, 884, 1675, 29, 28]"
6511,"[107, 1756, 1704, 1705, 884]"
6512,"[1863, 1935, 430, 927, 1256]"
6513,"[1737, 1699, 1704, 1733, 276]"
6514,"[615, 1727, 884, 1636, 385]"
6515,"[1863, 1935, 927, 1895, 430]"
6516,"[381, 1704, 1921, 1705, 259]"
6517,"[1704, 1705, 1065, 1733, 257]"
6518,"[1863, 82, 107, 1935, 1905]"
6519,"[1733, 739, 1705, 1737, 1704]"
6520,"[1917, 263, 1062, 1114, 1001]"
6521,"[447, 1705, 1273, 1704, 361]"
6522,"[527, 1213, 1567, 1440, 523]"
6523,"[1185, 1731, 1732, 1727, 383]"
6524,"[1287, 1015, 746, 1877, 1570]"
6525,"[631, 624, 884, 460, 1070]"
6526,"[927, 1863, 1935, 430, 1833]"
6527,"[1895, 828, 996, 758, 765]"
6528,"[478, 1924, 1704, 1705, 1761]"
6529,"[1296, 1680, 1900, 1884, 1761]"
6530,"[478, 1924, 1434, 1704, 1705]"
6531,"[1733, 114, 1705, 1567, 455]"
6532,"[116, 1884, 1035, 786, 455]"
6533,"[1915, 361, 1066, 1038, 1884]"
6534,"[478, 163, 1924, 411, 1792]"
6535,"[1924, 478, 1884, 163, 51]"
6536,"[807, 1792, 1704, 478, 1705]"
6537,"[1884, 921, 455, 919, 163]"
6538,"[1884, 1910, 786, 462, 395]"
6539,"[125, 1733, 1915, 412, 1788]"
6540,"[16, 116, 1884, 455, 1306]"
6541,"[1884, 1567, 114, 462, 455]"
6542,"[478, 1704, 1924, 1705, 1197]"
6543,"[1915, 478, 1246, 216, 97]"
6544,"[677, 478, 1915, 216, 1924]"
6545,"[807, 1762, 361, 1246, 1137]"
6546,"[1884, 323, 388, 360, 1306]"
6547,"[1915, 478, 1924, 1884, 1902]"
6548,"[1884, 159, 937, 786, 1025]"
6549,"[1924, 1705, 1704, 1884, 114]"
6550,"[807, 114, 116, 125, 478]"
6551,"[1924, 1884, 51, 847, 1915]"
6552,"[1761, 1704, 1924, 1705, 478]"
6553,"[1924, 1705, 478, 1704, 1025]"
6554,"[1884, 361, 377, 1760, 1762]"
6555,"[1915, 1710, 368, 1704, 1192]"
6556,"[116, 1924, 478, 1884, 1025]"
6557,"[478, 1924, 1662, 1922, 1897]"
6558,"[1915, 116, 125, 455, 1884]"
6559,"[1246, 1558, 1552, 919, 1066]"
6560,"[1884, 259, 48, 1724, 1924]"
6561,"[1884, 786, 789, 1910, 455]"
6562,"[1900, 1902, 1917, 1705, 1704]"
6563,"[478, 1924, 922, 921, 1884]"
6564,"[1705, 1704, 1063, 478, 1924]"
6565,"[478, 1924, 1705, 1704, 159]"
6566,"[1924, 478, 116, 1884, 1197]"
6567,"[478, 1924, 1884, 1705, 1704]"
6568,"[361, 1915, 216, 1762, 360]"
6569,"[1884, 1705, 921, 1773, 1704]"
6570,"[1704, 114, 1705, 1567, 455]"
6571,"[98, 102, 478, 1197, 1191]"
6572,"[96, 97, 361, 98, 1760]"
6573,"[478, 1924, 1705, 159, 937]"
6574,"[1434, 1932, 1772, 1877, 190]"
6575,"[446, 1760, 361, 1762, 818]"
6576,"[1776, 1757, 1785, 446, 90]"
6577,"[1705, 1773, 1704, 1197, 296]"
6578,"[1705, 1704, 1187, 1924, 383]"
6579,"[478, 1704, 1760, 1762, 1758]"
6580,"[1607, 1896, 441, 138, 257]"
6581,"[18, 1904, 336, 114, 1434]"
6582,"[1784, 921, 412, 411, 678]"
6583,"[1884, 1924, 1704, 786, 1705]"
6584,"[1915, 1705, 1733, 1788, 1704]"
6585,"[1884, 1924, 786, 1705, 1704]"
6586,"[1705, 1704, 89, 1773, 116]"
6587,"[1704, 1705, 1581, 1605, 1610]"
6588,"[1705, 1773, 1704, 1855, 136]"
6589,"[114, 1705, 1773, 1704, 1321]"
6590,"[1915, 1704, 1705, 1011, 1924]"
6591,"[1434, 1544, 1562, 787, 306]"
6592,"[216, 361, 446, 1762, 1915]"
6593,"[784, 1555, 1617, 292, 1087]"
6594,"[409, 102, 98, 1884, 1627]"
6595,"[934, 164, 938, 931, 925]"
6596,"[1762, 1617, 292, 1704, 1705]"
6597,"[1704, 1202, 410, 1705, 162]"
6598,"[1777, 1765, 1704, 1705, 1763]"
6599,"[1704, 1705, 1809, 1832, 1873]"
6600,"[292, 116, 125, 455, 618]"
6601,"[324, 361, 1159, 1705, 1704]"
6602,"[1148, 371, 1762, 924, 1758]"
6603,"[1762, 1758, 1655, 292, 1760]"
6604,"[1928, 1906, 1025, 937, 159]"
6605,"[937, 1635, 915, 164, 175]"
6606,"[98, 89, 96, 97, 1924]"
6607,"[937, 1617, 1762, 1915, 292]"
6608,"[1704, 1705, 162, 1104, 919]"
6609,"[1704, 1705, 114, 1777, 1765]"
6610,"[1915, 1705, 926, 1936, 1277]"
6611,"[926, 289, 885, 823, 1704]"
6612,"[1705, 1704, 282, 1809, 511]"
6613,"[1915, 1762, 1758, 1705, 1704]"
6614,"[1915, 1704, 1705, 511, 501]"
6615,"[292, 1762, 1617, 1758, 1760]"
6616,"[1705, 1704, 926, 1618, 1617]"
6617,"[1928, 289, 1705, 1906, 438]"
6618,"[937, 159, 1025, 926, 919]"
6619,"[408, 1915, 455, 114, 618]"
6620,"[1704, 1705, 162, 919, 931]"
6621,"[868, 1748, 1071, 1080, 408]"
6622,"[926, 1704, 1705, 162, 885]"
6623,"[938, 1555, 925, 758, 735]"
6624,"[1618, 1825, 175, 926, 242]"
6625,"[1704, 1705, 162, 919, 931]"
6626,"[925, 935, 1915, 175, 735]"
6627,"[1915, 359, 1043, 998, 1705]"
6628,"[1915, 1618, 1917, 938, 925]"
6629,"[1915, 1618, 165, 937, 1746]"
6630,"[1677, 760, 165, 1550, 926]"
6631,"[1618, 1627, 175, 937, 165]"
6632,"[1915, 409, 924, 926, 1025]"
6633,"[1550, 159, 937, 1742, 926]"
6634,"[1618, 1705, 1704, 1904, 926]"
6635,"[1704, 1705, 162, 919, 934]"
6636,"[1567, 825, 1549, 1001, 1551]"
6637,"[356, 862, 212, 979, 982]"
6638,"[381, 1001, 739, 842, 383]"
6639,"[412, 1697, 825, 1924, 7]"
6640,"[825, 443, 1549, 1001, 1551]"
6641,"[385, 1167, 825, 556, 1762]"
6642,"[16, 1113, 455, 1762, 1551]"
6643,"[825, 1326, 1292, 1001, 1549]"
6644,"[408, 455, 412, 125, 1924]"
6645,"[120, 1924, 1634, 1733, 1633]"
6646,"[1924, 89, 1184, 1704, 1705]"
6647,"[120, 1634, 218, 65, 217]"
6648,"[1832, 1052, 1590, 197, 1071]"
6649,"[811, 1915, 1807, 1066, 289]"
6650,"[1643, 1355, 1309, 460, 311]"
6651,"[1917, 1915, 1902, 1526, 1899]"
6652,"[1561, 677, 1915, 641, 1863]"
6653,"[1902, 102, 98, 97, 96]"
6654,"[1636, 455, 1567, 114, 16]"
6655,"[1904, 1905, 1627, 43, 1587]"
6656,"[925, 1902, 983, 1700, 46]"
6657,"[106, 1705, 1704, 1567, 1904]"
6658,"[1647, 785, 1197, 1897, 1922]"
6659,"[762, 403, 765, 751, 1202]"
6660,"[1929, 1592, 1191, 276, 1636]"
6661,"[1705, 1704, 1193, 1752, 1924]"
6662,"[452, 403, 1300, 1704, 1705]"
6663,"[1705, 1704, 289, 1904, 1424]"
6664,"[113, 1627, 1905, 1907, 1924]"
6665,"[138, 216, 212, 108, 1915]"
6666,"[1704, 1705, 1618, 1768, 1775]"
6667,"[441, 1863, 1828, 1833, 1837]"
6668,"[1042, 1045, 1915, 1591, 212]"
6669,"[98, 102, 97, 96, 1313]"
6670,"[265, 1704, 1705, 1296, 213]"
6671,"[1781, 1782, 849, 1798, 716]"
6672,"[1627, 927, 165, 1598, 1587]"
6673,"[1721, 1570, 361, 1704, 1705]"
6674,"[1747, 863, 865, 314, 59]"
6675,"[1828, 1833, 1837, 1935, 1915]"
6676,"[1705, 1704, 1904, 1424, 289]"
6677,"[1614, 1705, 1137, 1277, 1704]"
6678,"[1937, 126, 1924, 1705, 1815]"
6679,"[1063, 138, 175, 1615, 1035]"
6680,"[707, 394, 1915, 370, 927]"
6681,"[1915, 1900, 116, 408, 1917]"
6682,"[692, 1747, 863, 865, 1915]"
6683,"[125, 1702, 423, 1244, 124]"
6684,"[1915, 528, 333, 1507, 1861]"
6685,"[89, 901, 114, 322, 890]"
6686,"[667, 291, 1752, 1708, 1878]"
6687,"[1915, 1704, 1705, 1793, 1789]"
6688,"[1043, 419, 1705, 1704, 1760]"
6689,"[665, 629, 1705, 658, 1028]"
6690,"[1936, 1807, 294, 89, 1277]"
6691,"[535, 1567, 1496, 16, 114]"
6692,"[314, 528, 1507, 1434, 538]"
6693,"[150, 1605, 1604, 1754, 1606]"
6694,"[292, 1617, 1924, 1722, 1762]"
6695,"[1704, 1705, 1760, 1758, 1761]"
6696,"[902, 403, 885, 919, 928]"
6697,"[1137, 1030, 138, 1560, 1042]"
6698,"[1828, 1906, 1837, 1833, 1863]"
6699,"[1677, 1929, 165, 1592, 1202]"
6700,"[1587, 868, 326, 331, 113]"
6701,"[125, 1915, 423, 1244, 677]"
6702,"[1915, 1030, 1042, 823, 1045]"
6703,"[1264, 431, 1760, 1081, 1761]"
6704,"[1900, 125, 360, 1244, 423]"
6705,"[1915, 937, 1924, 915, 952]"
6706,"[1915, 868, 1748, 171, 1536]"
6707,"[1733, 919, 164, 924, 175]"
6708,"[165, 260, 1046, 1017, 1029]"
6709,"[1915, 455, 1705, 1704, 505]"
6710,"[1924, 1937, 1705, 1704, 1677]"
6711,"[478, 116, 1924, 1915, 1676]"
6712,"[1193, 60, 1889, 1909, 1795]"
6713,"[291, 1070, 455, 1614, 1713]"
6714,"[261, 1188, 218, 233, 239]"
6715,"[1705, 1704, 1068, 1424, 289]"
6716,"[1670, 351, 930, 604, 1060]"
6717,"[1704, 1705, 89, 698, 1775]"
6718,"[677, 1884, 376, 919, 1910]"
6719,"[478, 163, 1924, 411, 1792]"
6720,"[261, 1788, 1787, 1053, 1809]"
6721,"[1462, 126, 1040, 301, 1875]"
6722,"[291, 1636, 1614, 438, 363]"
6723,"[1755, 1761, 1507, 528, 339]"
6724,"[1896, 1157, 1608, 1607, 1613]"
6725,"[1700, 1863, 1935, 927, 1828]"
6726,"[1201, 98, 96, 97, 102]"
6727,"[455, 1191, 1922, 1897, 1899]"
6728,"[938, 1158, 925, 935, 1030]"
6729,"[677, 1588, 219, 376, 1906]"
6730,"[618, 1296, 1900, 1680, 1760]"
6731,"[1705, 1704, 1406, 1733, 269]"
6732,"[1915, 1704, 1924, 478, 1041]"
6733,"[1915, 1659, 408, 116, 1259]"
6734,"[216, 1570, 372, 1915, 1875]"
6735,"[1916, 1030, 1178, 1928, 1906]"
6736,"[1902, 1915, 858, 406, 407]"
6737,"[1155, 1030, 241, 357, 1746]"
6738,"[368, 1098, 108, 1704, 455]"
6739,"[1567, 927, 1907, 1880, 114]"
6740,"[113, 1025, 926, 165, 164]"
6741,"[636, 1068, 824, 1886, 884]"
6742,"[1884, 786, 789, 455, 462]"
6743,"[1319, 259, 1875, 1153, 276]"
6744,"[1704, 1705, 1777, 1765, 636]"
6745,"[1889, 1707, 46, 131, 1118]"
6746,"[291, 1614, 1636, 1606, 363]"
6747,"[1704, 1705, 926, 1733, 1734]"
6748,"[1902, 409, 1552, 1118, 98]"
6749,"[1567, 114, 16, 1611, 1880]"
6750,"[1922, 1897, 1567, 1733, 1789]"
6751,"[1885, 1915, 96, 97, 98]"
6752,"[28, 24, 1114, 1694, 29]"
6753,"[1704, 1627, 1705, 1905, 1527]"
6754,"[1704, 171, 749, 1757, 1776]"
6755,"[1861, 1131, 1026, 1019, 1034]"
6756,"[125, 423, 1244, 1792, 1790]"
6757,"[1922, 1897, 919, 1025, 166]"
6758,"[1191, 692, 455, 1255, 1666]"
6759,"[1042, 289, 212, 165, 108]"
6760,"[164, 1746, 98, 96, 97]"
6761,"[863, 865, 1747, 313, 314]"
6762,"[276, 1704, 1705, 1516, 175]"
6763,"[1135, 1546, 1130, 1866, 1829]"
6764,"[120, 1733, 217, 1634, 218]"
6765,"[1538, 1556, 1518, 1543, 1536]"
6766,"[919, 925, 164, 928, 924]"
6767,"[89, 1914, 165, 164, 1025]"
6768,"[528, 1507, 1705, 1434, 1128]"
6769,"[1924, 921, 922, 98, 333]"
6770,"[216, 1148, 1705, 1915, 1704]"
6771,"[1704, 1705, 1131, 34, 1138]"
6772,"[28, 1904, 1191, 1489, 1532]"
6773,"[1069, 862, 396, 1697, 164]"
6774,"[1042, 712, 1070, 1073, 618]"
6775,"[1915, 692, 528, 1507, 1917]"
6776,"[396, 349, 605, 807, 603]"
6777,"[165, 1704, 1705, 1924, 164]"
6778,"[1552, 1541, 96, 97, 1313]"
6779,"[1055, 1929, 980, 1042, 89]"
6780,"[616, 136, 322, 1299, 1343]"
6781,"[665, 1028, 875, 182, 971]"
6782,"[665, 1705, 689, 1704, 649]"
6783,"[1742, 1544, 1564, 1489, 1554]"
6784,"[1706, 1925, 1702, 440, 1810]"
6785,"[430, 1828, 1833, 1837, 1935]"
6786,"[1613, 1542, 1530, 380, 363]"
6787,"[1705, 1724, 1704, 1193, 455]"
6788,"[1559, 618, 1087, 1136, 1059]"
6789,"[1924, 1434, 1704, 538, 1705]"
6790,"[1620, 1520, 1037, 1349, 1674]"
6791,"[1915, 927, 1891, 618, 7]"
6792,"[409, 1700, 98, 96, 97]"
6793,"[291, 1627, 1905, 1071, 681]"
6794,"[125, 423, 1244, 1702, 1704]"
6795,"[165, 1704, 1905, 1705, 1627]"
6796,"[1118, 1201, 1700, 1902, 749]"
6797,"[478, 1082, 1030, 289, 1257]"
6798,"[96, 97, 102, 409, 1219]"
6799,"[1917, 1073, 858, 1071, 1052]"
6800,"[1900, 116, 1902, 361, 114]"
6801,"[455, 454, 1308, 465, 463]"
6802,"[1915, 1434, 528, 1507, 538]"
6803,"[1275, 449, 1273, 447, 1760]"
6804,"[1923, 314, 118, 7, 864]"
6805,"[1902, 409, 164, 1700, 420]"
6806,"[1192, 1121, 1011, 645, 1544]"
6807,"[211, 1705, 913, 911, 1704]"
6808,"[1191, 700, 1534, 1740, 692]"
6809,"[1113, 1567, 455, 1704, 1705]"
6810,"[1904, 622, 1100, 308, 1267]"
6811,"[1705, 1704, 165, 164, 1855]"
6812,"[1902, 102, 97, 96, 98]"
6813,"[1088, 1098, 1902, 1903, 1535]"
6814,"[339, 978, 528, 727, 726]"
6815,"[1705, 1704, 1752, 1618, 1193]"
6816,"[1567, 888, 372, 1863, 1935]"
6817,"[1704, 1705, 511, 501, 1404]"
6818,"[1759, 458, 1556, 1538, 1752]"
6819,"[96, 97, 98, 1040, 164]"
6820,"[1246, 1878, 1707, 802, 3]"
6821,"[1922, 1897, 113, 1907, 89]"
6822,"[438, 1263, 1636, 1704, 432]"
6823,"[706, 711, 1134, 7, 922]"
6824,"[1279, 1936, 1277, 1086, 1295]"
6825,"[1618, 1733, 1704, 1705, 1788]"
6826,"[368, 372, 1570, 455, 862]"
6827,"[1163, 1165, 1758, 1705, 1760]"
6828,"[292, 1722, 455, 692, 454]"
6829,"[1531, 89, 478, 1030, 98]"
6830,"[1904, 938, 1489, 1890, 1532]"
6831,"[1252, 1705, 1704, 1752, 1253]"
6832,"[175, 1244, 423, 281, 209]"
6833,"[1915, 1137, 78, 453, 171]"
6834,"[1705, 1807, 1915, 1704, 530]"
6835,"[1704, 1705, 1890, 289, 1424]"
6836,"[1742, 1030, 1543, 1527, 1564]"
6837,"[1023, 398, 1290, 1861, 1863]"
6838,"[409, 1516, 102, 1700, 1746]"
6839,"[1037, 74, 1936, 1761, 351]"
6840,"[1863, 1023, 398, 90, 1290]"
6841,"[216, 278, 1057, 1915, 103]"
6842,"[1617, 1733, 1539, 1263, 1788]"
6843,"[1586, 1193, 1909, 164, 165]"
6844,"[1704, 1705, 1863, 1792, 1790]"
6845,"[1935, 1863, 927, 1936, 430]"
6846,"[1904, 1191, 1890, 819, 97]"
6847,"[1246, 276, 1878, 1707, 1008]"
6848,"[368, 372, 862, 455, 1567]"
6849,"[862, 368, 886, 455, 1202]"
6850,"[1915, 1713, 1526, 1704, 1705]"
6851,"[1896, 1608, 1517, 1607, 1618]"
6852,"[1704, 1705, 165, 589, 164]"
6853,"[1830, 79, 1831, 1254, 728]"
6854,"[1833, 1837, 1828, 164, 1935]"
6855,"[1148, 1704, 885, 1705, 1875]"
6856,"[732, 683, 943, 1649, 195]"
6857,"[417, 1193, 446, 1328, 1239]"
6858,"[1459, 1246, 1176, 1705, 1704]"
6859,"[1613, 1705, 1704, 1530, 1542]"
6860,"[1271, 1259, 1261, 1298, 1258]"
6861,"[125, 1702, 1690, 423, 1244]"
6862,"[89, 29, 414, 1619, 1676]"
6863,"[1915, 1279, 1936, 216, 114]"
6864,"[1704, 1705, 1618, 1909, 1028]"
6865,"[1039, 1930, 924, 1697, 1924]"
6866,"[125, 423, 1244, 1603, 1612]"
6867,"[1014, 1924, 1590, 735, 55]"
6868,"[165, 927, 1924, 1042, 1025]"
6869,"[1733, 216, 1639, 1697, 1070]"
6870,"[1902, 1713, 1552, 1700, 102]"
6871,"[1072, 372, 368, 1087, 454]"
6872,"[1118, 928, 924, 931, 934]"
6873,"[409, 1201, 420, 1199, 98]"
6874,"[477, 749, 1022, 1019, 349]"
6875,"[1772, 1304, 777, 1302, 1704]"
6876,"[1586, 1193, 1615, 1029, 289]"
6877,"[754, 1023, 89, 398, 1290]"
6878,"[1317, 1567, 259, 1604, 114]"
6879,"[1191, 1567, 16, 114, 1611]"
6880,"[102, 409, 1197, 446, 1129]"
6881,"[1752, 1753, 1755, 900, 1618]"
6882,"[1704, 1705, 1677, 521, 1499]"
6883,"[665, 1699, 1549, 98, 1541]"
6884,"[1591, 1902, 1900, 1592, 1042]"
6885,"[1705, 1704, 530, 503, 165]"
6886,"[1925, 1642, 107, 322, 1914]"
6887,"[1705, 1704, 1677, 1474, 1191]"
6888,"[1704, 1755, 1705, 1924, 1434]"
6889,"[1613, 1636, 901, 89, 216]"
6890,"[1704, 1705, 1567, 1618, 1894]"
6891,"[96, 97, 1899, 163, 1526]"
6892,"[1924, 1400, 361, 377, 1462]"
6893,"[1042, 1041, 446, 1763, 925]"
6894,"[1704, 1924, 478, 1705, 408]"
6895,"[120, 1634, 218, 65, 217]"
6896,"[1157, 1896, 1705, 1567, 1277]"
6897,"[1591, 1902, 1592, 1042, 1900]"
6898,"[1795, 1463, 1753, 1733, 1704]"
6899,"[1113, 1080, 1263, 887, 1911]"
6900,"[1705, 1704, 1072, 1768, 1775]"
6901,"[1567, 1704, 1705, 1769, 89]"
6902,"[1560, 1155, 1202, 410, 1552]"
6903,"[1704, 1705, 1761, 1760, 165]"
6904,"[3, 1860, 1864, 1868, 594]"
6905,"[90, 478, 1924, 1705, 1704]"
6906,"[1742, 1564, 1489, 1534, 1554]"
6907,"[1935, 1863, 927, 430, 441]"
6908,"[1524, 1525, 1752, 1197, 1559]"
6909,"[865, 1747, 863, 1923, 313]"
6910,"[1705, 1704, 1899, 1526, 165]"
6911,"[1201, 1701, 667, 749, 1789]"
6912,"[128, 1704, 1705, 1567, 1618]"
6913,"[1157, 1607, 921, 1896, 1592]"
6914,"[1059, 102, 1704, 1560, 409]"
6915,"[1762, 1924, 216, 1704, 1899]"
6916,"[1567, 165, 1705, 1733, 1704]"
6917,"[1615, 396, 605, 165, 919]"
6918,"[1909, 1068, 1904, 418, 98]"
6919,"[885, 1649, 727, 1915, 1924]"
6920,"[207, 1863, 209, 1861, 1855]"
6921,"[1807, 437, 1083, 1575, 4]"
6922,"[1889, 794, 1704, 46, 1145]"
6923,"[1157, 1704, 1613, 1896, 455]"
6924,"[1935, 1863, 1929, 1828, 927]"
6925,"[1567, 1705, 1030, 409, 1704]"
6926,"[125, 1244, 423, 1704, 98]"
6927,"[1915, 1676, 164, 1618, 1649]"
6928,"[368, 455, 1157, 1113, 862]"
6929,"[368, 372, 1607, 1705, 1762]"
6930,"[1905, 1627, 1907, 1527, 1745]"
6931,"[1066, 1556, 1538, 1547, 1531]"
6932,"[1902, 1552, 409, 1746, 97]"
6933,"[1902, 1863, 1935, 927, 430]"
6934,"[1761, 1760, 1699, 1758, 1762]"
6935,"[823, 1649, 730, 738, 731]"
6936,"[291, 1760, 1070, 1758, 1762]"
6937,"[477, 1022, 1167, 1729, 749]"
6938,"[528, 1507, 921, 1434, 538]"
6939,"[1119, 1041, 1676, 1027, 272]"
6940,"[1924, 1561, 1434, 921, 528]"
6941,"[1704, 1915, 1705, 1924, 1810]"
6942,"[1636, 1190, 1880, 1167, 438]"
6943,"[739, 1171, 734, 1650, 383]"
6944,"[1704, 1705, 1924, 478, 480]"
6945,"[1902, 1073, 102, 1757, 1776]"
6946,"[320, 1599, 697, 326, 1924]"
6947,"[1902, 1552, 1040, 1900, 1130]"
6948,"[820, 1773, 1910, 1705, 1704]"
6949,"[1705, 1617, 1704, 430, 1659]"
6950,"[1916, 1030, 1915, 1041, 1906]"
6951,"[98, 528, 1507, 921, 1041]"
6952,"[1201, 866, 96, 1320, 864]"
6953,"[820, 641, 446, 1704, 1157]"
6954,"[175, 165, 1658, 1896, 1822]"
6955,"[1926, 1746, 321, 165, 164]"
6956,"[1761, 1937, 1760, 1924, 1705]"
6957,"[162, 919, 924, 938, 928]"
6958,"[162, 919, 175, 164, 925]"
6959,"[97, 96, 98, 1201, 1700]"
6960,"[1922, 1897, 89, 1899, 113]"
6961,"[969, 443, 322, 968, 209]"
6962,"[89, 331, 128, 1896, 1733]"
6963,"[1204, 1567, 114, 1705, 1191]"
6964,"[332, 1640, 1567, 388, 1882]"
6965,"[1899, 164, 1193, 165, 937]"
6966,"[1915, 1438, 1343, 1299, 1369]"
6967,"[1904, 1071, 1890, 1924, 1191]"
6968,"[1705, 1704, 165, 688, 1251]"
6969,"[478, 1924, 159, 937, 1922]"
6970,"[1704, 1071, 1705, 1191, 1890]"
6971,"[1612, 1558, 937, 1025, 159]"
6972,"[409, 102, 96, 97, 1518]"
6973,"[1902, 420, 1040, 716, 125]"
6974,"[1627, 1071, 1905, 1527, 1699]"
6975,"[543, 1705, 1704, 1915, 1014]"
6976,"[1072, 683, 1705, 1760, 1704]"
6977,"[432, 403, 1636, 1924, 438]"
