q_id,web_list
1,"[1567, 16, 1607, 1704, 1705]"
2,"[1615, 1607, 98, 1904, 1192]"
3,"[116, 110, 1705, 1704, 1192]"
4,"[1632, 993, 1061, 223, 282]"
5,"[1639, 165, 470, 620, 926]"
6,"[1495, 1887, 1831, 866, 1871]"
7,"[1906, 1901, 102, 165, 1604]"
8,"[403, 480, 862, 1723, 111]"
9,"[165, 98, 1608, 164, 89]"
10,"[455, 1192, 1197, 1772, 16]"
11,"[890, 1192, 413, 662, 81]"
12,"[1192, 1611, 114, 455, 1523]"
13,"[890, 1890, 60, 165, 1887]"
14,"[1567, 1192, 1613, 438, 102]"
15,"[1904, 403, 1705, 1704, 1317]"
16,"[165, 1202, 410, 1617, 1676]"
17,"[444, 1666, 432, 1607, 672]"
18,"[1676, 403, 444, 1249, 165]"
19,"[1676, 1079, 1077, 125, 405]"
20,"[1196, 926, 165, 1202, 410]"
21,"[455, 116, 114, 1610, 454]"
22,"[587, 590, 593, 597, 599]"
23,"[511, 1830, 1871, 1834, 403]"
24,"[749, 1670, 866, 1313, 121]"
25,"[1695, 1192, 124, 1640, 605]"
26,"[1696, 1248, 1698, 116, 1704]"
27,"[113, 29, 164, 1246, 1006]"
28,"[93, 95, 1844, 1845, 1847]"
29,"[1677, 1534, 1567, 1885, 1894]"
30,"[1884, 1887, 1526, 1192, 1604]"
31,"[1677, 1202, 410, 165, 1196]"
32,"[116, 408, 1676, 114, 125]"
33,"[455, 1197, 16, 1192, 1897]"
34,"[1704, 1705, 1607, 901, 403]"
35,"[1666, 98, 409, 1202, 410]"
36,"[1063, 1659, 230, 248, 442]"
37,"[1723, 403, 111, 1428, 73]"
38,"[1607, 1277, 1608, 1659, 98]"
39,"[1890, 1887, 497, 1401, 1249]"
40,"[395, 1639, 1073, 1904, 1613]"
41,"[1752, 73, 403, 111, 480]"
42,"[1192, 1904, 78, 1523, 1562]"
43,"[511, 1830, 1835, 1871, 1834]"
44,"[403, 1197, 749, 1320, 1249]"
45,"[1063, 423, 1244, 1184, 739]"
46,"[1034, 403, 1620, 1202, 866]"
47,"[1527, 890, 1899, 1526, 112]"
48,"[1899, 1904, 1910, 1192, 1884]"
49,"[862, 1705, 1704, 1758, 1762]"
50,"[432, 403, 480, 1723, 121]"
51,"[511, 1705, 1704, 1871, 403]"
52,"[1902, 1560, 1552, 1915, 1639]"
53,"[1567, 16, 1607, 1704, 1705]"
54,"[1924, 1677, 165, 922, 124]"
55,"[511, 1705, 1704, 1871, 403]"
56,"[1904, 890, 43, 1896, 335]"
57,"[1666, 848, 1885, 1272, 1277]"
58,"[1249, 480, 808, 866, 432]"
59,"[1192, 18, 89, 1676, 1161]"
60,"[692, 116, 1270, 455, 438]"
61,"[1567, 403, 808, 1249, 672]"
62,"[1457, 1832, 1830, 1834, 1871]"
63,"[890, 922, 1592, 97, 98]"
64,"[1567, 1562, 1532, 1489, 1554]"
65,"[1567, 16, 259, 403, 1006]"
66,"[408, 1676, 1675, 1249, 60]"
67,"[383, 1733, 163, 1740, 1695]"
68,"[171, 165, 1901, 314, 98]"
69,"[1915, 403, 1197, 165, 1825]"
70,"[1896, 1277, 1608, 98, 16]"
71,"[89, 1890, 1885, 1887, 1892]"
72,"[403, 749, 1320, 1626, 1904]"
73,"[1855, 236, 1003, 237, 1002]"
74,"[113, 1907, 112, 866, 890]"
75,"[922, 1526, 1899, 926, 1887]"
76,"[1915, 165, 1620, 102, 1612]"
77,"[408, 1676, 1675, 1696, 165]"
78,"[1884, 102, 1746, 409, 98]"
79,"[866, 403, 121, 511, 282]"
80,"[808, 1906, 454, 1302, 1066]"
81,"[1705, 692, 1273, 44, 1147]"
82,"[1249, 823, 1575, 403, 1197]"
83,"[1676, 1202, 410, 165, 403]"
84,"[1249, 468, 1196, 1675, 1611]"
85,"[265, 1077, 1118, 1257, 1034]"
86,"[1192, 1772, 413, 110, 81]"
87,"[1742, 121, 97, 96, 1320]"
88,"[1567, 1608, 1896, 1607, 1192]"
89,"[468, 111, 1196, 1566, 73]"
90,"[1675, 1299, 1676, 1250, 1295]"
91,"[1534, 772, 667, 1202, 410]"
92,"[114, 16, 116, 1192, 1604]"
93,"[809, 648, 480, 1542, 1534]"
94,"[16, 1904, 1112, 1924, 447]"
95,"[1676, 116, 890, 112, 113]"
96,"[1290, 365, 1317, 501, 800]"
97,"[403, 175, 176, 924, 1670]"
98,"[1193, 124, 1676, 1640, 165]"
99,"[1717, 892, 1317, 73, 1705]"
100,"[1567, 922, 409, 165, 1746]"
101,"[1279, 1676, 1344, 431, 1675]"
102,"[403, 1317, 1704, 1705, 480]"
103,"[1197, 1249, 1202, 420, 167]"
104,"[1567, 455, 1884, 1192, 114]"
105,"[1772, 126, 110, 1640, 1639]"
106,"[1676, 322, 365, 125, 1014]"
107,"[1648, 1002, 232, 236, 1003]"
108,"[226, 244, 828, 468, 903]"
109,"[403, 1249, 444, 1898, 1575]"
110,"[444, 1750, 1607, 165, 1885]"
111,"[1915, 403, 1344, 1077, 1566]"
112,"[165, 1193, 789, 933, 1885]"
113,"[73, 1246, 82, 1317, 111]"
114,"[1675, 672, 101, 1915, 1750]"
115,"[1772, 501, 1723, 1566, 480]"
116,"[165, 410, 1202, 1620, 922]"
117,"[1070, 289, 1527, 1091, 695]"
118,"[403, 1723, 480, 511, 1705]"
119,"[1639, 1695, 60, 124, 1202]"
120,"[16, 441, 1772, 903, 442]"
121,"[1202, 410, 165, 405, 164]"
122,"[1827, 1834, 1871, 1764, 1772]"
123,"[1192, 1913, 1887, 1611, 1904]"
124,"[73, 282, 468, 403, 866]"
125,"[1249, 480, 468, 660, 1063]"
126,"[102, 1746, 1249, 458, 1611]"
127,"[1676, 89, 1677, 926, 1675]"
128,"[114, 16, 884, 454, 1112]"
129,"[1666, 848, 1885, 1272, 1277]"
130,"[403, 1073, 1197, 749, 409]"
131,"[1246, 471, 1744, 454, 62]"
132,"[1705, 1885, 1704, 1887, 1892]"
133,"[1924, 1705, 1704, 1521, 1884]"
134,"[1907, 432, 1249, 922, 165]"
135,"[511, 403, 1704, 1705, 1723]"
136,"[73, 1717, 1317, 1006, 82]"
137,"[1607, 468, 111, 73, 37]"
138,"[1567, 1885, 1607, 1191, 1887]"
139,"[1666, 1607, 1193, 102, 1746]"
140,"[89, 1290, 688, 1592, 1901]"
141,"[164, 165, 159, 937, 1666]"
142,"[1904, 1526, 114, 1899, 1910]"
143,"[165, 672, 98, 922, 89]"
144,"[1192, 1772, 125, 594, 1026]"
145,"[1895, 442, 1287, 660, 828]"
146,"[453, 1317, 89, 73, 495]"
147,"[930, 925, 167, 928, 931]"
148,"[1567, 95, 37, 111, 1904]"
149,"[455, 1192, 1704, 1705, 1904]"
150,"[1567, 53, 480, 1249, 1063]"
151,"[1915, 1906, 1202, 410, 165]"
152,"[114, 292, 1066, 1048, 1113]"
153,"[165, 1620, 1202, 410, 1746]"
154,"[1317, 1705, 1704, 660, 1762]"
155,"[692, 1192, 1523, 1277, 110]"
156,"[73, 1317, 468, 1717, 111]"
157,"[1534, 1607, 1620, 1903, 1898]"
158,"[1567, 789, 1069, 114, 1071]"
159,"[692, 1192, 440, 1600, 114]"
160,"[409, 403, 1666, 1640, 405]"
161,"[1884, 1071, 1910, 1924, 1887]"
162,"[1567, 1193, 878, 1887, 1894]"
163,"[1567, 1704, 1705, 1760, 1896]"
164,"[1772, 587, 1761, 590, 1705]"
165,"[1764, 1317, 1818, 1819, 1820]"
166,"[1015, 1877, 1287, 828, 1570]"
167,"[749, 1670, 866, 121, 111]"
168,"[403, 1772, 808, 383, 1006]"
169,"[164, 692, 165, 98, 97]"
170,"[851, 672, 1202, 410, 789]"
171,"[125, 1677, 1536, 1639, 898]"
172,"[1567, 16, 1896, 1887, 1192]"
173,"[856, 1192, 455, 1613, 1904]"
174,"[1922, 1897, 112, 1904, 102]"
175,"[1534, 1539, 102, 1538, 409]"
176,"[1915, 164, 165, 1344, 365]"
177,"[511, 1871, 1834, 1632, 731]"
178,"[890, 1536, 1192, 1554, 114]"
179,"[782, 749, 403, 1320, 667]"
180,"[1915, 403, 1197, 1566, 1269]"
181,"[1659, 164, 113, 1687, 434]"
182,"[455, 1192, 454, 1904, 16]"
183,"[890, 112, 1902, 101, 1915]"
184,"[1915, 926, 446, 1197, 403]"
185,"[1249, 432, 458, 901, 102]"
186,"[1885, 1567, 409, 1904, 1887]"
187,"[113, 1904, 1526, 1899, 1922]"
188,"[455, 116, 114, 1910, 1192]"
189,"[1246, 1708, 1203, 1317, 1772]"
190,"[890, 1676, 1902, 1675, 1196]"
191,"[1704, 1705, 1760, 1762, 1758]"
192,"[1705, 1080, 1871, 1834, 403]"
193,"[335, 1130, 1280, 857, 1077]"
194,"[1567, 95, 37, 113, 1904]"
195,"[403, 1299, 1705, 1704, 1566]"
196,"[16, 1896, 884, 467, 1567]"
197,"[403, 1723, 480, 72, 749]"
198,"[403, 926, 1915, 1907, 73]"
199,"[862, 403, 111, 1704, 78]"
200,"[455, 1910, 1192, 1705, 1704]"
201,"[121, 866, 66, 808, 403]"
202,"[1676, 1675, 102, 1202, 410]"
203,"[878, 922, 1317, 101, 1704]"
204,"[1607, 1517, 1534, 1535, 1193]"
205,"[1676, 890, 114, 1344, 1675]"
206,"[1317, 1761, 1760, 1705, 1704]"
207,"[16, 1772, 1705, 1704, 1457]"
208,"[1762, 1758, 111, 692, 1705]"
209,"[102, 1567, 1746, 1894, 480]"
210,"[725, 403, 824, 1666, 738]"
211,"[1884, 783, 884, 1655, 1662]"
212,"[116, 890, 1639, 114, 124]"
213,"[114, 1192, 1904, 60, 1275]"
214,"[1904, 1611, 1604, 1887, 447]"
215,"[1063, 1887, 866, 1772, 1192]"
216,"[114, 1192, 1926, 1904, 1910]"
217,"[1704, 1705, 1246, 1708, 73]"
218,"[1885, 1567, 1753, 1588, 1705]"
219,"[480, 468, 501, 660, 37]"
220,"[60, 1695, 1639, 405, 926]"
221,"[1607, 1666, 1904, 102, 1746]"
222,"[738, 1676, 1344, 759, 1781]"
223,"[1704, 1705, 1760, 1761, 1072]"
224,"[1567, 16, 1896, 1191, 1192]"
225,"[1676, 1906, 1202, 410, 926]"
226,"[1676, 1885, 603, 1639, 1640]"
227,"[167, 169, 919, 175, 921]"
228,"[888, 1112, 455, 846, 1705]"
229,"[1904, 605, 1192, 1695, 1639]"
230,"[1030, 892, 121, 136, 866]"
231,"[1038, 1761, 1760, 1640, 1161]"
232,"[1599, 95, 440, 677, 43]"
233,"[114, 1192, 1610, 447, 1275]"
234,"[444, 441, 111, 74, 856]"
235,"[1620, 1249, 672, 165, 458]"
236,"[16, 114, 1567, 110, 116]"
237,"[866, 1887, 1830, 501, 1363]"
238,"[1249, 1566, 1592, 672, 1832]"
239,"[769, 1898, 688, 1582, 1380]"
240,"[1202, 410, 1566, 1592, 405]"
241,"[455, 1192, 1904, 1704, 1705]"
242,"[928, 169, 929, 932, 919]"
243,"[1567, 16, 901, 1887, 1191]"
244,"[1556, 1554, 866, 1887, 1489]"
245,"[1887, 1760, 93, 95, 89]"
246,"[116, 890, 1896, 1070, 692]"
247,"[403, 1670, 1770, 1320, 73]"
248,"[1192, 1567, 1554, 1534, 110]"
249,"[114, 1192, 1910, 1904, 455]"
250,"[73, 1246, 1317, 1708, 803]"
251,"[1277, 1249, 1604, 1523, 1606]"
252,"[1906, 1676, 1202, 410, 1696]"
253,"[289, 1187, 81, 443, 1704]"
254,"[455, 116, 114, 1910, 1307]"
255,"[687, 749, 403, 866, 121]"
256,"[1904, 1906, 432, 1666, 808]"
257,"[1894, 1885, 851, 789, 349]"
258,"[747, 754, 755, 756, 763]"
259,"[1915, 878, 890, 922, 165]"
260,"[1317, 111, 474, 1290, 661]"
261,"[453, 111, 1723, 1317, 1717]"
262,"[1249, 113, 1904, 1907, 102]"
263,"[1904, 1890, 1666, 1886, 1554]"
264,"[857, 1885, 1871, 866, 1830]"
265,"[1249, 1457, 1832, 1401, 1830]"
266,"[1567, 1887, 1885, 1909, 1915]"
267,"[765, 758, 108, 1705, 1704]"
268,"[1924, 1884, 102, 1746, 692]"
269,"[1891, 862, 1040, 480, 1567]"
270,"[379, 1896, 1772, 1567, 587]"
271,"[1592, 1043, 1918, 1929, 1590]"
272,"[979, 159, 1025, 937, 726]"
273,"[1915, 1674, 1014, 1299, 1077]"
274,"[1608, 1277, 1607, 165, 1894]"
275,"[1249, 848, 1607, 1721, 185]"
276,"[290, 1122, 118, 1560, 281]"
277,"[1611, 458, 259, 1604, 1249]"
278,"[114, 1271, 110, 1023, 660]"
279,"[1491, 1555, 1412, 480, 648]"
280,"[403, 903, 1317, 480, 1723]"
281,"[1608, 1607, 1567, 1904, 1615]"
282,"[113, 1907, 530, 112, 1904]"
283,"[1904, 78, 102, 1746, 1613]"
284,"[1607, 1612, 1534, 165, 1904]"
285,"[1753, 621, 1246, 1264, 1265]"
286,"[1676, 408, 1677, 603, 1131]"
287,"[23, 28, 40, 27, 800]"
288,"[1904, 1705, 1704, 403, 1317]"
289,"[1676, 1675, 89, 1677, 165]"
290,"[1676, 408, 1677, 1639, 603]"
291,"[1793, 1777, 1765, 1915, 1561]"
292,"[113, 164, 102, 1904, 1746]"
293,"[1723, 403, 1789, 111, 480]"
294,"[340, 1752, 1789, 1809, 1705]"
295,"[1639, 1695, 605, 692, 1163]"
296,"[1676, 89, 164, 1202, 165]"
297,"[890, 112, 866, 1906, 1904]"
298,"[114, 1904, 1890, 1192, 1907]"
299,"[432, 1562, 111, 1249, 121]"
300,"[1704, 1705, 403, 885, 480]"
301,"[1705, 1704, 862, 1834, 480]"
302,"[1317, 1290, 468, 587, 800]"
303,"[1791, 1249, 1197, 688, 1901]"
304,"[455, 1705, 1704, 1112, 1192]"
305,"[1795, 403, 1320, 749, 1006]"
306,"[1727, 438, 16, 1567, 375]"
307,"[1320, 403, 1723, 501, 1363]"
308,"[933, 1887, 97, 96, 1009]"
309,"[116, 1193, 114, 1696, 110]"
310,"[135, 111, 468, 866, 1249]"
311,"[1659, 672, 1704, 1705, 1640]"
312,"[749, 1670, 866, 121, 403]"
313,"[1825, 493, 1830, 1404, 1704]"
314,"[1264, 1265, 442, 441, 426]"
315,"[162, 403, 925, 167, 928]"
316,"[403, 1723, 480, 511, 1705]"
317,"[114, 455, 1610, 1926, 1192]"
318,"[890, 112, 1620, 1114, 925]"
319,"[455, 114, 116, 890, 1604]"
320,"[403, 1723, 480, 1428, 73]"
321,"[1924, 890, 102, 1746, 112]"
322,"[890, 480, 1823, 37, 687]"
323,"[403, 409, 1249, 405, 432]"
324,"[16, 455, 1611, 114, 1521]"
325,"[1246, 1317, 468, 1772, 501]"
326,"[1607, 1666, 432, 1659, 672]"
327,"[1599, 1904, 1896, 1613, 890]"
328,"[926, 405, 1907, 857, 1659]"
329,"[678, 1359, 1063, 787, 1249]"
330,"[1566, 1915, 890, 1344, 1902]"
331,"[468, 1163, 1197, 1772, 808]"
332,"[1677, 114, 1639, 60, 1695]"
333,"[1192, 1615, 614, 1659, 98]"
334,"[1607, 1904, 1659, 1676, 164]"
335,"[165, 60, 1249, 432, 926]"
336,"[1717, 111, 403, 1428, 1320]"
337,"[1566, 405, 403, 1249, 605]"
338,"[165, 922, 1907, 89, 1534]"
339,"[1659, 164, 113, 1687, 434]"
340,"[1884, 114, 16, 455, 1611]"
341,"[1192, 113, 114, 112, 1534]"
342,"[1902, 789, 749, 1885, 161]"
343,"[114, 455, 1192, 454, 116]"
344,"[116, 1704, 1705, 413, 82]"
345,"[1659, 1269, 403, 405, 1704]"
346,"[1915, 455, 890, 98, 165]"
347,"[692, 1604, 116, 1523, 1192]"
348,"[1915, 1249, 1825, 430, 1261]"
349,"[114, 1192, 1910, 890, 1112]"
350,"[890, 114, 1561, 112, 1344]"
351,"[455, 1192, 1112, 1312, 1600]"
352,"[1704, 1705, 455, 614, 1192]"
353,"[1006, 313, 1741, 1297, 861]"
354,"[165, 1567, 1904, 808, 403]"
355,"[102, 1746, 409, 98, 1192]"
356,"[1249, 1832, 749, 823, 1298]"
357,"[455, 114, 1192, 1610, 1922]"
358,"[1320, 1670, 403, 72, 1648]"
359,"[1904, 890, 112, 114, 1192]"
360,"[890, 1599, 1904, 1891, 1887]"
361,"[410, 1202, 1620, 1885, 79]"
362,"[890, 1891, 1904, 1887, 866]"
363,"[890, 112, 43, 1904, 1899]"
364,"[1899, 1620, 866, 121, 1646]"
365,"[432, 403, 480, 1723, 111]"
366,"[403, 1320, 749, 667, 1006]"
367,"[1896, 1557, 1249, 901, 432]"
368,"[1705, 1704, 1830, 1834, 1871]"
369,"[514, 1663, 1903, 511, 135]"
370,"[1705, 1704, 1932, 349, 1077]"
371,"[1704, 1705, 1721, 1648, 1871]"
372,"[403, 73, 1320, 866, 749]"
373,"[789, 1789, 1791, 1790, 1792]"
374,"[455, 1521, 1705, 1704, 462]"
375,"[1752, 73, 282, 111, 468]"
376,"[1704, 1705, 1599, 1899, 1887]"
377,"[1676, 403, 1299, 1566, 902]"
378,"[480, 1461, 1249, 903, 691]"
379,"[478, 1887, 1646, 1588, 1526]"
380,"[1612, 1615, 1904, 1620, 1613]"
381,"[1, 1607, 98, 165, 1608]"
382,"[1924, 478, 1907, 408, 102]"
383,"[1567, 1607, 1885, 480, 1898]"
384,"[1909, 1193, 1612, 672, 789]"
385,"[587, 110, 1536, 590, 593]"
386,"[789, 851, 480, 579, 1898]"
387,"[1567, 1249, 1611, 16, 672]"
388,"[1070, 78, 1176, 425, 1904]"
389,"[403, 1035, 1885, 1705, 187]"
390,"[1279, 1915, 403, 738, 1612]"
391,"[1270, 1192, 1904, 116, 114]"
392,"[89, 409, 1922, 1897, 1526]"
393,"[403, 409, 1197, 1299, 1317]"
394,"[1760, 878, 892, 110, 1613]"
395,"[1567, 16, 1896, 1191, 1192]"
396,"[349, 1894, 587, 1578, 818]"
397,"[114, 1192, 1926, 1639, 1640]"
398,"[926, 1566, 1202, 410, 403]"
399,"[1695, 1527, 102, 89, 866]"
400,"[1887, 1704, 1705, 1894, 1886]"
401,"[789, 165, 688, 658, 409]"
402,"[455, 1197, 1772, 16, 1192]"
403,"[1557, 1721, 1604, 1762, 1192]"
404,"[403, 73, 990, 1006, 1317]"
405,"[511, 1830, 1871, 1834, 111]"
406,"[672, 1191, 102, 1746, 1607]"
407,"[403, 1077, 431, 1637, 444]"
408,"[890, 1902, 165, 112, 692]"
409,"[1705, 1704, 480, 1249, 748]"
410,"[1699, 1911, 979, 1566, 734]"
411,"[405, 1566, 1249, 1592, 1302]"
412,"[692, 1604, 1192, 1611, 451]"
413,"[738, 823, 1298, 403, 1302]"
414,"[876, 420, 789, 1695, 688]"
415,"[135, 468, 111, 73, 1249]"
416,"[1904, 116, 1192, 1532, 890]"
417,"[93, 89, 1249, 1261, 430]"
418,"[1592, 165, 1675, 1677, 1202]"
419,"[432, 672, 403, 1133, 66]"
420,"[165, 1620, 287, 66, 755]"
421,"[259, 964, 615, 1249, 200]"
422,"[28, 1742, 480, 1704, 1705]"
423,"[1580, 594, 1834, 1871, 1320]"
424,"[1607, 1659, 405, 403, 1705]"
425,"[444, 1666, 1885, 78, 851]"
426,"[789, 672, 688, 1197, 1791]"
427,"[116, 1676, 1192, 114, 1248]"
428,"[259, 1319, 165, 1896, 164]"
429,"[1549, 1551, 165, 124, 1697]"
430,"[409, 1249, 403, 1809, 121]"
431,"[72, 1808, 1829, 1827, 1753]"
432,"[1884, 1924, 819, 1604, 102]"
433,"[1915, 1344, 1261, 102, 1250]"
434,"[1193, 1909, 1904, 1554, 1489]"
435,"[1567, 1607, 1704, 1705, 901]"
436,"[403, 409, 405, 1566, 1299]"
437,"[511, 1809, 1830, 1871, 1834]"
438,"[1249, 409, 1592, 1620, 121]"
439,"[1580, 749, 1363, 1317, 89]"
440,"[890, 112, 866, 1906, 1904]"
441,"[587, 1187, 471, 1192, 23]"
442,"[660, 866, 922, 639, 1723]"
443,"[1249, 1063, 660, 1567, 480]"
444,"[455, 1192, 1904, 102, 1573]"
445,"[1830, 1871, 1834, 1704, 1705]"
446,"[1001, 1204, 607, 370, 1900]"
447,"[1249, 1871, 1834, 926, 430]"
448,"[1249, 408, 409, 1604, 430]"
449,"[922, 113, 1904, 164, 165]"
450,"[1193, 1885, 672, 159, 1025]"
451,"[848, 1666, 1885, 672, 1291]"
452,"[890, 1891, 1887, 1114, 866]"
453,"[1902, 112, 101, 692, 1639]"
454,"[1705, 1704, 866, 1823, 1770]"
455,"[248, 1013, 995, 734, 480]"
456,"[43, 890, 1526, 1899, 1904]"
457,"[1676, 1906, 890, 112, 1677]"
458,"[455, 1915, 1676, 1675, 878]"
459,"[926, 773, 98, 1907, 624]"
460,"[1705, 1704, 1873, 1832, 1300]"
461,"[82, 1192, 16, 73, 726]"
462,"[672, 432, 1301, 1901, 102]"
463,"[866, 1655, 1249, 1913, 1653]"
464,"[408, 1676, 60, 1675, 1677]"
465,"[73, 1704, 1705, 468, 403]"
466,"[926, 1073, 409, 405, 470]"
467,"[73, 1253, 403, 111, 468]"
468,"[9, 36, 18, 1709, 413]"
469,"[1192, 113, 412, 1697, 1696]"
470,"[1192, 811, 413, 415, 18]"
471,"[1255, 1277, 1677, 1196, 1666]"
472,"[110, 16, 1772, 860, 1567]"
473,"[165, 89, 1592, 1202, 410]"
474,"[853, 1007, 1632, 975, 250]"
475,"[102, 930, 898, 1746, 1607]"
476,"[621, 595, 594, 1463, 593]"
477,"[403, 866, 1566, 1636, 431]"
478,"[1914, 1904, 1927, 1612, 121]"
479,"[890, 112, 1904, 1599, 1192]"
480,"[1666, 432, 1607, 672, 1272]"
481,"[444, 1659, 403, 1648, 808]"
482,"[455, 116, 1610, 1192, 16]"
483,"[1277, 1607, 1608, 1659, 432]"
484,"[455, 890, 114, 1902, 112]"
485,"[1069, 868, 1748, 1620, 98]"
486,"[1607, 1277, 1535, 480, 1903]"
487,"[888, 16, 1567, 901, 455]"
488,"[672, 167, 928, 169, 929]"
489,"[1028, 167, 1029, 928, 169]"
490,"[1604, 1675, 1250, 1249, 102]"
491,"[216, 102, 1611, 1746, 1582]"
492,"[1607, 1277, 1637, 672, 1659]"
493,"[1543, 216, 102, 1746, 1618]"
494,"[884, 1191, 890, 1581, 1249]"
495,"[1894, 1737, 1890, 789, 1298]"
496,"[1733, 1911, 780, 1696, 213]"
497,"[1885, 102, 1746, 1192, 1904]"
498,"[922, 165, 1527, 102, 1160]"
499,"[1192, 114, 692, 116, 1610]"
500,"[403, 1079, 73, 111, 738]"
501,"[114, 1192, 1600, 110, 1521]"
502,"[1334, 501, 1249, 111, 1363]"
503,"[111, 1762, 480, 1704, 1705]"
504,"[1887, 1620, 866, 1759, 1114]"
505,"[1889, 340, 1019, 1632, 228]"
506,"[1290, 110, 1317, 1246, 16]"
507,"[1295, 1666, 1279, 78, 1636]"
508,"[1906, 903, 1830, 1066, 1705]"
509,"[866, 121, 1249, 93, 1611]"
510,"[798, 1772, 42, 1192, 621]"
511,"[114, 116, 16, 455, 890]"
512,"[1567, 1192, 1191, 789, 1607]"
513,"[1338, 282, 73, 403, 66]"
514,"[1607, 1676, 773, 1613, 165]"
515,"[89, 165, 1695, 1604, 1202]"
516,"[408, 1676, 890, 114, 1344]"
517,"[1904, 444, 432, 1666, 672]"
518,"[1620, 1676, 1902, 672, 1675]"
519,"[16, 1567, 1192, 135, 1896]"
520,"[688, 1887, 647, 1655, 1705]"
521,"[1704, 1705, 1246, 1708, 73]"
522,"[1592, 1249, 1511, 501, 1363]"
523,"[823, 405, 430, 1256, 1258]"
524,"[672, 1666, 1202, 410, 1885]"
525,"[1544, 98, 171, 1677, 1639]"
526,"[1604, 866, 922, 692, 1536]"
527,"[409, 167, 928, 169, 929]"
528,"[1613, 1554, 1270, 1542, 692]"
529,"[639, 1834, 1871, 1320, 429]"
530,"[1904, 1192, 455, 1523, 102]"
531,"[1077, 1915, 1766, 1825, 892]"
532,"[1607, 405, 444, 1659, 1269]"
533,"[1567, 16, 1611, 1192, 1896]"
534,"[443, 1723, 79, 304, 501]"
535,"[1307, 1924, 60, 789, 405]"
536,"[37, 403, 480, 1723, 111]"
537,"[455, 116, 114, 454, 692]"
538,"[1028, 167, 1029, 928, 169]"
539,"[1317, 480, 135, 468, 903]"
540,"[18, 1709, 9, 36, 1742]"
541,"[1592, 1639, 672, 213, 405]"
542,"[1192, 114, 692, 16, 116]"
543,"[1676, 1906, 165, 1915, 1202]"
544,"[1567, 1193, 1885, 1907, 1753]"
545,"[165, 1885, 1607, 1659, 672]"
546,"[165, 1906, 672, 926, 102]"
547,"[432, 1607, 1277, 672, 1871]"
548,"[1561, 1924, 606, 125, 615]"
549,"[1760, 16, 1705, 860, 1761]"
550,"[1695, 605, 1202, 410, 1073]"
551,"[98, 1885, 403, 672, 409]"
552,"[1567, 1192, 1904, 1896, 110]"
553,"[1607, 432, 1659, 672, 1666]"
554,"[1277, 1834, 1607, 1659, 1666]"
555,"[1536, 116, 1907, 18, 1489]"
556,"[455, 114, 116, 454, 16]"
557,"[1567, 1607, 1885, 165, 1191]"
558,"[1924, 455, 124, 890, 114]"
559,"[811, 1705, 1704, 1899, 1599]"
560,"[1752, 1769, 878, 922, 1705]"
561,"[114, 216, 890, 1611, 124]"
562,"[1900, 890, 112, 1676, 1675]"
563,"[1317, 365, 1290, 98, 403]"
564,"[455, 116, 1705, 1704, 114]"
565,"[1620, 1890, 1887, 147, 1659]"
566,"[413, 890, 112, 1924, 113]"
567,"[749, 1887, 1670, 866, 121]"
568,"[1750, 420, 925, 167, 928]"
569,"[1904, 1567, 1907, 112, 1070]"
570,"[403, 1249, 926, 432, 925]"
571,"[1191, 1906, 1528, 1909, 1588]"
572,"[165, 1603, 102, 1676, 1915]"
573,"[1676, 89, 890, 113, 112]"
574,"[1567, 1607, 135, 901, 1191]"
575,"[1915, 113, 1903, 98, 1363]"
576,"[1764, 1838, 1839, 1840, 1841]"
577,"[441, 782, 739, 401, 649]"
578,"[165, 1249, 89, 164, 113]"
579,"[890, 1887, 1904, 1884, 89]"
580,"[1202, 410, 1338, 866, 403]"
581,"[1567, 866, 165, 1604, 403]"
582,"[98, 1620, 1671, 1637, 1295]"
583,"[866, 409, 102, 1527, 470]"
584,"[16, 114, 1312, 455, 454]"
585,"[403, 866, 1704, 1705, 1073]"
586,"[165, 926, 432, 1915, 98]"
587,"[1904, 1907, 1192, 1536, 890]"
588,"[403, 159, 1025, 937, 405]"
589,"[1639, 470, 620, 1750, 1903]"
590,"[1560, 1091, 1269, 1766, 1880]"
591,"[1705, 1704, 687, 1761, 1760]"
592,"[1613, 1903, 438, 3, 1535]"
593,"[480, 1249, 1887, 1723, 772]"
594,"[1915, 171, 125, 1639, 165]"
595,"[501, 18, 798, 1709, 1772]"
596,"[1884, 455, 1312, 454, 464]"
597,"[1904, 113, 95, 1246, 1915]"
598,"[1704, 1705, 1118, 1202, 410]"
599,"[403, 1705, 1704, 1249, 1907]"
600,"[1202, 410, 1676, 125, 1617]"
601,"[1202, 410, 444, 1640, 672]"
602,"[1648, 1832, 1873, 1836, 930]"
603,"[73, 1708, 1772, 1320, 1006]"
604,"[1705, 1704, 660, 1007, 1772]"
605,"[1202, 167, 928, 169, 929]"
606,"[1887, 1074, 1114, 1160, 1759]"
607,"[1704, 1705, 901, 1830, 480]"
608,"[16, 454, 199, 54, 57]"
609,"[114, 116, 890, 1758, 1762]"
610,"[1735, 751, 425, 688, 1670]"
611,"[480, 862, 1723, 468, 1317]"
612,"[692, 1277, 1192, 116, 1523]"
613,"[114, 116, 890, 89, 112]"
614,"[1704, 1705, 1619, 1761, 73]"
615,"[1832, 1873, 1836, 1825, 430]"
616,"[1676, 902, 1637, 926, 1202]"
617,"[770, 762, 765, 135, 132]"
618,"[862, 480, 111, 1554, 1887]"
619,"[1295, 78, 1909, 926, 1904]"
620,"[1317, 111, 1717, 1290, 403]"
621,"[890, 102, 1746, 409, 1772]"
622,"[1911, 78, 1612, 403, 1295]"
623,"[111, 862, 480, 18, 1709]"
624,"[480, 1772, 37, 687, 648]"
625,"[1676, 1675, 89, 455, 1677]"
626,"[164, 125, 1202, 410, 1659]"
627,"[501, 1772, 1880, 1457, 468]"
628,"[898, 1249, 1133, 872, 688]"
629,"[82, 468, 73, 1317, 111]"
630,"[114, 455, 1192, 16, 454]"
631,"[1612, 1065, 1927, 1070, 866]"
632,"[455, 114, 1924, 1910, 454]"
633,"[1705, 1704, 933, 1761, 89]"
634,"[116, 114, 455, 1705, 1704]"
635,"[1193, 1612, 672, 165, 789]"
636,"[1704, 1705, 1246, 413, 1708]"
637,"[1772, 441, 672, 594, 789]"
638,"[444, 1193, 1675, 1612, 403]"
639,"[1885, 789, 851, 1147, 1907]"
640,"[437, 650, 892, 1788, 1787]"
641,"[1675, 1677, 1676, 410, 1202]"
642,"[410, 1202, 405, 1666, 213]"
643,"[749, 1670, 866, 1746, 121]"
644,"[114, 116, 16, 216, 890]"
645,"[1704, 1705, 403, 1490, 1723]"
646,"[1277, 1659, 98, 1607, 1885]"
647,"[409, 403, 405, 1659, 1249]"
648,"[113, 1907, 112, 1904, 1192]"
649,"[1885, 1607, 1567, 1904, 1887]"
650,"[1704, 1705, 1896, 1904, 1192]"
651,"[455, 1192, 1904, 1523, 454]"
652,"[432, 403, 1428, 480, 73]"
653,"[1705, 1704, 1772, 1192, 455]"
654,"[18, 587, 588, 1249, 590]"
655,"[403, 1249, 121, 480, 1033]"
656,"[1567, 114, 1192, 16, 116]"
657,"[1567, 1896, 1277, 16, 1615]"
658,"[455, 116, 114, 890, 1705]"
659,"[454, 903, 114, 455, 16]"
660,"[16, 1611, 455, 1896, 454]"
661,"[480, 111, 1723, 1717, 1428]"
662,"[1191, 1192, 1904, 1523, 455]"
663,"[692, 116, 846, 1604, 1192]"
664,"[1889, 372, 1191, 1704, 1705]"
665,"[116, 114, 890, 1604, 1600]"
666,"[1676, 89, 1675, 1202, 410]"
667,"[72, 1073, 650, 922, 275]"
668,"[1536, 1534, 1898, 604, 1582]"
669,"[1581, 1880, 114, 1921, 1023]"
670,"[501, 660, 1363, 892, 1404]"
671,"[165, 1750, 1676, 1906, 124]"
672,"[1908, 1711, 1072, 866, 1825]"
673,"[1192, 614, 379, 1567, 1896]"
674,"[1666, 98, 1904, 409, 672]"
675,"[1887, 1320, 79, 772, 688]"
676,"[1317, 403, 1705, 111, 1704]"
677,"[114, 101, 1566, 1917, 588]"
678,"[1696, 1697, 164, 114, 1248]"
679,"[18, 29, 28, 27, 800]"
680,"[1567, 165, 1607, 901, 1904]"
681,"[1112, 1904, 660, 808, 650]"
682,"[480, 468, 111, 1190, 37]"
683,"[28, 24, 25, 408, 26]"
684,"[111, 1705, 1704, 692, 1761]"
685,"[1608, 1899, 112, 98, 1526]"
686,"[165, 979, 983, 984, 985]"
687,"[1363, 1370, 501, 1334, 403]"
688,"[1592, 403, 405, 1249, 1906]"
689,"[97, 96, 341, 78, 1904]"
690,"[111, 468, 282, 73, 1723]"
691,"[1909, 1586, 1277, 1886, 1598]"
692,"[1566, 405, 403, 1249, 1063]"
693,"[1521, 455, 1610, 1112, 1192]"
694,"[1705, 1704, 1192, 1772, 447]"
695,"[405, 1566, 1827, 1829, 403]"
696,"[114, 455, 1192, 1904, 1705]"
697,"[1061, 403, 1649, 66, 1320]"
698,"[1607, 1637, 692, 165, 1160]"
699,"[1705, 1704, 687, 660, 1772]"
700,"[1192, 692, 1567, 16, 413]"
701,"[1704, 1705, 372, 1607, 901]"
702,"[73, 1570, 468, 480, 82]"
703,"[511, 1830, 1871, 1834, 403]"
704,"[1911, 213, 165, 1592, 1043]"
705,"[444, 165, 408, 1676, 1249]"
706,"[441, 442, 165, 1592, 739]"
707,"[1197, 866, 1830, 755, 756]"
708,"[165, 470, 620, 1676, 403]"
709,"[1556, 1538, 1887, 1534, 1516]"
710,"[444, 1659, 403, 1648, 808]"
711,"[1258, 1259, 1260, 1261, 430]"
712,"[1567, 16, 1896, 1191, 1192]"
713,"[113, 1192, 164, 1196, 165]"
714,"[89, 1670, 1901, 410, 672]"
715,"[672, 789, 1907, 851, 1026]"
716,"[789, 1894, 1592, 672, 588]"
717,"[1639, 926, 470, 620, 1903]"
718,"[926, 901, 808, 102, 1746]"
719,"[455, 1112, 1312, 1705, 291]"
720,"[1138, 78, 1535, 1898, 1582]"
721,"[114, 1192, 1610, 116, 1275]"
722,"[1904, 1538, 1666, 692, 1626]"
723,"[95, 93, 101, 37, 677]"
724,"[73, 1704, 1705, 468, 403]"
725,"[1191, 1904, 1523, 1562, 78]"
726,"[1612, 1889, 1914, 1160, 1927]"
727,"[377, 1188, 429, 1885, 1639]"
728,"[1567, 1884, 1896, 455, 1192]"
729,"[1063, 1249, 1006, 403, 672]"
730,"[511, 1705, 1704, 1871, 1873]"
731,"[1277, 1608, 1607, 511, 1659]"
732,"[1705, 1704, 438, 480, 1249]"
733,"[1513, 542, 594, 1317, 1772]"
734,"[1902, 1249, 672, 1915, 1831]"
735,"[1704, 755, 756, 764, 742]"
736,"[862, 403, 73, 111, 1317]"
737,"[1904, 1607, 124, 98, 1532]"
738,"[1760, 1098, 1758, 291, 1705]"
739,"[1567, 789, 16, 135, 409]"
740,"[1705, 1704, 1760, 1761, 1605]"
741,"[1567, 16, 455, 114, 1884]"
742,"[642, 78, 403, 605, 615]"
743,"[73, 1704, 1705, 468, 403]"
744,"[113, 112, 866, 1907, 890]"
745,"[1291, 1894, 89, 97, 96]"
746,"[403, 1566, 1675, 73, 480]"
747,"[1676, 890, 89, 114, 112]"
748,"[408, 1639, 1269, 1561, 1894]"
749,"[1249, 1887, 1832, 79, 1831]"
750,"[1799, 1781, 1782, 1798, 1801]"
751,"[165, 1620, 1901, 789, 672]"
752,"[114, 1742, 468, 16, 73]"
753,"[455, 116, 114, 890, 1705]"
754,"[890, 124, 1904, 1070, 112]"
755,"[1080, 1258, 738, 444, 403]"
756,"[1567, 16, 1884, 1896, 454]"
757,"[1630, 232, 1003, 66, 1002]"
758,"[1317, 221, 1742, 1246, 332]"
759,"[165, 1527, 409, 1746, 97]"
760,"[1620, 1723, 403, 1114, 1612]"
761,"[1809, 933, 1705, 1704, 72]"
762,"[1885, 112, 1536, 1192, 890]"
763,"[1277, 1608, 1607, 1659, 98]"
764,"[1192, 16, 1611, 677, 1910]"
765,"[395, 1302, 1511, 1637, 1705]"
766,"[1772, 1019, 1067, 443, 1723]"
767,"[1567, 1899, 101, 1753, 595]"
768,"[749, 403, 925, 167, 928]"
769,"[165, 113, 89, 444, 922]"
770,"[1704, 1705, 1246, 413, 1708]"
771,"[1193, 1612, 293, 1636, 1106]"
772,"[1742, 1887, 749, 121, 866]"
773,"[266, 267, 233, 234, 235]"
774,"[1567, 16, 102, 1896, 1192]"
775,"[1192, 692, 1191, 1270, 1904]"
776,"[1193, 1620, 1676, 1902, 1074]"
777,"[121, 1249, 480, 672, 1607]"
778,"[1277, 1608, 1607, 1659, 672]"
779,"[409, 1666, 213, 1911, 1025]"
780,"[1676, 403, 926, 409, 808]"
781,"[455, 1192, 1704, 1705, 1904]"
782,"[1675, 1915, 171, 165, 1202]"
783,"[857, 1705, 1704, 892, 403]"
784,"[1705, 1704, 73, 1006, 808]"
785,"[1704, 1705, 1812, 1810, 1813]"
786,"[964, 979, 199, 980, 981]"
787,"[1566, 1570, 828, 1785, 856]"
788,"[114, 1611, 1191, 1758, 890]"
789,"[1317, 480, 403, 1723, 1717]"
790,"[866, 1911, 1202, 410, 89]"
791,"[16, 455, 462, 1910, 1705]"
792,"[455, 1192, 116, 1904, 110]"
793,"[695, 289, 925, 1560, 1066]"
794,"[1640, 614, 1795, 1904, 78]"
795,"[890, 1607, 1604, 1830, 1871]"
796,"[1191, 438, 1906, 78, 1066]"
797,"[114, 890, 455, 1192, 1112]"
798,"[1555, 1742, 480, 1192, 18]"
799,"[903, 1317, 474, 1758, 1762]"
800,"[165, 1677, 408, 672, 692]"
801,"[1192, 412, 614, 113, 1696]"
802,"[165, 89, 1620, 444, 1675]"
803,"[1924, 455, 461, 1677, 922]"
804,"[1915, 98, 1344, 738, 1675]"
805,"[1640, 808, 1246, 624, 672]"
806,"[114, 1705, 1704, 1192, 1772]"
807,"[1904, 1884, 1192, 692, 454]"
808,"[114, 16, 1910, 1192, 454]"
809,"[165, 216, 1901, 441, 672]"
810,"[313, 291, 1741, 1192, 863]"
811,"[114, 291, 455, 1112, 888]"
812,"[165, 408, 1677, 444, 979]"
813,"[1904, 890, 112, 1275, 1695]"
814,"[1063, 1899, 1922, 1897, 925]"
815,"[89, 672, 1567, 1922, 1897]"
816,"[444, 1675, 1607, 432, 405]"
817,"[1705, 1704, 558, 1762, 1246]"
818,"[1813, 1706, 1814, 1815, 1811]"
819,"[1605, 1112, 1192, 1273, 1772]"
820,"[1922, 1897, 1526, 1899, 1907]"
821,"[1202, 410, 114, 1592, 1929]"
822,"[1191, 1904, 1489, 1562, 1523]"
823,"[846, 692, 1192, 1523, 440]"
824,"[165, 1676, 1695, 1192, 164]"
825,"[1567, 1904, 922, 1884, 165]"
826,"[113, 878, 164, 89, 112]"
827,"[868, 1748, 1071, 1904, 1554]"
828,"[1630, 919, 175, 1901, 1592]"
829,"[1567, 113, 878, 1904, 1899]"
830,"[1922, 1897, 1904, 113, 112]"
831,"[1904, 455, 116, 1192, 692]"
832,"[1904, 922, 113, 165, 1070]"
833,"[114, 116, 1192, 1904, 1640]"
834,"[1904, 1192, 1270, 1606, 692]"
835,"[165, 1924, 409, 1887, 1249]"
836,"[720, 977, 918, 1735, 1566]"
837,"[1907, 1636, 125, 1069, 165]"
838,"[1063, 808, 866, 925, 167]"
839,"[1899, 1064, 1069, 1704, 1705]"
840,"[167, 928, 169, 929, 156]"
841,"[165, 409, 922, 410, 1202]"
842,"[403, 211, 862, 1075, 1723]"
843,"[1069, 1028, 167, 156, 932]"
844,"[807, 1248, 618, 7, 114]"
845,"[165, 1615, 164, 1904, 1620]"
846,"[1030, 1648, 1915, 403, 209]"
847,"[128, 468, 73, 111, 480]"
848,"[102, 1746, 1904, 1905, 1922]"
849,"[1708, 1246, 1772, 413, 1704]"
850,"[672, 1887, 1891, 89, 851]"
851,"[95, 97, 96, 890, 93]"
852,"[1904, 878, 1526, 1899, 1922]"
853,"[1066, 1909, 1666, 78, 1193]"
854,"[280, 275, 281, 272, 912]"
855,"[164, 921, 920, 114, 405]"
856,"[408, 1915, 1902, 165, 1639]"
857,"[1246, 89, 250, 1922, 1897]"
858,"[1887, 866, 857, 1705, 1704]"
859,"[650, 291, 892, 808, 884]"
860,"[1899, 1526, 890, 112, 1922]"
861,"[1073, 639, 652, 1929, 650]"
862,"[1620, 165, 89, 1566, 1904]"
863,"[1904, 1666, 110, 98, 624]"
864,"[124, 1197, 1696, 114, 1192]"
865,"[1861, 1320, 410, 866, 1202]"
866,"[1904, 1612, 1567, 1192, 113]"
867,"[1612, 89, 866, 113, 1887]"
868,"[1761, 1760, 1705, 1924, 111]"
869,"[1904, 922, 102, 1611, 1604]"
870,"[353, 726, 727, 1650, 734]"
871,"[1705, 1704, 108, 1246, 1721]"
872,"[89, 113, 1677, 112, 890]"
873,"[97, 96, 98, 102, 165]"
874,"[409, 125, 165, 1526, 1184]"
875,"[727, 1248, 1675, 726, 993]"
876,"[1248, 890, 1698, 1192, 1006]"
877,"[111, 44, 480, 1717, 18]"
878,"[114, 624, 110, 1613, 603]"
879,"[1655, 164, 165, 749, 97]"
880,"[1526, 1896, 43, 1899, 890]"
881,"[128, 1526, 1192, 1543, 1922]"
882,"[165, 164, 121, 89, 1607]"
883,"[692, 846, 1705, 1704, 440]"
884,"[89, 470, 620, 121, 403]"
885,"[1192, 1312, 455, 454, 1112]"
886,"[291, 1192, 1605, 1112, 687]"
887,"[1556, 1538, 1907, 165, 89]"
888,"[1887, 1701, 749, 1670, 102]"
889,"[866, 749, 1670, 121, 757]"
890,"[1904, 1705, 1704, 860, 1191]"
891,"[409, 1904, 113, 1915, 890]"
892,"[1063, 1612, 866, 121, 37]"
893,"[1705, 1704, 1760, 1761, 1762]"
894,"[1168, 1184, 384, 1647, 1167]"
895,"[1922, 1897, 1526, 1907, 89]"
896,"[1907, 1887, 1904, 890, 1885]"
897,"[1666, 1193, 1885, 1659, 1705]"
898,"[1704, 1705, 1073, 1027, 1527]"
899,"[1191, 1904, 432, 1607, 1192]"
900,"[1006, 66, 403, 249, 1632]"
901,"[1193, 1904, 1613, 1922, 1897]"
902,"[408, 1676, 1915, 470, 620]"
903,"[165, 408, 1196, 200, 902]"
904,"[784, 667, 739, 175, 165]"
905,"[1699, 1907, 409, 1070, 1566]"
906,"[409, 1904, 1887, 113, 1896]"
907,"[1675, 403, 165, 1809, 979]"
908,"[408, 1676, 171, 1344, 66]"
909,"[1907, 113, 878, 1904, 1567]"
910,"[1704, 1705, 1762, 1760, 1761]"
911,"[1191, 455, 1904, 1192, 1255]"
912,"[1696, 1922, 1897, 1567, 98]"
913,"[403, 1077, 222, 914, 915]"
914,"[1613, 455, 1904, 110, 1192]"
915,"[1907, 1526, 878, 1922, 1897]"
916,"[403, 1902, 1034, 222, 1636]"
917,"[1757, 1776, 1812, 1810, 1706]"
918,"[1705, 1704, 1772, 1581, 681]"
919,"[933, 89, 1202, 925, 167]"
920,"[409, 113, 165, 164, 878]"
921,"[165, 423, 1244, 113, 102]"
922,"[1640, 639, 791, 1660, 1651]"
923,"[470, 620, 165, 670, 1885]"
924,"[1646, 866, 1887, 1114, 497]"
925,"[408, 122, 916, 148, 1249]"
926,"[216, 1591, 185, 202, 199]"
927,"[43, 1526, 1904, 1922, 1897]"
928,"[1922, 1897, 1526, 113, 1192]"
929,"[1006, 73, 1772, 1708, 37]"
930,"[1677, 113, 165, 922, 102]"
931,"[1729, 1069, 385, 726, 727]"
932,"[922, 165, 1904, 878, 124]"
933,"[1676, 89, 409, 165, 1696]"
934,"[1902, 1555, 1561, 1604, 1606]"
935,"[18, 125, 1772, 1709, 1703]"
936,"[1612, 866, 1620, 1118, 1527]"
937,"[878, 1526, 164, 113, 1899]"
938,"[409, 102, 1746, 164, 1344]"
939,"[1708, 1246, 413, 1772, 1704]"
940,"[439, 1112, 1705, 1704, 860]"
941,"[922, 1904, 890, 1890, 113]"
942,"[1192, 1604, 926, 1536, 165]"
943,"[408, 1902, 595, 593, 588]"
944,"[272, 270, 274, 165, 136]"
945,"[1904, 1191, 1890, 1562, 1070]"
946,"[1567, 37, 95, 1705, 1704]"
947,"[1704, 1705, 789, 933, 403]"
948,"[1073, 102, 165, 405, 97]"
949,"[925, 167, 928, 931, 174]"
950,"[1904, 1191, 1890, 1532, 1489]"
951,"[1666, 1202, 213, 164, 672]"
952,"[1929, 772, 1592, 639, 650]"
953,"[409, 165, 89, 1907, 1025]"
954,"[1760, 692, 1192, 114, 1704]"
955,"[1899, 1674, 1907, 1526, 89]"
956,"[106, 1890, 1191, 1887, 1536]"
957,"[163, 175, 868, 1748, 458]"
958,"[1708, 1806, 1864, 1246, 1860]"
959,"[1904, 922, 1696, 116, 113]"
960,"[89, 1907, 112, 890, 1070]"
961,"[116, 1523, 1191, 1536, 1275]"
962,"[111, 1317, 1723, 1717, 468]"
963,"[1904, 102, 458, 650, 749]"
964,"[1904, 116, 110, 78, 1890]"
965,"[1907, 1202, 410, 1639, 615]"
966,"[116, 114, 890, 1904, 110]"
967,"[1163, 1314, 223, 800, 652]"
968,"[1676, 1750, 890, 438, 112]"
969,"[423, 1244, 1196, 165, 409]"
970,"[1902, 410, 1202, 1030, 1907]"
971,"[890, 1914, 121, 1904, 866]"
972,"[1770, 115, 1375, 1349, 1224]"
973,"[1526, 1922, 1897, 1615, 1904]"
974,"[111, 599, 575, 587, 577]"
975,"[1193, 1909, 165, 1620, 432]"
976,"[927, 1592, 1907, 773, 1536]"
977,"[259, 217, 1632, 211, 1633]"
978,"[692, 1192, 440, 1523, 1904]"
979,"[403, 1705, 1704, 1666, 902]"
980,"[1002, 1632, 946, 986, 192]"
981,"[1705, 1704, 1758, 1762, 732]"
982,"[1184, 1695, 1204, 605, 785]"
983,"[165, 1887, 60, 1924, 98]"
984,"[1676, 1675, 1677, 165, 408]"
985,"[89, 409, 165, 113, 112]"
986,"[409, 1526, 1922, 1897, 113]"
987,"[165, 1675, 1676, 1677, 124]"
988,"[1191, 1904, 1613, 1192, 1523]"
989,"[1592, 782, 1820, 1817, 1821]"
990,"[1526, 1899, 165, 1922, 1897]"
991,"[1063, 1567, 878, 1904, 1887]"
992,"[1910, 1899, 1890, 1904, 1526]"
993,"[145, 1666, 1320, 1659, 403]"
994,"[629, 408, 701, 675, 1924]"
995,"[60, 1073, 289, 139, 1592]"
996,"[124, 1197, 637, 787, 223]"
997,"[866, 165, 113, 1907, 928]"
998,"[1904, 1191, 116, 1192, 110]"
999,"[1566, 1700, 1640, 1202, 410]"
1000,"[979, 1661, 626, 1911, 1567]"
1001,"[866, 1063, 925, 167, 928]"
1002,"[1567, 1887, 102, 1746, 1539]"
1003,"[1567, 1887, 1704, 1705, 1761]"
1004,"[789, 925, 167, 928, 931]"
1005,"[1735, 1334, 405, 1648, 1363]"
1006,"[97, 98, 96, 1924, 1521]"
1007,"[1045, 925, 924, 1035, 1929]"
1008,"[1246, 1772, 1708, 594, 73]"
1009,"[1258, 1256, 1260, 1620, 1303]"
1010,"[1907, 89, 113, 447, 1070]"
1011,"[866, 650, 749, 121, 892]"
1012,"[692, 1192, 1523, 1904, 1726]"
1013,"[102, 1746, 1922, 1897, 1620]"
1014,"[165, 789, 672, 1620, 1746]"
1015,"[409, 165, 113, 1615, 164]"
1016,"[1904, 113, 112, 878, 890]"
1017,"[481, 97, 96, 98, 765]"
1018,"[1191, 1904, 1612, 1613, 102]"
1019,"[1922, 1897, 1526, 409, 165]"
1020,"[846, 650, 687, 44, 1112]"
1021,"[1523, 1521, 455, 112, 1192]"
1022,"[89, 113, 1907, 60, 432]"
1023,"[1521, 1605, 687, 439, 449]"
1024,"[408, 1690, 1787, 1786, 1196]"
1025,"[1762, 1758, 1704, 1705, 860]"
1026,"[111, 1317, 1723, 1717, 468]"
1027,"[1911, 89, 1043, 1892, 1887]"
1028,"[1935, 1865, 1863, 1708, 1864]"
1029,"[1073, 1077, 1299, 265, 403]"
1030,"[1007, 443, 95, 660, 1063]"
1031,"[672, 430, 898, 432, 764]"
1032,"[1567, 1904, 1705, 1704, 95]"
1033,"[1066, 1666, 1906, 1202, 410]"
1034,"[1924, 16, 1249, 860, 839]"
1035,"[657, 648, 1670, 1820, 1819]"
1036,"[1248, 1677, 165, 1696, 1193]"
1037,"[1607, 444, 1885, 1298, 1892]"
1038,"[692, 846, 1523, 1192, 888]"
1039,"[1555, 438, 1705, 1717, 1704]"
1040,"[98, 1640, 1202, 410, 1695]"
1041,"[823, 824, 403, 1575, 737]"
1042,"[405, 902, 615, 207, 1269]"
1043,"[986, 192, 946, 982, 1257]"
1044,"[408, 1676, 1202, 410, 890]"
1045,"[415, 613, 417, 416, 101]"
1046,"[1592, 672, 410, 1202, 1249]"
1047,"[890, 124, 1592, 922, 672]"
1048,"[749, 1810, 1844, 1670, 930]"
1049,"[749, 774, 757, 747, 754]"
1050,"[1192, 1904, 1068, 335, 890]"
1051,"[89, 1677, 1733, 926, 165]"
1052,"[403, 902, 1320, 409, 1006]"
1053,"[1700, 1196, 1566, 98, 340]"
1054,"[787, 930, 1654, 925, 167]"
1055,"[1063, 95, 37, 1567, 866]"
1056,"[1488, 1449, 1338, 1466, 1484]"
1057,"[187, 1040, 1885, 1632, 97]"
1058,"[925, 167, 928, 931, 174]"
1059,"[860, 692, 1705, 1704, 111]"
1060,"[1904, 1705, 1704, 860, 1191]"
1061,"[1590, 823, 824, 1249, 1592]"
1062,"[1192, 1904, 1523, 455, 454]"
1063,"[1733, 165, 739, 1887, 1890]"
1064,"[78, 1909, 1666, 1193, 1640]"
1065,"[672, 410, 1202, 405, 1659]"
1066,"[1613, 1639, 1696, 1898, 1582]"
1067,"[1915, 165, 1675, 159, 1025]"
1068,"[1772, 1192, 1246, 1708, 587]"
1069,"[412, 1750, 28, 614, 411]"
1070,"[409, 89, 113, 1907, 1526]"
1071,"[1202, 410, 1611, 1646, 930]"
1072,"[1904, 922, 860, 1924, 102]"
1073,"[1532, 1538, 1489, 1554, 1562]"
1074,"[866, 121, 808, 167, 928]"
1075,"[787, 1249, 1592, 1924, 425]"
1076,"[79, 1663, 1788, 1787, 1786]"
1077,"[1615, 290, 478, 163, 175]"
1078,"[1904, 1907, 1890, 922, 926]"
1079,"[171, 1750, 1196, 614, 423]"
1080,"[1659, 1077, 1260, 1298, 1269]"
1081,"[1043, 164, 1202, 410, 1911]"
1082,"[1246, 1708, 471, 454, 62]"
1083,"[409, 1904, 113, 89, 112]"
1084,"[1705, 1704, 1723, 511, 1632]"
1085,"[1130, 222, 376, 1133, 281]"
1086,"[1191, 1904, 1890, 1562, 1554]"
1087,"[1924, 1904, 922, 124, 1611]"
1088,"[89, 1069, 114, 1696, 1604]"
1089,"[1592, 1061, 265, 136, 405]"
1090,"[89, 1527, 1620, 165, 121]"
1091,"[1690, 599, 468, 597, 593]"
1092,"[430, 1260, 1258, 945, 944]"
1093,"[480, 111, 1428, 468, 862]"
1094,"[403, 862, 1704, 1705, 480]"
1095,"[1704, 1705, 1827, 1829, 1754]"
1096,"[1915, 497, 1887, 890, 1561]"
1097,"[1907, 165, 409, 1924, 1696]"
1098,"[1795, 1705, 866, 37, 1770]"
1099,"[749, 1670, 1750, 405, 1118]"
1100,"[922, 1924, 97, 96, 102]"
1101,"[1612, 1118, 121, 1891, 1620]"
1102,"[1904, 1924, 1192, 1896, 1884]"
1103,"[106, 1298, 752, 761, 430]"
1104,"[1428, 433, 1723, 738, 403]"
1105,"[1855, 1006, 236, 1003, 237]"
1106,"[1600, 1904, 1192, 1910, 1926]"
1107,"[1907, 113, 89, 112, 1567]"
1108,"[72, 370, 248, 66, 1170]"
1109,"[1705, 1704, 530, 1246, 618]"
1110,"[111, 1705, 1249, 687, 1704]"
1111,"[1246, 471, 454, 1744, 456]"
1112,"[1277, 1608, 1538, 1607, 98]"
1113,"[1317, 1063, 1006, 480, 1007]"
1114,"[1192, 114, 112, 890, 455]"
1115,"[480, 37, 111, 1723, 95]"
1116,"[1907, 1922, 1897, 165, 89]"
1117,"[409, 165, 89, 1907, 1526]"
1118,"[1677, 1607, 1639, 60, 1636]"
1119,"[692, 1705, 1704, 1273, 1600]"
1120,"[1612, 866, 1620, 1193, 165]"
1121,"[1705, 1704, 112, 113, 890]"
1122,"[912, 270, 274, 281, 1696]"
1123,"[97, 96, 98, 1118, 1620]"
1124,"[1534, 878, 692, 102, 1677]"
1125,"[1901, 1592, 408, 102, 216]"
1126,"[1112, 1717, 44, 111, 1317]"
1127,"[113, 1904, 1613, 164, 1905]"
1128,"[1612, 866, 37, 121, 1762]"
1129,"[116, 113, 114, 890, 112]"
1130,"[1907, 1527, 928, 695, 276]"
1131,"[1885, 1937, 1735, 304, 171]"
1132,"[403, 1676, 410, 1202, 1675]"
1133,"[1543, 1900, 1902, 890, 1552]"
1134,"[890, 1902, 1249, 1073, 1830]"
1135,"[1138, 1204, 455, 102, 1573]"
1136,"[1192, 1610, 1904, 1521, 1523]"
1137,"[213, 1676, 165, 1618, 1675]"
1138,"[1922, 1897, 1907, 1566, 1526]"
1139,"[73, 1096, 1717, 403, 1317]"
1140,"[1723, 468, 73, 480, 111]"
1141,"[866, 1044, 1760, 1064, 890]"
1142,"[1704, 1705, 885, 148, 1252]"
1143,"[692, 1915, 102, 1746, 165]"
1144,"[658, 281, 165, 216, 1603]"
1145,"[1567, 1404, 1812, 1813, 1706]"
1146,"[1696, 290, 313, 314, 281]"
1147,"[1070, 289, 695, 1527, 97]"
1148,"[164, 620, 470, 1885, 1026]"
1149,"[1761, 1762, 1758, 1098, 1067]"
1150,"[413, 1605, 652, 646, 650]"
1151,"[599, 468, 593, 597, 595]"
1152,"[1904, 1192, 614, 878, 454]"
1153,"[926, 866, 470, 620, 808]"
1154,"[16, 135, 1567, 1705, 1704]"
1155,"[739, 1184, 125, 1733, 165]"
1156,"[1592, 408, 165, 213, 979]"
1157,"[165, 164, 89, 1885, 102]"
1158,"[116, 114, 1192, 455, 890]"
1159,"[1890, 165, 405, 1677, 692]"
1160,"[846, 692, 1726, 1705, 1704]"
1161,"[1193, 1640, 1202, 410, 1735]"
1162,"[1297, 110, 1904, 116, 1192]"
1163,"[409, 1922, 1897, 1526, 1899]"
1164,"[1911, 213, 979, 734, 1043]"
1165,"[1670, 167, 928, 169, 929]"
1166,"[1006, 1632, 1634, 1013, 1009]"
1167,"[707, 371, 98, 1795, 97]"
1168,"[1676, 165, 1193, 1202, 410]"
1169,"[1915, 165, 1202, 410, 925]"
1170,"[1761, 1760, 1705, 1924, 111]"
1171,"[1915, 922, 102, 1924, 1604]"
1172,"[1536, 111, 1192, 1921, 1604]"
1173,"[409, 165, 113, 89, 1907]"
1174,"[1904, 1192, 1523, 1532, 455]"
1175,"[1677, 165, 1911, 213, 979]"
1176,"[1246, 1708, 1772, 413, 594]"
1177,"[689, 110, 1274, 1192, 78]"
1178,"[692, 1705, 1704, 1761, 1726]"
1179,"[165, 1750, 613, 416, 614]"
1180,"[412, 1698, 409, 1696, 165]"
1181,"[122, 672, 1735, 1666, 408]"
1182,"[1887, 749, 757, 1885, 121]"
1183,"[302, 1787, 1428, 1723, 2]"
1184,"[275, 1317, 281, 413, 111]"
1185,"[818, 726, 727, 1650, 734]"
1186,"[1191, 866, 1556, 1666, 1904]"
1187,"[114, 1202, 410, 603, 1073]"
1188,"[1204, 403, 605, 1696, 1698]"
1189,"[990, 1752, 892, 1649, 403]"
1190,"[126, 789, 1639, 925, 167]"
1191,"[89, 165, 1677, 405, 121]"
1192,"[613, 789, 672, 1567, 416]"
1193,"[1704, 1705, 1889, 468, 73]"
1194,"[1249, 1344, 823, 1885, 824]"
1195,"[1575, 98, 1929, 97, 96]"
1196,"[405, 1750, 25, 423, 1244]"
1197,"[1526, 409, 1899, 789, 113]"
1198,"[890, 112, 101, 1899, 454]"
1199,"[165, 926, 1604, 922, 124]"
1200,"[1904, 1567, 698, 860, 135]"
1201,"[866, 136, 375, 1073, 1772]"
1202,"[1604, 890, 112, 1536, 1192]"
1203,"[1922, 1897, 455, 165, 878]"
1204,"[1192, 1904, 116, 1523, 114]"
1205,"[116, 114, 1904, 605, 1192]"
1206,"[1675, 1676, 1677, 1325, 1323]"
1207,"[1836, 986, 950, 193, 951]"
1208,"[79, 1832, 1105, 1873, 1836]"
1209,"[1905, 165, 928, 922, 1613]"
1210,"[1772, 365, 800, 18, 1317]"
1211,"[1890, 1705, 1704, 1758, 1762]"
1212,"[409, 113, 165, 89, 164]"
1213,"[110, 1696, 1613, 692, 1904]"
1214,"[444, 920, 1248, 720, 1790]"
1215,"[1202, 410, 98, 603, 165]"
1216,"[1836, 1873, 1832, 1809, 964]"
1217,"[1202, 410, 406, 407, 478]"
1218,"[1891, 1887, 1114, 1160, 405]"
1219,"[692, 1904, 1639, 1613, 1270]"
1220,"[890, 112, 291, 1533, 1275]"
1221,"[692, 1192, 1910, 114, 677]"
1222,"[922, 1750, 423, 1244, 165]"
1223,"[1904, 1191, 1521, 1523, 1192]"
1224,"[289, 1068, 1762, 1758, 1155]"
1225,"[73, 1246, 1317, 82, 413]"
1226,"[1889, 102, 1887, 1202, 410]"
1227,"[1695, 605, 603, 1639, 1603]"
1228,"[165, 789, 1705, 1704, 403]"
1229,"[16, 1192, 1904, 455, 454]"
1230,"[1192, 1112, 18, 1273, 447]"
1231,"[860, 1192, 111, 413, 16]"
1232,"[403, 605, 125, 1006, 164]"
1233,"[403, 672, 1885, 167, 928]"
1234,"[1915, 128, 165, 866, 1561]"
1235,"[1704, 1705, 112, 1907, 113]"
1236,"[1904, 1705, 1704, 860, 1191]"
1237,"[1620, 1027, 121, 1549, 1527]"
1238,"[1028, 167, 928, 169, 929]"
1239,"[1698, 1575, 1640, 688, 853]"
1240,"[1904, 1274, 1147, 1192, 1275]"
1241,"[639, 1791, 1790, 1788, 1787]"
1242,"[95, 1646, 93, 1527, 1887]"
1243,"[1160, 1063, 1567, 1891, 1114]"
1244,"[868, 1748, 1071, 425, 811]"
1245,"[1915, 692, 1275, 1604, 1906]"
1246,"[1536, 1562, 1534, 1618, 1890]"
1247,"[89, 1675, 113, 1677, 1750]"
1248,"[1904, 111, 1705, 16, 44]"
1249,"[1904, 1526, 1922, 1897, 1899]"
1250,"[1705, 1704, 1760, 1761, 1762]"
1251,"[971, 159, 1025, 937, 403]"
1252,"[405, 60, 1695, 165, 113]"
1253,"[1924, 1904, 609, 1523, 1192]"
1254,"[1063, 1708, 73, 1772, 808]"
1255,"[1887, 1202, 410, 926, 1885]"
1256,"[1907, 121, 1887, 1916, 1073]"
1257,"[1907, 89, 116, 1566, 409]"
1258,"[1750, 1028, 167, 1029, 928]"
1259,"[1705, 1761, 1760, 1704, 432]"
1260,"[165, 113, 1677, 89, 922]"
1261,"[1899, 43, 1887, 1288, 866]"
1262,"[351, 997, 1075, 1632, 1698]"
1263,"[1907, 89, 1885, 165, 408]"
1264,"[111, 1317, 1704, 1705, 403]"
1265,"[749, 866, 1670, 111, 468]"
1266,"[1191, 1904, 1885, 1192, 1890]"
1267,"[1904, 1890, 1068, 1066, 1070]"
1268,"[1529, 1193, 1191, 878, 102]"
1269,"[16, 1249, 54, 57, 58]"
1270,"[1887, 1705, 1758, 1704, 1921]"
1271,"[1567, 37, 1069, 480, 866]"
1272,"[732, 444, 1591, 74, 438]"
1273,"[1204, 807, 1573, 606, 723]"
1274,"[1534, 89, 102, 113, 409]"
1275,"[1904, 1192, 455, 114, 1600]"
1276,"[1160, 1904, 444, 97, 96]"
1277,"[1315, 652, 639, 681, 101]"
1278,"[692, 1523, 1192, 1904, 1604]"
1279,"[1924, 102, 1746, 1592, 692]"
1280,"[708, 432, 1270, 848, 78]"
1281,"[1526, 1922, 1897, 1615, 409]"
1282,"[1913, 1770, 1701, 1670, 403]"
1283,"[1666, 165, 1677, 1196, 672]"
1284,"[1924, 1904, 1192, 1890, 692]"
1285,"[1772, 468, 630, 1895, 30]"
1286,"[1527, 165, 1911, 1202, 410]"
1287,"[672, 403, 410, 1202, 405]"
1288,"[89, 165, 1677, 60, 113]"
1289,"[1904, 860, 1241, 1240, 1611]"
1290,"[1063, 37, 866, 1567, 1762]"
1291,"[408, 890, 1902, 1830, 1871]"
1292,"[1202, 328, 603, 925, 1695]"
1293,"[925, 167, 928, 931, 174]"
1294,"[738, 1789, 1705, 1704, 737]"
1295,"[1246, 1772, 1708, 594, 73]"
1296,"[89, 165, 911, 1133, 928]"
1297,"[991, 1632, 222, 1640, 672]"
1298,"[1922, 1897, 692, 1070, 1696]"
1299,"[1054, 1344, 1592, 361, 1269]"
1300,"[409, 1696, 922, 1616, 1745]"
1301,"[1922, 1897, 1526, 1904, 878]"
1302,"[1704, 1705, 410, 1202, 1659]"
1303,"[409, 1899, 1904, 89, 113]"
1304,"[695, 1133, 1040, 1560, 403]"
1305,"[113, 1904, 1613, 1899, 1556]"
1306,"[1592, 1836, 1590, 1338, 213]"
1307,"[1705, 403, 862, 1704, 121]"
1308,"[1904, 1889, 1890, 1762, 1758]"
1309,"[1904, 1887, 1890, 1192, 1249]"
1310,"[409, 922, 1904, 1526, 1905]"
1311,"[1639, 470, 620, 926, 672]"
1312,"[1899, 165, 1598, 1904, 1909]"
1313,"[1612, 866, 165, 620, 164]"
1314,"[1632, 403, 993, 991, 222]"
1315,"[672, 789, 851, 933, 930]"
1316,"[1191, 1270, 1904, 438, 848]"
1317,"[1696, 1922, 1897, 98, 808]"
1318,"[403, 66, 1363, 1338, 282]"
1319,"[403, 1809, 66, 1705, 1704]"
1320,"[1676, 1677, 926, 1202, 410]"
1321,"[1690, 1184, 408, 1674, 1017]"
1322,"[1904, 1192, 1890, 1523, 1906]"
1323,"[165, 1676, 1193, 1675, 171]"
1324,"[1692, 403, 1705, 1704, 1317]"
1325,"[866, 925, 167, 928, 931]"
1326,"[440, 1705, 1704, 860, 1758]"
1327,"[403, 1666, 824, 1043, 1250]"
1328,"[455, 1904, 1192, 112, 113]"
1329,"[89, 890, 1760, 1705, 1758]"
1330,"[1063, 1896, 1922, 1897, 1905]"
1331,"[739, 1727, 1184, 382, 785]"
1332,"[1904, 1611, 866, 1191, 1830]"
1333,"[165, 409, 89, 922, 1613]"
1334,"[1192, 165, 1750, 444, 1695]"
1335,"[1612, 866, 121, 1620, 1891]"
1336,"[29, 806, 40, 216, 15]"
1337,"[165, 1924, 1695, 405, 808]"
1338,"[726, 403, 1666, 725, 287]"
1339,"[1704, 1705, 1758, 846, 1762]"
1340,"[1526, 1922, 1897, 1615, 1904]"
1341,"[113, 43, 1904, 875, 1554]"
1342,"[409, 1526, 1904, 1922, 1897]"
1343,"[432, 1904, 848, 1890, 1906]"
1344,"[868, 1748, 866, 1063, 413]"
1345,"[1646, 165, 1027, 930, 1045]"
1346,"[1588, 163, 892, 1887, 1897]"
1347,"[1890, 1909, 1885, 1886, 1892]"
1348,"[1676, 1904, 89, 60, 124]"
1349,"[890, 112, 1674, 1887, 1899]"
1350,"[113, 1907, 165, 1613, 112]"
1351,"[408, 1750, 101, 405, 612]"
1352,"[1907, 1032, 1705, 106, 1890]"
1353,"[165, 1784, 1677, 60, 1639]"
1354,"[1887, 37, 866, 1114, 501]"
1355,"[687, 1772, 439, 1605, 1581]"
1356,"[1338, 403, 1363, 1370, 1006]"
1357,"[1904, 1567, 860, 1896, 409]"
1358,"[98, 1904, 89, 113, 165]"
1359,"[1607, 1277, 1270, 432, 624]"
1360,"[1721, 97, 96, 856, 672]"
1361,"[165, 409, 922, 89, 1922]"
1362,"[1620, 102, 1527, 922, 1905]"
1363,"[1705, 1704, 1761, 1760, 89]"
1364,"[1112, 1192, 1904, 454, 455]"
1365,"[1705, 1704, 1926, 1904, 1270]"
1366,"[1526, 1073, 365, 1922, 1897]"
1367,"[444, 121, 375, 1114, 1160]"
1368,"[1915, 925, 167, 928, 931]"
1369,"[885, 1659, 1666, 824, 738]"
1370,"[1567, 37, 1705, 1704, 1768]"
1371,"[409, 1904, 1899, 113, 789]"
1372,"[1907, 1890, 1552, 890, 1543]"
1373,"[1914, 1612, 1034, 403, 159]"
1374,"[1192, 1160, 1073, 647, 681]"
1375,"[1887, 1567, 1527, 1554, 878]"
1376,"[1906, 1904, 1666, 1640, 1202]"
1377,"[1904, 1192, 455, 1899, 454]"
1378,"[1567, 1904, 1191, 1887, 1885]"
1379,"[1112, 1772, 439, 884, 291]"
1380,"[1073, 165, 878, 1534, 102]"
1381,"[1590, 1249, 823, 964, 1338]"
1382,"[866, 1063, 925, 167, 928]"
1383,"[890, 112, 114, 89, 1676]"
1384,"[1040, 1632, 1130, 650, 853]"
1385,"[866, 1752, 1704, 1705, 1887]"
1386,"[468, 73, 16, 1772, 1317]"
1387,"[1580, 126, 332, 110, 1904]"
1388,"[1695, 1639, 405, 1270, 1291]"
1389,"[1612, 110, 114, 1889, 1907]"
1390,"[1249, 535, 1461, 1505, 1210]"
1391,"[1192, 1904, 1889, 1896, 135]"
1392,"[1554, 866, 1772, 37, 1904]"
1393,"[114, 890, 667, 1320, 657]"
1394,"[1829, 1307, 808, 309, 866]"
1395,"[1679, 468, 14, 21, 816]"
1396,"[828, 1772, 464, 594, 1513]"
1397,"[1762, 884, 1192, 846, 687]"
1398,"[890, 1676, 1648, 1543, 1914]"
1399,"[1192, 1726, 1604, 111, 692]"
1400,"[95, 866, 443, 1114, 37]"
1401,"[108, 1695, 89, 1319, 270]"
1402,"[1567, 1904, 1192, 1910, 1523]"
1403,"[1705, 1745, 1616, 425, 1893]"
1404,"[1727, 1270, 259, 691, 1604]"
1405,"[1772, 1246, 808, 73, 1317]"
1406,"[1904, 878, 1554, 1613, 1489]"
1407,"[575, 564, 567, 566, 563]"
1408,"[1735, 408, 1592, 1338, 1659]"
1409,"[409, 1922, 1897, 113, 1526]"
1410,"[444, 1607, 672, 851, 74]"
1411,"[1192, 1889, 1904, 135, 1567]"
1412,"[1735, 1810, 1815, 1822, 1706]"
1413,"[1191, 438, 1890, 1904, 1270]"
1414,"[1904, 1191, 1489, 1890, 1532]"
1415,"[455, 116, 114, 1676, 1192]"
1416,"[403, 1043, 1885, 97, 96]"
1417,"[1613, 1904, 773, 159, 1025]"
1418,"[171, 165, 423, 1244, 1677]"
1419,"[165, 403, 405, 1118, 444]"
1420,"[1887, 1114, 1830, 1871, 1834]"
1421,"[1523, 1192, 1904, 114, 455]"
1422,"[1904, 43, 1896, 1613, 1567]"
1423,"[846, 692, 1611, 1192, 1604]"
1424,"[679, 16, 1204, 445, 1249]"
1425,"[1567, 650, 43, 652, 1063]"
1426,"[926, 1885, 470, 620, 670]"
1427,"[1567, 1907, 113, 1904, 89]"
1428,"[1063, 1539, 1567, 1904, 1899]"
1429,"[749, 1825, 757, 755, 756]"
1430,"[1567, 95, 1887, 1904, 1892]"
1431,"[1592, 1760, 1704, 1705, 292]"
1432,"[89, 1922, 1897, 1526, 409]"
1433,"[89, 1534, 1677, 409, 102]"
1434,"[1705, 1704, 108, 1246, 1721]"
1435,"[1611, 878, 50, 500, 1896]"
1436,"[1705, 1704, 1889, 1712, 471]"
1437,"[1202, 410, 1885, 1073, 405]"
1438,"[409, 89, 113, 672, 1904]"
1439,"[1612, 866, 121, 1620, 1118]"
1440,"[1675, 165, 1677, 1612, 1620]"
1441,"[1193, 228, 1009, 1013, 253]"
1442,"[1695, 1639, 165, 124, 1676]"
1443,"[1675, 1676, 165, 1696, 89]"
1444,"[403, 319, 603, 749, 1695]"
1445,"[1592, 1915, 226, 244, 408]"
1446,"[1907, 1063, 1899, 1910, 454]"
1447,"[1705, 726, 727, 1650, 734]"
1448,"[1489, 1554, 1564, 1532, 1556]"
1449,"[102, 113, 116, 112, 1534]"
1450,"[1255, 1893, 1677, 1160, 1885]"
1451,"[1902, 1560, 1552, 1344, 1561]"
1452,"[695, 295, 167, 928, 169]"
1453,"[1695, 165, 125, 1063, 98]"
1454,"[98, 97, 96, 692, 341]"
1455,"[789, 409, 1118, 403, 749]"
1456,"[455, 1695, 98, 16, 458]"
1457,"[884, 43, 1887, 1521, 1191]"
1458,"[1904, 878, 1922, 1897, 1615]"
1459,"[1096, 431, 1086, 1282, 282]"
1460,"[1615, 1526, 1922, 1897, 409]"
1461,"[408, 1592, 164, 672, 98]"
1462,"[113, 1907, 112, 1904, 95]"
1463,"[89, 922, 1677, 165, 1202]"
1464,"[1063, 89, 1527, 1922, 1897]"
1465,"[405, 1196, 98, 1202, 410]"
1466,"[823, 1041, 403, 409, 405]"
1467,"[444, 165, 1118, 403, 789]"
1468,"[866, 667, 687, 789, 749]"
1469,"[1040, 124, 672, 165, 164]"
1470,"[720, 213, 979, 1255, 194]"
1471,"[928, 1027, 1527, 290, 1063]"
1472,"[692, 116, 1192, 1523, 1604]"
1473,"[405, 1202, 410, 1035, 1649]"
1474,"[1317, 289, 403, 866, 1428]"
1475,"[1907, 878, 890, 1899, 1072]"
1476,"[332, 365, 1580, 142, 807]"
1477,"[1612, 1065, 1620, 121, 1527]"
1478,"[1526, 1899, 165, 1922, 1897]"
1479,"[1904, 1724, 1536, 1191, 926]"
1480,"[113, 1904, 43, 1567, 878]"
1481,"[1526, 102, 925, 167, 928]"
1482,"[1922, 1897, 98, 1659, 1057]"
1483,"[1640, 125, 1676, 444, 672]"
1484,"[1705, 1704, 1760, 1761, 106]"
1485,"[1919, 672, 374, 1026, 1029]"
1486,"[168, 157, 173, 166, 172]"
1487,"[171, 1676, 789, 1853, 933]"
1488,"[1924, 124, 1640, 1904, 922]"
1489,"[1636, 438, 926, 1907, 922]"
1490,"[1904, 1192, 455, 1523, 692]"
1491,"[1705, 1704, 1600, 1273, 691]"
1492,"[1202, 410, 672, 444, 789]"
1493,"[113, 878, 1904, 102, 165]"
1494,"[1904, 1562, 102, 112, 890]"
1495,"[1911, 1636, 902, 213, 1566]"
1496,"[171, 116, 1192, 1521, 878]"
1497,"[1567, 16, 1607, 1704, 1705]"
1498,"[643, 1112, 44, 1904, 111]"
1499,"[403, 1249, 925, 167, 928]"
1500,"[1567, 1072, 1887, 1886, 93]"
1501,"[403, 1299, 866, 1904, 808]"
1502,"[1676, 890, 112, 926, 1675]"
1503,"[1904, 1906, 1750, 1666, 164]"
1504,"[73, 1317, 1006, 1063, 480]"
1505,"[1666, 1202, 410, 1904, 1297]"
1506,"[403, 1118, 480, 866, 121]"
1507,"[432, 1607, 1277, 672, 1608]"
1508,"[1884, 98, 97, 96, 467]"
1509,"[1894, 1871, 1834, 1599, 1608]"
1510,"[1704, 89, 1705, 1812, 1813]"
1511,"[403, 409, 1006, 73, 1670]"
1512,"[432, 1202, 1885, 1030, 1612]"
1513,"[1675, 165, 922, 1677, 1620]"
1514,"[274, 1016, 281, 273, 912]"
1515,"[16, 1249, 1204, 606, 1063]"
1516,"[1704, 1705, 135, 1830, 1871]"
1517,"[145, 408, 1902, 1676, 1344]"
1518,"[1567, 37, 95, 93, 501]"
1519,"[16, 1567, 114, 1758, 1604]"
1520,"[633, 654, 628, 638, 1670]"
1521,"[314, 793, 313, 82, 1073]"
1522,"[340, 1735, 749, 1853, 1632]"
1523,"[866, 890, 112, 1904, 113]"
1524,"[16, 114, 1772, 1192, 1895]"
1525,"[1192, 1246, 29, 1317, 1708]"
1526,"[409, 403, 824, 1704, 672]"
1527,"[1890, 1889, 1887, 1904, 444]"
1528,"[102, 1746, 890, 1599, 1555]"
1529,"[749, 1670, 919, 1118, 866]"
1530,"[890, 1552, 1887, 1890, 1904]"
1531,"[1904, 1191, 102, 1746, 1613]"
1532,"[403, 111, 1428, 1723, 480]"
1533,"[403, 1317, 73, 1723, 1428]"
1534,"[1896, 480, 1823, 1067, 1192]"
1535,"[409, 1904, 1202, 410, 624]"
1536,"[866, 892, 1612, 121, 66]"
1537,"[1567, 37, 866, 1723, 403]"
1538,"[1567, 1611, 16, 1192, 110]"
1539,"[1922, 1897, 409, 164, 165]"
1540,"[114, 1705, 111, 1600, 1273]"
1541,"[890, 112, 1676, 1620, 1193]"
1542,"[1567, 16, 114, 1896, 819]"
1543,"[471, 1705, 826, 447, 1758]"
1544,"[1612, 159, 1025, 937, 1034]"
1545,"[692, 846, 1192, 1604, 447]"
1546,"[1187, 23, 9, 36, 40]"
1547,"[73, 1704, 1705, 468, 403]"
1548,"[458, 1761, 1830, 903, 135]"
1549,"[1277, 1659, 1270, 1666, 53]"
1550,"[1192, 1666, 1904, 102, 1746]"
1551,"[1774, 1795, 1760, 1762, 1704]"
1552,"[1202, 410, 926, 167, 928]"
1553,"[73, 1759, 111, 249, 1570]"
1554,"[1704, 1705, 1607, 135, 403]"
1555,"[1567, 1704, 1705, 16, 1784]"
1556,"[890, 1902, 112, 1924, 692]"
1557,"[403, 409, 925, 167, 928]"
1558,"[455, 464, 16, 466, 1600]"
1559,"[480, 111, 1723, 403, 468]"
1560,"[1567, 95, 93, 37, 403]"
1561,"[16, 1742, 884, 1896, 454]"
1562,"[1924, 463, 291, 464, 687]"
1563,"[1567, 95, 1904, 1894, 37]"
1564,"[1904, 1070, 1192, 1147, 114]"
1565,"[165, 113, 164, 1904, 1615]"
1566,"[468, 111, 1830, 73, 1871]"
1567,"[1696, 1676, 403, 1698, 409]"
1568,"[1670, 749, 1118, 1320, 933]"
1569,"[1567, 901, 458, 848, 403]"
1570,"[1613, 901, 862, 1030, 1033]"
1571,"[98, 1659, 672, 444, 603]"
1572,"[438, 1270, 1907, 164, 1613]"
1573,"[73, 111, 1717, 1317, 1428]"
1574,"[442, 1772, 468, 441, 1265]"
1575,"[403, 1317, 1704, 1705, 480]"
1576,"[1138, 624, 1523, 1741, 1639]"
1577,"[737, 719, 405, 902, 1055]"
1578,"[1428, 73, 111, 403, 1723]"
1579,"[114, 116, 455, 1902, 692]"
1580,"[1192, 114, 110, 116, 454]"
1581,"[114, 1192, 1610, 455, 116]"
1582,"[1666, 74, 1249, 1575, 458]"
1583,"[1772, 468, 1705, 1704, 501]"
1584,"[1063, 1204, 102, 28, 230]"
1585,"[403, 1317, 480, 1723, 111]"
1586,"[672, 789, 851, 1567, 126]"
1587,"[892, 73, 121, 480, 1745]"
1588,"[1607, 884, 1615, 1608, 1202]"
1589,"[1676, 405, 926, 1202, 410]"
1590,"[1192, 116, 114, 455, 451]"
1591,"[1306, 465, 462, 667, 1701]"
1592,"[1705, 1704, 114, 807, 1889]"
1593,"[468, 111, 73, 1723, 480]"
1594,"[1670, 749, 66, 1320, 403]"
1595,"[749, 1670, 919, 1118, 866]"
1596,"[1704, 1705, 1708, 73, 1317]"
1597,"[1772, 379, 443, 291, 1581]"
1598,"[89, 165, 410, 1202, 1695]"
1599,"[1607, 1887, 1202, 672, 1639]"
1600,"[1705, 1704, 885, 1752, 738]"
1601,"[1607, 1904, 432, 1666, 1750]"
1602,"[438, 78, 1687, 434, 294]"
1603,"[1287, 1877, 1570, 135, 828]"
1604,"[1613, 1666, 1904, 1906, 432]"
1605,"[890, 922, 124, 1639, 1192]"
1606,"[1896, 16, 1567, 996, 1192]"
1607,"[1192, 102, 1746, 1611, 409]"
1608,"[1698, 1696, 1733, 1697, 1246]"
1609,"[1192, 1760, 1761, 1758, 1617]"
1610,"[1320, 1670, 749, 643, 628]"
1611,"[1723, 403, 111, 480, 749]"
1612,"[609, 444, 603, 1269, 403]"
1613,"[1196, 309, 405, 1735, 98]"
1614,"[1886, 1890, 1904, 111, 1887]"
1615,"[409, 161, 1670, 749, 1202]"
1616,"[1904, 124, 444, 1750, 165]"
1617,"[692, 1192, 1523, 1521, 440]"
1618,"[1588, 1906, 922, 1899, 1526]"
1619,"[1070, 1192, 114, 112, 455]"
1620,"[1257, 444, 1620, 1075, 1649]"
1621,"[116, 692, 846, 1604, 114]"
1622,"[848, 672, 165, 1607, 1608]"
1623,"[1704, 1705, 1567, 135, 1830]"
1624,"[1428, 340, 853, 2, 650]"
1625,"[890, 1582, 1380, 426, 1718]"
1626,"[1924, 1750, 102, 165, 124]"
1627,"[1277, 432, 1609, 1659, 1637]"
1628,"[455, 16, 114, 454, 458]"
1629,"[37, 1567, 95, 866, 1899]"
1630,"[1118, 1651, 1822, 1813, 1814]"
1631,"[1273, 1604, 102, 1746, 165]"
1632,"[1192, 1567, 16, 114, 1611]"
1633,"[890, 1676, 112, 114, 60]"
1634,"[1611, 432, 1249, 98, 287]"
1635,"[1066, 1705, 890, 1904, 121]"
1636,"[511, 1704, 1705, 1830, 1871]"
1637,"[692, 1277, 846, 1704, 1705]"
1638,"[37, 480, 1607, 1428, 1659]"
1639,"[1906, 432, 165, 1607, 926]"
1640,"[403, 933, 866, 66, 749]"
1641,"[114, 1676, 926, 890, 1604]"
1642,"[1639, 444, 789, 1898, 1607]"
1643,"[1566, 1269, 1639, 902, 1202]"
1644,"[1277, 1896, 1157, 1608, 1274]"
1645,"[1721, 884, 108, 478, 1249]"
1646,"[445, 789, 765, 770, 669]"
1647,"[1910, 440, 1192, 16, 1600]"
1648,"[1192, 116, 692, 846, 114]"
1649,"[1277, 413, 609, 29, 277]"
1650,"[1085, 15, 1147, 1044, 9]"
1651,"[1704, 1705, 372, 432, 286]"
1652,"[789, 950, 951, 916, 148]"
1653,"[1567, 1704, 1705, 16, 1607]"
1654,"[1277, 1704, 1705, 1896, 614]"
1655,"[1270, 1705, 1040, 1704, 862]"
1656,"[890, 1676, 112, 1675, 159]"
1657,"[1567, 16, 114, 1192, 1617]"
1658,"[1544, 1607, 688, 1721, 665]"
1659,"[1754, 1885, 688, 749, 1739]"
1660,"[1192, 1275, 1277, 1599, 1607]"
1661,"[1676, 1675, 165, 1604, 964]"
1662,"[16, 114, 454, 1192, 808]"
1663,"[1034, 121, 866, 1527, 1616]"
1664,"[1884, 1705, 1887, 1886, 1210]"
1665,"[1555, 1249, 1192, 1275, 1705]"
1666,"[1567, 16, 1896, 1884, 819]"
1667,"[403, 1317, 1704, 1705, 480]"
1668,"[403, 289, 1666, 1906, 409]"
1669,"[165, 1695, 97, 96, 98]"
1670,"[1320, 1334, 403, 511, 749]"
1671,"[16, 1884, 1567, 1761, 1760]"
1672,"[1567, 1896, 1904, 1615, 95]"
1673,"[1567, 1904, 1192, 114, 16]"
1674,"[890, 112, 114, 1902, 1904]"
1675,"[1666, 159, 1628, 164, 1904]"
1676,"[1027, 95, 420, 1735, 93]"
1677,"[1317, 1567, 390, 16, 276]"
1678,"[1567, 1072, 1191, 1887, 37]"
1679,"[1885, 106, 1892, 1890, 1598]"
1680,"[890, 1904, 43, 1899, 1922]"
1681,"[1567, 1192, 16, 114, 1772]"
1682,"[672, 973, 974, 976, 978]"
1683,"[890, 878, 125, 102, 248]"
1684,"[16, 455, 462, 1910, 454]"
1685,"[468, 1317, 73, 1246, 111]"
1686,"[216, 1063, 3, 1611, 1772]"
1687,"[1894, 1613, 1884, 163, 1133]"
1688,"[432, 1758, 1762, 111, 1904]"
1689,"[660, 1030, 1063, 1317, 226]"
1690,"[1666, 433, 78, 885, 1885]"
1691,"[1249, 43, 432, 425, 1575]"
1692,"[165, 167, 928, 169, 929]"
1693,"[1193, 672, 1887, 1885, 1640]"
1694,"[922, 1615, 808, 1904, 164]"
1695,"[1670, 161, 749, 1118, 1202]"
1696,"[1513, 24, 542, 1320, 594]"
1697,"[1701, 102, 126, 1201, 1746]"
1698,"[511, 1607, 1885, 851, 405]"
1699,"[1832, 1873, 1836, 403, 749]"
1700,"[1666, 1871, 1834, 403, 672]"
1701,"[121, 866, 749, 403, 1670]"
1702,"[926, 1904, 1677, 1676, 1607]"
1703,"[643, 16, 466, 462, 1772]"
1704,"[468, 73, 111, 135, 1249]"
1705,"[403, 280, 1670, 281, 1317]"
1706,"[1033, 121, 403, 1612, 480]"
1707,"[432, 749, 866, 121, 1705]"
1708,"[1915, 890, 1676, 114, 60]"
1709,"[1885, 866, 1887, 851, 1160]"
1710,"[1249, 1611, 1887, 681, 1658]"
1711,"[314, 313, 332, 1117, 1165]"
1712,"[432, 772, 121, 403, 480]"
1713,"[1574, 480, 1679, 1428, 111]"
1714,"[346, 364, 1561, 770, 669]"
1715,"[401, 1138, 1726, 3, 737]"
1716,"[114, 1705, 1704, 16, 1246]"
1717,"[1192, 1904, 110, 114, 1600]"
1718,"[1192, 1705, 468, 164, 1704]"
1719,"[98, 1922, 1897, 1887, 890]"
1720,"[1676, 890, 1344, 112, 95]"
1721,"[511, 1704, 1705, 403, 1723]"
1722,"[455, 98, 114, 164, 1604]"
1723,"[890, 1887, 112, 1701, 1674]"
1724,"[1249, 409, 1904, 1604, 165]"
1725,"[1666, 1677, 1592, 171, 789]"
1726,"[1567, 789, 16, 1896, 1884]"
1727,"[1523, 1191, 624, 1904, 1752]"
1728,"[1567, 1192, 1904, 114, 1746]"
1729,"[455, 1112, 1312, 462, 291]"
1730,"[282, 511, 66, 1871, 1834]"
1731,"[1617, 1555, 1640, 438, 1904]"
1732,"[1659, 857, 1632, 1269, 1827]"
1733,"[1675, 1911, 979, 213, 902]"
1734,"[165, 1906, 1677, 159, 1025]"
1735,"[1705, 1704, 1277, 1192, 16]"
1736,"[749, 1670, 866, 511, 403]"
1737,"[1902, 408, 1552, 1676, 1073]"
1738,"[603, 1696, 1676, 1640, 164]"
1739,"[163, 111, 383, 468, 73]"
1740,"[1676, 1675, 125, 1677, 164]"
1741,"[926, 1202, 410, 405, 470]"
1742,"[1670, 749, 121, 458, 1249]"
1743,"[281, 749, 66, 1670, 52]"
1744,"[1570, 1901, 16, 1287, 1903]"
1745,"[1704, 1705, 372, 1607, 901]"
1746,"[1887, 1191, 1704, 1705, 1886]"
1747,"[614, 1192, 1705, 29, 1246]"
1748,"[1666, 1062, 1676, 1640, 1675]"
1749,"[403, 866, 749, 1320, 73]"
1750,"[1607, 1277, 1608, 672, 480]"
1751,"[1762, 37, 866, 1249, 480]"
1752,"[1192, 1899, 1523, 1910, 1604]"
1753,"[16, 114, 1604, 1924, 808]"
1754,"[1604, 1907, 1710, 1344, 383]"
1755,"[480, 1063, 1812, 1813, 1706]"
1756,"[863, 865, 1747, 1905, 1527]"
1757,"[1528, 1536, 1746, 1064, 1662]"
1758,"[1889, 395, 1197, 925, 167]"
1759,"[1772, 443, 111, 1605, 1581]"
1760,"[808, 1320, 403, 695, 739]"
1761,"[1899, 1067, 1064, 1887, 1926]"
1762,"[1567, 1704, 1705, 95, 1887]"
1763,"[1320, 1513, 1834, 1871, 403]"
1764,"[225, 66, 231, 646, 403]"
1765,"[1695, 723, 1249, 102, 1567]"
1766,"[1907, 113, 1696, 89, 1677]"
1767,"[1884, 692, 102, 1746, 1604]"
1768,"[1915, 1825, 1197, 403, 866]"
1769,"[1904, 1906, 164, 1666, 1613]"
1770,"[468, 661, 652, 111, 1317]"
1771,"[163, 1705, 1704, 73, 468]"
1772,"[1534, 1746, 1533, 922, 171]"
1773,"[1317, 1246, 73, 1717, 82]"
1774,"[1704, 1705, 135, 1830, 1871]"
1775,"[922, 1904, 454, 1193, 1526]"
1776,"[403, 808, 480, 1249, 511]"
1777,"[1607, 901, 1830, 1907, 135]"
1778,"[403, 1317, 1704, 1705, 480]"
1779,"[511, 514, 403, 1823, 111]"
1780,"[468, 1249, 501, 1163, 18]"
1781,"[922, 1899, 1890, 1887, 1904]"
1782,"[1761, 1760, 1705, 1704, 111]"
1783,"[1567, 113, 1904, 1887, 1539]"
1784,"[1648, 1792, 1737, 1789, 1791]"
1785,"[1277, 1607, 1896, 1599, 1274]"
1786,"[28, 1063, 27, 1896, 1697]"
1787,"[1677, 60, 408, 125, 1676]"
1788,"[403, 1723, 480, 511, 1705]"
1789,"[1705, 1704, 403, 808, 672]"
1790,"[614, 1192, 1599, 1204, 98]"
1791,"[403, 1320, 1670, 749, 866]"
1792,"[1613, 1270, 773, 89, 1904]"
1793,"[1705, 1704, 1753, 1769, 1885]"
1794,"[692, 1277, 846, 1704, 1705]"
1795,"[82, 1513, 542, 621, 1246]"
1796,"[1887, 660, 788, 1516, 1314]"
1797,"[216, 1636, 898, 1249, 125]"
1798,"[403, 1299, 866, 1317, 1904]"
1799,"[1009, 1013, 252, 254, 253]"
1800,"[1880, 1784, 1567, 1192, 110]"
1801,"[52, 281, 665, 688, 290]"
1802,"[403, 749, 121, 1639, 925]"
1803,"[1675, 1904, 1248, 1697, 1696]"
1804,"[409, 749, 1670, 1887, 1118]"
1805,"[1567, 1896, 890, 1922, 1897]"
1806,"[1277, 862, 609, 1063, 1249]"
1807,"[672, 789, 851, 866, 444]"
1808,"[28, 1063, 1696, 165, 48]"
1809,"[862, 1705, 1704, 1758, 1762]"
1810,"[1677, 1610, 113, 451, 165]"
1811,"[692, 1277, 1192, 1604, 440]"
1812,"[28, 29, 27, 408, 1063]"
1813,"[1299, 403, 405, 1077, 1249]"
1814,"[1567, 1891, 1887, 1620, 1033]"
1815,"[1904, 124, 444, 164, 1750]"
1816,"[1704, 1758, 1705, 1760, 1762]"
1817,"[1204, 1573, 862, 114, 16]"
1818,"[1607, 1160, 1626, 762, 1666]"
1819,"[1742, 1246, 82, 31, 33]"
1820,"[1264, 1265, 442, 1687, 434]"
1821,"[403, 409, 1676, 1906, 1637]"
1822,"[1666, 1911, 1650, 979, 823]"
1823,"[1906, 1528, 1193, 1909, 1637]"
1824,"[165, 164, 1904, 98, 89]"
1825,"[650, 413, 443, 647, 1320]"
1826,"[660, 1536, 1521, 1552, 1662]"
1827,"[1196, 89, 1566, 1750, 902]"
1828,"[165, 1534, 1073, 102, 1696]"
1829,"[16, 1567, 1574, 866, 1896]"
1830,"[165, 102, 1746, 1249, 1677]"
1831,"[1613, 1191, 1904, 692, 102]"
1832,"[1073, 1925, 314, 313, 1115]"
1833,"[1823, 1567, 480, 857, 1704]"
1834,"[1906, 1640, 1904, 78, 1073]"
1835,"[1924, 455, 691, 1192, 1604]"
1836,"[16, 1884, 819, 1896, 1192]"
1837,"[695, 808, 1320, 403, 667]"
1838,"[116, 114, 890, 1192, 1910]"
1839,"[1567, 1906, 789, 1704, 1705]"
1840,"[114, 16, 1312, 454, 1192]"
1841,"[1114, 1704, 1705, 1795, 119]"
1842,"[1192, 102, 1746, 1904, 98]"
1843,"[408, 1561, 1041, 1832, 1885]"
1844,"[102, 1746, 409, 1666, 438]"
1845,"[1915, 98, 1861, 1202, 410]"
1846,"[1746, 43, 1896, 1567, 1904]"
1847,"[1607, 1191, 672, 1277, 102]"
1848,"[862, 1758, 1762, 1133, 1270]"
1849,"[749, 1670, 866, 665, 925]"
1850,"[692, 1277, 1192, 1523, 1604]"
1851,"[121, 866, 480, 403, 1338]"
1852,"[1902, 295, 1091, 281, 1735]"
1853,"[1675, 1567, 1193, 1885, 89]"
1854,"[1924, 102, 1618, 890, 1746]"
1855,"[409, 749, 1670, 866, 1118]"
1856,"[614, 164, 113, 1615, 1704]"
1857,"[1759, 1080, 73, 1253, 1903]"
1858,"[1721, 108, 1249, 1658, 787]"
1859,"[455, 1604, 1924, 16, 1884]"
1860,"[1197, 1307, 464, 16, 860]"
1861,"[444, 1676, 1666, 1675, 78]"
1862,"[1670, 749, 925, 167, 928]"
1863,"[1915, 501, 1363, 1705, 1704]"
1864,"[1607, 125, 1639, 1676, 1202]"
1865,"[1607, 1277, 762, 1666, 1885]"
1866,"[468, 111, 1249, 892, 480]"
1867,"[1608, 1607, 164, 1903, 672]"
1868,"[403, 738, 147, 822, 1809]"
1869,"[455, 672, 1639, 1640, 16]"
1870,"[16, 44, 455, 1192, 43]"
1871,"[1887, 1191, 1886, 1588, 1711]"
1872,"[1910, 291, 1064, 1192, 1604]"
1873,"[60, 922, 1909, 124, 1890]"
1874,"[162, 403, 925, 167, 928]"
1875,"[1291, 409, 504, 458, 1541]"
1876,"[1640, 1077, 1885, 1666, 1516]"
1877,"[749, 1320, 403, 1670, 866]"
1878,"[672, 441, 1249, 1666, 1592]"
1879,"[89, 922, 409, 165, 164]"
1880,"[480, 1063, 1812, 1813, 1706]"
1881,"[1030, 1914, 915, 1034, 159]"
1882,"[1620, 1573, 672, 1520, 1204]"
1883,"[1193, 1676, 890, 408, 112]"
1884,"[1072, 377, 108, 372, 1067]"
1885,"[102, 1746, 409, 98, 1617]"
1886,"[1666, 159, 1628, 164, 1904]"
1887,"[890, 1618, 1561, 1902, 1676]"
1888,"[1605, 111, 689, 687, 841]"
1889,"[1567, 1620, 901, 102, 1746]"
1890,"[1567, 1896, 1191, 1887, 1886]"
1891,"[749, 409, 1670, 866, 1118]"
1892,"[454, 114, 116, 455, 1192]"
1893,"[1761, 1760, 1705, 1704, 1600]"
1894,"[1676, 455, 1677, 1639, 692]"
1895,"[692, 1521, 1191, 1523, 440]"
1896,"[145, 933, 1651, 930, 672]"
1897,"[1338, 1483, 66, 1912, 51]"
1898,"[1696, 89, 1698, 1202, 410]"
1899,"[16, 114, 1521, 1192, 1604]"
1900,"[16, 455, 456, 462, 454]"
1901,"[660, 1249, 866, 1163, 1073]"
1902,"[143, 408, 178, 947, 184]"
1903,"[890, 1526, 1922, 1897, 1904]"
1904,"[409, 403, 823, 102, 1746]"
1905,"[1567, 16, 1896, 1192, 1113]"
1906,"[1567, 16, 1607, 1704, 1705]"
1907,"[1607, 1696, 444, 1733, 1677]"
1908,"[1705, 1704, 1679, 111, 687]"
1909,"[890, 1674, 43, 1063, 1599]"
1910,"[749, 159, 1887, 1670, 866]"
1911,"[511, 1871, 1830, 1834, 1705]"
1912,"[1139, 1149, 1140, 443, 364]"
1913,"[1717, 403, 646, 111, 1428]"
1914,"[410, 1202, 409, 403, 738]"
1915,"[1277, 1607, 1608, 1909, 432]"
1916,"[1699, 1696, 1640, 1193, 1566]"
1917,"[114, 1695, 165, 102, 1746]"
1918,"[1904, 116, 114, 1202, 410]"
1919,"[1666, 432, 1906, 1904, 926]"
1920,"[1277, 1607, 672, 857, 1659]"
1921,"[890, 114, 112, 1604, 89]"
1922,"[1696, 1697, 1698, 116, 1567]"
1923,"[1317, 73, 480, 1717, 468]"
1924,"[1834, 1871, 654, 634, 656]"
1925,"[1608, 1277, 1607, 511, 1567]"
1926,"[114, 1899, 1892, 1890, 1533]"
1927,"[1567, 1904, 1892, 1885, 1887]"
1928,"[1607, 901, 1567, 1885, 672]"
1929,"[1567, 480, 1742, 1063, 16]"
1930,"[1567, 16, 458, 135, 1913]"
1931,"[1192, 1906, 1615, 614, 808]"
1932,"[1191, 102, 1746, 409, 1904]"
1933,"[441, 290, 828, 1895, 1705]"
1934,"[1924, 478, 1705, 1704, 884]"
1935,"[1666, 1613, 614, 113, 1542]"
1936,"[1277, 1896, 1659, 1608, 1517]"
1937,"[409, 1887, 1670, 749, 1202]"
1938,"[1546, 118, 1073, 314, 275]"
1939,"[1704, 1705, 1812, 1813, 1706]"
1940,"[1034, 866, 1671, 403, 1118]"
1941,"[1904, 1750, 101, 1695, 1202]"
1942,"[650, 1723, 413, 1317, 111]"
1943,"[403, 1809, 1871, 1830, 1834]"
1944,"[866, 1887, 1891, 121, 89]"
1945,"[1612, 89, 1193, 672, 624]"
1946,"[1704, 1705, 468, 111, 403]"
1947,"[408, 128, 1735, 171, 1746]"
1948,"[1075, 219, 1698, 403, 221]"
1949,"[672, 403, 1640, 1659, 1332]"
1950,"[114, 454, 1924, 16, 455]"
1951,"[1607, 1528, 900, 1277, 678]"
1952,"[468, 111, 73, 866, 1612]"
1953,"[749, 1670, 866, 1118, 757]"
1954,"[1611, 16, 1192, 926, 1523]"
1955,"[1192, 412, 614, 113, 1696]"
1956,"[1705, 1704, 687, 43, 1772]"
1957,"[165, 1620, 1249, 102, 432]"
1958,"[1676, 1295, 1675, 431, 296]"
1959,"[16, 114, 455, 1910, 890]"
1960,"[862, 1742, 1585, 1595, 1563]"
1961,"[1676, 125, 408, 1924, 1249]"
1962,"[114, 116, 1604, 1534, 1618]"
1963,"[1676, 432, 403, 926, 165]"
1964,"[403, 1723, 480, 1317, 1705]"
1965,"[793, 749, 1670, 866, 97]"
1966,"[114, 16, 1192, 454, 1312]"
1967,"[165, 171, 1676, 1677, 405]"
1968,"[454, 16, 447, 1273, 114]"
1969,"[379, 1192, 16, 1772, 1896]"
1970,"[1246, 1708, 73, 1317, 413]"
1971,"[1567, 16, 114, 454, 1192]"
1972,"[1277, 1608, 1607, 1886, 98]"
1973,"[403, 1723, 111, 1320, 4]"
1974,"[1191, 438, 1607, 1907, 672]"
1975,"[455, 1192, 1704, 1705, 1904]"
1976,"[901, 1202, 410, 165, 1871]"
1977,"[1659, 1607, 1903, 78, 1613]"
1978,"[16, 409, 102, 1746, 1896]"
1979,"[1191, 1613, 1666, 438, 1894]"
1980,"[1555, 447, 1112, 1192, 455]"
1981,"[1738, 468, 73, 111, 226]"
1982,"[866, 1320, 403, 1317, 37]"
1983,"[113, 890, 112, 878, 102]"
1984,"[1277, 1608, 413, 1517, 1063]"
1985,"[1772, 1246, 650, 1210, 1249]"
1986,"[16, 44, 808, 111, 1824]"
1987,"[403, 1670, 749, 1320, 903]"
1988,"[1904, 1613, 1896, 1192, 1523]"
1989,"[171, 165, 102, 1915, 1750]"
1990,"[89, 624, 1887, 866, 1249]"
1991,"[1277, 692, 846, 1705, 1704]"
1992,"[614, 1192, 435, 29, 16]"
1993,"[73, 1317, 468, 1772, 1717]"
1994,"[262, 1002, 266, 267, 1009]"
1995,"[1275, 102, 1604, 449, 679]"
1996,"[116, 455, 114, 890, 1705]"
1997,"[1293, 791, 1861, 413, 1660]"
1998,"[1705, 1704, 857, 480, 862]"
1999,"[1567, 16, 1896, 1192, 1894]"
2000,"[16, 455, 454, 1746, 456]"
2001,"[926, 1617, 1618, 444, 1676]"
2002,"[1899, 1526, 922, 1915, 866]"
2003,"[420, 1249, 1695, 430, 1604]"
2004,"[1887, 1554, 1927, 1114, 1033]"
2005,"[1567, 1885, 165, 403, 1249]"
2006,"[1249, 432, 1609, 1557, 901]"
2007,"[114, 16, 1611, 455, 1192]"
2008,"[408, 145, 890, 933, 1885]"
2009,"[1924, 116, 464, 1192, 114]"
2010,"[823, 121, 1249, 925, 167]"
2011,"[1613, 164, 257, 1270, 110]"
2012,"[1834, 403, 862, 480, 432]"
2013,"[403, 892, 1317, 1038, 282]"
2014,"[102, 1746, 98, 409, 890]"
2015,"[890, 1902, 1604, 1249, 1830]"
2016,"[1735, 403, 429, 147, 66]"
2017,"[1666, 405, 1640, 1196, 1676]"
2018,"[1676, 1344, 403, 125, 1675]"
2019,"[1567, 890, 112, 1192, 1604]"
2020,"[454, 1910, 114, 1742, 464]"
2021,"[1904, 1567, 1586, 1704, 1705]"
2022,"[16, 114, 1112, 454, 455]"
2023,"[409, 1202, 410, 789, 161]"
2024,"[1674, 1885, 1607, 432, 1639]"
2025,"[1191, 102, 1746, 926, 1598]"
2026,"[1674, 1636, 787, 637, 872]"
2027,"[1696, 1615, 290, 1556, 1538]"
2028,"[1666, 410, 1202, 1904, 1906]"
2029,"[1197, 1676, 1695, 165, 1675]"
2030,"[226, 244, 1249, 249, 468]"
2031,"[165, 116, 1907, 89, 1567]"
2032,"[1676, 1192, 455, 89, 164]"
2033,"[59, 1855, 1834, 1871, 594]"
2034,"[1896, 1536, 106, 1526, 95]"
2035,"[1884, 1567, 1887, 102, 1886]"
2036,"[478, 1924, 774, 866, 1887]"
2037,"[403, 1704, 1705, 1827, 1829]"
2038,"[1887, 749, 866, 755, 756]"
2039,"[1666, 403, 66, 121, 432]"
2040,"[1884, 1636, 98, 102, 1746]"
2041,"[454, 455, 1611, 16, 125]"
2042,"[455, 1884, 102, 1746, 1521]"
2043,"[1246, 1772, 16, 1705, 1704]"
2044,"[410, 1202, 1871, 1834, 1830]"
2045,"[749, 866, 1670, 1118, 1648]"
2046,"[1607, 1659, 444, 405, 78]"
2047,"[1567, 1884, 888, 1887, 1885]"
2048,"[828, 1785, 1704, 1705, 1014]"
2049,"[511, 1871, 1834, 1830, 1607]"
2050,"[403, 1202, 410, 1705, 1704]"
2051,"[1312, 650, 1662, 884, 667]"
2052,"[403, 1320, 749, 121, 1197]"
2053,"[1904, 1192, 692, 1204, 624]"
2054,"[1760, 689, 1608, 111, 44]"
2055,"[1704, 1705, 1858, 1777, 1765]"
2056,"[672, 789, 851, 89, 165]"
2057,"[16, 114, 116, 455, 1924]"
2058,"[926, 1924, 1611, 60, 1695]"
2059,"[1040, 1926, 1906, 438, 862]"
2060,"[165, 444, 1907, 164, 1695]"
2061,"[468, 73, 111, 135, 1823]"
2062,"[1567, 98, 1894, 1556, 165]"
2063,"[1705, 1704, 1885, 672, 1666]"
2064,"[405, 1202, 410, 403, 919]"
2065,"[1924, 1884, 102, 1896, 1887]"
2066,"[1795, 1246, 403, 1320, 471]"
2067,"[1567, 1705, 1704, 1904, 403]"
2068,"[823, 409, 1041, 1906, 161]"
2069,"[455, 116, 114, 102, 1676]"
2070,"[403, 1317, 1723, 1428, 73]"
2071,"[290, 643, 1320, 1670, 665]"
2072,"[1070, 116, 110, 447, 114]"
2073,"[16, 116, 114, 890, 1192]"
2074,"[511, 1809, 1705, 1704, 1873]"
2075,"[1317, 443, 1063, 1787, 1786]"
2076,"[1884, 16, 455, 1246, 1708]"
2077,"[1567, 1607, 1191, 1192, 1904]"
2078,"[1924, 1705, 1133, 898, 1604]"
2079,"[1620, 890, 1887, 93, 1904]"
2080,"[1291, 1277, 692, 1063, 1608]"
2081,"[1112, 1070, 113, 1567, 335]"
2082,"[823, 1298, 1666, 121, 1885]"
2083,"[96, 97, 1248, 16, 1204]"
2084,"[1695, 606, 723, 862, 102]"
2085,"[1704, 1705, 98, 1543, 97]"
2086,"[73, 468, 111, 480, 282]"
2087,"[165, 405, 423, 1244, 1677]"
2088,"[16, 114, 1192, 1761, 1760]"
2089,"[868, 112, 1915, 171, 98]"
2090,"[1613, 1270, 1607, 1894, 848]"
2091,"[922, 878, 89, 113, 1071]"
2092,"[749, 1670, 121, 1885, 66]"
2093,"[1607, 1277, 1904, 98, 1639]"
2094,"[692, 846, 1192, 693, 114]"
2095,"[922, 1896, 1899, 1526, 1907]"
2096,"[1567, 789, 409, 672, 933]"
2097,"[1607, 1904, 1676, 1639, 926]"
2098,"[1112, 1147, 16, 997, 860]"
2099,"[16, 1573, 43, 455, 98]"
2100,"[165, 890, 1676, 1344, 1675]"
2101,"[16, 114, 455, 125, 1204]"
2102,"[903, 866, 121, 480, 1830]"
2103,"[890, 116, 114, 1599, 1192]"
2104,"[1924, 165, 164, 1906, 1695]"
2105,"[1612, 1160, 1889, 866, 1074]"
2106,"[78, 1291, 773, 1613, 1264]"
2107,"[89, 113, 692, 165, 102]"
2108,"[1676, 1248, 1202, 410, 405]"
2109,"[1567, 1884, 16, 1896, 1704]"
2110,"[1567, 114, 1192, 16, 692]"
2111,"[403, 26, 861, 111, 1249]"
2112,"[89, 1922, 1897, 1907, 409]"
2113,"[1896, 1904, 16, 102, 1192]"
2114,"[1607, 1277, 1191, 851, 672]"
2115,"[749, 1670, 1118, 121, 866]"
2116,"[1896, 1922, 1897, 1536, 1526]"
2117,"[165, 464, 898, 1670, 866]"
2118,"[1666, 432, 1607, 1196, 672]"
2119,"[1677, 165, 901, 1676, 1270]"
2120,"[114, 116, 1204, 807, 455]"
2121,"[1526, 890, 1899, 1922, 1897]"
2122,"[890, 1676, 112, 1675, 1904]"
2123,"[1742, 1555, 1542, 480, 1679]"
2124,"[890, 112, 1915, 1906, 866]"
2125,"[1567, 1705, 1896, 1067, 1192]"
2126,"[16, 860, 1904, 1600, 44]"
2127,"[1607, 480, 110, 16, 1567]"
2128,"[1567, 16, 114, 1040, 1192]"
2129,"[280, 270, 275, 281, 272]"
2130,"[909, 403, 980, 282, 121]"
2131,"[1567, 1192, 16, 1615, 1611]"
2132,"[1567, 1904, 1885, 98, 102]"
2133,"[892, 121, 1745, 1616, 866]"
2134,"[672, 1196, 1639, 165, 1202]"
2135,"[455, 114, 16, 1192, 1904]"
2136,"[1612, 1620, 121, 1899, 866]"
2137,"[1607, 432, 1886, 1277, 1249]"
2138,"[1202, 410, 1904, 1666, 692]"
2139,"[692, 440, 846, 1904, 116]"
2140,"[1277, 1608, 1607, 1659, 441]"
2141,"[110, 1613, 624, 1898, 1063]"
2142,"[1192, 1249, 102, 1746, 409]"
2143,"[1904, 1906, 98, 164, 926]"
2144,"[403, 16, 468, 480, 1249]"
2145,"[1513, 542, 594, 621, 595]"
2146,"[403, 1320, 73, 749, 866]"
2147,"[468, 111, 73, 403, 1249]"
2148,"[1891, 901, 1607, 121, 1033]"
2149,"[1275, 165, 1070, 1677, 113]"
2150,"[1202, 410, 933, 725, 161]"
2151,"[455, 465, 462, 16, 1312]"
2152,"[1567, 16, 1896, 819, 1191]"
2153,"[432, 1562, 111, 1249, 121]"
2154,"[480, 111, 1723, 403, 468]"
2155,"[511, 403, 1704, 1705, 1723]"
2156,"[749, 1670, 866, 665, 121]"
2157,"[614, 1192, 1246, 29, 1204]"
2158,"[1277, 1659, 1896, 1608, 1517]"
2159,"[114, 116, 455, 1307, 807]"
2160,"[1915, 98, 97, 96, 165]"
2161,"[1760, 1761, 1705, 1704, 1277]"
2162,"[1676, 1750, 1202, 410, 405]"
2163,"[890, 113, 112, 116, 89]"
2164,"[1704, 1705, 1886, 1762, 862]"
2165,"[1670, 422, 747, 754, 755]"
2166,"[1249, 851, 1894, 1885, 789]"
2167,"[1567, 403, 1249, 672, 1607]"
2168,"[1192, 1193, 1735, 1526, 1909]"
2169,"[1760, 1761, 1617, 1762, 718]"
2170,"[433, 403, 1076, 111, 1428]"
2171,"[749, 1670, 1745, 866, 1118]"
2172,"[1567, 16, 1896, 789, 1887]"
2173,"[594, 808, 455, 16, 542]"
2174,"[1607, 1160, 1885, 851, 1666]"
2175,"[1567, 1887, 890, 1556, 1904]"
2176,"[1193, 1909, 672, 789, 1904]"
2177,"[1607, 901, 1830, 1871, 1834]"
2178,"[933, 1830, 1871, 1834, 1338]"
2179,"[501, 1830, 1831, 1871, 1834]"
2180,"[377, 403, 655, 1317, 367]"
2181,"[97, 96, 98, 1626, 1202]"
2182,"[1567, 901, 1607, 1830, 135]"
2183,"[455, 1192, 1922, 1897, 454]"
2184,"[16, 1884, 1904, 44, 1600]"
2185,"[890, 866, 1249, 1887, 112]"
2186,"[1567, 1192, 112, 102, 113]"
2187,"[114, 1705, 1704, 807, 1679]"
2188,"[1902, 1552, 1543, 628, 1219]"
2189,"[1567, 102, 1746, 1887, 89]"
2190,"[890, 1904, 112, 1899, 409]"
2191,"[1696, 1697, 605, 1904, 110]"
2192,"[922, 171, 165, 89, 1676]"
2193,"[692, 624, 672, 98, 89]"
2194,"[440, 344, 650, 335, 681]"
2195,"[16, 135, 132, 1246, 903]"
2196,"[116, 1704, 1705, 413, 82]"
2197,"[481, 90, 749, 1764, 758]"
2198,"[89, 922, 1907, 926, 1675]"
2199,"[116, 114, 890, 1705, 1704]"
2200,"[451, 1904, 112, 89, 890]"
2201,"[1567, 1607, 1704, 1705, 901]"
2202,"[1567, 1884, 114, 1192, 1896]"
2203,"[161, 403, 1670, 923, 1320]"
2204,"[165, 444, 89, 1885, 672]"
2205,"[1567, 16, 114, 1896, 1192]"
2206,"[1567, 16, 1896, 1191, 1192]"
2207,"[455, 1113, 110, 1192, 1704]"
2208,"[1640, 672, 1639, 393, 1263]"
2209,"[403, 1320, 1317, 749, 282]"
2210,"[1249, 442, 1160, 808, 672]"
2211,"[1521, 890, 687, 1192, 884]"
2212,"[16, 114, 466, 1704, 1705]"
2213,"[1607, 1608, 1704, 1705, 1277]"
2214,"[1567, 1191, 1607, 102, 1746]"
2215,"[1071, 890, 102, 1890, 783]"
2216,"[1607, 808, 1662, 1191, 372]"
2217,"[1891, 866, 1160, 1536, 1887]"
2218,"[4, 282, 749, 866, 111]"
2219,"[784, 1654, 749, 925, 167]"
2220,"[444, 165, 1666, 1676, 403]"
2221,"[1666, 102, 1746, 1904, 1192]"
2222,"[79, 639, 1651, 655, 65]"
2223,"[480, 37, 1249, 1567, 1063]"
2224,"[1567, 1192, 1277, 1556, 1607]"
2225,"[1317, 403, 111, 1006, 1204]"
2226,"[1567, 16, 1191, 1887, 135]"
2227,"[216, 455, 16, 116, 1063]"
2228,"[113, 409, 89, 1904, 1899]"
2229,"[926, 438, 1295, 1906, 1904]"
2230,"[749, 1670, 1313, 866, 793]"
2231,"[89, 1899, 922, 165, 890]"
2232,"[113, 112, 890, 866, 1907]"
2233,"[1717, 111, 1882, 1805, 650]"
2234,"[1885, 919, 1887, 1202, 410]"
2235,"[1904, 1567, 37, 1705, 1704]"
2236,"[1750, 444, 164, 926, 1676]"
2237,"[1191, 1192, 1523, 1904, 110]"
2238,"[1567, 789, 1607, 135, 372]"
2239,"[890, 1676, 112, 1675, 95]"
2240,"[650, 749, 1670, 866, 121]"
2241,"[1750, 444, 165, 403, 926]"
2242,"[892, 403, 1006, 1317, 1197]"
2243,"[1567, 1191, 1607, 102, 1746]"
2244,"[1312, 1904, 16, 111, 860]"
2245,"[749, 665, 1670, 52, 66]"
2246,"[1770, 1717, 1428, 619, 111]"
2247,"[606, 1695, 723, 1204, 1274]"
2248,"[1705, 1704, 1270, 1875, 108]"
2249,"[1607, 1898, 1885, 1582, 1380]"
2250,"[824, 672, 731, 403, 409]"
2251,"[692, 102, 1746, 1904, 1291]"
2252,"[1147, 60, 16, 1192, 454]"
2253,"[1750, 114, 807, 1320, 782]"
2254,"[480, 1717, 111, 468, 1723]"
2255,"[1696, 1607, 1677, 480, 66]"
2256,"[1924, 455, 116, 1112, 1610]"
2257,"[650, 1670, 1320, 749, 925]"
2258,"[1277, 1758, 1762, 1705, 1704]"
2259,"[16, 1567, 114, 1611, 1758]"
2260,"[614, 29, 1659, 1275, 164]"
2261,"[652, 632, 808, 403, 1639]"
2262,"[1202, 410, 405, 1906, 1666]"
2263,"[1607, 1542, 165, 1534, 480]"
2264,"[1249, 458, 1611, 749, 757]"
2265,"[926, 922, 16, 102, 1604]"
2266,"[409, 403, 1666, 405, 167]"
2267,"[1249, 165, 672, 1907, 1607]"
2268,"[1063, 1567, 37, 866, 1904]"
2269,"[165, 93, 903, 866, 1705]"
2270,"[1612, 866, 1926, 1030, 121]"
2271,"[1428, 282, 738, 403, 1723]"
2272,"[1536, 444, 926, 292, 1677]"
2273,"[828, 1867, 903, 4, 1705]"
2274,"[78, 1675, 1885, 444, 405]"
2275,"[976, 405, 230, 248, 213]"
2276,"[1904, 1192, 455, 16, 114]"
2277,"[114, 455, 1249, 1192, 1204]"
2278,"[114, 116, 455, 890, 1676]"
2279,"[1704, 1705, 37, 1908, 1723]"
2280,"[1717, 1582, 1380, 426, 1718]"
2281,"[454, 455, 16, 114, 1896]"
2282,"[89, 1676, 1675, 113, 1202]"
2283,"[455, 1192, 614, 16, 1604]"
2284,"[1871, 1830, 1834, 823, 1873]"
2285,"[1608, 1277, 1607, 511, 1894]"
2286,"[1612, 1193, 124, 1909, 1904]"
2287,"[1904, 1638, 78, 1192, 1613]"
2288,"[794, 1192, 1536, 458, 1313]"
2289,"[455, 291, 1192, 1112, 1610]"
2290,"[468, 73, 111, 282, 403]"
2291,"[1924, 478, 637, 624, 16]"
2292,"[1063, 454, 455, 1249, 230]"
2293,"[1192, 1567, 599, 587, 597]"
2294,"[1795, 37, 866, 111, 1770]"
2295,"[1675, 1911, 979, 902, 1566]"
2296,"[866, 43, 808, 1904, 1926]"
2297,"[89, 102, 922, 1534, 171]"
2298,"[1695, 114, 16, 1192, 165]"
2299,"[1567, 1704, 1705, 37, 449]"
2300,"[1704, 1705, 1246, 1708, 73]"
2301,"[1896, 413, 1007, 379, 1887]"
2302,"[403, 1670, 121, 1626, 480]"
2303,"[692, 16, 1192, 44, 1600]"
2304,"[403, 1363, 501, 1370, 1334]"
2305,"[114, 890, 60, 1192, 1604]"
2306,"[1735, 1592, 165, 1043, 213]"
2307,"[1705, 1704, 1317, 111, 1717]"
2308,"[1192, 1523, 1191, 1746, 1904]"
2309,"[290, 1116, 1073, 1320, 793]"
2310,"[1202, 410, 1907, 1906, 1676]"
2311,"[116, 455, 114, 890, 112]"
2312,"[1721, 890, 1536, 1677, 108]"
2313,"[403, 1723, 480, 111, 1317]"
2314,"[1704, 1705, 135, 1830, 1871]"
2315,"[1704, 1705, 403, 1317, 480]"
2316,"[1536, 102, 454, 1064, 1526]"
2317,"[1906, 93, 1904, 860, 1063]"
2318,"[1704, 1705, 372, 862, 480]"
2319,"[1670, 749, 1118, 866, 97]"
2320,"[121, 167, 928, 169, 929]"
2321,"[890, 1599, 1904, 1567, 860]"
2322,"[1277, 1157, 1608, 1517, 1155]"
2323,"[749, 1670, 866, 1118, 121]"
2324,"[111, 1733, 480, 866, 1723]"
2325,"[1750, 124, 165, 164, 444]"
2326,"[148, 916, 140, 145, 266]"
2327,"[1157, 1830, 1871, 1834, 1288]"
2328,"[164, 1830, 1871, 1834, 403]"
2329,"[82, 1898, 1582, 1380, 426]"
2330,"[455, 1192, 1904, 102, 1746]"
2331,"[1197, 866, 884, 747, 754]"
2332,"[114, 16, 1695, 1192, 1750]"
2333,"[73, 1704, 1705, 468, 403]"
2334,"[1705, 1761, 1760, 1890, 1926]"
2335,"[1666, 1607, 1906, 1909, 1528]"
2336,"[609, 1277, 1192, 413, 277]"
2337,"[866, 1887, 93, 1072, 121]"
2338,"[480, 1317, 37, 1188, 1723]"
2339,"[1599, 379, 1192, 1772, 16]"
2340,"[672, 789, 851, 403, 165]"
2341,"[1620, 403, 1074, 95, 1612]"
2342,"[901, 1033, 862, 353, 1249]"
2343,"[1670, 749, 866, 757, 161]"
2344,"[408, 1902, 406, 407, 672]"
2345,"[1112, 997, 808, 1772, 16]"
2346,"[1904, 1567, 37, 1705, 1704]"
2347,"[79, 403, 1659, 405, 1789]"
2348,"[455, 116, 1192, 16, 114]"
2349,"[916, 148, 270, 913, 914]"
2350,"[455, 16, 1604, 1922, 1897]"
2351,"[866, 1648, 430, 1705, 1704]"
2352,"[860, 81, 681, 1581, 111]"
2353,"[89, 672, 808, 165, 403]"
2354,"[383, 1184, 781, 1695, 1180]"
2355,"[1567, 1885, 1887, 1891, 1542]"
2356,"[823, 1249, 1832, 1836, 1873]"
2357,"[1270, 862, 1704, 480, 911]"
2358,"[692, 116, 846, 1192, 114]"
2359,"[1662, 884, 1191, 102, 1746]"
2360,"[1607, 1659, 441, 468, 111]"
2361,"[1567, 1192, 114, 16, 455]"
2362,"[1192, 1275, 455, 1604, 1610]"
2363,"[692, 1192, 440, 1904, 116]"
2364,"[1733, 979, 1695, 1674, 1639]"
2365,"[749, 1670, 866, 1118, 121]"
2366,"[1884, 16, 1567, 1611, 1910]"
2367,"[1192, 114, 692, 451, 1610]"
2368,"[1750, 808, 165, 403, 1904]"
2369,"[409, 165, 1905, 1527, 102]"
2370,"[443, 1752, 1086, 1708, 807]"
2371,"[1613, 165, 164, 423, 1244]"
2372,"[1676, 1690, 1196, 1640, 1566]"
2373,"[1550, 669, 102, 1746, 1555]"
2374,"[403, 1723, 480, 72, 749]"
2375,"[692, 1552, 878, 93, 1887]"
2376,"[1191, 1904, 1562, 43, 454]"
2377,"[1907, 1899, 1526, 1620, 922]"
2378,"[862, 1894, 1890, 111, 1758]"
2379,"[933, 1705, 1704, 1320, 866]"
2380,"[1887, 93, 95, 1913, 1904]"
2381,"[1899, 1887, 866, 95, 93]"
2382,"[408, 1676, 1675, 902, 403]"
2383,"[1772, 379, 1896, 1605, 439]"
2384,"[116, 1192, 114, 379, 1567]"
2385,"[1317, 376, 388, 661, 1161]"
2386,"[1892, 1894, 89, 1586, 1554]"
2387,"[403, 1258, 480, 1723, 1809]"
2388,"[1249, 1887, 501, 1825, 1830]"
2389,"[857, 1721, 379, 1105, 377]"
2390,"[1666, 432, 672, 1202, 410]"
2391,"[1536, 1772, 1192, 660, 1904]"
2392,"[111, 468, 480, 1723, 403]"
2393,"[926, 1617, 409, 1202, 410]"
2394,"[1607, 1705, 1704, 403, 480]"
2395,"[1904, 1613, 1666, 1607, 1277]"
2396,"[922, 926, 165, 925, 167]"
2397,"[114, 1567, 1636, 116, 1113]"
2398,"[1192, 97, 96, 98, 1070]"
2399,"[1567, 688, 403, 480, 1607]"
2400,"[432, 403, 302, 480, 1249]"
2401,"[1034, 349, 866, 878, 95]"
2402,"[672, 789, 1666, 1659, 1735]"
2403,"[1752, 738, 1428, 1723, 111]"
2404,"[432, 1607, 1659, 672, 1666]"
2405,"[314, 1317, 111, 480, 73]"
2406,"[89, 901, 1639, 165, 60]"
2407,"[1567, 1607, 1192, 102, 1746]"
2408,"[661, 349, 1679, 1571, 1574]"
2409,"[1317, 1290, 111, 1717, 480]"
2410,"[403, 1073, 672, 1733, 1705]"
2411,"[1772, 16, 383, 325, 1161]"
2412,"[1676, 1696, 1639, 1695, 165]"
2413,"[1904, 1192, 1896, 102, 1746]"
2414,"[121, 885, 111, 1704, 480]"
2415,"[1904, 1666, 432, 848, 672]"
2416,"[1192, 1589, 1532, 1523, 1489]"
2417,"[793, 638, 1320, 633, 1073]"
2418,"[1202, 410, 1639, 438, 1907]"
2419,"[1904, 43, 1896, 1922, 1897]"
2420,"[1317, 111, 480, 468, 1717]"
2421,"[1723, 403, 511, 1809, 480]"
2422,"[511, 1659, 1666, 1607, 1885]"
2423,"[1721, 1620, 1885, 163, 1887]"
2424,"[1567, 114, 16, 1192, 454]"
2425,"[890, 1675, 1676, 112, 159]"
2426,"[266, 267, 233, 234, 238]"
2427,"[121, 403, 749, 111, 1670]"
2428,"[1249, 1830, 90, 1404, 1316]"
2429,"[1567, 1907, 1193, 1899, 1526]"
2430,"[165, 672, 808, 405, 409]"
2431,"[926, 1676, 113, 444, 405]"
2432,"[789, 116, 124, 165, 1677]"
2433,"[1608, 1517, 1607, 1277, 110]"
2434,"[165, 211, 1672, 226, 244]"
2435,"[1670, 403, 749, 866, 1155]"
2436,"[866, 121, 1118, 808, 860]"
2437,"[116, 114, 1192, 1112, 1705]"
2438,"[926, 1676, 1196, 1640, 1904]"
2439,"[114, 403, 1696, 1204, 1317]"
2440,"[444, 403, 1885, 74, 851]"
2441,"[851, 72, 1723, 480, 857]"
2442,"[823, 1620, 1249, 430, 1298]"
2443,"[1567, 37, 403, 866, 111]"
2444,"[862, 480, 1763, 1758, 1762]"
2445,"[1277, 1192, 379, 1274, 1904]"
2446,"[1666, 1659, 403, 1607, 164]"
2447,"[876, 1834, 1871, 688, 1855]"
2448,"[1752, 111, 403, 1249, 480]"
2449,"[1696, 290, 1697, 16, 455]"
2450,"[588, 593, 597, 595, 590]"
2451,"[1277, 1608, 1607, 287, 975]"
2452,"[1317, 1290, 587, 903, 590]"
2453,"[112, 890, 1534, 1193, 878]"
2454,"[1738, 1733, 432, 739, 916]"
2455,"[1521, 1610, 1112, 1192, 1312]"
2456,"[1887, 749, 121, 866, 772]"
2457,"[828, 1287, 1895, 82, 1015]"
2458,"[1880, 480, 1317, 111, 661]"
2459,"[1904, 1887, 890, 112, 121]"
2460,"[1607, 1659, 1666, 98, 1628]"
2461,"[1761, 1705, 1760, 1890, 1704]"
2462,"[1676, 890, 1604, 102, 1746]"
2463,"[116, 110, 1249, 114, 1605]"
2464,"[431, 1902, 1636, 102, 1746]"
2465,"[1344, 1676, 1675, 1185, 145]"
2466,"[1753, 1705, 1704, 1795, 1363]"
2467,"[451, 114, 1604, 1606, 1275]"
2468,"[1290, 1317, 1705, 1704, 587]"
2469,"[1567, 1191, 1607, 1192, 1904]"
2470,"[1670, 749, 1105, 930, 866]"
2471,"[1299, 926, 403, 1202, 410]"
2472,"[1561, 1676, 1915, 408, 1675]"
2473,"[1567, 1899, 16, 1896, 1526]"
2474,"[1592, 98, 1249, 102, 1746]"
2475,"[511, 1704, 1705, 403, 286]"
2476,"[480, 1880, 1317, 111, 661]"
2477,"[1607, 1915, 1825, 1676, 113]"
2478,"[828, 1570, 16, 1705, 862]"
2479,"[102, 1887, 1554, 126, 1750]"
2480,"[114, 116, 455, 395, 468]"
2481,"[1277, 1608, 1607, 1659, 1909]"
2482,"[1567, 16, 114, 454, 455]"
2483,"[1695, 672, 432, 165, 444]"
2484,"[261, 1317, 1007, 266, 267]"
2485,"[1192, 1555, 1275, 112, 1517]"
2486,"[1632, 1723, 1428, 403, 1705]"
2487,"[605, 403, 1317, 397, 284]"
2488,"[890, 1192, 114, 1604, 1695]"
2489,"[1696, 290, 1670, 749, 1073]"
2490,"[1772, 111, 16, 1904, 468]"
2491,"[1904, 1607, 432, 1666, 672]"
2492,"[1659, 78, 405, 1750, 1295]"
2493,"[1567, 135, 16, 1607, 132]"
2494,"[1567, 16, 1191, 1705, 1704]"
2495,"[1924, 1204, 16, 455, 114]"
2496,"[16, 1611, 135, 468, 111]"
2497,"[1827, 1829, 1705, 1834, 1871]"
2498,"[1567, 403, 53, 1249, 432]"
2499,"[480, 862, 72, 1812, 1813]"
2500,"[1523, 860, 440, 413, 16]"
2501,"[890, 112, 101, 1192, 1555]"
2502,"[408, 1279, 1666, 902, 1202]"
2503,"[1830, 1871, 403, 1834, 409]"
2504,"[82, 1877, 1287, 1015, 733]"
2505,"[1900, 97, 98, 96, 1902]"
2506,"[409, 1809, 1249, 1302, 430]"
2507,"[1192, 1536, 1567, 1249, 1904]"
2508,"[468, 1196, 1612, 73, 1620]"
2509,"[749, 866, 403, 1670, 1723]"
2510,"[890, 866, 112, 409, 102]"
2511,"[1696, 1566, 438, 403, 1250]"
2512,"[614, 1277, 1608, 29, 26]"
2513,"[1901, 1746, 1592, 1836, 1832]"
2514,"[403, 432, 749, 111, 1249]"
2515,"[1246, 1705, 1704, 1762, 1758]"
2516,"[755, 756, 764, 742, 766]"
2517,"[1249, 403, 749, 480, 1723]"
2518,"[1708, 1246, 413, 16, 807]"
2519,"[1290, 707, 765, 655, 365]"
2520,"[1905, 1627, 1527, 43, 1746]"
2521,"[114, 116, 1521, 455, 1610]"
2522,"[111, 1717, 650, 480, 687]"
2523,"[1541, 1666, 409, 1607, 1297]"
2524,"[749, 1670, 866, 665, 121]"
2525,"[1677, 1639, 1192, 1534, 1536]"
2526,"[1704, 1705, 1615, 614, 1192]"
2527,"[1067, 1887, 1745, 1616, 335]"
2528,"[1904, 444, 98, 113, 1853]"
2529,"[403, 165, 405, 410, 1202]"
2530,"[73, 1317, 1246, 413, 111]"
2531,"[116, 1147, 1758, 1762, 1760]"
2532,"[903, 65, 1648, 1670, 749]"
2533,"[1906, 926, 409, 164, 1746]"
2534,"[655, 480, 429, 4, 72]"
2535,"[884, 1772, 1067, 111, 291]"
2536,"[925, 1202, 410, 165, 1118]"
2537,"[798, 1679, 480, 652, 1742]"
2538,"[1030, 1830, 1871, 1834, 866]"
2539,"[1705, 1704, 993, 924, 1566]"
2540,"[1567, 1750, 124, 1907, 113]"
2541,"[1924, 89, 124, 922, 60]"
2542,"[1705, 1277, 1270, 862, 1704]"
2543,"[1344, 409, 1907, 403, 902]"
2544,"[1670, 403, 665, 1320, 749]"
2545,"[110, 16, 1317, 480, 860]"
2546,"[692, 846, 1192, 1523, 440]"
2547,"[808, 925, 167, 928, 931]"
2548,"[1277, 1607, 1608, 1615, 98]"
2549,"[1902, 1269, 1073, 1885, 1249]"
2550,"[1750, 1604, 1249, 102, 1924]"
2551,"[1670, 98, 97, 96, 919]"
2552,"[1752, 749, 66, 1670, 282]"
2553,"[1562, 687, 1926, 1904, 692]"
2554,"[1902, 890, 1552, 1639, 1073]"
2555,"[98, 739, 66, 1885, 1670]"
2556,"[1317, 480, 403, 1717, 111]"
2557,"[511, 164, 165, 1885, 444]"
2558,"[64, 63, 65, 903, 930]"
2559,"[125, 116, 890, 370, 365]"
2560,"[1191, 372, 1607, 78, 1160]"
2561,"[214, 405, 1103, 808, 605]"
2562,"[1670, 749, 866, 665, 757]"
2563,"[665, 1701, 650, 1670, 749]"
2564,"[1620, 1037, 1887, 1160, 1072]"
2565,"[1915, 922, 410, 1202, 159]"
2566,"[1249, 925, 167, 928, 931]"
2567,"[102, 1746, 1249, 1604, 1658]"
2568,"[1607, 1704, 1705, 444, 480]"
2569,"[1772, 648, 1555, 18, 443]"
2570,"[1750, 165, 89, 405, 101]"
2571,"[432, 672, 1249, 403, 1666]"
2572,"[1611, 16, 1884, 1604, 466]"
2573,"[1567, 1192, 1615, 1607, 1556]"
2574,"[1704, 1705, 862, 480, 403]"
2575,"[116, 1567, 110, 660, 403]"
2576,"[1761, 1760, 111, 1717, 1705]"
2577,"[16, 1249, 1896, 1063, 901]"
2578,"[89, 737, 719, 111, 1566]"
2579,"[1202, 410, 145, 1543, 1914]"
2580,"[111, 928, 1068, 163, 432]"
2581,"[1567, 1607, 1192, 102, 1746]"
2582,"[1191, 1607, 1894, 1904, 1562]"
2583,"[890, 165, 112, 1922, 1897]"
2584,"[938, 161, 872, 1611, 1592]"
2585,"[164, 165, 1063, 928, 922]"
2586,"[1249, 1575, 409, 919, 688]"
2587,"[1249, 432, 1906, 901, 790]"
2588,"[1896, 1899, 1910, 1567, 16]"
2589,"[1615, 403, 159, 1025, 937]"
2590,"[890, 1612, 1599, 866, 1746]"
2591,"[455, 1192, 1904, 1704, 1705]"
2592,"[890, 114, 1599, 1192, 44]"
2593,"[455, 1192, 890, 1312, 16]"
2594,"[1723, 480, 403, 1788, 1787]"
2595,"[1636, 1666, 848, 1133, 1270]"
2596,"[1567, 403, 111, 73, 432]"
2597,"[1193, 1344, 403, 1676, 1612]"
2598,"[1675, 213, 1911, 981, 982]"
2599,"[1637, 403, 738, 1061, 1666]"
2600,"[165, 782, 423, 1244, 925]"
2601,"[16, 114, 926, 1910, 455]"
2602,"[403, 1659, 410, 1202, 1666]"
2603,"[1695, 455, 1204, 1639, 692]"
2604,"[862, 1705, 1760, 1704, 1758]"
2605,"[165, 113, 124, 410, 1202]"
2606,"[1561, 89, 1560, 922, 409]"
2607,"[410, 933, 1887, 1705, 1704]"
2608,"[478, 1924, 783, 1112, 43]"
2609,"[89, 672, 409, 1639, 808]"
2610,"[1701, 403, 749, 1320, 1670]"
2611,"[1705, 1704, 1826, 1317, 1246]"
2612,"[1295, 1735, 1257, 1107, 1076]"
2613,"[1567, 16, 1192, 114, 1896]"
2614,"[116, 890, 1705, 1704, 114]"
2615,"[1192, 114, 116, 692, 1610]"
2616,"[444, 165, 1886, 1885, 1607]"
2617,"[145, 1637, 1607, 1271, 730]"
2618,"[165, 922, 89, 1904, 1639]"
2619,"[1704, 1705, 72, 1809, 903]"
2620,"[1567, 1896, 1072, 1760, 1705]"
2621,"[454, 455, 114, 1073, 1192]"
2622,"[1924, 98, 672, 624, 464]"
2623,"[1723, 480, 111, 1317, 1709]"
2624,"[455, 114, 16, 1910, 454]"
2625,"[511, 1704, 1705, 403, 302]"
2626,"[1676, 1202, 410, 432, 403]"
2627,"[808, 403, 866, 121, 1249]"
2628,"[1249, 432, 403, 1575, 165]"
2629,"[1890, 1904, 78, 1554, 1894]"
2630,"[1639, 108, 1902, 1721, 1269]"
2631,"[1567, 114, 16, 1163, 1604]"
2632,"[1567, 901, 1607, 1620, 409]"
2633,"[888, 1249, 1705, 1830, 698]"
2634,"[1312, 1904, 1112, 1192, 455]"
2635,"[1887, 1249, 1160, 1607, 1830]"
2636,"[1191, 1666, 438, 1885, 432]"
2637,"[857, 1491, 1555, 1098, 1794]"
2638,"[587, 593, 597, 595, 590]"
2639,"[16, 114, 454, 1604, 1924]"
2640,"[1620, 1676, 1902, 1675, 159]"
2641,"[1604, 1618, 1677, 1639, 60]"
2642,"[1704, 1705, 1607, 1666, 1904]"
2643,"[1567, 16, 454, 1896, 458]"
2644,"[923, 669, 50, 1670, 480]"
2645,"[890, 112, 922, 878, 113]"
2646,"[922, 124, 1526, 878, 1922]"
2647,"[650, 1723, 501, 1320, 1789]"
2648,"[1567, 1607, 164, 1871, 1834]"
2649,"[111, 1317, 480, 1723, 248]"
2650,"[1525, 1889, 1612, 1160, 1523]"
2651,"[749, 1887, 1670, 97, 96]"
2652,"[866, 1805, 1160, 1114, 480]"
2653,"[1615, 113, 164, 1904, 1704]"
2654,"[1607, 98, 165, 89, 1567]"
2655,"[161, 1670, 174, 175, 176]"
2656,"[1249, 1704, 1705, 1676, 1299]"
2657,"[111, 468, 73, 282, 866]"
2658,"[114, 1192, 454, 16, 1604]"
2659,"[687, 1273, 1581, 1761, 439]"
2660,"[1760, 860, 1705, 1904, 1704]"
2661,"[784, 688, 478, 168, 173]"
2662,"[1659, 1607, 1704, 1705, 111]"
2663,"[1567, 1072, 1191, 1607, 102]"
2664,"[443, 1705, 1704, 1708, 1790]"
2665,"[890, 1612, 1906, 1891, 1904]"
2666,"[1871, 1834, 1830, 403, 511]"
2667,"[749, 1670, 866, 665, 403]"
2668,"[1772, 1176, 291, 1116, 808]"
2669,"[1197, 1560, 866, 1320, 1735]"
2670,"[1567, 1704, 1705, 16, 1607]"
2671,"[660, 1317, 1742, 860, 1705]"
2672,"[1521, 455, 692, 1112, 1910]"
2673,"[1034, 159, 1025, 937, 1676]"
2674,"[1705, 1704, 1277, 1607, 1249]"
2675,"[455, 926, 454, 114, 102]"
2676,"[480, 403, 66, 121, 1723]"
2677,"[110, 1317, 1907, 1613, 1038]"
2678,"[1068, 672, 403, 1197, 37]"
2679,"[455, 1191, 1666, 1904, 1489]"
2680,"[866, 1639, 1073, 605, 868]"
2681,"[18, 1192, 37, 480, 1772]"
2682,"[1699, 1615, 89, 165, 1196]"
2683,"[1660, 791, 1073, 403, 443]"
2684,"[804, 1705, 1704, 28, 15]"
2685,"[1637, 1832, 1825, 403, 187]"
2686,"[1193, 1554, 1489, 1890, 1542]"
2687,"[455, 102, 1746, 1617, 1192]"
2688,"[1277, 1249, 862, 851, 1040]"
2689,"[1907, 1659, 1896, 98, 113]"
2690,"[266, 267, 233, 234, 238]"
2691,"[371, 444, 1676, 1269, 68]"
2692,"[749, 1670, 866, 121, 757]"
2693,"[922, 928, 919, 175, 921]"
2694,"[1676, 470, 620, 405, 1202]"
2695,"[1884, 16, 1567, 114, 1192]"
2696,"[749, 1670, 866, 1830, 511]"
2697,"[480, 72, 403, 903, 1723]"
2698,"[480, 111, 862, 479, 1723]"
2699,"[1704, 903, 1758, 1762, 114]"
2700,"[455, 1113, 110, 1192, 1704]"
2701,"[1902, 720, 101, 344, 1566]"
2702,"[1567, 403, 111, 73, 432]"
2703,"[866, 1561, 1560, 890, 1907]"
2704,"[1900, 1902, 1176, 344, 342]"
2705,"[114, 455, 116, 1695, 1641]"
2706,"[1911, 213, 979, 980, 981]"
2707,"[16, 888, 1704, 114, 819]"
2708,"[1555, 101, 112, 1192, 1274]"
2709,"[1567, 16, 1772, 1249, 468]"
2710,"[1670, 749, 1118, 757, 1320]"
2711,"[1885, 165, 672, 167, 928]"
2712,"[111, 16, 860, 1317, 1761]"
2713,"[1191, 1599, 1192, 1523, 110]"
2714,"[110, 116, 1567, 726, 727]"
2715,"[793, 1073, 1320, 1670, 665]"
2716,"[1705, 1704, 1163, 660, 636]"
2717,"[152, 205, 208, 145, 140]"
2718,"[857, 1561, 1147, 590, 587]"
2719,"[828, 1895, 1015, 976, 1002]"
2720,"[92, 1270, 480, 468, 1249]"
2721,"[169, 156, 167, 174, 919]"
2722,"[73, 413, 1317, 37, 1717]"
2723,"[1676, 1677, 116, 114, 455]"
2724,"[1676, 114, 1675, 444, 165]"
2725,"[1037, 885, 1612, 866, 287]"
2726,"[145, 408, 136, 953, 1915]"
2727,"[97, 98, 96, 1902, 1900]"
2728,"[660, 1560, 1648, 379, 1073]"
2729,"[1249, 420, 409, 458, 1901]"
2730,"[89, 1202, 410, 1534, 1196]"
2731,"[1277, 1608, 1607, 511, 1659]"
2732,"[624, 1930, 1617, 78, 1613]"
2733,"[165, 403, 749, 925, 167]"
2734,"[1534, 165, 97, 96, 458]"
2735,"[1772, 1246, 1513, 413, 82]"
2736,"[213, 979, 980, 981, 982]"
2737,"[1246, 471, 1770, 817, 62]"
2738,"[1607, 1277, 1608, 1659, 432]"
2739,"[1861, 1648, 753, 758, 1706]"
2740,"[681, 165, 170, 98, 695]"
2741,"[1561, 1915, 1560, 890, 1907]"
2742,"[749, 1670, 866, 665, 458]"
2743,"[1344, 1885, 403, 159, 1025]"
2744,"[116, 455, 114, 1772, 1917]"
2745,"[165, 1676, 1696, 403, 423]"
2746,"[413, 1192, 1904, 1896, 16]"
2747,"[1608, 1607, 1567, 1896, 1904]"
2748,"[1567, 692, 1192, 102, 1746]"
2749,"[89, 102, 890, 1534, 112]"
2750,"[455, 16, 114, 1192, 1910]"
2751,"[1567, 1607, 1896, 1615, 1192]"
2752,"[114, 1704, 1705, 1192, 1112]"
2753,"[901, 165, 672, 1659, 1604]"
2754,"[749, 1118, 866, 121, 1197]"
2755,"[1611, 1604, 98, 1924, 97]"
2756,"[1320, 403, 628, 633, 638]"
2757,"[650, 1145, 681, 289, 425]"
2758,"[1567, 1192, 692, 1277, 98]"
2759,"[1607, 403, 1249, 432, 121]"
2760,"[432, 1607, 1277, 672, 1659]"
2761,"[1904, 98, 1666, 1613, 409]"
2762,"[262, 1009, 1013, 66, 72]"
2763,"[295, 1566, 344, 1637, 395]"
2764,"[1907, 692, 1639, 1695, 1147]"
2765,"[468, 111, 73, 1908, 1334]"
2766,"[1192, 451, 890, 114, 1275]"
2767,"[410, 1202, 1887, 1885, 1832]"
2768,"[1612, 1907, 866, 1620, 121]"
2769,"[403, 1249, 1825, 1675, 808]"
2770,"[116, 1536, 114, 1639, 1192]"
2771,"[455, 1192, 1904, 1666, 112]"
2772,"[1887, 1899, 866, 1588, 93]"
2773,"[455, 1112, 1192, 291, 114]"
2774,"[95, 93, 440, 1581, 111]"
2775,"[1567, 444, 1723, 789, 480]"
2776,"[672, 789, 1885, 851, 1887]"
2777,"[1676, 410, 1202, 1258, 1259]"
2778,"[1705, 1704, 1277, 1192, 383]"
2779,"[1567, 1896, 1539, 1904, 1885]"
2780,"[403, 866, 282, 749, 1320]"
2781,"[1676, 1675, 892, 121, 1249]"
2782,"[409, 1080, 1626, 1713, 403]"
2783,"[749, 1197, 866, 1313, 121]"
2784,"[1197, 1902, 1307, 1552, 66]"
2785,"[444, 1764, 1344, 1269, 731]"
2786,"[614, 1192, 1246, 29, 1204]"
2787,"[16, 1570, 3, 1611, 54]"
2788,"[16, 1705, 1704, 1761, 1760]"
2789,"[926, 78, 438, 1613, 372]"
2790,"[1192, 878, 16, 1746, 1567]"
2791,"[425, 925, 167, 928, 931]"
2792,"[1192, 114, 1761, 1696, 1582]"
2793,"[1907, 1750, 114, 412, 113]"
2794,"[66, 933, 1114, 866, 925]"
2795,"[455, 454, 1192, 1521, 1904]"
2796,"[1723, 1317, 73, 480, 413]"
2797,"[1884, 789, 1910, 102, 1746]"
2798,"[1889, 110, 1904, 1612, 1191]"
2799,"[261, 1009, 262, 252, 248]"
2800,"[409, 89, 922, 165, 113]"
2801,"[1750, 113, 26, 417, 101]"
2802,"[403, 1750, 1063, 480, 1320]"
2803,"[1922, 1897, 166, 928, 1297]"
2804,"[409, 165, 164, 89, 125]"
2805,"[1191, 1611, 102, 1746, 1904]"
2806,"[1202, 410, 1916, 1073, 1885]"
2807,"[1726, 1277, 708, 440, 1924]"
2808,"[1526, 1922, 1897, 1899, 1896]"
2809,"[1922, 1897, 1526, 409, 1904]"
2810,"[1248, 116, 1677, 423, 1244]"
2811,"[114, 1926, 1192, 1748, 1696]"
2812,"[403, 1758, 1762, 111, 862]"
2813,"[749, 979, 1566, 1640, 1202]"
2814,"[1752, 1192, 1904, 1112, 1910]"
2815,"[1073, 1060, 121, 782, 899]"
2816,"[1666, 98, 1904, 78, 102]"
2817,"[403, 866, 66, 738, 1320]"
2818,"[455, 1192, 1904, 78, 110]"
2819,"[1192, 114, 890, 1830, 1191]"
2820,"[403, 165, 979, 983, 984]"
2821,"[1696, 290, 1615, 97, 96]"
2822,"[1904, 1606, 110, 78, 1192]"
2823,"[749, 1887, 430, 1256, 1261]"
2824,"[1904, 1191, 1890, 860, 1523]"
2825,"[165, 1907, 1911, 89, 1615]"
2826,"[890, 89, 1904, 112, 878]"
2827,"[124, 1810, 1811, 1825, 1197]"
2828,"[1192, 1705, 1704, 1762, 687]"
2829,"[1894, 1896, 1539, 1567, 1526]"
2830,"[885, 1428, 1723, 111, 738]"
2831,"[1637, 1277, 1291, 1273, 1270]"
2832,"[165, 878, 926, 1696, 89]"
2833,"[1893, 1666, 78, 1904, 708]"
2834,"[1612, 866, 121, 1620, 1887]"
2835,"[409, 113, 1615, 112, 1904]"
2836,"[1675, 165, 1676, 922, 1677]"
2837,"[1675, 165, 1911, 1677, 979]"
2838,"[1612, 1063, 1567, 1891, 89]"
2839,"[121, 403, 1307, 1317, 409]"
2840,"[89, 409, 1922, 1897, 1526]"
2841,"[749, 403, 866, 903, 1670]"
2842,"[43, 1904, 1526, 1899, 1896]"
2843,"[1317, 803, 471, 111, 413]"
2844,"[1904, 1890, 1191, 1532, 1489]"
2845,"[1904, 1191, 1192, 1562, 1890]"
2846,"[1069, 438, 1696, 1695, 1636]"
2847,"[1904, 1066, 1586, 165, 1890]"
2848,"[928, 458, 468, 739, 497]"
2849,"[1887, 1588, 1114, 866, 1671]"
2850,"[1297, 1246, 166, 37, 407]"
2851,"[925, 167, 174, 175, 176]"
2852,"[1256, 1253, 1298, 1258, 1302]"
2853,"[1246, 1708, 18, 89, 1922]"
2854,"[1069, 1567, 1696, 165, 1613]"
2855,"[1567, 1922, 1897, 1526, 89]"
2856,"[1904, 860, 1705, 1704, 1762]"
2857,"[1904, 1489, 890, 1521, 43]"
2858,"[114, 1192, 1924, 1890, 1926]"
2859,"[1904, 1192, 1666, 1489, 1639]"
2860,"[1887, 866, 345, 108, 272]"
2861,"[1904, 121, 866, 1907, 1567]"
2862,"[866, 43, 1887, 1904, 121]"
2863,"[1904, 1191, 1890, 1562, 1489]"
2864,"[1279, 403, 79, 1076, 1075]"
2865,"[1705, 1607, 1704, 432, 111]"
2866,"[690, 686, 1249, 809, 676]"
2867,"[403, 1666, 74, 444, 66]"
2868,"[625, 611, 1770, 672, 925]"
2869,"[726, 444, 1632, 956, 159]"
2870,"[1705, 1704, 1762, 860, 1758]"
2871,"[108, 681, 1249, 721, 432]"
2872,"[89, 1887, 1885, 892, 857]"
2873,"[1063, 1732, 375, 391, 1073]"
2874,"[1924, 1202, 410, 1887, 165]"
2875,"[1666, 267, 1013, 262, 1009]"
2876,"[89, 409, 672, 98, 167]"
2877,"[95, 121, 866, 403, 925]"
2878,"[1677, 125, 1030, 165, 1907]"
2879,"[37, 1567, 403, 165, 480]"
2880,"[113, 1192, 1517, 164, 60]"
2881,"[866, 165, 1705, 1704, 1197]"
2882,"[1704, 1705, 862, 1428, 72]"
2883,"[1904, 860, 1275, 1192, 110]"
2884,"[1904, 890, 1526, 1922, 1897]"
2885,"[1676, 408, 125, 1299, 1675]"
2886,"[1922, 1897, 1526, 163, 1192]"
2887,"[159, 1025, 937, 165, 672]"
2888,"[1721, 165, 164, 455, 454]"
2889,"[1567, 1193, 1909, 1885, 1887]"
2890,"[60, 926, 890, 444, 1889]"
2891,"[1068, 1759, 1758, 1887, 1891]"
2892,"[1915, 922, 1906, 1193, 890]"
2893,"[1922, 1897, 1526, 1899, 866]"
2894,"[1904, 1885, 1907, 1613, 89]"
2895,"[1887, 749, 102, 1670, 1118]"
2896,"[688, 1311, 465, 467, 749]"
2897,"[165, 89, 113, 1677, 922]"
2898,"[1612, 866, 37, 403, 121]"
2899,"[1063, 672, 1249, 1204, 1291]"
2900,"[1762, 1758, 1705, 1704, 405]"
2901,"[408, 672, 213, 979, 980]"
2902,"[165, 409, 789, 1118, 403]"
2903,"[890, 112, 1884, 1533, 291]"
2904,"[116, 114, 1275, 1604, 447]"
2905,"[1013, 253, 217, 165, 902]"
2906,"[1639, 615, 409, 446, 1196]"
2907,"[1526, 1907, 1922, 1897, 409]"
2908,"[89, 1907, 1922, 1897, 1539]"
2909,"[1073, 922, 1534, 1192, 410]"
2910,"[1886, 1887, 121, 102, 89]"
2911,"[1277, 1608, 1607, 1909, 1615]"
2912,"[927, 165, 922, 890, 1592]"
2913,"[409, 1904, 1613, 1899, 1526]"
2914,"[165, 1639, 60, 926, 1192]"
2915,"[1612, 672, 866, 1705, 1704]"
2916,"[922, 1899, 1922, 1897, 102]"
2917,"[165, 1196, 1659, 1901, 1632]"
2918,"[577, 1709, 592, 1703, 1793]"
2919,"[789, 113, 1922, 1897, 1904]"
2920,"[165, 890, 89, 1695, 1907]"
2921,"[97, 96, 165, 1885, 164]"
2922,"[165, 1750, 405, 1639, 925]"
2923,"[18, 925, 928, 924, 1197]"
2924,"[409, 1526, 1904, 1887, 1922]"
2925,"[1904, 1191, 1562, 1277, 78]"
2926,"[248, 995, 480, 734, 862]"
2927,"[1249, 1461, 1210, 1772, 687]"
2928,"[1904, 922, 1192, 1536, 1523]"
2929,"[868, 1071, 1133, 1317, 1069]"
2930,"[116, 1904, 1192, 114, 110]"
2931,"[454, 1526, 1910, 1922, 1897]"
2932,"[1899, 113, 1526, 89, 409]"
2933,"[165, 922, 1202, 410, 97]"
2934,"[167, 928, 169, 929, 156]"
2935,"[1901, 672, 444, 1666, 925]"
2936,"[892, 866, 121, 1118, 1871]"
2937,"[444, 902, 1666, 1138, 1279]"
2938,"[1193, 789, 159, 1025, 937]"
2939,"[278, 273, 408, 139, 276]"
2940,"[1708, 1806, 1864, 1246, 1860]"
2941,"[165, 1677, 921, 213, 1907]"
2942,"[1907, 1696, 113, 409, 866]"
2943,"[890, 878, 112, 124, 1543]"
2944,"[1904, 1611, 809, 44, 425]"
2945,"[1726, 1705, 1704, 888, 1926]"
2946,"[1202, 410, 1620, 672, 789]"
2947,"[1118, 121, 866, 928, 925]"
2948,"[1612, 866, 121, 1620, 37]"
2949,"[1887, 1899, 587, 1567, 1705]"
2950,"[866, 1885, 1902, 749, 60]"
2951,"[89, 1527, 165, 113, 102]"
2952,"[1613, 113, 1904, 1192, 878]"
2953,"[1034, 403, 866, 121, 73]"
2954,"[1695, 102, 98, 124, 1555]"
2955,"[1676, 1675, 1677, 1196, 405]"
2956,"[672, 774, 743, 1674, 775]"
2957,"[274, 1696, 272, 270, 165]"
2958,"[1922, 1897, 1526, 1287, 1899]"
2959,"[1915, 786, 1438, 1001, 1219]"
2960,"[1191, 846, 1726, 692, 1611]"
2961,"[1191, 1607, 1904, 1489, 1885]"
2962,"[1646, 1915, 1805, 1556, 1529]"
2963,"[121, 901, 1626, 862, 432]"
2964,"[1560, 1561, 89, 660, 79]"
2965,"[890, 114, 112, 1902, 1192]"
2966,"[1904, 1560, 1913, 1701, 1197]"
2967,"[113, 1907, 922, 926, 60]"
2968,"[1273, 1147, 111, 687, 1705]"
2969,"[1887, 121, 866, 1701, 1646]"
2970,"[1907, 89, 1890, 1887, 335]"
2971,"[1603, 1915, 1695, 1250, 97]"
2972,"[890, 112, 114, 1915, 113]"
2973,"[1670, 925, 167, 928, 931]"
2974,"[403, 749, 1495, 892, 1202]"
2975,"[1746, 1670, 102, 165, 866]"
2976,"[922, 1904, 819, 102, 1526]"
2977,"[1904, 808, 866, 1567, 1063]"
2978,"[698, 121, 866, 1249, 1762]"
2979,"[403, 1283, 1284, 1197, 1106]"
2980,"[403, 749, 1723, 66, 282]"
2981,"[890, 1902, 95, 1907, 1889]"
2982,"[403, 1077, 1299, 1260, 866]"
2983,"[1735, 441, 587, 590, 593]"
2984,"[789, 672, 165, 403, 851]"
2985,"[1704, 1705, 1829, 1827, 501]"
2986,"[403, 1620, 1607, 672, 1659]"
2987,"[609, 1659, 1723, 403, 480]"
2988,"[432, 430, 1249, 672, 1105]"
2989,"[228, 1073, 1904, 1613, 789]"
2990,"[1034, 1676, 159, 1025, 937]"
2991,"[89, 612, 789, 412, 113]"
2992,"[1906, 1192, 405, 1865, 1202]"
2993,"[789, 1885, 1723, 480, 688]"
2994,"[1904, 1606, 1613, 1192, 102]"
2995,"[1534, 89, 1620, 1615, 878]"
2996,"[405, 1639, 98, 1070, 295]"
2997,"[933, 1670, 749, 866, 66]"
2998,"[102, 1746, 409, 98, 171]"
2999,"[672, 789, 403, 1344, 1789]"
3000,"[1620, 165, 672, 789, 1567]"
3001,"[1829, 1827, 1320, 403, 1077]"
3002,"[1723, 111, 1317, 1428, 1717]"
3003,"[403, 66, 866, 282, 1723]"
3004,"[1620, 410, 1202, 933, 1670]"
3005,"[789, 1073, 672, 403, 1612]"
3006,"[79, 650, 779, 1575, 1723]"
3007,"[1567, 1887, 102, 1562, 1249]"
3008,"[1889, 791, 1660, 587, 599]"
3009,"[1300, 964, 403, 1202, 410]"
3010,"[1809, 933, 1670, 930, 1118]"
3011,"[672, 789, 851, 403, 1106]"
3012,"[403, 1704, 1705, 1827, 405]"
3013,"[1865, 1827, 1836, 1873, 1832]"
3014,"[1077, 403, 892, 1258, 1829]"
3015,"[925, 167, 928, 931, 174]"
3016,"[1855, 1861, 1823, 1320, 1670]"
3017,"[1887, 1890, 1249, 111, 403]"
3018,"[1911, 165, 213, 1202, 410]"
3019,"[789, 672, 1620, 851, 403]"
3020,"[410, 1202, 1612, 1277, 1077]"
3021,"[403, 1632, 405, 444, 1320]"
3022,"[1904, 1606, 409, 102, 1192]"
3023,"[125, 1248, 1676, 423, 1244]"
3024,"[125, 1690, 1698, 902, 403]"
3025,"[403, 66, 749, 429, 1320]"
3026,"[125, 1915, 1363, 1810, 1370]"
3027,"[423, 1244, 1690, 902, 125]"
3028,"[125, 902, 432, 1014, 1675]"
3029,"[125, 672, 1915, 1363, 1640]"
3030,"[125, 1676, 1677, 926, 124]"
3031,"[125, 423, 1244, 1640, 672]"
3032,"[125, 1640, 1698, 1613, 1676]"
3033,"[125, 1696, 1690, 1676, 1248]"
3034,"[125, 165, 423, 1244, 672]"
3035,"[125, 1690, 672, 165, 167]"
3036,"[1690, 73, 1317, 403, 1723]"
3037,"[125, 124, 438, 1255, 1666]"
3038,"[125, 1676, 423, 1244, 1640]"
3039,"[125, 1077, 1861, 1705, 1704]"
3040,"[1704, 1705, 672, 1077, 403]"
3041,"[1136, 1640, 1126, 376, 327]"
3042,"[125, 902, 1690, 403, 1299]"
3043,"[125, 1676, 1077, 1344, 1690]"
3044,"[125, 165, 423, 1244, 1196]"
3045,"[125, 124, 165, 1196, 408]"
3046,"[125, 1690, 1902, 1706, 1810]"
3047,"[125, 408, 926, 1690, 902]"
3048,"[125, 1690, 408, 1014, 1080]"
3049,"[125, 403, 102, 1746, 911]"
3050,"[125, 124, 926, 1202, 410]"
3051,"[1864, 577, 514, 542, 876]"
3052,"[125, 1126, 365, 322, 1197]"
3053,"[1924, 125, 455, 862, 1899]"
3054,"[125, 1344, 1915, 1676, 1640]"
3055,"[125, 1639, 789, 1640, 1193]"
3056,"[423, 1244, 125, 1677, 902]"
3057,"[125, 365, 1915, 1690, 1705]"
3058,"[1612, 1674, 1301, 1077, 1885]"
3059,"[125, 1690, 265, 1640, 403]"
3060,"[423, 1244, 125, 1690, 603]"
3061,"[125, 1676, 1690, 423, 1244]"
3062,"[423, 1244, 1640, 403, 405]"
3063,"[125, 365, 403, 1137, 1320]"
3064,"[429, 1307, 562, 568, 564]"
3065,"[125, 1675, 1043, 902, 1677]"
3066,"[116, 1677, 165, 1307, 89]"
3067,"[408, 890, 114, 1902, 1197]"
3068,"[89, 890, 1705, 1704, 866]"
3069,"[171, 455, 1915, 878, 1750]"
3070,"[926, 165, 1915, 171, 1639]"
3071,"[1924, 478, 167, 928, 169]"
3072,"[1249, 925, 167, 928, 931]"
3073,"[481, 617, 1752, 749, 1753]"
3074,"[98, 1924, 165, 124, 1915]"
3075,"[1924, 615, 1204, 1695, 607]"
3076,"[904, 1902, 1695, 688, 898]"
3077,"[1924, 1639, 124, 165, 455]"
3078,"[1924, 116, 60, 114, 1639]"
3079,"[1915, 890, 1766, 1344, 1760]"
3080,"[1924, 478, 1906, 926, 60]"
3081,"[1887, 866, 749, 1830, 458]"
3082,"[1924, 478, 60, 637, 406]"
3083,"[1924, 478, 926, 1202, 410]"
3084,"[165, 749, 1249, 60, 1648]"
3085,"[116, 1915, 1561, 1552, 1676]"
3086,"[749, 1889, 866, 121, 1670]"
3087,"[922, 409, 165, 1915, 124]"
3088,"[1924, 478, 165, 1620, 1885]"
3089,"[1752, 817, 1744, 1935, 1865]"
3090,"[165, 171, 878, 1830, 481]"
3091,"[171, 116, 1676, 890, 408]"
3092,"[403, 749, 1704, 432, 866]"
3093,"[1695, 89, 98, 165, 1924]"
3094,"[1561, 395, 1552, 349, 377]"
3095,"[1704, 1705, 1695, 1760, 890]"
3096,"[455, 1915, 98, 1924, 102]"
3097,"[1676, 890, 112, 1639, 1677]"
3098,"[1073, 1885, 749, 1592, 1257]"
3099,"[1639, 171, 165, 1750, 1676]"
3100,"[1924, 478, 1884, 1600, 1526]"
3101,"[878, 1890, 922, 1705, 1704]"
3102,"[1924, 60, 1639, 116, 439]"
3103,"[1915, 890, 1760, 1907, 127]"
3104,"[1536, 1532, 1192, 1489, 1523]"
3105,"[1924, 1536, 1192, 1904, 926]"
3106,"[749, 66, 1670, 866, 925]"
3107,"[890, 1344, 1676, 1030, 112]"
3108,"[98, 114, 370, 603, 1161]"
3109,"[1937, 1705, 1704, 890, 1515]"
3110,"[890, 116, 114, 112, 1604]"
3111,"[1592, 615, 265, 1249, 213]"
3112,"[102, 1746, 126, 409, 782]"
3113,"[1557, 857, 1617, 110, 1567]"
3114,"[1677, 898, 1640, 444, 1666]"
3115,"[380, 1704, 1705, 1776, 1757]"
3116,"[365, 1640, 1077, 1008, 397]"
3117,"[403, 738, 1809, 480, 1873]"
3118,"[1889, 774, 1603, 1652, 1525]"
3119,"[438, 1666, 78, 1640, 228]"
3120,"[1061, 377, 403, 1723, 1249]"
3121,"[1666, 1202, 410, 1904, 1906]"
3122,"[1677, 1592, 773, 1907, 165]"
3123,"[1721, 1592, 919, 175, 108]"
3124,"[1721, 108, 856, 1617, 857]"
3125,"[438, 1666, 78, 1885, 848]"
3126,"[403, 1249, 1695, 672, 1666]"
3127,"[1760, 1761, 1704, 1705, 862]"
3128,"[110, 1190, 1697, 480, 1063]"
3129,"[286, 208, 1008, 248, 1056]"
3130,"[1752, 1705, 1704, 1822, 1014]"
3131,"[1677, 1676, 165, 124, 171]"
3132,"[1721, 1705, 1704, 1159, 361]"
3133,"[997, 1632, 991, 1428, 1008]"
3134,"[1705, 1704, 1752, 1759, 1794]"
3135,"[480, 862, 1704, 1705, 481]"
3136,"[605, 603, 1202, 410, 97]"
3137,"[721, 1028, 167, 928, 169]"
3138,"[165, 403, 726, 727, 1650]"
3139,"[405, 470, 620, 1269, 377]"
3140,"[857, 862, 1705, 1704, 1270]"
3141,"[982, 1632, 738, 208, 226]"
3142,"[857, 1705, 1704, 1889, 433]"
3143,"[1875, 1704, 1777, 1765, 1816]"
3144,"[857, 866, 1705, 1704, 1829]"
3145,"[1187, 1089, 443, 599, 471]"
3146,"[455, 124, 1639, 98, 692]"
3147,"[1752, 1802, 480, 1723, 1428]"
3148,"[438, 110, 1904, 78, 1192]"
3149,"[345, 403, 1317, 866, 892]"
3150,"[1904, 1270, 1192, 102, 1746]"
3151,"[698, 1695, 857, 1249, 903]"
3152,"[1695, 1889, 403, 624, 1054]"
3153,"[1024, 1721, 108, 857, 762]"
3154,"[102, 1249, 1611, 1924, 1606]"
3155,"[1904, 1192, 113, 112, 1070]"
3156,"[1192, 614, 1615, 29, 621]"
3157,"[165, 922, 1611, 124, 454]"
3158,"[1761, 1760, 16, 1704, 1705]"
3159,"[926, 1626, 1655, 292, 901]"
3160,"[1317, 1705, 403, 111, 1704]"
3161,"[1610, 455, 1192, 16, 1604]"
3162,"[1705, 1704, 1758, 1762, 862]"
3163,"[1191, 1567, 1192, 1904, 1523]"
3164,"[97, 96, 102, 1746, 98]"
3165,"[111, 860, 44, 1705, 16]"
3166,"[1889, 228, 1760, 1761, 1617]"
3167,"[16, 455, 114, 819, 1192]"
3168,"[926, 60, 1695, 1536, 1249]"
3169,"[692, 1904, 1192, 455, 228]"
3170,"[1924, 1904, 1192, 116, 455]"
3171,"[1904, 1112, 455, 1192, 44]"
3172,"[82, 1760, 1761, 1617, 16]"
3173,"[1555, 890, 102, 1746, 1604]"
3174,"[1884, 114, 1191, 1192, 1904]"
3175,"[1904, 1192, 455, 116, 454]"
3176,"[693, 1249, 860, 1600, 16]"
3177,"[749, 165, 866, 1249, 808]"
3178,"[1904, 1112, 1192, 110, 455]"
3179,"[1904, 1192, 1523, 1489, 78]"
3180,"[1904, 1676, 1202, 410, 1640]"
3181,"[1192, 1273, 1600, 447, 1112]"
3182,"[455, 1904, 1192, 1599, 16]"
3183,"[1887, 1924, 884, 1611, 1249]"
3184,"[1617, 1192, 1557, 1746, 1613]"
3185,"[114, 1926, 1192, 1890, 1761]"
3186,"[1904, 1885, 425, 922, 1202]"
3187,"[926, 102, 1746, 409, 1557]"
3188,"[1192, 648, 1274, 1275, 480]"
3189,"[16, 1567, 114, 1192, 455]"
3190,"[1617, 1555, 1312, 1192, 102]"
3191,"[1555, 648, 1884, 1893, 783]"
3192,"[1705, 432, 1608, 866, 1626]"
3193,"[1249, 1913, 783, 1604, 1611]"
3194,"[1617, 926, 89, 455, 114]"
3195,"[1536, 1249, 111, 432, 866]"
3196,"[1112, 1904, 1192, 1070, 455]"
3197,"[1071, 1884, 432, 1562, 1904]"
3198,"[82, 441, 1772, 1742, 413]"
3199,"[1192, 1750, 1904, 794, 1640]"
3200,"[878, 1904, 1538, 1192, 692]"
3201,"[1071, 811, 1926, 1069, 1905]"
3202,"[403, 1320, 480, 1705, 111]"
3203,"[1191, 1886, 1904, 1554, 1489]"
3204,"[1202, 410, 866, 1554, 161]"
3205,"[1192, 455, 1904, 454, 1523]"
3206,"[866, 324, 884, 111, 892]"
3207,"[1886, 102, 1746, 1904, 458]"
3208,"[471, 1246, 1715, 1693, 803]"
3209,"[1071, 1904, 1040, 714, 1758]"
3210,"[1612, 1890, 1887, 1160, 121]"
3211,"[1904, 113, 1554, 1532, 1489]"
3212,"[1887, 440, 1890, 111, 599]"
3213,"[1904, 1567, 1926, 16, 1297]"
3214,"[1191, 1890, 432, 1926, 1886]"
3215,"[1904, 1926, 102, 878, 1554]"
3216,"[111, 860, 1192, 1904, 1274]"
3217,"[95, 1907, 1606, 1192, 1904]"
3218,"[409, 1904, 102, 1746, 1202]"
3219,"[1538, 1904, 165, 124, 102]"
3220,"[1904, 1554, 1890, 1192, 1489]"
3221,"[1202, 410, 1904, 692, 159]"
3222,"[1904, 1192, 1538, 692, 1615]"
3223,"[1911, 1249, 409, 1890, 1886]"
3224,"[1191, 1904, 1533, 1554, 1521]"
3225,"[692, 1531, 1611, 124, 102]"
3226,"[332, 413, 618, 1317, 82]"
3227,"[1904, 1890, 1192, 1554, 1489]"
3228,"[1533, 1554, 1523, 1562, 1489]"
3229,"[1904, 922, 102, 1746, 124]"
3230,"[1556, 1538, 1904, 1192, 1886]"
3231,"[1904, 1527, 1885, 1887, 1556]"
3232,"[111, 1704, 860, 1192, 1904]"
3233,"[1191, 1533, 1909, 1562, 1890]"
3234,"[1904, 409, 165, 102, 1746]"
3235,"[878, 1904, 1192, 612, 614]"
3236,"[121, 1746, 102, 113, 1533]"
3237,"[1533, 1556, 1538, 1904, 1746]"
3238,"[1192, 114, 1523, 890, 1521]"
3239,"[1246, 1741, 1070, 1705, 1704]"
3240,"[811, 1071, 165, 926, 289]"
3241,"[413, 1629, 1554, 1534, 27]"
3242,"[1071, 1069, 866, 1807, 1745]"
3243,"[1705, 1760, 866, 1890, 1745]"
3244,"[1904, 1192, 1890, 113, 1489]"
3245,"[1562, 1191, 1904, 692, 1890]"
3246,"[693, 860, 1192, 44, 16]"
3247,"[1904, 1926, 1890, 1598, 890]"
3248,"[1761, 1760, 1705, 1704, 862]"
3249,"[1704, 111, 575, 1249, 562]"
3250,"[478, 783, 1241, 901, 860]"
3251,"[1924, 860, 1904, 1761, 111]"
3252,"[112, 1924, 1533, 1890, 1677]"
3253,"[1192, 1904, 1523, 455, 1521]"
3254,"[111, 860, 1705, 1249, 1192]"
3255,"[1070, 1904, 1562, 692, 1192]"
3256,"[1924, 637, 1249, 16, 1600]"
3257,"[1913, 860, 111, 1273, 1705]"
3258,"[1906, 291, 1928, 1926, 403]"
3259,"[1904, 1704, 111, 860, 1192]"
3260,"[1192, 1904, 439, 116, 455]"
3261,"[1904, 1924, 1192, 1890, 1899]"
3262,"[1428, 1317, 1717, 1181, 474]"
3263,"[1191, 291, 1192, 1904, 1926]"
3264,"[1924, 693, 860, 1192, 1904]"
3265,"[1191, 291, 1913, 693, 1192]"
3266,"[1904, 1890, 1249, 111, 1705]"
3267,"[1191, 1562, 1521, 43, 687]"
3268,"[111, 860, 1192, 1705, 1904]"
3269,"[1937, 1277, 1192, 1904, 1608]"
3270,"[111, 693, 860, 1249, 432]"
3271,"[1761, 1760, 1704, 1705, 1758]"
3272,"[1273, 447, 1705, 860, 1112]"
3273,"[1192, 693, 860, 1610, 116]"
3274,"[111, 860, 1192, 1705, 1904]"
3275,"[890, 1273, 112, 1521, 1890]"
3276,"[1904, 1192, 116, 455, 110]"
3277,"[1191, 1533, 1904, 1598, 1562]"
3278,"[1666, 1613, 165, 110, 1696]"
3279,"[1761, 1760, 1705, 1926, 1745]"
3280,"[1913, 926, 1536, 1701, 109]"
3281,"[291, 1192, 1904, 454, 1926]"
3282,"[1904, 1192, 1523, 1890, 113]"
3283,"[1761, 1760, 1705, 1890, 1904]"
3284,"[693, 860, 1192, 1249, 16]"
3285,"[1904, 1899, 102, 1526, 1192]"
3286,"[1192, 1904, 116, 1523, 110]"
3287,"[1560, 1561, 928, 1902, 866]"
3288,"[1750, 458, 1701, 1606, 1746]"
3289,"[98, 102, 1695, 1746, 1603]"
3290,"[1191, 1533, 291, 1884, 455]"
3291,"[116, 114, 890, 112, 455]"
3292,"[599, 29, 597, 1192, 588]"
3293,"[1192, 1610, 614, 29, 26]"
3294,"[1704, 1705, 111, 1274, 1758]"
3295,"[1610, 1521, 1192, 1523, 44]"
3296,"[1191, 692, 1533, 291, 1562]"
3297,"[1762, 111, 1704, 1192, 860]"
3298,"[291, 1615, 1586, 1904, 884]"
3299,"[440, 1705, 111, 1704, 860]"
3300,"[1887, 749, 1704, 1705, 757]"
3301,"[468, 599, 597, 590, 111]"
3302,"[1191, 692, 1192, 1890, 1523]"
3303,"[1904, 1192, 1523, 612, 101]"
3304,"[171, 113, 102, 866, 409]"
3305,"[1750, 165, 1638, 1904, 1695]"
3306,"[440, 1705, 111, 1704, 1762]"
3307,"[1887, 749, 409, 1670, 866]"
3308,"[1890, 112, 890, 1192, 114]"
3309,"[111, 1704, 1249, 1705, 1605]"
3310,"[1192, 1610, 1521, 1904, 1523]"
3311,"[1904, 1192, 110, 78, 599]"
3312,"[1887, 749, 1670, 1118, 1701]"
3313,"[291, 1070, 1904, 1192, 1926]"
3314,"[468, 1246, 599, 111, 667]"
3315,"[1610, 1614, 455, 454, 1192]"
3316,"[1192, 1904, 708, 1312, 455]"
3317,"[1191, 1070, 291, 1192, 1904]"
3318,"[890, 1192, 1913, 451, 687]"
3319,"[1246, 803, 667, 802, 1708]"
3320,"[1887, 1202, 410, 749, 1118]"
3321,"[1192, 1523, 1904, 114, 455]"
3322,"[1192, 1904, 612, 614, 1750]"
3323,"[1192, 1904, 1523, 1274, 110]"
3324,"[1204, 1192, 1249, 16, 1611]"
3325,"[1246, 1317, 73, 468, 1708]"
3326,"[1192, 114, 111, 18, 1904]"
3327,"[1192, 291, 1523, 1913, 418]"
3328,"[1191, 1890, 1904, 78, 1192]"
3329,"[1193, 1914, 1770, 1889, 1795]"
3330,"[1795, 890, 1246, 113, 112]"
3331,"[111, 468, 1317, 1715, 577]"
3332,"[116, 455, 16, 114, 454]"
3333,"[165, 171, 878, 1677, 1746]"
3334,"[749, 403, 1889, 925, 167]"
3335,"[1884, 786, 464, 1924, 463]"
3336,"[161, 1818, 1819, 1820, 647]"
3337,"[1760, 1761, 1705, 1704, 481]"
3338,"[1924, 165, 1677, 692, 98]"
3339,"[403, 480, 1249, 1723, 432]"
3340,"[1204, 110, 1249, 1138, 480]"
3341,"[1759, 72, 340, 1788, 1787]"
3342,"[1204, 114, 1288, 692, 1581]"
3343,"[497, 1885, 789, 1193, 1516]"
3344,"[1924, 114, 1902, 786, 1552]"
3345,"[171, 1639, 1677, 165, 1676]"
3346,"[892, 1723, 866, 403, 1428]"
3347,"[1717, 1679, 111, 480, 1317]"
3348,"[624, 1192, 1904, 116, 114]"
3349,"[1924, 478, 1884, 1887, 102]"
3350,"[1885, 1550, 1890, 433, 1887]"
3351,"[455, 114, 1924, 16, 1604]"
3352,"[291, 1307, 1521, 1705, 1704]"
3353,"[1924, 102, 60, 692, 1677]"
3354,"[1884, 1924, 789, 464, 1311]"
3355,"[1884, 1924, 786, 464, 478]"
3356,"[789, 1202, 410, 98, 97]"
3357,"[1504, 465, 462, 687, 1913]"
3358,"[98, 1192, 1924, 455, 102]"
3359,"[749, 403, 866, 1670, 925]"
3360,"[16, 1246, 468, 1317, 1192]"
3361,"[1929, 1317, 1704, 1705, 111]"
3362,"[619, 866, 749, 111, 480]"
3363,"[866, 650, 667, 175, 925]"
3364,"[1543, 749, 1516, 1555, 1885]"
3365,"[361, 1270, 114, 110, 807]"
3366,"[1504, 687, 111, 1317, 480]"
3367,"[1863, 1640, 1935, 1865, 444]"
3368,"[1887, 898, 1886, 1554, 1885]"
3369,"[1113, 687, 465, 1489, 1564]"
3370,"[749, 1249, 403, 914, 915]"
3371,"[1924, 478, 926, 1163, 1695]"
3372,"[1889, 580, 599, 1898, 1908]"
3373,"[787, 672, 165, 102, 108]"
3374,"[1191, 1277, 1607, 1904, 1192]"
3375,"[1600, 1192, 1611, 1604, 1884]"
3376,"[1588, 1890, 1909, 1887, 1191]"
3377,"[1904, 1924, 922, 98, 1192]"
3378,"[43, 1526, 1899, 478, 1588]"
3379,"[1904, 878, 890, 1922, 1897]"
3380,"[89, 1886, 1884, 113, 878]"
3381,"[1904, 121, 1926, 432, 403]"
3382,"[1526, 1922, 1897, 1899, 1887]"
3383,"[1904, 1887, 121, 1705, 1926]"
3384,"[681, 1705, 1112, 650, 639]"
3385,"[890, 1746, 216, 102, 677]"
3386,"[1610, 1606, 1924, 1249, 98]"
3387,"[687, 1823, 1141, 1275, 1762]"
3388,"[1904, 1277, 1192, 614, 1615]"
3389,"[1904, 1890, 1192, 1191, 1532]"
3390,"[1904, 116, 110, 1192, 44]"
3391,"[890, 114, 1887, 1885, 1904]"
3392,"[1904, 878, 112, 890, 1696]"
3393,"[1904, 1191, 1890, 1489, 1192]"
3394,"[1904, 1249, 1899, 113, 860]"
3395,"[1519, 102, 165, 1904, 1887]"
3396,"[1904, 1191, 1192, 110, 1277]"
3397,"[432, 778, 403, 121, 111]"
3398,"[1904, 922, 1907, 1899, 409]"
3399,"[1904, 165, 922, 102, 1746]"
3400,"[1904, 1899, 1526, 1588, 1887]"
3401,"[1904, 1192, 44, 687, 860]"
3402,"[1192, 808, 1887, 1904, 890]"
3403,"[116, 890, 1899, 1526, 112]"
3404,"[1887, 1904, 1705, 1704, 866]"
3405,"[890, 114, 1904, 454, 860]"
3406,"[1063, 1904, 1899, 1567, 89]"
3407,"[98, 692, 1885, 1677, 113]"
3408,"[930, 925, 167, 928, 931]"
3409,"[1526, 1529, 922, 1890, 124]"
3410,"[114, 60, 1890, 1907, 1904]"
3411,"[1909, 1890, 1886, 672, 1885]"
3412,"[1904, 1607, 432, 926, 425]"
3413,"[1904, 1887, 291, 1527, 1705]"
3414,"[1904, 1567, 37, 111, 95]"
3415,"[1191, 114, 1904, 1899, 16]"
3416,"[1063, 866, 1899, 1904, 121]"
3417,"[43, 1587, 1904, 1896, 1899]"
3418,"[1904, 1191, 1890, 113, 1532]"
3419,"[97, 96, 98, 1885, 1202]"
3420,"[672, 1695, 1639, 922, 124]"
3421,"[1640, 1924, 113, 464, 98]"
3422,"[408, 1902, 1279, 1269, 1735]"
3423,"[408, 165, 171, 878, 1902]"
3424,"[1887, 1885, 1202, 410, 688]"
3425,"[423, 1244, 165, 1202, 410]"
3426,"[890, 1885, 1552, 1561, 1639]"
3427,"[650, 1646, 1887, 458, 866]"
3428,"[60, 1676, 1902, 124, 1197]"
3429,"[1829, 1827, 1902, 1706, 1810]"
3430,"[866, 60, 410, 749, 1834]"
3431,"[1516, 1564, 1662, 1890, 1705]"
3432,"[1885, 1202, 410, 749, 165]"
3433,"[1902, 1615, 1034, 749, 1746]"
3434,"[124, 1163, 125, 1924, 165]"
3435,"[749, 1902, 1887, 866, 1592]"
3436,"[1902, 124, 749, 1676, 922]"
3437,"[1902, 1721, 749, 898, 672]"
3438,"[749, 1885, 688, 672, 925]"
3439,"[749, 866, 1721, 1885, 1040]"
3440,"[922, 124, 1202, 165, 1677]"
3441,"[124, 1915, 866, 1924, 922]"
3442,"[171, 1915, 165, 866, 878]"
3443,"[165, 171, 1534, 124, 1639]"
3444,"[408, 672, 167, 928, 169]"
3445,"[1670, 1901, 930, 688, 672]"
3446,"[749, 1670, 866, 1118, 403]"
3447,"[124, 1666, 1040, 1202, 410]"
3448,"[165, 1202, 410, 749, 1885]"
3449,"[98, 923, 161, 638, 643]"
3450,"[866, 1746, 409, 749, 1670]"
3451,"[124, 922, 165, 688, 878]"
3452,"[72, 749, 66, 1670, 866]"
3453,"[1073, 1197, 1640, 409, 1885]"
3454,"[1902, 672, 1552, 1543, 1894]"
3455,"[1902, 124, 922, 603, 1676]"
3456,"[165, 898, 164, 124, 102]"
3457,"[1130, 1133, 222, 1902, 98]"
3458,"[890, 1902, 1915, 1202, 410]"
3459,"[1130, 1620, 650, 281, 1073]"
3460,"[1776, 1757, 1721, 1902, 1817]"
3461,"[1721, 1887, 1552, 1411, 688]"
3462,"[164, 1666, 1885, 1886, 102]"
3463,"[1648, 1630, 66, 1825, 1338]"
3464,"[1620, 1666, 1885, 287, 1891]"
3465,"[1915, 1831, 1338, 1835, 1872]"
3466,"[672, 1640, 213, 1666, 403]"
3467,"[165, 1676, 287, 432, 1636]"
3468,"[823, 1495, 1832, 1834, 1871]"
3469,"[902, 403, 410, 1202, 446]"
3470,"[922, 121, 165, 102, 1746]"
3471,"[408, 1279, 403, 222, 1640]"
3472,"[672, 1640, 403, 165, 410]"
3473,"[922, 1899, 1526, 102, 1746]"
3474,"[890, 1899, 1620, 922, 1527]"
3475,"[672, 1666, 410, 1202, 405]"
3476,"[1676, 890, 1906, 926, 112]"
3477,"[1648, 1041, 1649, 66, 1009]"
3478,"[408, 165, 979, 983, 984]"
3479,"[1592, 102, 98, 165, 1746]"
3480,"[1676, 1915, 408, 125, 890]"
3481,"[1915, 165, 408, 1620, 164]"
3482,"[165, 911, 1670, 1821, 1815]"
3483,"[1301, 1834, 1871, 688, 1772]"
3484,"[672, 1666, 165, 1202, 410]"
3485,"[615, 423, 1244, 122, 28]"
3486,"[672, 213, 902, 979, 980]"
3487,"[409, 403, 672, 1705, 1704]"
3488,"[1915, 922, 165, 102, 1746]"
3489,"[1648, 1061, 916, 738, 1260]"
3490,"[1651, 178, 165, 1672, 964]"
3491,"[66, 1620, 755, 756, 764]"
3492,"[165, 121, 66, 1885, 823]"
3493,"[808, 1163, 1560, 1197, 1648]"
3494,"[171, 930, 66, 1670, 933]"
3495,"[1695, 1275, 291, 1640, 1192]"
3496,"[171, 1735, 782, 688, 925]"
3497,"[890, 1750, 1676, 112, 1639]"
3498,"[216, 890, 409, 112, 922]"
3499,"[1915, 1648, 1810, 1706, 1811]"
3500,"[102, 1193, 1118, 866, 1025]"
3501,"[866, 1871, 1834, 1830, 511]"
3502,"[922, 165, 1904, 1613, 102]"
3503,"[672, 1885, 432, 1705, 1704]"
3504,"[270, 137, 1695, 165, 1666]"
3505,"[1676, 165, 1677, 1675, 1202]"
3506,"[403, 672, 159, 1043, 1044]"
3507,"[1249, 1618, 692, 1611, 102]"
3508,"[165, 1904, 89, 926, 624]"
3509,"[1915, 1676, 1639, 165, 1695]"
3510,"[1915, 408, 165, 98, 692]"
3511,"[1915, 98, 1538, 1516, 1909]"
3512,"[1777, 1765, 758, 765, 707]"
3513,"[1698, 1885, 1721, 410, 1202]"
3514,"[1007, 647, 695, 341, 1073]"
3515,"[720, 344, 116, 101, 588]"
3516,"[1838, 1839, 1840, 922, 1754]"
3517,"[890, 165, 1639, 1677, 1885]"
3518,"[890, 1639, 1543, 878, 112]"
3519,"[890, 114, 102, 101, 1639]"
3520,"[890, 1902, 112, 101, 1566]"
3521,"[1902, 922, 925, 928, 931]"
3522,"[1555, 1746, 1192, 1618, 1617]"
3523,"[1192, 1070, 110, 1112, 1542]"
3524,"[890, 1915, 112, 1639, 1695]"
3525,"[849, 408, 1915, 171, 1676]"
3526,"[429, 1670, 1827, 749, 1320]"
3527,"[1543, 890, 1675, 1915, 1552]"
3528,"[1543, 1566, 1705, 1704, 501]"
3529,"[1704, 1705, 1885, 1832, 1836]"
3530,"[1202, 410, 1676, 165, 1592]"
3531,"[587, 588, 1317, 590, 468]"
3532,"[1902, 1073, 1560, 1639, 101]"
3533,"[1902, 1269, 1632, 853, 1077]"
3534,"[1249, 1202, 410, 1915, 926]"
3535,"[807, 1085, 798, 388, 312]"
3536,"[1894, 110, 1904, 624, 78]"
3537,"[1676, 926, 1696, 1915, 403]"
3538,"[1742, 1544, 15, 19, 39]"
3539,"[731, 1902, 1705, 1704, 1639]"
3540,"[78, 1192, 116, 1696, 110]"
3541,"[116, 1561, 440, 101, 1147]"
3542,"[1915, 1639, 1014, 1560, 365]"
3543,"[1704, 1705, 878, 395, 1831]"
3544,"[455, 1555, 102, 1746, 409]"
3545,"[365, 1317, 1290, 661, 1772]"
3546,"[866, 1887, 890, 1554, 1894]"
3547,"[365, 1071, 322, 1008, 1014]"
3548,"[1555, 1491, 687, 1605, 1192]"
3549,"[605, 1695, 603, 1639, 1202]"
3550,"[1915, 1491, 1762, 502, 678]"
3551,"[1582, 1380, 426, 1718, 88]"
3552,"[82, 73, 1246, 111, 1717]"
3553,"[1246, 1770, 62, 890, 135]"
3554,"[1913, 1246, 1744, 62, 471]"
3555,"[1620, 95, 89, 1892, 165]"
3556,"[89, 409, 112, 890, 165]"
3557,"[1676, 1696, 1196, 1566, 1750]"
3558,"[1534, 1696, 171, 455, 692]"
3559,"[1246, 1708, 454, 471, 62]"
3560,"[1699, 794, 1534, 111, 1192]"
3561,"[164, 1905, 1627, 165, 409]"
3562,"[1160, 444, 409, 1891, 1887]"
3563,"[409, 1627, 1905, 43, 1896]"
3564,"[23, 1742, 1709, 1703, 18]"
3565,"[112, 409, 1903, 89, 1196]"
3566,"[1555, 97, 96, 1535, 102]"
3567,"[603, 1698, 1626, 1615, 1556]"
3568,"[93, 1770, 1887, 97, 96]"
3569,"[979, 1295, 1202, 410, 1687]"
3570,"[1770, 1246, 1795, 1752, 403]"
3571,"[1699, 1248, 1696, 413, 1640]"
3572,"[62, 108, 817, 1766, 765]"
3573,"[89, 112, 1534, 165, 1073]"
3574,"[1752, 220, 1246, 1556, 1538]"
3575,"[1566, 866, 121, 1759, 1587]"
3576,"[95, 1567, 1705, 1704, 113]"
3577,"[890, 112, 1904, 409, 121]"
3578,"[1753, 1246, 1463, 1795, 1708]"
3579,"[291, 1044, 866, 1903, 1070]"
3580,"[1899, 165, 922, 1904, 1746]"
3581,"[1535, 1903, 1533, 1746, 102]"
3582,"[409, 165, 1924, 922, 1527]"
3583,"[89, 112, 1534, 1696, 165]"
3584,"[1202, 410, 1196, 405, 165]"
3585,"[1618, 97, 96, 102, 98]"
3586,"[1534, 1903, 1626, 866, 98]"
3587,"[1567, 1905, 1527, 95, 1620]"
3588,"[95, 113, 1567, 1192, 1070]"
3589,"[1675, 112, 1677, 89, 165]"
3590,"[165, 1527, 102, 1746, 1611]"
3591,"[1927, 1065, 1653, 1891, 866]"
3592,"[113, 1534, 1891, 43, 1904]"
3593,"[1073, 866, 1626, 1795, 1891]"
3594,"[62, 471, 717, 791, 747]"
3595,"[695, 1893, 78, 344, 710]"
3596,"[1193, 1909, 1885, 1904, 1907]"
3597,"[1534, 866, 470, 620, 89]"
3598,"[1639, 922, 1695, 410, 1202]"
3599,"[647, 1176, 97, 96, 1740]"
3600,"[1160, 425, 1556, 1904, 755]"
3601,"[165, 1063, 922, 686, 425]"
3602,"[1904, 164, 165, 98, 425]"
3603,"[1904, 1890, 1909, 1893, 1554]"
3604,"[1705, 480, 1403, 1449, 1457]"
3605,"[1894, 1890, 1562, 1542, 789]"
3606,"[1248, 979, 981, 985, 410]"
3607,"[1705, 317, 1893, 1626, 403]"
3608,"[1904, 1909, 1926, 1890, 1536]"
3609,"[124, 1695, 478, 888, 922]"
3610,"[116, 1534, 1677, 114, 1904]"
3611,"[78, 1561, 1562, 1909, 1193]"
3612,"[97, 1653, 1556, 650, 1655]"
3613,"[98, 97, 96, 1118, 808]"
3614,"[1032, 1907, 60, 289, 928]"
3615,"[1904, 1192, 1489, 1554, 78]"
3616,"[410, 1202, 695, 1892, 1885]"
3617,"[1899, 1526, 1588, 1674, 43]"
3618,"[926, 438, 1666, 78, 1637]"
3619,"[116, 114, 1676, 1619, 890]"
3620,"[1705, 1704, 1316, 1830, 1834]"
3621,"[1192, 1904, 1523, 1521, 1270]"
3622,"[89, 1534, 1677, 102, 165]"
3623,"[1890, 1894, 1193, 1562, 1893]"
3624,"[1704, 1705, 1651, 1640, 171]"
3625,"[1191, 1538, 1556, 1904, 1489]"
3626,"[1675, 213, 1676, 1202, 410]"
3627,"[98, 650, 667, 1495, 1063]"
3628,"[1204, 230, 248, 165, 1063]"
3629,"[1193, 444, 1666, 1534, 165]"
3630,"[1071, 1904, 1640, 1202, 1906]"
3631,"[66, 1428, 403, 1723, 749]"
3632,"[1666, 1901, 1202, 165, 410]"
3633,"[1890, 1071, 1904, 113, 165]"
3634,"[1893, 1071, 1640, 1310, 1651]"
3635,"[1890, 692, 1904, 1893, 1556]"
3636,"[1909, 89, 1885, 438, 1890]"
3637,"[933, 866, 1887, 121, 425]"
3638,"[1890, 1909, 1160, 78, 1885]"
3639,"[1924, 1885, 165, 113, 1202]"
3640,"[1191, 1567, 1904, 1192, 1890]"
3641,"[1705, 1704, 860, 692, 111]"
3642,"[1191, 846, 1904, 692, 1192]"
3643,"[922, 1904, 124, 165, 409]"
3644,"[1567, 1192, 677, 1726, 1904]"
3645,"[1904, 1192, 1611, 110, 1523]"
3646,"[1192, 1191, 1567, 1523, 1904]"
3647,"[114, 1192, 1904, 922, 1890]"
3648,"[1904, 922, 165, 124, 1899]"
3649,"[1598, 1904, 1191, 102, 1746]"
3650,"[1904, 116, 114, 890, 1192]"
3651,"[1192, 114, 1926, 1890, 1904]"
3652,"[116, 1889, 1704, 1705, 1762]"
3653,"[1904, 1191, 1277, 1192, 1562]"
3654,"[116, 1904, 1191, 1889, 110]"
3655,"[289, 1916, 1118, 1064, 335]"
3656,"[1904, 1191, 116, 1192, 110]"
3657,"[1904, 110, 78, 1192, 1112]"
3658,"[1611, 1202, 410, 165, 1646]"
3659,"[1705, 860, 1704, 111, 1760]"
3660,"[1904, 1192, 1567, 102, 1746]"
3661,"[1904, 1191, 1070, 860, 1192]"
3662,"[1904, 922, 1608, 1567, 1607]"
3663,"[1904, 1070, 1192, 1191, 692]"
3664,"[1192, 692, 1523, 1604, 677]"
3665,"[1890, 1904, 1192, 95, 113]"
3666,"[1904, 922, 1890, 165, 1556]"
3667,"[1904, 1567, 1191, 1705, 1704]"
3668,"[116, 114, 692, 890, 1192]"
3669,"[1904, 1567, 1191, 860, 1192]"
3670,"[692, 1192, 1604, 1904, 1523]"
3671,"[1904, 922, 1907, 1906, 1611]"
3672,"[111, 888, 1705, 403, 862]"
3673,"[1068, 1536, 1915, 1556, 289]"
3674,"[1904, 1567, 1192, 113, 1907]"
3675,"[1904, 1068, 1191, 698, 866]"
3676,"[1676, 116, 113, 1192, 1248]"
3677,"[1904, 1191, 1562, 1192, 1070]"
3678,"[116, 1567, 1611, 1249, 1192]"
3679,"[1191, 860, 1705, 1704, 1192]"
3680,"[1904, 1588, 1887, 43, 106]"
3681,"[1705, 1704, 1760, 1761, 1762]"
3682,"[1904, 1191, 1562, 1890, 1894]"
3683,"[410, 1202, 431, 738, 1077]"
3684,"[672, 789, 1885, 851, 688]"
3685,"[1603, 1675, 1193, 1534, 1607]"
3686,"[1607, 1202, 410, 672, 446]"
3687,"[1607, 98, 1666, 410, 1202]"
3688,"[409, 1639, 1560, 96, 919]"
3689,"[1552, 1885, 1560, 1742, 788]"
3690,"[1666, 1904, 78, 1893, 1640]"
3691,"[789, 1663, 365, 688, 1735]"
3692,"[1894, 1613, 1904, 587, 590]"
3693,"[1705, 1704, 405, 1789, 1788]"
3694,"[749, 1320, 79, 876, 1663]"
3695,"[762, 1632, 758, 734, 403]"
3696,"[672, 665, 409, 1746, 97]"
3697,"[1019, 1075, 1723, 695, 760]"
3698,"[1320, 171, 1810, 170, 1827]"
3699,"[1746, 695, 409, 672, 1320]"
3700,"[1739, 1670, 930, 403, 749]"
3701,"[789, 1648, 1077, 403, 853]"
3702,"[1861, 765, 770, 669, 762]"
3703,"[437, 1735, 1853, 1091, 1083]"
3704,"[1607, 444, 1638, 1666, 1659]"
3705,"[1676, 89, 1202, 410, 1639]"
3706,"[403, 477, 1723, 1006, 480]"
3707,"[1619, 1676, 1561, 1552, 1344]"
3708,"[1909, 1638, 1554, 1516, 1532]"
3709,"[403, 749, 922, 1320, 161]"
3710,"[79, 1320, 1009, 1010, 235]"
3711,"[1075, 762, 1035, 1202, 410]"
3712,"[1901, 1735, 403, 1197, 405]"
3713,"[403, 72, 903, 1880, 837]"
3714,"[1865, 1935, 1829, 1833, 1837]"
3715,"[1320, 403, 1060, 650, 1317]"
3716,"[1608, 1659, 1632, 1019, 1269]"
3717,"[165, 749, 1620, 89, 926]"
3718,"[409, 98, 97, 96, 695]"
3719,"[695, 1028, 167, 928, 169]"
3720,"[1002, 236, 1003, 237, 240]"
3721,"[410, 1104, 1202, 1295, 405]"
3722,"[1865, 1829, 1823, 1827, 933]"
3723,"[444, 1639, 1666, 110, 1885]"
3724,"[1904, 688, 672, 1791, 1790]"
3725,"[1788, 1787, 1789, 1704, 1705]"
3726,"[868, 1915, 1748, 128, 403]"
3727,"[1922, 1897, 1063, 409, 113]"
3728,"[121, 432, 1612, 862, 403]"
3729,"[1193, 1909, 1612, 89, 866]"
3730,"[89, 113, 1677, 112, 878]"
3731,"[409, 1922, 1897, 1526, 922]"
3732,"[1063, 16, 113, 1246, 1904]"
3733,"[113, 165, 164, 89, 112]"
3734,"[409, 1922, 1897, 1526, 1907]"
3735,"[1246, 1772, 468, 18, 1708]"
3736,"[409, 165, 164, 159, 937]"
3737,"[409, 113, 878, 89, 1904]"
3738,"[1567, 95, 89, 409, 98]"
3739,"[1063, 1746, 878, 1922, 1897]"
3740,"[409, 878, 1922, 1897, 1896]"
3741,"[1193, 113, 165, 1909, 878]"
3742,"[1063, 220, 1073, 866, 163]"
3743,"[113, 1587, 1904, 165, 470]"
3744,"[1063, 1567, 866, 1904, 37]"
3745,"[922, 113, 89, 409, 165]"
3746,"[1526, 1899, 1887, 1922, 1897]"
3747,"[1907, 89, 1885, 1526, 1922]"
3748,"[113, 1904, 922, 164, 1613]"
3749,"[409, 89, 1905, 165, 1907]"
3750,"[113, 1526, 1897, 164, 89]"
3751,"[1526, 1922, 1897, 1907, 409]"
3752,"[409, 113, 89, 165, 1677]"
3753,"[1922, 1897, 409, 1905, 97]"
3754,"[89, 1526, 1922, 1897, 165]"
3755,"[1772, 652, 648, 471, 866]"
3756,"[89, 1922, 1897, 1907, 1526]"
3757,"[1705, 1704, 1887, 1567, 1896]"
3758,"[409, 113, 1753, 1899, 1526]"
3759,"[1922, 1897, 1526, 1887, 102]"
3760,"[1567, 1904, 95, 860, 1249]"
3761,"[1922, 1897, 89, 1526, 1063]"
3762,"[890, 1526, 1922, 1897, 1899]"
3763,"[828, 1785, 1773, 1774, 1570]"
3764,"[1063, 37, 1567, 1192, 113]"
3765,"[1063, 1896, 1613, 1567, 1746]"
3766,"[1613, 1909, 1556, 1904, 1894]"
3767,"[928, 1909, 1907, 1926, 1066]"
3768,"[1887, 1758, 1762, 111, 480]"
3769,"[113, 1192, 112, 1567, 890]"
3770,"[1914, 1613, 878, 1904, 164]"
3771,"[1191, 1904, 1192, 884, 1489]"
3772,"[1270, 111, 1705, 1704, 1040]"
3773,"[409, 89, 164, 165, 620]"
3774,"[113, 409, 114, 1701, 1924]"
3775,"[159, 1887, 937, 1202, 410]"
3776,"[1746, 110, 1904, 650, 1885]"
3777,"[1704, 1705, 116, 1640, 16]"
3778,"[1704, 1705, 1613, 1904, 1070]"
3779,"[862, 1704, 1705, 1904, 1890]"
3780,"[164, 165, 1639, 98, 692]"
3781,"[1192, 1523, 692, 1904, 1489]"
3782,"[1677, 926, 1202, 410, 114]"
3783,"[1704, 1705, 1040, 866, 862]"
3784,"[1704, 1705, 1701, 749, 409]"
3785,"[1904, 1192, 114, 1640, 116]"
3786,"[114, 1192, 413, 1567, 16]"
3787,"[1708, 1864, 1852, 1857, 1856]"
3788,"[1904, 1704, 1705, 1070, 1192]"
3789,"[650, 688, 1646, 647, 1654]"
3790,"[1526, 113, 1704, 1705, 1070]"
3791,"[1924, 1274, 116, 1604, 1063]"
3792,"[1704, 1705, 16, 1063, 1192]"
3793,"[291, 710, 1885, 695, 1202]"
3794,"[1704, 1705, 413, 652, 648]"
3795,"[89, 409, 165, 98, 97]"
3796,"[114, 116, 1070, 44, 1741]"
3797,"[926, 1192, 1904, 1536, 113]"
3798,"[164, 165, 1904, 1192, 692]"
3799,"[1880, 660, 1062, 1705, 1704]"
3800,"[1746, 165, 672, 1740, 692]"
3801,"[1069, 1070, 1613, 110, 1696]"
3802,"[1741, 413, 650, 652, 1904]"
3803,"[444, 433, 74, 1295, 441]"
3804,"[164, 165, 89, 98, 1639]"
3805,"[1704, 1705, 291, 335, 1160]"
3806,"[175, 176, 688, 672, 782]"
3807,"[1887, 1886, 1885, 98, 672]"
3808,"[1070, 1147, 1907, 114, 116]"
3809,"[1753, 1885, 672, 1754, 780]"
3810,"[113, 1704, 1705, 1904, 455]"
3811,"[165, 164, 98, 1695, 159]"
3812,"[291, 1070, 1192, 1112, 114]"
3813,"[165, 1772, 291, 1924, 1307]"
3814,"[1754, 98, 1041, 692, 1832]"
3815,"[1193, 1909, 112, 1534, 1526]"
3816,"[89, 789, 672, 851, 1567]"
3817,"[672, 615, 808, 1639, 475]"
3818,"[1922, 1897, 409, 1526, 89]"
3819,"[1901, 672, 808, 442, 692]"
3820,"[116, 455, 113, 408, 1543]"
3821,"[1746, 1895, 102, 1774, 945]"
3822,"[587, 590, 595, 593, 597]"
3823,"[1907, 1193, 1909, 789, 672]"
3824,"[403, 1317, 405, 164, 1566]"
3825,"[1907, 165, 1922, 1897, 1202]"
3826,"[1885, 423, 1244, 113, 89]"
3827,"[1922, 1897, 1907, 1526, 409]"
3828,"[1704, 1705, 1887, 1026, 933]"
3829,"[165, 164, 1907, 1922, 1897]"
3830,"[113, 89, 1192, 878, 1193]"
3831,"[441, 1922, 1897, 828, 1935]"
3832,"[409, 1922, 1897, 1907, 89]"
3833,"[405, 1666, 1659, 1639, 672]"
3834,"[405, 1885, 1567, 1907, 98]"
3835,"[409, 113, 1904, 89, 1922]"
3836,"[89, 165, 922, 1534, 1527]"
3837,"[1865, 65, 933, 89, 1887]"
3838,"[1922, 1897, 1904, 925, 167]"
3839,"[1526, 1922, 1897, 1907, 165]"
3840,"[409, 89, 922, 165, 926]"
3841,"[1193, 89, 1885, 672, 1901]"
3842,"[165, 409, 164, 89, 1627]"
3843,"[1922, 1897, 113, 89, 165]"
3844,"[40, 1703, 1709, 14, 337]"
3845,"[1922, 1897, 89, 165, 1193]"
3846,"[1907, 165, 921, 89, 405]"
3847,"[890, 112, 1907, 1922, 1897]"
3848,"[1184, 1163, 1580, 136, 142]"
3849,"[1915, 113, 922, 878, 165]"
3850,"[441, 1907, 1566, 165, 926]"
3851,"[1907, 1526, 1926, 1899, 1904]"
3852,"[89, 1907, 921, 165, 1526]"
3853,"[1070, 1639, 1659, 114, 1907]"
3854,"[125, 1580, 110, 365, 1639]"
3855,"[1922, 1897, 1526, 97, 1320]"
3856,"[739, 1733, 1922, 1897, 1740]"
3857,"[1907, 165, 1696, 1922, 1897]"
3858,"[1028, 167, 928, 169, 929]"
3859,"[749, 1670, 121, 866, 403]"
3860,"[73, 111, 1246, 1317, 37]"
3861,"[749, 1670, 1118, 121, 866]"
3862,"[121, 1320, 866, 749, 403]"
3863,"[403, 1320, 866, 111, 749]"
3864,"[102, 1249, 1746, 1611, 409]"
3865,"[73, 468, 37, 1317, 111]"
3866,"[1742, 1320, 1546, 1246, 82]"
3867,"[1320, 749, 866, 403, 1670]"
3868,"[403, 1723, 749, 1705, 1704]"
3869,"[650, 1114, 747, 754, 755]"
3870,"[111, 403, 749, 1320, 480]"
3871,"[606, 723, 16, 1695, 1063]"
3872,"[1742, 413, 73, 1705, 1704]"
3873,"[420, 161, 159, 937, 1249]"
3874,"[409, 749, 1887, 1670, 866]"
3875,"[749, 1670, 866, 1118, 121]"
3876,"[749, 1670, 121, 866, 1313]"
3877,"[1705, 1704, 1826, 1246, 73]"
3878,"[410, 1202, 1887, 141, 1586]"
3879,"[1742, 73, 111, 480, 403]"
3880,"[1704, 1705, 1317, 1246, 73]"
3881,"[409, 1887, 749, 1118, 866]"
3882,"[73, 282, 468, 111, 403]"
3883,"[1742, 1564, 1489, 82, 1554]"
3884,"[73, 1317, 1246, 282, 111]"
3885,"[1670, 749, 403, 866, 1770]"
3886,"[73, 1246, 413, 1006, 282]"
3887,"[749, 1670, 757, 1320, 511]"
3888,"[281, 650, 275, 280, 82]"
3889,"[1246, 803, 802, 1708, 471]"
3890,"[925, 167, 928, 931, 174]"
3891,"[121, 1249, 458, 1277, 432]"
3892,"[1670, 749, 866, 97, 96]"
3893,"[1611, 455, 1746, 16, 1582]"
3894,"[1249, 1197, 866, 749, 121]"
3895,"[758, 1735, 749, 4, 1723]"
3896,"[794, 468, 111, 1715, 282]"
3897,"[1320, 594, 1513, 542, 1834]"
3898,"[403, 1249, 749, 159, 432]"
3899,"[1320, 403, 73, 633, 638]"
3900,"[480, 1428, 111, 1723, 1704]"
3901,"[409, 1805, 1320, 650, 1887]"
3902,"[1192, 862, 1611, 16, 863]"
3903,"[1885, 1892, 1887, 409, 405]"
3904,"[165, 922, 1538, 124, 1746]"
3905,"[465, 455, 464, 171, 1935]"
3906,"[89, 113, 102, 1534, 1818]"
3907,"[102, 1746, 409, 97, 96]"
3908,"[165, 1677, 1202, 1196, 410]"
3909,"[1202, 410, 1885, 97, 96]"
3910,"[165, 1672, 1196, 1677, 725]"
3911,"[1193, 165, 1202, 410, 98]"
3912,"[403, 1885, 1887, 97, 96]"
3913,"[165, 97, 96, 762, 89]"
3914,"[97, 96, 1202, 410, 98]"
3915,"[1202, 410, 789, 1887, 1687]"
3916,"[866, 97, 96, 1118, 1202]"
3917,"[1202, 410, 161, 425, 1670]"
3918,"[444, 1741, 1752, 1735, 647]"
3919,"[165, 97, 96, 175, 1620]"
3920,"[866, 1885, 1887, 933, 930]"
3921,"[165, 922, 97, 96, 98]"
3922,"[1202, 410, 165, 405, 167]"
3923,"[161, 1202, 410, 930, 1670]"
3924,"[97, 96, 98, 1885, 1073]"
3925,"[695, 696, 97, 96, 1320]"
3926,"[290, 1696, 1122, 281, 275]"
3927,"[98, 1202, 410, 1885, 1887]"
3928,"[423, 1244, 1677, 165, 1202]"
3929,"[1073, 121, 793, 715, 1925]"
3930,"[165, 1202, 410, 405, 98]"
3931,"[89, 1677, 165, 1202, 410]"
3932,"[1073, 472, 878, 1531, 1538]"
3933,"[97, 98, 1898, 1632, 1582]"
3934,"[925, 167, 928, 931, 174]"
3935,"[1699, 332, 1696, 1697, 1527]"
3936,"[165, 1885, 98, 410, 97]"
3937,"[1885, 1887, 1160, 1620, 444]"
3938,"[1202, 410, 425, 1620, 409]"
3939,"[161, 1202, 410, 919, 175]"
3940,"[1118, 1298, 282, 1252, 1834]"
3941,"[89, 1534, 102, 866, 165]"
3942,"[1885, 1887, 98, 171, 1886]"
3943,"[1699, 1843, 1842, 1844, 1845]"
3944,"[1675, 1248, 1301, 1640, 849]"
3945,"[165, 922, 409, 1608, 878]"
3946,"[1885, 749, 903, 1705, 1704]"
3947,"[1666, 731, 122, 1052, 444]"
3948,"[1666, 403, 1284, 672, 731]"
3949,"[1666, 1620, 1272, 710, 1892]"
3950,"[672, 824, 1885, 405, 1202]"
3951,"[1666, 672, 444, 789, 410]"
3952,"[1915, 902, 171, 408, 751]"
3953,"[1909, 1193, 1255, 1666, 1279]"
3954,"[1061, 1704, 1809, 164, 410]"
3955,"[1666, 1061, 1344, 1836, 1832]"
3956,"[165, 926, 1202, 410, 1677]"
3957,"[108, 1832, 1873, 1836, 1749]"
3958,"[1666, 738, 1906, 78, 1640]"
3959,"[1592, 1901, 1906, 165, 1202]"
3960,"[403, 1511, 1832, 1302, 1873]"
3961,"[866, 1320, 650, 1114, 1202]"
3962,"[1202, 410, 167, 928, 169]"
3963,"[1030, 1906, 410, 1202, 929]"
3964,"[403, 1344, 1676, 1675, 1705]"
3965,"[403, 866, 808, 749, 1320]"
3966,"[902, 408, 1676, 171, 1915]"
3967,"[161, 1648, 918, 1302, 914]"
3968,"[403, 738, 1320, 1299, 1825]"
3969,"[145, 965, 1912, 737, 719]"
3970,"[97, 96, 98, 89, 425]"
3971,"[432, 403, 316, 111, 73]"
3972,"[1666, 1029, 78, 824, 405]"
3973,"[1915, 165, 1029, 410, 1202]"
3974,"[1861, 1855, 1836, 1832, 1873]"
3975,"[1666, 165, 1620, 175, 672]"
3976,"[1026, 1105, 1077, 1035, 410]"
3977,"[159, 1025, 937, 1666, 1906]"
3978,"[1666, 405, 1196, 1566, 1640]"
3979,"[444, 403, 1723, 1138, 1428]"
3980,"[409, 403, 167, 928, 169]"
3981,"[1827, 1829, 376, 1704, 1705]"
3982,"[1809, 1885, 1017, 1037, 1027]"
3983,"[1885, 1053, 1632, 620, 470]"
3984,"[1915, 1906, 902, 408, 1202]"
3985,"[165, 1202, 410, 171, 213]"
3986,"[857, 110, 114, 1889, 1695]"
3987,"[737, 719, 403, 738, 409]"
3988,"[1029, 1028, 167, 928, 169]"
3989,"[1034, 926, 1041, 470, 620]"
3990,"[431, 433, 1636, 1279, 1735]"
3991,"[165, 1028, 167, 928, 169]"
3992,"[1666, 762, 758, 165, 1043]"
3993,"[1202, 410, 405, 1617, 926]"
3994,"[1677, 1202, 410, 165, 878]"
3995,"[125, 165, 1592, 1735, 1659]"
3996,"[1299, 1853, 1813, 1814, 1817]"
3997,"[1666, 1904, 1202, 410, 1885]"
3998,"[848, 165, 60, 432, 1249]"
3999,"[470, 620, 408, 1202, 410]"
4000,"[167, 928, 169, 929, 156]"
4001,"[403, 605, 165, 603, 808]"
4002,"[403, 167, 928, 169, 929]"
4003,"[1704, 1705, 403, 405, 410]"
4004,"[165, 497, 1592, 98, 171]"
4005,"[1028, 167, 928, 169, 929]"
4006,"[1592, 1675, 1202, 410, 165]"
4007,"[403, 1249, 432, 165, 1590]"
4008,"[165, 287, 1666, 808, 97]"
4009,"[749, 695, 925, 167, 928]"
4010,"[695, 403, 159, 1043, 1044]"
4011,"[211, 222, 403, 1035, 1118]"
4012,"[403, 1202, 410, 808, 165]"
4013,"[926, 410, 1202, 979, 983]"
4014,"[1698, 125, 128, 1696, 1006]"
4015,"[98, 125, 620, 470, 164]"
4016,"[787, 1592, 739, 688, 722]"
4017,"[868, 1748, 1676, 1915, 171]"
4018,"[1055, 738, 403, 1075, 1749]"
4019,"[888, 1592, 108, 1590, 678]"
4020,"[898, 164, 165, 408, 605]"
4021,"[1676, 1677, 165, 1202, 410]"
4022,"[1592, 175, 213, 824, 1666]"
4023,"[98, 665, 650, 1885, 1063]"
4024,"[1626, 1640, 876, 625, 751]"
4025,"[1885, 695, 1603, 97, 96]"
4026,"[1640, 403, 1317, 1006, 1495]"
4027,"[1676, 1344, 1202, 410, 403]"
4028,"[403, 1666, 731, 749, 866]"
4029,"[1193, 1255, 1025, 410, 1202]"
4030,"[1027, 287, 165, 1672, 672]"
4031,"[1675, 213, 979, 980, 981]"
4032,"[1937, 1885, 1073, 1560, 1064]"
4033,"[403, 1317, 410, 1202, 282]"
4034,"[1676, 1248, 1677, 1196, 1696]"
4035,"[926, 1750, 1202, 410, 902]"
4036,"[1038, 175, 1014, 1700, 161]"
4037,"[1301, 1202, 410, 165, 1196]"
4038,"[89, 165, 926, 1677, 1885]"
4039,"[1607, 1885, 1603, 1202, 410]"
4040,"[403, 78, 1428, 409, 1320]"
4041,"[1867, 1753, 1822, 1836, 1873]"
4042,"[403, 409, 1885, 1061, 738]"
4043,"[1885, 1651, 655, 1654, 765]"
4044,"[1526, 1899, 922, 1922, 1897]"
4045,"[165, 470, 620, 670, 1825]"
4046,"[926, 823, 403, 409, 432]"
4047,"[1301, 1202, 410, 405, 165]"
4048,"[1676, 164, 1202, 410, 1666]"
4049,"[964, 1034, 729, 732, 1821]"
4050,"[1676, 890, 1344, 1915, 1675]"
4051,"[688, 403, 925, 167, 928]"
4052,"[165, 922, 171, 1202, 410]"
4053,"[403, 1202, 410, 1825, 1831]"
4054,"[1640, 707, 966, 1672, 655]"
4055,"[89, 1202, 410, 926, 1904]"
4056,"[403, 993, 365, 322, 1008]"
4057,"[1904, 1554, 1489, 1532, 1556]"
4058,"[1906, 403, 1076, 159, 1025]"
4059,"[1676, 171, 1675, 1534, 1202]"
4060,"[925, 167, 928, 931, 174]"
4061,"[167, 928, 169, 929, 159]"
4062,"[1906, 1603, 1202, 1637, 410]"
4063,"[1191, 1909, 1904, 1598, 1160]"
4064,"[926, 165, 1592, 430, 1261]"
4065,"[1202, 410, 926, 1617, 1639]"
4066,"[165, 1904, 102, 1746, 409]"
4067,"[1666, 1620, 1904, 1906, 409]"
4068,"[1676, 165, 511, 1871, 1834]"
4069,"[1735, 1750, 102, 789, 688]"
4070,"[925, 167, 928, 174, 175]"
4071,"[1906, 1916, 1928, 1637, 1086]"
4072,"[1299, 409, 430, 1261, 1705]"
4073,"[1885, 97, 96, 926, 98]"
4074,"[410, 1202, 409, 403, 79]"
4075,"[926, 1906, 167, 928, 169]"
4076,"[695, 403, 808, 1320, 1006]"
4077,"[1885, 1651, 650, 749, 345]"
4078,"[1906, 1909, 1555, 1528, 1193]"
4079,"[66, 121, 403, 1317, 866]"
4080,"[1911, 213, 1566, 726, 902]"
4081,"[578, 575, 429, 588, 688]"
4082,"[480, 403, 66, 892, 866]"
4083,"[1915, 408, 165, 1676, 878]"
4084,"[892, 866, 121, 1118, 1114]"
4085,"[1746, 624, 403, 159, 1043]"
4086,"[1063, 1676, 28, 423, 1244]"
4087,"[140, 945, 191, 189, 947]"
4088,"[165, 672, 444, 1196, 1675]"
4089,"[270, 137, 272, 274, 350]"
4090,"[1675, 1911, 165, 403, 734]"
4091,"[423, 1244, 165, 1676, 1677]"
4092,"[789, 1666, 1705, 1704, 916]"
4093,"[1025, 937, 403, 165, 405]"
4094,"[121, 403, 66, 866, 1317]"
4095,"[1338, 408, 1666, 1675, 1676]"
4096,"[1338, 73, 403, 1006, 66]"
4097,"[1063, 121, 1620, 1249, 1646]"
4098,"[403, 405, 1659, 273, 444]"
4099,"[1001, 937, 1915, 165, 1025]"
4100,"[165, 164, 444, 789, 403]"
4101,"[468, 443, 501, 1317, 1023]"
4102,"[441, 398, 660, 1403, 639]"
4103,"[444, 1640, 1676, 672, 1666]"
4104,"[216, 681, 1063, 1249, 692]"
4105,"[789, 672, 165, 688, 444]"
4106,"[1063, 230, 248, 606, 1267]"
4107,"[403, 165, 1676, 1696, 444]"
4108,"[165, 121, 102, 1911, 403]"
4109,"[444, 1666, 74, 1114, 1013]"
4110,"[214, 1666, 408, 956, 1911]"
4111,"[159, 1025, 937, 1676, 408]"
4112,"[807, 782, 1204, 408, 24]"
4113,"[66, 925, 167, 928, 931]"
4114,"[403, 282, 73, 480, 66]"
4115,"[165, 444, 789, 408, 1675]"
4116,"[1915, 1887, 1552, 121, 497]"
4117,"[403, 405, 1249, 1750, 167]"
4118,"[165, 1750, 1666, 408, 444]"
4119,"[862, 1887, 1885, 1249, 1813]"
4120,"[444, 408, 902, 1666, 403]"
4121,"[890, 408, 1676, 1902, 892]"
4122,"[66, 282, 403, 1013, 1006]"
4123,"[165, 423, 1244, 1677, 878]"
4124,"[1915, 165, 124, 692, 922]"
4125,"[1197, 1307, 501, 1363, 403]"
4126,"[405, 1034, 922, 926, 878]"
4127,"[1639, 1676, 1677, 124, 165]"
4128,"[1915, 1592, 1344, 1721, 1902]"
4129,"[1911, 213, 60, 1695, 1639]"
4130,"[165, 423, 1244, 124, 1677]"
4131,"[403, 966, 918, 1317, 282]"
4132,"[116, 890, 1902, 98, 1676]"
4133,"[925, 167, 928, 931, 174]"
4134,"[749, 1670, 1338, 866, 757]"
4135,"[165, 171, 1676, 98, 1677]"
4136,"[403, 866, 878, 922, 749]"
4137,"[1298, 1252, 1253, 964, 1302]"
4138,"[603, 1202, 410, 1676, 165]"
4139,"[1344, 920, 1659, 1704, 1705]"
4140,"[1917, 890, 1902, 159, 1025]"
4141,"[1915, 124, 164, 165, 98]"
4142,"[165, 1915, 98, 223, 211]"
4143,"[1721, 1592, 1901, 108, 672]"
4144,"[116, 455, 890, 1902, 114]"
4145,"[868, 1748, 98, 1902, 1317]"
4146,"[620, 470, 165, 164, 1885]"
4147,"[405, 615, 1202, 410, 1885]"
4148,"[165, 1043, 408, 1677, 403]"
4149,"[165, 171, 124, 98, 922]"
4150,"[1560, 1561, 1133, 379, 1885]"
4151,"[866, 1320, 403, 749, 497]"
4152,"[1677, 1202, 410, 405, 165]"
4153,"[165, 164, 1750, 1300, 1299]"
4154,"[1915, 890, 1770, 403, 405]"
4155,"[1901, 165, 125, 98, 97]"
4156,"[1677, 1202, 410, 165, 1885]"
4157,"[1592, 1915, 165, 1202, 410]"
4158,"[1915, 165, 147, 140, 966]"
4159,"[990, 1061, 1813, 1814, 1816]"
4160,"[403, 990, 1077, 922, 1649]"
4161,"[458, 1916, 1249, 1884, 1063]"
4162,"[1063, 861, 425, 1904, 96]"
4163,"[966, 959, 914, 915, 964]"
4164,"[1193, 1536, 165, 125, 1677]"
4165,"[1344, 1721, 922, 857, 340]"
4166,"[165, 89, 1604, 223, 1907]"
4167,"[1592, 213, 979, 672, 983]"
4168,"[1075, 1723, 609, 358, 760]"
4169,"[1721, 1466, 1488, 66, 259]"
4170,"[1676, 1915, 1675, 1607, 1202]"
4171,"[1191, 1607, 1277, 1270, 438]"
4172,"[1592, 672, 1590, 1704, 1705]"
4173,"[632, 639, 1723, 650, 652]"
4174,"[1723, 43, 16, 594, 1922]"
4175,"[213, 405, 1666, 1196, 444]"
4176,"[1924, 164, 165, 1592, 98]"
4177,"[1592, 1338, 672, 1389, 430]"
4178,"[165, 1592, 60, 1620, 102]"
4179,"[722, 1204, 955, 230, 248]"
4180,"[1607, 1659, 1666, 270, 913]"
4181,"[737, 719, 1666, 722, 175]"
4182,"[672, 1592, 789, 851, 688]"
4183,"[1277, 1659, 1607, 1298, 1269]"
4184,"[1592, 672, 1666, 928, 929]"
4185,"[964, 1830, 1705, 1704, 1871]"
4186,"[862, 886, 480, 403, 1723]"
4187,"[480, 1723, 111, 1317, 403]"
4188,"[480, 1723, 72, 66, 862]"
4189,"[511, 1871, 1834, 1830, 410]"
4190,"[1639, 1592, 408, 1924, 98]"
4191,"[1909, 1193, 1894, 1191, 1592]"
4192,"[480, 403, 1723, 72, 1428]"
4193,"[408, 1885, 165, 171, 1677]"
4194,"[455, 1676, 116, 408, 125]"
4195,"[79, 1013, 266, 267, 234]"
4196,"[1608, 1277, 1607, 165, 98]"
4197,"[722, 1592, 739, 823, 1575]"
4198,"[1639, 1666, 60, 1904, 1695]"
4199,"[228, 1613, 1639, 1297, 1640]"
4200,"[165, 1677, 1193, 1202, 410]"
4201,"[1277, 1608, 1607, 1659, 480]"
4202,"[1592, 165, 1249, 480, 432]"
4203,"[1612, 866, 37, 480, 121]"
4204,"[1193, 789, 1885, 1887, 851]"
4205,"[796, 1592, 165, 164, 943]"
4206,"[851, 1784, 34, 479, 1777]"
4207,"[223, 1695, 1674, 1149, 175]"
4208,"[1277, 1608, 1607, 1659, 441]"
4209,"[165, 796, 444, 1676, 1249]"
4210,"[1592, 1536, 1735, 1677, 672]"
4211,"[1666, 78, 1640, 731, 1202]"
4212,"[1828, 1833, 165, 1810, 430]"
4213,"[403, 66, 749, 1705, 1704]"
4214,"[1002, 66, 232, 1003, 236]"
4215,"[789, 403, 1666, 66, 1705]"
4216,"[1750, 613, 417, 416, 612]"
4217,"[403, 913, 1428, 66, 282]"
4218,"[408, 1750, 1676, 165, 101]"
4219,"[1002, 232, 1003, 237, 236]"
4220,"[171, 670, 620, 470, 1193]"
4221,"[165, 1704, 1705, 789, 403]"
4222,"[408, 979, 983, 984, 985]"
4223,"[1704, 1705, 148, 72, 403]"
4224,"[1677, 979, 983, 984, 985]"
4225,"[408, 228, 1676, 165, 1639]"
4226,"[165, 403, 444, 1723, 74]"
4227,"[403, 913, 726, 266, 267]"
4228,"[403, 726, 1666, 72, 444]"
4229,"[956, 1666, 1080, 823, 728]"
4230,"[122, 403, 1249, 1575, 749]"
4231,"[403, 1705, 1704, 72, 480]"
4232,"[1704, 1705, 74, 261, 235]"
4233,"[1704, 1705, 1901, 165, 672]"
4234,"[1666, 979, 980, 981, 982]"
4235,"[222, 444, 403, 213, 165]"
4236,"[262, 1009, 1592, 165, 211]"
4237,"[1035, 1666, 159, 1025, 937]"
4238,"[261, 228, 1013, 1009, 252]"
4239,"[261, 1704, 1705, 262, 252]"
4240,"[789, 403, 1885, 66, 933]"
4241,"[408, 165, 1575, 1249, 262]"
4242,"[259, 837, 1785, 918, 964]"
4243,"[408, 720, 222, 1055, 902]"
4244,"[405, 1666, 78, 444, 720]"
4245,"[66, 1013, 1009, 262, 1002]"
4246,"[1249, 925, 167, 928, 931]"
4247,"[403, 1666, 78, 228, 1682]"
4248,"[1055, 211, 1049, 1061, 1075]"
4249,"[266, 267, 233, 234, 235]"
4250,"[1705, 1704, 152, 205, 140]"
4251,"[122, 1232, 1249, 1433, 823]"
4252,"[165, 1675, 408, 410, 1202]"
4253,"[403, 409, 1666, 1249, 902]"
4254,"[1666, 403, 1735, 747, 754]"
4255,"[1676, 114, 890, 866, 1344]"
4256,"[928, 929, 932, 919, 175]"
4257,"[1832, 1836, 1302, 1873, 1809]"
4258,"[1592, 1659, 405, 1677, 213]"
4259,"[403, 1299, 409, 405, 1827]"
4260,"[403, 1317, 73, 1723, 1705]"
4261,"[410, 122, 930, 925, 167]"
4262,"[409, 165, 1666, 672, 979]"
4263,"[408, 1344, 1902, 1906, 403]"
4264,"[1666, 66, 1648, 1705, 1704]"
4265,"[1809, 885, 1704, 403, 72]"
4266,"[410, 1202, 409, 403, 1827]"
4267,"[765, 930, 749, 169, 770]"
4268,"[410, 1202, 405, 1299, 1302]"
4269,"[1249, 1885, 749, 1795, 1705]"
4270,"[410, 1202, 1030, 603, 403]"
4271,"[1202, 410, 403, 1566, 303]"
4272,"[1202, 410, 403, 620, 1640]"
4273,"[1202, 410, 928, 169, 929]"
4274,"[403, 409, 738, 102, 1746]"
4275,"[408, 902, 167, 928, 169]"
4276,"[114, 1676, 1192, 1904, 624]"
4277,"[1676, 125, 408, 171, 165]"
4278,"[403, 1428, 1723, 738, 1317]"
4279,"[410, 1202, 409, 405, 403]"
4280,"[1676, 165, 98, 97, 96]"
4281,"[159, 1025, 937, 1915, 1705]"
4282,"[1855, 1861, 147, 236, 237]"
4283,"[405, 1077, 1258, 1259, 1260]"
4284,"[1915, 1676, 408, 1344, 1675]"
4285,"[1636, 1912, 159, 1025, 937]"
4286,"[672, 824, 1666, 213, 1592]"
4287,"[192, 986, 193, 148, 946]"
4288,"[410, 1202, 403, 672, 409]"
4289,"[444, 405, 1666, 403, 1202]"
4290,"[175, 165, 921, 919, 164]"
4291,"[403, 409, 1746, 1317, 1723]"
4292,"[1915, 1676, 1202, 410, 1677]"
4293,"[1749, 1077, 1086, 410, 1640]"
4294,"[403, 1317, 1723, 282, 111]"
4295,"[1026, 444, 74, 1918, 728]"
4296,"[1666, 1672, 410, 1202, 751]"
4297,"[1612, 866, 403, 37, 121]"
4298,"[1344, 171, 1676, 1861, 444]"
4299,"[616, 310, 1695, 606, 722]"
4300,"[1901, 926, 922, 1924, 171]"
4301,"[652, 1772, 1605, 379, 291]"
4302,"[1608, 1539, 1554, 1489, 1564]"
4303,"[1317, 111, 1723, 480, 1717]"
4304,"[455, 1904, 1312, 454, 1192]"
4305,"[480, 111, 1723, 1428, 866]"
4306,"[165, 1890, 1892, 1677, 1887]"
4307,"[659, 739, 645, 643, 650]"
4308,"[692, 98, 1599, 1893, 848]"
4309,"[1904, 1070, 1192, 1191, 1607]"
4310,"[1904, 1192, 113, 116, 29]"
4311,"[681, 1705, 1704, 1145, 1270]"
4312,"[1133, 408, 1902, 1676, 1639]"
4313,"[403, 1006, 1317, 749, 66]"
4314,"[1604, 1924, 454, 1611, 102]"
4315,"[1192, 1904, 455, 1599, 692]"
4316,"[447, 1273, 44, 692, 693]"
4317,"[478, 1924, 866, 884, 660]"
4318,"[1562, 1884, 1191, 1904, 848]"
4319,"[408, 1902, 605, 1063, 1249]"
4320,"[1249, 783, 1705, 1871, 1834]"
4321,"[1904, 1112, 1192, 455, 454]"
4322,"[116, 455, 114, 1275, 1192]"
4323,"[689, 1191, 708, 1554, 1662]"
4324,"[652, 116, 1187, 110, 114]"
4325,"[700, 1157, 705, 714, 1144]"
4326,"[403, 1317, 73, 111, 866]"
4327,"[455, 116, 1192, 124, 890]"
4328,"[1916, 60, 1887, 1592, 1043]"
4329,"[1705, 1704, 1274, 111, 78]"
4330,"[1884, 1904, 1312, 848, 454]"
4331,"[1904, 1192, 1523, 455, 692]"
4332,"[275, 270, 1016, 276, 272]"
4333,"[691, 449, 1163, 1273, 1581]"
4334,"[1904, 692, 1489, 1554, 1562]"
4335,"[1562, 1884, 1191, 1312, 1904]"
4336,"[409, 1904, 926, 848, 1906]"
4337,"[291, 1064, 379, 1605, 1772]"
4338,"[1249, 606, 1063, 1273, 790]"
4339,"[165, 98, 739, 164, 97]"
4340,"[447, 16, 1705, 1704, 1063]"
4341,"[1698, 1248, 1130, 1056, 250]"
4342,"[1277, 1599, 1274, 1904, 1608]"
4343,"[1562, 1926, 1890, 1904, 1884]"
4344,"[1904, 1746, 102, 585, 586]"
4345,"[1705, 1704, 1795, 749, 1818]"
4346,"[1560, 165, 478, 1743, 629]"
4347,"[281, 1560, 688, 290, 79]"
4348,"[789, 688, 276, 1696, 665]"
4349,"[638, 401, 66, 1669, 665]"
4350,"[290, 665, 97, 96, 1202]"
4351,"[1202, 410, 164, 1696, 165]"
4352,"[281, 290, 276, 1896, 1926]"
4353,"[1902, 1735, 281, 688, 665]"
4354,"[1705, 1704, 281, 290, 1708]"
4355,"[171, 89, 165, 1677, 113]"
4356,"[1696, 280, 276, 275, 281]"
4357,"[1904, 922, 1905, 102, 1746]"
4358,"[1901, 165, 102, 458, 1249]"
4359,"[60, 159, 937, 1885, 444]"
4360,"[658, 749, 1735, 1823, 1853]"
4361,"[665, 281, 749, 403, 1670]"
4362,"[281, 650, 1772, 73, 290]"
4363,"[281, 1615, 665, 403, 749]"
4364,"[1904, 1604, 1192, 1611, 455]"
4365,"[862, 272, 281, 665, 279]"
4366,"[749, 1073, 672, 1885, 98]"
4367,"[1926, 290, 672, 292, 1560]"
4368,"[658, 665, 1615, 1608, 165]"
4369,"[1902, 749, 1735, 688, 1844]"
4370,"[1536, 922, 124, 1526, 1549]"
4371,"[409, 749, 1902, 1073, 1202]"
4372,"[749, 1670, 1810, 1843, 1815]"
4373,"[164, 159, 165, 1885, 692]"
4374,"[749, 403, 1670, 282, 1320]"
4375,"[1885, 1560, 1202, 410, 1073]"
4376,"[1192, 114, 890, 112, 1534]"
4377,"[266, 267, 238, 239, 1009]"
4378,"[43, 884, 291, 1792, 1793]"
4379,"[658, 665, 281, 66, 688]"
4380,"[1696, 1073, 290, 276, 1202]"
4381,"[665, 749, 789, 1885, 688]"
4382,"[1710, 1721, 1592, 1773, 688]"
4383,"[749, 403, 66, 113, 1885]"
4384,"[1889, 1696, 276, 275, 1164]"
4385,"[1613, 1270, 1904, 1696, 773]"
4386,"[403, 1249, 1197, 1902, 468]"
4387,"[660, 650, 1162, 688, 639]"
4388,"[1317, 803, 1246, 468, 802]"
4389,"[749, 863, 865, 1747, 619]"
4390,"[863, 865, 1747, 422, 118]"
4391,"[863, 865, 1747, 314, 1923]"
4392,"[1295, 1901, 782, 458, 658]"
4393,"[1923, 111, 1717, 73, 314]"
4394,"[1767, 1021, 1756, 403, 734]"
4395,"[1747, 863, 865, 874, 410]"
4396,"[863, 865, 1747, 313, 1696]"
4397,"[1923, 619, 749, 111, 1717]"
4398,"[863, 865, 1747, 789, 672]"
4399,"[314, 1073, 114, 863, 807]"
4400,"[313, 118, 1904, 863, 1747]"
4401,"[1115, 1929, 1560, 1923, 1073]"
4402,"[863, 865, 1747, 1604, 111]"
4403,"[118, 666, 458, 755, 756]"
4404,"[865, 1747, 863, 98, 405]"
4405,"[1696, 1611, 455, 441, 1192]"
4406,"[863, 865, 1747, 1675, 1138]"
4407,"[313, 1073, 1904, 164, 1696]"
4408,"[904, 666, 216, 165, 1740]"
4409,"[863, 865, 1747, 78, 789]"
4410,"[468, 661, 111, 624, 403]"
4411,"[314, 1902, 313, 1073, 290]"
4412,"[1675, 89, 1677, 60, 1196]"
4413,"[789, 672, 863, 865, 1747]"
4414,"[863, 865, 1747, 314, 1696]"
4415,"[1147, 678, 1705, 1704, 1404]"
4416,"[863, 865, 1747, 118, 1923]"
4417,"[865, 116, 165, 1196, 1677]"
4418,"[863, 865, 1747, 1696, 1611]"
4419,"[313, 73, 1923, 111, 314]"
4420,"[1696, 314, 1196, 1295, 1073]"
4421,"[1900, 290, 1073, 97, 96]"
4422,"[789, 672, 851, 111, 444]"
4423,"[1138, 1890, 1904, 1554, 78]"
4424,"[1489, 1554, 1523, 1532, 1564]"
4425,"[863, 865, 1747, 1924, 1618]"
4426,"[1923, 1742, 313, 314, 1115]"
4427,"[314, 863, 865, 1747, 1923]"
4428,"[1923, 749, 703, 780, 433]"
4429,"[314, 165, 672, 313, 1923]"
4430,"[314, 922, 1915, 1752, 1833]"
4431,"[1567, 16, 1611, 1884, 1896]"
4432,"[1884, 1608, 1192, 454, 1746]"
4433,"[1910, 1896, 114, 1067, 454]"
4434,"[114, 1567, 16, 455, 1192]"
4435,"[1567, 114, 16, 888, 890]"
4436,"[16, 1567, 114, 1896, 1192]"
4437,"[16, 1884, 114, 1705, 1704]"
4438,"[1567, 16, 114, 1192, 1904]"
4439,"[454, 926, 922, 1112, 467]"
4440,"[16, 114, 1192, 1896, 455]"
4441,"[1884, 114, 455, 1192, 116]"
4442,"[1567, 16, 114, 116, 1192]"
4443,"[890, 1064, 884, 1607, 292]"
4444,"[1567, 16, 114, 1192, 1884]"
4445,"[888, 16, 114, 1761, 1705]"
4446,"[16, 114, 1611, 454, 1192]"
4447,"[1191, 102, 1746, 454, 1904]"
4448,"[454, 455, 114, 16, 1312]"
4449,"[1567, 16, 114, 1611, 1896]"
4450,"[1677, 1884, 165, 819, 1534]"
4451,"[114, 455, 1192, 1112, 454]"
4452,"[1567, 1896, 16, 114, 1907]"
4453,"[16, 114, 1192, 455, 454]"
4454,"[1567, 1696, 114, 16, 1698]"
4455,"[16, 1611, 458, 789, 455]"
4456,"[16, 114, 455, 1904, 1192]"
4457,"[114, 1567, 16, 1604, 455]"
4458,"[1567, 16, 114, 1192, 1611]"
4459,"[114, 1070, 110, 1040, 1696]"
4460,"[922, 102, 1746, 114, 409]"
4461,"[1567, 16, 114, 455, 454]"
4462,"[16, 1192, 458, 1772, 650]"
4463,"[1567, 16, 114, 110, 455]"
4464,"[16, 455, 102, 1746, 1884]"
4465,"[1567, 114, 1192, 1896, 1904]"
4466,"[114, 16, 455, 454, 1924]"
4467,"[1704, 1705, 1896, 819, 884]"
4468,"[114, 16, 1611, 1192, 455]"
4469,"[1567, 16, 114, 789, 467]"
4470,"[1910, 114, 1192, 16, 1904]"
4471,"[89, 455, 116, 1904, 114]"
4472,"[114, 16, 454, 672, 1640]"
4473,"[16, 1567, 114, 888, 1884]"
4474,"[1567, 114, 1191, 1904, 1192]"
4475,"[1191, 1904, 1567, 102, 1746]"
4476,"[1723, 85, 403, 480, 111]"
4477,"[1904, 102, 1746, 1192, 409]"
4478,"[1192, 1904, 98, 102, 1746]"
4479,"[1277, 1608, 1607, 1659, 672]"
4480,"[1567, 114, 16, 1192, 1896]"
4481,"[511, 1809, 1705, 1704, 1490]"
4482,"[1567, 890, 1896, 16, 1192]"
4483,"[1904, 1567, 1896, 102, 1746]"
4484,"[165, 1907, 95, 1904, 89]"
4485,"[1192, 1567, 113, 1904, 878]"
4486,"[1567, 16, 114, 1611, 1884]"
4487,"[1704, 1705, 480, 1830, 1834]"
4488,"[1191, 438, 1270, 1607, 1613]"
4489,"[1567, 1907, 1904, 1607, 901]"
4490,"[1567, 1887, 1072, 1885, 1886]"
4491,"[1249, 1607, 1192, 102, 1746]"
4492,"[1607, 1659, 1269, 480, 672]"
4493,"[1608, 1607, 1277, 1567, 98]"
4494,"[1607, 1567, 1613, 1191, 901]"
4495,"[1613, 1904, 1607, 1192, 112]"
4496,"[1607, 1277, 1608, 1677, 98]"
4497,"[1249, 16, 108, 927, 1210]"
4498,"[1567, 1907, 1887, 1886, 102]"
4499,"[1904, 1567, 1906, 98, 102]"
4500,"[1191, 111, 687, 480, 1823]"
4501,"[444, 1695, 165, 1249, 403]"
4502,"[1067, 1704, 1705, 1273, 1605]"
4503,"[1567, 1277, 1608, 1607, 1063]"
4504,"[441, 1935, 1865, 1863, 1936]"
4505,"[672, 1607, 789, 1249, 444]"
4506,"[1567, 1896, 165, 1922, 1897]"
4507,"[903, 1809, 511, 72, 1830]"
4508,"[901, 1249, 432, 121, 783]"
4509,"[1557, 432, 444, 672, 165]"
4510,"[1191, 1896, 1567, 1904, 102]"
4511,"[1613, 1542, 1530, 110, 1270]"
4512,"[1192, 926, 438, 102, 1746]"
4513,"[1567, 1676, 1607, 165, 1639]"
4514,"[1567, 1904, 1896, 102, 1746]"
4515,"[1607, 901, 1907, 164, 403]"
4516,"[1567, 165, 1887, 933, 409]"
4517,"[1613, 1620, 165, 1907, 164]"
4518,"[1567, 1192, 1904, 102, 1746]"
4519,"[1575, 1063, 861, 667, 652]"
4520,"[359, 358, 756, 754, 755]"
4521,"[605, 1695, 19, 39, 616]"
4522,"[700, 614, 1608, 1544, 1679]"
4523,"[1248, 618, 393, 652, 1699]"
4524,"[614, 26, 23, 806, 27]"
4525,"[806, 23, 1063, 21, 28]"
4526,"[921, 1771, 922, 1865, 1810]"
4527,"[17, 1192, 18, 28, 1248]"
4528,"[672, 98, 126, 165, 692]"
4529,"[1246, 403, 1704, 1317, 16]"
4530,"[1022, 804, 1575, 1291, 1138]"
4531,"[468, 480, 1314, 1679, 1880]"
4532,"[1904, 455, 110, 1192, 78]"
4533,"[1842, 1843, 1631, 1845, 1847]"
4534,"[639, 15, 655, 606, 649]"
4535,"[468, 480, 1772, 16, 1679]"
4536,"[646, 641, 889, 480, 111]"
4537,"[449, 1600, 1610, 681, 291]"
4538,"[9, 36, 28, 15, 800]"
4539,"[1666, 1904, 228, 78, 110]"
4540,"[1277, 1192, 1599, 1567, 809]"
4541,"[1904, 110, 1138, 1248, 444]"
4542,"[28, 19, 39, 15, 18]"
4543,"[408, 739, 692, 259, 760]"
4544,"[652, 311, 618, 304, 1016]"
4545,"[1063, 606, 1249, 1575, 861]"
4546,"[1568, 652, 18, 667, 639]"
4547,"[443, 304, 1789, 1790, 1086]"
4548,"[455, 806, 28, 21, 1610]"
4549,"[17, 228, 18, 19, 39]"
4550,"[687, 443, 648, 652, 336]"
4551,"[806, 1709, 40, 1703, 18]"
4552,"[660, 465, 128, 1662, 655]"
4553,"[1022, 606, 639, 790, 723]"
4554,"[1575, 861, 504, 1568, 659]"
4555,"[1746, 1735, 1575, 1320, 772]"
4556,"[1789, 789, 1786, 1788, 1787]"
4557,"[455, 1191, 383, 379, 277]"
4558,"[1679, 9, 36, 413, 24]"
4559,"[405, 28, 1677, 692, 27]"
4560,"[114, 116, 1023, 1699, 661]"
4561,"[1277, 1641, 1599, 692, 652]"
4562,"[468, 769, 756, 741, 755]"
4563,"[884, 1288, 291, 1705, 1704]"
4564,"[1902, 720, 672, 1639, 1317]"
4565,"[1249, 432, 823, 925, 167]"
4566,"[868, 1071, 878, 1202, 410]"
4567,"[1675, 1915, 1196, 102, 1746]"
4568,"[890, 1543, 112, 1072, 1516]"
4569,"[866, 1705, 1704, 1887, 121]"
4570,"[1523, 1489, 1554, 1562, 1542]"
4571,"[1248, 1676, 902, 1202, 1639]"
4572,"[890, 112, 1830, 1871, 1834]"
4573,"[432, 1904, 1607, 672, 102]"
4574,"[928, 672, 624, 615, 410]"
4575,"[1620, 287, 165, 175, 420]"
4576,"[672, 1202, 410, 1620, 1906]"
4577,"[1676, 408, 603, 125, 1675]"
4578,"[1676, 1675, 1344, 431, 1279]"
4579,"[1904, 1192, 1926, 113, 43]"
4580,"[440, 111, 1717, 646, 1723]"
4581,"[1588, 1526, 1899, 1922, 1897]"
4582,"[890, 1676, 1193, 1675, 1191]"
4583,"[1073, 1202, 410, 1695, 1118]"
4584,"[102, 113, 1112, 116, 1611]"
4585,"[866, 292, 925, 1067, 808]"
4586,"[440, 1904, 291, 1112, 1274]"
4587,"[1070, 1191, 1904, 1890, 1523]"
4588,"[165, 1902, 1823, 1295, 1202]"
4589,"[890, 1637, 405, 1705, 1704]"
4590,"[890, 112, 1193, 1907, 114]"
4591,"[1861, 1855, 1620, 923, 1829]"
4592,"[672, 405, 1637, 444, 789]"
4593,"[1704, 1705, 1830, 1871, 1834]"
4594,"[1607, 1904, 1640, 1192, 1676]"
4595,"[1902, 1889, 289, 1269, 672]"
4596,"[890, 1567, 1599, 112, 1887]"
4597,"[1526, 1899, 1904, 1922, 1897]"
4598,"[1277, 1896, 1659, 98, 614]"
4599,"[1924, 1904, 95, 93, 890]"
4600,"[403, 1704, 1705, 1249, 480]"
4601,"[1607, 1202, 410, 1639, 1249]"
4602,"[890, 922, 124, 1899, 1536]"
4603,"[1915, 890, 1830, 1871, 1834]"
4604,"[866, 1612, 113, 1907, 1066]"
4605,"[860, 1758, 1762, 1705, 111]"
4606,"[890, 1904, 112, 1899, 43]"
4607,"[1915, 1344, 890, 1677, 112]"
4608,"[1138, 1196, 296, 78, 1666]"
4609,"[1197, 672, 403, 1640, 789]"
4610,"[1830, 1871, 1834, 749, 866]"
4611,"[98, 1118, 647, 650, 187]"
4612,"[403, 1320, 1575, 672, 749]"
4613,"[1676, 890, 112, 1604, 926]"
4614,"[1279, 1081, 1636, 433, 431]"
4615,"[1906, 1637, 432, 1676, 1904]"
4616,"[1607, 1659, 444, 1269, 511]"
4617,"[1676, 890, 1675, 1677, 1279]"
4618,"[1904, 624, 692, 1613, 98]"
4619,"[128, 66, 282, 1637, 1648]"
4620,"[1196, 1695, 938, 921, 1080]"
4621,"[98, 1677, 1607, 1639, 1271]"
4622,"[1295, 78, 1279, 433, 1666]"
4623,"[1915, 1202, 410, 902, 1279]"
4624,"[403, 1258, 1428, 72, 853]"
4625,"[1269, 1177, 1104, 1091, 1086]"
4626,"[1279, 1603, 1196, 1695, 1677]"
4627,"[1915, 1202, 410, 1810, 1820]"
4628,"[403, 1915, 1907, 1344, 1676]"
4629,"[1295, 926, 1202, 410, 1196]"
4630,"[1904, 1906, 1202, 410, 1192]"
4631,"[1742, 73, 282, 1428, 1320]"
4632,"[403, 1659, 1912, 74, 1428]"
4633,"[1611, 1555, 1192, 1582, 1380]"
4634,"[1832, 79, 755, 756, 764]"
4635,"[1603, 403, 902, 1659, 1695]"
4636,"[78, 1666, 1138, 1637, 1279]"
4637,"[1902, 1080, 433, 1269, 395]"
4638,"[78, 1666, 433, 1138, 1279]"
4639,"[1761, 1760, 1705, 1704, 111]"
4640,"[1560, 1163, 1095, 1197, 309]"
4641,"[455, 1915, 1676, 926, 890]"
4642,"[582, 1438, 1457, 1461, 1494]"
4643,"[1659, 1264, 1265, 405, 1086]"
4644,"[1677, 1675, 1202, 410, 1196]"
4645,"[1677, 1676, 1674, 872, 165]"
4646,"[1247, 1750, 415, 613, 101]"
4647,"[1659, 1196, 405, 432, 164]"
4648,"[432, 403, 1196, 1695, 165]"
4649,"[1695, 1204, 1639, 1249, 403]"
4650,"[433, 791, 747, 754, 755]"
4651,"[1516, 1655, 1554, 1524, 1559]"
4652,"[125, 1695, 228, 807, 110]"
4653,"[171, 1677, 1733, 1695, 1534]"
4654,"[1543, 687, 650, 809, 667]"
4655,"[1027, 1035, 1026, 1077, 187]"
4656,"[1428, 1717, 1320, 1723, 1679]"
4657,"[749, 1885, 79, 1648, 650]"
4658,"[1552, 1543, 1887, 1599, 102]"
4659,"[823, 122, 1284, 1105, 1279]"
4660,"[41, 1028, 31, 33, 1651]"
4661,"[125, 403, 444, 405, 429]"
4662,"[511, 575, 571, 1208, 568]"
4663,"[1863, 1935, 1865, 90, 1862]"
4664,"[78, 1666, 1081, 1106, 433]"
4665,"[738, 749, 66, 403, 1320]"
4666,"[1192, 1904, 113, 1599, 164]"
4667,"[1717, 111, 52, 1317, 1428]"
4668,"[114, 1246, 807, 16, 110]"
4669,"[1902, 1735, 408, 1865, 1810]"
4670,"[1885, 98, 165, 97, 1892]"
4671,"[501, 1457, 1887, 550, 1249]"
4672,"[1875, 1704, 1705, 1796, 1758]"
4673,"[171, 1915, 128, 1536, 1556]"
4674,"[156, 429, 1025, 169, 765]"
4675,"[98, 1924, 1610, 455, 1915]"
4676,"[1705, 1704, 1607, 1659, 480]"
4677,"[403, 409, 738, 1073, 1670]"
4678,"[1705, 1704, 111, 1428, 1723]"
4679,"[1297, 1640, 1666, 78, 409]"
4680,"[1902, 405, 1300, 1705, 1704]"
4681,"[128, 1749, 46, 669, 1187]"
4682,"[1659, 405, 857, 1271, 78]"
4683,"[1659, 1615, 1176, 78, 647]"
4684,"[695, 1028, 167, 928, 169]"
4685,"[208, 286, 444, 738, 866]"
4686,"[72, 1795, 647, 681, 1833]"
4687,"[1620, 743, 1666, 409, 1086]"
4688,"[443, 1786, 1787, 605, 1789]"
4689,"[403, 111, 1717, 1723, 1428]"
4690,"[878, 1750, 102, 89, 165]"
4691,"[1277, 1608, 681, 1599, 687]"
4692,"[403, 725, 409, 1742, 564]"
4693,"[1900, 443, 1717, 1269, 73]"
4694,"[437, 669, 751, 122, 688]"
4695,"[1759, 468, 111, 73, 249]"
4696,"[739, 1905, 1922, 1897, 1527]"
4697,"[1877, 1570, 135, 132, 1015]"
4698,"[1895, 1935, 1287, 1865, 1570]"
4699,"[432, 226, 244, 249, 747]"
4700,"[1570, 1877, 1287, 1015, 135]"
4701,"[165, 672, 1675, 98, 102]"
4702,"[89, 113, 165, 1922, 1897]"
4703,"[1317, 383, 1613, 316, 403]"
4704,"[1192, 1556, 1538, 1607, 1904]"
4705,"[165, 89, 191, 189, 1903]"
4706,"[1570, 135, 16, 1785, 828]"
4707,"[441, 290, 1895, 1935, 1865]"
4708,"[1570, 135, 1705, 1704, 1842]"
4709,"[1898, 1622, 1915, 1517, 1621]"
4710,"[1885, 165, 925, 89, 423]"
4711,"[1699, 1697, 1248, 1696, 423]"
4712,"[441, 102, 1746, 692, 455]"
4713,"[1192, 1566, 125, 1903, 672]"
4714,"[1741, 1246, 16, 1573, 899]"
4715,"[1655, 884, 1896, 1064, 372]"
4716,"[1138, 739, 1204, 16, 723]"
4717,"[165, 1905, 1604, 1306, 1903]"
4718,"[441, 403, 73, 1006, 432]"
4719,"[290, 650, 82, 1320, 1246]"
4720,"[111, 468, 135, 738, 1759]"
4721,"[1785, 135, 1877, 1570, 828]"
4722,"[1785, 16, 803, 1898, 426]"
4723,"[73, 468, 1428, 761, 441]"
4724,"[441, 442, 398, 761, 759]"
4725,"[82, 1877, 828, 1570, 1895]"
4726,"[468, 299, 1582, 1380, 426]"
4727,"[1607, 368, 1270, 1894, 1554]"
4728,"[191, 189, 941, 102, 1746]"
4729,"[73, 468, 111, 282, 480]"
4730,"[928, 1871, 1834, 468, 892]"
4731,"[163, 1898, 1582, 1380, 426]"
4732,"[828, 1570, 34, 1705, 1704]"
4733,"[441, 1640, 1737, 1263, 1202]"
4734,"[527, 1403, 1210, 1213, 1499]"
4735,"[1677, 165, 1534, 441, 442]"
4736,"[1570, 135, 132, 1877, 1704]"
4737,"[82, 733, 199, 1287, 54]"
4738,"[441, 1192, 442, 116, 114]"
4739,"[1592, 1929, 1073, 1163, 1704]"
4740,"[16, 1705, 1704, 1457, 1210]"
4741,"[455, 1297, 890, 112, 124]"
4742,"[408, 116, 114, 1917, 720]"
4743,"[1772, 114, 16, 1307, 1246]"
4744,"[1676, 125, 408, 60, 1695]"
4745,"[1705, 1704, 116, 1760, 1761]"
4746,"[1902, 408, 1543, 1552, 1197]"
4747,"[116, 114, 890, 455, 1192]"
4748,"[660, 1197, 1555, 687, 1163]"
4749,"[116, 455, 1521, 1705, 1704]"
4750,"[1705, 1704, 1772, 687, 1192]"
4751,"[478, 1924, 1705, 289, 291]"
4752,"[1889, 692, 1555, 1197, 108]"
4753,"[789, 1705, 1704, 464, 1755]"
4754,"[455, 116, 114, 890, 1604]"
4755,"[478, 1924, 1192, 1523, 1910]"
4756,"[1884, 455, 1924, 16, 1604]"
4757,"[116, 1924, 114, 455, 890]"
4758,"[1614, 1521, 884, 44, 1112]"
4759,"[116, 1924, 890, 114, 455]"
4760,"[1885, 1871, 1830, 1834, 1825]"
4761,"[1705, 1704, 1758, 1760, 1761]"
4762,"[455, 1192, 114, 462, 687]"
4763,"[1552, 282, 1908, 1915, 1662]"
4764,"[114, 1924, 102, 1746, 455]"
4765,"[408, 124, 890, 102, 216]"
4766,"[455, 114, 216, 1604, 16]"
4767,"[455, 1742, 1521, 1705, 1704]"
4768,"[1705, 1704, 1772, 687, 1457]"
4769,"[1924, 455, 116, 1112, 1610]"
4770,"[16, 116, 114, 455, 890]"
4771,"[1675, 1676, 423, 1244, 1640]"
4772,"[1884, 1604, 462, 16, 1312]"
4773,"[1704, 1705, 925, 1929, 60]"
4774,"[1112, 346, 291, 1772, 111]"
4775,"[455, 1772, 1197, 16, 1192]"
4776,"[455, 890, 1192, 1772, 1705]"
4777,"[116, 216, 408, 1676, 890]"
4778,"[1884, 455, 462, 464, 16]"
4779,"[478, 787, 866, 1302, 898]"
4780,"[116, 455, 114, 890, 1902]"
4781,"[1279, 1637, 738, 308, 432]"
4782,"[455, 1924, 1192, 114, 102]"
4783,"[1611, 16, 54, 57, 58]"
4784,"[1705, 1704, 1192, 687, 16]"
4785,"[1273, 1705, 1704, 439, 447]"
4786,"[290, 361, 1705, 1704, 1772]"
4787,"[1249, 691, 688, 1705, 1704]"
4788,"[1192, 114, 890, 112, 455]"
4789,"[1277, 1608, 98, 1607, 1599]"
4790,"[1762, 1758, 361, 1760, 468]"
4791,"[1197, 468, 403, 1249, 111]"
4792,"[1772, 468, 1705, 1704, 16]"
4793,"[606, 807, 1204, 16, 691]"
4794,"[1772, 1192, 687, 650, 1705]"
4795,"[1699, 1640, 1696, 1675, 290]"
4796,"[1904, 1608, 1599, 1192, 165]"
4797,"[1192, 1610, 1275, 454, 455]"
4798,"[1607, 890, 114, 1191, 1581]"
4799,"[1611, 16, 43, 1249, 458]"
4800,"[890, 1192, 18, 480, 1581]"
4801,"[501, 18, 1404, 1709, 800]"
4802,"[455, 114, 1542, 1915, 1705]"
4803,"[1904, 1064, 455, 102, 884]"
4804,"[16, 1249, 1521, 860, 1705]"
4805,"[1704, 1705, 16, 455, 114]"
4806,"[1270, 1760, 1761, 114, 1705]"
4807,"[1313, 614, 1192, 29, 412]"
4808,"[1192, 1600, 438, 1607, 1270]"
4809,"[1898, 1655, 1711, 692, 1929]"
4810,"[614, 1192, 1705, 1704, 16]"
4811,"[1197, 468, 1249, 111, 1363]"
4812,"[692, 1202, 410, 1269, 1160]"
4813,"[786, 1197, 16, 1772, 1246]"
4814,"[102, 1746, 1270, 1191, 409]"
4815,"[1192, 468, 660, 1772, 1574]"
4816,"[818, 468, 16, 1307, 1249]"
4817,"[1204, 1045, 790, 336, 1695]"
4818,"[113, 1246, 164, 1904, 16]"
4819,"[468, 480, 1317, 661, 1723]"
4820,"[461, 1922, 1897, 98, 1613]"
4821,"[1192, 16, 114, 1915, 1904]"
4822,"[1924, 1197, 1204, 16, 1192]"
4823,"[614, 1192, 1704, 1705, 1204]"
4824,"[468, 1307, 807, 16, 1163]"
4825,"[223, 361, 1705, 1704, 1929]"
4826,"[1705, 1704, 1307, 561, 1197]"
4827,"[365, 1871, 1830, 1834, 1071]"
4828,"[1605, 646, 652, 648, 471]"
4829,"[1249, 1758, 1704, 1705, 1760]"
4830,"[136, 292, 1908, 308, 738]"
4831,"[1916, 405, 1704, 1705, 1298]"
4832,"[1915, 1676, 890, 926, 1750]"
4833,"[511, 892, 1835, 1612, 1871]"
4834,"[926, 1676, 922, 112, 171]"
4835,"[1760, 1761, 1617, 718, 1762]"
4836,"[890, 1676, 1612, 409, 1915]"
4837,"[1807, 1344, 433, 1916, 1258]"
4838,"[408, 1676, 892, 1639, 1885]"
4839,"[1705, 403, 985, 1077, 892]"
4840,"[1825, 128, 1648, 1915, 1914]"
4841,"[1674, 902, 1299, 167, 928]"
4842,"[890, 926, 1906, 1202, 410]"
4843,"[102, 1746, 124, 1904, 98]"
4844,"[396, 1189, 1158, 383, 1073]"
4845,"[926, 922, 102, 1746, 819]"
4846,"[1193, 1554, 1536, 1543, 1533]"
4847,"[1676, 1279, 1675, 1915, 1295]"
4848,"[1030, 1561, 1202, 410, 1073]"
4849,"[1924, 890, 922, 926, 112]"
4850,"[1193, 1915, 1344, 1676, 890]"
4851,"[1191, 121, 165, 102, 1249]"
4852,"[1299, 1670, 925, 167, 928]"
4853,"[403, 808, 892, 866, 1825]"
4854,"[441, 1264, 1265, 1192, 621]"
4855,"[1677, 1885, 1550, 1536, 1277]"
4856,"[926, 1721, 121, 167, 928]"
4857,"[1676, 165, 89, 470, 620]"
4858,"[1904, 1554, 1899, 102, 1746]"
4859,"[926, 1555, 868, 1748, 890]"
4860,"[1263, 1079, 1106, 1279, 1077]"
4861,"[1344, 1915, 1677, 1675, 102]"
4862,"[1704, 1705, 1887, 1885, 1068]"
4863,"[866, 165, 1915, 926, 1820]"
4864,"[1906, 1030, 925, 1202, 410]"
4865,"[165, 1885, 890, 926, 1344]"
4866,"[1676, 125, 1014, 1639, 1695]"
4867,"[409, 922, 102, 1746, 1618]"
4868,"[102, 1746, 1677, 1886, 409]"
4869,"[1915, 890, 409, 405, 926]"
4870,"[926, 1676, 890, 1906, 165]"
4871,"[1549, 1608, 458, 693, 666]"
4872,"[739, 60, 605, 1695, 1639]"
4873,"[1696, 1675, 116, 60, 1677]"
4874,"[468, 1582, 1380, 426, 1718]"
4875,"[1073, 782, 1560, 314, 466]"
4876,"[444, 1659, 1196, 408, 213]"
4877,"[618, 804, 30, 645, 1733]"
4878,"[1273, 637, 1249, 1611, 1604]"
4879,"[455, 468, 1314, 1750, 1192]"
4880,"[171, 826, 816, 772, 666]"
4881,"[468, 800, 443, 1315, 73]"
4882,"[468, 660, 480, 111, 1307]"
4883,"[116, 60, 165, 1639, 1695]"
4884,"[29, 26, 1639, 468, 1270]"
4885,"[1695, 605, 408, 1639, 681]"
4886,"[16, 739, 1726, 888, 1611]"
4887,"[216, 1611, 316, 1582, 1380]"
4888,"[1161, 1696, 30, 403, 1249]"
4889,"[661, 772, 622, 645, 30]"
4890,"[848, 1272, 722, 1733, 1695]"
4891,"[60, 1695, 1249, 1611, 455]"
4892,"[848, 432, 1639, 1695, 408]"
4893,"[1733, 1677, 1696, 468, 605]"
4894,"[248, 785, 636, 1180, 645]"
4895,"[1567, 455, 16, 1192, 1611]"
4896,"[455, 1611, 16, 468, 1291]"
4897,"[1314, 693, 1600, 1249, 1204]"
4898,"[164, 165, 781, 114, 723]"
4899,"[861, 111, 403, 1717, 73]"
4900,"[216, 688, 451, 1611, 772]"
4901,"[114, 1604, 1192, 848, 926]"
4902,"[1696, 1582, 1380, 426, 1718]"
4903,"[861, 480, 663, 664, 642]"
4904,"[1248, 1639, 316, 861, 1582]"
4905,"[1604, 451, 1611, 455, 1275]"
4906,"[216, 791, 1660, 772, 889]"
4907,"[1192, 848, 1270, 455, 1611]"
4908,"[1726, 1662, 1611, 455, 651]"
4909,"[468, 282, 1022, 1660, 791]"
4910,"[455, 114, 848, 1270, 1192]"
4911,"[1073, 290, 1116, 1122, 1028]"
4912,"[1275, 451, 605, 60, 637]"
4913,"[1611, 1192, 1604, 1606, 451]"
4914,"[403, 1758, 1762, 1161, 1704]"
4915,"[292, 1655, 410, 1202, 928]"
4916,"[1676, 890, 1639, 112, 165]"
4917,"[1723, 111, 480, 403, 1317]"
4918,"[789, 1073, 672, 165, 89]"
4919,"[165, 1620, 1666, 789, 425]"
4920,"[1748, 868, 1915, 89, 112]"
4921,"[672, 1885, 789, 444, 287]"
4922,"[444, 1723, 111, 1885, 403]"
4923,"[1675, 1676, 89, 920, 1696]"
4924,"[1855, 1320, 1670, 1640, 1663]"
4925,"[866, 1908, 1759, 1114, 1887]"
4926,"[1077, 79, 1663, 851, 1822]"
4927,"[405, 1344, 164, 403, 1607]"
4928,"[789, 444, 851, 892, 403]"
4929,"[405, 1827, 403, 1823, 1829]"
4930,"[1873, 1836, 1867, 1832, 1858]"
4931,"[789, 444, 1887, 1885, 851]"
4932,"[672, 1705, 1704, 789, 403]"
4933,"[933, 1705, 1704, 66, 749]"
4934,"[1909, 1193, 1191, 1666, 1567]"
4935,"[1073, 866, 1612, 416, 101]"
4936,"[1659, 405, 1607, 1271, 1637]"
4937,"[410, 1202, 933, 789, 866]"
4938,"[403, 480, 862, 1723, 1249]"
4939,"[403, 165, 405, 1607, 480]"
4940,"[1666, 78, 1291, 1202, 410]"
4941,"[1809, 1789, 1705, 1704, 1788]"
4942,"[1705, 1704, 1723, 403, 1789]"
4943,"[89, 102, 866, 1750, 405]"
4944,"[1890, 862, 1887, 1886, 1892]"
4945,"[1202, 410, 1620, 866, 808]"
4946,"[1620, 1074, 933, 1873, 1836]"
4947,"[672, 1750, 165, 1196, 1675]"
4948,"[1907, 1567, 878, 113, 1192]"
4949,"[1620, 410, 1885, 1202, 409]"
4950,"[165, 1666, 933, 444, 66]"
4951,"[165, 1620, 409, 672, 444]"
4952,"[403, 409, 1612, 1704, 1705]"
4953,"[1887, 933, 866, 1670, 1705]"
4954,"[410, 933, 403, 1705, 1704]"
4955,"[403, 749, 1825, 757, 1302]"
4956,"[1896, 220, 95, 726, 727]"
4957,"[672, 612, 789, 403, 1750]"
4958,"[1915, 403, 1320, 866, 1825]"
4959,"[5, 749, 111, 866, 800]"
4960,"[1690, 1126, 1077, 902, 1124]"
4961,"[125, 423, 1244, 165, 1193]"
4962,"[125, 1126, 1006, 1690, 1317]"
4963,"[423, 1244, 125, 1676, 1677]"
4964,"[757, 1759, 1832, 493, 1256]"
4965,"[98, 167, 928, 169, 929]"
4966,"[672, 902, 1640, 171, 165]"
4967,"[1855, 1320, 758, 749, 403]"
4968,"[1281, 1269, 930, 504, 429]"
4969,"[125, 1690, 603, 455, 1695]"
4970,"[423, 1244, 1675, 1690, 125]"
4971,"[125, 1676, 1825, 1677, 165]"
4972,"[1709, 1703, 1317, 800, 1006]"
4973,"[125, 1006, 403, 1317, 1077]"
4974,"[405, 423, 1244, 786, 214]"
4975,"[1690, 125, 365, 397, 1126]"
4976,"[125, 1690, 403, 749, 429]"
4977,"[1855, 1861, 1320, 236, 237]"
4978,"[423, 1244, 412, 1696, 605]"
4979,"[423, 1244, 1704, 1705, 403]"
4980,"[125, 1317, 1006, 1126, 403]"
4981,"[1006, 73, 1317, 403, 365]"
4982,"[423, 1244, 125, 1690, 902]"
4983,"[125, 124, 1193, 1666, 1640]"
4984,"[1317, 1723, 1709, 480, 282]"
4985,"[125, 1676, 423, 1244, 1690]"
4986,"[409, 1666, 1750, 425, 1701]"
4987,"[403, 1320, 1575, 749, 1197]"
4988,"[720, 1640, 1566, 902, 1675]"
4989,"[125, 1690, 1676, 1299, 1907]"
4990,"[1855, 1861, 236, 237, 1003]"
4991,"[125, 1915, 1659, 408, 1637]"
4992,"[423, 1244, 125, 1675, 1677]"
4993,"[125, 1690, 423, 1244, 365]"
4994,"[1677, 125, 1248, 1604, 114]"
4995,"[1317, 403, 1126, 73, 1006]"
4996,"[1663, 791, 1660, 599, 597]"
4997,"[125, 429, 1640, 403, 1705]"
4998,"[1836, 930, 964, 1014, 1873]"
4999,"[125, 98, 159, 1025, 937]"
5000,"[1670, 1640, 1690, 249, 226]"
5001,"[124, 1193, 1255, 125, 868]"
5002,"[403, 1006, 1077, 1317, 73]"
5003,"[1924, 478, 1639, 124, 165]"
5004,"[1915, 165, 1924, 124, 890]"
5005,"[863, 865, 1747, 1915, 890]"
5006,"[1762, 1758, 1560, 361, 655]"
5007,"[1924, 1761, 1760, 1705, 749]"
5008,"[408, 1561, 1552, 1902, 660]"
5009,"[455, 1924, 408, 98, 114]"
5010,"[403, 1073, 257, 749, 1926]"
5011,"[116, 114, 890, 455, 1705]"
5012,"[717, 818, 1877, 135, 132]"
5013,"[403, 749, 862, 1705, 1926]"
5014,"[1924, 637, 102, 409, 681]"
5015,"[1915, 165, 878, 175, 176]"
5016,"[1924, 478, 866, 925, 167]"
5017,"[783, 848, 925, 167, 174]"
5018,"[1560, 1030, 866, 1128, 276]"
5019,"[862, 369, 1705, 1704, 403]"
5020,"[1561, 1536, 1516, 866, 1760]"
5021,"[749, 403, 866, 1197, 1648]"
5022,"[1902, 1560, 1552, 1561, 1344]"
5023,"[1755, 481, 1757, 1776, 848]"
5024,"[171, 1677, 1924, 1192, 1750]"
5025,"[1924, 478, 926, 60, 1907]"
5026,"[1884, 1924, 455, 1910, 464]"
5027,"[655, 922, 660, 370, 1760]"
5028,"[290, 165, 1027, 1915, 922]"
5029,"[927, 688, 692, 678, 1705]"
5030,"[876, 1631, 925, 167, 928]"
5031,"[1924, 478, 98, 1884, 102]"
5032,"[1197, 655, 468, 660, 501]"
5033,"[1695, 890, 89, 1675, 114]"
5034,"[1885, 890, 1890, 1639, 1344]"
5035,"[866, 1809, 749, 925, 167]"
5036,"[789, 749, 171, 66, 165]"
5037,"[403, 749, 1040, 862, 1926]"
5038,"[1924, 98, 102, 1695, 1901]"
5039,"[443, 1648, 282, 1172, 403]"
5040,"[749, 738, 403, 822, 409]"
5041,"[1915, 165, 1202, 926, 410]"
5042,"[1675, 1677, 1618, 1536, 926]"
5043,"[1915, 1924, 171, 165, 1536]"
5044,"[1924, 478, 926, 98, 1884]"
5045,"[1915, 98, 102, 1901, 165]"
5046,"[116, 1705, 114, 856, 1147]"
5047,"[1758, 1762, 1705, 1704, 1760]"
5048,"[1192, 1922, 1897, 1526, 1906]"
5049,"[1704, 1705, 862, 1249, 1886]"
5050,"[1618, 112, 102, 1746, 89]"
5051,"[857, 1147, 18, 1491, 1709]"
5052,"[1705, 1704, 399, 862, 1023]"
5053,"[1191, 1904, 1760, 1704, 1705]"
5054,"[672, 789, 110, 16, 677]"
5055,"[110, 789, 851, 1567, 379]"
5056,"[1024, 857, 1889, 1073, 692]"
5057,"[1592, 1929, 902, 78, 1043]"
5058,"[1192, 1610, 1275, 451, 1890]"
5059,"[853, 429, 1723, 1814, 1816]"
5060,"[857, 1721, 372, 1885, 339]"
5061,"[1248, 1617, 1760, 1761, 1696]"
5062,"[1192, 860, 1273, 1705, 1704]"
5063,"[1904, 165, 95, 1750, 405]"
5064,"[116, 1192, 112, 1275, 102]"
5065,"[926, 478, 1924, 60, 1695]"
5066,"[16, 1924, 860, 1249, 1192]"
5067,"[1705, 862, 438, 111, 1704]"
5068,"[693, 16, 860, 447, 1600]"
5069,"[1904, 1192, 455, 454, 1523]"
5070,"[1696, 1246, 16, 412, 1904]"
5071,"[82, 73, 1246, 441, 468]"
5072,"[1884, 16, 1705, 860, 1600]"
5073,"[409, 165, 97, 96, 98]"
5074,"[16, 1760, 1761, 111, 44]"
5075,"[1890, 1904, 1192, 1523, 1896]"
5076,"[44, 111, 16, 1112, 43]"
5077,"[1896, 43, 1904, 16, 1192]"
5078,"[1312, 1904, 1192, 455, 454]"
5079,"[16, 1760, 1761, 111, 44]"
5080,"[866, 291, 1759, 1887, 1760]"
5081,"[1567, 16, 789, 1192, 102]"
5082,"[1760, 1761, 1617, 718, 1762]"
5083,"[749, 1670, 866, 1118, 121]"
5084,"[1677, 808, 165, 866, 1904]"
5085,"[1192, 455, 113, 112, 1275]"
5086,"[16, 1884, 819, 1705, 1662]"
5087,"[1884, 102, 1746, 454, 1890]"
5088,"[1567, 455, 16, 114, 1192]"
5089,"[1555, 787, 866, 1044, 1307]"
5090,"[1192, 1904, 1523, 1489, 1532]"
5091,"[1884, 1562, 1555, 1312, 1192]"
5092,"[44, 1760, 1761, 16, 111]"
5093,"[1147, 16, 1112, 114, 1192]"
5094,"[1761, 1760, 16, 1704, 1705]"
5095,"[1527, 752, 432, 1620, 884]"
5096,"[60, 165, 1536, 1249, 926]"
5097,"[82, 73, 1246, 441, 468]"
5098,"[478, 1924, 1884, 1249, 926]"
5099,"[455, 16, 116, 114, 1192]"
5100,"[1617, 1555, 1192, 1904, 455]"
5101,"[1562, 1884, 1191, 1904, 692]"
5102,"[1761, 1760, 16, 1705, 1704]"
5103,"[455, 926, 1617, 16, 114]"
5104,"[1112, 662, 1192, 18, 44]"
5105,"[1191, 43, 1904, 1554, 1886]"
5106,"[1567, 1887, 1926, 1904, 1884]"
5107,"[1191, 1904, 409, 1890, 102]"
5108,"[1904, 43, 1554, 113, 1489]"
5109,"[1904, 43, 1884, 819, 888]"
5110,"[43, 1904, 1926, 1554, 1489]"
5111,"[165, 1556, 89, 1890, 1618]"
5112,"[1904, 113, 102, 1914, 124]"
5113,"[43, 1904, 1926, 1554, 1489]"
5114,"[1904, 1926, 43, 1526, 1899]"
5115,"[291, 686, 1705, 680, 1704]"
5116,"[1904, 1554, 1890, 43, 1489]"
5117,"[1713, 1615, 1626, 866, 97]"
5118,"[1904, 43, 1926, 1890, 1567]"
5119,"[98, 89, 165, 1249, 1892]"
5120,"[1896, 677, 16, 1889, 1567]"
5121,"[43, 1904, 1896, 1567, 1926]"
5122,"[1567, 1926, 113, 1904, 43]"
5123,"[43, 1904, 1899, 1526, 102]"
5124,"[1904, 409, 113, 1890, 1192]"
5125,"[1904, 1899, 1884, 102, 43]"
5126,"[1904, 113, 1899, 1526, 1926]"
5127,"[1191, 1886, 1904, 102, 1746]"
5128,"[1904, 1526, 1899, 113, 409]"
5129,"[1904, 1192, 454, 455, 112]"
5130,"[1761, 1760, 1705, 1745, 1616]"
5131,"[1904, 1192, 1523, 1489, 1562]"
5132,"[1904, 1192, 110, 116, 455]"
5133,"[456, 454, 1273, 447, 1705]"
5134,"[1192, 1904, 116, 1523, 1924]"
5135,"[1273, 1112, 860, 447, 1705]"
5136,"[1913, 1192, 1904, 1112, 455]"
5137,"[860, 111, 1192, 1705, 1249]"
5138,"[1890, 890, 112, 1904, 1192]"
5139,"[116, 455, 1112, 1614, 454]"
5140,"[1277, 1608, 1192, 455, 1274]"
5141,"[878, 1904, 1192, 1538, 692]"
5142,"[1192, 1904, 599, 613, 1750]"
5143,"[1070, 291, 1913, 1927, 892]"
5144,"[672, 1620, 1640, 98, 624]"
5145,"[1885, 1890, 1887, 432, 1606]"
5146,"[691, 687, 439, 1273, 1604]"
5147,"[1192, 1904, 861, 78, 1138]"
5148,"[291, 1192, 1904, 860, 808]"
5149,"[1317, 413, 667, 468, 111]"
5150,"[1904, 1192, 114, 1695, 113]"
5151,"[1192, 29, 614, 26, 1750]"
5152,"[863, 865, 1747, 1614, 1521]"
5153,"[1744, 471, 817, 1864, 1752]"
5154,"[599, 468, 593, 597, 590]"
5155,"[468, 599, 590, 587, 111]"
5156,"[1913, 1192, 809, 1521, 455]"
5157,"[1562, 1191, 1192, 1904, 708]"
5158,"[1696, 413, 29, 1192, 599]"
5159,"[1898, 1582, 1380, 426, 1718]"
5160,"[1192, 1904, 455, 454, 1599]"
5161,"[111, 1717, 1605, 1317, 1741]"
5162,"[1795, 1246, 471, 685, 684]"
5163,"[1889, 114, 599, 1192, 29]"
5164,"[1533, 455, 454, 1192, 1904]"
5165,"[1192, 111, 1904, 1704, 1705]"
5166,"[1246, 1243, 424, 102, 471]"
5167,"[1913, 291, 1701, 1192, 418]"
5168,"[113, 171, 890, 112, 1533]"
5169,"[1192, 1904, 1191, 1523, 1489]"
5170,"[1913, 1246, 471, 454, 456]"
5171,"[1192, 809, 1610, 1517, 1608]"
5172,"[1887, 1904, 1599, 1249, 1705]"
5173,"[1192, 1904, 455, 1523, 454]"
5174,"[1246, 1192, 282, 1904, 1741]"
5175,"[1705, 1704, 447, 1192, 1273]"
5176,"[1192, 29, 614, 818, 26]"
5177,"[1191, 1192, 291, 1904, 1523]"
5178,"[116, 1610, 114, 1275, 1192]"
5179,"[159, 97, 96, 1887, 458]"
5180,"[116, 114, 451, 1604, 1192]"
5181,"[1744, 1752, 1757, 1776, 817]"
5182,"[650, 687, 636, 1317, 463]"
5183,"[787, 1249, 1204, 1314, 1521]"
5184,"[98, 603, 470, 620, 1202]"
5185,"[114, 807, 455, 1192, 110]"
5186,"[1504, 749, 866, 432, 1889]"
5187,"[1317, 111, 480, 468, 1758]"
5188,"[1695, 1705, 1249, 1704, 624]"
5189,"[528, 1507, 403, 111, 468]"
5190,"[613, 1750, 417, 1525, 599]"
5191,"[1924, 786, 462, 464, 463]"
5192,"[1924, 478, 786, 878, 113]"
5193,"[807, 455, 905, 114, 54]"
5194,"[216, 165, 1611, 102, 703]"
5195,"[528, 1507, 749, 866, 580]"
5196,"[1889, 1525, 749, 866, 624]"
5197,"[1695, 1750, 1889, 1735, 1291]"
5198,"[1666, 444, 1736, 121, 74]"
5199,"[124, 165, 1695, 749, 114]"
5200,"[1757, 1776, 1744, 1879, 1752]"
5201,"[817, 62, 803, 1752, 802]"
5202,"[1924, 1884, 455, 464, 462]"
5203,"[789, 1887, 409, 1885, 121]"
5204,"[749, 403, 925, 167, 928]"
5205,"[787, 749, 1721, 786, 1307]"
5206,"[1889, 1750, 925, 928, 931]"
5207,"[688, 460, 1504, 789, 126]"
5208,"[1924, 478, 121, 866, 102]"
5209,"[1889, 1914, 1192, 599, 580]"
5210,"[1077, 98, 1825, 1258, 1831]"
5211,"[462, 465, 1306, 687, 1312]"
5212,"[1884, 1696, 1924, 1112, 1695]"
5213,"[1677, 898, 165, 890, 1915]"
5214,"[1762, 1758, 1760, 1270, 1889]"
5215,"[707, 1197, 1648, 749, 429]"
5216,"[1695, 703, 749, 866, 1904]"
5217,"[528, 1507, 749, 866, 432]"
5218,"[1924, 478, 60, 1695, 1204]"
5219,"[1246, 1708, 1317, 1006, 403]"
5220,"[1889, 749, 1898, 866, 1582]"
5221,"[749, 866, 892, 757, 774]"
5222,"[1317, 90, 111, 1717, 749]"
5223,"[116, 1924, 114, 890, 60]"
5224,"[441, 1935, 1865, 1863, 542]"
5225,"[1908, 888, 1523, 1192, 121]"
5226,"[44, 43, 16, 1249, 1063]"
5227,"[166, 167, 168, 169, 172]"
5228,"[866, 102, 165, 1904, 1746]"
5229,"[1899, 1526, 890, 1556, 43]"
5230,"[1567, 95, 862, 1894, 1887]"
5231,"[89, 1677, 1534, 114, 165]"
5232,"[1567, 1887, 95, 43, 1904]"
5233,"[89, 1534, 1675, 1677, 165]"
5234,"[1646, 161, 930, 410, 1202]"
5235,"[1904, 113, 922, 112, 164]"
5236,"[121, 1884, 89, 161, 1249]"
5237,"[1904, 455, 1899, 1192, 1523]"
5238,"[1890, 89, 1160, 1907, 1066]"
5239,"[121, 432, 1626, 866, 111]"
5240,"[1904, 1887, 121, 1705, 1926]"
5241,"[89, 113, 1887, 1249, 112]"
5242,"[1613, 1904, 878, 1905, 1526]"
5243,"[1904, 455, 1523, 1192, 110]"
5244,"[1904, 1191, 1909, 1890, 1489]"
5245,"[1612, 121, 1620, 1899, 1907]"
5246,"[1526, 922, 1899, 1915, 1906]"
5247,"[1904, 43, 121, 860, 1705]"
5248,"[1904, 1192, 1890, 113, 1926]"
5249,"[1904, 121, 1926, 432, 403]"
5250,"[89, 113, 102, 112, 409]"
5251,"[1754, 1704, 1705, 1885, 1887]"
5252,"[168, 157, 173, 166, 155]"
5253,"[1890, 89, 1904, 1899, 1887]"
5254,"[1904, 1191, 1909, 1890, 1489]"
5255,"[1904, 1899, 89, 43, 102]"
5256,"[1904, 1890, 1588, 1886, 1887]"
5257,"[1556, 1489, 1554, 1887, 1534]"
5258,"[89, 113, 1534, 112, 1907]"
5259,"[1899, 1904, 97, 98, 96]"
5260,"[1904, 43, 121, 860, 1705]"
5261,"[409, 89, 890, 112, 1526]"
5262,"[1534, 1554, 89, 1697, 1705]"
5263,"[121, 866, 1620, 165, 89]"
5264,"[749, 1249, 458, 1670, 121]"
5265,"[1316, 1887, 1705, 1704, 1760]"
5266,"[1534, 89, 116, 409, 102]"
5267,"[1534, 116, 112, 114, 89]"
5268,"[1196, 405, 1677, 165, 1606]"
5269,"[1904, 1890, 1489, 1887, 1886]"
5270,"[408, 922, 216, 165, 124]"
5271,"[1901, 1746, 1822, 1820, 1821]"
5272,"[1915, 1698, 1001, 408, 216]"
5273,"[672, 789, 851, 1892, 772]"
5274,"[866, 102, 165, 97, 96]"
5275,"[749, 1670, 757, 1320, 66]"
5276,"[749, 1197, 1648, 788, 898]"
5277,"[1543, 1534, 1556, 1533, 1551]"
5278,"[1828, 340, 1632, 1704, 403]"
5279,"[1867, 749, 1753, 1809, 1776]"
5280,"[1130, 1902, 1040, 1202, 410]"
5281,"[1904, 1192, 1532, 1523, 1746]"
5282,"[66, 650, 688, 251, 1670]"
5283,"[1670, 1118, 1616, 749, 1746]"
5284,"[164, 1202, 410, 1887, 1626]"
5285,"[165, 1677, 1202, 410, 672]"
5286,"[681, 1145, 866, 1552, 93]"
5287,"[749, 1902, 1706, 1810, 1811]"
5288,"[1887, 749, 458, 866, 1886]"
5289,"[1698, 1696, 165, 605, 922]"
5290,"[1902, 749, 1822, 1832, 672]"
5291,"[672, 1902, 1640, 749, 688]"
5292,"[1640, 672, 1299, 749, 403]"
5293,"[1915, 1676, 1202, 165, 410]"
5294,"[60, 124, 749, 171, 165]"
5295,"[749, 866, 1670, 1534, 1885]"
5296,"[749, 1040, 925, 167, 928]"
5297,"[124, 165, 922, 1202, 410]"
5298,"[922, 1915, 124, 672, 165]"
5299,"[672, 1640, 1130, 1698, 1639]"
5300,"[171, 165, 1534, 1677, 97]"
5301,"[97, 98, 96, 1844, 1845]"
5302,"[1130, 1632, 1754, 265, 1698]"
5303,"[159, 866, 1885, 1666, 1202]"
5304,"[1670, 1887, 93, 1913, 1701]"
5305,"[124, 922, 878, 1904, 1202]"
5306,"[1885, 97, 96, 762, 1202]"
5307,"[1197, 749, 1640, 672, 1639]"
5308,"[1632, 688, 72, 1705, 1704]"
5309,"[1705, 1704, 1763, 1777, 1752]"
5310,"[1902, 1552, 1543, 672, 1073]"
5311,"[124, 890, 1639, 1902, 408]"
5312,"[1902, 749, 688, 925, 167]"
5313,"[749, 789, 409, 1670, 1885]"
5314,"[926, 165, 403, 1620, 1197]"
5315,"[165, 922, 164, 102, 409]"
5316,"[1887, 403, 926, 121, 409]"
5317,"[890, 112, 113, 1904, 1676]"
5318,"[165, 408, 403, 1666, 1006]"
5319,"[1620, 1915, 408, 165, 1006]"
5320,"[1909, 1916, 752, 1885, 292]"
5321,"[1704, 1705, 1759, 1753, 1104]"
5322,"[1676, 1675, 1344, 125, 145]"
5323,"[200, 943, 1338, 142, 185]"
5324,"[403, 1640, 928, 929, 932]"
5325,"[1666, 672, 1672, 185, 199]"
5326,"[822, 340, 72, 1809, 1873]"
5327,"[890, 408, 1063, 112, 1899]"
5328,"[672, 403, 1640, 1193, 1903]"
5329,"[1006, 823, 1666, 167, 928]"
5330,"[165, 1676, 1696, 410, 1202]"
5331,"[121, 1822, 1820, 1821, 1819]"
5332,"[511, 738, 1649, 1835, 1872]"
5333,"[1828, 1833, 1837, 165, 930]"
5334,"[1006, 1666, 823, 672, 167]"
5335,"[1034, 1033, 1745, 1616, 892]"
5336,"[890, 1620, 121, 1191, 166]"
5337,"[1620, 916, 287, 1672, 1013]"
5338,"[121, 1907, 1249, 1527, 1604]"
5339,"[824, 409, 672, 403, 1705]"
5340,"[408, 1592, 165, 947, 945]"
5341,"[1834, 1825, 66, 747, 754]"
5342,"[403, 409, 1249, 167, 928]"
5343,"[1885, 1887, 403, 409, 1705]"
5344,"[1885, 672, 167, 928, 169]"
5345,"[902, 926, 125, 1666, 446]"
5346,"[672, 403, 1639, 167, 928]"
5347,"[922, 1915, 1899, 121, 102]"
5348,"[964, 823, 918, 405, 1592]"
5349,"[1887, 866, 121, 755, 756]"
5350,"[237, 236, 1003, 232, 1648]"
5351,"[270, 137, 136, 139, 274]"
5352,"[1068, 1754, 372, 1887, 1072]"
5353,"[167, 928, 169, 929, 156]"
5354,"[408, 1676, 165, 692, 1618]"
5355,"[890, 112, 1904, 1899, 922]"
5356,"[164, 1592, 165, 1659, 213]"
5357,"[408, 159, 1025, 937, 165]"
5358,"[1894, 1489, 1904, 110, 1542]"
5359,"[1317, 73, 1717, 468, 413]"
5360,"[1249, 756, 763, 764, 766]"
5361,"[445, 451, 1275, 455, 439]"
5362,"[116, 1192, 114, 455, 110]"
5363,"[878, 1277, 692, 1607, 165]"
5364,"[774, 747, 753, 755, 756]"
5365,"[468, 1246, 73, 111, 1317]"
5366,"[413, 1317, 1679, 798, 1709]"
5367,"[97, 96, 1915, 1344, 481]"
5368,"[1894, 862, 1542, 480, 1554]"
5369,"[1723, 480, 1317, 587, 1709]"
5370,"[1277, 1607, 1659, 480, 1723]"
5371,"[65, 63, 707, 765, 789]"
5372,"[1258, 1077, 1705, 1704, 924]"
5373,"[1249, 432, 926, 121, 749]"
5374,"[688, 108, 409, 1721, 901]"
5375,"[78, 453, 1317, 403, 221]"
5376,"[116, 1639, 114, 89, 1604]"
5377,"[1495, 403, 749, 1257, 1249]"
5378,"[1317, 1907, 587, 588, 1561]"
5379,"[1607, 1191, 1894, 1277, 1885]"
5380,"[1639, 1894, 1192, 1695, 95]"
5381,"[1192, 29, 23, 101, 1274]"
5382,"[114, 1026, 1581, 1192, 291]"
5383,"[1607, 89, 1639, 1659, 1202]"
5384,"[1639, 1676, 1607, 926, 1903]"
5385,"[1317, 587, 468, 903, 111]"
5386,"[1560, 97, 98, 96, 1820]"
5387,"[1302, 1104, 1603, 672, 1885]"
5388,"[1557, 1249, 111, 1721, 480]"
5389,"[1705, 1704, 648, 18, 9]"
5390,"[101, 23, 40, 21, 1187]"
5391,"[890, 1902, 108, 1705, 1704]"
5392,"[1249, 116, 588, 480, 1567]"
5393,"[890, 1290, 110, 370, 588]"
5394,"[37, 1695, 1566, 890, 1772]"
5395,"[1894, 1542, 789, 1562, 1532]"
5396,"[1887, 93, 1401, 95, 89]"
5397,"[1555, 18, 648, 652, 480]"
5398,"[760, 789, 672, 688, 770]"
5399,"[890, 112, 1344, 1676, 60]"
5400,"[1723, 111, 468, 630, 480]"
5401,"[1603, 98, 165, 409, 97]"
5402,"[1246, 1708, 1317, 73, 803]"
5403,"[1063, 37, 866, 1317, 73]"
5404,"[164, 213, 979, 410, 1202]"
5405,"[165, 89, 113, 409, 112]"
5406,"[82, 73, 1717, 52, 1428]"
5407,"[1699, 1696, 1676, 1697, 409]"
5408,"[102, 165, 97, 96, 922]"
5409,"[89, 1202, 410, 409, 1696]"
5410,"[409, 1534, 89, 165, 1892]"
5411,"[165, 1249, 102, 409, 1604]"
5412,"[1699, 1675, 1911, 866, 89]"
5413,"[89, 112, 1534, 102, 856]"
5414,"[1246, 1753, 1463, 1795, 1705]"
5415,"[1676, 1248, 1677, 409, 1697]"
5416,"[1759, 866, 1114, 511, 37]"
5417,"[1696, 1753, 277, 164, 165]"
5418,"[165, 1677, 112, 1618, 102]"
5419,"[1676, 1677, 165, 405, 410]"
5420,"[1160, 1549, 98, 97, 96]"
5421,"[1696, 1899, 409, 113, 112]"
5422,"[1903, 1535, 112, 1534, 926]"
5423,"[89, 1533, 1534, 1677, 112]"
5424,"[1914, 291, 866, 1044, 1910]"
5425,"[922, 165, 1615, 124, 1899]"
5426,"[1614, 1521, 1610, 884, 788]"
5427,"[1890, 1893, 1705, 1704, 1071]"
5428,"[1675, 89, 165, 1677, 1202]"
5429,"[1768, 1775, 1760, 1761, 1705]"
5430,"[1926, 1192, 1610, 1526, 1695]"
5431,"[89, 1907, 1885, 405, 114]"
5432,"[1704, 1705, 291, 681, 86]"
5433,"[1618, 1924, 692, 102, 1611]"
5434,"[1735, 1640, 1666, 444, 1904]"
5435,"[1890, 1904, 110, 116, 78]"
5436,"[165, 930, 169, 1676, 167]"
5437,"[403, 1723, 66, 747, 754]"
5438,"[1735, 1676, 171, 1677, 930]"
5439,"[1904, 110, 1192, 116, 1640]"
5440,"[1618, 1676, 1202, 410, 1636]"
5441,"[1705, 1704, 650, 1320, 1651]"
5442,"[1904, 44, 16, 43, 1249]"
5443,"[1904, 1893, 1070, 1640, 78]"
5444,"[1534, 878, 1533, 102, 112]"
5445,"[1749, 862, 1822, 885, 1704]"
5446,"[925, 167, 928, 931, 174]"
5447,"[1760, 1761, 1032, 1290, 370]"
5448,"[403, 1320, 1723, 1428, 66]"
5449,"[410, 1202, 1534, 1887, 1885]"
5450,"[1884, 165, 175, 98, 164]"
5451,"[444, 823, 1695, 89, 926]"
5452,"[1536, 1489, 1554, 1607, 1890]"
5453,"[1890, 1893, 102, 1746, 1598]"
5454,"[1617, 1890, 1555, 1564, 1904]"
5455,"[89, 890, 113, 112, 60]"
5456,"[1666, 425, 1904, 159, 1202]"
5457,"[749, 1705, 1890, 757, 1758]"
5458,"[1890, 438, 89, 926, 1066]"
5459,"[1713, 1844, 1845, 1847, 1848]"
5460,"[406, 455, 454, 407, 1924]"
5461,"[346, 364, 760, 765, 751]"
5462,"[1666, 1904, 110, 606, 1521]"
5463,"[692, 102, 1746, 97, 96]"
5464,"[97, 96, 165, 692, 98]"
5465,"[1924, 1526, 1528, 1529, 1536]"
5466,"[1618, 1924, 692, 102, 1611]"
5467,"[695, 1893, 1640, 110, 1202]"
5468,"[1695, 432, 1890, 1889, 1202]"
5469,"[1677, 1750, 451, 1202, 410]"
5470,"[1675, 1904, 672, 98, 1536]"
5471,"[1904, 1070, 1192, 113, 1523]"
5472,"[1567, 1904, 1192, 1894, 102]"
5473,"[1904, 1191, 1070, 1192, 692]"
5474,"[114, 605, 455, 1640, 1192]"
5475,"[1904, 1277, 1608, 1191, 1607]"
5476,"[1904, 1567, 1070, 1192, 860]"
5477,"[1904, 116, 1192, 110, 1600]"
5478,"[1904, 1890, 1191, 1562, 1070]"
5479,"[1904, 1191, 1192, 110, 1611]"
5480,"[1567, 1705, 1704, 1892, 1904]"
5481,"[1567, 114, 1192, 1926, 1922]"
5482,"[1536, 1525, 292, 1197, 1723]"
5483,"[116, 667, 1249, 650, 1887]"
5484,"[1191, 846, 1904, 1567, 1526]"
5485,"[1904, 860, 1192, 1611, 1521]"
5486,"[1534, 1894, 1904, 1562, 1896]"
5487,"[1904, 922, 1924, 102, 1746]"
5488,"[1904, 860, 866, 1830, 808]"
5489,"[1896, 82, 1567, 43, 1192]"
5490,"[1904, 1070, 1192, 113, 1523]"
5491,"[846, 1523, 1192, 926, 1611]"
5492,"[1904, 1191, 1611, 1705, 1704]"
5493,"[1904, 1070, 1192, 114, 1604]"
5494,"[1904, 1567, 1192, 102, 1746]"
5495,"[116, 113, 1070, 1904, 112]"
5496,"[1904, 1705, 860, 1704, 111]"
5497,"[1890, 1904, 1705, 1758, 1762]"
5498,"[1191, 1904, 846, 1192, 692]"
5499,"[692, 1192, 1904, 1277, 677]"
5500,"[1904, 114, 1192, 1567, 1926]"
5501,"[1904, 1192, 1884, 1896, 1523]"
5502,"[116, 114, 1904, 890, 112]"
5503,"[1904, 687, 291, 1899, 1887]"
5504,"[1904, 116, 1890, 692, 1567]"
5505,"[1246, 1772, 1567, 16, 1192]"
5506,"[1705, 860, 1704, 111, 1760]"
5507,"[1192, 1904, 116, 455, 692]"
5508,"[111, 480, 903, 1723, 1705]"
5509,"[1191, 78, 1904, 432, 926]"
5510,"[692, 846, 1567, 1192, 1523]"
5511,"[1904, 113, 1070, 1899, 860]"
5512,"[1246, 1192, 1567, 16, 1772]"
5513,"[1904, 1567, 1191, 860, 135]"
5514,"[403, 410, 1202, 725, 749]"
5515,"[1607, 1659, 410, 1202, 429]"
5516,"[409, 1160, 1516, 1543, 1541]"
5517,"[1659, 762, 1269, 403, 1666]"
5518,"[18, 808, 618, 652, 1204]"
5519,"[1843, 1842, 1853, 98, 97]"
5520,"[340, 1019, 1632, 878, 403]"
5521,"[695, 696, 408, 1659, 710]"
5522,"[410, 1202, 165, 1666, 672]"
5523,"[749, 1666, 1659, 78, 760]"
5524,"[1902, 165, 408, 1735, 1915]"
5525,"[1320, 1077, 72, 403, 1663]"
5526,"[403, 1317, 866, 922, 167]"
5527,"[1277, 1608, 1659, 98, 614]"
5528,"[1320, 98, 170, 749, 403]"
5529,"[1192, 1277, 1896, 98, 97]"
5530,"[747, 754, 755, 756, 763]"
5531,"[455, 1192, 1639, 1746, 1750]"
5532,"[111, 468, 403, 1428, 1723]"
5533,"[403, 1320, 1075, 749, 282]"
5534,"[1735, 672, 789, 688, 97]"
5535,"[1815, 1836, 108, 822, 72]"
5536,"[1853, 98, 1670, 79, 1861]"
5537,"[1888, 723, 1102, 790, 1045]"
5538,"[1019, 403, 1428, 1723, 1320]"
5539,"[614, 1277, 1271, 1192, 1073]"
5540,"[187, 695, 1320, 1077, 749]"
5541,"[444, 726, 727, 1650, 734]"
5542,"[1639, 609, 1723, 1613, 1894]"
5543,"[1193, 789, 1894, 1885, 672]"
5544,"[468, 1679, 1574, 480, 443]"
5545,"[1705, 1704, 1632, 1612, 1735]"
5546,"[749, 403, 1320, 1428, 1723]"
5547,"[1829, 1705, 1704, 72, 922]"
5548,"[403, 480, 862, 1723, 429]"
5549,"[1197, 1077, 420, 765, 757]"
5550,"[1320, 403, 749, 876, 282]"
5551,"[1320, 128, 371, 403, 749]"
5552,"[672, 789, 762, 695, 760]"
5553,"[672, 1885, 102, 930, 933]"
5554,"[1721, 1735, 377, 688, 1663]"
5555,"[187, 98, 165, 1632, 1620]"
5556,"[1861, 1041, 1053, 1749, 1281]"
5557,"[1640, 1087, 728, 444, 1690]"
5558,"[1063, 1567, 113, 1904, 95]"
5559,"[89, 672, 98, 927, 1885]"
5560,"[862, 1887, 1705, 1704, 1788]"
5561,"[113, 1526, 1922, 1897, 1899]"
5562,"[1886, 1904, 1666, 1598, 1890]"
5563,"[89, 409, 165, 1526, 1922]"
5564,"[1567, 1887, 1704, 1705, 1761]"
5565,"[125, 1270, 468, 808, 1192]"
5566,"[89, 672, 1885, 167, 928]"
5567,"[1615, 165, 1586, 1556, 1538]"
5568,"[1899, 1526, 43, 1922, 1897]"
5569,"[409, 1904, 113, 89, 1922]"
5570,"[1677, 922, 165, 1676, 423]"
5571,"[1907, 1526, 1922, 1897, 1924]"
5572,"[866, 121, 1307, 1317, 808]"
5573,"[1904, 113, 1613, 1899, 878]"
5574,"[1887, 1885, 1705, 1704, 1759]"
5575,"[89, 113, 165, 98, 409]"
5576,"[89, 1526, 1899, 1904, 1922]"
5577,"[1922, 1897, 1526, 113, 16]"
5578,"[1904, 113, 1613, 878, 1192]"
5579,"[1772, 594, 1580, 593, 595]"
5580,"[1526, 1922, 1897, 114, 1924]"
5581,"[1907, 1885, 672, 692, 851]"
5582,"[89, 1907, 409, 165, 1526]"
5583,"[1922, 1897, 409, 113, 1526]"
5584,"[1608, 1909, 1193, 1607, 165]"
5585,"[89, 1897, 409, 890, 1887]"
5586,"[165, 922, 866, 121, 1612]"
5587,"[1922, 1897, 1526, 1567, 89]"
5588,"[1922, 1897, 1526, 89, 1907]"
5589,"[1904, 113, 1613, 1526, 1899]"
5590,"[1526, 1922, 1897, 922, 165]"
5591,"[1675, 1193, 113, 1677, 165]"
5592,"[928, 1907, 89, 1885, 1892]"
5593,"[1526, 1922, 1897, 1615, 1904]"
5594,"[1270, 1636, 1202, 410, 164]"
5595,"[890, 1612, 112, 1193, 1344]"
5596,"[1887, 121, 672, 98, 1907]"
5597,"[164, 922, 165, 89, 159]"
5598,"[89, 1244, 113, 1677, 1907]"
5599,"[1922, 1897, 89, 1526, 1907]"
5600,"[1922, 1897, 409, 1063, 925]"
5601,"[1567, 89, 1904, 1192, 16]"
5602,"[1907, 164, 1924, 1695, 60]"
5603,"[16, 1746, 455, 1112, 692]"
5604,"[1704, 1705, 37, 289, 413]"
5605,"[1704, 1705, 1147, 860, 1904]"
5606,"[1027, 1646, 930, 925, 167]"
5607,"[1890, 1904, 43, 116, 1070]"
5608,"[922, 1202, 410, 124, 165]"
5609,"[165, 672, 1924, 688, 605]"
5610,"[1527, 409, 113, 1904, 89]"
5611,"[1704, 1705, 1746, 1070, 1741]"
5612,"[1761, 1705, 1704, 1926, 860]"
5613,"[43, 1746, 44, 650, 648]"
5614,"[1204, 164, 165, 1904, 692]"
5615,"[688, 1704, 1705, 1746, 1070]"
5616,"[16, 1704, 1705, 1070, 291]"
5617,"[409, 113, 89, 890, 1750]"
5618,"[1191, 455, 692, 1192, 1904]"
5619,"[116, 413, 1705, 114, 1890]"
5620,"[1704, 1705, 1889, 114, 110]"
5621,"[114, 116, 1610, 890, 1192]"
5622,"[1705, 1704, 672, 165, 789]"
5623,"[113, 614, 1192, 114, 455]"
5624,"[1904, 878, 43, 1926, 692]"
5625,"[866, 1889, 636, 333, 345]"
5626,"[1704, 1705, 413, 73, 1317]"
5627,"[1273, 1147, 1705, 1704, 1762]"
5628,"[862, 1761, 1760, 1705, 1704]"
5629,"[1695, 289, 1070, 1889, 1639]"
5630,"[348, 1317, 1181, 429, 72]"
5631,"[1746, 1704, 1705, 1701, 1070]"
5632,"[216, 1904, 102, 866, 1746]"
5633,"[1704, 1705, 1277, 1613, 1070]"
5634,"[1704, 1705, 413, 73, 1317]"
5635,"[903, 749, 432, 1705, 1890]"
5636,"[672, 1924, 164, 409, 165]"
5637,"[111, 1717, 650, 480, 652]"
5638,"[164, 165, 1204, 409, 98]"
5639,"[1705, 1704, 344, 1930, 862]"
5640,"[1915, 692, 878, 165, 124]"
5641,"[672, 688, 789, 1746, 692]"
5642,"[866, 1746, 16, 1063, 648]"
5643,"[1704, 1705, 860, 111, 1758]"
5644,"[1906, 1904, 1704, 1705, 1070]"
5645,"[749, 1320, 409, 650, 1887]"
5646,"[1193, 98, 1904, 89, 113]"
5647,"[89, 165, 1677, 1907, 866]"
5648,"[409, 1907, 112, 89, 1922]"
5649,"[165, 1892, 89, 409, 1907]"
5650,"[1904, 1879, 1192, 110, 78]"
5651,"[89, 1526, 112, 1534, 165]"
5652,"[1705, 1704, 866, 1526, 1899]"
5653,"[1909, 1193, 164, 1735, 789]"
5654,"[808, 65, 1735, 287, 1249]"
5655,"[1907, 1612, 89, 672, 789]"
5656,"[409, 165, 1899, 1907, 89]"
5657,"[1922, 1897, 163, 1901, 1905]"
5658,"[672, 1907, 789, 1070, 692]"
5659,"[1567, 1899, 89, 925, 928]"
5660,"[1907, 672, 851, 789, 1899]"
5661,"[808, 1639, 409, 968, 969]"
5662,"[167, 928, 169, 929, 156]"
5663,"[1922, 1897, 409, 1526, 1907]"
5664,"[672, 89, 921, 1202, 410]"
5665,"[1922, 1897, 89, 1526, 409]"
5666,"[1887, 1554, 1929, 1073, 1118]"
5667,"[1026, 1659, 1735, 441, 1853]"
5668,"[1922, 1897, 1526, 409, 97]"
5669,"[314, 405, 165, 1922, 1897]"
5670,"[1028, 167, 1029, 928, 169]"
5671,"[1671, 1118, 866, 1041, 1620]"
5672,"[878, 1922, 1897, 1915, 1526]"
5673,"[89, 423, 1244, 171, 165]"
5674,"[1907, 1922, 1897, 1526, 1901]"
5675,"[749, 1735, 442, 1670, 1320]"
5676,"[1907, 1116, 1899, 1526, 1032]"
5677,"[125, 165, 423, 1244, 1666]"
5678,"[403, 1320, 749, 564, 1575]"
5679,"[1670, 749, 925, 167, 928]"
5680,"[1742, 1715, 111, 413, 4]"
5681,"[480, 111, 121, 141, 866]"
5682,"[420, 1901, 1249, 937, 159]"
5683,"[403, 749, 111, 1723, 866]"
5684,"[403, 1659, 1249, 749, 866]"
5685,"[102, 455, 1746, 165, 98]"
5686,"[749, 1670, 866, 1313, 121]"
5687,"[1246, 73, 1708, 413, 82]"
5688,"[749, 511, 747, 754, 755]"
5689,"[866, 749, 1670, 1913, 111]"
5690,"[1320, 749, 866, 403, 480]"
5691,"[403, 73, 1320, 866, 749]"
5692,"[314, 1925, 899, 1073, 1028]"
5693,"[73, 1246, 82, 1317, 111]"
5694,"[165, 1746, 1639, 1810, 1197]"
5695,"[1670, 749, 866, 403, 1118]"
5696,"[1708, 1246, 73, 803, 1772]"
5697,"[1887, 749, 1670, 866, 1118]"
5698,"[409, 458, 121, 1249, 410]"
5699,"[413, 82, 73, 111, 282]"
5700,"[1525, 1742, 403, 480, 111]"
5701,"[1696, 1670, 749, 403, 1701]"
5702,"[1317, 73, 1708, 1246, 413]"
5703,"[1575, 659, 667, 458, 1249]"
5704,"[1670, 749, 1118, 866, 757]"
5705,"[73, 1246, 82, 1317, 111]"
5706,"[73, 1428, 1723, 1717, 1317]"
5707,"[1320, 1670, 866, 403, 749]"
5708,"[1701, 403, 1670, 1320, 111]"
5709,"[1320, 121, 866, 346, 111]"
5710,"[1320, 1670, 749, 403, 866]"
5711,"[862, 480, 1194, 111, 1563]"
5712,"[1246, 1317, 468, 803, 413]"
5713,"[1723, 480, 403, 1788, 1787]"
5714,"[1320, 403, 749, 866, 892]"
5715,"[62, 1246, 851, 471, 848]"
5716,"[73, 82, 640, 282, 793]"
5717,"[73, 1246, 1317, 282, 111]"
5718,"[73, 1317, 1246, 282, 111]"
5719,"[1742, 60, 1582, 1380, 426]"
5720,"[1887, 1886, 480, 111, 1249]"
5721,"[1742, 1715, 282, 1114, 1320]"
5722,"[1700, 97, 96, 98, 1202]"
5723,"[1699, 1248, 696, 1696, 695]"
5724,"[97, 96, 98, 425, 1885]"
5725,"[98, 695, 1118, 1885, 187]"
5726,"[922, 410, 1202, 1677, 124]"
5727,"[290, 97, 96, 98, 458]"
5728,"[1924, 1043, 1885, 1740, 97]"
5729,"[782, 1073, 1028, 290, 313]"
5730,"[1885, 1704, 1043, 1202, 410]"
5731,"[1191, 866, 1904, 1909, 1666]"
5732,"[165, 1202, 410, 1885, 1677]"
5733,"[1202, 410, 902, 1035, 405]"
5734,"[933, 1193, 749, 1320, 1705]"
5735,"[1160, 89, 1695, 1891, 672]"
5736,"[97, 96, 166, 167, 168]"
5737,"[1163, 783, 688, 1732, 1073]"
5738,"[97, 96, 98, 1670, 1885]"
5739,"[1885, 1202, 410, 1904, 165]"
5740,"[1202, 410, 164, 165, 1666]"
5741,"[878, 1677, 1534, 102, 171]"
5742,"[1086, 1077, 1827, 405, 1704]"
5743,"[1202, 410, 1885, 97, 96]"
5744,"[1699, 1911, 734, 762, 1196]"
5745,"[1040, 1130, 1704, 1632, 853]"
5746,"[161, 757, 774, 755, 756]"
5747,"[1675, 1911, 1676, 979, 213]"
5748,"[1028, 167, 928, 169, 929]"
5749,"[165, 1043, 1640, 1566, 734]"
5750,"[97, 96, 98, 1885, 1901]"
5751,"[1885, 484, 1753, 522, 1754]"
5752,"[403, 749, 1827, 167, 928]"
5753,"[1885, 98, 97, 96, 165]"
5754,"[922, 165, 926, 1202, 410]"
5755,"[165, 89, 1534, 171, 102]"
5756,"[1675, 1202, 410, 1676, 165]"
5757,"[97, 96, 1695, 98, 1740]"
5758,"[165, 1885, 926, 1040, 1887]"
5759,"[1670, 1648, 923, 1672, 1815]"
5760,"[159, 1043, 1044, 1045, 937]"
5761,"[1885, 165, 408, 405, 1677]"
5762,"[672, 410, 1202, 403, 405]"
5763,"[1735, 1303, 1077, 1284, 1853]"
5764,"[409, 738, 102, 1746, 403]"
5765,"[1885, 1030, 1302, 1298, 924]"
5766,"[749, 403, 409, 167, 928]"
5767,"[1885, 121, 405, 98, 102]"
5768,"[1844, 1845, 1705, 1704, 1809]"
5769,"[1666, 1909, 1193, 1202, 410]"
5770,"[89, 1911, 405, 164, 1043]"
5771,"[409, 1906, 102, 1746, 1302]"
5772,"[789, 1885, 1603, 1202, 410]"
5773,"[1632, 725, 437, 187, 1284]"
5774,"[1257, 409, 403, 1666, 405]"
5775,"[1666, 1898, 1582, 1380, 426]"
5776,"[410, 1202, 1677, 1651, 405]"
5777,"[403, 409, 1827, 1566, 167]"
5778,"[410, 1030, 1915, 1054, 1034]"
5779,"[738, 1649, 1077, 403, 437]"
5780,"[1077, 1061, 66, 985, 1649]"
5781,"[1666, 738, 78, 1906, 1640]"
5782,"[1666, 1906, 164, 926, 165]"
5783,"[1196, 405, 409, 1676, 926]"
5784,"[1118, 1041, 1705, 1704, 1832]"
5785,"[409, 824, 823, 403, 102]"
5786,"[1555, 1163, 31, 33, 15]"
5787,"[1612, 1666, 1885, 1034, 1916]"
5788,"[1061, 731, 1286, 1257, 1723]"
5789,"[403, 1749, 1257, 749, 1829]"
5790,"[1885, 1029, 1887, 1705, 1704]"
5791,"[410, 409, 403, 1320, 405]"
5792,"[738, 403, 993, 351, 1075]"
5793,"[1677, 1202, 410, 1676, 605]"
5794,"[1202, 410, 213, 1592, 165]"
5795,"[98, 1495, 97, 96, 1075]"
5796,"[1676, 1675, 1677, 1202, 410]"
5797,"[165, 171, 1695, 164, 124]"
5798,"[866, 403, 1197, 1915, 1495]"
5799,"[403, 1061, 1197, 1495, 66]"
5800,"[170, 1320, 747, 753, 754]"
5801,"[403, 892, 1317, 1038, 282]"
5802,"[213, 979, 980, 981, 982]"
5803,"[403, 1317, 72, 749, 66]"
5804,"[1696, 1639, 603, 165, 1248]"
5805,"[165, 98, 97, 96, 1695]"
5806,"[114, 1676, 1677, 1640, 605]"
5807,"[116, 1696, 1698, 1248, 618]"
5808,"[165, 98, 97, 96, 1695]"
5809,"[409, 165, 403, 808, 605]"
5810,"[1906, 1026, 470, 620, 1666]"
5811,"[1592, 1929, 165, 925, 167]"
5812,"[1911, 213, 1592, 1640, 773]"
5813,"[1592, 1666, 1270, 926, 1640]"
5814,"[1666, 1613, 615, 1270, 1640]"
5815,"[1696, 97, 165, 281, 1677]"
5816,"[1666, 165, 1248, 1675, 1676]"
5817,"[1030, 1640, 1061, 1029, 605]"
5818,"[1666, 1676, 979, 983, 984]"
5819,"[37, 1197, 480, 808, 1915]"
5820,"[749, 1885, 808, 287, 403]"
5821,"[470, 620, 410, 1202, 403]"
5822,"[273, 278, 1640, 276, 272]"
5823,"[403, 410, 405, 1299, 1320]"
5824,"[98, 97, 96, 403, 605]"
5825,"[1649, 1030, 1202, 410, 1590]"
5826,"[1592, 1590, 1591, 213, 983]"
5827,"[405, 1202, 410, 403, 928]"
5828,"[403, 1320, 808, 1006, 749]"
5829,"[403, 749, 857, 866, 121]"
5830,"[410, 1202, 866, 1885, 1887]"
5831,"[403, 1666, 1061, 862, 66]"
5832,"[1666, 1613, 1640, 1270, 615]"
5833,"[1202, 410, 165, 470, 620]"
5834,"[1911, 213, 1043, 902, 1202]"
5835,"[403, 1073, 1197, 749, 410]"
5836,"[1735, 437, 1077, 1035, 1284]"
5837,"[403, 1676, 165, 444, 866]"
5838,"[165, 926, 164, 1892, 409]"
5839,"[403, 1637, 1928, 738, 1911]"
5840,"[1832, 1825, 1258, 1256, 985]"
5841,"[922, 1904, 1526, 1899, 102]"
5842,"[1631, 688, 169, 1651, 1843]"
5843,"[1344, 926, 1906, 922, 1202]"
5844,"[1160, 1885, 1904, 1890, 1295]"
5845,"[403, 121, 1885, 66, 432]"
5846,"[1909, 1598, 1904, 78, 1666]"
5847,"[1906, 823, 432, 409, 121]"
5848,"[1666, 1620, 1906, 425, 901]"
5849,"[1909, 1906, 1885, 1193, 1904]"
5850,"[1344, 430, 848, 1298, 1259]"
5851,"[1249, 425, 925, 167, 928]"
5852,"[1906, 922, 124, 1904, 89]"
5853,"[1904, 102, 1746, 926, 98]"
5854,"[1825, 1298, 165, 1675, 432]"
5855,"[89, 1906, 1676, 1675, 1202]"
5856,"[1193, 1555, 1885, 1160, 890]"
5857,"[409, 213, 902, 1911, 403]"
5858,"[1676, 1928, 165, 1695, 405]"
5859,"[1193, 1676, 890, 1675, 1909]"
5860,"[1675, 1620, 1196, 403, 1566]"
5861,"[98, 97, 96, 1915, 1885]"
5862,"[1677, 1906, 1202, 926, 410]"
5863,"[444, 1676, 926, 1666, 113]"
5864,"[1861, 98, 1160, 1603, 1906]"
5865,"[926, 1202, 410, 1676, 1906]"
5866,"[1928, 1086, 1637, 1704, 1705]"
5867,"[1885, 902, 926, 1202, 410]"
5868,"[1676, 1675, 1677, 403, 213]"
5869,"[1705, 1704, 885, 1076, 862]"
5870,"[1906, 1832, 121, 1825, 1249]"
5871,"[1906, 432, 409, 823, 167]"
5872,"[121, 403, 432, 823, 409]"
5873,"[747, 753, 754, 755, 756]"
5874,"[1759, 1836, 1873, 1832, 1249]"
5875,"[1249, 1873, 1836, 1832, 432]"
5876,"[1906, 409, 403, 432, 167]"
5877,"[1906, 902, 432, 1637, 1202]"
5878,"[1202, 410, 926, 1676, 113]"
5879,"[1904, 89, 444, 1612, 926]"
5880,"[165, 164, 1666, 1750, 403]"
5881,"[1613, 164, 1248, 726, 727]"
5882,"[1539, 1063, 1896, 1674, 43]"
5883,"[403, 214, 964, 409, 1006]"
5884,"[892, 1063, 1887, 1288, 1823]"
5885,"[1909, 1904, 102, 1746, 409]"
5886,"[165, 444, 1666, 164, 408]"
5887,"[1063, 1006, 468, 606, 30]"
5888,"[1277, 1608, 1607, 1637, 1659]"
5889,"[165, 1193, 1909, 1043, 1898]"
5890,"[922, 165, 102, 89, 901]"
5891,"[391, 443, 29, 1163, 1021]"
5892,"[606, 1695, 807, 1249, 1204]"
5893,"[480, 862, 403, 111, 1723]"
5894,"[1915, 165, 922, 451, 692]"
5895,"[1249, 1192, 1521, 1403, 1599]"
5896,"[922, 102, 1677, 165, 1746]"
5897,"[66, 282, 1006, 73, 249]"
5898,"[113, 89, 878, 43, 1904]"
5899,"[1675, 165, 113, 89, 1677]"
5900,"[862, 1705, 1704, 1812, 1810]"
5901,"[403, 1006, 1118, 866, 892]"
5902,"[43, 1063, 892, 1317, 1006]"
5903,"[807, 786, 16, 1772, 1233]"
5904,"[1027, 408, 165, 925, 1041]"
5905,"[1666, 408, 1735, 1639, 782]"
5906,"[148, 916, 403, 73, 282]"
5907,"[1823, 1812, 1813, 1706, 1814]"
5908,"[89, 925, 167, 928, 931]"
5909,"[408, 145, 1902, 1676, 148]"
5910,"[403, 121, 66, 866, 73]"
5911,"[866, 786, 1611, 1338, 1219]"
5912,"[979, 1911, 213, 1566, 980]"
5913,"[1812, 1813, 1706, 1814, 1815]"
5914,"[165, 423, 1244, 164, 1677]"
5915,"[164, 165, 789, 1675, 102]"
5916,"[444, 789, 66, 1320, 74]"
5917,"[403, 480, 223, 66, 111]"
5918,"[444, 165, 1249, 789, 672]"
5919,"[165, 403, 789, 121, 405]"
5920,"[892, 121, 1612, 403, 928]"
5921,"[979, 983, 984, 985, 211]"
5922,"[208, 249, 1013, 1009, 252]"
5923,"[278, 1016, 1696, 276, 274]"
5924,"[1885, 405, 1704, 1705, 1753]"
5925,"[116, 890, 1902, 455, 1552]"
5926,"[344, 1649, 341, 98, 1904]"
5927,"[1915, 408, 165, 670, 171]"
5928,"[98, 1748, 344, 1034, 1074]"
5929,"[1756, 862, 738, 248, 208]"
5930,"[1915, 605, 1676, 60, 125]"
5931,"[1705, 1704, 1640, 290, 1202]"
5932,"[1592, 493, 1552, 1334, 1561]"
5933,"[165, 1592, 898, 893, 1630]"
5934,"[98, 890, 1695, 345, 112]"
5935,"[114, 1202, 410, 1885, 603]"
5936,"[1704, 1636, 390, 1069, 1032]"
5937,"[1915, 1561, 1529, 1528, 1550]"
5938,"[1885, 1043, 721, 165, 672]"
5939,"[344, 116, 341, 98, 1907]"
5940,"[468, 1307, 497, 66, 265]"
5941,"[1649, 165, 1885, 175, 749]"
5942,"[409, 1014, 1906, 211, 419]"
5943,"[1902, 1552, 1885, 1832, 1073]"
5944,"[1915, 1193, 165, 1202, 410]"
5945,"[165, 89, 124, 922, 1907]"
5946,"[1193, 789, 672, 1885, 1027]"
5947,"[98, 1133, 1317, 1760, 345]"
5948,"[862, 186, 187, 1651, 738]"
5949,"[1202, 1028, 167, 928, 169]"
5950,"[423, 1244, 165, 403, 60]"
5951,"[1809, 403, 72, 66, 966]"
5952,"[116, 98, 165, 423, 1244]"
5953,"[1676, 1202, 410, 603, 1344]"
5954,"[1902, 890, 1552, 112, 344]"
5955,"[1592, 1906, 165, 1677, 1202]"
5956,"[1902, 125, 1552, 484, 102]"
5957,"[1827, 1704, 1705, 925, 167]"
5958,"[1027, 1041, 1073, 1034, 1118]"
5959,"[890, 1592, 1902, 112, 1552]"
5960,"[406, 407, 166, 167, 168]"
5961,"[1202, 410, 377, 1885, 369]"
5962,"[1063, 665, 98, 175, 872]"
5963,"[1885, 409, 1591, 164, 1648]"
5964,"[1049, 209, 1027, 1061, 1258]"
5965,"[1674, 1163, 1184, 317, 1133]"
5966,"[672, 1695, 615, 165, 213]"
5967,"[1676, 1902, 1202, 410, 405]"
5968,"[1607, 1592, 1659, 480, 432]"
5969,"[1061, 698, 164, 1344, 1592]"
5970,"[1202, 410, 213, 1677, 165]"
5971,"[721, 1591, 1014, 1672, 213]"
5972,"[672, 789, 79, 266, 267]"
5973,"[1723, 480, 1428, 111, 90]"
5974,"[480, 403, 72, 66, 1723]"
5975,"[480, 738, 72, 1723, 1809]"
5976,"[1277, 1608, 1607, 1659, 441]"
5977,"[1705, 1704, 1270, 1904, 926]"
5978,"[66, 1723, 480, 747, 754]"
5979,"[213, 1592, 1666, 1043, 1640]"
5980,"[1592, 1202, 410, 1607, 1659]"
5981,"[1723, 480, 72, 1789, 639]"
5982,"[1607, 1659, 164, 165, 1269]"
5983,"[1809, 480, 1723, 72, 403]"
5984,"[1249, 432, 823, 848, 1666]"
5985,"[480, 1723, 738, 729, 732]"
5986,"[403, 823, 66, 282, 1723]"
5987,"[218, 255, 1011, 1014, 1632]"
5988,"[1567, 1542, 688, 125, 480]"
5989,"[1608, 1659, 947, 1666, 725]"
5990,"[1565, 1687, 434, 1659, 789]"
5991,"[98, 695, 167, 928, 169]"
5992,"[1607, 1277, 1666, 441, 1554]"
5993,"[1677, 1202, 410, 164, 165]"
5994,"[1320, 657, 663, 664, 637]"
5995,"[1658, 1592, 1557, 1666, 765]"
5996,"[1574, 1882, 1805, 1723, 480]"
5997,"[1592, 789, 1885, 1887, 851]"
5998,"[1723, 480, 1428, 111, 1574]"
5999,"[363, 1542, 1929, 1522, 657]"
6000,"[1659, 405, 403, 726, 727]"
6001,"[1592, 1924, 165, 1677, 922]"
6002,"[480, 1723, 403, 1428, 111]"
6003,"[1615, 614, 1277, 413, 1192]"
6004,"[480, 862, 365, 1723, 1428]"
6005,"[1592, 672, 403, 928, 929]"
6006,"[1637, 1270, 223, 164, 159]"
6007,"[478, 1924, 1592, 1916, 783]"
6008,"[1608, 1607, 1592, 164, 165]"
6009,"[1277, 1608, 1607, 1659, 1909]"
6010,"[1191, 1894, 1193, 1909, 78]"
6011,"[79, 1723, 480, 1639, 688]"
6012,"[1705, 1704, 403, 1809, 72]"
6013,"[261, 266, 267, 1009, 1002]"
6014,"[862, 208, 403, 1039, 111]"
6015,"[412, 408, 423, 1244, 603]"
6016,"[1675, 1676, 1677, 165, 902]"
6017,"[208, 302, 403, 862, 480]"
6018,"[208, 403, 302, 862, 480]"
6019,"[1249, 504, 930, 823, 964]"
6020,"[1675, 1676, 902, 213, 979]"
6021,"[165, 1704, 1705, 933, 1853]"
6022,"[1249, 925, 167, 928, 931]"
6023,"[1704, 1705, 74, 152, 205]"
6024,"[1705, 1704, 1809, 148, 403]"
6025,"[273, 136, 137, 272, 1666]"
6026,"[1013, 253, 403, 1632, 222]"
6027,"[979, 980, 981, 982, 983]"
6028,"[282, 66, 1428, 747, 754]"
6029,"[165, 164, 1193, 1677, 789]"
6030,"[228, 1682, 991, 727, 1683]"
6031,"[1911, 213, 979, 980, 981]"
6032,"[1809, 1705, 1704, 403, 1789]"
6033,"[720, 1153, 145, 1853, 74]"
6034,"[789, 403, 1885, 444, 66]"
6035,"[122, 403, 222, 1049, 1139]"
6036,"[1789, 1788, 1787, 403, 1428]"
6037,"[1909, 1193, 1885, 1666, 1890]"
6038,"[261, 266, 267, 239, 252]"
6039,"[165, 403, 405, 926, 444]"
6040,"[950, 951, 193, 74, 1009]"
6041,"[165, 122, 1666, 979, 983]"
6042,"[403, 165, 749, 1118, 444]"
6043,"[147, 914, 915, 964, 952]"
6044,"[1750, 417, 26, 612, 613]"
6045,"[403, 287, 1746, 1620, 1118]"
6046,"[261, 1009, 266, 267, 234]"
6047,"[1705, 1704, 74, 1632, 403]"
6048,"[1704, 1705, 165, 933, 74]"
6049,"[991, 1682, 228, 727, 734]"
6050,"[446, 410, 1202, 1666, 979]"
6051,"[259, 224, 211, 265, 1002]"
6052,"[1853, 408, 165, 933, 1844]"
6053,"[403, 914, 915, 964, 952]"
6054,"[165, 1, 979, 789, 1043]"
6055,"[1636, 431, 1106, 433, 293]"
6056,"[902, 1620, 408, 213, 1041]"
6057,"[916, 148, 1666, 913, 962]"
6058,"[294, 1077, 1269, 1202, 410]"
6059,"[403, 1202, 410, 769, 1320]"
6060,"[920, 159, 1025, 937, 620]"
6061,"[738, 403, 409, 102, 1746]"
6062,"[410, 403, 1667, 409, 1648]"
6063,"[1086, 728, 1344, 731, 1269]"
6064,"[1560, 1906, 1528, 1915, 1030]"
6065,"[165, 1202, 410, 670, 620]"
6066,"[1705, 1704, 738, 885, 1809]"
6067,"[1303, 1202, 410, 405, 1675]"
6068,"[1915, 408, 1695, 1202, 410]"
6069,"[1915, 408, 1202, 410, 165]"
6070,"[1193, 1909, 885, 1889, 159]"
6071,"[410, 1202, 1649, 1257, 1344]"
6072,"[1637, 1250, 1077, 1053, 1749]"
6073,"[409, 405, 403, 167, 928]"
6074,"[410, 1202, 672, 409, 403]"
6075,"[437, 1077, 1648, 878, 1809]"
6076,"[405, 926, 1118, 1750, 1745]"
6077,"[165, 928, 929, 919, 175]"
6078,"[165, 1043, 1590, 1620, 1592]"
6079,"[738, 403, 409, 102, 1746]"
6080,"[405, 1885, 89, 1677, 97]"
6081,"[1885, 165, 1590, 737, 719]"
6082,"[305, 1086, 265, 1637, 1077]"
6083,"[249, 1651, 1560, 1516, 1640]"
6084,"[672, 1298, 430, 786, 1659]"
6085,"[66, 749, 1670, 755, 756]"
6086,"[1906, 1202, 410, 165, 1907]"
6087,"[1885, 165, 1590, 737, 719]"
6088,"[1924, 1818, 1819, 1820, 1536]"
6089,"[749, 650, 1670, 808, 866]"
6090,"[1191, 1884, 1562, 1904, 1312]"
6091,"[1549, 704, 1695, 675, 1272]"
6092,"[1904, 692, 1640, 1192, 1906]"
6093,"[1761, 1760, 1705, 16, 1904]"
6094,"[124, 444, 1536, 165, 1192]"
6095,"[1191, 1926, 1904, 692, 1192]"
6096,"[1145, 1040, 714, 1655, 681]"
6097,"[1904, 102, 1746, 164, 848]"
6098,"[1191, 1904, 1192, 1523, 1489]"
6099,"[1705, 480, 1249, 1830, 403]"
6100,"[1249, 1705, 1704, 862, 1760]"
6101,"[890, 1344, 1675, 60, 1604]"
6102,"[114, 890, 439, 1192, 1112]"
6103,"[1112, 455, 1192, 1904, 110]"
6104,"[890, 114, 112, 1604, 124]"
6105,"[165, 98, 97, 922, 1885]"
6106,"[1909, 1193, 1640, 1073, 1904]"
6107,"[890, 112, 878, 1902, 102]"
6108,"[1639, 1733, 704, 1904, 1607]"
6109,"[410, 1202, 166, 168, 172]"
6110,"[114, 1275, 102, 1523, 1521]"
6111,"[290, 808, 442, 672, 1640]"
6112,"[1704, 1705, 18, 443, 652]"
6113,"[1904, 692, 102, 1746, 1192]"
6114,"[60, 1249, 451, 1611, 124]"
6115,"[1516, 687, 1562, 692, 1489]"
6116,"[1698, 1697, 1695, 110, 636]"
6117,"[884, 896, 1662, 1887, 1890]"
6118,"[1273, 1191, 1904, 1523, 708]"
6119,"[110, 1275, 447, 1180, 1273]"
6120,"[1611, 1249, 1210, 681, 1772]"
6121,"[1277, 1608, 1659, 441, 1291]"
6122,"[60, 89, 171, 165, 1677]"
6123,"[888, 884, 846, 455, 16]"
6124,"[1772, 379, 1605, 439, 447]"
6125,"[1562, 1884, 1191, 1904, 848]"
6126,"[1904, 1192, 18, 29, 113]"
6127,"[1904, 922, 1611, 1924, 860]"
6128,"[1615, 1695, 164, 1607, 403]"
6129,"[717, 447, 1273, 1192, 687]"
6130,"[165, 1677, 1676, 890, 1639]"
6131,"[922, 458, 786, 1063, 1924]"
6132,"[1904, 1532, 1554, 1489, 1192]"
6133,"[165, 1901, 164, 98, 159]"
6134,"[1697, 1733, 1696, 656, 723]"
6135,"[1902, 1073, 650, 1560, 1795]"
6136,"[281, 290, 1896, 1795, 276]"
6137,"[1192, 903, 1608, 458, 111]"
6138,"[749, 1670, 866, 403, 665]"
6139,"[290, 442, 1915, 922, 97]"
6140,"[340, 1019, 403, 1428, 1723]"
6141,"[159, 1025, 937, 164, 1904]"
6142,"[281, 665, 79, 1654, 658]"
6143,"[18, 1246, 1192, 1708, 1772]"
6144,"[1904, 164, 1696, 113, 165]"
6145,"[1795, 665, 290, 1122, 749]"
6146,"[1560, 1795, 1552, 925, 1649]"
6147,"[1073, 1904, 1538, 1202, 410]"
6148,"[746, 281, 1320, 66, 749]"
6149,"[1194, 644, 111, 1717, 687]"
6150,"[281, 274, 272, 276, 275]"
6151,"[290, 903, 1737, 688, 749]"
6152,"[828, 441, 1895, 1758, 903]"
6153,"[403, 73, 1320, 749, 1670]"
6154,"[1750, 1902, 165, 1552, 1560]"
6155,"[1521, 1610, 1582, 1380, 426]"
6156,"[97, 96, 1901, 165, 1547]"
6157,"[749, 403, 665, 1659, 1670]"
6158,"[275, 1288, 276, 650, 714]"
6159,"[1915, 1902, 1552, 878, 165]"
6160,"[1885, 1610, 1924, 97, 96]"
6161,"[749, 665, 1670, 403, 1320]"
6162,"[1249, 866, 808, 1192, 1147]"
6163,"[1654, 765, 757, 688, 1663]"
6164,"[420, 418, 163, 1277, 1750]"
6165,"[1904, 1202, 410, 1613, 102]"
6166,"[281, 440, 1904, 681, 111]"
6167,"[1904, 1192, 102, 1746, 848]"
6168,"[890, 112, 1192, 111, 1696]"
6169,"[161, 1670, 1810, 925, 167]"
6170,"[98, 1901, 665, 97, 96]"
6171,"[1855, 1827, 1631, 511, 757]"
6172,"[1750, 1639, 458, 102, 629]"
6173,"[159, 1202, 410, 629, 290]"
6174,"[789, 97, 96, 1885, 98]"
6175,"[1750, 1611, 1192, 1536, 1604]"
6176,"[865, 1747, 314, 313, 73]"
6177,"[863, 1747, 672, 481, 688]"
6178,"[1923, 313, 863, 865, 1747]"
6179,"[314, 1192, 313, 1904, 455]"
6180,"[863, 865, 1747, 165, 1204]"
6181,"[1911, 1196, 1566, 438, 863]"
6182,"[1923, 619, 314, 121, 1546]"
6183,"[865, 1674, 1606, 772, 102]"
6184,"[314, 313, 1747, 89, 1887]"
6185,"[863, 865, 1747, 1604, 1606]"
6186,"[73, 1772, 468, 1246, 383]"
6187,"[1249, 1695, 60, 1818, 1819]"
6188,"[111, 468, 73, 480, 660]"
6189,"[1923, 73, 111, 1717, 863]"
6190,"[863, 1747, 865, 118, 1923]"
6191,"[688, 1639, 865, 1901, 168]"
6192,"[1147, 114, 720, 388, 1907]"
6193,"[1929, 1915, 1197, 1552, 1648]"
6194,"[1599, 102, 708, 1746, 672]"
6195,"[480, 1723, 1574, 1317, 1717]"
6196,"[89, 1248, 878, 1750, 455]"
6197,"[863, 865, 1747, 73, 111]"
6198,"[1543, 1923, 314, 1516, 1546]"
6199,"[863, 865, 1747, 1904, 1192]"
6200,"[1611, 1582, 1380, 426, 1718]"
6201,"[863, 865, 1747, 1675, 1696]"
6202,"[1677, 789, 165, 619, 1750]"
6203,"[314, 313, 1923, 1115, 1696]"
6204,"[1829, 749, 1739, 1648, 72]"
6205,"[1885, 1887, 1249, 97, 96]"
6206,"[89, 313, 102, 314, 863]"
6207,"[165, 1677, 922, 789, 102]"
6208,"[863, 865, 1747, 1604, 451]"
6209,"[655, 808, 650, 98, 925]"
6210,"[1147, 722, 114, 720, 388]"
6211,"[455, 89, 113, 672, 1904]"
6212,"[1626, 403, 409, 438, 749]"
6213,"[863, 865, 1747, 314, 1904]"
6214,"[111, 1717, 1317, 1428, 73]"
6215,"[1715, 660, 1401, 501, 1403]"
6216,"[314, 171, 165, 60, 1073]"
6217,"[73, 282, 1717, 468, 863]"
6218,"[863, 865, 1747, 102, 1904]"
6219,"[1639, 1611, 865, 1249, 102]"
6220,"[102, 1746, 454, 1611, 409]"
6221,"[1567, 116, 16, 114, 1192]"
6222,"[1567, 114, 16, 1698, 1192]"
6223,"[16, 455, 454, 458, 1192]"
6224,"[455, 16, 114, 465, 1910]"
6225,"[16, 1611, 1604, 432, 458]"
6226,"[1567, 16, 114, 455, 454]"
6227,"[1567, 16, 114, 1312, 1192]"
6228,"[829, 1640, 1288, 447, 1929]"
6229,"[1887, 1567, 1588, 16, 1884]"
6230,"[1567, 16, 114, 1192, 455]"
6231,"[114, 1567, 116, 1192, 16]"
6232,"[884, 1614, 1521, 43, 1611]"
6233,"[114, 16, 1192, 692, 454]"
6234,"[114, 1192, 455, 1904, 454]"
6235,"[1567, 1555, 1588, 1884, 1192]"
6236,"[1567, 16, 114, 455, 454]"
6237,"[455, 926, 102, 1746, 454]"
6238,"[114, 890, 454, 1192, 112]"
6239,"[1904, 454, 1899, 1526, 43]"
6240,"[1567, 16, 114, 455, 1192]"
6241,"[114, 16, 1192, 455, 454]"
6242,"[16, 114, 888, 455, 1192]"
6243,"[16, 1567, 114, 692, 1192]"
6244,"[926, 60, 165, 1607, 1604]"
6245,"[1192, 114, 16, 1884, 454]"
6246,"[1567, 114, 16, 1192, 1904]"
6247,"[903, 1192, 1249, 458, 1611]"
6248,"[114, 16, 1567, 1639, 1696]"
6249,"[114, 116, 890, 455, 112]"
6250,"[16, 114, 1567, 455, 1192]"
6251,"[455, 454, 114, 1910, 1192]"
6252,"[1192, 114, 16, 828, 888]"
6253,"[16, 114, 1611, 455, 110]"
6254,"[16, 114, 1761, 1758, 1762]"
6255,"[1567, 16, 114, 1884, 1705]"
6256,"[1884, 1904, 1531, 102, 1746]"
6257,"[114, 16, 1567, 888, 455]"
6258,"[1567, 16, 114, 1880, 454]"
6259,"[16, 1758, 1884, 1910, 1726]"
6260,"[114, 16, 455, 116, 1192]"
6261,"[114, 116, 1192, 455, 1610]"
6262,"[114, 16, 116, 455, 890]"
6263,"[114, 1926, 454, 1906, 1745]"
6264,"[114, 110, 1695, 1904, 1582]"
6265,"[1608, 1896, 1277, 1607, 1567]"
6266,"[403, 862, 438, 1607, 1040]"
6267,"[435, 1880, 443, 1062, 480]"
6268,"[165, 1025, 937, 1202, 410]"
6269,"[1904, 1899, 1192, 1613, 113]"
6270,"[1567, 16, 37, 1192, 1904]"
6271,"[1620, 1695, 1091, 1721, 1659]"
6272,"[1567, 1704, 1705, 901, 135]"
6273,"[1404, 502, 1885, 480, 857]"
6274,"[1191, 1567, 1904, 1886, 102]"
6275,"[1567, 1896, 1907, 1904, 89]"
6276,"[1567, 1191, 1885, 1891, 1607]"
6277,"[1202, 410, 89, 165, 60]"
6278,"[890, 1604, 1823, 480, 1270]"
6279,"[1570, 1705, 1704, 1773, 1759]"
6280,"[1607, 1608, 1277, 1904, 1191]"
6281,"[1567, 1607, 1192, 1904, 102]"
6282,"[1567, 1896, 1620, 1608, 1607]"
6283,"[1527, 1907, 922, 1922, 1897]"
6284,"[165, 922, 901, 409, 1896]"
6285,"[468, 73, 111, 282, 403]"
6286,"[316, 480, 1696, 1639, 1582]"
6287,"[1775, 1705, 1704, 1048, 303]"
6288,"[480, 111, 1723, 403, 468]"
6289,"[165, 1620, 1249, 200, 1666]"
6290,"[1884, 890, 102, 1746, 922]"
6291,"[1567, 403, 1249, 16, 1721]"
6292,"[511, 1809, 1704, 1766, 1705]"
6293,"[1906, 808, 672, 1567, 599]"
6294,"[1145, 1056, 458, 1163, 688]"
6295,"[1567, 16, 1192, 114, 113]"
6296,"[1567, 1750, 1193, 124, 1607]"
6297,"[1249, 1896, 1063, 16, 58]"
6298,"[1567, 1896, 1907, 1904, 102]"
6299,"[165, 1249, 444, 403, 1666]"
6300,"[1567, 331, 137, 726, 727]"
6301,"[1567, 1191, 438, 102, 1746]"
6302,"[444, 1666, 1885, 1607, 1272]"
6303,"[511, 1705, 1704, 1871, 403]"
6304,"[1567, 1896, 1887, 1894, 1904]"
6305,"[1607, 922, 102, 1904, 1746]"
6306,"[1896, 1567, 1191, 1887, 93]"
6307,"[1704, 1705, 1607, 901, 1249]"
6308,"[114, 1192, 614, 16, 1904]"
6309,"[1022, 1699, 1138, 1156, 110]"
6310,"[1615, 1192, 82, 78, 29]"
6311,"[1677, 405, 605, 1695, 1639]"
6312,"[614, 455, 1705, 29, 1704]"
6313,"[614, 1659, 652, 29, 26]"
6314,"[1696, 862, 1697, 1248, 1698]"
6315,"[480, 1723, 479, 72, 403]"
6316,"[577, 1709, 592, 1703, 1793]"
6317,"[1904, 110, 1885, 1695, 470]"
6318,"[614, 1192, 455, 818, 1904]"
6319,"[443, 1568, 652, 1086, 1663]"
6320,"[1022, 1023, 1717, 480, 661]"
6321,"[708, 1582, 1380, 426, 1718]"
6322,"[40, 806, 1709, 21, 804]"
6323,"[1904, 1926, 78, 1922, 1897]"
6324,"[27, 29, 1315, 28, 1204]"
6325,"[862, 16, 1705, 1704, 1760]"
6326,"[862, 1023, 1022, 1717, 639]"
6327,"[1708, 1006, 1772, 73, 413]"
6328,"[1697, 78, 1904, 110, 692]"
6329,"[468, 1788, 1787, 403, 1428]"
6330,"[403, 1723, 480, 1709, 1063]"
6331,"[1904, 1666, 1138, 110, 1248]"
6332,"[1249, 925, 167, 928, 931]"
6333,"[1023, 358, 862, 1022, 1717]"
6334,"[403, 1723, 480, 1709, 1063]"
6335,"[1935, 1865, 577, 1790, 1789]"
6336,"[1750, 28, 24, 613, 878]"
6337,"[1204, 19, 39, 21, 28]"
6338,"[1717, 668, 661, 630, 480]"
6339,"[443, 639, 650, 606, 636]"
6340,"[577, 1793, 1786, 1709, 1789]"
6341,"[408, 1750, 1902, 1196, 1695]"
6342,"[443, 652, 1281, 618, 1568]"
6343,"[1884, 455, 1573, 16, 641]"
6344,"[614, 120, 1659, 1271, 78]"
6345,"[577, 592, 1818, 1819, 1820]"
6346,"[1022, 723, 1291, 1138, 1695]"
6347,"[1249, 1204, 809, 16, 18]"
6348,"[1789, 1791, 1790, 1792, 1788]"
6349,"[1904, 614, 110, 1291, 1248]"
6350,"[1699, 645, 1081, 1291, 1697]"
6351,"[7, 618, 114, 25, 26]"
6352,"[111, 1723, 1717, 1428, 480]"
6353,"[1894, 890, 1599, 121, 1891]"
6354,"[116, 1063, 890, 112, 692]"
6355,"[1534, 1536, 890, 171, 1543]"
6356,"[1772, 808, 1067, 1157, 335]"
6357,"[116, 438, 110, 1880, 1784]"
6358,"[860, 1904, 1899, 866, 1887]"
6359,"[901, 890, 1904, 121, 866]"
6360,"[1704, 1705, 1723, 480, 111]"
6361,"[1705, 1704, 1904, 1192, 78]"
6362,"[1255, 1603, 1160, 410, 1202]"
6363,"[1904, 1896, 102, 890, 43]"
6364,"[403, 925, 167, 928, 931]"
6365,"[1526, 1922, 1897, 1899, 1924]"
6366,"[121, 1620, 890, 1746, 93]"
6367,"[890, 1891, 692, 1704, 1705]"
6368,"[1536, 1598, 901, 1191, 121]"
6369,"[1249, 121, 866, 1899, 890]"
6370,"[1675, 1676, 1750, 1902, 1196]"
6371,"[890, 112, 113, 1887, 1191]"
6372,"[1192, 890, 1599, 114, 1639]"
6373,"[164, 922, 165, 1193, 878]"
6374,"[1674, 1613, 922, 102, 1746]"
6375,"[1149, 1249, 1064, 1566, 1830]"
6376,"[890, 1620, 1902, 1676, 672]"
6377,"[113, 1904, 1899, 112, 1526]"
6378,"[866, 121, 1887, 89, 410]"
6379,"[1887, 1890, 1249, 501, 1401]"
6380,"[116, 1607, 1639, 1907, 1536]"
6381,"[1789, 1790, 1793, 1735, 444]"
6382,"[890, 1676, 1675, 408, 1750]"
6383,"[890, 112, 95, 1904, 1750]"
6384,"[1063, 1192, 1899, 1896, 43]"
6385,"[1832, 1723, 403, 1157, 892]"
6386,"[1766, 403, 1723, 480, 111]"
6387,"[291, 1249, 1788, 1787, 1723]"
6388,"[1704, 1705, 1567, 1904, 1896]"
6389,"[116, 890, 114, 112, 1907]"
6390,"[1249, 432, 901, 783, 823]"
6391,"[1871, 1834, 1830, 1823, 95]"
6392,"[901, 890, 1904, 121, 866]"
6393,"[161, 866, 1887, 410, 1202]"
6394,"[890, 112, 114, 1599, 1192]"
6395,"[890, 113, 165, 1202, 410]"
6396,"[925, 167, 928, 931, 174]"
6397,"[1107, 1637, 504, 1689, 293]"
6398,"[73, 1317, 403, 1717, 1320]"
6399,"[73, 1317, 1717, 480, 282]"
6400,"[1676, 926, 444, 1666, 1904]"
6401,"[1637, 1885, 1536, 66, 1723]"
6402,"[403, 1320, 1257, 749, 1648]"
6403,"[1695, 1639, 1133, 1924, 1128]"
6404,"[1705, 1704, 672, 1561, 1659]"
6405,"[823, 1690, 316, 1006, 1871]"
6406,"[1006, 861, 432, 316, 403]"
6407,"[89, 165, 113, 60, 1904]"
6408,"[126, 1295, 789, 444, 688]"
6409,"[1279, 1106, 403, 1086, 122]"
6410,"[1906, 1270, 692, 438, 1904]"
6411,"[78, 433, 1099, 293, 1687]"
6412,"[1279, 1272, 1080, 1636, 1733]"
6413,"[444, 1904, 1270, 1695, 1640]"
6414,"[408, 1659, 1735, 308, 433]"
6415,"[1607, 901, 1887, 783, 1885]"
6416,"[429, 1690, 765, 1705, 1704]"
6417,"[1904, 926, 1196, 890, 1202]"
6418,"[1316, 1581, 687, 1887, 1067]"
6419,"[1104, 1088, 296, 429, 1138]"
6420,"[1904, 1192, 1523, 1640, 1906]"
6421,"[1270, 1133, 1636, 1637, 938]"
6422,"[1612, 1889, 1160, 1914, 1927]"
6423,"[165, 1695, 1677, 60, 1202]"
6424,"[890, 1536, 1662, 1192, 866]"
6425,"[853, 70, 1403, 72, 729]"
6426,"[1705, 111, 1317, 403, 1704]"
6427,"[1607, 614, 1750, 1196, 164]"
6428,"[432, 1006, 861, 860, 1063]"
6429,"[1695, 1249, 1705, 1704, 1604]"
6430,"[26, 24, 27, 9, 36]"
6431,"[403, 66, 282, 755, 756]"
6432,"[73, 1317, 468, 1717, 403]"
6433,"[73, 1717, 1317, 468, 1703]"
6434,"[73, 403, 1006, 365, 1320]"
6435,"[926, 1534, 1295, 1637, 1536]"
6436,"[1704, 1705, 672, 1202, 410]"
6437,"[1279, 1295, 1637, 403, 405]"
6438,"[614, 164, 605, 102, 1192]"
6439,"[1637, 1138, 615, 432, 316]"
6440,"[1192, 114, 614, 29, 164]"
6441,"[292, 1889, 372, 1271, 1758]"
6442,"[444, 1676, 60, 1675, 89]"
6443,"[1320, 1742, 650, 749, 66]"
6444,"[1552, 291, 639, 427, 681]"
6445,"[890, 112, 1192, 37, 480]"
6446,"[1904, 1112, 1192, 1599, 455]"
6447,"[18, 15, 1709, 800, 19]"
6448,"[403, 1742, 1320, 73, 1006]"
6449,"[749, 1735, 1889, 444, 437]"
6450,"[409, 165, 89, 113, 112]"
6451,"[1277, 1607, 1599, 1274, 37]"
6452,"[291, 413, 111, 335, 681]"
6453,"[614, 113, 402, 412, 612]"
6454,"[1615, 1904, 1599, 113, 164]"
6455,"[1277, 1607, 1659, 1274, 1599]"
6456,"[478, 866, 1924, 165, 1588]"
6457,"[1904, 113, 164, 860, 1274]"
6458,"[1543, 660, 1861, 1739, 770]"
6459,"[1904, 1599, 1274, 860, 808]"
6460,"[164, 1640, 1073, 1196, 1695]"
6461,"[1742, 648, 1582, 1380, 426]"
6462,"[1608, 1277, 1599, 1607, 1904]"
6463,"[111, 403, 1717, 78, 1428]"
6464,"[1061, 309, 1075, 1083, 1095]"
6465,"[392, 784, 1007, 53, 223]"
6466,"[1607, 1277, 1659, 1599, 1070]"
6467,"[648, 652, 650, 667, 43]"
6468,"[97, 96, 922, 1311, 165]"
6469,"[1317, 29, 111, 403, 413]"
6470,"[1536, 408, 1525, 1534, 926]"
6471,"[1904, 113, 164, 860, 1274]"
6472,"[1608, 98, 692, 1270, 1904]"
6473,"[73, 468, 111, 413, 1317]"
6474,"[1607, 1277, 1599, 480, 1274]"
6475,"[1277, 1607, 1659, 111, 480]"
6476,"[1871, 1834, 1830, 866, 480]"
6477,"[429, 1834, 1871, 305, 1320]"
6478,"[890, 112, 289, 1176, 1904]"
6479,"[654, 1073, 409, 1197, 1540]"
6480,"[126, 98, 672, 1204, 116]"
6481,"[443, 650, 647, 1651, 1823]"
6482,"[1277, 1607, 1599, 1274, 1659]"
6483,"[403, 1320, 866, 749, 66]"
6484,"[165, 125, 1592, 164, 739]"
6485,"[468, 527, 547, 497, 660]"
6486,"[1895, 828, 1570, 82, 1877]"
6487,"[862, 111, 432, 403, 1704]"
6488,"[884, 1705, 73, 468, 111]"
6489,"[468, 73, 111, 1711, 1908]"
6490,"[1287, 1570, 1760, 82, 828]"
6491,"[1570, 828, 862, 1705, 1704]"
6492,"[1270, 1733, 672, 438, 16]"
6493,"[1696, 455, 116, 1275, 1192]"
6494,"[856, 1192, 102, 1746, 1613]"
6495,"[1877, 828, 1570, 1785, 135]"
6496,"[1363, 1338, 121, 501, 749]"
6497,"[1905, 1566, 165, 102, 1901]"
6498,"[1915, 962, 1528, 1001, 1488]"
6499,"[1570, 1785, 828, 1877, 1287]"
6500,"[1650, 734, 1659, 73, 1903]"
6501,"[244, 73, 249, 121, 403]"
6502,"[73, 111, 468, 1759, 282]"
6503,"[1192, 468, 73, 1903, 135]"
6504,"[165, 901, 481, 89, 1907]"
6505,"[468, 1001, 1030, 249, 890]"
6506,"[290, 1895, 1935, 1865, 346]"
6507,"[89, 116, 1677, 165, 1069]"
6508,"[1895, 828, 1287, 82, 1877]"
6509,"[444, 851, 441, 672, 1894]"
6510,"[441, 442, 125, 773, 1566]"
6511,"[789, 441, 455, 856, 849]"
6512,"[828, 1895, 1570, 1015, 1877]"
6513,"[1675, 1911, 1696, 438, 1677]"
6514,"[1907, 116, 1147, 692, 447]"
6515,"[1895, 828, 82, 1570, 1287]"
6516,"[1721, 1617, 1557, 98, 672]"
6517,"[163, 111, 383, 468, 73]"
6518,"[828, 1290, 1570, 1785, 1877]"
6519,"[383, 16, 480, 808, 111]"
6520,"[73, 866, 403, 111, 1320]"
6521,"[447, 1273, 687, 1210, 1249]"
6522,"[1567, 82, 1898, 1582, 1380]"
6523,"[135, 16, 1190, 480, 1785]"
6524,"[1287, 1877, 1015, 1570, 828]"
6525,"[1772, 44, 1741, 338, 43]"
6526,"[441, 1895, 828, 1865, 442]"
6527,"[672, 828, 442, 441, 692]"
6528,"[1924, 1705, 1704, 291, 1581]"
6529,"[455, 1192, 1772, 114, 1705]"
6530,"[1760, 1761, 1705, 1758, 1762]"
6531,"[114, 455, 116, 16, 890]"
6532,"[455, 1192, 1197, 1772, 16]"
6533,"[1197, 1073, 1929, 1825, 1302]"
6534,"[455, 116, 114, 1924, 1922]"
6535,"[1924, 1604, 692, 787, 1249]"
6536,"[1705, 1704, 1761, 1760, 114]"
6537,"[455, 1197, 1192, 462, 464]"
6538,"[16, 1307, 466, 114, 1197]"
6539,"[878, 1307, 892, 403, 866]"
6540,"[16, 455, 116, 114, 890]"
6541,"[114, 16, 1910, 1192, 1604]"
6542,"[16, 687, 111, 1913, 1605]"
6543,"[216, 1708, 1246, 621, 667]"
6544,"[337, 14, 688, 751, 760]"
6545,"[1270, 1929, 114, 807, 468]"
6546,"[455, 1910, 116, 16, 1604]"
6547,"[1924, 890, 1902, 1676, 1604]"
6548,"[1197, 1307, 1317, 403, 1246]"
6549,"[1924, 455, 116, 114, 1604]"
6550,"[116, 455, 114, 1676, 1204]"
6551,"[890, 464, 1552, 1887, 497]"
6552,"[1705, 1704, 1552, 1924, 1755]"
6553,"[1924, 165, 1314, 455, 466]"
6554,"[1705, 1704, 1924, 16, 808]"
6555,"[1192, 1610, 1705, 1704, 114]"
6556,"[116, 114, 1600, 1192, 1112]"
6557,"[1112, 1910, 860, 291, 289]"
6558,"[455, 116, 1192, 114, 1610]"
6559,"[1246, 618, 1748, 1708, 1192]"
6560,"[455, 16, 1910, 1604, 454]"
6561,"[455, 465, 1884, 1604, 16]"
6562,"[116, 455, 114, 890, 1705]"
6563,"[789, 1604, 660, 1705, 1704]"
6564,"[1760, 1273, 1599, 1147, 1275]"
6565,"[1705, 1704, 1760, 1761, 687]"
6566,"[455, 116, 1192, 16, 114]"
6567,"[1884, 455, 114, 463, 1662]"
6568,"[16, 1521, 1192, 1611, 1249]"
6569,"[455, 1705, 1704, 462, 1192]"
6570,"[114, 116, 455, 890, 16]"
6571,"[455, 692, 16, 1192, 1600]"
6572,"[16, 808, 1246, 114, 98]"
6573,"[1761, 1760, 1147, 1704, 114]"
6574,"[687, 1705, 1704, 1605, 1521]"
6575,"[468, 16, 1772, 1307, 808]"
6576,"[1163, 1314, 1288, 1705, 1704]"
6577,"[1192, 1704, 1705, 455, 16]"
6578,"[1542, 1704, 1705, 1761, 1760]"
6579,"[468, 480, 111, 1317, 1723]"
6580,"[1277, 1607, 1608, 1896, 1659]"
6581,"[114, 2, 3, 16, 1314]"
6582,"[1610, 114, 1192, 1275, 455]"
6583,"[1761, 1760, 114, 1758, 1762]"
6584,"[786, 1604, 16, 102, 1611]"
6585,"[1761, 1760, 1704, 114, 1113]"
6586,"[18, 687, 1581, 480, 1192]"
6587,"[1581, 1705, 1704, 1921, 1610]"
6588,"[1204, 1314, 790, 1606, 16]"
6589,"[1679, 413, 111, 1204, 114]"
6590,"[468, 1929, 111, 660, 82]"
6591,"[1204, 1249, 16, 3, 1573]"
6592,"[1204, 16, 1163, 1249, 1063]"
6593,"[1555, 1489, 1554, 1534, 866]"
6594,"[102, 1746, 1191, 409, 1904]"
6595,"[1197, 511, 765, 1832, 1830]"
6596,"[1915, 1607, 1825, 403, 1160]"
6597,"[511, 1825, 1832, 1759, 1885]"
6598,"[1911, 902, 1202, 410, 213]"
6599,"[1676, 1871, 1834, 1675, 902]"
6600,"[114, 890, 926, 1536, 1555]"
6601,"[1191, 1556, 1885, 1892, 409]"
6602,"[1676, 890, 1344, 1906, 1675]"
6603,"[1887, 1885, 933, 121, 1202]"
6604,"[1928, 1637, 432, 1080, 1636]"
6605,"[892, 121, 403, 1825, 1832]"
6606,"[98, 1202, 410, 165, 405]"
6607,"[1676, 409, 165, 1885, 121]"
6608,"[1704, 1705, 1766, 857, 1885]"
6609,"[926, 1677, 1618, 102, 1746]"
6610,"[926, 165, 409, 470, 620]"
6611,"[926, 1666, 289, 1344, 1202]"
6612,"[511, 1871, 1830, 1834, 1825]"
6613,"[1640, 470, 620, 1077, 892]"
6614,"[511, 1830, 1831, 1871, 1705]"
6615,"[903, 862, 1723, 1705, 1704]"
6616,"[1555, 926, 1676, 1202, 410]"
6617,"[1928, 1637, 438, 1602, 1279]"
6618,"[1676, 926, 408, 1344, 165]"
6619,"[1915, 890, 165, 1344, 922]"
6620,"[408, 1676, 1871, 1834, 926]"
6621,"[868, 1748, 1071, 1676, 265]"
6622,"[1602, 1160, 433, 438, 1885]"
6623,"[926, 1295, 866, 1612, 1891]"
6624,"[926, 890, 1676, 114, 1069]"
6625,"[408, 1676, 1871, 1834, 926]"
6626,"[890, 926, 1160, 1887, 1556]"
6627,"[1676, 1202, 410, 926, 1612]"
6628,"[890, 121, 1887, 409, 1885]"
6629,"[890, 1915, 1907, 1677, 405]"
6630,"[1677, 165, 1885, 409, 1733]"
6631,"[890, 1676, 1160, 926, 1295]"
6632,"[165, 102, 1746, 409, 922]"
6633,"[926, 1674, 1885, 762, 1202]"
6634,"[926, 1344, 1676, 1809, 1299]"
6635,"[1676, 1202, 410, 926, 1885]"
6636,"[16, 1611, 480, 111, 468]"
6637,"[862, 1604, 480, 1611, 1249]"
6638,"[1270, 1163, 1020, 1165, 1188]"
6639,"[455, 605, 1677, 1275, 408]"
6640,"[73, 468, 1717, 892, 1022]"
6641,"[1162, 1168, 1647, 1183, 331]"
6642,"[16, 455, 1192, 1726, 1904]"
6643,"[226, 244, 888, 1659, 163]"
6644,"[455, 114, 1604, 1204, 1695]"
6645,"[1697, 1696, 1677, 1695, 1733]"
6646,"[925, 1133, 1560, 1915, 1202]"
6647,"[468, 444, 1639, 1582, 1380]"
6648,"[1705, 1704, 1885, 1495, 403]"
6649,"[1070, 165, 878, 692, 922]"
6650,"[756, 764, 766, 767, 1317]"
6651,"[890, 1676, 112, 1907, 113]"
6652,"[1915, 1901, 1561, 164, 692]"
6653,"[866, 749, 1902, 1202, 410]"
6654,"[1611, 1884, 1191, 1192, 102]"
6655,"[43, 1904, 121, 409, 111]"
6656,"[1902, 749, 1735, 688, 1844]"
6657,"[1567, 37, 1904, 95, 1192]"
6658,"[480, 648, 1574, 462, 111]"
6659,"[403, 1249, 672, 480, 1030]"
6660,"[1929, 1592, 1073, 1904, 1270]"
6661,"[1889, 102, 1192, 110, 692]"
6662,"[403, 923, 1705, 1704, 1320]"
6663,"[1904, 1567, 1705, 1704, 860]"
6664,"[1526, 1922, 1897, 1899, 1904]"
6665,"[403, 1249, 432, 165, 1590]"
6666,"[1567, 511, 1885, 1887, 1670]"
6667,"[1607, 102, 408, 1592, 1746]"
6668,"[1054, 1590, 1404, 1648, 1197]"
6669,"[409, 749, 1670, 1118, 121]"
6670,"[303, 1077, 265, 1299, 1280]"
6671,"[1057, 849, 1632, 758, 1696]"
6672,"[866, 1904, 121, 95, 1527]"
6673,"[511, 1723, 403, 432, 79]"
6674,"[863, 865, 1747, 1696, 1904]"
6675,"[124, 922, 1902, 890, 1552]"
6676,"[1904, 1889, 1191, 860, 1567]"
6677,"[860, 114, 1610, 1704, 1705]"
6678,"[1937, 1192, 1904, 1489, 1523]"
6679,"[1063, 1192, 688, 471, 890]"
6680,"[603, 165, 370, 707, 672]"
6681,"[116, 890, 1676, 112, 165]"
6682,"[688, 1639, 865, 1901, 168]"
6683,"[403, 1871, 1834, 1363, 756]"
6684,"[922, 749, 1885, 66, 493]"
6685,"[125, 1073, 1061, 410, 1202]"
6686,"[1246, 803, 667, 802, 1708]"
6687,"[1746, 1275, 1070, 922, 455]"
6688,"[1887, 1885, 1886, 1705, 1704]"
6689,"[665, 102, 1533, 1549, 1746]"
6690,"[1637, 1885, 1536, 66, 1723]"
6691,"[16, 114, 1567, 116, 1192]"
6692,"[1902, 890, 313, 314, 1073]"
6693,"[403, 1723, 480, 66, 282]"
6694,"[687, 1191, 1904, 1890, 1489]"
6695,"[1704, 1705, 1709, 1703, 1742]"
6696,"[403, 1075, 409, 211, 1049]"
6697,"[808, 1030, 410, 1034, 1202]"
6698,"[749, 430, 1253, 1259, 1252]"
6699,"[470, 620, 670, 165, 1672]"
6700,"[1904, 114, 113, 890, 1899]"
6701,"[1915, 125, 165, 1014, 408]"
6702,"[478, 1924, 1901, 922, 1526]"
6703,"[111, 1192, 1704, 471, 18]"
6704,"[125, 1690, 1676, 1126, 1006]"
6705,"[1915, 866, 1670, 121, 1202]"
6706,"[171, 1549, 1915, 165, 1193]"
6707,"[165, 444, 933, 1705, 1704]"
6708,"[1649, 1030, 1202, 410, 1666]"
6709,"[672, 789, 851, 1202, 410]"
6710,"[1937, 1192, 1904, 1523, 110]"
6711,"[116, 114, 455, 890, 1705]"
6712,"[1885, 789, 1887, 96, 97]"
6713,"[291, 1192, 455, 1521, 454]"
6714,"[228, 1613, 1639, 1297, 1640]"
6715,"[1762, 1192, 1704, 1705, 1273]"
6716,"[1317, 1717, 111, 468, 403]"
6717,"[1030, 1588, 163, 1184, 478]"
6718,"[102, 1746, 1249, 458, 1604]"
6719,"[455, 116, 114, 1924, 1922]"
6720,"[261, 1789, 1704, 1705, 1428]"
6721,"[1717, 1428, 650, 474, 1582]"
6722,"[1192, 1904, 1610, 1521, 1523]"
6723,"[1755, 481, 1757, 1776, 848]"
6724,"[1896, 1904, 1567, 1539, 1192]"
6725,"[1865, 1915, 1771, 1495, 1364]"
6726,"[866, 165, 1670, 1197, 102]"
6727,"[16, 114, 1192, 1896, 455]"
6728,"[672, 403, 167, 928, 169]"
6729,"[747, 753, 754, 755, 756]"
6730,"[866, 1705, 1704, 1818, 1819]"
6731,"[692, 116, 846, 1521, 44]"
6732,"[1924, 1695, 926, 1906, 171]"
6733,"[1676, 603, 1675, 125, 1639]"
6734,"[1246, 413, 16, 1708, 1006]"
6735,"[615, 165, 408, 620, 470]"
6736,"[1592, 890, 1902, 1552, 1915]"
6737,"[925, 167, 928, 931, 174]"
6738,"[1098, 1567, 95, 1904, 677]"
6739,"[16, 114, 1772, 454, 464]"
6740,"[165, 1202, 410, 1196, 405]"
6741,"[884, 687, 1192, 291, 1112]"
6742,"[1884, 16, 455, 1246, 1708]"
6743,"[1696, 276, 480, 1317, 1056]"
6744,"[1705, 1704, 1753, 707, 345]"
6745,"[1317, 73, 1717, 403, 52]"
6746,"[1192, 1904, 1610, 1521, 1523]"
6747,"[926, 1750, 1639, 1734, 459]"
6748,"[124, 922, 165, 1915, 171]"
6749,"[16, 114, 1880, 1567, 1113]"
6750,"[16, 114, 455, 454, 1896]"
6751,"[1915, 165, 922, 1249, 405]"
6752,"[866, 1620, 1160, 896, 1612]"
6753,"[1904, 165, 1746, 1192, 878]"
6754,"[866, 749, 650, 458, 1320]"
6755,"[1823, 1019, 851, 1049, 340]"
6756,"[125, 423, 1244, 1690, 672]"
6757,"[1907, 1526, 1922, 1897, 409]"
6758,"[1191, 1666, 455, 1904, 1192]"
6759,"[1202, 410, 1603, 1073, 1885]"
6760,"[1073, 1133, 1929, 1118, 265]"
6761,"[863, 865, 1747, 1604, 451]"
6762,"[276, 1929, 1040, 1133, 175]"
6763,"[232, 1003, 236, 237, 1002]"
6764,"[1204, 114, 723, 790, 60]"
6765,"[290, 281, 1073, 98, 410]"
6766,"[1002, 66, 232, 1003, 236]"
6767,"[165, 89, 113, 409, 112]"
6768,"[1695, 749, 121, 102, 866]"
6769,"[98, 97, 96, 1695, 749]"
6770,"[216, 281, 1611, 1904, 662]"
6771,"[82, 1582, 1380, 426, 1718]"
6772,"[28, 1904, 1666, 78, 1640]"
6773,"[1696, 396, 1069, 375, 66]"
6774,"[291, 866, 338, 636, 335]"
6775,"[1902, 1639, 1552, 1202, 410]"
6776,"[807, 1639, 890, 102, 579]"
6777,"[164, 165, 878, 113, 1904]"
6778,"[216, 1219, 787, 672, 786]"
6779,"[89, 1890, 789, 1885, 1887]"
6780,"[165, 408, 98, 1592, 1202]"
6781,"[665, 281, 276, 280, 1903]"
6782,"[290, 281, 1615, 280, 1696]"
6783,"[1536, 1562, 848, 692, 1191]"
6784,"[784, 902, 1006, 403, 175]"
6785,"[1270, 789, 688, 441, 692]"
6786,"[37, 1317, 413, 81, 836]"
6787,"[1904, 1191, 1567, 1070, 1890]"
6788,"[1889, 1735, 1307, 749, 1197]"
6789,"[89, 890, 1705, 1704, 866]"
6790,"[125, 1620, 800, 786, 1640]"
6791,"[1028, 167, 1029, 928, 169]"
6792,"[124, 922, 165, 1197, 1695]"
6793,"[113, 111, 1192, 1904, 403]"
6794,"[66, 749, 1690, 1257, 403]"
6795,"[409, 164, 165, 89, 1204]"
6796,"[749, 1885, 1202, 410, 98]"
6797,"[111, 78, 1150, 358, 1717]"
6798,"[1740, 165, 688, 1695, 216]"
6799,"[1704, 1705, 1754, 1795, 72]"
6800,"[116, 114, 1902, 890, 455]"
6801,"[455, 114, 454, 16, 1192]"
6802,"[1924, 890, 60, 1750, 1695]"
6803,"[1567, 1704, 1705, 1887, 1894]"
6804,"[313, 118, 1904, 863, 1747]"
6805,"[1833, 1837, 1754, 1721, 1829]"
6806,"[1192, 29, 621, 471, 1567]"
6807,"[1666, 824, 1592, 672, 1498]"
6808,"[1740, 781, 1696, 922, 672]"
6809,"[1567, 16, 819, 1896, 1884]"
6810,"[1904, 44, 16, 43, 1249]"
6811,"[1676, 112, 890, 1202, 410]"
6812,"[124, 749, 1902, 672, 780]"
6813,"[890, 1695, 857, 1555, 1885]"
6814,"[1695, 1639, 272, 975, 1696]"
6815,"[165, 89, 926, 1907, 1043]"
6816,"[1567, 789, 1913, 1040, 688]"
6817,"[511, 501, 1830, 1871, 1404]"
6818,"[82, 73, 1717, 52, 1428]"
6819,"[878, 165, 124, 922, 444]"
6820,"[1708, 1246, 73, 1317, 1006]"
6821,"[409, 1922, 1897, 1907, 1526]"
6822,"[866, 1887, 890, 1554, 1894]"
6823,"[111, 1192, 44, 1904, 18]"
6824,"[1279, 1637, 1295, 403, 79]"
6825,"[1567, 37, 113, 95, 1904]"
6826,"[1704, 1705, 455, 16, 1567]"
6827,"[1904, 1926, 1192, 124, 1696]"
6828,"[116, 455, 1904, 454, 1192]"
6829,"[1894, 1666, 1890, 1885, 1904]"
6830,"[1904, 111, 1705, 16, 44]"
6831,"[890, 112, 1830, 1871, 1834]"
6832,"[281, 1615, 276, 1586, 290]"
6833,"[922, 1915, 165, 124, 878]"
6834,"[878, 1904, 89, 1193, 1613]"
6835,"[1904, 1191, 1608, 1192, 1277]"
6836,"[216, 1544, 1606, 1750, 116]"
6837,"[16, 1695, 379, 1901, 165]"
6838,"[1885, 1603, 1705, 1704, 758]"
6839,"[738, 410, 409, 1202, 403]"
6840,"[930, 688, 1670, 925, 167]"
6841,"[853, 1057, 1898, 1582, 1380]"
6842,"[444, 165, 89, 164, 403]"
6843,"[165, 1885, 1700, 672, 1202]"
6844,"[1753, 789, 89, 758, 765]"
6845,"[933, 930, 749, 90, 511]"
6846,"[1191, 1890, 1904, 1899, 43]"
6847,"[1063, 1317, 16, 403, 808]"
6848,"[1607, 1202, 410, 164, 98]"
6849,"[1666, 1592, 1929, 78, 1270]"
6850,"[922, 1746, 102, 925, 928]"
6851,"[1608, 1277, 1896, 1567, 1539]"
6852,"[1704, 1705, 860, 807, 1273]"
6853,"[403, 1320, 749, 1006, 925]"
6854,"[272, 1009, 1898, 252, 1013]"
6855,"[1704, 1705, 403, 405, 410]"
6856,"[1651, 862, 1704, 1705, 738]"
6857,"[672, 89, 789, 165, 102]"
6858,"[1063, 468, 1772, 413, 480]"
6859,"[1613, 1904, 1607, 1192, 112]"
6860,"[1275, 1638, 124, 1750, 449]"
6861,"[1126, 125, 403, 1317, 1006]"
6862,"[27, 1709, 21, 1703, 18]"
6863,"[1676, 1750, 1675, 408, 1196]"
6864,"[1620, 1746, 410, 1202, 1118]"
6865,"[165, 692, 451, 1639, 1677]"
6866,"[125, 423, 1244, 1640, 902]"
6867,"[1636, 1592, 165, 259, 672]"
6868,"[1202, 410, 1887, 481, 1592]"
6869,"[1695, 216, 444, 1249, 60]"
6870,"[1701, 1713, 1670, 866, 1118]"
6871,"[1157, 1704, 1705, 1889, 1723]"
6872,"[1130, 688, 672, 1632, 444]"
6873,"[60, 124, 1915, 922, 890]"
6874,"[367, 1019, 403, 1320, 853]"
6875,"[290, 808, 442, 672, 1640]"
6876,"[1202, 410, 1666, 405, 1196]"
6877,"[903, 135, 1759, 866, 1705]"
6878,"[1604, 890, 480, 1823, 1830]"
6879,"[16, 114, 1611, 692, 1192]"
6880,"[749, 1640, 672, 1193, 1639]"
6881,"[1705, 1704, 1640, 1639, 1885]"
6882,"[1607, 901, 403, 480, 1830]"
6883,"[159, 1887, 1901, 665, 1740]"
6884,"[1900, 1902, 344, 1552, 1018]"
6885,"[1070, 1704, 1705, 1746, 1567]"
6886,"[413, 648, 37, 1317, 1320]"
6887,"[624, 1904, 692, 1196, 1070]"
6888,"[165, 1704, 1705, 1915, 1364]"
6889,"[1613, 1191, 1607, 89, 438]"
6890,"[1567, 1904, 102, 1896, 95]"
6891,"[1526, 1899, 890, 1904, 1922]"
6892,"[787, 749, 1721, 786, 1307]"
6893,"[672, 789, 1034, 403, 851]"
6894,"[1924, 116, 125, 890, 455]"
6895,"[468, 1022, 1582, 1380, 426]"
6896,"[1608, 1896, 1277, 890, 98]"
6897,"[1902, 890, 344, 1552, 1018]"
6898,"[1246, 1696, 455, 1192, 16]"
6899,"[979, 1911, 672, 902, 444]"
6900,"[1567, 1894, 403, 372, 901]"
6901,"[1567, 1922, 1897, 1604, 1896]"
6902,"[1560, 1073, 922, 276, 1648]"
6903,"[1704, 1705, 1908, 681, 1605]"
6904,"[1864, 577, 1663, 1868, 869]"
6905,"[672, 789, 688, 851, 292]"
6906,"[1138, 1742, 1620, 1063, 812]"
6907,"[1608, 943, 964, 142, 199]"
6908,"[1249, 749, 1752, 1830, 1705]"
6909,"[863, 865, 1747, 314, 313]"
6910,"[89, 116, 1070, 1677, 113]"
6911,"[98, 1901, 665, 97, 96]"
6912,"[1705, 1704, 111, 480, 903]"
6913,"[1592, 1202, 410, 1607, 1659]"
6914,"[171, 1202, 410, 926, 1695]"
6915,"[1063, 1899, 1904, 1192, 1526]"
6916,"[1567, 165, 480, 1249, 432]"
6917,"[403, 1075, 1649, 1918, 1666]"
6918,"[1904, 1191, 1489, 1532, 1890]"
6919,"[1338, 66, 1363, 786, 497]"
6920,"[207, 973, 970, 165, 171]"
6921,"[4, 1575, 302, 862, 441]"
6922,"[1317, 749, 66, 403, 111]"
6923,"[1666, 102, 1746, 1904, 164]"
6924,"[737, 719, 1666, 722, 175]"
6925,"[165, 922, 89, 409, 102]"
6926,"[125, 1690, 1344, 122, 1126]"
6927,"[1676, 1696, 1248, 1698, 1677]"
6928,"[1904, 1666, 1613, 1573, 899]"
6929,"[1607, 1904, 114, 110, 1885]"
6930,"[1527, 1922, 1897, 922, 1905]"
6931,"[1666, 78, 1909, 1193, 1202]"
6932,"[1197, 124, 922, 925, 167]"
6933,"[1902, 1818, 1819, 1820, 1823]"
6934,"[1147, 1603, 1317, 624, 111]"
6935,"[409, 1202, 410, 405, 165]"
6936,"[1192, 1112, 1904, 1523, 1741]"
6937,"[392, 1069, 726, 727, 1650]"
6938,"[1193, 1889, 1735, 1525, 1652]"
6939,"[1695, 432, 1890, 1889, 1202]"
6940,"[1924, 890, 1676, 1639, 926]"
6941,"[926, 1677, 1327, 171, 470]"
6942,"[1880, 480, 111, 1317, 468]"
6943,"[739, 165, 481, 60, 1677]"
6944,"[1704, 1705, 1830, 1885, 480]"
6945,"[1906, 1902, 922, 1133, 672]"
6946,"[1904, 1896, 1772, 890, 440]"
6947,"[1902, 165, 408, 1640, 1915]"
6948,"[73, 1317, 468, 1717, 1773]"
6949,"[165, 405, 1197, 789, 444]"
6950,"[1666, 1906, 1043, 1202, 410]"
6951,"[1746, 1885, 1561, 1536, 60]"
6952,"[1083, 437, 658, 738, 918]"
6953,"[860, 606, 1147, 16, 1600]"
6954,"[410, 1202, 165, 1666, 672]"
6955,"[1193, 922, 1909, 878, 1904]"
6956,"[1192, 1904, 116, 1523, 1924]"
6957,"[1914, 162, 925, 167, 928]"
6958,"[165, 444, 1666, 164, 408]"
6959,"[749, 1670, 866, 410, 1202]"
6960,"[89, 409, 1922, 1897, 1526]"
6961,"[443, 639, 650, 606, 636]"
6962,"[1896, 409, 1922, 1897, 1526]"
6963,"[1696, 455, 454, 1611, 116]"
6964,"[1246, 1772, 468, 18, 1708]"
6965,"[866, 121, 1612, 66, 102]"
6966,"[587, 593, 597, 590, 595]"
6967,"[1904, 1924, 1896, 1887, 1884]"
6968,"[688, 1704, 1705, 1746, 672]"
6969,"[114, 1924, 102, 1746, 455]"
6970,"[1904, 1191, 1193, 1562, 1554]"
6971,"[1887, 1886, 1598, 1612, 409]"
6972,"[922, 124, 165, 1885, 1670]"
6973,"[1202, 410, 672, 1249, 97]"
6974,"[1675, 213, 89, 902, 165]"
6975,"[1608, 1607, 1677, 1592, 165]"
6976,"[1705, 1704, 903, 1887, 1886]"
6977,"[1636, 438, 1705, 1249, 1677]"
