q_id,web_list
1,"[135, 372, 1567, 1705, 1704]"
2,"[372, 368, 1609, 164, 1025]"
3,"[116, 1147, 1067, 1761, 1760]"
4,"[1051, 1043, 1762, 1758, 1704]"
5,"[1907, 165, 171, 125, 921]"
6,"[878, 108, 688, 920, 1495]"
7,"[125, 1935, 1705, 1704, 1906]"
8,"[1157, 282, 1705, 1704, 862]"
9,"[921, 165, 164, 89, 97]"
10,"[438, 1636, 1172, 1884, 116]"
11,"[409, 1599, 1112, 96, 97]"
12,"[1192, 114, 1655, 454, 292]"
13,"[890, 112, 1915, 116, 113]"
14,"[761, 372, 1157, 368, 409]"
15,"[1705, 1704, 1363, 1904, 1316]"
16,"[1676, 1129, 918, 1915, 98]"
17,"[372, 1157, 455, 692, 705]"
18,"[1607, 124, 1704, 1705, 60]"
19,"[1915, 125, 360, 1277, 1900]"
20,"[1915, 1676, 1043, 79, 164]"
21,"[116, 98, 163, 164, 455]"
22,"[1066, 1560, 1762, 1748, 1758]"
23,"[73, 1705, 1704, 511, 1809]"
24,"[98, 793, 409, 96, 97]"
25,"[116, 1750, 125, 1915, 60]"
26,"[1157, 164, 1042, 368, 455]"
27,"[1615, 1011, 1586, 346, 1088]"
28,"[97, 98, 96, 1837, 1828]"
29,"[171, 89, 1618, 116, 455]"
30,"[438, 1636, 1043, 1774, 819]"
31,"[1915, 98, 149, 409, 1618]"
32,"[116, 1915, 1761, 101, 1760]"
33,"[1915, 438, 1636, 1112, 388]"
34,"[1705, 1704, 1677, 1567, 1157]"
35,"[455, 165, 1750, 98, 1299]"
36,"[1704, 1705, 211, 143, 1649]"
37,"[1725, 608, 1704, 1705, 848]"
38,"[1607, 768, 1299, 1157, 1186]"
39,"[163, 1924, 478, 159, 1025]"
40,"[692, 98, 96, 97, 1639]"
41,"[1752, 1524, 1041, 1525, 1559]"
42,"[372, 363, 368, 1196, 198]"
43,"[1789, 1790, 1791, 1792, 1753]"
44,"[1299, 1676, 1298, 1256, 1253]"
45,"[1018, 1244, 423, 1063, 692]"
46,"[1030, 159, 1025, 937, 1042]"
47,"[1907, 113, 1627, 409, 1905]"
48,"[1896, 1910, 1064, 1705, 1704]"
49,"[333, 1147, 1178, 1030, 1066]"
50,"[73, 162, 165, 925, 164]"
51,"[1705, 1704, 511, 1809, 1835]"
52,"[1900, 1915, 1917, 925, 98]"
53,"[372, 135, 1567, 1705, 1704]"
54,"[664, 1924, 116, 1699, 1795]"
55,"[1705, 1704, 511, 73, 1809]"
56,"[1044, 60, 1627, 1905, 163]"
57,"[455, 171, 165, 164, 1607]"
58,"[1696, 920, 1697, 1030, 7]"
59,"[455, 1161, 1676, 113, 29]"
60,"[1910, 1040, 371, 1132, 1600]"
61,"[1157, 432, 1704, 1705, 1567]"
62,"[1924, 1704, 1705, 1025, 937]"
63,"[1071, 868, 1748, 1655, 1197]"
64,"[1527, 1891, 1927, 1567, 1103]"
65,"[259, 1704, 1705, 1567, 998]"
66,"[1924, 922, 1915, 116, 125]"
67,"[1032, 1184, 385, 1705, 1704]"
68,"[866, 1073, 867, 171, 666]"
69,"[1915, 1580, 510, 1486, 1202]"
70,"[1157, 1896, 97, 96, 257]"
71,"[89, 165, 1043, 1675, 1676]"
72,"[1904, 1120, 1232, 1700, 96]"
73,"[376, 688, 118, 1855, 437]"
74,"[1704, 1705, 1915, 1907, 530]"
75,"[1915, 89, 1899, 1526, 890]"
76,"[1915, 1704, 1705, 1620, 89]"
77,"[1917, 999, 1915, 355, 408]"
78,"[1746, 102, 98, 97, 409]"
79,"[1029, 352, 1758, 1762, 823]"
80,"[1910, 372, 1795, 1906, 1921]"
81,"[1273, 447, 124, 126, 1926]"
82,"[1915, 1762, 1758, 1761, 1760]"
83,"[455, 1915, 1675, 1029, 862]"
84,"[372, 164, 368, 1196, 1566]"
85,"[1043, 1136, 1077, 376, 677]"
86,"[816, 346, 338, 98, 1586]"
87,"[1550, 60, 1558, 1273, 447]"
88,"[1896, 1157, 1607, 97, 96]"
89,"[372, 1277, 1125, 1543, 1900]"
90,"[1449, 1794, 1704, 1705, 1675]"
91,"[1713, 97, 96, 1655, 102]"
92,"[1910, 455, 1192, 372, 1567]"
93,"[677, 903, 376, 688, 377]"
94,"[338, 1907, 1750, 116, 124]"
95,"[1915, 455, 1676, 101, 113]"
96,"[1104, 811, 1763, 750, 1894]"
97,"[1915, 1863, 1828, 1837, 1833]"
98,"[219, 887, 250, 1040, 322]"
99,"[1246, 310, 339, 1726, 1121]"
100,"[1615, 1070, 922, 1071, 1746]"
101,"[1185, 1030, 1917, 359, 1158]"
102,"[1704, 1705, 1607, 1904, 124]"
103,"[1750, 1299, 759, 164, 692]"
104,"[1746, 102, 1125, 1617, 97]"
105,"[1772, 1706, 953, 1810, 1812]"
106,"[1915, 1014, 1705, 1704, 408]"
107,"[924, 371, 1651, 1758, 1762]"
108,"[1772, 1704, 1705, 1119, 1780]"
109,"[380, 1244, 423, 781, 618]"
110,"[164, 1704, 116, 1705, 1750]"
111,"[1915, 624, 1277, 324, 1134]"
112,"[164, 1704, 1705, 921, 937]"
113,"[73, 4, 7, 1770, 1708]"
114,"[1900, 1915, 1917, 1543, 1074]"
115,"[396, 1068, 455, 443, 1030]"
116,"[921, 1026, 937, 1025, 159]"
117,"[1616, 1745, 1671, 289, 1907]"
118,"[1186, 705, 761, 768, 711]"
119,"[1067, 98, 1704, 1705, 1721]"
120,"[1772, 693, 442, 290, 441]"
121,"[455, 1676, 1750, 1639, 116]"
122,"[1772, 1810, 1706, 1813, 1817]"
123,"[938, 175, 735, 1924, 935]"
124,"[135, 1769, 1570, 372, 1760]"
125,"[372, 1098, 1760, 1761, 108]"
126,"[922, 60, 1749, 1672, 116]"
127,"[921, 937, 159, 1025, 165]"
128,"[375, 455, 454, 1112, 439]"
129,"[455, 171, 165, 164, 1705]"
130,"[1760, 1758, 1761, 1762, 1722]"
131,"[1741, 62, 1243, 1795, 4]"
132,"[1907, 1609, 1618, 89, 1795]"
133,"[98, 1924, 1025, 159, 937]"
134,"[1636, 89, 663, 1924, 478]"
135,"[1705, 1704, 511, 1511, 1765]"
136,"[45, 1246, 1134, 7, 1913]"
137,"[372, 1313, 1157, 97, 96]"
138,"[1618, 1704, 1705, 1567, 321]"
139,"[164, 1034, 455, 98, 1157]"
140,"[1762, 1758, 1041, 692, 1055]"
141,"[165, 164, 212, 1924, 1299]"
142,"[1910, 862, 1070, 1704, 1705]"
143,"[1762, 1705, 1704, 409, 1924]"
144,"[698, 439, 368, 856, 379]"
145,"[1630, 927, 212, 925, 167]"
146,"[1246, 453, 89, 78, 495]"
147,"[1863, 1833, 1837, 1828, 1935]"
148,"[1921, 1030, 1769, 1761, 1760]"
149,"[372, 1070, 455, 368, 1613]"
150,"[995, 83, 1488, 901, 260]"
151,"[1915, 1651, 921, 1030, 1906]"
152,"[1113, 1027, 1066, 114, 1086]"
153,"[1917, 165, 164, 922, 1043]"
154,"[298, 1752, 1758, 1705, 1704]"
155,"[1705, 1704, 1726, 846, 1601]"
156,"[1908, 73, 332, 1723, 1772]"
157,"[372, 1125, 1705, 1704, 1296]"
158,"[1071, 1807, 1705, 1704, 291]"
159,"[1277, 116, 1662, 692, 1726]"
160,"[1042, 1029, 1043, 1026, 164]"
161,"[1071, 165, 164, 163, 921]"
162,"[1896, 164, 1907, 98, 1193]"
163,"[1721, 1567, 1147, 1705, 1704]"
164,"[722, 1066, 1599, 1760, 1761]"
165,"[1773, 1770, 1030, 1769, 1775]"
166,"[1015, 1785, 1287, 1833, 1828]"
167,"[904, 793, 102, 384, 1313]"
168,"[288, 1014, 96, 97, 98]"
169,"[136, 137, 275, 912, 1630]"
170,"[1772, 328, 317, 1041, 1676]"
171,"[1674, 938, 1673, 954, 904]"
172,"[1907, 1899, 1618, 1760, 1567]"
173,"[1050, 856, 368, 47, 855]"
174,"[1115, 1064, 128, 314, 868]"
175,"[922, 794, 97, 96, 89]"
176,"[1637, 219, 1704, 1705, 1915]"
177,"[1704, 1705, 1676, 1025, 937]"
178,"[1915, 1064, 993, 320, 992]"
179,"[1134, 1135, 1137, 1795, 1888]"
180,"[1915, 1277, 324, 1748, 868]"
181,"[1570, 372, 368, 198, 1064]"
182,"[372, 368, 454, 455, 108]"
183,"[1915, 1902, 101, 1917, 890]"
184,"[1915, 1134, 1196, 1750, 306]"
185,"[79, 704, 163, 409, 216]"
186,"[1894, 409, 97, 96, 1746]"
187,"[113, 1907, 1922, 1897, 1899]"
188,"[116, 1636, 438, 1762, 449]"
189,"[1708, 1513, 3, 594, 5]"
190,"[1915, 890, 1704, 1705, 1676]"
191,"[1032, 1710, 1785, 862, 603]"
192,"[1704, 1705, 1250, 1034, 1202]"
193,"[1018, 1915, 320, 1277, 368]"
194,"[1705, 1704, 1775, 1768, 1907]"
195,"[1915, 1298, 1302, 1704, 1705]"
196,"[1071, 1704, 1705, 16, 1073]"
197,"[705, 1704, 1705, 510, 1363]"
198,"[1277, 1125, 926, 1079, 1137]"
199,"[952, 1659, 1747, 863, 865]"
200,"[1113, 688, 1884, 163, 937]"
201,"[1704, 165, 166, 1705, 1748]"
202,"[1900, 101, 1915, 1750, 922]"
203,"[878, 922, 101, 1269, 1756]"
204,"[1607, 1517, 97, 96, 1157]"
205,"[163, 125, 1915, 116, 98]"
206,"[1705, 1704, 1762, 1758, 1516]"
207,"[438, 1636, 16, 291, 116]"
208,"[692, 846, 1032, 1762, 1758]"
209,"[587, 862, 98, 1924, 1603]"
210,"[1050, 737, 719, 1018, 959]"
211,"[1705, 1704, 1924, 98, 1762]"
212,"[1676, 1924, 116, 1071, 408]"
213,"[1185, 922, 1904, 1040, 455]"
214,"[1277, 451, 598, 596, 1705]"
215,"[1758, 1064, 1762, 1922, 1897]"
216,"[1907, 1910, 1064, 1615, 89]"
217,"[1570, 372, 1705, 1704, 1125]"
218,"[1899, 1041, 1775, 1526, 1907]"
219,"[165, 1733, 757, 669, 927]"
220,"[1721, 165, 98, 440, 108]"
221,"[1042, 692, 1613, 98, 409]"
222,"[1013, 945, 1705, 1704, 726]"
223,"[1769, 1704, 1705, 653, 1637]"
224,"[1567, 1192, 1907, 97, 96]"
225,"[1906, 1704, 1705, 1676, 1636]"
226,"[125, 1639, 1666, 926, 1690]"
227,"[168, 89, 164, 126, 1907]"
228,"[1705, 1704, 375, 1171, 1921]"
229,"[1732, 1704, 692, 1705, 97]"
230,"[1637, 360, 324, 1091, 1062]"
231,"[1758, 1762, 1760, 1761, 1662]"
232,"[1795, 1599, 321, 688, 697]"
233,"[455, 114, 1567, 16, 454]"
234,"[107, 927, 1905, 603, 1527]"
235,"[455, 1043, 677, 368, 1676]"
236,"[455, 438, 1636, 1907, 454]"
237,"[1705, 1704, 1758, 1907, 1926]"
238,"[677, 1043, 1758, 1762, 1761]"
239,"[439, 1636, 438, 455, 1086]"
240,"[715, 1014, 921, 937, 159]"
241,"[372, 1070, 368, 455, 1613]"
242,"[1025, 937, 159, 168, 1588]"
243,"[1567, 1907, 1705, 1704, 135]"
244,"[114, 922, 1896, 921, 1114]"
245,"[478, 1924, 1704, 1705, 922]"
246,"[1917, 116, 1070, 359, 455]"
247,"[1759, 1764, 1654, 1916, 250]"
248,"[372, 368, 1040, 321, 1259]"
249,"[455, 454, 1762, 1758, 846]"
250,"[7, 1772, 1708, 1856, 1857]"
251,"[1601, 692, 1762, 1758, 1704]"
252,"[1928, 1043, 125, 1916, 1271]"
253,"[411, 1173, 443, 1187, 697]"
254,"[116, 163, 164, 921, 1917]"
255,"[1704, 1705, 440, 1795, 107]"
256,"[1157, 409, 1613, 1186, 1035]"
257,"[1704, 1705, 677, 349, 363]"
258,"[1935, 1863, 1837, 1828, 1833]"
259,"[1915, 98, 1133, 1202, 410]"
260,"[406, 223, 407, 1079, 1086]"
261,"[1820, 1819, 1818, 1770, 1704]"
262,"[1761, 1760, 97, 96, 98]"
263,"[1025, 937, 159, 419, 921]"
264,"[333, 321, 878, 342, 1704]"
265,"[1924, 1753, 937, 1025, 159]"
266,"[106, 89, 369, 149, 1915]"
267,"[1762, 1758, 1617, 1721, 1555]"
268,"[438, 1636, 1924, 98, 97]"
269,"[368, 163, 862, 698, 683]"
270,"[379, 1190, 1731, 1098, 108]"
271,"[441, 343, 927, 1050, 1265]"
272,"[1488, 211, 937, 1025, 159]"
273,"[1915, 1014, 125, 333, 361]"
274,"[1157, 921, 1607, 1025, 937]"
275,"[363, 1609, 1157, 1705, 1704]"
276,"[1696, 290, 1704, 1705, 257]"
277,"[259, 1785, 1488, 1567, 1753]"
278,"[1113, 1083, 98, 527, 1637]"
279,"[1772, 1808, 1706, 1766, 1810]"
280,"[403, 307, 308, 1100, 765]"
281,"[372, 1157, 1896, 921, 1607]"
282,"[1704, 1705, 530, 1758, 1762]"
283,"[372, 368, 1910, 1196, 409]"
284,"[1607, 89, 1705, 1704, 1906]"
285,"[594, 1513, 1772, 361, 1753]"
286,"[1900, 1917, 125, 1131, 1674]"
287,"[368, 1157, 455, 692, 804]"
288,"[1313, 1705, 1704, 1904, 18]"
289,"[1675, 1676, 1153, 455, 1915]"
290,"[125, 1924, 478, 1705, 1704]"
291,"[1915, 677, 89, 1790, 1791]"
292,"[164, 118, 1173, 89, 171]"
293,"[420, 862, 1786, 1788, 1787]"
294,"[150, 1620, 1775, 1768, 1761]"
295,"[1917, 190, 478, 1639, 1924]"
296,"[1915, 89, 1043, 171, 677]"
297,"[1917, 890, 112, 455, 1758]"
298,"[819, 1904, 922, 455, 1774]"
299,"[60, 1884, 171, 1887, 789]"
300,"[866, 1249, 221, 776, 1185]"
301,"[1043, 1704, 1705, 371, 1249]"
302,"[1772, 1560, 1760, 1761, 349]"
303,"[1915, 98, 1301, 677, 1762]"
304,"[163, 164, 1113, 116, 921]"
305,"[1795, 1134, 1135, 603, 1137]"
306,"[1727, 1731, 1728, 375, 34]"
307,"[1306, 1257, 1258, 1370, 1363]"
308,"[1704, 1705, 175, 164, 149]"
309,"[1762, 1758, 116, 1768, 1775]"
310,"[1768, 1774, 1769, 1775, 60]"
311,"[501, 1748, 868, 618, 1915]"
312,"[409, 97, 96, 98, 1746]"
313,"[1915, 1705, 1704, 1721, 1777]"
314,"[442, 441, 300, 366, 298]"
315,"[1034, 162, 165, 928, 175]"
316,"[1704, 1705, 608, 1725, 768]"
317,"[455, 1884, 114, 16, 116]"
318,"[1915, 101, 1900, 1676, 890]"
319,"[116, 455, 114, 1917, 1884]"
320,"[1932, 1704, 1705, 530, 190]"
321,"[116, 1915, 1924, 1917, 455]"
322,"[1157, 257, 692, 368, 455]"
323,"[149, 728, 1488, 1029, 144]"
324,"[455, 454, 1704, 1705, 98]"
325,"[1763, 1772, 1886, 1301, 1068]"
326,"[1607, 1157, 705, 761, 366]"
327,"[1014, 1071, 1924, 96, 97]"
328,"[938, 921, 1025, 159, 937]"
329,"[341, 1795, 1705, 1704, 688]"
330,"[1863, 1915, 1837, 1833, 1828]"
331,"[1038, 1750, 361, 371, 1762]"
332,"[1636, 438, 1609, 1677, 1699]"
333,"[1192, 1704, 1705, 1615, 98]"
334,"[1607, 1517, 1157, 98, 1639]"
335,"[164, 216, 1196, 108, 171]"
336,"[1028, 1925, 101, 329, 1738]"
337,"[1699, 60, 1795, 1704, 1705]"
338,"[409, 1041, 620, 470, 171]"
339,"[1570, 372, 368, 198, 1064]"
340,"[1907, 455, 1662, 454, 114]"
341,"[372, 1750, 1676, 89, 113]"
342,"[1902, 1713, 98, 97, 96]"
343,"[114, 454, 455, 116, 1192]"
344,"[372, 164, 116, 1570, 618]"
345,"[309, 1269, 1280, 1096, 1299]"
346,"[1915, 455, 96, 97, 98]"
347,"[693, 692, 1601, 1277, 888]"
348,"[1915, 223, 1651, 677, 406]"
349,"[1098, 116, 455, 114, 1884]"
350,"[1769, 1775, 1768, 1760, 1758]"
351,"[1924, 97, 96, 98, 1746]"
352,"[372, 1570, 455, 89, 368]"
353,"[472, 1036, 1701, 415, 2]"
354,"[164, 937, 1025, 159, 1612]"
355,"[97, 96, 98, 677, 455]"
356,"[1915, 620, 470, 885, 1676]"
357,"[163, 1924, 164, 921, 455]"
358,"[376, 677, 688, 34, 1810]"
359,"[1705, 1704, 890, 112, 101]"
360,"[1917, 890, 112, 1157, 1599]"
361,"[1900, 1705, 1026, 1116, 1030]"
362,"[1917, 1599, 1277, 1157, 1762]"
363,"[1900, 1676, 101, 890, 112]"
364,"[1915, 1762, 98, 97, 96]"
365,"[175, 164, 921, 165, 163]"
366,"[1135, 1795, 1134, 1137, 1887]"
367,"[1270, 855, 1658, 692, 98]"
368,"[1026, 1775, 1768, 1836, 1832]"
369,"[1023, 398, 89, 1290, 1861]"
370,"[1775, 1760, 1761, 1768, 1769]"
371,"[368, 1137, 1157, 1704, 1705]"
372,"[73, 171, 904, 1670, 749]"
373,"[323, 221, 411, 1690, 1139]"
374,"[1014, 1296, 1281, 1761, 1760]"
375,"[1752, 1524, 1041, 1525, 1559]"
376,"[1071, 1014, 1091, 1637, 688]"
377,"[878, 295, 1637, 1915, 902]"
378,"[1705, 1704, 1758, 1760, 1316]"
379,"[1907, 1277, 478, 1064, 1705]"
380,"[96, 97, 98, 900, 1758]"
381,"[1607, 165, 1025, 937, 159]"
382,"[164, 163, 165, 478, 921]"
383,"[1062, 1761, 1760, 1762, 1758]"
384,"[1157, 1202, 410, 165, 166]"
385,"[722, 1017, 1066, 1599, 1043]"
386,"[1915, 292, 1774, 361, 1793]"
387,"[1567, 1609, 372, 363, 1185]"
388,"[1176, 1173, 1070, 344, 695]"
389,"[1704, 1068, 1705, 1118, 928]"
390,"[1915, 1066, 1277, 1073, 1662]"
391,"[1760, 361, 1762, 1758, 1273]"
392,"[188, 982, 113, 1681, 409]"
393,"[1915, 331, 1488, 1133, 1029]"
394,"[878, 922, 101, 1269, 1795]"
395,"[1567, 1775, 1768, 1907, 1192]"
396,"[349, 190, 688, 1190, 590]"
397,"[455, 60, 454, 1907, 114]"
398,"[1704, 1705, 1906, 1676, 926]"
399,"[60, 868, 1924, 1793, 1792]"
400,"[1072, 1762, 1705, 1704, 1756]"
401,"[1059, 688, 1705, 1704, 1086]"
402,"[438, 1636, 1915, 116, 455]"
403,"[98, 97, 96, 1746, 102]"
404,"[347, 1277, 1769, 1775, 258]"
405,"[1705, 1704, 511, 1809, 1835]"
406,"[455, 1157, 1277, 851, 692]"
407,"[1704, 1705, 1260, 1259, 1253]"
408,"[1902, 1705, 1704, 692, 455]"
409,"[1760, 1704, 1705, 1655, 1761]"
410,"[1671, 1616, 1745, 1041, 1907]"
411,"[1030, 1699, 664, 1675, 1676]"
412,"[1601, 692, 1726, 846, 125]"
413,"[204, 1014, 1041, 202, 962]"
414,"[59, 126, 1297, 124, 780]"
415,"[1570, 906, 135, 1711, 372]"
416,"[116, 1025, 159, 937, 164]"
417,"[1752, 1618, 1704, 1705, 1750]"
418,"[1042, 1018, 1054, 919, 195]"
419,"[1157, 1186, 1769, 1035, 1636]"
420,"[1651, 1148, 924, 1761, 1760]"
421,"[108, 1705, 1704, 1041, 1650]"
422,"[1627, 159, 937, 1025, 922]"
423,"[594, 1513, 1340, 1772, 542]"
424,"[1607, 1705, 1704, 98, 1299]"
425,"[1750, 1705, 1704, 164, 921]"
426,"[365, 398, 906, 334, 446]"
427,"[371, 1040, 451, 440, 1676]"
428,"[259, 1157, 1319, 368, 1924]"
429,"[1727, 1728, 98, 97, 96]"
430,"[211, 1488, 1042, 1026, 1018]"
431,"[361, 925, 365, 398, 603]"
432,"[478, 98, 96, 97, 1924]"
433,"[1915, 98, 1137, 677, 1705]"
434,"[1025, 937, 159, 921, 1613]"
435,"[372, 1705, 1704, 1567, 1761]"
436,"[1704, 1705, 1659, 79, 1651]"
437,"[933, 1705, 1704, 1474, 511]"
438,"[1030, 1916, 1760, 1761, 1768]"
439,"[1772, 1580, 1486, 1516, 98]"
440,"[1917, 890, 112, 1758, 455]"
441,"[108, 1721, 1915, 1761, 1760]"
442,"[89, 124, 1761, 1760, 1904]"
443,"[372, 1157, 1760, 1609, 1024]"
444,"[372, 455, 1157, 454, 1042]"
445,"[376, 677, 1054, 377, 688]"
446,"[379, 1133, 1902, 1045, 1001]"
447,"[1249, 1915, 1704, 1705, 1021]"
448,"[922, 125, 97, 96, 1758]"
449,"[1071, 89, 1587, 1748, 868]"
450,"[1705, 1704, 1041, 1193, 1909]"
451,"[455, 692, 165, 1704, 1705]"
452,"[1917, 289, 1705, 1704, 1762]"
453,"[1902, 1917, 101, 692, 1018]"
454,"[878, 922, 1041, 925, 162]"
455,"[259, 224, 261, 1317, 1567]"
456,"[1915, 919, 1192, 97, 96]"
457,"[1928, 1676, 1916, 116, 1043]"
458,"[1924, 1102, 97, 96, 98]"
459,"[1739, 309, 1118, 1083, 1906]"
460,"[1863, 1833, 1837, 1828, 1915]"
461,"[1011, 1650, 734, 727, 726]"
462,"[437, 1135, 1284, 98, 97]"
463,"[175, 1713, 674, 919, 1120]"
464,"[1750, 455, 125, 1924, 116]"
465,"[1570, 1769, 372, 1775, 1768]"
466,"[926, 164, 165, 1068, 163]"
467,"[73, 1303, 1250, 1764, 1759]"
468,"[1761, 1760, 1277, 349, 1758]"
469,"[1570, 372, 368, 1733, 1064]"
470,"[811, 1192, 1071, 1611, 1762]"
471,"[1277, 1250, 291, 1677, 1255]"
472,"[125, 1113, 1062, 1921, 171]"
473,"[1042, 197, 402, 1705, 1704]"
474,"[278, 1052, 1752, 349, 265]"
475,"[688, 1915, 677, 376, 952]"
476,"[594, 1513, 542, 1580, 1828]"
477,"[1763, 1765, 1777, 1758, 1762]"
478,"[1034, 1900, 1927, 1543, 165]"
479,"[1269, 1758, 98, 96, 97]"
480,"[455, 171, 705, 165, 164]"
481,"[1250, 79, 1253, 1637, 1053]"
482,"[1761, 1617, 455, 1760, 1762]"
483,"[1607, 441, 1157, 98, 768]"
484,"[1902, 164, 163, 692, 116]"
485,"[1748, 868, 1071, 1705, 1704]"
486,"[1607, 1517, 1157, 97, 96]"
487,"[1907, 888, 116, 125, 438]"
488,"[1762, 1758, 1612, 1034, 409]"
489,"[97, 96, 98, 1853, 664]"
490,"[1915, 1917, 98, 116, 455]"
491,"[1549, 165, 164, 1551, 1915]"
492,"[372, 1155, 368, 819, 1608]"
493,"[1900, 101, 922, 96, 97]"
494,"[1273, 447, 697, 1157, 1192]"
495,"[1820, 1819, 1818, 1769, 922]"
496,"[1021, 1740, 781, 706, 1910]"
497,"[455, 164, 89, 1750, 98]"
498,"[1041, 175, 921, 937, 159]"
499,"[1192, 116, 1662, 692, 114]"
500,"[360, 1767, 1662, 319, 1277]"
501,"[126, 447, 1273, 1125, 743]"
502,"[455, 1370, 1358, 1363, 1579]"
503,"[679, 1762, 643, 1910, 682]"
504,"[1030, 922, 321, 164, 1752]"
505,"[1022, 1019, 1889, 360, 477]"
506,"[1246, 1772, 1769, 1758, 1762]"
507,"[1277, 1086, 357, 1196, 1936]"
508,"[1704, 1705, 1185, 1906, 1064]"
509,"[97, 96, 98, 922, 1758]"
510,"[1044, 1917, 757, 455, 669]"
511,"[1762, 1147, 114, 1567, 455]"
512,"[1202, 410, 455, 1607, 372]"
513,"[953, 219, 1041, 166, 952]"
514,"[773, 1056, 1277, 1907, 108]"
515,"[165, 113, 409, 89, 164]"
516,"[455, 116, 1884, 408, 1733]"
517,"[410, 1202, 455, 164, 165]"
518,"[1915, 1917, 922, 1752, 1030]"
519,"[250, 1727, 1731, 1015, 220]"
520,"[1067, 1704, 1705, 1043, 1884]"
521,"[1570, 372, 1705, 1704, 1125]"
522,"[1786, 1825, 1792, 1790, 1791]"
523,"[1915, 1752, 677, 1026, 1704]"
524,"[1752, 1766, 1202, 410, 851]"
525,"[1917, 116, 326, 1924, 455]"
526,"[291, 1705, 1704, 1713, 1068]"
527,"[410, 1202, 79, 258, 926]"
528,"[211, 257, 1270, 143, 1127]"
529,"[1772, 1041, 594, 1026, 159]"
530,"[1705, 1704, 1070, 1899, 440]"
531,"[1915, 1133, 1079, 357, 294]"
532,"[922, 1607, 164, 98, 116]"
533,"[368, 1157, 1924, 455, 89]"
534,"[1030, 1068, 304, 1306, 1761]"
535,"[1705, 1704, 1769, 1768, 1775]"
536,"[73, 1207, 1705, 1704, 37]"
537,"[163, 116, 921, 454, 455]"
538,"[478, 1924, 60, 98, 96]"
539,"[1785, 1317, 1567, 224, 259]"
540,"[1676, 113, 455, 920, 1750]"
541,"[98, 96, 97, 1639, 166]"
542,"[1129, 440, 1040, 451, 371]"
543,"[1676, 125, 1299, 1277, 902]"
544,"[1768, 478, 1775, 1705, 1704]"
545,"[98, 1705, 1704, 1607, 79]"
546,"[1261, 966, 165, 164, 334]"
547,"[1157, 96, 1607, 98, 97]"
548,"[1924, 1607, 819, 928, 116]"
549,"[1705, 552, 1704, 1761, 1760]"
550,"[1828, 1833, 1837, 1935, 1202]"
551,"[98, 1043, 96, 97, 165]"
552,"[1067, 698, 1050, 1066, 1056]"
553,"[1607, 705, 1186, 368, 765]"
554,"[1157, 1705, 1704, 1607, 97]"
555,"[360, 1536, 116, 190, 1899]"
556,"[1924, 190, 455, 1761, 1760]"
557,"[1567, 372, 1157, 1705, 1704]"
558,"[1924, 96, 97, 98, 1746]"
559,"[1071, 811, 1807, 321, 322]"
560,"[1769, 1768, 1775, 1758, 1762]"
561,"[116, 114, 1917, 1705, 1704]"
562,"[1900, 1915, 1676, 1917, 101]"
563,"[1833, 1837, 1828, 1516, 1706]"
564,"[163, 116, 1924, 164, 921]"
565,"[922, 1620, 921, 164, 1027]"
566,"[1071, 413, 101, 1705, 1704]"
567,"[97, 96, 409, 1894, 1746]"
568,"[688, 1915, 677, 1900, 376]"
569,"[1907, 698, 1899, 1116, 862]"
570,"[1607, 124, 216, 1316, 1705]"
571,"[89, 1906, 106, 1899, 1528]"
572,"[1915, 1792, 1789, 1790, 1704]"
573,"[1676, 1750, 113, 455, 89]"
574,"[1567, 372, 135, 1880, 1705]"
575,"[1915, 868, 1748, 125, 20]"
576,"[1672, 371, 1704, 1705, 1821]"
577,"[1772, 1340, 1580, 441, 649]"
578,"[1897, 1922, 166, 113, 89]"
579,"[1924, 1762, 1773, 96, 97]"
580,"[1299, 260, 1001, 736, 1338]"
581,"[259, 256, 390, 1567, 1153]"
582,"[1674, 1550, 125, 1745, 1671]"
583,"[1616, 1671, 1745, 1907, 409]"
584,"[1705, 1704, 1112, 1884, 455]"
585,"[360, 1904, 1704, 1705, 124]"
586,"[206, 1705, 1704, 141, 212]"
587,"[1915, 1899, 116, 1526, 98]"
588,"[89, 1909, 624, 1193, 1704]"
589,"[1041, 125, 1907, 1659, 165]"
590,"[1762, 1758, 1068, 455, 1030]"
591,"[116, 1704, 1705, 438, 1636]"
592,"[982, 1760, 1761, 188, 461]"
593,"[1700, 862, 1786, 1787, 1788]"
594,"[1915, 1704, 1705, 98, 125]"
595,"[1917, 359, 455, 765, 762]"
596,"[1064, 163, 164, 921, 1112]"
597,"[1915, 1704, 1705, 1924, 1904]"
598,"[1704, 1705, 1808, 782, 1924]"
599,"[1915, 1704, 1705, 212, 1826]"
600,"[116, 1915, 1924, 125, 1032]"
601,"[1303, 1080, 1705, 1704, 1637]"
602,"[1742, 692, 89, 1543, 398]"
603,"[1246, 73, 692, 1708, 1772]"
604,"[1704, 1705, 1188, 1762, 1758]"
605,"[1917, 1915, 1042, 1916, 163]"
606,"[1900, 1927, 1752, 1705, 1704]"
607,"[776, 1756, 851, 108, 1185]"
608,"[677, 114, 688, 1750, 16]"
609,"[1762, 1758, 1705, 1704, 1924]"
610,"[692, 1142, 1861, 1855, 1846]"
611,"[1772, 427, 58, 57, 54]"
612,"[692, 846, 1726, 1277, 1601]"
613,"[455, 1761, 1760, 116, 114]"
614,"[108, 1758, 1762, 1705, 1704]"
615,"[1915, 376, 140, 677, 1754]"
616,"[125, 1705, 1704, 902, 1690]"
617,"[398, 624, 1023, 89, 741]"
618,"[862, 1786, 1788, 1787, 1603]"
619,"[1086, 1066, 1906, 89, 1603]"
620,"[835, 1705, 1704, 1758, 1762]"
621,"[97, 96, 98, 102, 409]"
622,"[1295, 1903, 965, 1277, 1196]"
623,"[1157, 368, 455, 1042, 862]"
624,"[108, 1772, 1758, 190, 1704]"
625,"[455, 1676, 116, 171, 1675]"
626,"[1915, 1651, 371, 924, 1148]"
627,"[1772, 1726, 1034, 1639, 190]"
628,"[1874, 1050, 1870, 1721, 165]"
629,"[29, 527, 1780, 1213, 523]"
630,"[114, 60, 455, 454, 1192]"
631,"[1927, 1065, 321, 1762, 1620]"
632,"[1915, 116, 438, 1636, 997]"
633,"[677, 688, 1833, 1828, 1837]"
634,"[1147, 116, 1902, 937, 159]"
635,"[1029, 98, 164, 922, 1193]"
636,"[372, 1570, 374, 1705, 1704]"
637,"[1772, 542, 594, 328, 595]"
638,"[1915, 1001, 455, 125, 1676]"
639,"[1147, 1178, 1762, 1916, 1872]"
640,"[1147, 878, 1054, 1902, 861]"
641,"[410, 1202, 1915, 1704, 922]"
642,"[333, 1043, 288, 1051, 1026]"
643,"[793, 1313, 1746, 98, 749]"
644,"[116, 1769, 1775, 1768, 1760]"
645,"[372, 1705, 1704, 135, 1570]"
646,"[1607, 165, 97, 1704, 1705]"
647,"[1038, 366, 604, 164, 165]"
648,"[1704, 1705, 530, 1762, 1758]"
649,"[97, 96, 409, 98, 1894]"
650,"[372, 1157, 1070, 472, 1607]"
651,"[257, 454, 375, 1636, 438]"
652,"[1186, 215, 153, 142, 1140]"
653,"[1705, 1704, 1113, 1921, 114]"
654,"[1699, 1675, 1768, 1618, 1769]"
655,"[1157, 1705, 1704, 166, 331]"
656,"[116, 455, 1567, 1880, 1064]"
657,"[1157, 455, 1896, 96, 97]"
658,"[116, 1147, 455, 98, 1112]"
659,"[455, 454, 1705, 535, 1210]"
660,"[455, 1567, 98, 1875, 116]"
661,"[340, 1107, 1147, 73, 1704]"
662,"[98, 292, 1655, 1924, 663]"
663,"[116, 692, 1604, 1277, 1192]"
664,"[1928, 116, 1147, 1032, 1705]"
665,"[666, 1032, 1299, 716, 355]"
666,"[1086, 1928, 1936, 1277, 1196]"
667,"[925, 1073, 1050, 1779, 1915]"
668,"[1186, 439, 381, 692, 113]"
669,"[447, 1273, 697, 1907, 1921]"
670,"[1404, 501, 493, 125, 1753]"
671,"[1196, 164, 937, 1025, 159]"
672,"[1072, 1157, 1911, 213, 983]"
673,"[379, 1098, 47, 368, 1011]"
674,"[455, 1750, 1704, 1705, 409]"
675,"[1786, 1787, 1788, 171, 1791]"
676,"[1273, 447, 1116, 1931, 126]"
677,"[1917, 101, 359, 116, 455]"
678,"[48, 1704, 1705, 165, 164]"
679,"[388, 125, 29, 28, 27]"
680,"[1567, 372, 1618, 1705, 1704]"
681,"[1112, 605, 1067, 997, 454]"
682,"[368, 108, 333, 372, 1705]"
683,"[24, 1123, 150, 408, 1045]"
684,"[692, 1705, 1704, 1762, 1758]"
685,"[698, 1907, 1899, 1768, 1775]"
686,"[1915, 113, 1676, 1650, 726]"
687,"[1915, 1133, 1001, 1352, 1488]"
688,"[165, 925, 159, 1025, 937]"
689,"[1907, 1070, 277, 1934, 97]"
690,"[1762, 1758, 1125, 1704, 1705]"
691,"[921, 937, 159, 1025, 97]"
692,"[1902, 60, 1699, 1795, 1675]"
693,"[163, 1924, 164, 921, 465]"
694,"[1773, 1504, 1705, 1704, 1172]"
695,"[1302, 164, 570, 60, 1299]"
696,"[455, 1705, 1704, 1613, 98]"
697,"[1027, 1030, 455, 1666, 1083]"
698,"[1705, 1704, 89, 165, 1025]"
699,"[361, 1705, 1704, 159, 937]"
700,"[1617, 1761, 1760, 1762, 1758]"
701,"[1157, 372, 455, 1185, 851]"
702,"[1705, 1704, 1803, 1800, 1779]"
703,"[511, 1704, 1705, 1157, 1835]"
704,"[197, 1042, 921, 1909, 212]"
705,"[1915, 125, 116, 1755, 618]"
706,"[1119, 1935, 441, 290, 1659]"
707,"[1153, 164, 1636, 438, 259]"
708,"[1277, 164, 125, 98, 781]"
709,"[291, 409, 98, 96, 97]"
710,"[1250, 79, 1253, 1637, 1053]"
711,"[1915, 1936, 1935, 1833, 1837]"
712,"[1567, 1775, 1768, 1907, 1192]"
713,"[372, 113, 1676, 89, 125]"
714,"[421, 124, 1551, 410, 1202]"
715,"[1773, 1653, 1772, 1758, 1762]"
716,"[1916, 1639, 304, 1705, 1704]"
717,"[1050, 371, 1916, 1659, 1086]"
718,"[1299, 1263, 1097, 410, 1202]"
719,"[96, 97, 98, 1746, 102]"
720,"[704, 1124, 1696, 1190, 7]"
721,"[390, 343, 1704, 1705, 1762]"
722,"[681, 1073, 291, 887, 1649]"
723,"[1900, 1277, 1067, 101, 1795]"
724,"[1570, 372, 1775, 1768, 1769]"
725,"[372, 1157, 1607, 1196, 409]"
726,"[1196, 171, 372, 1927, 1656]"
727,"[376, 377, 677, 1086, 455]"
728,"[1896, 455, 1040, 454, 1910]"
729,"[175, 165, 164, 972, 1046]"
730,"[1705, 1704, 511, 1809, 1835]"
731,"[1607, 98, 1608, 1, 1704]"
732,"[108, 1907, 1636, 438, 1157]"
733,"[1772, 594, 878, 922, 101]"
734,"[1902, 1915, 688, 1269, 455]"
735,"[470, 620, 925, 1041, 406]"
736,"[1246, 1708, 365, 915, 1181]"
737,"[96, 98, 97, 1607, 1599]"
738,"[1098, 1113, 98, 465, 1655]"
739,"[372, 1889, 135, 1567, 1705]"
740,"[1705, 1704, 1601, 1726, 582]"
741,"[455, 1040, 454, 1042, 97]"
742,"[1244, 423, 642, 925, 163]"
743,"[1570, 1769, 372, 1775, 1768]"
744,"[1915, 1704, 1705, 530, 1762]"
745,"[89, 97, 96, 409, 98]"
746,"[1915, 164, 455, 368, 1676]"
747,"[1750, 455, 116, 1896, 1676]"
748,"[1917, 1695, 396, 692, 1561]"
749,"[688, 1752, 878, 1043, 1753]"
750,"[1762, 1800, 1803, 1758, 1704]"
751,"[175, 164, 165, 1042, 1617]"
752,"[292, 1733, 1247, 1792, 1793]"
753,"[116, 163, 921, 164, 1924]"
754,"[922, 289, 60, 1297, 116]"
755,"[1105, 410, 1202, 1196, 113]"
756,"[1705, 1704, 1567, 1752, 1758]"
757,"[171, 936, 1863, 1792, 1790]"
758,"[1705, 1704, 332, 1155, 1116]"
759,"[990, 126, 162, 165, 174]"
760,"[1074, 1927, 1900, 60, 1116]"
761,"[1704, 1705, 164, 175, 921]"
762,"[1915, 618, 1070, 1639, 1917]"
763,"[98, 97, 96, 165, 164]"
764,"[1192, 1611, 1705, 1704, 1726]"
765,"[377, 1902, 1917, 677, 376]"
766,"[1066, 1763, 1753, 1108, 1055]"
767,"[1758, 1762, 595, 98, 590]"
768,"[121, 96, 97, 98, 409]"
769,"[211, 1733, 922, 1029, 1762]"
770,"[372, 1570, 374, 1705, 1704]"
771,"[1086, 368, 455, 1186, 920]"
772,"[73, 1742, 1541, 1522, 1564]"
773,"[1069, 1705, 291, 1620, 1520]"
774,"[1567, 98, 96, 97, 866]"
775,"[1127, 1040, 451, 371, 1129]"
776,"[1917, 1915, 1185, 1025, 937]"
777,"[363, 1662, 1756, 1062, 1185]"
778,"[1157, 1607, 441, 1299, 1737]"
779,"[915, 962, 288, 966, 952]"
780,"[1915, 1134, 410, 1202, 1196]"
781,"[372, 368, 1070, 455, 1613]"
782,"[993, 1915, 1043, 1029, 677]"
783,"[1159, 1915, 1141, 320, 368]"
784,"[1705, 1704, 739, 257, 1740]"
785,"[1705, 1704, 1773, 1762, 1758]"
786,"[347, 920, 886, 259, 1648]"
787,"[1763, 1261, 1699, 1704, 927]"
788,"[1910, 1523, 1758, 1567, 1705]"
789,"[380, 1705, 1704, 1674, 1777]"
790,"[1030, 1041, 1907, 1520, 1556]"
791,"[1113, 1773, 163, 921, 164]"
792,"[372, 455, 171, 454, 1613]"
793,"[643, 1750, 353, 325, 303]"
794,"[1137, 1134, 1135, 320, 614]"
795,"[368, 372, 1157, 1750, 1185]"
796,"[372, 1125, 333, 292, 321]"
797,"[292, 1617, 1722, 1761, 1760]"
798,"[1277, 1125, 1761, 1760, 1766]"
799,"[1769, 1758, 1762, 1775, 1774]"
800,"[1915, 1906, 441, 60, 1704]"
801,"[1570, 368, 372, 1733, 1064]"
802,"[294, 89, 1705, 1704, 1042]"
803,"[1216, 1355, 390, 1612, 1773]"
804,"[1915, 1705, 1704, 1917, 116]"
805,"[98, 97, 96, 1772, 954]"
806,"[1773, 449, 1774, 1275, 1050]"
807,"[1761, 1760, 1705, 1704, 1762]"
808,"[1098, 1604, 1567, 1299, 1113]"
809,"[1204, 212, 1630, 927, 1687]"
810,"[1760, 1761, 1762, 692, 289]"
811,"[1704, 1705, 276, 1112, 1567]"
812,"[125, 207, 1676, 408, 1754]"
813,"[96, 409, 102, 1746, 98]"
814,"[1899, 510, 1705, 1704, 1826]"
815,"[1772, 409, 1922, 1897, 98]"
816,"[1916, 1917, 1030, 1919, 1676]"
817,"[1712, 1704, 1705, 558, 1762]"
818,"[1190, 379, 1705, 1704, 380]"
819,"[1112, 1273, 447, 1760, 1761]"
820,"[1922, 1897, 1899, 927, 1526]"
821,"[1017, 1041, 1039, 919, 1150]"
822,"[1274, 663, 1924, 1705, 1704]"
823,"[692, 693, 1726, 846, 1277]"
824,"[165, 1733, 1828, 1833, 1837]"
825,"[1769, 1067, 1768, 339, 1775]"
826,"[1071, 878, 113, 320, 1676]"
827,"[1071, 1748, 868, 1704, 1705]"
828,"[1837, 1828, 1833, 1819, 1818]"
829,"[1704, 1705, 530, 1762, 1758]"
830,"[89, 166, 113, 922, 101]"
831,"[438, 1636, 1705, 1704, 455]"
832,"[1616, 1745, 1671, 1921, 165]"
833,"[116, 455, 856, 1147, 1921]"
834,"[455, 1785, 1924, 1904, 440]"
835,"[921, 1025, 937, 159, 102]"
836,"[978, 976, 974, 973, 972]"
837,"[1907, 375, 438, 26, 1780]"
838,"[1758, 125, 710, 265, 216]"
839,"[409, 1746, 102, 341, 96]"
840,"[1030, 1025, 159, 937, 1916]"
841,"[291, 289, 1586, 324, 1615]"
842,"[988, 153, 928, 1011, 1055]"
843,"[314, 1027, 165, 271, 927]"
844,"[360, 1041, 1037, 1174, 7]"
845,"[89, 1064, 165, 921, 1615]"
846,"[1915, 219, 1042, 921, 1041]"
847,"[1001, 927, 1258, 1588, 1052]"
848,"[159, 937, 1025, 89, 921]"
849,"[1704, 1705, 1758, 1762, 1761]"
850,"[1762, 1758, 1705, 1704, 1511]"
851,"[1750, 890, 112, 922, 409]"
852,"[165, 89, 921, 937, 1025]"
853,"[1032, 1603, 438, 1066, 1299]"
854,"[275, 912, 97, 96, 98]"
855,"[1758, 1762, 1769, 1768, 1775]"
856,"[1014, 1917, 408, 1902, 455]"
857,"[1145, 250, 1907, 89, 1246]"
858,"[628, 1073, 98, 1145, 164]"
859,"[1307, 333, 1637, 1406, 1458]"
860,"[1064, 96, 97, 98, 1526]"
861,"[411, 1014, 395, 1047, 788]"
862,"[921, 1620, 1025, 937, 159]"
863,"[1907, 98, 1750, 89, 277]"
864,"[60, 124, 1746, 102, 409]"
865,"[1915, 1118, 677, 868, 1748]"
866,"[1704, 1705, 1762, 1758, 530]"
867,"[922, 1758, 423, 1244, 89]"
868,"[1924, 663, 442, 1760, 1636]"
869,"[409, 98, 97, 96, 124]"
870,"[1185, 347, 730, 1636, 164]"
871,"[1704, 1705, 108, 1721, 1246]"
872,"[1676, 409, 113, 89, 1675]"
873,"[164, 113, 89, 165, 125]"
874,"[927, 1527, 1027, 1630, 1046]"
875,"[256, 261, 221, 997, 1014]"
876,"[1130, 692, 1040, 219, 113]"
877,"[789, 1696, 1697, 125, 7]"
878,"[1157, 1032, 1062, 1113, 164]"
879,"[98, 97, 96, 409, 175]"
880,"[379, 1746, 102, 409, 98]"
881,"[1915, 128, 927, 1261, 165]"
882,"[89, 98, 922, 164, 1025]"
883,"[692, 693, 846, 1726, 1277]"
884,"[291, 113, 890, 112, 922]"
885,"[1833, 1828, 1837, 290, 1112]"
886,"[291, 455, 112, 113, 890]"
887,"[1041, 324, 113, 1556, 1550]"
888,"[96, 98, 97, 165, 164]"
889,"[102, 409, 98, 97, 96]"
890,"[1032, 1705, 1704, 409, 1746]"
891,"[1915, 409, 1102, 113, 96]"
892,"[1704, 1705, 166, 1041, 165]"
893,"[1705, 1704, 1758, 1762, 1761]"
894,"[1168, 1729, 385, 1186, 1647]"
895,"[938, 1044, 1922, 1897, 1905]"
896,"[409, 89, 113, 1193, 1907]"
897,"[1915, 1042, 1030, 164, 1666]"
898,"[1922, 1897, 409, 113, 1761]"
899,"[1907, 692, 846, 1601, 451]"
900,"[219, 1006, 255, 265, 997]"
901,"[89, 1905, 98, 921, 97]"
902,"[1917, 1655, 455, 1104, 408]"
903,"[96, 97, 98, 1833, 1837]"
904,"[1014, 1046, 1592, 1590, 258]"
905,"[1907, 1745, 1671, 1616, 1041]"
906,"[409, 1627, 937, 1025, 159]"
907,"[165, 164, 1659, 1675, 1909]"
908,"[1651, 1915, 1649, 116, 408]"
909,"[455, 1762, 1758, 1617, 409]"
910,"[1705, 1704, 102, 1746, 409]"
911,"[1191, 455, 1255, 1909, 1904]"
912,"[98, 166, 924, 1922, 1897]"
913,"[222, 1077, 902, 1821, 1299]"
914,"[368, 1896, 454, 455, 1113]"
915,"[1915, 868, 1748, 1773, 409]"
916,"[1821, 1041, 1822, 1902, 1649]"
917,"[1837, 1828, 1833, 1935, 1863]"
918,"[1704, 1705, 1762, 1758, 1761]"
919,"[409, 1760, 1761, 1672, 928]"
920,"[113, 89, 165, 409, 1025]"
921,"[1795, 1135, 1137, 1134, 1244]"
922,"[1653, 292, 1168, 1863, 398]"
923,"[165, 1193, 1026, 937, 159]"
924,"[166, 1549, 928, 484, 1034]"
925,"[222, 1047, 437, 1787, 1788]"
926,"[1054, 185, 1030, 202, 618]"
927,"[1922, 1897, 409, 163, 890]"
928,"[1899, 1922, 1897, 1526, 166]"
929,"[1246, 1915, 1066, 736, 732]"
930,"[1927, 287, 1705, 1704, 927]"
931,"[1069, 1729, 164, 1636, 386]"
932,"[1066, 113, 409, 164, 165]"
933,"[89, 113, 409, 165, 1676]"
934,"[1915, 291, 1758, 1705, 1704]"
935,"[1045, 1916, 1296, 223, 333]"
936,"[1030, 705, 166, 1114, 1029]"
937,"[89, 1704, 1915, 878, 113]"
938,"[1344, 98, 97, 96, 1054]"
939,"[1758, 1762, 1704, 1705, 1761]"
940,"[1705, 1704, 1924, 663, 1071]"
941,"[409, 102, 1746, 97, 96]"
942,"[888, 89, 1192, 692, 98]"
943,"[1902, 1014, 116, 1917, 1552]"
944,"[1055, 272, 270, 1014, 1603]"
945,"[1068, 164, 96, 98, 97]"
946,"[1705, 1704, 1567, 1775, 1768]"
947,"[933, 1706, 1810, 1811, 1812]"
948,"[954, 1115, 1160, 125, 171]"
949,"[677, 376, 1758, 1762, 688]"
950,"[124, 102, 97, 98, 96]"
951,"[219, 270, 1030, 918, 1025]"
952,"[1772, 594, 1929, 300, 1046]"
953,"[1907, 409, 89, 165, 1025]"
954,"[1032, 1705, 1704, 1884, 1762]"
955,"[1899, 1773, 1907, 409, 1526]"
956,"[106, 1704, 1761, 1705, 1760]"
957,"[1071, 409, 166, 1748, 164]"
958,"[7, 1852, 1856, 1857, 1854]"
959,"[1705, 1704, 98, 819, 1758]"
960,"[113, 1907, 1533, 890, 112]"
961,"[1277, 116, 1601, 1704, 692]"
962,"[1774, 1772, 630, 1705, 1704]"
963,"[1705, 1704, 289, 1758, 1762]"
964,"[441, 1147, 692, 116, 1112]"
965,"[1030, 1924, 1133, 333, 1202]"
966,"[125, 1676, 455, 116, 113]"
967,"[371, 383, 702, 1165, 1774]"
968,"[1636, 438, 1750, 657, 1676]"
969,"[1244, 423, 328, 323, 1054]"
970,"[1917, 116, 1603, 1202, 410]"
971,"[113, 112, 289, 890, 1070]"
972,"[898, 291, 893, 1349, 1770]"
973,"[1922, 1897, 89, 166, 165]"
974,"[4, 749, 1041, 722, 919]"
975,"[354, 1924, 1909, 164, 165]"
976,"[98, 1935, 1837, 1828, 1833]"
977,"[1042, 256, 259, 211, 1775]"
978,"[692, 1662, 1726, 1112, 693]"
979,"[163, 165, 175, 919, 164]"
980,"[922, 923, 161, 212, 153]"
981,"[1072, 1704, 1705, 1761, 1760]"
982,"[320, 1184, 409, 1740, 781]"
983,"[89, 410, 1202, 1924, 1037]"
984,"[1049, 408, 1676, 1675, 455]"
985,"[409, 1762, 423, 1244, 1675]"
986,"[89, 1899, 1922, 1897, 113]"
987,"[1042, 620, 470, 670, 1125]"
988,"[692, 409, 164, 1705, 1704]"
989,"[1915, 923, 161, 1828, 1837]"
990,"[1899, 113, 89, 1907, 98]"
991,"[711, 98, 409, 704, 1762]"
992,"[106, 89, 1921, 1910, 1899]"
993,"[408, 1775, 364, 522, 1095]"
994,"[1304, 275, 273, 277, 912]"
995,"[1030, 692, 60, 1560, 1133]"
996,"[96, 97, 1040, 98, 409]"
997,"[928, 866, 1025, 937, 159]"
998,"[1032, 441, 124, 455, 692]"
999,"[296, 1196, 1699, 299, 605]"
1000,"[274, 259, 284, 1048, 1190]"
1001,"[409, 166, 163, 1063, 465]"
1002,"[1773, 1775, 1705, 1704, 1768]"
1003,"[1775, 1768, 1705, 1704, 1761]"
1004,"[1025, 1042, 1909, 165, 921]"
1005,"[1915, 455, 1863, 1833, 1837]"
1006,"[98, 97, 96, 692, 919]"
1007,"[925, 1029, 376, 1672, 169]"
1008,"[1246, 1109, 250, 211, 674]"
1009,"[878, 1027, 419, 603, 1903]"
1010,"[440, 451, 89, 166, 928]"
1011,"[1713, 1752, 1795, 1536, 1556]"
1012,"[692, 693, 1726, 846, 1601]"
1013,"[211, 1570, 1025, 89, 409]"
1014,"[1042, 164, 165, 1909, 175]"
1015,"[89, 1905, 165, 97, 96]"
1016,"[1915, 101, 878, 890, 112]"
1017,"[1915, 1935, 1863, 1833, 1828]"
1018,"[89, 165, 1025, 937, 159]"
1019,"[265, 165, 204, 1163, 918]"
1020,"[1762, 1758, 1032, 409, 1907]"
1021,"[89, 171, 112, 455, 890]"
1022,"[1696, 605, 1699, 1758, 1762]"
1023,"[1784, 1704, 1705, 1786, 678]"
1024,"[1637, 1790, 1791, 1789, 1792]"
1025,"[1705, 1704, 1762, 1758, 692]"
1026,"[1774, 73, 1705, 1704, 1424]"
1027,"[921, 165, 1025, 159, 937]"
1028,"[1513, 1772, 1833, 1828, 1837]"
1029,"[1030, 1133, 1560, 362, 175]"
1030,"[411, 443, 1176, 396, 323]"
1031,"[1637, 1704, 1705, 1825, 1676]"
1032,"[1704, 1705, 1826, 1567, 1904]"
1033,"[1066, 410, 1202, 1906, 1255]"
1034,"[1147, 1636, 1924, 275, 442]"
1035,"[657, 97, 96, 171, 648]"
1036,"[165, 1171, 1069, 1907, 113]"
1037,"[670, 781, 922, 1704, 164]"
1038,"[692, 1677, 1705, 1704, 1726]"
1039,"[1555, 1890, 758, 770, 757]"
1040,"[165, 164, 964, 291, 1073]"
1041,"[219, 1704, 1705, 1042, 1014]"
1042,"[1283, 437, 1080, 1086, 1676]"
1043,"[981, 984, 213, 983, 985]"
1044,"[368, 60, 1915, 455, 856]"
1045,"[1247, 415, 1750, 96, 98]"
1046,"[1014, 1929, 1592, 1149, 1590]"
1047,"[1924, 1133, 1915, 692, 97]"
1048,"[1810, 1706, 933, 930, 1752]"
1049,"[938, 166, 395, 1933, 90]"
1050,"[409, 97, 96, 98, 1746]"
1051,"[98, 1907, 1746, 113, 409]"
1052,"[452, 1300, 403, 1781, 1782]"
1053,"[1196, 1700, 402, 1699, 1837]"
1054,"[1822, 1821, 1828, 1746, 102]"
1055,"[423, 1244, 409, 1044, 95]"
1056,"[1227, 1383, 485, 1226, 1415]"
1057,"[1019, 1040, 1130, 409, 1131]"
1058,"[1705, 1704, 1758, 1762, 922]"
1059,"[1147, 1774, 1769, 1768, 1112]"
1060,"[1032, 1705, 1704, 409, 1746]"
1061,"[1752, 1590, 1705, 1704, 1043]"
1062,"[1705, 1704, 454, 1761, 455]"
1063,"[924, 113, 163, 165, 98]"
1064,"[1032, 1603, 1636, 1131, 438]"
1065,"[1704, 1705, 677, 1047, 1455]"
1066,"[1253, 1259, 1927, 1613, 455]"
1067,"[1915, 411, 171, 1202, 410]"
1068,"[1192, 1299, 1637, 1899, 1134]"
1069,"[1038, 1750, 411, 1762, 25]"
1070,"[89, 409, 920, 1922, 1897]"
1071,"[259, 1049, 1526, 938, 1924]"
1072,"[1904, 102, 1746, 409, 124]"
1073,"[165, 124, 1537, 96, 97]"
1074,"[1892, 692, 166, 1029, 328]"
1075,"[1133, 1915, 692, 1753, 60]"
1076,"[304, 1632, 219, 1058, 996]"
1077,"[290, 1769, 919, 1775, 1768]"
1078,"[1066, 166, 819, 938, 1907]"
1079,"[171, 60, 1019, 1746, 126]"
1080,"[1915, 1916, 1257, 1041, 139]"
1081,"[1055, 1030, 406, 407, 1026]"
1082,"[1761, 1760, 1762, 1758, 1704]"
1083,"[1915, 409, 113, 159, 1025]"
1084,"[1900, 1543, 1915, 1073, 440]"
1085,"[97, 96, 395, 409, 98]"
1086,"[124, 291, 1746, 102, 409]"
1087,"[116, 1068, 700, 1653, 339]"
1088,"[1907, 1069, 383, 1676, 29]"
1089,"[1014, 359, 971, 1592, 1149]"
1090,"[956, 89, 921, 1025, 937]"
1091,"[1690, 1704, 1705, 125, 599]"
1092,"[1704, 1705, 1488, 140, 1753]"
1093,"[732, 729, 1579, 1010, 340]"
1094,"[108, 221, 141, 954, 166]"
1095,"[1753, 1026, 1916, 928, 1042]"
1096,"[1915, 1363, 497, 1825, 493]"
1097,"[928, 1907, 165, 938, 409]"
1098,"[1437, 1215, 1431, 1795, 1328]"
1099,"[98, 97, 96, 4, 1915]"
1100,"[1713, 1026, 108, 98, 409]"
1101,"[933, 1055, 956, 1762, 1758]"
1102,"[124, 1924, 692, 1762, 1758]"
1103,"[1760, 1761, 289, 1256, 819]"
1104,"[1096, 1106, 1689, 443, 1262]"
1105,"[1915, 376, 677, 1855, 688]"
1106,"[1705, 1704, 1762, 89, 1910]"
1107,"[423, 1244, 164, 409, 1907]"
1108,"[1298, 1299, 1676, 1177, 317]"
1109,"[1704, 1705, 618, 1915, 530]"
1110,"[1032, 1147, 1704, 1705, 1762]"
1111,"[1708, 1243, 1868, 2, 1864]"
1112,"[688, 1070, 291, 98, 440]"
1113,"[1001, 1046, 365, 1014, 1772]"
1114,"[125, 471, 1264, 113, 890]"
1115,"[301, 557, 1022, 1795, 1328]"
1116,"[1907, 1922, 1897, 166, 89]"
1117,"[1299, 1922, 1897, 165, 937]"
1118,"[1076, 783, 440, 1144, 324]"
1119,"[692, 1704, 1705, 1112, 1277]"
1120,"[1612, 1620, 1927, 1244, 423]"
1121,"[112, 890, 1705, 1704, 1044]"
1122,"[381, 276, 275, 116, 618]"
1123,"[1073, 1296, 1281, 437, 1014]"
1124,"[1204, 1704, 1705, 1109, 125]"
1125,"[1837, 1833, 1828, 1935, 290]"
1126,"[1134, 440, 692, 324, 1112]"
1127,"[1587, 409, 113, 291, 98]"
1128,"[1612, 37, 1927, 873, 1065]"
1129,"[1750, 1676, 455, 113, 89]"
1130,"[1907, 928, 1116, 1671, 1616]"
1131,"[364, 522, 126, 595, 597]"
1132,"[165, 163, 175, 347, 937]"
1133,"[1902, 925, 60, 1746, 1900]"
1134,"[1915, 212, 1014, 1917, 925]"
1135,"[1704, 1739, 1705, 24, 330]"
1136,"[1636, 438, 1637, 454, 1614]"
1137,"[166, 918, 165, 1043, 885]"
1138,"[1676, 1298, 1258, 1922, 1897]"
1139,"[1087, 73, 1076, 1106, 1088]"
1140,"[1101, 1705, 1704, 656, 1752]"
1141,"[1899, 168, 1704, 1705, 530]"
1142,"[1049, 255, 728, 1256, 1705]"
1143,"[98, 97, 96, 1746, 409]"
1144,"[1770, 272, 658, 126, 1016]"
1145,"[1210, 1457, 587, 1784, 1511]"
1146,"[290, 1122, 1696, 1167, 332]"
1147,"[344, 289, 1070, 291, 1782]"
1148,"[149, 1061, 197, 1933, 1133]"
1149,"[1032, 1098, 1147, 1921, 1761]"
1150,"[618, 368, 440, 698, 7]"
1151,"[1704, 1761, 1705, 1760, 468]"
1152,"[1274, 922, 1904, 292, 333]"
1153,"[706, 699, 1907, 1736, 620]"
1154,"[1405, 1785, 1190, 828, 1704]"
1155,"[995, 1297, 1727, 96, 98]"
1156,"[212, 1026, 1014, 219, 1915]"
1157,"[1042, 866, 164, 97, 921]"
1158,"[1704, 1705, 1112, 116, 1773]"
1159,"[692, 1704, 1705, 1746, 409]"
1160,"[692, 846, 693, 1277, 1726]"
1161,"[98, 97, 96, 1909, 1752]"
1162,"[291, 126, 1637, 1931, 447]"
1163,"[165, 1916, 317, 28, 1924]"
1164,"[89, 164, 937, 1025, 159]"
1165,"[735, 1041, 938, 956, 98]"
1166,"[223, 1632, 1812, 1810, 1811]"
1167,"[325, 370, 394, 1172, 1183]"
1168,"[1909, 920, 1025, 937, 159]"
1169,"[1935, 1833, 1828, 1837, 290]"
1170,"[663, 1112, 1924, 1636, 1761]"
1171,"[1042, 1044, 1147, 1704, 1705]"
1172,"[1762, 1758, 1705, 1704, 1761]"
1173,"[113, 165, 409, 89, 921]"
1174,"[1704, 1705, 291, 1924, 663]"
1175,"[1029, 1675, 1676, 89, 455]"
1176,"[1246, 97, 409, 257, 1513]"
1177,"[441, 439, 703, 1274, 44]"
1178,"[692, 846, 693, 1760, 1761]"
1179,"[1750, 1261, 430, 1260, 1253]"
1180,"[98, 125, 409, 1916, 113]"
1181,"[259, 441, 1915, 269, 108]"
1182,"[925, 96, 97, 98, 60]"
1183,"[1792, 1791, 1790, 1789, 1787]"
1184,"[275, 912, 280, 274, 277]"
1185,"[435, 379, 1190, 1581, 1166]"
1186,"[1041, 1049, 175, 165, 164]"
1187,"[1202, 410, 692, 97, 96]"
1188,"[284, 171, 265, 408, 367]"
1189,"[999, 922, 878, 1034, 873]"
1190,"[126, 925, 1750, 1700, 380]"
1191,"[165, 1025, 937, 159, 89]"
1192,"[455, 98, 1239, 97, 96]"
1193,"[1795, 1761, 1760, 1704, 1705]"
1194,"[1048, 1488, 1027, 1916, 1086]"
1195,"[1106, 1196, 402, 1102, 1700]"
1196,"[1750, 1196, 216, 1106, 402]"
1197,"[1907, 113, 1899, 441, 1922]"
1198,"[1076, 396, 327, 216, 1064]"
1199,"[922, 1025, 937, 159, 171]"
1200,"[1769, 1067, 1768, 1774, 1775]"
1201,"[1116, 1261, 1772, 319, 1705]"
1202,"[1066, 1202, 410, 116, 1726]"
1203,"[1922, 1897, 1526, 98, 927]"
1204,"[102, 96, 97, 98, 1746]"
1205,"[1148, 327, 1112, 1610, 1117]"
1206,"[1250, 1704, 1705, 1677, 1324]"
1207,"[1833, 1828, 1837, 1935, 1863]"
1208,"[1885, 1030, 317, 328, 361]"
1209,"[1905, 1527, 1627, 919, 928]"
1210,"[318, 1136, 326, 1134, 1772]"
1211,"[1769, 1768, 856, 116, 1775]"
1212,"[89, 165, 1025, 937, 159]"
1213,"[1704, 1705, 1760, 692, 165]"
1214,"[306, 125, 1733, 164, 412]"
1215,"[1202, 410, 175, 952, 98]"
1216,"[1935, 1825, 1828, 1837, 1833]"
1217,"[1066, 1299, 89, 407, 406]"
1218,"[1196, 402, 1263, 1617, 1102]"
1219,"[1157, 98, 692, 1639, 97]"
1220,"[112, 113, 1070, 1676, 98]"
1221,"[1907, 440, 1662, 1726, 692]"
1222,"[1244, 423, 1750, 1704, 1705]"
1223,"[409, 97, 98, 96, 1705]"
1224,"[98, 96, 97, 409, 1067]"
1225,"[1708, 594, 1246, 1806, 1513]"
1226,"[1655, 339, 1197, 60, 1752]"
1227,"[1915, 1695, 60, 1705, 1704]"
1228,"[985, 164, 1909, 921, 937]"
1229,"[455, 98, 96, 97, 1523]"
1230,"[1273, 447, 1112, 1761, 1760]"
1231,"[1157, 1277, 1523, 109, 455]"
1232,"[1915, 624, 1277, 324, 965]"
1233,"[924, 1202, 410, 411, 175]"
1234,"[922, 1705, 1704, 1915, 759]"
1235,"[1704, 1705, 890, 112, 101]"
1236,"[1032, 1705, 1704, 409, 1746]"
1237,"[89, 163, 692, 481, 1620]"
1238,"[1049, 1061, 925, 1014, 928]"
1239,"[1705, 1704, 727, 444, 1698]"
1240,"[1705, 1704, 1071, 291, 1274]"
1241,"[222, 1047, 1094, 1933, 339]"
1242,"[919, 289, 95, 164, 1044]"
1243,"[1067, 289, 670, 620, 470]"
1244,"[1071, 811, 96, 97, 98]"
1245,"[688, 1014, 1637, 1091, 1915]"
1246,"[98, 96, 97, 409, 1746]"
1247,"[409, 165, 89, 113, 1676]"
1248,"[102, 922, 1746, 97, 98]"
1249,"[89, 166, 1922, 1897, 1899]"
1250,"[1705, 1704, 1758, 1762, 1761]"
1251,"[1071, 1748, 868, 1014, 1704]"
1252,"[265, 995, 405, 171, 1733]"
1253,"[663, 98, 1924, 97, 96]"
1254,"[1246, 1176, 1931, 73, 1772]"
1255,"[914, 915, 136, 918, 201]"
1256,"[1050, 1027, 166, 1033, 925]"
1257,"[1041, 692, 1907, 1911, 213]"
1258,"[1772, 216, 1828, 1837, 1833]"
1259,"[432, 1636, 663, 442, 403]"
1260,"[164, 1924, 1705, 1704, 530]"
1261,"[113, 1627, 409, 928, 1071]"
1262,"[221, 260, 1030, 984, 250]"
1263,"[1907, 89, 165, 98, 409]"
1264,"[1032, 360, 1603, 388, 317]"
1265,"[762, 760, 954, 1771, 749]"
1266,"[1924, 478, 275, 912, 663]"
1267,"[98, 96, 97, 102, 1746]"
1268,"[409, 1907, 113, 460, 1587]"
1269,"[441, 164, 116, 618, 58]"
1270,"[116, 1043, 922, 1032, 819]"
1271,"[922, 1062, 165, 1705, 1613]"
1272,"[219, 732, 207, 972, 970]"
1273,"[125, 1714, 633, 959, 790]"
1274,"[921, 113, 409, 1561, 1556]"
1275,"[1704, 1705, 922, 454, 1910]"
1276,"[97, 96, 921, 1907, 113]"
1277,"[1828, 1833, 1837, 1935, 290]"
1278,"[1726, 692, 1601, 846, 124]"
1279,"[1928, 1906, 1924, 455, 1916]"
1280,"[1750, 403, 1104, 1080, 1636]"
1281,"[89, 1922, 1897, 166, 165]"
1282,"[749, 904, 171, 1770, 1701]"
1283,"[166, 928, 1011, 1250, 271]"
1284,"[442, 1924, 663, 1705, 1704]"
1285,"[1772, 1748, 868, 1924, 326]"
1286,"[928, 1907, 921, 98, 409]"
1287,"[688, 1704, 1705, 1826, 672]"
1288,"[1907, 419, 89, 116, 1675]"
1289,"[124, 1655, 1240, 1705, 1704]"
1290,"[1705, 1704, 1063, 1029, 1762]"
1291,"[1915, 212, 200, 288, 1902]"
1292,"[1125, 1133, 692, 925, 1560]"
1293,"[1924, 354, 849, 1771, 1549]"
1294,"[1140, 222, 1085, 1076, 260]"
1295,"[1246, 1513, 211, 250, 1109]"
1296,"[1050, 1018, 355, 165, 175]"
1297,"[1075, 222, 1299, 988, 265]"
1298,"[866, 1145, 1163, 1052, 1044]"
1299,"[380, 1133, 1202, 410, 159]"
1300,"[1071, 166, 1746, 1069, 1907]"
1301,"[904, 166, 928, 409, 89]"
1302,"[1149, 1049, 1038, 1338, 1154]"
1303,"[98, 1784, 1899, 361, 1907]"
1304,"[1183, 1017, 358, 1202, 410]"
1305,"[1587, 866, 409, 113, 98]"
1306,"[1837, 1833, 1828, 1935, 1836]"
1307,"[1722, 688, 693, 292, 368]"
1308,"[1705, 1704, 922, 102, 1746]"
1309,"[922, 819, 1774, 1904, 1705]"
1310,"[1627, 409, 1063, 98, 113]"
1311,"[1925, 98, 1130, 1028, 1041]"
1312,"[291, 921, 922, 1076, 108]"
1313,"[1704, 1705, 166, 1244, 423]"
1314,"[265, 222, 1659, 261, 219]"
1315,"[1042, 925, 446, 1916, 421]"
1316,"[1636, 663, 432, 1704, 438]"
1317,"[1163, 89, 7, 1922, 1897]"
1318,"[165, 159, 1025, 937, 921]"
1319,"[1809, 1027, 1909, 1193, 1042]"
1320,"[60, 1807, 165, 1202, 410]"
1321,"[1014, 1299, 706, 705, 408]"
1322,"[1705, 1704, 1807, 406, 407]"
1323,"[1659, 164, 868, 1748, 1250]"
1324,"[1692, 903, 1705, 1704, 683]"
1325,"[1762, 1758, 1733, 866, 1771]"
1326,"[1273, 447, 1275, 307, 308]"
1327,"[1649, 1299, 1025, 937, 159]"
1328,"[1050, 166, 1907, 1191, 455]"
1329,"[1030, 60, 1749, 126, 1064]"
1330,"[1063, 1905, 1627, 1761, 1760]"
1331,"[388, 250, 385, 1163, 165]"
1332,"[116, 1774, 1924, 1769, 1768]"
1333,"[866, 165, 409, 1675, 1069]"
1334,"[1828, 1837, 1833, 1676, 1261]"
1335,"[1612, 1620, 1065, 1574, 1704]"
1336,"[1770, 613, 1795, 618, 60]"
1337,"[651, 657, 658, 656, 638]"
1338,"[1055, 255, 988, 866, 153]"
1339,"[1760, 1761, 692, 343, 1762]"
1340,"[1922, 1897, 89, 165, 166]"
1341,"[937, 1025, 159, 165, 1627]"
1342,"[396, 1922, 1897, 409, 124]"
1343,"[1722, 1042, 919, 164, 924]"
1344,"[1071, 1704, 1748, 868, 1705]"
1345,"[171, 1733, 677, 396, 1076]"
1346,"[890, 112, 1030, 163, 165]"
1347,"[999, 150, 900, 1907, 1705]"
1348,"[410, 1202, 918, 1906, 165]"
1349,"[1926, 409, 289, 341, 113]"
1350,"[915, 1773, 1244, 423, 1065]"
1351,"[1750, 408, 1917, 1676, 116]"
1352,"[289, 1032, 106, 1147, 1618]"
1353,"[1705, 1704, 1511, 1249, 171]"
1354,"[1907, 1769, 1526, 1887, 1768]"
1355,"[439, 692, 1275, 1761, 1760]"
1356,"[1358, 1047, 1370, 1363, 222]"
1357,"[1067, 1907, 124, 1774, 1889]"
1358,"[96, 98, 97, 112, 937]"
1359,"[1636, 432, 663, 403, 1705]"
1360,"[1837, 1833, 1828, 1935, 98]"
1361,"[928, 165, 1025, 159, 937]"
1362,"[327, 164, 396, 165, 1076]"
1363,"[1775, 1768, 1769, 1761, 1760]"
1364,"[692, 455, 1112, 666, 1070]"
1365,"[126, 1906, 1273, 447, 692]"
1366,"[365, 409, 1102, 921, 1065]"
1367,"[953, 914, 125, 1704, 959]"
1368,"[1915, 370, 707, 345, 1183]"
1369,"[885, 977, 972, 206, 209]"
1370,"[1612, 1708, 1705, 1704, 1567]"
1371,"[1649, 1300, 452, 1704, 1705]"
1372,"[1147, 1907, 1030, 890, 112]"
1373,"[1034, 1917, 1620, 1612, 1762]"
1374,"[320, 1192, 1041, 1176, 1113]"
1375,"[89, 924, 922, 175, 1915]"
1376,"[275, 1906, 1916, 1603, 902]"
1377,"[1904, 1884, 97, 96, 1738]"
1378,"[1889, 1067, 1769, 1768, 1775]"
1379,"[1132, 396, 319, 1795, 1183]"
1380,"[1073, 1160, 171, 89, 165]"
1381,"[1488, 923, 161, 165, 1749]"
1382,"[1018, 1915, 165, 216, 1758]"
1383,"[952, 1917, 116, 890, 112]"
1384,"[1022, 1019, 1893, 477, 1118]"
1385,"[1758, 1762, 1914, 1752, 1704]"
1386,"[1785, 1907, 866, 1901, 1705]"
1387,"[1176, 1134, 455, 663, 1038]"
1388,"[440, 171, 1705, 1704, 1750]"
1389,"[1027, 1762, 1758, 272, 1067]"
1390,"[1032, 1704, 1705, 1066, 554]"
1391,"[379, 124, 1704, 1705, 96]"
1392,"[1548, 1537, 1519, 1520, 1561]"
1393,"[455, 113, 1655, 1197, 1676]"
1394,"[1041, 1014, 125, 1733, 165]"
1395,"[1176, 700, 1705, 1704, 1459]"
1396,"[927, 1772, 1833, 1837, 1828]"
1397,"[1043, 454, 1192, 116, 16]"
1398,"[1915, 1133, 1917, 116, 408]"
1399,"[1604, 1726, 1662, 692, 1704]"
1400,"[1705, 1704, 1768, 1067, 1030]"
1401,"[272, 1183, 276, 1172, 1721]"
1402,"[1762, 1758, 1705, 1704, 1157]"
1403,"[866, 291, 338, 1713, 1745]"
1404,"[368, 257, 1650, 734, 727]"
1405,"[1246, 890, 112, 1907, 1772]"
1406,"[89, 165, 937, 1025, 159]"
1407,"[1750, 1774, 1021, 1933, 1935]"
1408,"[1828, 1833, 1837, 1935, 1484]"
1409,"[1922, 1897, 89, 165, 113]"
1410,"[819, 1655, 24, 164, 511]"
1411,"[1774, 1769, 1768, 1098, 1775]"
1412,"[937, 1025, 159, 923, 161]"
1413,"[441, 692, 1636, 438, 1637]"
1414,"[102, 409, 97, 98, 96]"
1415,"[1147, 1917, 116, 359, 455]"
1416,"[1026, 164, 265, 175, 165]"
1417,"[1675, 1704, 1705, 1907, 1613]"
1418,"[408, 1086, 126, 159, 1025]"
1419,"[1042, 1320, 866, 925, 937]"
1420,"[1704, 1705, 455, 1758, 1761]"
1421,"[1157, 1277, 811, 455, 109]"
1422,"[1905, 89, 287, 1157, 1041]"
1423,"[692, 846, 1726, 693, 1191]"
1424,"[438, 1636, 441, 683, 1204]"
1425,"[292, 289, 318, 303, 1147]"
1426,"[1907, 670, 620, 470, 1705]"
1427,"[455, 1617, 1758, 1762, 1907]"
1428,"[711, 1758, 1762, 1617, 704]"
1429,"[1837, 1833, 1828, 300, 1935]"
1430,"[319, 1160, 1904, 43, 1643]"
1431,"[922, 1721, 1833, 1828, 1837]"
1432,"[89, 1907, 1762, 1758, 409]"
1433,"[89, 1907, 1244, 423, 409]"
1434,"[1704, 1705, 108, 1721, 1708]"
1435,"[1705, 1704, 533, 905, 49]"
1436,"[1712, 1705, 1704, 558, 1762]"
1437,"[164, 1704, 159, 1025, 937]"
1438,"[670, 89, 922, 409, 1909]"
1439,"[878, 321, 1030, 1612, 1762]"
1440,"[1620, 1244, 423, 1762, 125]"
1441,"[164, 996, 997, 351, 1681]"
1442,"[1750, 60, 1112, 1611, 1086]"
1443,"[1704, 1705, 670, 1244, 423]"
1444,"[1027, 1028, 1752, 1704, 1705]"
1445,"[1149, 1915, 1014, 1008, 788]"
1446,"[1907, 1076, 396, 216, 327]"
1447,"[643, 79, 719, 737, 1639]"
1448,"[164, 1925, 1909, 1518, 1904]"
1449,"[890, 112, 60, 171, 89]"
1450,"[1144, 273, 164, 1301, 1250]"
1451,"[1902, 455, 1560, 1344, 1561]"
1452,"[341, 750, 1041, 272, 1027]"
1453,"[1032, 1695, 1792, 1793, 1027]"
1454,"[1526, 1125, 108, 365, 628]"
1455,"[1027, 1909, 1193, 1704, 1705]"
1456,"[1704, 1705, 1155, 98, 1192]"
1457,"[1112, 1157, 1306, 319, 1704]"
1458,"[411, 1793, 171, 166, 1792]"
1459,"[1786, 1787, 1788, 1087, 1335]"
1460,"[89, 1922, 1897, 1907, 166]"
1461,"[1924, 705, 1086, 365, 646]"
1462,"[1704, 1705, 530, 618, 1762]"
1463,"[89, 1705, 1704, 862, 1603]"
1464,"[1768, 1775, 1769, 409, 89]"
1465,"[402, 98, 97, 96, 409]"
1466,"[926, 921, 1277, 164, 937]"
1467,"[97, 96, 866, 705, 925]"
1468,"[98, 96, 97, 409, 171]"
1469,"[98, 96, 97, 1130, 409]"
1470,"[224, 1043, 988, 914, 150]"
1471,"[409, 1627, 866, 164, 922]"
1472,"[1129, 692, 1762, 440, 1760]"
1473,"[1915, 1055, 1054, 1041, 728]"
1474,"[326, 1116, 333, 1077, 296]"
1475,"[618, 890, 112, 1064, 406]"
1476,"[1772, 1163, 120, 704, 705]"
1477,"[1567, 1549, 1155, 1065, 98]"
1478,"[1905, 1527, 1627, 113, 1907]"
1479,"[1067, 1769, 1277, 1768, 819]"
1480,"[89, 164, 113, 922, 1025]"
1481,"[1915, 1748, 868, 409, 98]"
1482,"[89, 1907, 1922, 1897, 250]"
1483,"[376, 1750, 677, 98, 97]"
1484,"[106, 1704, 1705, 1761, 1762]"
1485,"[1026, 1590, 410, 1202, 1919]"
1486,"[937, 935, 932, 929, 920]"
1487,"[1828, 1833, 1837, 116, 1935]"
1488,"[97, 96, 663, 1924, 108]"
1489,"[1636, 438, 1637, 1907, 165]"
1490,"[291, 98, 1144, 1133, 97]"
1491,"[289, 338, 1040, 1067, 1705]"
1492,"[1149, 1014, 1041, 928, 1916]"
1493,"[409, 1733, 1133, 89, 113]"
1494,"[291, 409, 102, 1746, 89]"
1495,"[1071, 1636, 438, 1807, 1259]"
1496,"[1504, 789, 126, 98, 171]"
1497,"[135, 372, 1567, 1705, 1704]"
1498,"[643, 1662, 449, 7, 1275]"
1499,"[1704, 1705, 1915, 108, 1607]"
1500,"[1761, 1760, 1157, 1705, 1704]"
1501,"[1607, 1704, 1705, 1904, 1363]"
1502,"[922, 921, 164, 1025, 159]"
1503,"[1157, 1750, 1035, 1186, 409]"
1504,"[1086, 1704, 1705, 125, 324]"
1505,"[1527, 921, 811, 1066, 1239]"
1506,"[1705, 1704, 165, 1752, 164]"
1507,"[1769, 1774, 1157, 1775, 1768]"
1508,"[467, 98, 1884, 919, 938]"
1509,"[1157, 1607, 1705, 1704, 165]"
1510,"[1409, 1705, 1704, 1769, 1761]"
1511,"[924, 1740, 1836, 722, 1873]"
1512,"[164, 1250, 1068, 331, 165]"
1513,"[153, 922, 442, 1924, 982]"
1514,"[273, 274, 272, 270, 154]"
1515,"[361, 1762, 1760, 1758, 1695]"
1516,"[372, 1721, 1567, 1603, 368]"
1517,"[977, 1334, 1917, 1924, 359]"
1518,"[1064, 698, 1704, 1705, 1775]"
1519,"[1113, 114, 1129, 1705, 1704]"
1520,"[98, 793, 1704, 1705, 97]"
1521,"[1073, 1119, 793, 1028, 866]"
1522,"[1790, 1791, 1789, 1792, 1776]"
1523,"[890, 112, 101, 1612, 1704]"
1524,"[396, 1098, 1113, 698, 1076]"
1525,"[335, 346, 1156, 362, 329]"
1526,"[924, 1014, 1046, 1202, 410]"
1527,"[997, 1705, 1704, 1909, 1193]"
1528,"[98, 97, 96, 409, 1746]"
1529,"[1118, 98, 793, 96, 97]"
1530,"[1915, 1552, 1705, 1704, 1529]"
1531,"[372, 97, 96, 98, 368]"
1532,"[342, 440, 1705, 1704, 1752]"
1533,"[376, 365, 1344, 1083, 1704]"
1534,"[372, 1067, 368, 321, 1157]"
1535,"[1936, 1295, 921, 159, 1025]"
1536,"[927, 921, 408, 1025, 937]"
1537,"[1774, 1157, 1769, 1775, 1768]"
1538,"[1129, 1066, 1915, 368, 1567]"
1539,"[409, 919, 165, 164, 163]"
1540,"[1064, 1273, 447, 659, 1609]"
1541,"[1915, 1704, 1705, 1752, 890]"
1542,"[1071, 1705, 1704, 1567, 16]"
1543,"[1802, 1705, 1704, 1804, 1758]"
1544,"[1027, 996, 1160, 1119, 1042]"
1545,"[1098, 1704, 1705, 692, 1726]"
1546,"[1917, 359, 1748, 408, 116]"
1547,"[1570, 1769, 372, 1775, 1768]"
1548,"[828, 1762, 1758, 1760, 1761]"
1549,"[1704, 1705, 1567, 108, 1760]"
1550,"[1157, 1705, 1704, 409, 98]"
1551,"[1147, 1148, 1054, 1082, 361]"
1552,"[212, 125, 1202, 410, 921]"
1553,"[704, 364, 303, 1042, 1011]"
1554,"[372, 60, 922, 1567, 1157]"
1555,"[1784, 372, 1157, 135, 1567]"
1556,"[1902, 692, 1068, 1704, 289]"
1557,"[423, 1244, 1183, 925, 1705]"
1558,"[116, 163, 938, 1884, 386]"
1559,"[1062, 1185, 1157, 634, 1760]"
1560,"[1704, 1705, 1072, 1775, 1768]"
1561,"[114, 1550, 1742, 1558, 1098]"
1562,"[1113, 1924, 1120, 163, 1704]"
1563,"[372, 862, 368, 698, 455]"
1564,"[1704, 1705, 1070, 1899, 291]"
1565,"[921, 1025, 937, 159, 165]"
1566,"[704, 1440, 527, 1704, 1705]"
1567,"[1030, 1488, 1025, 937, 159]"
1568,"[1670, 749, 171, 1320, 904]"
1569,"[1705, 1704, 1043, 1567, 796]"
1570,"[257, 776, 1270, 1613, 1134]"
1571,"[1750, 1299, 165, 1659, 1126]"
1572,"[372, 1705, 921, 259, 1008]"
1573,"[1058, 1184, 73, 875, 367]"
1574,"[1772, 1753, 1754, 927, 1123]"
1575,"[1704, 1705, 1607, 1904, 73]"
1576,"[641, 455, 1138, 884, 1741]"
1577,"[1277, 1609, 1041, 108, 259]"
1578,"[1118, 96, 171, 1700, 1904]"
1579,"[440, 1147, 692, 116, 1385]"
1580,"[116, 692, 1129, 1370, 1363]"
1581,"[114, 455, 412, 1567, 1192]"
1582,"[1522, 1924, 202, 1029, 1704]"
1583,"[1038, 1246, 361, 1762, 371]"
1584,"[321, 914, 1773, 1018, 964]"
1585,"[1721, 1704, 1705, 1777, 1765]"
1586,"[455, 126, 1028, 618, 164]"
1587,"[73, 1076, 165, 1193, 922]"
1588,"[1607, 432, 1636, 438, 1587]"
1589,"[926, 1704, 1705, 89, 1676]"
1590,"[451, 440, 371, 1040, 1129]"
1591,"[463, 1705, 1704, 1306, 1070]"
1592,"[1027, 1456, 1030, 1894, 272]"
1593,"[1773, 1700, 1705, 1704, 126]"
1594,"[1734, 124, 1736, 780, 1746]"
1595,"[793, 97, 96, 175, 1118]"
1596,"[1910, 1050, 1705, 1704, 1186]"
1597,"[379, 1917, 1098, 443, 98]"
1598,"[1014, 164, 1299, 900, 98]"
1599,"[749, 409, 97, 96, 98]"
1600,"[1752, 1758, 1762, 885, 1618]"
1601,"[1157, 1607, 1750, 1639, 441]"
1602,"[731, 972, 357, 914, 979]"
1603,"[1287, 1877, 1015, 1570, 1785]"
1604,"[1157, 1035, 409, 1186, 432]"
1605,"[1917, 408, 1750, 920, 1915]"
1606,"[379, 375, 1157, 816, 1727]"
1607,"[1089, 1704, 1705, 1187, 333]"
1608,"[1733, 1793, 1792, 1791, 412]"
1609,"[292, 1762, 1758, 1760, 1761]"
1610,"[1320, 1701, 171, 667, 1670]"
1611,"[885, 1036, 862, 1787, 1788]"
1612,"[321, 372, 1129, 1609, 1637]"
1613,"[1099, 1321, 98, 97, 96]"
1614,"[102, 1746, 409, 467, 97]"
1615,"[409, 102, 1746, 98, 97]"
1616,"[1637, 1587, 1700, 79, 670]"
1617,"[1277, 1726, 846, 692, 455]"
1618,"[1086, 1899, 1030, 1916, 1588]"
1619,"[1070, 454, 1910, 455, 368]"
1620,"[728, 1704, 1705, 1054, 1046]"
1621,"[116, 1726, 1676, 846, 692]"
1622,"[97, 96, 1704, 1705, 164]"
1623,"[361, 108, 1570, 1705, 1704]"
1624,"[52, 1833, 1828, 1837, 922]"
1625,"[890, 112, 221, 1164, 1113]"
1626,"[1915, 1924, 165, 164, 1750]"
1627,"[1185, 1609, 705, 79, 1157]"
1628,"[952, 455, 915, 454, 314]"
1629,"[1762, 1758, 1704, 1705, 89]"
1630,"[925, 60, 1118, 904, 1925]"
1631,"[1261, 166, 928, 97, 96]"
1632,"[1192, 455, 888, 1129, 114]"
1633,"[1915, 163, 921, 125, 164]"
1634,"[1915, 108, 1014, 1157, 1269]"
1635,"[1907, 1064, 89, 1116, 1705]"
1636,"[1612, 1705, 1704, 1752, 1041]"
1637,"[692, 846, 1601, 1726, 1277]"
1638,"[37, 479, 1062, 480, 1778]"
1639,"[362, 1906, 902, 1277, 89]"
1640,"[1760, 1758, 1761, 1762, 1617]"
1641,"[125, 116, 922, 98, 1748]"
1642,"[1750, 1915, 1927, 116, 113]"
1643,"[1054, 920, 108, 116, 1917]"
1644,"[1607, 1896, 1157, 1272, 1274]"
1645,"[97, 96, 98, 108, 1721]"
1646,"[1915, 1202, 410, 1041, 1128]"
1647,"[1768, 116, 1884, 1769, 438]"
1648,"[116, 1662, 692, 1112, 846]"
1649,"[1157, 277, 816, 1925, 1131]"
1650,"[396, 1085, 1054, 362, 1064]"
1651,"[372, 1157, 368, 1609, 455]"
1652,"[1193, 1705, 1704, 1909, 921]"
1653,"[1784, 372, 1157, 1721, 135]"
1654,"[372, 1313, 1607, 1157, 1570]"
1655,"[289, 678, 375, 1704, 1705]"
1656,"[1917, 1915, 1676, 890, 112]"
1657,"[1567, 97, 96, 98, 1704]"
1658,"[1704, 1705, 1748, 97, 96]"
1659,"[98, 97, 96, 789, 1654]"
1660,"[285, 1676, 113, 96, 97]"
1661,"[259, 1567, 1676, 1153, 125]"
1662,"[1567, 333, 1880, 543, 114]"
1663,"[1193, 175, 165, 1176, 922]"
1664,"[1705, 1704, 1746, 1210, 1761]"
1665,"[1617, 1762, 1758, 1761, 1760]"
1666,"[1705, 1704, 1896, 1760, 98]"
1667,"[1704, 1705, 1607, 1904, 73]"
1668,"[1906, 1752, 1705, 1704, 1762]"
1669,"[1143, 165, 164, 1655, 289]"
1670,"[171, 98, 97, 96, 1118]"
1671,"[454, 1761, 782, 1760, 1129]"
1672,"[1607, 97, 96, 98, 1896]"
1673,"[97, 96, 1704, 1705, 455]"
1674,"[1112, 1704, 1705, 530, 1758]"
1675,"[455, 165, 1750, 1299, 1639]"
1676,"[223, 98, 96, 97, 1044]"
1677,"[1785, 259, 256, 1317, 1567]"
1678,"[1072, 1155, 166, 1769, 1760]"
1679,"[1618, 1775, 1745, 1671, 1616]"
1680,"[321, 890, 112, 409, 97]"
1681,"[1929, 1828, 1837, 1833, 1935]"
1682,"[978, 976, 974, 973, 972]"
1683,"[408, 1924, 116, 1705, 1704]"
1684,"[1113, 455, 454, 16, 163]"
1685,"[1559, 1516, 1704, 1705, 1752]"
1686,"[125, 1054, 216, 1030, 279]"
1687,"[1613, 938, 165, 163, 1025]"
1688,"[1884, 60, 1904, 1112, 1559]"
1689,"[1062, 1127, 397, 1129, 1163]"
1690,"[1936, 1277, 1295, 1086, 885]"
1691,"[441, 787, 390, 478, 1202]"
1692,"[1014, 212, 165, 171, 1742]"
1693,"[1257, 89, 1030, 1907, 1909]"
1694,"[1171, 711, 706, 1147, 1165]"
1695,"[1713, 102, 97, 96, 904]"
1696,"[1937, 97, 98, 96, 1704]"
1697,"[126, 1201, 1118, 1701, 628]"
1698,"[1607, 164, 1196, 98, 89]"
1699,"[96, 126, 1700, 60, 420]"
1700,"[1705, 1704, 1612, 1636, 1202]"
1701,"[171, 1887, 60, 904, 1670]"
1702,"[1927, 1157, 762, 1125, 921]"
1703,"[643, 692, 651, 1662, 1141]"
1704,"[135, 1758, 1705, 1704, 1187]"
1705,"[1118, 102, 350, 290, 395]"
1706,"[1033, 1025, 937, 159, 165]"
1707,"[409, 98, 96, 97, 60]"
1708,"[1915, 455, 1344, 60, 1104]"
1709,"[164, 98, 1758, 1762, 698]"
1710,"[653, 441, 1700, 1457, 171]"
1711,"[1134, 314, 865, 863, 1163]"
1712,"[1051, 1201, 710, 862, 1788]"
1713,"[342, 1066, 301, 1152, 1022]"
1714,"[318, 1758, 677, 1902, 1915]"
1715,"[1204, 1705, 1704, 1134, 1179]"
1716,"[1704, 1705, 807, 1826, 114]"
1717,"[1277, 1066, 1921, 1705, 1600]"
1718,"[1705, 1704, 1297, 467, 745]"
1719,"[1587, 1552, 861, 1627, 1748]"
1720,"[1066, 1207, 455, 1917, 1061]"
1721,"[1705, 1704, 933, 1777, 1765]"
1722,"[455, 1750, 96, 97, 89]"
1723,"[409, 1705, 1704, 113, 697]"
1724,"[1924, 1178, 250, 782, 1024]"
1725,"[789, 1301, 1592, 1649, 618]"
1726,"[97, 96, 98, 1567, 628]"
1727,"[1752, 1524, 1041, 60, 1525]"
1728,"[124, 455, 97, 96, 1899]"
1729,"[919, 116, 97, 98, 96]"
1730,"[282, 1704, 1705, 511, 66]"
1731,"[1617, 1762, 1761, 1760, 1758]"
1732,"[338, 734, 1650, 727, 726]"
1733,"[363, 372, 1704, 1705, 1570]"
1734,"[1915, 89, 962, 164, 1034]"
1735,"[1704, 1705, 1297, 995, 257]"
1736,"[98, 793, 97, 96, 1541]"
1737,"[1902, 1762, 1758, 1760, 116]"
1738,"[1041, 938, 412, 455, 411]"
1739,"[1704, 1705, 1179, 1662, 1042]"
1740,"[125, 1750, 1907, 397, 1676]"
1741,"[921, 164, 937, 159, 1025]"
1742,"[97, 96, 171, 677, 102]"
1743,"[1118, 97, 98, 96, 102]"
1744,"[59, 1907, 1721, 1570, 250]"
1745,"[368, 1157, 372, 455, 1185]"
1746,"[1761, 1760, 1769, 1157, 1705]"
1747,"[362, 1615, 346, 335, 1156]"
1748,"[368, 1046, 1924, 1414, 455]"
1749,"[60, 1713, 1073, 904, 1745]"
1750,"[1607, 1157, 1639, 1705, 1704]"
1751,"[1762, 679, 106, 1926, 1064]"
1752,"[97, 96, 455, 98, 1028]"
1753,"[1244, 423, 1019, 1185, 866]"
1754,"[1785, 1710, 165, 168, 1190]"
1755,"[1705, 1704, 1758, 1269, 1756]"
1756,"[865, 863, 1747, 314, 1923]"
1757,"[1837, 1828, 1833, 290, 1041]"
1758,"[361, 1607, 1894, 1915, 1043]"
1759,"[326, 324, 994, 1147, 265]"
1760,"[1321, 175, 1549, 925, 938]"
1761,"[1067, 1064, 922, 102, 1746]"
1762,"[1072, 1769, 1705, 1704, 1067]"
1763,"[594, 1513, 1772, 542, 319]"
1764,"[392, 1662, 1162, 386, 1176]"
1765,"[1244, 423, 925, 60, 1197]"
1766,"[1671, 1616, 1745, 1071, 1907]"
1767,"[1704, 1705, 97, 96, 98]"
1768,"[1030, 1915, 292, 954, 681]"
1769,"[372, 1157, 1042, 1609, 165]"
1770,"[1773, 1247, 1937, 1705, 1704]"
1771,"[1705, 1704, 995, 257, 1036]"
1772,"[98, 96, 97, 409, 1746]"
1773,"[1046, 1024, 1185, 1120, 899]"
1774,"[372, 1721, 89, 135, 1880]"
1775,"[1071, 291, 98, 868, 1748]"
1776,"[1157, 1774, 1186, 511, 81]"
1777,"[1705, 1704, 372, 1607, 1752]"
1778,"[1704, 1705, 1607, 1904, 124]"
1779,"[1704, 1705, 511, 514, 1866]"
1780,"[108, 1721, 1038, 361, 371]"
1781,"[1116, 1926, 1064, 922, 862]"
1782,"[1655, 98, 292, 862, 1160]"
1783,"[164, 116, 98, 1705, 1704]"
1784,"[332, 1792, 1788, 1787, 1648]"
1785,"[1732, 1269, 1607, 1157, 1896]"
1786,"[21, 1008, 397, 276, 1178]"
1787,"[1674, 1147, 1385, 125, 368]"
1788,"[902, 511, 599, 593, 597]"
1789,"[1704, 1705, 1025, 165, 73]"
1790,"[1157, 1896, 277, 98, 1028]"
1791,"[96, 1700, 1118, 171, 1904]"
1792,"[1613, 1907, 1056, 1733, 1894]"
1793,"[1769, 1775, 1761, 1760, 1768]"
1794,"[692, 846, 1601, 1277, 1726]"
1795,"[96, 98, 97, 408, 1101]"
1796,"[653, 1169, 96, 60, 925]"
1797,"[125, 1636, 438, 1677, 1704]"
1798,"[1607, 1704, 1705, 1904, 124]"
1799,"[1837, 1833, 1828, 396, 1076]"
1800,"[1113, 1784, 379, 1157, 1608]"
1801,"[1118, 1122, 97, 98, 96]"
1802,"[60, 171, 98, 96, 97]"
1803,"[89, 116, 1700, 164, 1746]"
1804,"[124, 98, 97, 96, 1746]"
1805,"[1157, 372, 1072, 1064, 1760]"
1806,"[1100, 308, 307, 1190, 1188]"
1807,"[483, 409, 164, 60, 1637]"
1808,"[1179, 1008, 782, 165, 780]"
1809,"[1617, 1760, 1761, 1762, 1758]"
1810,"[1704, 1705, 1677, 449, 1786]"
1811,"[692, 1726, 1601, 1277, 846]"
1812,"[1163, 412, 1916, 441, 411]"
1813,"[269, 455, 1676, 164, 862]"
1814,"[1033, 1756, 1613, 1062, 142]"
1815,"[1120, 116, 164, 670, 1904]"
1816,"[1067, 1921, 440, 1098, 1601]"
1817,"[1704, 1654, 1774, 440, 1705]"
1818,"[705, 1081, 198, 410, 1202]"
1819,"[643, 667, 128, 79, 1701]"
1820,"[442, 441, 1281, 1283, 437]"
1821,"[1906, 1299, 1676, 171, 1705]"
1822,"[79, 719, 1041, 731, 165]"
1823,"[1906, 1928, 1271, 1528, 1637]"
1824,"[921, 164, 165, 97, 96]"
1825,"[1746, 102, 1176, 96, 97]"
1826,"[1021, 97, 96, 98, 1746]"
1827,"[1196, 89, 1924, 98, 97]"
1828,"[1073, 1060, 1676, 1705, 1704]"
1829,"[1704, 1705, 1567, 426, 1582]"
1830,"[927, 1833, 1837, 1828, 441]"
1831,"[257, 1127, 1270, 1134, 692]"
1832,"[1073, 1119, 1028, 1925, 314]"
1833,"[108, 1758, 1721, 372, 1040]"
1834,"[1116, 455, 1073, 1300, 1301]"
1835,"[1924, 478, 1746, 98, 96]"
1836,"[97, 96, 98, 1192, 454]"
1837,"[365, 1157, 866, 1070, 1154]"
1838,"[116, 455, 1884, 1724, 1704]"
1839,"[1704, 372, 1705, 1906, 97]"
1840,"[922, 454, 455, 1874, 862]"
1841,"[1704, 1705, 1118, 899, 1114]"
1842,"[108, 1721, 1705, 1704, 455]"
1843,"[1750, 408, 922, 164, 924]"
1844,"[1746, 102, 1695, 98, 97]"
1845,"[1915, 677, 376, 1837, 1833]"
1846,"[164, 1704, 1705, 1070, 124]"
1847,"[1924, 478, 1157, 1607, 455]"
1848,"[128, 1758, 776, 1762, 1705]"
1849,"[1119, 866, 1075, 1064, 1926]"
1850,"[692, 1726, 1601, 846, 693]"
1851,"[165, 164, 1914, 1114, 166]"
1852,"[1917, 1299, 349, 455, 116]"
1853,"[922, 1705, 1704, 1567, 1907]"
1854,"[478, 1924, 455, 98, 97]"
1855,"[97, 96, 1746, 409, 98]"
1856,"[368, 369, 372, 89, 374]"
1857,"[1250, 73, 1259, 1105, 1253]"
1858,"[98, 108, 97, 96, 1924]"
1859,"[1884, 163, 1924, 921, 1910]"
1860,"[163, 921, 164, 1884, 1111]"
1861,"[1936, 1277, 1295, 1086, 1196]"
1862,"[1670, 1742, 1541, 1564, 1526]"
1863,"[1915, 1277, 1851, 1843, 1842]"
1864,"[1607, 1157, 1517, 1639, 1299]"
1865,"[1607, 98, 781, 1299, 921]"
1866,"[1705, 1704, 1924, 1314, 90]"
1867,"[125, 1607, 165, 98, 1903]"
1868,"[677, 1757, 1776, 885, 822]"
1869,"[98, 96, 97, 455, 1915]"
1870,"[454, 455, 165, 1275, 125]"
1871,"[1588, 1157, 1769, 1064, 1761]"
1872,"[1761, 1760, 1762, 1758, 1704]"
1873,"[410, 1202, 204, 151, 954]"
1874,"[1034, 162, 165, 928, 175]"
1875,"[1196, 441, 216, 1553, 904]"
1876,"[286, 1788, 1787, 862, 374]"
1877,"[925, 97, 96, 166, 904]"
1878,"[567, 562, 564, 568, 563]"
1879,"[89, 166, 1025, 937, 159]"
1880,"[1705, 1704, 1758, 1269, 1756]"
1881,"[915, 1025, 937, 159, 924]"
1882,"[97, 96, 1620, 1704, 1705]"
1883,"[1917, 1915, 1676, 890, 112]"
1884,"[1067, 1098, 1032, 1147, 1761]"
1885,"[368, 372, 96, 97, 98]"
1886,"[455, 165, 1750, 1299, 1639]"
1887,"[1915, 125, 163, 1025, 937]"
1888,"[314, 718, 1747, 863, 680]"
1889,"[1072, 97, 96, 98, 1567]"
1890,"[1769, 1761, 1760, 1768, 1775]"
1891,"[921, 1746, 749, 793, 102]"
1892,"[455, 454, 116, 465, 467]"
1893,"[292, 1617, 1655, 1762, 1758]"
1894,"[1924, 455, 1676, 116, 1733]"
1895,"[1277, 1112, 692, 1726, 1601]"
1896,"[162, 165, 176, 928, 931]"
1897,"[911, 975, 1483, 972, 1046]"
1898,"[89, 1202, 410, 60, 1344]"
1899,"[455, 1921, 1567, 884, 1880]"
1900,"[16, 291, 1203, 338, 1713]"
1901,"[478, 1924, 1067, 1705, 1704]"
1902,"[960, 152, 37, 145, 408]"
1903,"[96, 97, 98, 1922, 1897]"
1904,"[1014, 1651, 1590, 954, 1049]"
1905,"[1704, 1705, 1567, 1071, 1880]"
1906,"[372, 135, 1567, 1705, 1704]"
1907,"[1674, 1677, 1673, 898, 892]"
1908,"[1704, 1705, 1222, 583, 1464]"
1909,"[890, 112, 97, 96, 1746]"
1910,"[98, 97, 96, 1746, 409]"
1911,"[1704, 1705, 1157, 511, 1474]"
1912,"[1050, 373, 250, 347, 986]"
1913,"[1036, 1028, 60, 1117, 125]"
1914,"[1037, 1054, 975, 1046, 1018]"
1915,"[1607, 1517, 1157, 1608, 165]"
1916,"[441, 1699, 447, 1273, 393]"
1917,"[60, 1001, 455, 1924, 1937]"
1918,"[116, 1275, 1924, 1704, 1705]"
1919,"[164, 1613, 1277, 1041, 165]"
1920,"[1607, 97, 96, 1157, 98]"
1921,"[116, 890, 112, 455, 114]"
1922,"[164, 7, 1246, 110, 44]"
1923,"[1704, 1705, 1762, 108, 1171]"
1924,"[1704, 1705, 1838, 1840, 1839]"
1925,"[1607, 97, 96, 1894, 1608]"
1926,"[175, 124, 1125, 1527, 1905]"
1927,"[97, 96, 1064, 89, 98]"
1928,"[372, 1705, 1704, 1607, 1752]"
1929,"[368, 1157, 455, 377, 862]"
1930,"[1567, 705, 711, 1880, 765]"
1931,"[1192, 1615, 98, 97, 96]"
1932,"[372, 1196, 368, 1613, 97]"
1933,"[1772, 927, 290, 1828, 1833]"
1934,"[1750, 98, 1705, 1704, 1924]"
1935,"[1613, 164, 89, 98, 110]"
1936,"[1607, 1313, 1608, 1896, 1157]"
1937,"[97, 96, 1746, 98, 793]"
1938,"[98, 1073, 175, 118, 96]"
1939,"[1570, 361, 108, 1762, 1758]"
1940,"[1915, 1158, 1916, 866, 164]"
1941,"[101, 60, 1750, 1704, 1705]"
1942,"[1148, 96, 1134, 1116, 1659]"
1943,"[1836, 1873, 1705, 1704, 511]"
1944,"[1030, 320, 165, 164, 890]"
1945,"[89, 1762, 1758, 113, 1704]"
1946,"[1637, 1570, 368, 1758, 108]"
1947,"[1651, 128, 924, 1148, 371]"
1948,"[1060, 219, 355, 362, 1649]"
1949,"[1150, 265, 1332, 292, 1137]"
1950,"[455, 454, 1761, 1760, 1704]"
1951,"[361, 1721, 108, 1557, 1204]"
1952,"[1105, 410, 1202, 1196, 113]"
1953,"[98, 175, 163, 409, 904]"
1954,"[97, 96, 98, 1567, 1910]"
1955,"[372, 1570, 368, 1792, 1793]"
1956,"[1147, 1705, 1704, 1924, 1753]"
1957,"[171, 164, 165, 862, 89]"
1958,"[1185, 1917, 359, 1120, 369]"
1959,"[116, 454, 16, 1704, 1884]"
1960,"[862, 1787, 1788, 1786, 1603]"
1961,"[455, 116, 125, 937, 1025]"
1962,"[1617, 292, 125, 1655, 1125]"
1963,"[926, 1704, 1705, 1750, 60]"
1964,"[1298, 96, 430, 1253, 1259]"
1965,"[98, 793, 96, 97, 1541]"
1966,"[1567, 455, 1884, 440, 465]"
1967,"[1030, 1034, 406, 407, 162]"
1968,"[454, 465, 461, 16, 455]"
1969,"[338, 1011, 734, 726, 727]"
1970,"[1297, 98, 97, 96, 102]"
1971,"[1041, 454, 455, 98, 1907]"
1972,"[361, 1705, 1704, 1762, 1758]"
1973,"[96, 1118, 1298, 1832, 1302]"
1974,"[1636, 438, 778, 124, 1907]"
1975,"[372, 368, 1070, 455, 1613]"
1976,"[1825, 952, 901, 729, 732]"
1977,"[372, 89, 1269, 368, 1570]"
1978,"[98, 97, 96, 1567, 1910]"
1979,"[368, 1613, 372, 363, 190]"
1980,"[116, 1746, 102, 96, 97]"
1981,"[1705, 1704, 1726, 1066, 995]"
1982,"[413, 346, 1190, 1087, 1193]"
1983,"[98, 890, 112, 922, 1676]"
1984,"[1607, 1313, 1272, 1896, 1608]"
1985,"[1246, 371, 361, 1762, 1758]"
1986,"[1738, 1112, 442, 1884, 782]"
1987,"[925, 1066, 1746, 98, 1073]"
1988,"[291, 1070, 98, 101, 97]"
1989,"[1915, 1935, 1833, 1837, 171]"
1990,"[1762, 1758, 291, 60, 98]"
1991,"[692, 846, 693, 1601, 1277]"
1992,"[1142, 1896, 98, 96, 816]"
1993,"[1909, 73, 7, 1708, 1222]"
1994,"[1590, 1591, 1648, 153, 175]"
1995,"[387, 216, 1001, 1788, 1787]"
1996,"[116, 1924, 163, 455, 1884]"
1997,"[791, 1861, 1660, 1846, 1293]"
1998,"[1705, 1704, 1760, 1761, 1798]"
1999,"[1768, 1907, 1704, 1705, 1567]"
2000,"[455, 454, 16, 1014, 925]"
2001,"[1041, 412, 125, 1742, 1676]"
2002,"[1748, 1071, 1899, 1704, 1705]"
2003,"[96, 1700, 60, 420, 126]"
2004,"[1030, 1039, 925, 1930, 166]"
2005,"[1567, 1705, 1704, 165, 1618]"
2006,"[1875, 1570, 1157, 354, 1190]"
2007,"[1907, 114, 1567, 16, 1880]"
2008,"[925, 1030, 927, 1705, 1704]"
2009,"[1924, 1750, 478, 98, 464]"
2010,"[1026, 900, 165, 1705, 1704]"
2011,"[1127, 257, 1613, 1270, 688]"
2012,"[1185, 1704, 1705, 1249, 361]"
2013,"[327, 1148, 1082, 1154, 1790]"
2014,"[102, 1746, 98, 97, 96]"
2015,"[1915, 455, 116, 1704, 98]"
2016,"[1837, 1828, 1833, 1297, 290]"
2017,"[360, 333, 1774, 164, 323]"
2018,"[1915, 878, 1676, 60, 1344]"
2019,"[1192, 1676, 114, 1567, 113]"
2020,"[1705, 1704, 455, 1113, 1171]"
2021,"[1192, 1587, 1527, 1904, 1905]"
2022,"[1907, 1147, 455, 454, 1567]"
2023,"[60, 102, 409, 1746, 175]"
2024,"[1674, 1019, 1125, 219, 1344]"
2025,"[97, 96, 1746, 102, 409]"
2026,"[1674, 1636, 438, 60, 294]"
2027,"[290, 1615, 1586, 1073, 1556]"
2028,"[1936, 1704, 1277, 1705, 1295]"
2029,"[959, 914, 411, 957, 154]"
2030,"[1032, 1916, 1037, 1040, 1705]"
2031,"[165, 1907, 1758, 372, 1762]"
2032,"[455, 113, 98, 1676, 116]"
2033,"[59, 933, 780, 1846, 1736]"
2034,"[98, 97, 96, 1922, 1897]"
2035,"[1705, 1704, 97, 96, 1884]"
2036,"[1924, 478, 1705, 1704, 1549]"
2037,"[1705, 1704, 1300, 403, 452]"
2038,"[1742, 1522, 1541, 1564, 1489]"
2039,"[921, 1025, 937, 159, 165]"
2040,"[1636, 438, 98, 97, 96]"
2041,"[455, 454, 125, 461, 922]"
2042,"[97, 96, 1297, 361, 1746]"
2043,"[1662, 334, 1277, 1066, 332]"
2044,"[1014, 320, 163, 938, 1043]"
2045,"[60, 171, 866, 928, 925]"
2046,"[1570, 1792, 1659, 1793, 1196]"
2047,"[1064, 698, 1907, 1567, 1704]"
2048,"[1287, 30, 1785, 1705, 1704]"
2049,"[1157, 1250, 1705, 1704, 1080]"
2050,"[1014, 1026, 1049, 165, 1042]"
2051,"[1070, 1071, 467, 463, 695]"
2052,"[1522, 171, 46, 1138, 692]"
2053,"[692, 321, 846, 1191, 326]"
2054,"[1312, 1112, 680, 1705, 1704]"
2055,"[902, 1705, 1704, 1822, 1832]"
2056,"[1927, 1705, 1704, 1795, 164]"
2057,"[1705, 1704, 1762, 16, 679]"
2058,"[1655, 1617, 292, 1924, 900]"
2059,"[321, 681, 1040, 455, 692]"
2060,"[683, 165, 125, 670, 620]"
2061,"[1187, 1190, 135, 808, 333]"
2062,"[1025, 1705, 1704, 97, 96]"
2063,"[1808, 164, 165, 175, 79]"
2064,"[1676, 113, 1030, 125, 455]"
2065,"[163, 921, 97, 96, 1924]"
2066,"[1795, 1135, 1134, 1137, 603]"
2067,"[1705, 1704, 1795, 1760, 1567]"
2068,"[1030, 1029, 1916, 357, 1906]"
2069,"[114, 125, 455, 116, 89]"
2070,"[1207, 347, 1061, 1154, 67]"
2071,"[866, 290, 1752, 1696, 1041]"
2072,"[1112, 1098, 116, 1115, 390]"
2073,"[116, 379, 1067, 16, 338]"
2074,"[1704, 1705, 511, 1809, 1873]"
2075,"[1244, 423, 116, 781, 1049]"
2076,"[1884, 455, 1910, 1636, 438]"
2077,"[440, 1157, 97, 96, 409]"
2078,"[1705, 1704, 1924, 1753, 1755]"
2079,"[1917, 922, 1752, 455, 1704]"
2080,"[692, 1100, 1129, 308, 307]"
2081,"[291, 716, 1761, 1760, 1299]"
2082,"[1917, 960, 965, 200, 1185]"
2083,"[1896, 96, 1067, 98, 257]"
2084,"[98, 97, 96, 862, 1705]"
2085,"[1704, 1705, 1155, 164, 165]"
2086,"[808, 1705, 1704, 1179, 995]"
2087,"[1030, 1244, 423, 1875, 25]"
2088,"[447, 1273, 440, 79, 1637]"
2089,"[1001, 1028, 1748, 868, 1915]"
2090,"[257, 1127, 1613, 1270, 692]"
2091,"[1071, 1705, 1704, 164, 922]"
2092,"[97, 96, 98, 409, 102]"
2093,"[1607, 1157, 1517, 98, 97]"
2094,"[1115, 116, 1273, 447, 1147]"
2095,"[1907, 1113, 1526, 1899, 89]"
2096,"[1705, 1704, 1909, 165, 1752]"
2097,"[1607, 1517, 1157, 98, 1639]"
2098,"[1760, 1761, 1762, 1758, 1617]"
2099,"[1705, 1704, 1773, 1504, 98]"
2100,"[1676, 1252, 1258, 1256, 1260]"
2101,"[1705, 1704, 1025, 937, 159]"
2102,"[1072, 1405, 1157, 1775, 1768]"
2103,"[440, 1076, 1269, 327, 396]"
2104,"[165, 1924, 1915, 164, 60]"
2105,"[1027, 1065, 1612, 1042, 1035]"
2106,"[152, 745, 387, 715, 1758]"
2107,"[165, 1041, 937, 159, 1025]"
2108,"[1676, 113, 1675, 29, 408]"
2109,"[1760, 1761, 1758, 1762, 1567]"
2110,"[1617, 455, 1761, 1760, 1758]"
2111,"[125, 1127, 1545, 1900, 1456]"
2112,"[1907, 1897, 1922, 1758, 1762]"
2113,"[1915, 159, 1025, 937, 921]"
2114,"[1607, 1157, 1517, 97, 96]"
2115,"[97, 96, 409, 1313, 1746]"
2116,"[451, 321, 98, 96, 97]"
2117,"[1673, 163, 60, 98, 164]"
2118,"[455, 1299, 705, 1750, 1196]"
2119,"[257, 1677, 1705, 1704, 165]"
2120,"[440, 371, 1275, 114, 116]"
2121,"[1675, 1769, 1526, 1548, 113]"
2122,"[1676, 1900, 1915, 890, 112]"
2123,"[1617, 1762, 1760, 1761, 1758]"
2124,"[1915, 890, 112, 89, 530]"
2125,"[1704, 1705, 1922, 1897, 1067]"
2126,"[97, 96, 98, 102, 1746]"
2127,"[1793, 1792, 1791, 1607, 1705]"
2128,"[1617, 455, 1760, 1761, 454]"
2129,"[97, 96, 98, 275, 279]"
2130,"[211, 1154, 164, 223, 1649]"
2131,"[1192, 1705, 1704, 1567, 98]"
2132,"[164, 1613, 98, 409, 89]"
2133,"[921, 1025, 937, 159, 165]"
2134,"[1637, 1750, 1196, 60, 692]"
2135,"[1910, 1924, 1705, 1704, 292]"
2136,"[1917, 1762, 216, 116, 455]"
2137,"[108, 1704, 1705, 1758, 1762]"
2138,"[922, 954, 124, 98, 692]"
2139,"[1726, 379, 440, 692, 116]"
2140,"[928, 1042, 1607, 1157, 97]"
2141,"[1067, 372, 1068, 1157, 1071]"
2142,"[372, 368, 1746, 102, 97]"
2143,"[455, 1750, 98, 97, 96]"
2144,"[1772, 1210, 1503, 361, 535]"
2145,"[98, 97, 96, 1559, 408]"
2146,"[1705, 1704, 171, 1826, 73]"
2147,"[135, 372, 1570, 1704, 1705]"
2148,"[1157, 995, 1185, 1062, 1705]"
2149,"[461, 454, 455, 465, 1310]"
2150,"[1704, 1705, 175, 1193, 1909]"
2151,"[96, 98, 97, 102, 1746]"
2152,"[1567, 1704, 1705, 98, 97]"
2153,"[1884, 60, 171, 1887, 1886]"
2154,"[1761, 1760, 1185, 1157, 363]"
2155,"[1705, 1704, 511, 1765, 1777]"
2156,"[1073, 409, 866, 1313, 793]"
2157,"[346, 362, 335, 1156, 1615]"
2158,"[1607, 1608, 1157, 1313, 1517]"
2159,"[440, 358, 1915, 1027, 1793]"
2160,"[1915, 1651, 98, 97, 96]"
2161,"[1705, 1704, 1274, 1760, 1761]"
2162,"[1704, 1705, 1607, 1196, 1750]"
2163,"[60, 890, 112, 1705, 1704]"
2164,"[1098, 368, 1758, 1762, 1157]"
2165,"[97, 121, 711, 171, 1740]"
2166,"[1894, 1116, 1890, 862, 1201]"
2167,"[1609, 1185, 1907, 372, 1567]"
2168,"[1297, 1833, 1828, 1837, 165]"
2169,"[1762, 1761, 1760, 1617, 1758]"
2170,"[1936, 1277, 1295, 352, 1086]"
2171,"[98, 793, 97, 96, 1541]"
2172,"[1704, 1705, 1761, 1760, 1567]"
2173,"[1513, 1157, 594, 542, 1772]"
2174,"[1157, 1705, 1704, 925, 1607]"
2175,"[98, 409, 1746, 102, 1064]"
2176,"[1907, 421, 97, 96, 1704]"
2177,"[1040, 372, 1014, 1756, 1705]"
2178,"[1836, 1873, 1704, 1705, 1832]"
2179,"[1915, 1704, 1705, 511, 1809]"
2180,"[1147, 367, 1159, 361, 265]"
2181,"[938, 98, 97, 96, 1041]"
2182,"[372, 135, 1567, 1705, 1880]"
2183,"[1924, 1066, 438, 1636, 1727]"
2184,"[1705, 1704, 1924, 1030, 1753]"
2185,"[1921, 1915, 1926, 1064, 1762]"
2186,"[112, 1704, 1705, 890, 98]"
2187,"[440, 1705, 1704, 1773, 114]"
2188,"[1902, 438, 1636, 116, 1915]"
2189,"[1157, 455, 409, 98, 97]"
2190,"[1899, 1926, 890, 112, 868]"
2191,"[7, 44, 1124, 110, 861]"
2192,"[1863, 1833, 1837, 1828, 1935]"
2193,"[1041, 1014, 1637, 922, 688]"
2194,"[411, 1176, 688, 1137, 396]"
2195,"[135, 132, 1379, 1744, 1772]"
2196,"[372, 164, 116, 1570, 618]"
2197,"[1837, 1828, 1833, 1863, 1935]"
2198,"[89, 1704, 1705, 1907, 1910]"
2199,"[1705, 1704, 116, 1753, 1755]"
2200,"[1914, 629, 1926, 467, 440]"
2201,"[372, 1567, 1705, 1704, 1125]"
2202,"[1896, 97, 96, 1910, 455]"
2203,"[97, 96, 98, 409, 121]"
2204,"[125, 1704, 1705, 171, 620]"
2205,"[1567, 1922, 1897, 1618, 1896]"
2206,"[1567, 1192, 1907, 97, 96]"
2207,"[372, 1157, 368, 455, 1042]"
2208,"[442, 805, 1302, 32, 440]"
2209,"[1795, 1770, 875, 922, 1263]"
2210,"[1143, 1144, 442, 713, 345]"
2211,"[98, 1158, 1112, 1916, 455]"
2212,"[1617, 1113, 292, 1555, 124]"
2213,"[1157, 97, 96, 1607, 409]"
2214,"[1157, 455, 372, 409, 692]"
2215,"[1071, 1748, 868, 98, 164]"
2216,"[1185, 1837, 1828, 1833, 1935]"
2217,"[164, 116, 1762, 1758, 890]"
2218,"[794, 4, 1313, 1116, 793]"
2219,"[606, 723, 1684, 807, 409]"
2220,"[1651, 1050, 985, 984, 983]"
2221,"[1157, 409, 1613, 98, 97]"
2222,"[1027, 292, 952, 995, 386]"
2223,"[1488, 83, 901, 995, 108]"
2224,"[1907, 1607, 1704, 1705, 688]"
2225,"[333, 1907, 219, 1131, 1283]"
2226,"[1567, 372, 1704, 1705, 1909]"
2227,"[449, 1275, 1705, 1704, 1924]"
2228,"[1772, 1705, 1704, 530, 1758]"
2229,"[1025, 937, 159, 921, 425]"
2230,"[98, 793, 97, 96, 1541]"
2231,"[1915, 1916, 1030, 106, 1588]"
2232,"[1704, 1705, 530, 1762, 1758]"
2233,"[171, 164, 938, 617, 1717]"
2234,"[379, 1915, 96, 98, 97]"
2235,"[1704, 1705, 1316, 873, 1904]"
2236,"[1196, 164, 1750, 98, 125]"
2237,"[447, 1273, 372, 692, 97]"
2238,"[1157, 372, 164, 1567, 116]"
2239,"[1900, 1917, 1676, 101, 1915]"
2240,"[904, 175, 793, 1887, 97]"
2241,"[164, 620, 1196, 670, 1207]"
2242,"[1133, 952, 1027, 892, 925]"
2243,"[1157, 455, 372, 409, 97]"
2244,"[1884, 60, 782, 1738, 789]"
2245,"[1122, 171, 350, 149, 116]"
2246,"[1795, 1749, 922, 1672, 1758]"
2247,"[862, 1752, 121, 1915, 1786]"
2248,"[1157, 108, 677, 1705, 1704]"
2249,"[368, 363, 372, 1721, 1570]"
2250,"[1014, 1150, 149, 1649, 67]"
2251,"[692, 1655, 292, 165, 164]"
2252,"[1761, 1760, 1758, 1147, 1762]"
2253,"[1299, 368, 26, 1040, 1011]"
2254,"[1717, 1022, 774, 644, 1292]"
2255,"[366, 745, 125, 320, 705]"
2256,"[1924, 97, 98, 96, 1746]"
2257,"[1118, 1700, 1129, 1887, 1937]"
2258,"[1705, 1704, 1726, 846, 1601]"
2259,"[16, 1129, 1113, 1705, 1704]"
2260,"[1915, 1136, 1064, 98, 618]"
2261,"[290, 393, 1705, 1704, 442]"
2262,"[1936, 1277, 1295, 1104, 1202]"
2263,"[321, 363, 1662, 1907, 1733]"
2264,"[97, 862, 762, 1924, 1786]"
2265,"[1705, 1704, 124, 98, 96]"
2266,"[1046, 149, 988, 914, 915]"
2267,"[1065, 455, 136, 904, 862]"
2268,"[166, 470, 620, 1063, 1891]"
2269,"[175, 1705, 1704, 1358, 1828]"
2270,"[1030, 1762, 1907, 1029, 1705]"
2271,"[1911, 213, 211, 985, 979]"
2272,"[688, 292, 376, 677, 1617]"
2273,"[525, 518, 1485, 1468, 1439]"
2274,"[1936, 1086, 1295, 1928, 1104]"
2275,"[368, 1157, 731, 1761, 1760]"
2276,"[454, 1904, 1705, 1704, 16]"
2277,"[125, 455, 1924, 1457, 116]"
2278,"[1907, 1916, 1113, 116, 114]"
2279,"[1704, 1705, 1567, 1670, 1752]"
2280,"[682, 840, 778, 1716, 1711]"
2281,"[455, 454, 1899, 467, 465]"
2282,"[937, 1025, 159, 921, 113]"
2283,"[692, 1884, 1761, 1760, 1762]"
2284,"[1043, 1705, 1704, 937, 1025]"
2285,"[1607, 97, 96, 98, 1894]"
2286,"[124, 423, 1244, 125, 1612]"
2287,"[928, 709, 1739, 126, 441]"
2288,"[1923, 314, 118, 794, 449]"
2289,"[1112, 438, 1636, 1910, 102]"
2290,"[1570, 108, 372, 1125, 368]"
2291,"[343, 98, 1924, 96, 478]"
2292,"[455, 454, 220, 390, 1063]"
2293,"[697, 688, 1599, 1043, 1269]"
2294,"[108, 135, 1098, 1762, 1758]"
2295,"[1764, 458, 135, 1699, 1675]"
2296,"[1762, 1758, 1887, 1705, 866]"
2297,"[409, 98, 937, 1025, 159]"
2298,"[259, 1567, 390, 256, 1153]"
2299,"[1072, 1275, 449, 1761, 1760]"
2300,"[1570, 372, 1705, 1704, 1125]"
2301,"[811, 1071, 1704, 396, 379]"
2302,"[925, 166, 1654, 250, 862]"
2303,"[98, 97, 96, 1746, 102]"
2304,"[1915, 1134, 1649, 1049, 493]"
2305,"[1915, 97, 96, 455, 60]"
2306,"[1026, 1935, 1043, 1297, 1666]"
2307,"[126, 1778, 1705, 1704, 72]"
2308,"[440, 1636, 438, 1192, 98]"
2309,"[1116, 1073, 290, 1119, 866]"
2310,"[1915, 1705, 1704, 125, 1202]"
2311,"[1917, 359, 1676, 116, 1147]"
2312,"[125, 108, 1721, 1704, 1705]"
2313,"[1704, 1705, 1490, 1363, 1904]"
2314,"[372, 1721, 89, 135, 1880]"
2315,"[1490, 1705, 1704, 511, 1752]"
2316,"[116, 440, 868, 1748, 618]"
2317,"[1704, 1705, 1906, 1924, 89]"
2318,"[372, 1157, 349, 1705, 1704]"
2319,"[102, 96, 97, 124, 1313]"
2320,"[938, 164, 166, 1704, 1044]"
2321,"[1758, 1762, 1917, 455, 1269]"
2322,"[1896, 1607, 1157, 312, 1586]"
2323,"[97, 96, 409, 1746, 928]"
2324,"[1062, 1175, 779, 1156, 1167]"
2325,"[1750, 670, 1704, 1705, 922]"
2326,"[928, 952, 972, 988, 271]"
2327,"[1655, 1125, 1299, 900, 321]"
2328,"[1906, 1676, 890, 112, 1704]"
2329,"[1704, 1705, 793, 1570, 1786]"
2330,"[97, 96, 98, 1705, 1704]"
2331,"[164, 165, 438, 1636, 1915]"
2332,"[1761, 1760, 1617, 114, 1567]"
2333,"[1570, 372, 1705, 1704, 108]"
2334,"[1617, 1762, 1761, 1760, 1758]"
2335,"[1906, 1704, 1705, 1025, 937]"
2336,"[816, 1607, 277, 1157, 811]"
2337,"[878, 1157, 1137, 1035, 922]"
2338,"[1704, 1705, 363, 1488, 165]"
2339,"[1067, 379, 1043, 320, 440]"
2340,"[672, 1344, 98, 1239, 164]"
2341,"[1900, 1915, 60, 1073, 922]"
2342,"[1613, 257, 1080, 1185, 366]"
2343,"[96, 1700, 164, 904, 793]"
2344,"[1902, 1752, 1917, 601, 101]"
2345,"[454, 465, 1112, 455, 164]"
2346,"[1704, 1705, 1316, 873, 1904]"
2347,"[1073, 1705, 1704, 1659, 1543]"
2348,"[98, 96, 97, 1746, 102]"
2349,"[917, 1140, 979, 215, 981]"
2350,"[438, 1636, 98, 1907, 1166]"
2351,"[116, 1924, 1297, 124, 137]"
2352,"[409, 97, 98, 96, 1257]"
2353,"[98, 1025, 159, 113, 89]"
2354,"[1120, 706, 1727, 781, 1183]"
2355,"[164, 620, 470, 89, 670]"
2356,"[1249, 1018, 1705, 1704, 1752]"
2357,"[257, 1613, 1080, 1916, 1086]"
2358,"[116, 846, 693, 692, 1726]"
2359,"[1040, 292, 1655, 1064, 1113]"
2360,"[372, 1313, 1607, 1157, 97]"
2361,"[454, 455, 1191, 692, 1726]"
2362,"[1617, 96, 97, 292, 343]"
2363,"[116, 692, 1726, 1662, 1277]"
2364,"[374, 1705, 1704, 1674, 1870]"
2365,"[164, 165, 925, 904, 749]"
2366,"[1907, 440, 1884, 1567, 455]"
2367,"[371, 692, 440, 1192, 1129]"
2368,"[1704, 1705, 1826, 510, 1202]"
2369,"[89, 1044, 97, 96, 98]"
2370,"[1132, 1086, 396, 1087, 383]"
2371,"[992, 1185, 320, 164, 165]"
2372,"[1902, 60, 992, 1277, 1037]"
2373,"[1915, 688, 97, 96, 98]"
2374,"[1704, 1705, 510, 1826, 1363]"
2375,"[1900, 678, 1121, 1924, 681]"
2376,"[124, 102, 1746, 409, 96]"
2377,"[125, 1907, 1117, 1035, 455]"
2378,"[862, 1761, 1704, 89, 1760]"
2379,"[164, 1034, 921, 937, 1025]"
2380,"[1704, 1705, 1761, 1760, 1061]"
2381,"[1758, 1064, 95, 1762, 1899]"
2382,"[359, 1185, 1917, 1750, 1061]"
2383,"[1014, 379, 320, 1652, 440]"
2384,"[1277, 125, 351, 618, 164]"
2385,"[1560, 692, 388, 349, 921]"
2386,"[349, 1141, 1042, 1072, 352]"
2387,"[340, 1490, 1705, 1704, 1303]"
2388,"[455, 1133, 1915, 165, 478]"
2389,"[588, 402, 1041, 379, 629]"
2390,"[1737, 780, 1736, 773, 1704]"
2391,"[1769, 1775, 1768, 1762, 1758]"
2392,"[314, 1118, 885, 959, 866]"
2393,"[1617, 98, 692, 926, 811]"
2394,"[1607, 1517, 1157, 320, 257]"
2395,"[1157, 1613, 1035, 409, 98]"
2396,"[1277, 165, 921, 937, 1025]"
2397,"[114, 1113, 900, 1020, 438]"
2398,"[1639, 1011, 1064, 97, 96]"
2399,"[1704, 1705, 688, 1567, 165]"
2400,"[1157, 368, 455, 692, 862]"
2401,"[1045, 924, 1931, 349, 878]"
2402,"[981, 213, 211, 982, 979]"
2403,"[1704, 1763, 1761, 1760, 1705]"
2404,"[1607, 98, 1737, 1662, 780]"
2405,"[314, 1772, 959, 1118, 1246]"
2406,"[937, 1750, 409, 159, 1025]"
2407,"[455, 368, 97, 96, 98]"
2408,"[190, 355, 1932, 396, 331]"
2409,"[1763, 1704, 1705, 1758, 1762]"
2410,"[1733, 410, 1202, 1300, 98]"
2411,"[1125, 1277, 125, 257, 1662]"
2412,"[1733, 171, 125, 1792, 1793]"
2413,"[1907, 1896, 97, 96, 1192]"
2414,"[1762, 1758, 1704, 1705, 1760]"
2415,"[372, 1157, 1609, 368, 692]"
2416,"[855, 856, 368, 1570, 1275]"
2417,"[1869, 533, 1044, 1135, 398]"
2418,"[377, 108, 1112, 440, 1639]"
2419,"[1922, 1897, 868, 409, 96]"
2420,"[646, 1705, 1704, 6, 7]"
2421,"[1186, 761, 705, 768, 933]"
2422,"[1607, 98, 1705, 1704, 511]"
2423,"[1065, 1556, 409, 1538, 1520]"
2424,"[1907, 1567, 455, 928, 1880]"
2425,"[1676, 890, 112, 1900, 116]"
2426,"[1772, 1762, 1761, 1760, 1769]"
2427,"[866, 96, 888, 171, 376]"
2428,"[1147, 1249, 1104, 1171, 308]"
2429,"[1041, 1758, 1762, 455, 1580]"
2430,"[361, 108, 1758, 1762, 1761]"
2431,"[1125, 1889, 1277, 1557, 164]"
2432,"[1924, 116, 1705, 1704, 98]"
2433,"[1607, 1157, 1637, 1613, 1608]"
2434,"[972, 729, 732, 969, 970]"
2435,"[368, 372, 555, 1760, 544]"
2436,"[338, 291, 922, 1758, 1762]"
2437,"[1147, 1297, 116, 1762, 449]"
2438,"[926, 341, 288, 692, 1196]"
2439,"[1001, 618, 125, 915, 114]"
2440,"[164, 1750, 1690, 116, 1705]"
2441,"[1722, 63, 349, 1159, 1662]"
2442,"[1915, 159, 1025, 937, 175]"
2443,"[1157, 1769, 1186, 1768, 1775]"
2444,"[1777, 1765, 1704, 1705, 108]"
2445,"[455, 379, 291, 1637, 438]"
2446,"[1760, 1761, 1762, 1758, 1617]"
2447,"[594, 1855, 780, 124, 1297]"
2448,"[1752, 862, 1524, 1041, 1525]"
2449,"[1696, 1122, 290, 1167, 164]"
2450,"[1066, 349, 1045, 1085, 60]"
2451,"[921, 1157, 1025, 937, 159]"
2452,"[677, 376, 688, 296, 1580]"
2453,"[890, 112, 98, 113, 116]"
2454,"[702, 1573, 700, 216, 1001]"
2455,"[855, 1112, 320, 175, 1066]"
2456,"[862, 1313, 98, 102, 409]"
2457,"[828, 1287, 1828, 1833, 1837]"
2458,"[1040, 1062, 1023, 1881, 375]"
2459,"[98, 890, 112, 164, 165]"
2460,"[1299, 165, 98, 1704, 1705]"
2461,"[1762, 1758, 1617, 1761, 1760]"
2462,"[1277, 1676, 1884, 868, 1748]"
2463,"[116, 124, 1746, 102, 1769]"
2464,"[1917, 116, 1704, 1705, 455]"
2465,"[1185, 1917, 359, 1154, 369]"
2466,"[1761, 1760, 1775, 1768, 1704]"
2467,"[98, 688, 96, 97, 1915]"
2468,"[1769, 1775, 1768, 1560, 1762]"
2469,"[1157, 455, 97, 96, 372]"
2470,"[409, 96, 97, 1670, 760]"
2471,"[1915, 289, 125, 376, 1651]"
2472,"[1915, 101, 1863, 1704, 1705]"
2473,"[1922, 1897, 1704, 1705, 1125]"
2474,"[1014, 1018, 1026, 782, 1649]"
2475,"[1157, 372, 1705, 1704, 511]"
2476,"[1704, 1705, 1904, 1190, 1023]"
2477,"[1607, 1915, 98, 1704, 1705]"
2478,"[700, 300, 1833, 1837, 1828]"
2479,"[1795, 1134, 331, 1135, 603]"
2480,"[451, 377, 361, 395, 440]"
2481,"[1607, 1157, 1313, 811, 886]"
2482,"[455, 454, 1098, 1907, 1704]"
2483,"[1736, 705, 701, 709, 1737]"
2484,"[261, 267, 266, 238, 239]"
2485,"[321, 1617, 1762, 1760, 1761]"
2486,"[73, 1140, 270, 1705, 1704]"
2487,"[125, 25, 1161, 24, 920]"
2488,"[368, 372, 1522, 1273, 447]"
2489,"[290, 866, 97, 96, 793]"
2490,"[1246, 1705, 1112, 1704, 1760]"
2491,"[372, 1157, 1125, 692, 705]"
2492,"[1277, 411, 412, 1157, 455]"
2493,"[108, 1098, 135, 1567, 1705]"
2494,"[1567, 1705, 1704, 1909, 1752]"
2495,"[1924, 98, 919, 97, 96]"
2496,"[1570, 135, 372, 1567, 1721]"
2497,"[1490, 603, 360, 1255, 124]"
2498,"[1157, 1125, 1062, 363, 634]"
2499,"[441, 1705, 1704, 850, 1909]"
2500,"[440, 109, 1146, 416, 346]"
2501,"[101, 98, 1917, 455, 1044]"
2502,"[1915, 1917, 408, 728, 108]"
2503,"[1915, 878, 1704, 1705, 925]"
2504,"[82, 1287, 454, 1877, 107]"
2505,"[1900, 98, 97, 96, 1902]"
2506,"[185, 1014, 1915, 1042, 1026]"
2507,"[1915, 1064, 890, 112, 116]"
2508,"[372, 1196, 1065, 108, 216]"
2509,"[774, 746, 756, 744, 742]"
2510,"[386, 1915, 927, 1900, 1070]"
2511,"[1196, 1637, 1066, 368, 773]"
2512,"[1157, 634, 1636, 438, 364]"
2513,"[1935, 1833, 1837, 1828, 1863]"
2514,"[1197, 1118, 1890, 1041, 1752]"
2515,"[1704, 1705, 1761, 1760, 1758]"
2516,"[409, 762, 1746, 97, 96]"
2517,"[420, 717, 389, 372, 1137]"
2518,"[1246, 618, 1176, 1708, 291]"
2519,"[318, 1136, 1792, 1791, 1789]"
2520,"[1905, 1746, 102, 1527, 1713]"
2521,"[1704, 1705, 114, 1786, 1275]"
2522,"[1758, 1762, 1760, 1752, 1761]"
2523,"[1165, 1050, 902, 1673, 409]"
2524,"[793, 98, 290, 96, 97]"
2525,"[1704, 1705, 1204, 1676, 1544]"
2526,"[368, 372, 1070, 165, 1903]"
2527,"[164, 1704, 921, 919, 165]"
2528,"[1120, 1904, 116, 1889, 164]"
2529,"[937, 1025, 159, 410, 1202]"
2530,"[73, 4, 1772, 2, 803]"
2531,"[1705, 1704, 1762, 1758, 1924]"
2532,"[1935, 1828, 1837, 1833, 290]"
2533,"[1906, 108, 921, 1590, 1249]"
2534,"[677, 376, 660, 190, 688]"
2535,"[1910, 1155, 343, 1157, 643]"
2536,"[1704, 1915, 1077, 1030, 938]"
2537,"[124, 59, 1297, 1736, 1746]"
2538,"[1915, 1133, 885, 1030, 1054]"
2539,"[1066, 1900, 388, 1277, 1133]"
2540,"[1907, 1705, 1704, 1618, 164]"
2541,"[60, 98, 781, 1924, 454]"
2542,"[1610, 451, 688, 455, 1129]"
2543,"[1344, 1915, 1018, 1026, 60]"
2544,"[1118, 102, 866, 171, 350]"
2545,"[1246, 318, 110, 1129, 375]"
2546,"[692, 1726, 693, 440, 846]"
2547,"[922, 1760, 1752, 1761, 1516]"
2548,"[1607, 1299, 1196, 1915, 125]"
2549,"[1066, 692, 478, 1902, 1924]"
2550,"[97, 96, 1750, 98, 1758]"
2551,"[688, 376, 677, 125, 60]"
2552,"[1320, 760, 904, 1752, 1524]"
2553,"[1926, 692, 441, 447, 1273]"
2554,"[1902, 1147, 455, 1917, 1133]"
2555,"[1935, 1837, 1833, 1828, 370]"
2556,"[913, 73, 1796, 138, 190]"
2557,"[1704, 1705, 921, 164, 511]"
2558,"[164, 1704, 1705, 63, 407]"
2559,"[116, 1915, 1924, 1704, 1705]"
2560,"[372, 1157, 1833, 1837, 1828]"
2561,"[1050, 992, 1136, 250, 375]"
2562,"[866, 98, 793, 96, 97]"
2563,"[667, 749, 1704, 1795, 1705]"
2564,"[1900, 1927, 1034, 1074, 1041]"
2565,"[1043, 1936, 1915, 1705, 1704]"
2566,"[60, 96, 925, 1700, 420]"
2567,"[390, 1924, 1710, 924, 98]"
2568,"[1157, 1607, 371, 372, 1185]"
2569,"[1098, 98, 379, 758, 770]"
2570,"[1750, 455, 171, 1675, 101]"
2571,"[705, 438, 1636, 1186, 709]"
2572,"[440, 98, 97, 96, 1014]"
2573,"[1896, 1704, 1705, 1192, 1615]"
2574,"[372, 1157, 776, 1705, 1704]"
2575,"[692, 1202, 410, 1705, 1704]"
2576,"[1599, 710, 292, 335, 1874]"
2577,"[1728, 1731, 1611, 108, 1727]"
2578,"[1306, 335, 82, 1141, 454]"
2579,"[269, 408, 306, 260, 1025]"
2580,"[1907, 1066, 1257, 1704, 1068]"
2581,"[455, 368, 97, 96, 98]"
2582,"[1896, 1157, 1607, 97, 96]"
2583,"[125, 89, 455, 29, 1676]"
2584,"[175, 420, 1700, 677, 163]"
2585,"[928, 164, 1025, 937, 159]"
2586,"[618, 1001, 736, 729, 732]"
2587,"[857, 1157, 972, 441, 1249]"
2588,"[1922, 1897, 1704, 1705, 1910]"
2589,"[1042, 1903, 1032, 1030, 1915]"
2590,"[1917, 890, 112, 1758, 455]"
2591,"[372, 368, 1070, 455, 1570]"
2592,"[1917, 320, 359, 890, 112]"
2593,"[1773, 454, 98, 97, 96]"
2594,"[1700, 420, 60, 96, 1036]"
2595,"[943, 140, 964, 913, 957]"
2596,"[1705, 1704, 1196, 372, 729]"
2597,"[1915, 1586, 1705, 1704, 1909]"
2598,"[152, 85, 165, 968, 969]"
2599,"[1076, 1025, 937, 159, 1704]"
2600,"[329, 368, 1011, 216, 656]"
2601,"[1192, 1704, 1705, 98, 454]"
2602,"[1299, 1157, 165, 1300, 452]"
2603,"[1772, 1603, 862, 1786, 1788]"
2604,"[390, 1704, 1705, 333, 1762]"
2605,"[175, 924, 143, 164, 918]"
2606,"[1030, 1560, 1915, 692, 1561]"
2607,"[470, 677, 922, 620, 162]"
2608,"[478, 1924, 102, 1746, 96]"
2609,"[1029, 409, 1041, 1907, 113]"
2610,"[96, 1700, 1701, 1746, 102]"
2611,"[1705, 1704, 1826, 1670, 275]"
2612,"[1073, 294, 98, 97, 96]"
2613,"[1567, 379, 1011, 368, 884]"
2614,"[116, 159, 937, 1025, 1112]"
2615,"[116, 692, 1192, 455, 1726]"
2616,"[128, 165, 1733, 1793, 1792]"
2617,"[125, 1676, 920, 455, 113]"
2618,"[1762, 1758, 1761, 1760, 1705]"
2619,"[878, 922, 862, 1700, 101]"
2620,"[1072, 1067, 1157, 321, 1705]"
2621,"[455, 454, 388, 333, 1636]"
2622,"[98, 478, 1924, 97, 96]"
2623,"[1932, 1116, 190, 925, 730]"
2624,"[1907, 98, 96, 97, 440]"
2625,"[1157, 1705, 1704, 372, 1185]"
2626,"[1299, 125, 1676, 1936, 432]"
2627,"[629, 1775, 1618, 1705, 1704]"
2628,"[1705, 1704, 985, 984, 980]"
2629,"[292, 1089, 97, 96, 108]"
2630,"[692, 858, 362, 1721, 1917]"
2631,"[1113, 1188, 1604, 855, 1676]"
2632,"[98, 96, 97, 1567, 1705]"
2633,"[1299, 379, 1098, 455, 1147]"
2634,"[1738, 1112, 782, 789, 455]"
2635,"[1705, 1704, 1909, 1752, 1915]"
2636,"[1762, 1758, 1705, 1704, 442]"
2637,"[1752, 1794, 1704, 1705, 1098]"
2638,"[677, 379, 1704, 1705, 361]"
2639,"[1113, 114, 1915, 1662, 1567]"
2640,"[1917, 1915, 922, 1025, 937]"
2641,"[1125, 1762, 1758, 1618, 1761]"
2642,"[1157, 372, 455, 409, 1705]"
2643,"[1567, 1704, 1705, 114, 922]"
2644,"[1863, 1935, 1833, 1828, 1837]"
2645,"[1915, 1900, 890, 112, 1676]"
2646,"[868, 1748, 1299, 125, 1915]"
2647,"[1030, 1047, 1068, 222, 1257]"
2648,"[1607, 1704, 1705, 1567, 97]"
2649,"[1559, 835, 1705, 1704, 1752]"
2650,"[1889, 60, 102, 124, 1160]"
2651,"[937, 159, 925, 1746, 60]"
2652,"[866, 166, 1704, 1705, 187]"
2653,"[89, 372, 1196, 165, 1570]"
2654,"[165, 97, 96, 89, 1608]"
2655,"[175, 102, 121, 420, 97]"
2656,"[372, 363, 108, 1704, 1705]"
2657,"[1570, 108, 361, 1721, 1705]"
2658,"[455, 454, 97, 96, 1761]"
2659,"[1576, 1273, 447, 692, 1762]"
2660,"[1617, 1761, 1760, 1758, 1762]"
2661,"[706, 1306, 1309, 98, 97]"
2662,"[1769, 1761, 1760, 372, 1570]"
2663,"[1072, 1760, 1761, 819, 372]"
2664,"[381, 1704, 1705, 1793, 1791]"
2665,"[1917, 1157, 1758, 162, 1762]"
2666,"[440, 451, 138, 212, 920]"
2667,"[1752, 1524, 1041, 1119, 1525]"
2668,"[1772, 428, 406, 1021, 223]"
2669,"[1147, 692, 1916, 1175, 1385]"
2670,"[1157, 455, 368, 372, 1721]"
2671,"[1704, 1705, 440, 108, 992]"
2672,"[455, 308, 1100, 307, 454]"
2673,"[1917, 1915, 1025, 937, 159]"
2674,"[108, 1704, 1705, 1761, 1762]"
2675,"[1113, 1617, 455, 1618, 454]"
2676,"[108, 372, 1760, 1761, 321]"
2677,"[1066, 1900, 1769, 349, 1277]"
2678,"[1068, 1157, 1118, 1272, 972]"
2679,"[692, 1246, 1909, 1904, 1255]"
2680,"[1900, 1079, 1277, 928, 1639]"
2681,"[1066, 1808, 1766, 1706, 1277]"
2682,"[890, 112, 89, 1615, 97]"
2683,"[1795, 1705, 1704, 443, 925]"
2684,"[1068, 1014, 800, 28, 1704]"
2685,"[1915, 116, 1705, 1704, 677]"
2686,"[921, 1025, 937, 159, 165]"
2687,"[1113, 1129, 409, 98, 97]"
2688,"[1157, 1762, 1704, 1705, 1758]"
2689,"[628, 361, 317, 409, 1041]"
2690,"[291, 1704, 1705, 1003, 236]"
2691,"[1742, 371, 1915, 624, 1564]"
2692,"[98, 97, 96, 1746, 409]"
2693,"[1916, 1768, 1775, 1758, 1762]"
2694,"[1915, 1073, 7, 1079, 455]"
2695,"[454, 455, 97, 96, 1112]"
2696,"[793, 1833, 1837, 1828, 98]"
2697,"[1045, 190, 999, 1932, 730]"
2698,"[1894, 811, 886, 1704, 1705]"
2699,"[1761, 1032, 454, 455, 535]"
2700,"[372, 455, 368, 1157, 1042]"
2701,"[1066, 1085, 1902, 1753, 455]"
2702,"[736, 729, 732, 1196, 372]"
2703,"[1704, 1705, 692, 1795, 1826]"
2704,"[1902, 1176, 1900, 342, 1917]"
2705,"[465, 1162, 1662, 862, 1113]"
2706,"[1149, 1043, 902, 1140, 211]"
2707,"[292, 455, 1761, 1760, 441]"
2708,"[1125, 1917, 1762, 101, 1705]"
2709,"[808, 1705, 1704, 1567, 1772]"
2710,"[1133, 793, 409, 124, 1541]"
2711,"[1775, 1768, 1704, 165, 1618]"
2712,"[97, 98, 96, 121, 1746]"
2713,"[1704, 1157, 1705, 1761, 584]"
2714,"[1188, 1190, 1113, 1069, 1727]"
2715,"[1073, 866, 1118, 793, 314]"
2716,"[1705, 1704, 1924, 1147, 1146]"
2717,"[924, 1833, 1828, 1837, 1935]"
2718,"[1147, 1721, 398, 1023, 116]"
2719,"[1863, 1828, 1837, 1833, 927]"
2720,"[1570, 895, 34, 136, 1785]"
2721,"[1746, 931, 928, 925, 924]"
2722,"[1089, 299, 1637, 1772, 73]"
2723,"[125, 1676, 124, 455, 1677]"
2724,"[455, 1676, 1249, 1705, 1704]"
2725,"[1705, 1704, 98, 1041, 1620]"
2726,"[1018, 1915, 200, 408, 202]"
2727,"[1900, 295, 97, 96, 98]"
2728,"[1133, 1560, 1915, 1704, 1705]"
2729,"[1742, 171, 1527, 1549, 1564]"
2730,"[922, 1066, 89, 1603, 410]"
2731,"[1607, 1299, 97, 96, 98]"
2732,"[1915, 1277, 455, 324, 1068]"
2733,"[1030, 1915, 216, 1054, 1026]"
2734,"[164, 165, 97, 96, 98]"
2735,"[1246, 332, 1111, 656, 501]"
2736,"[911, 925, 988, 999, 149]"
2737,"[341, 1246, 73, 1243, 1222]"
2738,"[1607, 1299, 705, 1157, 366]"
2739,"[1915, 1791, 1790, 1789, 1792]"
2740,"[1935, 1833, 1837, 1828, 290]"
2741,"[1030, 1915, 1560, 1561, 692]"
2742,"[409, 1746, 98, 793, 1541]"
2743,"[1915, 1030, 1042, 1909, 164]"
2744,"[1917, 1900, 1147, 116, 359]"
2745,"[164, 921, 1033, 165, 937]"
2746,"[413, 900, 1066, 98, 1250]"
2747,"[1607, 1157, 1896, 921, 97]"
2748,"[1761, 1760, 1617, 97, 96]"
2749,"[89, 419, 116, 455, 1676]"
2750,"[1617, 97, 96, 1705, 1704]"
2751,"[1896, 1157, 1607, 1192, 96]"
2752,"[455, 454, 1921, 1191, 1112]"
2753,"[366, 257, 1613, 165, 1924]"
2754,"[1118, 60, 98, 96, 97]"
2755,"[165, 164, 1762, 1758, 1773]"
2756,"[366, 793, 1772, 400, 361]"
2757,"[1795, 1768, 1775, 1762, 1769]"
2758,"[368, 97, 96, 1157, 165]"
2759,"[1704, 1705, 1677, 165, 1904]"
2760,"[780, 1737, 1736, 758, 1607]"
2761,"[1894, 455, 372, 1202, 410]"
2762,"[1705, 1704, 267, 266, 239]"
2763,"[1917, 1044, 295, 1750, 1603]"
2764,"[1828, 1837, 1833, 441, 692]"
2765,"[1250, 1875, 1114, 468, 682]"
2766,"[1040, 371, 451, 1273, 447]"
2767,"[1043, 1782, 1799, 1801, 1798]"
2768,"[1762, 1758, 1915, 1914, 216]"
2769,"[1915, 1676, 1705, 1704, 1721]"
2770,"[116, 920, 1758, 1762, 1769]"
2771,"[1132, 341, 692, 1637, 926]"
2772,"[1899, 1526, 1762, 1926, 1064]"
2773,"[98, 96, 97, 1746, 102]"
2774,"[320, 1137, 379, 101, 1705]"
2775,"[1567, 452, 361, 1733, 455]"
2776,"[190, 1907, 96, 97, 98]"
2777,"[1917, 1924, 138, 677, 455]"
2778,"[1704, 1705, 1297, 995, 257]"
2779,"[1896, 1613, 1157, 692, 97]"
2780,"[904, 925, 749, 163, 1118]"
2781,"[1900, 1917, 165, 164, 1676]"
2782,"[1199, 904, 46, 164, 165]"
2783,"[98, 1313, 793, 96, 97]"
2784,"[1902, 925, 1196, 1552, 1197]"
2785,"[398, 1722, 89, 1269, 1023]"
2786,"[346, 362, 1615, 335, 1156]"
2787,"[1728, 108, 1731, 1727, 216]"
2788,"[1617, 292, 98, 926, 1125]"
2789,"[1066, 1113, 455, 1617, 409]"
2790,"[372, 164, 116, 108, 216]"
2791,"[376, 677, 1915, 688, 1549]"
2792,"[125, 393, 171, 1907, 324]"
2793,"[171, 1762, 1758, 113, 618]"
2794,"[166, 677, 412, 411, 1791]"
2795,"[1758, 1762, 1761, 1760, 454]"
2796,"[1513, 542, 594, 1772, 1723]"
2797,"[1742, 1927, 1884, 100, 1554]"
2798,"[1025, 159, 937, 1067, 409]"
2799,"[259, 1924, 222, 250, 261]"
2800,"[1916, 89, 165, 98, 164]"
2801,"[1705, 1704, 1752, 1750, 1762]"
2802,"[1299, 1750, 1639, 938, 1157]"
2803,"[928, 166, 1922, 1897, 925]"
2804,"[1746, 409, 922, 1904, 89]"
2805,"[1601, 98, 97, 96, 1726]"
2806,"[1202, 410, 1042, 1916, 1603]"
2807,"[1014, 1132, 1063, 1121, 1158]"
2808,"[1636, 442, 166, 1922, 1897]"
2809,"[166, 1899, 89, 1922, 1897]"
2810,"[29, 1675, 1676, 440, 125]"
2811,"[1001, 412, 411, 1792, 1793]"
2812,"[1181, 257, 101, 1637, 903]"
2813,"[98, 96, 97, 409, 1746]"
2814,"[807, 1705, 1704, 692, 314]"
2815,"[1299, 1073, 1060, 258, 42]"
2816,"[1705, 1704, 108, 1721, 455]"
2817,"[1027, 1261, 911, 403, 927]"
2818,"[368, 1157, 455, 1113, 421]"
2819,"[1068, 1704, 1705, 860, 1112]"
2820,"[455, 980, 862, 164, 886]"
2821,"[290, 1615, 1538, 1556, 1586]"
2822,"[1014, 441, 440, 451, 1904]"
2823,"[1915, 749, 667, 171, 60]"
2824,"[98, 97, 96, 409, 1705]"
2825,"[89, 952, 1907, 866, 1129]"
2826,"[1064, 1926, 409, 98, 96]"
2827,"[1915, 716, 124, 125, 1924]"
2828,"[289, 1273, 447, 1758, 1762]"
2829,"[1896, 1915, 921, 1894, 97]"
2830,"[937, 159, 1025, 921, 165]"
2831,"[308, 922, 324, 447, 1273]"
2832,"[165, 164, 1704, 1705, 1909]"
2833,"[291, 1176, 710, 695, 353]"
2834,"[1612, 1574, 1620, 98, 1758]"
2835,"[89, 165, 1896, 937, 159]"
2836,"[781, 922, 1924, 1705, 1704]"
2837,"[1924, 1752, 435, 165, 921]"
2838,"[98, 1704, 1705, 890, 112]"
2839,"[409, 1627, 922, 921, 97]"
2840,"[89, 409, 1905, 1922, 1897]"
2841,"[1795, 1704, 1705, 1701, 568]"
2842,"[409, 89, 1627, 171, 1025]"
2843,"[291, 667, 1751, 695, 5]"
2844,"[98, 96, 97, 409, 102]"
2845,"[409, 97, 98, 96, 102]"
2846,"[1143, 1727, 319, 1129, 1069]"
2847,"[102, 1746, 409, 98, 96]"
2848,"[116, 1636, 438, 163, 1915]"
2849,"[128, 1113, 866, 1157, 922]"
2850,"[166, 1907, 1050, 1922, 1897]"
2851,"[89, 398, 98, 1704, 1705]"
2852,"[395, 500, 1133, 1030, 1832]"
2853,"[1907, 1246, 443, 1897, 1922]"
2854,"[165, 294, 320, 1179, 1069]"
2855,"[409, 98, 1246, 113, 1922]"
2856,"[1032, 1768, 1775, 1758, 1762]"
2857,"[695, 696, 1924, 1704, 1705]"
2858,"[1907, 60, 455, 1924, 1922]"
2859,"[440, 1149, 1249, 383, 1073]"
2860,"[126, 409, 102, 60, 280]"
2861,"[1915, 921, 159, 937, 1025]"
2862,"[464, 430, 1772, 927, 176]"
2863,"[409, 98, 97, 96, 1705]"
2864,"[1028, 1279, 1066, 1277, 1158]"
2865,"[1301, 1249, 1064, 440, 324]"
2866,"[643, 683, 1704, 1705, 693]"
2867,"[1149, 1912, 1649, 728, 1029]"
2868,"[613, 1795, 1770, 1750, 60]"
2869,"[151, 918, 139, 956, 958]"
2870,"[1907, 1064, 866, 1120, 629]"
2871,"[1929, 1014, 1202, 410, 108]"
2872,"[1773, 1760, 1761, 321, 374]"
2873,"[938, 1143, 256, 326, 1170]"
2874,"[324, 1030, 1131, 1202, 410]"
2875,"[913, 140, 216, 1055, 108]"
2876,"[89, 1907, 1758, 1762, 409]"
2877,"[166, 1076, 1705, 1704, 1144]"
2878,"[320, 1705, 1704, 1677, 1042]"
2879,"[1517, 1704, 347, 1705, 1316]"
2880,"[1704, 1705, 1728, 530, 1760]"
2881,"[1651, 1762, 1758, 371, 1704]"
2882,"[731, 925, 1822, 1821, 1756]"
2883,"[291, 441, 116, 455, 1614]"
2884,"[102, 98, 97, 96, 1746]"
2885,"[259, 250, 1147, 408, 116]"
2886,"[1922, 1897, 927, 1828, 1833]"
2887,"[896, 1705, 1704, 530, 1041]"
2888,"[1833, 1828, 1837, 1935, 290]"
2889,"[317, 1041, 1340, 1129, 628]"
2890,"[633, 277, 1699, 1618, 1675]"
2891,"[1921, 1066, 125, 1745, 1671]"
2892,"[1915, 688, 677, 376, 1696]"
2893,"[1922, 1897, 670, 620, 470]"
2894,"[455, 89, 1907, 1760, 1761]"
2895,"[1746, 409, 925, 1713, 60]"
2896,"[310, 812, 706, 467, 465]"
2897,"[1025, 159, 937, 165, 921]"
2898,"[1704, 1705, 1927, 1041, 1612]"
2899,"[263, 700, 98, 692, 1249]"
2900,"[1775, 1768, 1907, 1758, 1762]"
2901,"[1919, 1053, 1704, 1705, 972]"
2902,"[1027, 1042, 1909, 1193, 1704]"
2903,"[89, 113, 1653, 98, 97]"
2904,"[116, 1147, 1676, 113, 1675]"
2905,"[265, 1087, 1080, 1086, 1637]"
2906,"[1907, 928, 1916, 1745, 1616]"
2907,"[89, 1907, 1025, 937, 159]"
2908,"[89, 1907, 98, 1526, 1762]"
2909,"[1704, 1705, 1068, 1760, 1762]"
2910,"[163, 164, 166, 937, 159]"
2911,"[1607, 165, 1608, 921, 97]"
2912,"[1935, 1828, 1833, 1837, 455]"
2913,"[89, 1025, 937, 159, 921]"
2914,"[1874, 60, 291, 926, 1704]"
2915,"[1758, 1762, 98, 1705, 1704]"
2916,"[1041, 1915, 1899, 922, 317]"
2917,"[1762, 1758, 1760, 1761, 1659]"
2918,"[285, 269, 978, 968, 976]"
2919,"[98, 1721, 361, 165, 163]"
2920,"[455, 1612, 1762, 165, 862]"
2921,"[692, 165, 98, 1538, 1617]"
2922,"[1750, 96, 98, 1617, 108]"
2923,"[149, 1915, 1748, 868, 461]"
2924,"[409, 878, 890, 112, 1922]"
2925,"[1726, 1662, 693, 692, 922]"
2926,"[1014, 221, 1011, 261, 727]"
2927,"[1399, 1704, 379, 1178, 1705]"
2928,"[1762, 1758, 1068, 1704, 1705]"
2929,"[1748, 868, 1071, 1704, 1705]"
2930,"[116, 1705, 1704, 375, 1931]"
2931,"[1064, 1748, 868, 1904, 98]"
2932,"[409, 113, 1899, 1762, 1758]"
2933,"[1134, 1043, 165, 124, 98]"
2934,"[165, 113, 125, 89, 112]"
2935,"[1035, 1038, 165, 1034, 166]"
2936,"[128, 1086, 1193, 165, 922]"
2937,"[431, 1080, 1279, 7, 1793]"
2938,"[1358, 1915, 1363, 1370, 1041]"
2939,"[278, 275, 1917, 1016, 139]"
2940,"[447, 1273, 1265, 1935, 1795]"
2941,"[89, 409, 165, 937, 921]"
2942,"[1907, 1771, 819, 890, 112]"
2943,"[890, 112, 1915, 1721, 108]"
2944,"[108, 1089, 1067, 60, 1768]"
2945,"[1705, 1704, 1726, 692, 1600]"
2946,"[1041, 162, 165, 925, 164]"
2947,"[866, 59, 406, 223, 407]"
2948,"[1612, 1927, 37, 1041, 1574]"
2949,"[594, 1772, 1762, 1758, 1674]"
2950,"[1902, 96, 97, 98, 60]"
2951,"[164, 89, 113, 921, 1627]"
2952,"[164, 1904, 1613, 113, 1705]"
2953,"[165, 166, 1025, 937, 159]"
2954,"[1040, 716, 124, 1705, 1704]"
2955,"[1279, 1676, 902, 1807, 1936]"
2956,"[1018, 1046, 1048, 1014, 1037]"
2957,"[137, 273, 274, 272, 275]"
2958,"[1922, 1897, 1899, 1526, 166]"
2959,"[212, 116, 1915, 920, 125]"
2960,"[1704, 1705, 1746, 102, 409]"
2961,"[409, 1144, 442, 1704, 1705]"
2962,"[1915, 1705, 1704, 291, 1296]"
2963,"[166, 89, 221, 1705, 1925]"
2964,"[1915, 1133, 1041, 1030, 1042]"
2965,"[1902, 1915, 1917, 116, 890]"
2966,"[96, 1713, 1073, 925, 1700]"
2967,"[1907, 113, 890, 112, 1533]"
2968,"[1273, 447, 1147, 439, 1579]"
2969,"[341, 1070, 1071, 1558, 409]"
2970,"[1907, 1745, 1671, 1616, 1116]"
2971,"[1915, 396, 1076, 327, 862]"
2972,"[1915, 113, 890, 112, 1076]"
2973,"[250, 273, 1034, 150, 344]"
2974,"[440, 212, 108, 1014, 1754]"
2975,"[925, 126, 409, 1746, 1700]"
2976,"[698, 124, 819, 922, 1905]"
2977,"[409, 937, 1025, 159, 1915]"
2978,"[1769, 1774, 1768, 1724, 1068]"
2979,"[1344, 1028, 1690, 1549, 1907]"
2980,"[1034, 162, 165, 934, 167]"
2981,"[1902, 101, 1917, 1067, 1750]"
2982,"[303, 1915, 1705, 1704, 618]"
2983,"[402, 42, 1700, 1368, 1828]"
2984,"[1065, 904, 136, 98, 1704]"
2985,"[1301, 452, 1704, 1705, 1837]"
2986,"[1607, 98, 1157, 1068, 1620]"
2987,"[478, 455, 1277, 1924, 1157]"
2988,"[455, 677, 1299, 1298, 1676]"
2989,"[1071, 1705, 1704, 1807, 89]"
2990,"[1917, 359, 1025, 937, 159]"
2991,"[455, 1239, 164, 409, 116]"
2992,"[1828, 1837, 1833, 1915, 1935]"
2993,"[89, 1257, 1771, 1874, 1870]"
2994,"[1071, 1807, 1704, 1705, 96]"
2995,"[1041, 1155, 1560, 89, 1561]"
2996,"[455, 66, 1157, 454, 1809]"
2997,"[1789, 1790, 1791, 1753, 1792]"
2998,"[1705, 1704, 165, 167, 174]"
2999,"[455, 1344, 1068, 1637, 1106]"
3000,"[1030, 165, 1041, 164, 1034]"
3001,"[1837, 1828, 1833, 1705, 1704]"
3002,"[474, 1257, 89, 1531, 1030]"
3003,"[1027, 1909, 1193, 1704, 1705]"
3004,"[164, 921, 937, 159, 1025]"
3005,"[1068, 60, 1771, 1073, 1075]"
3006,"[358, 1035, 1030, 1257, 1928]"
3007,"[819, 89, 1249, 98, 1896]"
3008,"[1084, 269, 1108, 306, 1088]"
3009,"[1704, 1705, 1043, 1915, 1659]"
3010,"[688, 677, 376, 1704, 1705]"
3011,"[1041, 1068, 1075, 1795, 1704]"
3012,"[1704, 1705, 452, 403, 358]"
3013,"[1837, 1833, 1828, 1863, 1935]"
3014,"[878, 1795, 1077, 358, 605]"
3015,"[1915, 171, 376, 677, 1927]"
3016,"[933, 342, 1092, 1135, 1855]"
3017,"[455, 819, 862, 454, 1030]"
3018,"[165, 1202, 410, 1704, 1705]"
3019,"[1042, 165, 1909, 1752, 1193]"
3020,"[1915, 125, 1073, 1155, 868]"
3021,"[1173, 1095, 1617, 1263, 978]"
3022,"[1071, 1807, 1704, 1705, 455]"
3023,"[125, 1244, 423, 1690, 902]"
3024,"[125, 423, 1244, 1690, 902]"
3025,"[423, 1244, 125, 1028, 1690]"
3026,"[125, 423, 1244, 1041, 677]"
3027,"[125, 1244, 423, 902, 1690]"
3028,"[125, 423, 1244, 435, 1690]"
3029,"[125, 98, 1244, 423, 1690]"
3030,"[125, 1244, 423, 921, 165]"
3031,"[1244, 423, 125, 902, 1690]"
3032,"[1038, 721, 365, 1169, 1244]"
3033,"[125, 1690, 1244, 423, 455]"
3034,"[125, 677, 1924, 1133, 440]"
3035,"[125, 1244, 423, 677, 1690]"
3036,"[1705, 1704, 578, 580, 396]"
3037,"[125, 164, 1025, 937, 159]"
3038,"[125, 423, 1244, 902, 1917]"
3039,"[125, 341, 1370, 1915, 163]"
3040,"[773, 374, 1052, 373, 357]"
3041,"[125, 1126, 1124, 360, 362]"
3042,"[125, 1244, 423, 1690, 1014]"
3043,"[125, 1900, 1676, 585, 586]"
3044,"[125, 1282, 1285, 321, 1690]"
3045,"[125, 1244, 423, 333, 1628]"
3046,"[125, 1915, 1244, 423, 1690]"
3047,"[125, 620, 470, 320, 922]"
3048,"[1690, 125, 1244, 423, 921]"
3049,"[125, 1690, 423, 1244, 360]"
3050,"[125, 423, 1705, 1704, 1244]"
3051,"[594, 1513, 542, 1860, 3]"
3052,"[125, 1136, 1126, 613, 423]"
3053,"[125, 478, 1924, 663, 98]"
3054,"[125, 1244, 423, 1915, 902]"
3055,"[1244, 423, 125, 522, 1041]"
3056,"[1244, 423, 1028, 125, 1690]"
3057,"[125, 1690, 322, 423, 1244]"
3058,"[1344, 925, 1674, 396, 1612]"
3059,"[125, 1244, 423, 1690, 862]"
3060,"[125, 1244, 423, 360, 396]"
3061,"[1915, 125, 1344, 402, 1189]"
3062,"[1038, 98, 97, 96, 322]"
3063,"[365, 1244, 423, 125, 1183]"
3064,"[1309, 688, 459, 460, 1310]"
3065,"[1244, 423, 125, 1690, 79]"
3066,"[460, 1281, 1310, 1309, 1772]"
3067,"[1924, 692, 1147, 1885, 455]"
3068,"[1924, 921, 1752, 1761, 164]"
3069,"[1915, 171, 478, 1924, 116]"
3070,"[1695, 171, 319, 1750, 343]"
3071,"[1030, 478, 1133, 1924, 164]"
3072,"[921, 165, 1915, 922, 164]"
3073,"[1752, 1765, 1777, 1758, 1762]"
3074,"[921, 164, 165, 98, 96]"
3075,"[478, 375, 1924, 1025, 159]"
3076,"[1927, 1705, 1704, 904, 1762]"
3077,"[1750, 1761, 1677, 1915, 1917]"
3078,"[98, 1704, 1705, 478, 1924]"
3079,"[1915, 1504, 1299, 1833, 1828]"
3080,"[1924, 1761, 164, 165, 921]"
3081,"[1704, 1705, 1752, 1915, 1761]"
3082,"[478, 1924, 98, 1030, 60]"
3083,"[1924, 478, 921, 164, 165]"
3084,"[1915, 60, 402, 1761, 629]"
3085,"[1915, 1902, 1561, 116, 126]"
3086,"[1761, 1755, 164, 124, 528]"
3087,"[1915, 164, 124, 165, 1761]"
3088,"[478, 1924, 98, 164, 1705]"
3089,"[1744, 817, 1265, 1828, 1837]"
3090,"[1924, 98, 96, 97, 171]"
3091,"[126, 171, 343, 1677, 1913]"
3092,"[164, 165, 921, 1695, 926]"
3093,"[89, 921, 98, 164, 60]"
3094,"[1915, 1062, 1705, 1704, 1299]"
3095,"[1761, 1760, 1704, 165, 164]"
3096,"[98, 692, 455, 1915, 1791]"
3097,"[1639, 1828, 1833, 1837, 1935]"
3098,"[1755, 1560, 692, 341, 1753]"
3099,"[1915, 1761, 1924, 921, 164]"
3100,"[1924, 478, 1705, 1704, 453]"
3101,"[921, 164, 165, 1761, 528]"
3102,"[1924, 319, 164, 98, 96]"
3103,"[1915, 1561, 1704, 1705, 1762]"
3104,"[1915, 1924, 165, 164, 1910]"
3105,"[1924, 1761, 663, 1695, 921]"
3106,"[528, 1761, 925, 171, 1507]"
3107,"[1915, 1030, 89, 1344, 1566]"
3108,"[1760, 441, 1758, 1762, 361]"
3109,"[34, 1937, 1833, 1837, 1828]"
3110,"[1760, 1604, 1761, 1762, 1758]"
3111,"[265, 1695, 368, 455, 1042]"
3112,"[108, 1775, 216, 98, 53]"
3113,"[1024, 1705, 1704, 108, 1721]"
3114,"[1721, 1024, 1178, 80, 1175]"
3115,"[1721, 108, 1024, 292, 80]"
3116,"[1344, 1704, 1705, 329, 365]"
3117,"[885, 1757, 1776, 728, 823]"
3118,"[171, 921, 1193, 1656, 955]"
3119,"[1929, 716, 1040, 258, 410]"
3120,"[1159, 1931, 108, 322, 788]"
3121,"[1929, 1721, 108, 1024, 409]"
3122,"[1760, 1761, 60, 108, 89]"
3123,"[1721, 1202, 410, 390, 108]"
3124,"[108, 1704, 1705, 1721, 1761]"
3125,"[1721, 1929, 108, 361, 380]"
3126,"[108, 1721, 1705, 1704, 165]"
3127,"[108, 1721, 1758, 1762, 1760]"
3128,"[108, 292, 1023, 1190, 80]"
3129,"[688, 368, 1024, 365, 108]"
3130,"[1760, 1761, 1758, 1762, 1756]"
3131,"[413, 1071, 287, 438, 1636]"
3132,"[380, 1159, 303, 108, 1721]"
3133,"[1014, 1046, 1181, 354, 348]"
3134,"[1760, 1761, 1758, 1762, 857]"
3135,"[108, 322, 1704, 1705, 1721]"
3136,"[287, 387, 1135, 108, 1048]"
3137,"[437, 1284, 732, 736, 729]"
3138,"[1024, 1721, 108, 80, 398]"
3139,"[361, 329, 692, 1907, 858]"
3140,"[1024, 1721, 108, 1098, 857]"
3141,"[287, 911, 728, 354, 1632]"
3142,"[1024, 1159, 1762, 108, 1705]"
3143,"[629, 1935, 42, 402, 1700]"
3144,"[1721, 1277, 688, 21, 108]"
3145,"[1187, 333, 1801, 1798, 1799]"
3146,"[1184, 692, 98, 856, 97]"
3147,"[812, 1491, 1752, 1802, 1804]"
3148,"[108, 1762, 692, 1704, 1705]"
3149,"[383, 108, 1731, 392, 1129]"
3150,"[1024, 1721, 1929, 1746, 102]"
3151,"[108, 1157, 1167, 1768, 1769]"
3152,"[1054, 1766, 1027, 1777, 1765]"
3153,"[1024, 108, 1721, 1125, 380]"
3154,"[1024, 1915, 361, 108, 216]"
3155,"[441, 1904, 1704, 1705, 1775]"
3156,"[441, 1617, 1761, 1760, 1762]"
3157,"[1297, 98, 125, 455, 1733]"
3158,"[98, 1617, 292, 900, 1655]"
3159,"[1617, 1655, 900, 124, 98]"
3160,"[1760, 1761, 1617, 389, 1762]"
3161,"[715, 1875, 451, 1173, 455]"
3162,"[1762, 292, 1761, 1760, 1758]"
3163,"[1746, 102, 97, 96, 292]"
3164,"[692, 1722, 1655, 1617, 98]"
3165,"[441, 1112, 663, 478, 1760]"
3166,"[1761, 1760, 1617, 1762, 1758]"
3167,"[1655, 1617, 465, 292, 1113]"
3168,"[926, 1655, 292, 1733, 712]"
3169,"[1762, 292, 1617, 1761, 1760]"
3170,"[1617, 663, 1924, 1760, 1761]"
3171,"[441, 1112, 692, 1144, 455]"
3172,"[292, 816, 1617, 1761, 1760]"
3173,"[1120, 1617, 1655, 1761, 1760]"
3174,"[292, 1617, 1761, 1760, 1567]"
3175,"[1617, 663, 1924, 1761, 1760]"
3176,"[1762, 1617, 1758, 1760, 1761]"
3177,"[1655, 781, 1722, 63, 1924]"
3178,"[692, 339, 1112, 1761, 1617]"
3179,"[292, 1655, 1760, 1761, 1762]"
3180,"[716, 1066, 1924, 1696, 1758]"
3181,"[1617, 1762, 1758, 1760, 1761]"
3182,"[292, 1722, 455, 1617, 98]"
3183,"[165, 164, 97, 96, 1746]"
3184,"[1758, 1762, 97, 96, 98]"
3185,"[292, 1655, 60, 700, 1112]"
3186,"[425, 165, 164, 291, 98]"
3187,"[1617, 926, 98, 97, 96]"
3188,"[441, 250, 741, 756, 763]"
3189,"[1617, 1760, 1761, 455, 1758]"
3190,"[1617, 292, 1722, 1761, 1762]"
3191,"[1655, 292, 1617, 1762, 1758]"
3192,"[292, 1722, 712, 1617, 1655]"
3193,"[163, 97, 98, 96, 1249]"
3194,"[98, 1617, 124, 1618, 1113]"
3195,"[441, 98, 997, 1875, 1196]"
3196,"[292, 1760, 1761, 1762, 1617]"
3197,"[1071, 292, 1722, 1760, 1761]"
3198,"[441, 1513, 982, 1269, 542]"
3199,"[794, 1313, 1705, 1704, 1760]"
3200,"[681, 1073, 291, 1649, 954]"
3201,"[1071, 1704, 1705, 16, 126]"
3202,"[440, 126, 1172, 1063, 360]"
3203,"[1071, 1807, 291, 126, 1064]"
3204,"[98, 1924, 166, 126, 1191]"
3205,"[98, 97, 96, 454, 455]"
3206,"[1114, 1927, 1065, 862, 1550]"
3207,"[1538, 98, 848, 164, 620]"
3208,"[1705, 1704, 119, 899, 1176]"
3209,"[1071, 1704, 291, 868, 1588]"
3210,"[922, 164, 321, 409, 335]"
3211,"[1071, 1807, 1705, 1704, 291]"
3212,"[1760, 1761, 900, 1924, 291]"
3213,"[365, 1056, 166, 289, 997]"
3214,"[112, 335, 291, 113, 862]"
3215,"[415, 1191, 126, 1071, 409]"
3216,"[715, 706, 711, 1144, 1131]"
3217,"[866, 423, 1244, 1527, 291]"
3218,"[409, 112, 291, 98, 1746]"
3219,"[931, 928, 167, 925, 176]"
3220,"[89, 1746, 102, 409, 97]"
3221,"[681, 289, 1626, 1073, 291]"
3222,"[1073, 681, 1649, 887, 1651]"
3223,"[409, 1299, 291, 900, 1636]"
3224,"[1071, 291, 126, 455, 1704]"
3225,"[1070, 1758, 1704, 1705, 1762]"
3226,"[1649, 332, 67, 273, 692]"
3227,"[291, 102, 409, 113, 1746]"
3228,"[291, 1746, 102, 97, 96]"
3229,"[112, 409, 98, 922, 97]"
3230,"[291, 1518, 409, 98, 171]"
3231,"[113, 409, 291, 166, 89]"
3232,"[291, 1144, 1274, 1904, 324]"
3233,"[112, 335, 409, 291, 1904]"
3234,"[291, 98, 96, 928, 409]"
3235,"[1073, 1649, 681, 954, 1034]"
3236,"[1704, 1705, 291, 60, 1533]"
3237,"[112, 113, 1070, 409, 1704]"
3238,"[1910, 455, 1921, 89, 1675]"
3239,"[1070, 321, 291, 313, 317]"
3240,"[811, 1071, 1807, 868, 289]"
3241,"[1705, 1704, 1537, 1908, 1629]"
3242,"[1071, 322, 1008, 222, 365]"
3243,"[663, 338, 1144, 1713, 1655]"
3244,"[291, 1910, 1523, 89, 98]"
3245,"[96, 291, 409, 1746, 98]"
3246,"[1308, 439, 1916, 1924, 1913]"
3247,"[291, 409, 98, 97, 96]"
3248,"[1761, 1924, 862, 291, 1910]"
3249,"[111, 126, 1030, 1274, 1147]"
3250,"[126, 663, 1761, 1760, 1758]"
3251,"[663, 1924, 1705, 478, 1760]"
3252,"[112, 409, 89, 113, 60]"
3253,"[1924, 1761, 663, 1705, 454]"
3254,"[439, 432, 1705, 1704, 1761]"
3255,"[1910, 291, 1924, 98, 1070]"
3256,"[1705, 1704, 1071, 1924, 441]"
3257,"[1705, 439, 1924, 1761, 1913]"
3258,"[1637, 1795, 1906, 1191, 314]"
3259,"[102, 1746, 96, 97, 98]"
3260,"[1761, 1760, 1924, 692, 1762]"
3261,"[89, 1924, 97, 98, 96]"
3262,"[1907, 1066, 383, 348, 1671]"
3263,"[1924, 1910, 451, 440, 291]"
3264,"[1636, 438, 1308, 454, 455]"
3265,"[1924, 1533, 112, 1705, 1704]"
3266,"[291, 1064, 102, 97, 98]"
3267,"[1924, 1523, 291, 1910, 663]"
3268,"[291, 663, 1904, 1924, 1273]"
3269,"[1704, 1705, 1924, 1071, 663]"
3270,"[112, 113, 440, 1924, 439]"
3271,"[1704, 1705, 1071, 1924, 1600]"
3272,"[1705, 439, 1758, 1762, 1704]"
3273,"[1733, 454, 1308, 1192, 455]"
3274,"[291, 1924, 1249, 111, 1904]"
3275,"[439, 291, 1273, 447, 164]"
3276,"[291, 1924, 1112, 663, 667]"
3277,"[124, 1904, 112, 1906, 1910]"
3278,"[164, 1025, 937, 159, 126]"
3279,"[1713, 1924, 692, 291, 663]"
3280,"[1913, 510, 926, 678, 98]"
3281,"[1924, 1704, 1705, 112, 1191]"
3282,"[1924, 1910, 663, 1704, 1705]"
3283,"[291, 1924, 1904, 663, 1762]"
3284,"[1308, 1916, 1192, 454, 1924]"
3285,"[1906, 1523, 1526, 1924, 440]"
3286,"[291, 1924, 663, 1705, 1904]"
3287,"[928, 866, 1915, 1118, 171]"
3288,"[1628, 409, 1143, 97, 333]"
3289,"[1915, 692, 291, 98, 97]"
3290,"[112, 455, 454, 291, 1070]"
3291,"[1750, 116, 1677, 125, 113]"
3292,"[1750, 579, 588, 590, 587]"
3293,"[438, 1636, 1637, 1614, 319]"
3294,"[928, 1277, 1147, 310, 1274]"
3295,"[438, 1636, 1614, 455, 1610]"
3296,"[1070, 1758, 454, 1762, 1705]"
3297,"[1761, 1760, 1704, 1705, 1824]"
3298,"[97, 96, 112, 113, 890]"
3299,"[112, 291, 113, 1274, 890]"
3300,"[98, 1746, 97, 96, 1887]"
3301,"[1760, 1761, 1704, 1705, 599]"
3302,"[692, 1726, 1523, 112, 1191]"
3303,"[1705, 1704, 415, 291, 1071]"
3304,"[314, 1746, 409, 171, 102]"
3305,"[1028, 409, 171, 922, 921]"
3306,"[112, 291, 113, 890, 1274]"
3307,"[1713, 97, 96, 1073, 98]"
3308,"[291, 1677, 113, 125, 1705]"
3309,"[1762, 1758, 1761, 1760, 708]"
3310,"[1636, 438, 98, 809, 455]"
3311,"[291, 1636, 438, 1606, 441]"
3312,"[1746, 98, 925, 97, 96]"
3313,"[112, 1910, 409, 97, 96]"
3314,"[291, 667, 1752, 599, 593]"
3315,"[438, 1636, 1637, 455, 454]"
3316,"[1924, 454, 125, 455, 692]"
3317,"[112, 455, 291, 1274, 454]"
3318,"[1192, 113, 112, 890, 439]"
3319,"[1752, 291, 667, 29, 1708]"
3320,"[1746, 97, 925, 1713, 60]"
3321,"[1277, 109, 291, 1192, 1523]"
3322,"[98, 96, 97, 409, 341]"
3323,"[291, 96, 98, 97, 409]"
3324,"[454, 455, 216, 1761, 1824]"
3325,"[4, 3, 6, 29, 7]"
3326,"[113, 1677, 291, 454, 125]"
3327,"[1523, 1192, 112, 291, 113]"
3328,"[112, 409, 1273, 447, 692]"
3329,"[1704, 1705, 1762, 1758, 1070]"
3330,"[1705, 1704, 866, 1770, 112]"
3331,"[1750, 4, 1704, 1705, 1760]"
3332,"[116, 1705, 1704, 440, 1924]"
3333,"[165, 1915, 921, 164, 1828]"
3334,"[1761, 164, 124, 165, 339]"
3335,"[1924, 478, 1549, 1071, 1306]"
3336,"[1145, 1762, 695, 1760, 1758]"
3337,"[124, 1755, 1704, 1705, 1753]"
3338,"[1924, 98, 1777, 1765, 1753]"
3339,"[1884, 1704, 1705, 1298, 1253]"
3340,"[1924, 1704, 1705, 1760, 1762]"
3341,"[1762, 1758, 1705, 1704, 1761]"
3342,"[1050, 379, 1113, 368, 1921]"
3343,"[1915, 128, 1924, 1907, 164]"
3344,"[692, 1705, 1704, 1924, 1917]"
3345,"[98, 921, 528, 164, 1507]"
3346,"[37, 1927, 1065, 1837, 1833]"
3347,"[1023, 3, 646, 7, 1723]"
3348,"[1761, 1924, 663, 1507, 164]"
3349,"[1071, 1704, 1705, 1924, 163]"
3350,"[921, 124, 1761, 1758, 165]"
3351,"[1636, 438, 116, 216, 449]"
3352,"[1064, 1095, 1112, 1705, 1704]"
3353,"[98, 165, 164, 163, 1924]"
3354,"[1924, 97, 96, 165, 124]"
3355,"[1924, 478, 98, 789, 1752]"
3356,"[1837, 1833, 1828, 1755, 1812]"
3357,"[460, 1504, 789, 1705, 1704]"
3358,"[98, 97, 96, 1705, 1704]"
3359,"[1761, 1771, 1810, 1706, 1811]"
3360,"[1884, 24, 455, 799, 1705]"
3361,"[1143, 1705, 1704, 1025, 937]"
3362,"[1705, 1704, 1761, 164, 1434]"
3363,"[285, 784, 385, 326, 314]"
3364,"[1915, 1561, 164, 528, 1507]"
3365,"[441, 1762, 1758, 1760, 361]"
3366,"[1704, 1705, 1504, 553, 126]"
3367,"[1863, 1833, 1837, 1828, 1935]"
3368,"[1924, 1676, 124, 892, 1673]"
3369,"[1113, 1147, 440, 1884, 1067]"
3370,"[1761, 528, 1507, 921, 538]"
3371,"[478, 1924, 1705, 1704, 1761]"
3372,"[1761, 921, 528, 1507, 514]"
3373,"[1368, 629, 402, 1828, 1833]"
3374,"[291, 692, 165, 164, 289]"
3375,"[819, 922, 1705, 1704, 1774]"
3376,"[98, 97, 96, 922, 1746]"
3377,"[1727, 124, 98, 97, 96]"
3378,"[106, 409, 98, 97, 96]"
3379,"[96, 97, 98, 102, 409]"
3380,"[89, 1526, 922, 113, 409]"
3381,"[1904, 102, 1746, 409, 97]"
3382,"[1915, 126, 113, 409, 1922]"
3383,"[124, 1904, 1064, 1705, 1704]"
3384,"[1259, 1043, 1558, 1185, 681]"
3385,"[101, 1579, 1917, 1750, 890]"
3386,"[922, 175, 938, 98, 97]"
3387,"[1185, 125, 443, 1726, 1628]"
3388,"[409, 97, 124, 101, 1116]"
3389,"[124, 102, 409, 1746, 96]"
3390,"[97, 98, 96, 922, 7]"
3391,"[1904, 1774, 1043, 819, 455]"
3392,"[113, 890, 112, 1587, 1771]"
3393,"[97, 96, 98, 124, 1746]"
3394,"[677, 376, 688, 1762, 1758]"
3395,"[1149, 1277, 409, 98, 1519]"
3396,"[1112, 1904, 1600, 1793, 1792]"
3397,"[812, 762, 1870, 1304, 1738]"
3398,"[455, 102, 1746, 409, 1909]"
3399,"[175, 921, 165, 922, 1909]"
3400,"[1746, 409, 102, 98, 97]"
3401,"[663, 1705, 1704, 1904, 1796]"
3402,"[1935, 1828, 1833, 1837, 406]"
3403,"[1926, 1064, 1041, 924, 1649]"
3404,"[1704, 1705, 1116, 1904, 101]"
3405,"[101, 1704, 1705, 1308, 216]"
3406,"[1704, 1705, 530, 1696, 862]"
3407,"[60, 1309, 1272, 789, 1654]"
3408,"[171, 1915, 1863, 1792, 1789]"
3409,"[688, 376, 677, 922, 451]"
3410,"[921, 125, 60, 1774, 1775]"
3411,"[1746, 102, 409, 98, 97]"
3412,"[1904, 124, 736, 409, 1030]"
3413,"[1705, 1704, 124, 291, 1904]"
3414,"[1705, 1704, 124, 1904, 1643]"
3415,"[1704, 1705, 922, 1070, 454]"
3416,"[124, 1907, 1904, 1758, 1762]"
3417,"[1071, 43, 919, 163, 159]"
3418,"[629, 1904, 98, 96, 97]"
3419,"[628, 97, 96, 1073, 925]"
3420,"[60, 124, 1776, 1757, 408]"
3421,"[126, 464, 98, 97, 96]"
3422,"[1902, 60, 716, 96, 420]"
3423,"[60, 441, 1915, 1750, 408]"
3424,"[629, 1700, 164, 402, 1828]"
3425,"[60, 925, 98, 1746, 1700]"
3426,"[1746, 102, 124, 922, 60]"
3427,"[319, 1902, 925, 1552, 716]"
3428,"[60, 124, 455, 98, 1757]"
3429,"[1902, 925, 1844, 1848, 1849]"
3430,"[60, 716, 1713, 925, 96]"
3431,"[716, 1040, 109, 321, 1159]"
3432,"[925, 1700, 125, 97, 96]"
3433,"[1902, 98, 319, 1516, 101]"
3434,"[1915, 138, 136, 1040, 461]"
3435,"[1902, 1915, 60, 925, 97]"
3436,"[1902, 124, 1552, 60, 96]"
3437,"[1902, 922, 1837, 1833, 1828]"
3438,"[925, 420, 922, 1700, 1917]"
3439,"[1713, 878, 124, 922, 96]"
3440,"[925, 60, 124, 98, 96]"
3441,"[98, 96, 97, 1713, 126]"
3442,"[1915, 171, 60, 925, 878]"
3443,"[319, 409, 97, 96, 171]"
3444,"[1902, 60, 1746, 98, 97]"
3445,"[1118, 1130, 1855, 164, 175]"
3446,"[124, 1518, 73, 1313, 96]"
3447,"[124, 97, 96, 98, 409]"
3448,"[409, 98, 97, 96, 925]"
3449,"[1915, 677, 1135, 376, 343]"
3450,"[716, 98, 793, 1541, 1313]"
3451,"[124, 1915, 1040, 716, 171]"
3452,"[60, 1771, 925, 866, 126]"
3453,"[409, 1073, 102, 1746, 1516]"
3454,"[1902, 126, 60, 1700, 358]"
3455,"[1902, 60, 1552, 124, 96]"
3456,"[1915, 1746, 409, 165, 164]"
3457,"[1902, 925, 124, 332, 653]"
3458,"[1902, 1073, 1915, 1040, 171]"
3459,"[124, 116, 97, 96, 1746]"
3460,"[1902, 925, 1757, 1776, 320]"
3461,"[1700, 402, 1757, 1776, 42]"
3462,"[98, 97, 96, 165, 164]"
3463,"[1935, 1676, 1298, 1299, 1253]"
3464,"[965, 1620, 1917, 1520, 1185]"
3465,"[1915, 1001, 1048, 223, 980]"
3466,"[1052, 108, 125, 1763, 98]"
3467,"[1917, 1182, 200, 965, 915]"
3468,"[1495, 1027, 1924, 1207, 1061]"
3469,"[924, 1207, 1270, 1924, 702]"
3470,"[1915, 922, 165, 96, 97]"
3471,"[408, 1917, 200, 728, 1046]"
3472,"[924, 728, 1659, 915, 952]"
3473,"[1915, 165, 164, 1899, 921]"
3474,"[1915, 125, 1030, 165, 108]"
3475,"[1014, 1061, 1049, 925, 1202]"
3476,"[1676, 219, 1900, 347, 926]"
3477,"[1915, 918, 1369, 152, 145]"
3478,"[1915, 973, 955, 974, 976]"
3479,"[1936, 1935, 441, 1833, 1828]"
3480,"[1915, 1917, 408, 125, 1676]"
3481,"[1001, 1915, 257, 125, 1008]"
3482,"[1915, 1298, 1676, 1299, 1258]"
3483,"[1772, 1706, 1837, 1833, 1828]"
3484,"[692, 28, 1076, 327, 396]"
3485,"[376, 677, 1014, 688, 164]"
3486,"[1259, 1253, 265, 368, 1102]"
3487,"[1014, 265, 1150, 1008, 357]"
3488,"[1915, 98, 164, 1526, 927]"
3489,"[1915, 966, 149, 1649, 1880]"
3490,"[175, 1935, 1828, 1837, 1833]"
3491,"[1754, 922, 1915, 171, 1549]"
3492,"[1259, 1253, 166, 729, 1077]"
3493,"[327, 125, 1014, 1077, 396]"
3494,"[1935, 927, 1936, 1828, 1833]"
3495,"[1915, 171, 60, 890, 112]"
3496,"[1789, 1790, 1791, 1792, 1863]"
3497,"[1917, 1915, 408, 1017, 1750]"
3498,"[1176, 216, 1034, 1915, 175]"
3499,"[1915, 1757, 1776, 923, 161]"
3500,"[1028, 98, 1925, 1025, 937]"
3501,"[722, 1017, 1018, 688, 1046]"
3502,"[97, 96, 98, 164, 921]"
3503,"[955, 209, 206, 208, 969]"
3504,"[270, 136, 275, 165, 137]"
3505,"[125, 455, 1676, 1704, 1705]"
3506,"[924, 1202, 410, 175, 165]"
3507,"[1915, 1704, 1705, 1924, 212]"
3508,"[1042, 89, 165, 349, 175]"
3509,"[1915, 1917, 108, 200, 455]"
3510,"[1900, 1915, 1750, 1018, 455]"
3511,"[692, 1655, 1915, 865, 863]"
3512,"[1023, 1790, 1789, 1791, 1792]"
3513,"[1040, 108, 1776, 1757, 922]"
3514,"[97, 98, 96, 1828, 1822]"
3515,"[344, 1769, 1758, 1762, 1761]"
3516,"[1758, 89, 1861, 1762, 1855]"
3517,"[1900, 1915, 60, 1705, 455]"
3518,"[101, 116, 1917, 455, 408]"
3519,"[1917, 101, 862, 455, 1787]"
3520,"[1902, 1917, 101, 108, 920]"
3521,"[1915, 1789, 1791, 1790, 1902]"
3522,"[1157, 409, 97, 96, 953]"
3523,"[1902, 1552, 1705, 1704, 1040]"
3524,"[1915, 320, 1030, 1917, 455]"
3525,"[1798, 1781, 1782, 1799, 1801]"
3526,"[376, 377, 677, 1086, 688]"
3527,"[101, 1900, 1277, 1543, 1676]"
3528,"[1900, 1915, 1077, 1066, 1021]"
3529,"[1066, 678, 922, 608, 1821]"
3530,"[921, 937, 159, 1025, 919]"
3531,"[190, 1932, 1705, 1704, 730]"
3532,"[296, 1902, 1795, 455, 1917]"
3533,"[1902, 1917, 362, 359, 669]"
3534,"[1915, 478, 1560, 1202, 410]"
3535,"[411, 396, 308, 1129, 1085]"
3536,"[1020, 1705, 1704, 1274, 692]"
3537,"[455, 368, 1676, 89, 333]"
3538,"[1917, 139, 440, 98, 1672]"
3539,"[1833, 1837, 1828, 1935, 290]"
3540,"[928, 166, 89, 411, 453]"
3541,"[101, 1147, 1917, 1750, 116]"
3542,"[1924, 1915, 1753, 1705, 1704]"
3543,"[878, 920, 108, 1054, 338]"
3544,"[368, 409, 98, 97, 96]"
3545,"[223, 406, 1079, 407, 1021]"
3546,"[1636, 438, 1263, 1157, 1704]"
3547,"[1705, 1704, 1765, 1777, 1752]"
3548,"[1098, 1273, 447, 1705, 1704]"
3549,"[60, 1915, 1071, 171, 692]"
3550,"[1915, 1828, 1837, 1833, 1935]"
3551,"[873, 870, 168, 1705, 1704]"
3552,"[1246, 7, 1513, 1044, 542]"
3553,"[1067, 1420, 866, 1366, 446]"
3554,"[1913, 1242, 118, 542, 1243]"
3555,"[873, 870, 95, 1795, 1704]"
3556,"[89, 409, 113, 1676, 29]"
3557,"[677, 1615, 376, 605, 1699]"
3558,"[1560, 1537, 98, 96, 97]"
3559,"[1856, 1806, 1852, 1857, 1854]"
3560,"[98, 97, 96, 794, 1313]"
3561,"[1924, 1024, 1124, 1011, 1762]"
3562,"[1044, 101, 98, 97, 96]"
3563,"[163, 1905, 409, 1924, 1627]"
3564,"[26, 806, 40, 22, 23]"
3565,"[1044, 677, 1704, 1705, 376]"
3566,"[332, 1705, 1704, 1555, 97]"
3567,"[1044, 1537, 371, 1695, 97]"
3568,"[1713, 1770, 925, 98, 922]"
3569,"[399, 1586, 1615, 1752, 1556]"
3570,"[1070, 112, 890, 113, 1770]"
3571,"[1705, 1704, 1758, 1770, 1752]"
3572,"[62, 398, 1273, 1014, 1777]"
3573,"[89, 1699, 1626, 388, 1771]"
3574,"[291, 1752, 890, 112, 220]"
3575,"[291, 667, 1762, 1758, 1675]"
3576,"[1705, 1704, 1795, 1753, 1463]"
3577,"[113, 890, 112, 1070, 1196]"
3578,"[1704, 1705, 1753, 1795, 1463]"
3579,"[1044, 291, 1758, 1762, 866]"
3580,"[289, 1899, 97, 96, 409]"
3581,"[97, 96, 1063, 98, 409]"
3582,"[291, 1627, 1905, 922, 409]"
3583,"[1676, 113, 29, 89, 1675]"
3584,"[1675, 1676, 113, 89, 29]"
3585,"[862, 98, 97, 96, 1603]"
3586,"[1537, 1903, 1044, 112, 890]"
3587,"[1044, 303, 216, 335, 1915]"
3588,"[1795, 1705, 1704, 1753, 1463]"
3589,"[1704, 1705, 1924, 1537, 1752]"
3590,"[1795, 1753, 1704, 1705, 482]"
3591,"[1653, 1070, 1044, 866, 1065]"
3592,"[113, 371, 866, 98, 60]"
3593,"[870, 97, 96, 98, 859]"
3594,"[431, 1576, 62, 1089, 1277]"
3595,"[1071, 344, 353, 1893, 1176]"
3596,"[1299, 1073, 1556, 1516, 1760]"
3597,"[1704, 1705, 1907, 1071, 1548]"
3598,"[1603, 89, 410, 1202, 1769]"
3599,"[1176, 1173, 344, 441, 1769]"
3600,"[98, 97, 96, 1713, 890]"
3601,"[686, 175, 674, 320, 1253]"
3602,"[419, 1890, 97, 96, 98]"
3603,"[868, 1071, 1704, 1705, 165]"
3604,"[1769, 1760, 1761, 1775, 1768]"
3605,"[1705, 1704, 1073, 1071, 419]"
3606,"[1038, 124, 1041, 1071, 1202]"
3607,"[1032, 1071, 89, 819, 1890]"
3608,"[1768, 1775, 1769, 1761, 1760]"
3609,"[171, 89, 1149, 276, 108]"
3610,"[89, 116, 125, 1676, 692]"
3611,"[692, 1561, 89, 419, 116]"
3612,"[1655, 1653, 695, 696, 688]"
3613,"[1853, 922, 1762, 1758, 1837]"
3614,"[1705, 1704, 1761, 1760, 1067]"
3615,"[1768, 1769, 1775, 1760, 89]"
3616,"[1705, 1704, 163, 1745, 1671]"
3617,"[1526, 1627, 1899, 1907, 409]"
3618,"[938, 164, 163, 165, 921]"
3619,"[1344, 455, 116, 787, 1733]"
3620,"[1133, 1762, 1704, 1705, 1753]"
3621,"[1617, 1761, 97, 96, 1760]"
3622,"[89, 164, 1775, 1768, 1769]"
3623,"[1705, 1704, 165, 406, 419]"
3624,"[406, 1696, 407, 164, 328]"
3625,"[1713, 1538, 338, 1071, 163]"
3626,"[1196, 410, 1202, 1699, 1911]"
3627,"[1158, 206, 1073, 419, 1495]"
3628,"[1071, 1710, 1720, 1033, 1204]"
3629,"[89, 171, 937, 159, 1025]"
3630,"[163, 920, 913, 966, 191]"
3631,"[1032, 1680, 1066, 858, 1696]"
3632,"[752, 406, 921, 759, 165]"
3633,"[1071, 1704, 1705, 868, 1748]"
3634,"[1071, 1177, 89, 1131, 406]"
3635,"[163, 920, 954, 939, 914]"
3636,"[1603, 89, 1760, 1761, 1636]"
3637,"[1775, 1769, 922, 89, 1768]"
3638,"[1032, 1043, 89, 438, 1636]"
3639,"[113, 1924, 1704, 1705, 1907]"
3640,"[124, 1705, 1704, 1191, 1899]"
3641,"[1032, 1147, 124, 1769, 1774]"
3642,"[1064, 441, 1762, 692, 1040]"
3643,"[1032, 1910, 677, 1769, 1768]"
3644,"[1704, 1705, 124, 1907, 1662]"
3645,"[98, 116, 454, 692, 455]"
3646,"[692, 1662, 124, 1896, 1726]"
3647,"[1704, 1705, 289, 1762, 1758]"
3648,"[922, 1705, 1704, 339, 335]"
3649,"[409, 97, 96, 98, 102]"
3650,"[1705, 1704, 96, 98, 97]"
3651,"[692, 1726, 693, 1192, 1704]"
3652,"[96, 98, 97, 409, 1746]"
3653,"[409, 97, 96, 98, 1746]"
3654,"[1067, 116, 1147, 455, 113]"
3655,"[289, 1030, 1064, 1748, 868]"
3656,"[1746, 409, 96, 97, 98]"
3657,"[346, 335, 1147, 1275, 291]"
3658,"[1761, 394, 1760, 1915, 60]"
3659,"[1705, 1704, 96, 98, 409]"
3660,"[698, 1704, 1705, 368, 1907]"
3661,"[97, 98, 96, 409, 1746]"
3662,"[922, 96, 98, 102, 1746]"
3663,"[97, 98, 96, 409, 1705]"
3664,"[1192, 1662, 692, 693, 1726]"
3665,"[819, 1704, 1705, 124, 406]"
3666,"[1705, 1704, 1758, 1762, 1760]"
3667,"[124, 102, 97, 1746, 409]"
3668,"[116, 692, 125, 455, 1726]"
3669,"[1032, 124, 102, 409, 922]"
3670,"[846, 1726, 692, 1899, 1662]"
3671,"[922, 98, 89, 1705, 1704]"
3672,"[375, 1705, 1704, 1890, 438]"
3673,"[1915, 125, 1704, 1705, 1758]"
3674,"[106, 1705, 1704, 1904, 1030]"
3675,"[409, 1746, 102, 97, 98]"
3676,"[455, 1299, 1637, 1676, 1907]"
3677,"[124, 97, 96, 98, 1064]"
3678,"[1032, 96, 97, 1705, 1704]"
3679,"[289, 1032, 1704, 1705, 97]"
3680,"[106, 1032, 1705, 1704, 1761]"
3681,"[1705, 1704, 1762, 1758, 1761]"
3682,"[1705, 1704, 124, 1191, 98]"
3683,"[1029, 1046, 164, 937, 159]"
3684,"[136, 789, 1065, 904, 819]"
3685,"[1915, 455, 98, 618, 1603]"
3686,"[97, 96, 98, 921, 1272]"
3687,"[97, 96, 928, 1202, 410]"
3688,"[789, 1750, 98, 97, 96]"
3689,"[1742, 98, 97, 96, 1166]"
3690,"[1131, 360, 1022, 1019, 692]"
3691,"[452, 1300, 1617, 1704, 1705]"
3692,"[1790, 700, 220, 921, 1894]"
3693,"[1047, 1036, 1705, 1704, 1699]"
3694,"[923, 161, 441, 1833, 1828]"
3695,"[1699, 360, 1675, 1676, 1770]"
3696,"[1651, 1277, 165, 1843, 1842]"
3697,"[919, 1131, 938, 1118, 1075]"
3698,"[677, 1705, 1320, 1704, 1915]"
3699,"[599, 593, 597, 595, 579]"
3700,"[1828, 1837, 1833, 938, 934]"
3701,"[1068, 1136, 376, 397, 1135]"
3702,"[1863, 1023, 398, 89, 1077]"
3703,"[1076, 222, 1828, 1837, 1833]"
3704,"[1131, 98, 97, 96, 1299]"
3705,"[1915, 97, 96, 1750, 60]"
3706,"[1022, 1131, 1019, 477, 1166]"
3707,"[371, 1917, 1603, 98, 455]"
3708,"[1704, 455, 1700, 1019, 1909]"
3709,"[1796, 96, 98, 97, 1704]"
3710,"[1028, 368, 219, 1042, 1040]"
3711,"[1250, 1846, 1299, 1041, 1861]"
3712,"[1617, 1263, 60, 978, 1619]"
3713,"[1776, 1757, 1753, 1766, 1761]"
3714,"[1837, 1833, 1828, 441, 1935]"
3715,"[1060, 7, 1131, 287, 1034]"
3716,"[1131, 1019, 1046, 1269, 1272]"
3717,"[395, 1042, 164, 870, 1202]"
3718,"[1046, 1029, 1102, 1019, 368]"
3719,"[618, 96, 97, 98, 1041]"
3720,"[1762, 1758, 1705, 1704, 1760]"
3721,"[323, 1147, 677, 455, 99]"
3722,"[1837, 1833, 1828, 1849, 1844]"
3723,"[96, 455, 98, 164, 412]"
3724,"[96, 124, 1904, 620, 470]"
3725,"[1761, 1760, 1043, 1147, 1704]"
3726,"[1915, 294, 868, 1748, 618]"
3727,"[1907, 89, 113, 1704, 1705]"
3728,"[89, 165, 937, 1025, 159]"
3729,"[98, 164, 1762, 1758, 113]"
3730,"[409, 89, 98, 1676, 455]"
3731,"[166, 1922, 1897, 113, 1907]"
3732,"[1704, 1705, 409, 113, 530]"
3733,"[113, 89, 1526, 159, 1025]"
3734,"[1922, 1897, 166, 89, 1907]"
3735,"[332, 388, 1176, 1640, 18]"
3736,"[89, 677, 1025, 937, 159]"
3737,"[89, 165, 409, 937, 159]"
3738,"[1907, 89, 409, 98, 670]"
3739,"[97, 96, 1924, 98, 1907]"
3740,"[159, 1025, 937, 409, 921]"
3741,"[1071, 1807, 927, 921, 289]"
3742,"[1762, 1758, 220, 1058, 1704]"
3743,"[113, 165, 937, 1025, 159]"
3744,"[1704, 1705, 89, 530, 101]"
3745,"[1907, 1924, 1704, 1705, 89]"
3746,"[938, 1915, 866, 1064, 1907]"
3747,"[927, 1907, 1052, 166, 1899]"
3748,"[1587, 409, 113, 98, 89]"
3749,"[89, 113, 467, 409, 165]"
3750,"[113, 89, 409, 1526, 1907]"
3751,"[1922, 1897, 166, 89, 1907]"
3752,"[159, 937, 1025, 409, 164]"
3753,"[670, 60, 620, 470, 1922]"
3754,"[89, 166, 1922, 1897, 927]"
3755,"[332, 326, 125, 333, 1077]"
3756,"[1907, 89, 113, 409, 98]"
3757,"[1705, 1704, 1800, 1803, 1780]"
3758,"[1769, 1774, 1071, 1775, 1768]"
3759,"[1907, 89, 1899, 409, 1526]"
3760,"[1096, 409, 1775, 1907, 1704]"
3761,"[1907, 89, 409, 1922, 1897]"
3762,"[97, 96, 98, 890, 112]"
3763,"[1833, 1828, 1837, 1863, 1935]"
3764,"[1907, 1762, 1758, 1760, 1761]"
3765,"[1746, 1071, 1704, 1705, 103]"
3766,"[1904, 1613, 1025, 937, 150]"
3767,"[89, 1066, 96, 98, 97]"
3768,"[1704, 1705, 1753, 1775, 1768]"
3769,"[677, 376, 688, 1762, 1758]"
3770,"[1071, 1704, 1705, 1069, 1758]"
3771,"[1924, 692, 1704, 1705, 98]"
3772,"[1705, 1704, 1270, 314, 1274]"
3773,"[1705, 1704, 409, 164, 1618]"
3774,"[423, 1244, 1704, 1705, 409]"
3775,"[409, 98, 97, 96, 628]"
3776,"[289, 1705, 1704, 1713, 1064]"
3777,"[1705, 1704, 98, 113, 409]"
3778,"[165, 164, 289, 1274, 1705]"
3779,"[1907, 335, 1705, 1704, 1064]"
3780,"[692, 1639, 409, 113, 98]"
3781,"[451, 409, 97, 96, 98]"
3782,"[1704, 1705, 171, 926, 60]"
3783,"[866, 289, 335, 1070, 710]"
3784,"[1705, 1704, 409, 1701, 171]"
3785,"[819, 1705, 1704, 289, 165]"
3786,"[1704, 1705, 114, 1070, 409]"
3787,"[1297, 1875, 7, 1246, 61]"
3788,"[1704, 1705, 1147, 335, 1910]"
3789,"[1828, 1837, 1833, 1935, 290]"
3790,"[1705, 1704, 1070, 409, 89]"
3791,"[388, 1907, 819, 1176, 786]"
3792,"[1705, 1704, 289, 1147, 449]"
3793,"[291, 289, 1704, 1705, 165]"
3794,"[1705, 1704, 291, 289, 1275]"
3795,"[125, 171, 1041, 89, 165]"
3796,"[1705, 1704, 1696, 114, 116]"
3797,"[171, 1705, 1704, 165, 164]"
3798,"[165, 164, 1705, 1704, 1906]"
3799,"[1704, 1705, 7, 1068, 1020]"
3800,"[1030, 1070, 165, 164, 1549]"
3801,"[1069, 164, 866, 981, 1155]"
3802,"[335, 159, 937, 1025, 440]"
3803,"[320, 1089, 1633, 1260, 1091]"
3804,"[165, 164, 1704, 1705, 98]"
3805,"[291, 164, 165, 335, 1705]"
3806,"[688, 780, 1086, 930, 398]"
3807,"[1704, 1705, 164, 165, 1887]"
3808,"[1705, 1704, 1147, 1907, 165]"
3809,"[1753, 1754, 722, 1763, 1755]"
3810,"[1713, 289, 692, 1070, 1275]"
3811,"[1028, 165, 164, 1704, 1705]"
3812,"[291, 1070, 1704, 1705, 1274]"
3813,"[1705, 1704, 1772, 165, 164]"
3814,"[692, 1094, 1041, 1299, 1753]"
3815,"[1907, 190, 1157, 1916, 921]"
3816,"[455, 409, 98, 60, 164]"
3817,"[615, 1179, 369, 1147, 309]"
3818,"[165, 1261, 388, 319, 409]"
3819,"[527, 442, 1163, 247, 1786]"
3820,"[98, 1750, 116, 455, 1917]"
3821,"[441, 1828, 1837, 1833, 165]"
3822,"[677, 1705, 1704, 376, 1135]"
3823,"[1071, 1907, 89, 866, 1705]"
3824,"[1704, 1705, 618, 530, 190]"
3825,"[166, 1907, 938, 1052, 925]"
3826,"[98, 89, 620, 470, 1704]"
3827,"[1907, 938, 166, 1630, 113]"
3828,"[1800, 1780, 1803, 1779, 1768]"
3829,"[165, 164, 1907, 1705, 1704]"
3830,"[98, 113, 89, 1704, 1705]"
3831,"[1837, 1828, 1833, 1935, 290]"
3832,"[1922, 1897, 1050, 1907, 113]"
3833,"[1772, 1041, 317, 328, 361]"
3834,"[328, 1041, 317, 1133, 620]"
3835,"[919, 921, 409, 937, 159]"
3836,"[113, 165, 98, 409, 670]"
3837,"[1041, 928, 1935, 290, 1837]"
3838,"[1922, 1897, 1526, 1907, 962]"
3839,"[1907, 1899, 1526, 89, 1922]"
3840,"[409, 89, 175, 102, 1746]"
3841,"[89, 921, 1041, 1705, 1704]"
3842,"[1907, 165, 82, 454, 1306]"
3843,"[89, 1907, 113, 1704, 1705]"
3844,"[402, 42, 1700, 629, 1833]"
3845,"[89, 928, 113, 670, 165]"
3846,"[166, 165, 1299, 1907, 89]"
3847,"[1704, 1705, 1907, 530, 113]"
3848,"[1705, 1704, 1163, 387, 1727]"
3849,"[89, 1704, 1705, 223, 125]"
3850,"[1676, 1298, 1261, 1259, 430]"
3851,"[166, 1071, 291, 866, 1907]"
3852,"[1907, 165, 89, 922, 207]"
3853,"[163, 165, 164, 1803, 1800]"
3854,"[371, 1163, 365, 1907, 411]"
3855,"[125, 175, 166, 113, 1676]"
3856,"[706, 1727, 995, 616, 739]"
3857,"[1001, 1748, 868, 1907, 89]"
3858,"[1907, 328, 190, 1041, 317]"
3859,"[409, 1746, 98, 96, 97]"
3860,"[4, 73, 7, 1770, 2]"
3861,"[98, 1541, 97, 96, 793]"
3862,"[904, 866, 171, 1705, 1704]"
3863,"[1313, 1705, 1704, 1904, 1316]"
3864,"[1915, 171, 126, 1700, 420]"
3865,"[7, 3, 5, 1807, 1222]"
3866,"[1705, 1758, 1704, 1762, 1073]"
3867,"[1670, 904, 171, 1746, 97]"
3868,"[862, 1788, 1787, 1786, 1603]"
3869,"[171, 956, 384, 1065, 1295]"
3870,"[1118, 904, 4, 1670, 749]"
3871,"[862, 1788, 1787, 1786, 1603]"
3872,"[1143, 7, 1772, 3, 4]"
3873,"[1713, 175, 165, 164, 163]"
3874,"[1073, 1742, 98, 96, 97]"
3875,"[1118, 793, 1541, 98, 1313]"
3876,"[98, 793, 1541, 97, 96]"
3877,"[1705, 1704, 1826, 667, 1320]"
3878,"[1073, 1071, 1705, 1807, 1704]"
3879,"[1118, 73, 1186, 904, 1051]"
3880,"[1937, 1705, 1704, 1320, 583]"
3881,"[1073, 60, 96, 97, 409]"
3882,"[903, 4, 904, 7, 749]"
3883,"[1519, 1520, 1543, 1534, 1522]"
3884,"[4, 912, 275, 7, 52]"
3885,"[171, 903, 514, 1933, 1320]"
3886,"[1701, 275, 4, 7, 1320]"
3887,"[677, 1789, 1790, 1791, 1792]"
3888,"[628, 1768, 1775, 1758, 1762]"
3889,"[29, 1864, 802, 73, 1868]"
3890,"[102, 98, 97, 96, 904]"
3891,"[97, 96, 175, 165, 164]"
3892,"[97, 96, 175, 98, 1746]"
3893,"[121, 1611, 862, 1786, 1788]"
3894,"[171, 60, 925, 1197, 175]"
3895,"[760, 762, 171, 749, 4]"
3896,"[794, 4, 1313, 793, 1116]"
3897,"[594, 1772, 1091, 542, 1513]"
3898,"[904, 794, 60, 925, 98]"
3899,"[118, 1772, 594, 1091, 361]"
3900,"[1118, 1770, 893, 98, 1186]"
3901,"[1073, 102, 7, 171, 496]"
3902,"[1837, 1833, 1828, 1935, 390]"
3903,"[848, 1704, 1705, 1603, 1909]"
3904,"[1155, 1029, 165, 1041, 409]"
3905,"[1837, 1828, 1833, 1935, 290]"
3906,"[113, 89, 677, 402, 1676]"
3907,"[1655, 1125, 409, 1746, 102]"
3908,"[125, 1676, 890, 112, 171]"
3909,"[171, 159, 937, 1025, 1704]"
3910,"[1040, 1026, 1909, 1752, 1193]"
3911,"[1029, 1044, 1028, 1030, 1672]"
3912,"[674, 1705, 1704, 465, 1909]"
3913,"[164, 165, 1134, 98, 97]"
3914,"[1077, 398, 1546, 1299, 1676]"
3915,"[289, 89, 956, 290, 1070]"
3916,"[166, 925, 1041, 928, 1027]"
3917,"[98, 97, 96, 695, 696]"
3918,"[98, 97, 96, 904, 1752]"
3919,"[1029, 716, 1159, 702, 164]"
3920,"[1025, 1672, 937, 159, 925]"
3921,"[470, 620, 670, 124, 1026]"
3922,"[1700, 921, 1025, 159, 937]"
3923,"[97, 98, 96, 1713, 695]"
3924,"[1073, 1040, 165, 171, 1202]"
3925,"[247, 1108, 1102, 1029, 287]"
3926,"[1118, 121, 290, 1696, 1122]"
3927,"[1025, 937, 159, 165, 1040]"
3928,"[166, 1244, 1202, 423, 410]"
3929,"[1672, 937, 1025, 159, 164]"
3930,"[98, 97, 96, 1202, 410]"
3931,"[1025, 159, 937, 1202, 410]"
3932,"[398, 165, 164, 175, 924]"
3933,"[1040, 98, 97, 96, 716]"
3934,"[478, 165, 1040, 159, 1025]"
3935,"[1146, 1168, 1924, 355, 778]"
3936,"[1029, 1040, 937, 1025, 159]"
3937,"[1853, 98, 97, 96, 1034]"
3938,"[1458, 819, 163, 1890, 164]"
3939,"[937, 1025, 159, 165, 164]"
3940,"[437, 428, 97, 96, 98]"
3941,"[1196, 89, 113, 171, 921]"
3942,"[688, 165, 376, 1025, 937]"
3943,"[96, 98, 97, 1713, 875]"
3944,"[937, 1025, 159, 165, 164]"
3945,"[1924, 1027, 1025, 937, 159]"
3946,"[1795, 937, 159, 1025, 677]"
3947,"[1666, 355, 730, 728, 724]"
3948,"[1052, 1649, 1041, 165, 1046]"
3949,"[292, 1041, 1522, 98, 789]"
3950,"[1277, 1030, 692, 164, 204]"
3951,"[738, 1014, 1666, 1649, 1042]"
3952,"[1014, 1915, 1149, 1651, 1042]"
3953,"[728, 165, 352, 902, 1649]"
3954,"[1042, 1029, 928, 165, 211]"
3955,"[921, 1042, 1025, 159, 937]"
3956,"[164, 165, 1202, 410, 1620]"
3957,"[159, 1025, 937, 928, 165]"
3958,"[1149, 921, 1649, 1666, 738]"
3959,"[1915, 1705, 1704, 1026, 921]"
3960,"[1008, 209, 975, 1757, 1776]"
3961,"[1017, 1917, 1032, 938, 298]"
3962,"[1026, 1704, 1705, 1041, 1752]"
3963,"[1030, 1026, 1054, 918, 213]"
3964,"[1649, 1046, 1030, 1041, 1666]"
3965,"[1825, 1042, 165, 921, 1025]"
3966,"[728, 902, 176, 174, 934]"
3967,"[1821, 1822, 1837, 1828, 1833]"
3968,"[1915, 1776, 1757, 1659, 209]"
3969,"[911, 1704, 1705, 1149, 990]"
3970,"[98, 97, 96, 1713, 1299]"
3971,"[362, 1159, 361, 1705, 1704]"
3972,"[1025, 937, 159, 1649, 921]"
3973,"[1029, 166, 1030, 721, 1043]"
3974,"[398, 481, 1041, 1836, 1873]"
3975,"[1042, 719, 737, 1666, 1014]"
3976,"[1133, 1076, 1041, 1026, 1034]"
3977,"[1042, 1590, 1026, 159, 1025]"
3978,"[731, 1649, 1666, 1043, 736]"
3979,"[1099, 1022, 1150, 1075, 1173]"
3980,"[1079, 79, 358, 1158, 1014]"
3981,"[1915, 1933, 1046, 1042, 1092]"
3982,"[1705, 1704, 1752, 1034, 1027]"
3983,"[164, 96, 620, 98, 1659]"
3984,"[1030, 1916, 1649, 902, 1041]"
3985,"[1299, 921, 1837, 98, 97]"
3986,"[692, 1705, 1704, 1379, 333]"
3987,"[1026, 1049, 728, 352, 1046]"
3988,"[1672, 925, 1202, 1043, 410]"
3989,"[1030, 1041, 1915, 396, 1035]"
3990,"[688, 1077, 376, 677, 124]"
3991,"[1915, 620, 470, 918, 165]"
3992,"[692, 731, 1649, 352, 728]"
3993,"[98, 937, 159, 1025, 921]"
3994,"[410, 1202, 125, 1017, 692]"
3995,"[165, 1935, 1837, 1828, 1833]"
3996,"[738, 1299, 902, 728, 724]"
3997,"[1030, 1055, 1916, 211, 165]"
3998,"[1055, 918, 1705, 1704, 1204]"
3999,"[1135, 620, 470, 605, 288]"
4000,"[1915, 1676, 1298, 1299, 1261]"
4001,"[1590, 1721, 1733, 1053, 1704]"
4002,"[1051, 1043, 1060, 1037, 1620]"
4003,"[1148, 1705, 1704, 116, 164]"
4004,"[1915, 1676, 1298, 1299, 1259]"
4005,"[1055, 212, 1032, 1037, 1133]"
4006,"[165, 921, 919, 938, 159]"
4007,"[108, 1637, 954, 138, 212]"
4008,"[1705, 1704, 1659, 165, 288]"
4009,"[928, 380, 163, 925, 1155]"
4010,"[320, 347, 1026, 163, 113]"
4011,"[222, 1043, 34, 997, 1054]"
4012,"[1321, 1590, 1592, 138, 920]"
4013,"[1066, 1916, 108, 410, 1202]"
4014,"[125, 219, 1124, 998, 1733]"
4015,"[924, 97, 98, 96, 125]"
4016,"[1014, 212, 1042, 938, 138]"
4017,"[1748, 868, 171, 163, 158]"
4018,"[980, 1140, 1049, 1075, 1055]"
4019,"[181, 951, 950, 1590, 1042]"
4020,"[1178, 1549, 898, 430, 1256]"
4021,"[1915, 1676, 1054, 164, 1675]"
4022,"[1014, 919, 211, 938, 1043]"
4023,"[692, 1158, 470, 620, 1133]"
4024,"[1130, 938, 934, 931, 928]"
4025,"[919, 1721, 928, 410, 1202]"
4026,"[1344, 365, 605, 1027, 1704]"
4027,"[485, 1917, 455, 116, 408]"
4028,"[1041, 1202, 410, 925, 1037]"
4029,"[166, 919, 1060, 1041, 165]"
4030,"[165, 323, 328, 1672, 360]"
4031,"[197, 138, 1675, 1592, 1924]"
4032,"[96, 478, 1924, 97, 98]"
4033,"[1136, 1027, 364, 376, 1038]"
4034,"[1196, 402, 1676, 29, 113]"
4035,"[1936, 926, 1277, 1676, 1295]"
4036,"[1807, 1916, 1071, 1761, 1760]"
4037,"[1690, 1301, 165, 921, 1025]"
4038,"[165, 164, 159, 1025, 937]"
4039,"[1705, 1704, 1906, 1752, 1277]"
4040,"[1133, 377, 265, 1105, 286]"
4041,"[1792, 1791, 1789, 1790, 1753]"
4042,"[165, 164, 921, 937, 1025]"
4043,"[688, 376, 677, 1920, 1587]"
4044,"[98, 97, 96, 1526, 1527]"
4045,"[670, 620, 470, 164, 1344]"
4046,"[921, 1025, 159, 937, 165]"
4047,"[1705, 1704, 1915, 677, 688]"
4048,"[1043, 1704, 1705, 89, 125]"
4049,"[1768, 1775, 1769, 1762, 677]"
4050,"[1915, 1344, 171, 455, 60]"
4051,"[952, 928, 1035, 924, 1052]"
4052,"[164, 159, 937, 1025, 175]"
4053,"[1030, 1825, 1676, 1041, 165]"
4054,"[1651, 928, 1915, 371, 1149]"
4055,"[1936, 926, 1295, 1277, 410]"
4056,"[1159, 322, 1892, 1936, 1277]"
4057,"[166, 1025, 937, 159, 921]"
4058,"[1906, 1916, 1588, 1030, 1651]"
4059,"[1936, 171, 677, 371, 89]"
4060,"[1755, 1551, 938, 934, 931]"
4061,"[921, 164, 919, 1025, 937]"
4062,"[1086, 1906, 1916, 1936, 902]"
4063,"[1277, 1936, 1598, 409, 442]"
4064,"[926, 1863, 455, 1705, 1704]"
4065,"[1705, 1704, 919, 921, 937]"
4066,"[164, 409, 98, 165, 1905]"
4067,"[1936, 1651, 1752, 1906, 1277]"
4068,"[1086, 1906, 1250, 1928, 1676]"
4069,"[677, 688, 1915, 1935, 1192]"
4070,"[1112, 1321, 67, 1752, 760]"
4071,"[1043, 1906, 1704, 1705, 1086]"
4072,"[1043, 928, 1704, 1705, 823]"
4073,"[1752, 98, 97, 96, 1704]"
4074,"[165, 1105, 996, 260, 922]"
4075,"[1906, 1916, 969, 410, 1202]"
4076,"[1761, 1704, 1705, 1760, 1758]"
4077,"[1059, 1043, 928, 1035, 124]"
4078,"[1043, 1906, 1705, 1704, 1202]"
4079,"[1033, 166, 1050, 175, 159]"
4080,"[150, 1050, 1018, 959, 737]"
4081,"[664, 959, 1035, 1793, 1792]"
4082,"[983, 924, 1760, 1761, 324]"
4083,"[1050, 1915, 98, 96, 97]"
4084,"[1758, 1760, 1761, 1762, 1705]"
4085,"[1033, 921, 159, 937, 1025]"
4086,"[1018, 147, 187, 321, 25]"
4087,"[913, 915, 1792, 1789, 1791]"
4088,"[1651, 985, 984, 983, 982]"
4089,"[277, 137, 275, 272, 274]"
4090,"[1050, 1675, 719, 737, 1676]"
4091,"[1705, 1704, 1907, 922, 164]"
4092,"[1705, 1704, 956, 921, 164]"
4093,"[1549, 1828, 1833, 1837, 927]"
4094,"[922, 165, 166, 164, 1705]"
4095,"[1050, 1018, 1792, 959, 1793]"
4096,"[1649, 738, 1704, 1393, 1338]"
4097,"[1792, 163, 1791, 165, 154]"
4098,"[695, 696, 978, 1617, 1263]"
4099,"[1001, 1915, 368, 1033, 164]"
4100,"[983, 982, 985, 984, 981]"
4101,"[1017, 1793, 1792, 1050, 1916]"
4102,"[927, 1742, 1454, 1935, 441]"
4103,"[1139, 1050, 1011, 408, 125]"
4104,"[1157, 692, 108, 862, 1915]"
4105,"[922, 165, 89, 175, 1033]"
4106,"[368, 27, 1163, 28, 164]"
4107,"[911, 1018, 1659, 1649, 968]"
4108,"[1033, 1018, 1055, 175, 408]"
4109,"[165, 1042, 1909, 1157, 886]"
4110,"[972, 260, 223, 198, 53]"
4111,"[1828, 1833, 1837, 1935, 159]"
4112,"[1018, 6, 959, 7, 1035]"
4113,"[89, 398, 1035, 959, 90]"
4114,"[152, 166, 964, 149, 1055]"
4115,"[164, 175, 985, 984, 983]"
4116,"[1001, 1915, 922, 171, 409]"
4117,"[211, 151, 164, 1704, 1705]"
4118,"[1277, 350, 440, 441, 772]"
4119,"[1705, 1704, 1760, 1761, 1158]"
4120,"[959, 1050, 937, 1025, 159]"
4121,"[1917, 359, 1676, 1750, 200]"
4122,"[1054, 209, 1458, 1049, 1637]"
4123,"[1915, 1704, 1049, 868, 1748]"
4124,"[1915, 1032, 345, 1713, 603]"
4125,"[938, 919, 921, 317, 175]"
4126,"[1037, 1043, 408, 885, 925]"
4127,"[1915, 1014, 1042, 7, 653]"
4128,"[1915, 1837, 1833, 1828, 1935]"
4129,"[1154, 1202, 410, 1680, 165]"
4130,"[921, 1030, 1042, 1017, 1041]"
4131,"[1042, 999, 1591, 219, 1030]"
4132,"[1916, 116, 1042, 455, 1902]"
4133,"[925, 1033, 1026, 165, 1909]"
4134,"[1042, 927, 212, 1924, 1630]"
4135,"[1202, 410, 212, 1754, 138]"
4136,"[878, 1027, 125, 396, 1025]"
4137,"[1833, 1828, 1837, 1935, 441]"
4138,"[1202, 410, 138, 620, 470]"
4139,"[1030, 1757, 1776, 152, 1344]"
4140,"[1042, 1030, 1041, 1917, 1902]"
4141,"[1915, 1042, 624, 1591, 216]"
4142,"[1915, 1042, 1907, 1018, 1910]"
4143,"[1721, 1837, 1833, 1828, 1935]"
4144,"[1915, 1902, 116, 1042, 408]"
4145,"[1915, 618, 116, 7, 164]"
4146,"[1042, 670, 620, 470, 1915]"
4147,"[1014, 219, 677, 1042, 376]"
4148,"[1705, 1704, 1043, 921, 796]"
4149,"[1917, 1042, 116, 1017, 1041]"
4150,"[1041, 1133, 1042, 1560, 1030]"
4151,"[470, 620, 1258, 927, 670]"
4152,"[249, 251, 243, 244, 246]"
4153,"[1042, 165, 921, 164, 1043]"
4154,"[1915, 116, 618, 7, 164]"
4155,"[1030, 1042, 116, 1045, 771]"
4156,"[410, 1202, 317, 323, 328]"
4157,"[1370, 1915, 1299, 1042, 1473]"
4158,"[1041, 1017, 1042, 677, 1915]"
4159,"[1030, 1649, 1216, 1379, 1362]"
4160,"[219, 1027, 1560, 1705, 1704]"
4161,"[454, 317, 1047, 1758, 1762]"
4162,"[1048, 1147, 1916, 993, 1606]"
4163,"[419, 1030, 116, 164, 197]"
4164,"[1915, 920, 1924, 108, 60]"
4165,"[1915, 359, 1917, 1049, 455]"
4166,"[1041, 921, 1042, 1030, 287]"
4167,"[1014, 1592, 1042, 1929, 96]"
4168,"[1014, 1075, 317, 395, 1135]"
4169,"[383, 1014, 1704, 1705, 912]"
4170,"[1915, 108, 1313, 1456, 1894]"
4171,"[1014, 1157, 1277, 1637, 1590]"
4172,"[1149, 1014, 1038, 736, 1049]"
4173,"[440, 1896, 1149, 1379, 451]"
4174,"[1134, 395, 1723, 309, 108]"
4175,"[1014, 1649, 913, 1042, 1026]"
4176,"[374, 98, 1014, 1924, 1760]"
4177,"[1014, 1338, 1592, 1406, 1038]"
4178,"[67, 1042, 1014, 922, 1704]"
4179,"[1046, 1076, 1149, 1250, 1257]"
4180,"[1157, 1014, 1517, 1607, 1704]"
4181,"[1299, 1833, 1837, 1828, 1935]"
4182,"[207, 978, 976, 974, 973]"
4183,"[1042, 1014, 1607, 165, 440]"
4184,"[1929, 1149, 1592, 197, 1014]"
4185,"[1511, 1935, 1836, 1833, 1837]"
4186,"[1042, 124, 1157, 1014, 371]"
4187,"[1723, 440, 480, 858, 334]"
4188,"[1704, 1705, 1014, 1490, 543]"
4189,"[1014, 692, 1704, 1705, 1639]"
4190,"[478, 1915, 108, 1014, 60]"
4191,"[1042, 886, 165, 1014, 97]"
4192,"[1705, 1704, 1043, 796, 903]"
4193,"[1042, 1915, 164, 1149, 408]"
4194,"[125, 455, 1924, 116, 1676]"
4195,"[1014, 455, 543, 1704, 1705]"
4196,"[97, 96, 1042, 1924, 1014]"
4197,"[1014, 1649, 604, 1154, 1149]"
4198,"[1014, 926, 410, 1202, 1639]"
4199,"[1014, 1008, 789, 1636, 438]"
4200,"[98, 1915, 455, 165, 125]"
4201,"[1157, 1014, 1042, 1607, 480]"
4202,"[1042, 164, 862, 1014, 1488]"
4203,"[1014, 1149, 1041, 1072, 1705]"
4204,"[164, 921, 1042, 1014, 1025]"
4205,"[1043, 165, 921, 1705, 1704]"
4206,"[479, 169, 1086, 1753, 160]"
4207,"[1086, 287, 692, 1014, 1560]"
4208,"[98, 1014, 97, 96, 1157]"
4209,"[677, 376, 1014, 1042, 1705]"
4210,"[1915, 1935, 371, 1828, 1833]"
4211,"[1055, 1052, 259, 1205, 271]"
4212,"[1047, 222, 927, 1837, 1833]"
4213,"[923, 1909, 1193, 1704, 1705]"
4214,"[96, 98, 97, 409, 102]"
4215,"[1909, 933, 1193, 1042, 1704]"
4216,"[164, 1239, 1750, 1820, 1819]"
4217,"[1055, 1049, 259, 222, 997]"
4218,"[1299, 1750, 1704, 1705, 60]"
4219,"[1754, 928, 212, 1055, 1026]"
4220,"[1915, 1659, 171, 1828, 1837]"
4221,"[1027, 1809, 164, 1909, 165]"
4222,"[1900, 1915, 408, 1042, 1648]"
4223,"[1053, 1814, 1809, 1813, 1816]"
4224,"[1055, 259, 982, 1049, 211]"
4225,"[408, 222, 116, 261, 455]"
4226,"[164, 862, 1059, 368, 985]"
4227,"[1055, 928, 302, 866, 705]"
4228,"[1055, 1754, 212, 928, 302]"
4229,"[1048, 1049, 728, 1299, 211]"
4230,"[259, 998, 1649, 983, 982]"
4231,"[340, 575, 364, 1299, 982]"
4232,"[1053, 1754, 212, 1617, 956]"
4233,"[1053, 1812, 1811, 1815, 1706]"
4234,"[255, 729, 988, 738, 732]"
4235,"[1027, 1358, 1486, 1809, 1844]"
4236,"[1935, 1828, 1837, 1833, 1936]"
4237,"[1077, 408, 1047, 1076, 1025]"
4238,"[996, 997, 230, 1705, 1704]"
4239,"[222, 1632, 261, 726, 1650]"
4240,"[1034, 933, 164, 1909, 921]"
4241,"[1047, 1299, 1919, 1549, 1053]"
4242,"[259, 1317, 224, 987, 1704]"
4243,"[222, 408, 1055, 1049, 1077]"
4244,"[920, 1038, 1042, 164, 862]"
4245,"[985, 984, 980, 1916, 260]"
4246,"[259, 1636, 442, 1750, 1273]"
4247,"[1055, 1075, 222, 1014, 902]"
4248,"[1140, 1139, 1055, 364, 259]"
4249,"[1909, 921, 1704, 1705, 164]"
4250,"[271, 1205, 222, 1137, 1299]"
4251,"[1055, 1046, 1061, 1048, 259]"
4252,"[1055, 1052, 985, 983, 981]"
4253,"[1488, 1077, 165, 823, 60]"
4254,"[957, 143, 1754, 1316, 975]"
4255,"[1030, 1915, 1086, 125, 1676]"
4256,"[1637, 1915, 263, 1092, 216]"
4257,"[1825, 1302, 1705, 1704, 1026]"
4258,"[1935, 1837, 1833, 1828, 98]"
4259,"[1651, 1705, 1704, 1659, 724]"
4260,"[209, 975, 1776, 1757, 1026]"
4261,"[1915, 1041, 1933, 212, 175]"
4262,"[165, 921, 159, 937, 1025]"
4263,"[1030, 1902, 1042, 1917, 1649]"
4264,"[1649, 1042, 990, 1756, 1666]"
4265,"[885, 1704, 1705, 728, 1042]"
4266,"[159, 1025, 937, 165, 164]"
4267,"[923, 161, 1649, 677, 688]"
4268,"[1133, 1915, 1705, 1704, 692]"
4269,"[1837, 1833, 1828, 1935, 290]"
4270,"[1092, 1027, 1649, 1030, 1637]"
4271,"[1915, 303, 624, 1030, 1649]"
4272,"[1026, 1014, 1079, 1651, 286]"
4273,"[1092, 1637, 303, 1030, 1915]"
4274,"[928, 1046, 738, 990, 1026]"
4275,"[1651, 455, 1659, 902, 216]"
4276,"[1079, 1750, 1066, 1026, 125]"
4277,"[108, 402, 629, 1026, 1700]"
4278,"[728, 352, 1026, 209, 975]"
4279,"[1705, 1704, 1131, 1915, 1560]"
4280,"[1933, 1154, 1061, 1918, 1026]"
4281,"[1915, 972, 975, 971, 724]"
4282,"[376, 677, 437, 1092, 1055]"
4283,"[677, 1915, 728, 376, 455]"
4284,"[1014, 1079, 1026, 1018, 1924]"
4285,"[1766, 1027, 1014, 624, 965]"
4286,"[368, 1018, 954, 1666, 1026]"
4287,"[1140, 364, 1704, 1705, 1150]"
4288,"[738, 919, 728, 1046, 938]"
4289,"[1014, 1046, 1026, 219, 1049]"
4290,"[1915, 919, 677, 165, 376]"
4291,"[1705, 1704, 1753, 1049, 728]"
4292,"[1915, 163, 1014, 921, 902]"
4293,"[1077, 1833, 1828, 1837, 1027]"
4294,"[1649, 1042, 1666, 327, 1030]"
4295,"[1026, 1918, 1025, 937, 159]"
4296,"[376, 677, 688, 1915, 1695]"
4297,"[1034, 1026, 903, 1757, 1776]"
4298,"[1915, 1649, 116, 1042, 1666]"
4299,"[1134, 616, 310, 7, 1143]"
4300,"[98, 1935, 290, 1828, 1833]"
4301,"[616, 379, 642, 1134, 288]"
4302,"[692, 454, 789, 1608, 1705]"
4303,"[777, 783, 1582, 1730, 905]"
4304,"[1705, 1704, 1760, 1762, 1758]"
4305,"[1655, 258, 1761, 1760, 806]"
4306,"[697, 692, 1699, 1618, 409]"
4307,"[654, 634, 653, 937, 1025]"
4308,"[1705, 1704, 454, 97, 96]"
4309,"[1924, 1704, 1705, 1910, 1523]"
4310,"[1704, 1705, 1904, 258, 806]"
4311,"[1705, 1704, 292, 692, 440]"
4312,"[1902, 258, 1917, 116, 60]"
4313,"[1242, 1760, 1762, 1758, 1705]"
4314,"[1567, 1030, 361, 688, 677]"
4315,"[1773, 692, 856, 855, 368]"
4316,"[1273, 447, 1147, 1705, 1704]"
4317,"[411, 1129, 1713, 396, 1924]"
4318,"[1705, 1704, 1760, 1762, 1758]"
4319,"[1902, 1704, 1705, 1133, 60]"
4320,"[900, 409, 1277, 1249, 98]"
4321,"[440, 692, 1112, 455, 777]"
4322,"[455, 1676, 113, 89, 806]"
4323,"[1760, 1705, 1704, 1762, 1758]"
4324,"[1187, 304, 1030, 1186, 1157]"
4325,"[258, 806, 922, 714, 1760]"
4326,"[258, 1705, 1704, 1760, 1761]"
4327,"[1924, 663, 1704, 1705, 1611]"
4328,"[1147, 1916, 1636, 357, 1705]"
4329,"[1147, 1705, 1704, 692, 438]"
4330,"[1760, 1762, 1758, 1705, 1704]"
4331,"[663, 1910, 1924, 1758, 1762]"
4332,"[274, 137, 277, 1016, 275]"
4333,"[657, 435, 449, 1275, 1190]"
4334,"[1705, 1704, 98, 1760, 692]"
4335,"[1704, 1705, 1760, 1758, 1762]"
4336,"[1924, 1906, 1636, 438, 1704]"
4337,"[1147, 379, 1098, 1064, 289]"
4338,"[1147, 1760, 1761, 441, 1273]"
4339,"[175, 1704, 164, 165, 1705]"
4340,"[1147, 1273, 447, 1705, 1704]"
4341,"[1056, 250, 1130, 976, 970]"
4342,"[258, 806, 1581, 1915, 1761]"
4343,"[692, 333, 1761, 97, 96]"
4344,"[585, 586, 577, 592, 1896]"
4345,"[925, 1828, 1837, 1833, 922]"
4346,"[323, 333, 1145, 338, 46]"
4347,"[677, 376, 688, 1704, 1705]"
4348,"[1705, 1704, 361, 126, 1147]"
4349,"[358, 1705, 1704, 126, 301]"
4350,"[1073, 1917, 1155, 350, 455]"
4351,"[320, 1155, 276, 89, 164]"
4352,"[1155, 350, 290, 281, 1874]"
4353,"[281, 1700, 1704, 1705, 1838]"
4354,"[1705, 1704, 1155, 126, 290]"
4355,"[171, 89, 113, 409, 1676]"
4356,"[618, 277, 361, 1001, 447]"
4357,"[629, 1100, 124, 164, 165]"
4358,"[97, 96, 164, 98, 1750]"
4359,"[97, 96, 98, 409, 628]"
4360,"[658, 296, 1833, 1828, 1837]"
4361,"[281, 629, 658, 1770, 665]"
4362,"[396, 281, 1132, 277, 1017]"
4363,"[1559, 1155, 350, 281, 1615]"
4364,"[1705, 1924, 1275, 1704, 1481]"
4365,"[862, 1788, 1787, 1786, 1603]"
4366,"[1313, 126, 97, 96, 1746]"
4367,"[1118, 171, 290, 1704, 1705]"
4368,"[409, 658, 1313, 1746, 97]"
4369,"[1902, 1118, 60, 1700, 983]"
4370,"[1705, 1704, 1155, 1758, 1915]"
4371,"[1073, 925, 922, 97, 96]"
4372,"[793, 1833, 1837, 1828, 98]"
4373,"[124, 409, 1746, 96, 97]"
4374,"[1770, 658, 629, 665, 420]"
4375,"[677, 96, 376, 688, 1746]"
4376,"[1676, 455, 1704, 1705, 116]"
4377,"[1158, 408, 164, 1617, 1633]"
4378,"[1705, 1704, 291, 1070, 1786]"
4379,"[658, 665, 1770, 629, 1889]"
4380,"[290, 1699, 922, 1024, 1675]"
4381,"[98, 97, 96, 60, 1155]"
4382,"[1837, 1833, 1828, 1935, 290]"
4383,"[1705, 1704, 1826, 98, 165]"
4384,"[1705, 1704, 1163, 332, 1122]"
4385,"[1145, 333, 164, 165, 338]"
4386,"[1695, 1147, 333, 319, 343]"
4387,"[1145, 863, 1747, 865, 118]"
4388,"[7, 1243, 6, 29, 802]"
4389,"[863, 1747, 865, 314, 118]"
4390,"[314, 1705, 1704, 1116, 1693]"
4391,"[313, 1923, 314, 865, 863]"
4392,"[314, 653, 628, 651, 658]"
4393,"[1923, 313, 1747, 863, 865]"
4394,"[967, 284, 720, 367, 171]"
4395,"[314, 339, 528, 1761, 1507]"
4396,"[1747, 865, 863, 314, 118]"
4397,"[863, 865, 1747, 314, 1923]"
4398,"[1747, 865, 863, 314, 1923]"
4399,"[314, 98, 96, 97, 863]"
4400,"[313, 899, 314, 1073, 118]"
4401,"[1115, 314, 1695, 204, 1639]"
4402,"[863, 1747, 865, 1726, 1275]"
4403,"[409, 1746, 118, 1887, 97]"
4404,"[1747, 863, 865, 118, 59]"
4405,"[314, 863, 1747, 865, 441]"
4406,"[314, 863, 865, 1747, 449]"
4407,"[313, 1073, 314, 865, 863]"
4408,"[904, 863, 1747, 865, 1923]"
4409,"[314, 863, 865, 1747, 126]"
4410,"[904, 1923, 954, 865, 863]"
4411,"[314, 1028, 313, 290, 422]"
4412,"[1747, 865, 863, 1923, 1791]"
4413,"[314, 863, 1747, 865, 118]"
4414,"[313, 314, 865, 863, 1747]"
4415,"[1147, 265, 1032, 1154, 1704]"
4416,"[1923, 313, 118, 314, 1747]"
4417,"[314, 865, 863, 1747, 118]"
4418,"[313, 1747, 863, 865, 314]"
4419,"[313, 314, 1923, 865, 863]"
4420,"[314, 863, 1747, 865, 118]"
4421,"[290, 1028, 1828, 1837, 1833]"
4422,"[314, 863, 1747, 865, 59]"
4423,"[863, 1747, 865, 1923, 118]"
4424,"[863, 1747, 865, 1275, 118]"
4425,"[118, 863, 1747, 865, 692]"
4426,"[1115, 314, 313, 1742, 121]"
4427,"[314, 904, 313, 1923, 1747]"
4428,"[904, 314, 1923, 865, 1747]"
4429,"[313, 1923, 1704, 1705, 866]"
4430,"[1837, 1833, 1828, 1935, 290]"
4431,"[1922, 1897, 1567, 98, 97]"
4432,"[455, 124, 108, 692, 454]"
4433,"[379, 291, 1117, 1771, 1896]"
4434,"[1070, 455, 321, 454, 1924]"
4435,"[1922, 1897, 1907, 1899, 454]"
4436,"[455, 454, 124, 16, 1567]"
4437,"[1705, 1704, 1907, 1098, 1567]"
4438,"[455, 454, 1726, 125, 1191]"
4439,"[1299, 409, 124, 876, 879]"
4440,"[1705, 1704, 1807, 455, 454]"
4441,"[98, 97, 96, 1746, 102]"
4442,"[535, 1704, 1705, 455, 454]"
4443,"[1277, 1157, 440, 98, 97]"
4444,"[1704, 1705, 455, 1807, 454]"
4445,"[1726, 455, 1907, 451, 440]"
4446,"[1116, 455, 454, 125, 1726]"
4447,"[1773, 1704, 1705, 454, 98]"
4448,"[1032, 455, 454, 1064, 1277]"
4449,"[16, 454, 455, 1129, 1113]"
4450,"[926, 1025, 937, 159, 1117]"
4451,"[1705, 1704, 455, 1567, 1112]"
4452,"[1567, 1070, 101, 1615, 1896]"
4453,"[454, 455, 1113, 16, 108]"
4454,"[455, 314, 692, 7, 1344]"
4455,"[1611, 1567, 16, 114, 1880]"
4456,"[1070, 321, 1567, 954, 1910]"
4457,"[455, 454, 98, 114, 1567]"
4458,"[455, 1875, 1772, 1567, 454]"
4459,"[257, 1040, 454, 455, 1071]"
4460,"[1071, 98, 96, 97, 409]"
4461,"[455, 454, 1907, 390, 1191]"
4462,"[454, 455, 1567, 314, 1769]"
4463,"[1129, 1704, 1705, 1910, 1113]"
4464,"[455, 98, 97, 96, 454]"
4465,"[1896, 922, 454, 101, 291]"
4466,"[125, 455, 1726, 451, 454]"
4467,"[1067, 1567, 1758, 1880, 1705]"
4468,"[1045, 1924, 113, 1676, 454]"
4469,"[1040, 455, 1705, 1704, 1567]"
4470,"[1299, 1526, 1899, 1910, 1567]"
4471,"[175, 1627, 124, 163, 921]"
4472,"[1637, 1299, 454, 455, 1567]"
4473,"[454, 455, 1758, 888, 1567]"
4474,"[1762, 1758, 1906, 1705, 1704]"
4475,"[159, 1025, 455, 1613, 97]"
4476,"[705, 711, 1490, 372, 768]"
4477,"[455, 1896, 97, 96, 98]"
4478,"[455, 164, 1192, 89, 1750]"
4479,"[1607, 1299, 1608, 97, 96]"
4480,"[1157, 368, 692, 1062, 98]"
4481,"[511, 1705, 1704, 1490, 1809]"
4482,"[1704, 1705, 1071, 1567, 1900]"
4483,"[368, 1907, 97, 96, 1613]"
4484,"[1761, 165, 1760, 1704, 1705]"
4485,"[372, 1570, 1064, 89, 1192]"
4486,"[455, 1758, 1762, 454, 1567]"
4487,"[1705, 1704, 1824, 1752, 1874]"
4488,"[372, 699, 1636, 438, 1613]"
4489,"[1769, 1760, 1761, 1768, 1775]"
4490,"[1760, 1761, 1768, 1775, 1769]"
4491,"[96, 97, 98, 1904, 1761]"
4492,"[1607, 1157, 1269, 1894, 1704]"
4493,"[1896, 1517, 1760, 1761, 1607]"
4494,"[1072, 1040, 368, 1607, 1761]"
4495,"[1613, 97, 1704, 1705, 291]"
4496,"[1157, 97, 96, 1607, 1924]"
4497,"[108, 116, 1721, 1924, 98]"
4498,"[165, 1769, 166, 219, 1907]"
4499,"[1896, 698, 455, 97, 96]"
4500,"[368, 108, 372, 1761, 400]"
4501,"[1676, 1299, 1750, 1639, 125]"
4502,"[1704, 1705, 1762, 1758, 1067]"
4503,"[1157, 257, 259, 274, 1607]"
4504,"[594, 1772, 1513, 542, 1833]"
4505,"[481, 1705, 1792, 1791, 983]"
4506,"[1896, 1157, 97, 96, 1922]"
4507,"[933, 677, 688, 372, 376]"
4508,"[136, 938, 1065, 904, 872]"
4509,"[372, 1157, 1609, 1035, 1277]"
4510,"[1896, 96, 97, 1157, 372]"
4511,"[1613, 372, 97, 96, 164]"
4512,"[1157, 455, 409, 1192, 1277]"
4513,"[851, 60, 1244, 423, 1196]"
4514,"[368, 97, 96, 819, 372]"
4515,"[1607, 372, 1705, 1704, 368]"
4516,"[688, 677, 376, 1769, 1775]"
4517,"[1613, 363, 1025, 937, 159]"
4518,"[677, 688, 1896, 96, 97]"
4519,"[1065, 1057, 775, 1059, 1058]"
4520,"[1149, 358, 455, 862, 1185]"
4521,"[332, 1155, 125, 1704, 1705]"
4522,"[379, 700, 1030, 1517, 1306]"
4523,"[618, 1022, 393, 1676, 325]"
4524,"[40, 28, 207, 614, 969]"
4525,"[207, 955, 976, 978, 206]"
4526,"[1837, 1833, 1828, 441, 1935]"
4527,"[28, 207, 974, 969, 972]"
4528,"[1459, 700, 1704, 1705, 1094]"
4529,"[1708, 1086, 1056, 996, 73]"
4530,"[310, 1022, 700, 1155, 1121]"
4531,"[1880, 1253, 1259, 1459, 1176]"
4532,"[207, 971, 206, 974, 208]"
4533,"[1771, 102, 97, 96, 98]"
4534,"[835, 906, 649, 256, 1172]"
4535,"[1246, 1880, 1176, 1459, 700]"
4536,"[7, 310, 1696, 1697, 1705]"
4537,"[440, 1705, 1704, 1274, 45]"
4538,"[60, 474, 411, 693, 75]"
4539,"[60, 207, 974, 976, 969]"
4540,"[351, 285, 1274, 440, 263]"
4541,"[358, 306, 1173, 98, 1001]"
4542,"[1046, 1102, 1032, 1106, 618]"
4543,"[1121, 441, 98, 692, 614]"
4544,"[1288, 7, 358, 862, 1786]"
4545,"[259, 972, 207, 306, 209]"
4546,"[1109, 700, 310, 306, 250]"
4547,"[311, 269, 443, 304, 618]"
4548,"[1833, 1828, 1837, 1863, 1935]"
4549,"[28, 611, 25, 207, 60]"
4550,"[1134, 1121, 692, 657, 1187]"
4551,"[269, 285, 999, 1615, 1011]"
4552,"[455, 613, 1770, 1795, 1155]"
4553,"[1022, 223, 634, 207, 1773]"
4554,"[263, 765, 1141, 1190, 1121]"
4555,"[1201, 126, 1118, 628, 358]"
4556,"[349, 1793, 1785, 321, 304]"
4557,"[379, 1086, 1098, 277, 320]"
4558,"[1696, 1697, 955, 970, 974]"
4559,"[1750, 700, 28, 1176, 108]"
4560,"[1121, 1023, 906, 310, 1161]"
4561,"[700, 1121, 440, 207, 24]"
4562,"[397, 1296, 1022, 1121, 1662]"
4563,"[439, 45, 1662, 1705, 1704]"
4564,"[1902, 1147, 360, 1130, 1162]"
4565,"[1705, 1704, 1277, 1906, 1249]"
4566,"[1071, 1807, 1748, 1704, 1705]"
4567,"[1675, 1915, 98, 1704, 1705]"
4568,"[1915, 1917, 1073, 108, 455]"
4569,"[1704, 1705, 878, 922, 1758]"
4570,"[1158, 451, 440, 1523, 866]"
4571,"[1929, 408, 1182, 1149, 1592]"
4572,"[1252, 1704, 1705, 430, 1258]"
4573,"[1636, 1750, 438, 1263, 432]"
4574,"[1258, 1906, 1306, 410, 1202]"
4575,"[1285, 1051, 60, 380, 98]"
4576,"[28, 125, 1299, 409, 605]"
4577,"[1750, 1917, 125, 1676, 408]"
4578,"[1900, 1917, 1676, 1915, 455]"
4579,"[1070, 96, 97, 98, 937]"
4580,"[440, 441, 480, 1579, 1605]"
4581,"[1041, 1030, 478, 1529, 1588]"
4582,"[1900, 1915, 1676, 922, 1543]"
4583,"[371, 1762, 1758, 1148, 1760]"
4584,"[1924, 1112, 485, 1188, 440]"
4585,"[1915, 1705, 1704, 321, 116]"
4586,"[1746, 102, 96, 98, 97]"
4587,"[919, 102, 409, 97, 98]"
4588,"[1750, 1705, 1704, 1752, 1924]"
4589,"[1915, 98, 97, 96, 102]"
4590,"[106, 1915, 1344, 116, 1917]"
4591,"[98, 1549, 1540, 1092, 1861]"
4592,"[1915, 1704, 1705, 1916, 672]"
4593,"[878, 1915, 1157, 605, 396]"
4594,"[1906, 455, 866, 289, 89]"
4595,"[1157, 455, 1917, 692, 1104]"
4596,"[1917, 1915, 455, 1704, 1705]"
4597,"[1915, 113, 1899, 97, 96]"
4598,"[1157, 1607, 320, 1896, 1127]"
4599,"[1924, 677, 98, 97, 96]"
4600,"[1916, 1906, 1066, 1928, 1637]"
4601,"[368, 258, 900, 1289, 1257]"
4602,"[1915, 1917, 890, 112, 116]"
4603,"[1915, 96, 97, 98, 409]"
4604,"[1612, 1762, 1065, 1758, 1927]"
4605,"[1705, 1704, 1777, 1765, 680]"
4606,"[890, 112, 1526, 113, 97]"
4607,"[1924, 1704, 1705, 98, 1915]"
4608,"[1080, 431, 1271, 1522, 441]"
4609,"[1807, 1936, 1086, 1637, 371]"
4610,"[1279, 1705, 1704, 1825, 409]"
4611,"[1279, 1746, 102, 409, 97]"
4612,"[349, 294, 361, 702, 360]"
4613,"[1915, 455, 1807, 1936, 1676]"
4614,"[1279, 1081, 433, 1295, 1108]"
4615,"[1086, 1637, 1928, 1271, 1636]"
4616,"[1607, 1705, 1704, 277, 1295]"
4617,"[902, 1277, 1750, 1637, 1676]"
4618,"[1704, 1705, 1275, 441, 1196]"
4619,"[1915, 1139, 128, 98, 1077]"
4620,"[1833, 1837, 1196, 308, 1277]"
4621,"[116, 1807, 1659, 98, 455]"
4622,"[1936, 1277, 1279, 1636, 438]"
4623,"[326, 1915, 1091, 98, 688]"
4624,"[1936, 1279, 448, 1086, 1104]"
4625,"[1129, 1279, 1086, 360, 1177]"
4626,"[1279, 1786, 1787, 1788, 1915]"
4627,"[1301, 1790, 1791, 1789, 128]"
4628,"[1807, 357, 1277, 1662, 1066]"
4629,"[1750, 1915, 1277, 1104, 1028]"
4630,"[98, 410, 1202, 125, 1116]"
4631,"[1155, 1742, 1807, 1637, 1108]"
4632,"[1299, 728, 1030, 1705, 1704]"
4633,"[1915, 698, 60, 1768, 1704]"
4634,"[1776, 1757, 1915, 1887, 1873]"
4635,"[1299, 1169, 1915, 1279, 902]"
4636,"[1271, 1928, 1637, 1636, 438]"
4637,"[1915, 1752, 1748, 455, 868]"
4638,"[1936, 1277, 1279, 431, 1295]"
4639,"[442, 1636, 1279, 663, 360]"
4640,"[309, 1807, 423, 1244, 1697]"
4641,"[1915, 98, 116, 1705, 1704]"
4642,"[1579, 1762, 1758, 1704, 1705]"
4643,"[306, 1807, 1265, 1264, 434]"
4644,"[1277, 1936, 1295, 1086, 1676]"
4645,"[1674, 1677, 1676, 1807, 171]"
4646,"[1750, 1279, 490, 411, 1247]"
4647,"[1750, 1279, 1275, 1157, 1196]"
4648,"[1637, 1279, 432, 171, 510]"
4649,"[1915, 1603, 1279, 1786, 1788]"
4650,"[1742, 1807, 1795, 1135, 1546]"
4651,"[1313, 1118, 46, 98, 96]"
4652,"[125, 1117, 60, 866, 1119]"
4653,"[1196, 1915, 1750, 618, 1269]"
4654,"[1902, 359, 1552, 408, 1917]"
4655,"[1837, 1833, 1828, 1077, 1935]"
4656,"[1639, 643, 1168, 1269, 443]"
4657,"[97, 96, 98, 1543, 793]"
4658,"[97, 96, 1552, 60, 1273]"
4659,"[1295, 1269, 1077, 1636, 69]"
4660,"[423, 1244, 441, 1269, 628]"
4661,"[677, 376, 1704, 1705, 530]"
4662,"[1502, 402, 42, 1700, 629]"
4663,"[89, 1863, 1828, 1833, 1837]"
4664,"[1055, 705, 988, 153, 866]"
4665,"[46, 1313, 125, 821, 1269]"
4666,"[1196, 1067, 97, 96, 1022]"
4667,"[46, 402, 126, 1269, 1889]"
4668,"[394, 1133, 1079, 1109, 328]"
4669,"[922, 1935, 1902, 1833, 1837]"
4670,"[1772, 1269, 361, 441, 1083]"
4671,"[925, 46, 1522, 1116, 1313]"
4672,"[1704, 1796, 1705, 1761, 1760]"
4673,"[171, 868, 1748, 116, 164]"
4674,"[677, 376, 1269, 441, 442]"
4675,"[1915, 98, 478, 1269, 1924]"
4676,"[1704, 1705, 1313, 618, 530]"
4677,"[624, 1118, 610, 1522, 1184]"
4678,"[420, 126, 98, 1320, 1700]"
4679,"[1118, 1073, 624, 610, 285]"
4680,"[1833, 1837, 1828, 1935, 455]"
4681,"[7, 1063, 811, 383, 128]"
4682,"[1753, 1011, 1650, 734, 727]"
4683,"[1176, 1607, 344, 1272, 441]"
4684,"[1059, 291, 1853, 1847, 1845]"
4685,"[1050, 995, 1062, 900, 46]"
4686,"[1176, 328, 1051, 731, 209]"
4687,"[98, 743, 452, 1300, 1704]"
4688,"[1900, 1269, 1705, 1792, 1791]"
4689,"[1313, 1456, 1705, 1704, 1269]"
4690,"[878, 101, 1915, 1924, 868]"
4691,"[1100, 307, 1274, 308, 1157]"
4692,"[1611, 1651, 1522, 125, 1649]"
4693,"[1900, 443, 1269, 437, 1182]"
4694,"[398, 1023, 89, 90, 1269]"
4695,"[1875, 1704, 1705, 983, 1759]"
4696,"[1179, 319, 706, 341, 1124]"
4697,"[1710, 1784, 379, 849, 1058]"
4698,"[1837, 1833, 1828, 1935, 290]"
4699,"[1687, 434, 1265, 1264, 212]"
4700,"[1570, 1632, 1287, 1877, 1462]"
4701,"[200, 960, 1917, 1902, 1895]"
4702,"[113, 1676, 165, 409, 89]"
4703,"[397, 1008, 1086, 21, 1129]"
4704,"[97, 96, 98, 1064, 1143]"
4705,"[1632, 89, 1249, 125, 97]"
4706,"[1570, 1756, 1728, 1782, 1781]"
4707,"[1566, 1935, 290, 1837, 1833]"
4708,"[371, 677, 727, 734, 1650]"
4709,"[688, 1192, 677, 376, 1705]"
4710,"[620, 470, 286, 165, 1038]"
4711,"[393, 1699, 605, 1675, 250]"
4712,"[441, 1570, 442, 884, 165]"
4713,"[125, 364, 440, 527, 1780]"
4714,"[216, 1065, 108, 1915, 879]"
4715,"[1044, 379, 1705, 1704, 265]"
4716,"[368, 1042, 1063, 454, 440]"
4717,"[163, 931, 176, 173, 934]"
4718,"[441, 442, 1764, 1759, 1001]"
4719,"[1662, 1772, 1246, 1748, 868]"
4720,"[1028, 527, 1780, 1213, 1800]"
4721,"[1785, 107, 1317, 224, 724]"
4722,"[1488, 326, 1905, 1527, 1627]"
4723,"[927, 1258, 430, 1261, 938]"
4724,"[441, 442, 927, 1935, 1828]"
4725,"[1833, 1837, 1828, 1935, 290]"
4726,"[1170, 307, 1105, 621, 1164]"
4727,"[368, 372, 1188, 125, 1157]"
4728,"[438, 1636, 1704, 1705, 1779]"
4729,"[1705, 1704, 1068, 995, 355]"
4730,"[164, 1922, 1897, 166, 287]"
4731,"[982, 1705, 1704, 1681, 1064]"
4732,"[1833, 1828, 1837, 82, 1863]"
4733,"[594, 1513, 441, 402, 442]"
4734,"[300, 1210, 1454, 1935, 1461]"
4735,"[368, 455, 341, 108, 125]"
4736,"[1023, 89, 398, 411, 1290]"
4737,"[82, 1592, 454, 902, 1351]"
4738,"[125, 1935, 1299, 1258, 1261]"
4739,"[478, 1924, 919, 1025, 159]"
4740,"[1705, 1921, 1704, 1570, 383]"
4741,"[1915, 1833, 1837, 1828, 1935]"
4742,"[1902, 408, 1907, 116, 376]"
4743,"[1750, 98, 96, 97, 455]"
4744,"[125, 1917, 1915, 1750, 455]"
4745,"[1924, 478, 98, 97, 96]"
4746,"[1902, 1915, 692, 1552, 1073]"
4747,"[116, 1147, 919, 1297, 159]"
4748,"[163, 164, 1884, 396, 1907]"
4749,"[98, 97, 96, 102, 1746]"
4750,"[1705, 1704, 1025, 159, 937]"
4751,"[1297, 478, 1924, 291, 289]"
4752,"[1655, 692, 937, 159, 1025]"
4753,"[163, 937, 159, 1025, 1924]"
4754,"[116, 455, 1884, 919, 938]"
4755,"[478, 1924, 1915, 98, 97]"
4756,"[98, 1705, 1704, 163, 455]"
4757,"[116, 478, 1924, 1025, 937]"
4758,"[455, 1112, 454, 291, 1704]"
4759,"[1902, 478, 116, 1924, 102]"
4760,"[1916, 1928, 1030, 1704, 1073]"
4761,"[96, 1746, 102, 98, 97]"
4762,"[116, 1915, 1773, 163, 164]"
4763,"[116, 320, 1915, 1062, 1558]"
4764,"[97, 96, 98, 102, 1746]"
4765,"[98, 1924, 478, 1025, 937]"
4766,"[116, 163, 455, 938, 1924]"
4767,"[1113, 1742, 478, 1704, 1705]"
4768,"[1705, 1704, 1147, 1924, 1753]"
4769,"[1924, 478, 102, 1746, 97]"
4770,"[116, 1924, 114, 455, 1792]"
4771,"[1636, 438, 1071, 1014, 365]"
4772,"[1773, 1636, 438, 1246, 1306]"
4773,"[175, 163, 1025, 937, 159]"
4774,"[163, 1655, 346, 1030, 1146]"
4775,"[1907, 1884, 465, 703, 257]"
4776,"[1773, 1636, 438, 455, 454]"
4777,"[1762, 116, 1917, 455, 361]"
4778,"[1636, 438, 1306, 1246, 462]"
4779,"[478, 1935, 1837, 1828, 1833]"
4780,"[116, 1705, 1704, 159, 937]"
4781,"[1277, 1297, 1936, 451, 125]"
4782,"[1705, 1704, 163, 1760, 1761]"
4783,"[58, 57, 54, 1762, 1760]"
4784,"[1900, 1705, 1704, 1275, 440]"
4785,"[371, 1273, 447, 1637, 688]"
4786,"[361, 1772, 1915, 441, 1762]"
4787,"[371, 688, 116, 361, 449]"
4788,"[1297, 1897, 1922, 125, 116]"
4789,"[1750, 98, 97, 96, 1921]"
4790,"[1762, 1760, 1758, 361, 1921]"
4791,"[1884, 1907, 116, 438, 1636]"
4792,"[1750, 1038, 361, 1762, 371]"
4793,"[1900, 1275, 114, 98, 807]"
4794,"[377, 116, 449, 1275, 125]"
4795,"[442, 290, 314, 1699, 1675]"
4796,"[1750, 1163, 1271, 1011, 1121]"
4797,"[1032, 116, 1275, 1769, 1768]"
4798,"[368, 697, 1921, 1157, 1147]"
4799,"[1760, 1038, 1762, 1063, 1127]"
4800,"[1188, 379, 1758, 1762, 1704]"
4801,"[371, 1705, 1704, 800, 1457]"
4802,"[438, 1636, 1186, 116, 1915]"
4803,"[1306, 1599, 1277, 1064, 1705]"
4804,"[1297, 1762, 1760, 1758, 1461]"
4805,"[440, 1113, 1704, 1705, 1773]"
4806,"[1038, 1704, 1705, 361, 1762]"
4807,"[1313, 1456, 1894, 1127, 1636]"
4808,"[1784, 1011, 678, 1748, 1705]"
4809,"[163, 320, 1636, 438, 921]"
4810,"[1705, 1704, 1924, 1753, 98]"
4811,"[116, 1636, 438, 1915, 1884]"
4812,"[1915, 386, 455, 692, 383]"
4813,"[438, 1636, 116, 1772, 1884]"
4814,"[97, 96, 98, 1746, 102]"
4815,"[1915, 379, 1192, 1676, 618]"
4816,"[440, 1038, 1762, 371, 1760]"
4817,"[274, 657, 445, 1636, 438]"
4818,"[1615, 1011, 1586, 346, 1088]"
4819,"[1772, 1758, 1762, 1704, 1705]"
4820,"[97, 96, 1129, 98, 1760]"
4821,"[440, 1704, 1705, 1904, 1773]"
4822,"[1924, 478, 98, 96, 97]"
4823,"[440, 1705, 1704, 1773, 98]"
4824,"[371, 1762, 440, 1760, 1038]"
4825,"[7, 1094, 379, 361, 618]"
4826,"[320, 1705, 1704, 440, 937]"
4827,"[1807, 1704, 1705, 322, 1071]"
4828,"[292, 1762, 1758, 1761, 1760]"
4829,"[677, 1704, 1705, 96, 98]"
4830,"[1077, 288, 200, 915, 960]"
4831,"[902, 1906, 1609, 1928, 357]"
4832,"[1915, 1750, 1202, 410, 510]"
4833,"[1915, 1704, 1705, 1193, 511]"
4834,"[1617, 1025, 937, 159, 165]"
4835,"[1758, 1762, 1760, 1761, 1617]"
4836,"[1915, 98, 1705, 1704, 1041]"
4837,"[1748, 868, 1071, 1704, 1705]"
4838,"[408, 125, 1636, 438, 922]"
4839,"[410, 1202, 1560, 368, 361]"
4840,"[1014, 1915, 1202, 410, 1079]"
4841,"[1915, 1065, 1705, 1704, 60]"
4842,"[410, 1202, 1748, 868, 1915]"
4843,"[97, 96, 98, 1746, 102]"
4844,"[1617, 1014, 396, 1125, 1281]"
4845,"[937, 1025, 159, 165, 926]"
4846,"[125, 862, 289, 455, 875]"
4847,"[993, 1700, 265, 455, 1698]"
4848,"[357, 1704, 1705, 1773, 1030]"
4849,"[1299, 1906, 938, 1924, 98]"
4850,"[1915, 1030, 1344, 116, 920]"
4851,"[1915, 175, 165, 98, 409]"
4852,"[1915, 108, 410, 1202, 1609]"
4853,"[125, 1915, 1277, 1133, 1825]"
4854,"[1618, 455, 1917, 287, 116]"
4855,"[1627, 98, 97, 96, 1746]"
4856,"[1125, 900, 292, 98, 97]"
4857,"[1202, 410, 165, 159, 937]"
4858,"[455, 1761, 1760, 1758, 1762]"
4859,"[900, 1125, 1550, 102, 1746]"
4860,"[204, 357, 1156, 1067, 1277]"
4861,"[1915, 164, 165, 359, 1752]"
4862,"[1618, 1758, 321, 1762, 1065]"
4863,"[60, 1915, 333, 1649, 925]"
4864,"[938, 1030, 1916, 1066, 175]"
4865,"[1752, 1704, 1705, 1762, 1909]"
4866,"[125, 1915, 1014, 1676, 365]"
4867,"[159, 937, 1025, 165, 164]"
4868,"[409, 98, 165, 97, 96]"
4869,"[1915, 890, 112, 455, 1041]"
4870,"[1915, 926, 125, 1202, 410]"
4871,"[1549, 1165, 739, 124, 1570]"
4872,"[781, 1116, 829, 825, 1001]"
4873,"[1549, 1116, 1696, 60, 1697]"
4874,"[1086, 1632, 1737, 782, 781]"
4875,"[618, 290, 1116, 1924, 477]"
4876,"[438, 1636, 1081, 437, 1284]"
4877,"[1059, 803, 1116, 802, 120]"
4878,"[1116, 1549, 1924, 825, 1001]"
4879,"[794, 807, 1313, 1032, 4]"
4880,"[332, 1752, 1875, 435, 1795]"
4881,"[1161, 120, 1737, 782, 781]"
4882,"[1685, 120, 1632, 1116, 1120]"
4883,"[125, 1549, 1153, 1762, 116]"
4884,"[1705, 1704, 1632, 1685, 1826]"
4885,"[408, 259, 1549, 60, 1705]"
4886,"[1662, 16, 699, 1924, 1762]"
4887,"[1116, 1549, 125, 1001, 1191]"
4888,"[1875, 815, 1161, 447, 1273]"
4889,"[1012, 618, 1549, 1001, 866]"
4890,"[781, 1012, 1685, 1632, 120]"
4891,"[772, 1030, 1549, 692, 1762]"
4892,"[120, 1685, 1338, 1733, 1632]"
4893,"[120, 1022, 1685, 768, 1012]"
4894,"[1012, 120, 768, 1116, 1685]"
4895,"[1001, 825, 1116, 1662, 455]"
4896,"[120, 1012, 1685, 1632, 228]"
4897,"[1314, 618, 1748, 868, 1638]"
4898,"[1750, 116, 856, 368, 1659]"
4899,"[1161, 1116, 332, 1549, 739]"
4900,"[1001, 1549, 1116, 1119, 1191]"
4901,"[815, 368, 1750, 782, 856]"
4902,"[1076, 327, 1549, 396, 1733]"
4903,"[1549, 1191, 1116, 846, 1119]"
4904,"[408, 1191, 1116, 1001, 1549]"
4905,"[1116, 1127, 89, 113, 1676]"
4906,"[7, 804, 618, 669, 750]"
4907,"[1662, 815, 856, 1924, 368]"
4908,"[692, 688, 1662, 1924, 454]"
4909,"[125, 618, 1549, 868, 1748]"
4910,"[120, 1685, 455, 1632, 228]"
4911,"[1674, 290, 1561, 1119, 1558]"
4912,"[96, 98, 97, 7, 455]"
4913,"[1117, 1704, 1705, 1119, 314]"
4914,"[1549, 1191, 1116, 846, 1001]"
4915,"[1030, 89, 1915, 1157, 819]"
4916,"[1924, 455, 1705, 1704, 114]"
4917,"[1795, 1074, 1037, 1775, 1768]"
4918,"[98, 60, 1196, 1075, 1025]"
4919,"[165, 1705, 1704, 921, 164]"
4920,"[1748, 868, 1071, 1705, 1704]"
4921,"[1659, 737, 719, 1042, 1068]"
4922,"[1705, 1704, 1826, 114, 164]"
4923,"[89, 113, 920, 1675, 165]"
4924,"[164, 1825, 1023, 398, 781]"
4925,"[1704, 1705, 1807, 1257, 1752]"
4926,"[361, 98, 688, 1632, 677]"
4927,"[356, 1903, 89, 1915, 1762]"
4928,"[1704, 1705, 164, 937, 1025]"
4929,"[1034, 98, 97, 164, 937]"
4930,"[1704, 1705, 1873, 1836, 1832]"
4931,"[292, 1837, 1833, 1828, 164]"
4932,"[1705, 1704, 672, 165, 164]"
4933,"[470, 933, 164, 921, 165]"
4934,"[921, 165, 1025, 937, 159]"
4935,"[904, 1927, 371, 101, 1434]"
4936,"[1030, 165, 920, 153, 961]"
4937,"[164, 419, 1771, 162, 406]"
4938,"[455, 1704, 1705, 1676, 514]"
4939,"[1828, 1833, 1837, 1863, 1935]"
4940,"[1705, 1704, 1277, 455, 1607]"
4941,"[1752, 1651, 1773, 1664, 1909]"
4942,"[1705, 1704, 340, 1873, 1836]"
4943,"[89, 1041, 125, 101, 1534]"
4944,"[1157, 1041, 862, 470, 620]"
4945,"[1659, 1620, 164, 1771, 89]"
4946,"[1915, 933, 455, 1705, 1704]"
4947,"[1676, 1750, 455, 164, 1277]"
4948,"[113, 116, 1192, 890, 1762]"
4949,"[419, 164, 1705, 1704, 1029]"
4950,"[164, 921, 937, 1025, 159]"
4951,"[164, 921, 1025, 937, 159]"
4952,"[1076, 1704, 1705, 924, 1752]"
4953,"[243, 251, 244, 226, 246]"
4954,"[620, 470, 1034, 933, 1041]"
4955,"[1300, 1704, 1705, 1825, 1861]"
4956,"[1037, 220, 379, 1771, 628]"
4957,"[1705, 1704, 1752, 60, 1196]"
4958,"[1068, 1257, 1915, 1363, 455]"
4959,"[29, 804, 7, 801, 26]"
4960,"[125, 1126, 1690, 1077, 1124]"
4961,"[1041, 125, 1244, 423, 165]"
4962,"[125, 1690, 1244, 423, 365]"
4963,"[637, 658, 638, 663, 651]"
4964,"[677, 398, 1861, 1855, 1055]"
4965,"[1126, 1124, 1137, 642, 638]"
4966,"[1704, 1705, 125, 677, 578]"
4967,"[1137, 1135, 1855, 677, 97]"
4968,"[677, 125, 862, 423, 1244]"
4969,"[125, 1690, 1244, 423, 1126]"
4970,"[125, 1690, 1244, 423, 1677]"
4971,"[125, 1344, 1915, 1825, 1676]"
4972,"[28, 5, 23, 40, 800]"
4973,"[1690, 125, 1612, 108, 423]"
4974,"[1063, 1244, 423, 1036, 1038]"
4975,"[125, 1705, 1704, 1690, 1124]"
4976,"[423, 1244, 125, 1690, 1008]"
4977,"[1915, 376, 677, 1855, 688]"
4978,"[1244, 423, 925, 265, 1733]"
4979,"[925, 1244, 423, 1704, 1705]"
4980,"[1124, 211, 1344, 125, 322]"
4981,"[1690, 125, 902, 423, 1244]"
4982,"[125, 1244, 423, 1690, 124]"
4983,"[423, 1244, 125, 902, 1690]"
4984,"[1766, 1761, 1760, 627, 669]"
4985,"[125, 1126, 1690, 1244, 423]"
4986,"[919, 1025, 937, 159, 921]"
4987,"[1137, 1134, 1135, 1132, 1795]"
4988,"[365, 322, 994, 1344, 1169]"
4989,"[125, 423, 1244, 1690, 396]"
4990,"[1855, 677, 1244, 423, 376]"
4991,"[423, 1244, 125, 1915, 1757]"
4992,"[1244, 423, 125, 1675, 1677]"
4993,"[125, 423, 1244, 1690, 1758]"
4994,"[441, 1297, 125, 1676, 1924]"
4995,"[125, 1690, 423, 1244, 1126]"
4996,"[677, 398, 376, 379, 1023]"
4997,"[125, 1244, 423, 1795, 1690]"
4998,"[1828, 1833, 1837, 1935, 441]"
4999,"[1752, 125, 1244, 423, 98]"
5000,"[125, 677, 688, 376, 423]"
5001,"[1748, 868, 125, 365, 1014]"
5002,"[125, 1690, 423, 1244, 108]"
5003,"[1924, 478, 60, 1704, 1705]"
5004,"[1915, 1042, 1705, 1704, 116]"
5005,"[1915, 1750, 865, 863, 1747]"
5006,"[361, 1762, 1760, 1758, 818]"
5007,"[1924, 478, 1753, 1921, 1704]"
5008,"[1902, 1068, 1915, 1147, 333]"
5009,"[441, 1754, 1753, 1755, 116]"
5010,"[1066, 1030, 341, 1147, 1385]"
5011,"[116, 408, 1705, 1704, 1924]"
5012,"[1276, 677, 1863, 1935, 1837]"
5013,"[341, 292, 265, 1066, 1344]"
5014,"[696, 695, 1833, 1828, 1837]"
5015,"[165, 175, 164, 921, 1915]"
5016,"[1924, 164, 478, 921, 165]"
5017,"[1924, 478, 1753, 1705, 164]"
5018,"[275, 528, 1560, 278, 276]"
5019,"[1066, 341, 1560, 369, 1561]"
5020,"[1755, 1753, 1025, 937, 159]"
5021,"[1695, 164, 165, 1761, 528]"
5022,"[1902, 692, 455, 1705, 1704]"
5023,"[1761, 1755, 1760, 1758, 1762]"
5024,"[1073, 347, 171, 60, 920]"
5025,"[98, 478, 1705, 1704, 1924]"
5026,"[1924, 1910, 478, 1705, 1704]"
5027,"[1924, 1704, 1705, 1147, 1560]"
5028,"[1924, 1915, 314, 290, 692]"
5029,"[696, 695, 1935, 1833, 1837]"
5030,"[290, 1833, 1837, 1828, 1935]"
5031,"[98, 1753, 60, 455, 478]"
5032,"[789, 1754, 1755, 1043, 1763]"
5033,"[1761, 1758, 1705, 1733, 455]"
5034,"[1755, 1915, 921, 1885, 165]"
5035,"[1753, 1705, 1704, 1755, 1752]"
5036,"[1935, 1828, 1833, 1837, 1344]"
5037,"[1066, 1705, 1704, 333, 1921]"
5038,"[1924, 97, 96, 98, 922]"
5039,"[339, 1761, 164, 165, 921]"
5040,"[1761, 528, 1507, 538, 339]"
5041,"[1915, 1296, 1125, 1014, 164]"
5042,"[1695, 1202, 410, 1128, 339]"
5043,"[1915, 921, 165, 164, 98]"
5044,"[98, 1915, 1924, 1030, 1705]"
5045,"[98, 922, 1915, 1828, 1837]"
5046,"[1755, 124, 1915, 116, 1752]"
5047,"[1024, 997, 1705, 1704, 1447]"
5048,"[1721, 108, 1024, 629, 402]"
5049,"[1929, 1721, 372, 1636, 438]"
5050,"[900, 1024, 1618, 97, 96]"
5051,"[1125, 1098, 1115, 1705, 1704]"
5052,"[1705, 1704, 1786, 1721, 1636]"
5053,"[1721, 339, 377, 108, 692]"
5054,"[1098, 1762, 1758, 1760, 1761]"
5055,"[1190, 379, 1098, 692, 1762]"
5056,"[1024, 361, 395, 380, 108]"
5057,"[1929, 1592, 80, 1721, 1043]"
5058,"[1054, 677, 376, 322, 1147]"
5059,"[360, 1704, 1705, 395, 862]"
5060,"[1024, 1721, 1155, 108, 1125]"
5061,"[700, 1761, 1760, 1762, 1617]"
5062,"[1617, 1760, 1761, 1762, 1758]"
5063,"[1875, 441, 101, 164, 1750]"
5064,"[98, 1655, 1617, 1762, 1192]"
5065,"[1617, 1655, 292, 1125, 1120]"
5066,"[1617, 1761, 1760, 1762, 449]"
5067,"[1761, 1760, 1617, 1758, 1762]"
5068,"[1617, 1762, 1761, 1760, 1758]"
5069,"[292, 1722, 1655, 1760, 1617]"
5070,"[455, 1617, 1275, 1761, 1760]"
5071,"[441, 1637, 982, 1269, 1099]"
5072,"[1617, 98, 900, 97, 96]"
5073,"[98, 409, 1746, 819, 700]"
5074,"[292, 1722, 1761, 1760, 1617]"
5075,"[1884, 441, 60, 1112, 789]"
5076,"[1112, 441, 789, 1884, 782]"
5077,"[1761, 1760, 1762, 1758, 442]"
5078,"[1112, 441, 1884, 789, 782]"
5079,"[292, 1655, 1760, 1722, 1761]"
5080,"[1098, 1655, 698, 1269, 291]"
5081,"[135, 1761, 1760, 1762, 1758]"
5082,"[1761, 1760, 1762, 1758, 1617]"
5083,"[96, 97, 1746, 98, 409]"
5084,"[292, 1758, 1762, 1705, 1704]"
5085,"[292, 98, 1617, 96, 97]"
5086,"[98, 1617, 900, 1924, 862]"
5087,"[292, 1746, 102, 1125, 175]"
5088,"[455, 1617, 1760, 1761, 97]"
5089,"[1617, 1761, 1760, 1762, 1758]"
5090,"[98, 1924, 441, 663, 1910]"
5091,"[97, 96, 98, 1722, 1617]"
5092,"[292, 1722, 1761, 1760, 1655]"
5093,"[1112, 441, 442, 1147, 1275]"
5094,"[1617, 98, 900, 292, 1655]"
5095,"[1758, 1762, 1655, 292, 1705]"
5096,"[292, 1758, 1762, 1705, 1704]"
5097,"[441, 982, 1269, 1099, 1101]"
5098,"[1617, 1761, 1758, 1760, 1762]"
5099,"[1705, 1704, 993, 1696, 1697]"
5100,"[1617, 1760, 1761, 1762, 1758]"
5101,"[692, 1722, 705, 789, 1655]"
5102,"[1617, 862, 98, 900, 1655]"
5103,"[1617, 900, 96, 97, 926]"
5104,"[1617, 1112, 455, 1760, 1762]"
5105,"[124, 1904, 97, 213, 980]"
5106,"[1567, 124, 1064, 409, 1896]"
5107,"[455, 409, 1746, 102, 124]"
5108,"[291, 1746, 102, 113, 409]"
5109,"[1192, 1910, 126, 1523, 454]"
5110,"[1892, 1112, 97, 96, 124]"
5111,"[102, 1746, 409, 98, 96]"
5112,"[1071, 291, 159, 1025, 937]"
5113,"[126, 291, 455, 124, 113]"
5114,"[113, 98, 97, 96, 291]"
5115,"[112, 292, 819, 678, 291]"
5116,"[291, 409, 124, 113, 97]"
5117,"[1070, 1713, 866, 1068, 1065]"
5118,"[321, 1064, 291, 113, 124]"
5119,"[1704, 1705, 789, 692, 1550]"
5120,"[439, 1173, 319, 637, 1617]"
5121,"[1904, 1627, 291, 1064, 321]"
5122,"[126, 1069, 291, 1567, 409]"
5123,"[97, 96, 1892, 409, 98]"
5124,"[1746, 102, 409, 98, 96]"
5125,"[440, 921, 97, 96, 98]"
5126,"[291, 113, 124, 126, 97]"
5127,"[1071, 409, 102, 1746, 97]"
5128,"[96, 97, 113, 291, 409]"
5129,"[1904, 124, 98, 96, 97]"
5130,"[291, 819, 1713, 1893, 1160]"
5131,"[663, 1910, 98, 1924, 1523]"
5132,"[440, 1931, 126, 1273, 447]"
5133,"[454, 663, 1241, 456, 1112]"
5134,"[1924, 1761, 1760, 663, 1273]"
5135,"[1636, 442, 1112, 1924, 663]"
5136,"[1913, 1924, 1636, 442, 1242]"
5137,"[1924, 1761, 1760, 439, 1705]"
5138,"[113, 125, 409, 60, 1677]"
5139,"[455, 1713, 454, 1675, 402]"
5140,"[1157, 98, 454, 1112, 449]"
5141,"[291, 1073, 1070, 46, 681]"
5142,"[1750, 708, 1243, 108, 1704]"
5143,"[700, 1070, 291, 465, 112]"
5144,"[1129, 1550, 1056, 455, 1651]"
5145,"[171, 60, 1890, 1887, 98]"
5146,"[439, 886, 692, 1063, 1757]"
5147,"[291, 1274, 1904, 667, 1192]"
5148,"[1704, 1705, 454, 860, 997]"
5149,"[1752, 291, 409, 667, 1882]"
5150,"[165, 449, 402, 1733, 16]"
5151,"[1750, 1762, 1758, 454, 695]"
5152,"[865, 1747, 863, 899, 119]"
5153,"[1757, 1776, 1796, 1705, 1704]"
5154,"[1761, 1760, 1704, 1705, 468]"
5155,"[1705, 1704, 1760, 1761, 599]"
5156,"[1913, 1924, 1748, 868, 116]"
5157,"[1677, 1704, 1705, 1761, 708]"
5158,"[415, 7, 922, 29, 1696]"
5159,"[113, 1676, 1186, 101, 89]"
5160,"[454, 98, 455, 888, 96]"
5161,"[291, 46, 1112, 860, 871]"
5162,"[1705, 1704, 1770, 171, 119]"
5163,"[1656, 291, 1750, 667, 972]"
5164,"[454, 455, 112, 98, 1070]"
5165,"[1910, 1705, 1704, 1760, 1761]"
5166,"[216, 1614, 1915, 291, 108]"
5167,"[1070, 455, 454, 112, 314]"
5168,"[171, 1070, 113, 890, 112]"
5169,"[112, 1274, 1750, 291, 113]"
5170,"[1913, 1705, 1704, 1242, 119]"
5171,"[1636, 438, 1924, 125, 113]"
5172,"[102, 1746, 409, 97, 98]"
5173,"[291, 1656, 1738, 454, 1904]"
5174,"[1705, 1704, 73, 1701, 60]"
5175,"[1704, 1705, 455, 1712, 454]"
5176,"[291, 667, 1192, 29, 1064]"
5177,"[112, 291, 1274, 455, 113]"
5178,"[1610, 455, 116, 291, 114]"
5179,"[925, 97, 96, 98, 1306]"
5180,"[125, 1677, 454, 455, 116]"
5181,"[1796, 817, 1744, 1757, 1776]"
5182,"[1924, 1705, 1704, 1112, 1753]"
5183,"[692, 1705, 1704, 265, 1043]"
5184,"[692, 1022, 1166, 164, 1765]"
5185,"[440, 1027, 1604, 1793, 1792]"
5186,"[1504, 1761, 126, 1507, 528]"
5187,"[108, 1705, 1704, 480, 6]"
5188,"[1761, 1758, 1705, 1762, 164]"
5189,"[1761, 511, 514, 528, 1507]"
5190,"[1750, 590, 973, 972, 970]"
5191,"[1924, 1884, 478, 1705, 1704]"
5192,"[1924, 478, 1671, 409, 1308]"
5193,"[1023, 807, 116, 445, 1792]"
5194,"[1758, 1762, 921, 164, 1761]"
5195,"[1761, 511, 921, 528, 165]"
5196,"[1758, 1762, 1760, 1761, 164]"
5197,"[1434, 538, 1507, 921, 528]"
5198,"[978, 1756, 1763, 1755, 1488]"
5199,"[1507, 1758, 1761, 528, 1434]"
5200,"[1864, 1776, 1757, 1705, 1704]"
5201,"[1246, 1119, 62, 817, 1705]"
5202,"[1924, 478, 159, 937, 1025]"
5203,"[98, 409, 1795, 1746, 89]"
5204,"[1761, 124, 98, 97, 96]"
5205,"[1924, 1915, 1385, 98, 361]"
5206,"[1761, 164, 165, 339, 921]"
5207,"[126, 1310, 1504, 460, 1075]"
5208,"[1924, 1025, 937, 159, 919]"
5209,"[1761, 590, 587, 599, 597]"
5210,"[878, 1704, 1705, 321, 528]"
5211,"[463, 465, 1924, 462, 1306]"
5212,"[1758, 1762, 1760, 1761, 1705]"
5213,"[1915, 98, 1828, 1837, 1833]"
5214,"[1762, 1760, 1758, 1705, 1704]"
5215,"[1828, 1837, 1833, 1023, 1863]"
5216,"[1758, 1762, 1761, 164, 921]"
5217,"[1761, 921, 1507, 528, 538]"
5218,"[1924, 478, 1306, 1705, 1704]"
5219,"[1246, 1513, 594, 542, 1772]"
5220,"[1758, 1762, 1761, 921, 164]"
5221,"[1704, 1705, 1753, 1755, 713]"
5222,"[1705, 1704, 1924, 90, 464]"
5223,"[163, 1705, 1704, 919, 159]"
5224,"[594, 1513, 1772, 1456, 1837]"
5225,"[1705, 1704, 1504, 314, 126]"
5226,"[1063, 1134, 43, 1065, 1121]"
5227,"[1808, 695, 696, 928, 1915]"
5228,"[921, 927, 159, 937, 1025]"
5229,"[98, 96, 97, 1746, 409]"
5230,"[862, 1904, 319, 368, 1643]"
5231,"[89, 165, 29, 1675, 1907]"
5232,"[799, 319, 1087, 43, 1643]"
5233,"[165, 125, 159, 937, 1025]"
5234,"[1837, 1828, 1833, 1935, 1030]"
5235,"[1529, 97, 1519, 921, 1025]"
5236,"[163, 165, 663, 1030, 159]"
5237,"[124, 1904, 455, 1705, 1704]"
5238,"[97, 96, 98, 409, 1746]"
5239,"[1904, 175, 98, 97, 96]"
5240,"[124, 1904, 96, 98, 97]"
5241,"[1627, 89, 166, 1587, 409]"
5242,"[1905, 692, 1924, 409, 922]"
5243,"[1904, 124, 102, 1746, 409]"
5244,"[1904, 98, 96, 97, 409]"
5245,"[164, 1758, 1762, 1620, 1704]"
5246,"[1915, 1030, 890, 112, 1926]"
5247,"[1904, 102, 1746, 124, 409]"
5248,"[124, 102, 409, 1746, 1904]"
5249,"[1904, 97, 96, 98, 102]"
5250,"[1704, 1705, 113, 1676, 89]"
5251,"[819, 1125, 1774, 1761, 1655]"
5252,"[1828, 1833, 1837, 1935, 89]"
5253,"[937, 1025, 159, 919, 163]"
5254,"[1904, 97, 96, 98, 1746]"
5255,"[97, 98, 96, 1746, 102]"
5256,"[98, 97, 96, 102, 409]"
5257,"[921, 937, 159, 1025, 409]"
5258,"[89, 1904, 113, 409, 171]"
5259,"[409, 98, 96, 97, 1904]"
5260,"[1904, 102, 1746, 409, 98]"
5261,"[164, 890, 112, 921, 1025]"
5262,"[89, 1529, 1519, 171, 113]"
5263,"[1612, 1065, 98, 1244, 423]"
5264,"[1169, 1915, 303, 1704, 1705]"
5265,"[1043, 1774, 1273, 447, 1704]"
5266,"[125, 89, 171, 1534, 1548]"
5267,"[1537, 1275, 89, 449, 1519]"
5268,"[1102, 1196, 1924, 922, 1696]"
5269,"[1904, 89, 43, 922, 819]"
5270,"[878, 922, 101, 60, 1040]"
5271,"[922, 60, 175, 1935, 165]"
5272,"[1915, 1698, 455, 1733, 1704]"
5273,"[60, 1073, 97, 165, 126]"
5274,"[925, 1720, 171, 97, 96]"
5275,"[102, 1746, 97, 96, 98]"
5276,"[1201, 779, 1705, 1704, 749]"
5277,"[1185, 1917, 455, 116, 701]"
5278,"[124, 96, 98, 97, 1030]"
5279,"[677, 1837, 1833, 1828, 749]"
5280,"[1902, 925, 1776, 1757, 1027]"
5281,"[789, 97, 437, 1283, 408]"
5282,"[126, 124, 1746, 358, 1040]"
5283,"[409, 102, 97, 96, 98]"
5284,"[409, 60, 1746, 97, 98]"
5285,"[171, 1825, 1915, 1700, 402]"
5286,"[126, 1040, 171, 716, 925]"
5287,"[1902, 1746, 98, 97, 96]"
5288,"[1915, 1746, 925, 96, 97]"
5289,"[124, 1776, 1757, 1040, 1130]"
5290,"[1902, 98, 97, 96, 925]"
5291,"[1902, 1040, 1130, 922, 1776]"
5292,"[925, 1129, 1752, 749, 789]"
5293,"[1915, 1917, 1019, 1022, 1131]"
5294,"[98, 1746, 97, 96, 409]"
5295,"[60, 97, 96, 98, 409]"
5296,"[925, 97, 1700, 98, 1201]"
5297,"[925, 124, 60, 164, 171]"
5298,"[171, 1915, 124, 409, 96]"
5299,"[1776, 1757, 1130, 98, 1133]"
5300,"[1073, 171, 97, 96, 1201]"
5301,"[98, 97, 96, 1853, 409]"
5302,"[124, 1040, 409, 96, 97]"
5303,"[1746, 925, 97, 96, 98]"
5304,"[1040, 1924, 716, 1676, 125]"
5305,"[124, 922, 409, 98, 97]"
5306,"[409, 98, 97, 96, 164]"
5307,"[1041, 1197, 1752, 98, 96]"
5308,"[1700, 96, 928, 124, 1762]"
5309,"[1828, 1833, 1837, 1935, 1815]"
5310,"[1902, 1073, 60, 716, 126]"
5311,"[1900, 1034, 409, 97, 98]"
5312,"[1902, 98, 97, 96, 925]"
5313,"[97, 98, 96, 409, 171]"
5314,"[1915, 98, 938, 108, 922]"
5315,"[165, 1924, 937, 1025, 159]"
5316,"[410, 1202, 1068, 175, 166]"
5317,"[890, 112, 165, 164, 921]"
5318,"[1050, 357, 959, 1018, 1915]"
5319,"[1915, 1001, 1051, 1133, 1043]"
5320,"[164, 1066, 921, 165, 1025]"
5321,"[928, 374, 1705, 1704, 395]"
5322,"[1129, 455, 1917, 116, 1733]"
5323,"[960, 200, 1338, 1696, 442]"
5324,"[1046, 149, 966, 410, 1202]"
5325,"[1014, 1659, 440, 1041, 1924]"
5326,"[1915, 1672, 1154, 1705, 183]"
5327,"[1915, 1676, 1917, 101, 116]"
5328,"[1332, 410, 1202, 1659, 902]"
5329,"[1086, 1916, 1637, 1915, 216]"
5330,"[136, 918, 147, 151, 986]"
5331,"[1915, 1917, 216, 1750, 97]"
5332,"[1915, 125, 1363, 1705, 1704]"
5333,"[1935, 1863, 1833, 1828, 1837]"
5334,"[165, 79, 1158, 164, 1651]"
5335,"[166, 175, 1176, 165, 921]"
5336,"[1071, 938, 959, 1044, 1030]"
5337,"[959, 165, 1935, 1828, 1837]"
5338,"[1014, 324, 1091, 1637, 1157]"
5339,"[1049, 1659, 357, 1649, 179]"
5340,"[1915, 1298, 1299, 1676, 430]"
5341,"[1915, 327, 1836, 1873, 1832]"
5342,"[1915, 1048, 357, 1488, 1133]"
5343,"[1158, 1762, 1068, 1250, 166]"
5344,"[175, 98, 165, 409, 1924]"
5345,"[924, 1046, 1270, 1662, 1277]"
5346,"[171, 743, 98, 1239, 175]"
5347,"[1915, 165, 60, 164, 921]"
5348,"[1202, 918, 410, 145, 1046]"
5349,"[409, 165, 125, 171, 1025]"
5350,"[1915, 1269, 1023, 89, 398]"
5351,"[137, 270, 350, 732, 729]"
5352,"[1030, 956, 164, 938, 1039]"
5353,"[165, 921, 159, 937, 1025]"
5354,"[125, 1299, 408, 919, 1924]"
5355,"[1915, 938, 1917, 890, 112]"
5356,"[1915, 1742, 165, 1299, 1298]"
5357,"[1651, 1148, 1769, 1762, 1758]"
5358,"[440, 1930, 1274, 1894, 447]"
5359,"[1932, 190, 730, 1045, 1639]"
5360,"[108, 1758, 1696, 1705, 1704]"
5361,"[1916, 440, 1676, 1900, 455]"
5362,"[398, 390, 692, 1675, 89]"
5363,"[688, 692, 1277, 1705, 1704]"
5364,"[758, 770, 757, 627, 669]"
5365,"[1246, 1772, 1270, 261, 234]"
5366,"[1932, 349, 1274, 163, 141]"
5367,"[1900, 1917, 1924, 455, 1915]"
5368,"[1894, 108, 1557, 1760, 1761]"
5369,"[190, 1932, 730, 1639, 139]"
5370,"[368, 1607, 1157, 1613, 1896]"
5371,"[1935, 1837, 1828, 1833, 1936]"
5372,"[1066, 1030, 1560, 1753, 1133]"
5373,"[98, 165, 409, 164, 1617]"
5374,"[98, 97, 96, 108, 1721]"
5375,"[1068, 928, 89, 692, 862]"
5376,"[1924, 677, 455, 1676, 125]"
5377,"[1900, 692, 1560, 455, 1133]"
5378,"[388, 1760, 1900, 1761, 1543]"
5379,"[688, 677, 376, 1639, 306]"
5380,"[677, 376, 125, 171, 1676]"
5381,"[96, 97, 1900, 1782, 1781]"
5382,"[1098, 1655, 7, 1618, 114]"
5383,"[1157, 692, 1607, 1676, 1639]"
5384,"[98, 1639, 1750, 1903, 1659]"
5385,"[1775, 1768, 1705, 1704, 1758]"
5386,"[1491, 1704, 1705, 1760, 1758]"
5387,"[1761, 1760, 1762, 1758, 164]"
5388,"[1066, 1766, 1706, 1277, 1662]"
5389,"[1704, 1705, 1826, 657, 662]"
5390,"[1900, 1917, 1676, 101, 1543]"
5391,"[1902, 1133, 1917, 455, 1137]"
5392,"[455, 1758, 1762, 1761, 1760]"
5393,"[1837, 1833, 1828, 1041, 1935]"
5394,"[440, 1125, 451, 1721, 1762]"
5395,"[89, 1769, 1771, 1705, 1704]"
5396,"[478, 1924, 190, 1457, 1511]"
5397,"[98, 97, 96, 1733, 1792]"
5398,"[98, 97, 96, 1131, 1157]"
5399,"[107, 108, 1915, 319, 1924]"
5400,"[1101, 852, 1723, 1917, 1271]"
5401,"[1706, 1840, 1841, 1839, 1838]"
5402,"[1772, 1246, 1708, 7, 29]"
5403,"[1762, 1758, 870, 100, 1705]"
5404,"[890, 1639, 112, 1070, 165]"
5405,"[113, 1025, 159, 937, 165]"
5406,"[1764, 1752, 466, 1556, 1538]"
5407,"[89, 1924, 1705, 1704, 605]"
5408,"[89, 1915, 1526, 98, 1837]"
5409,"[89, 890, 112, 113, 1675]"
5410,"[89, 870, 1907, 409, 1905]"
5411,"[1772, 1924, 1762, 1758, 49]"
5412,"[1914, 1520, 1556, 1548, 1909]"
5413,"[1044, 1676, 890, 112, 1705]"
5414,"[1795, 1705, 1704, 1463, 1753]"
5415,"[89, 113, 890, 112, 171]"
5416,"[1764, 135, 132, 458, 1762]"
5417,"[1753, 1795, 1704, 1705, 1770]"
5418,"[1295, 1044, 1299, 1250, 1676]"
5419,"[89, 112, 890, 113, 1676]"
5420,"[98, 97, 96, 1549, 1654]"
5421,"[1705, 1704, 530, 618, 1924]"
5422,"[1537, 1535, 1903, 1044, 1533]"
5423,"[1903, 1537, 125, 1615, 89]"
5424,"[1762, 1758, 1704, 1705, 291]"
5425,"[319, 291, 1636, 113, 431]"
5426,"[1704, 1705, 406, 1786, 1790]"
5427,"[1071, 1705, 1704, 1807, 819]"
5428,"[1071, 89, 921, 165, 1043]"
5429,"[89, 1775, 1768, 1769, 1760]"
5430,"[1936, 98, 1777, 1765, 1753]"
5431,"[171, 1907, 89, 1705, 1676]"
5432,"[722, 1705, 1704, 374, 1166]"
5433,"[1586, 98, 1523, 1615, 1618]"
5434,"[89, 1935, 1833, 1837, 1828]"
5435,"[163, 141, 918, 940, 203]"
5436,"[407, 406, 164, 165, 89]"
5437,"[1705, 1277, 1344, 1753, 1043]"
5438,"[455, 1733, 1924, 89, 782]"
5439,"[1775, 1768, 1769, 1760, 1112]"
5440,"[1833, 1828, 1837, 1936, 1935]"
5441,"[98, 922, 1166, 1027, 1759]"
5442,"[693, 686, 690, 676, 622]"
5443,"[1131, 1893, 291, 1713, 338]"
5444,"[1915, 1134, 455, 321, 324]"
5445,"[1185, 174, 925, 919, 934]"
5446,"[1071, 1705, 1704, 126, 669]"
5447,"[1760, 1775, 1032, 1516, 1071]"
5448,"[1034, 1704, 1700, 352, 1019]"
5449,"[321, 382, 925, 922, 923]"
5450,"[1769, 1775, 1768, 98, 97]"
5451,"[620, 470, 670, 60, 165]"
5452,"[1548, 1924, 1549, 1704, 1705]"
5453,"[819, 1705, 1704, 1893, 1548]"
5454,"[98, 1617, 1618, 1890, 1557]"
5455,"[1762, 97, 98, 96, 1244]"
5456,"[1299, 1893, 696, 406, 98]"
5457,"[1671, 1907, 1745, 1616, 866]"
5458,"[1071, 1066, 89, 1617, 1603]"
5459,"[1713, 338, 1071, 98, 97]"
5460,"[406, 407, 927, 1837, 1833]"
5461,"[1775, 1721, 1769, 108, 98]"
5462,"[1032, 921, 126, 1066, 1705]"
5463,"[937, 159, 1025, 921, 164]"
5464,"[1742, 722, 1544, 692, 163]"
5465,"[1769, 1768, 1775, 1924, 478]"
5466,"[1586, 98, 1523, 1615, 1618]"
5467,"[164, 1025, 937, 159, 921]"
5468,"[713, 435, 1788, 1786, 1787]"
5469,"[116, 451, 89, 1676, 455]"
5470,"[98, 1705, 1704, 1675, 596]"
5471,"[97, 96, 98, 1705, 1704]"
5472,"[698, 1896, 890, 112, 368]"
5473,"[1746, 409, 1705, 1704, 96]"
5474,"[455, 108, 1915, 1037, 1275]"
5475,"[97, 96, 98, 409, 1705]"
5476,"[1067, 1070, 1775, 1769, 698]"
5477,"[1147, 1032, 116, 1769, 1768]"
5478,"[97, 96, 98, 409, 124]"
5479,"[409, 97, 96, 98, 1746]"
5480,"[124, 1907, 1705, 1704, 1761]"
5481,"[455, 1899, 1922, 1897, 1926]"
5482,"[1705, 1704, 1915, 1761, 1762]"
5483,"[1768, 1775, 1769, 1760, 1761]"
5484,"[1064, 124, 1704, 1705, 1191]"
5485,"[1705, 1704, 96, 98, 97]"
5486,"[124, 1191, 98, 97, 96]"
5487,"[124, 1746, 409, 102, 97]"
5488,"[124, 166, 102, 1746, 409]"
5489,"[106, 379, 1904, 1704, 1705]"
5490,"[97, 98, 96, 1705, 1704]"
5491,"[922, 692, 89, 1523, 693]"
5492,"[98, 409, 124, 1746, 102]"
5493,"[1070, 116, 97, 96, 98]"
5494,"[97, 96, 124, 1907, 102]"
5495,"[1070, 922, 113, 116, 89]"
5496,"[98, 97, 96, 409, 1705]"
5497,"[819, 1904, 1705, 1704, 124]"
5498,"[409, 98, 96, 97, 1746]"
5499,"[1795, 1726, 692, 455, 693]"
5500,"[97, 409, 1704, 1705, 113]"
5501,"[96, 97, 98, 124, 1705]"
5502,"[116, 1705, 1704, 455, 1191]"
5503,"[289, 1531, 1795, 1705, 1704]"
5504,"[98, 409, 1032, 1705, 1704]"
5505,"[1704, 1705, 1758, 1762, 379]"
5506,"[1705, 1704, 96, 98, 409]"
5507,"[98, 97, 96, 409, 1746]"
5508,"[1032, 390, 96, 97, 1631]"
5509,"[1774, 291, 1151, 1271, 441]"
5510,"[1705, 1704, 1758, 1762, 1760]"
5511,"[96, 97, 98, 409, 102]"
5512,"[291, 1904, 2, 3, 1246]"
5513,"[1704, 1705, 97, 922, 102]"
5514,"[352, 1713, 925, 1037, 1344]"
5515,"[688, 677, 376, 1022, 377]"
5516,"[1299, 1853, 98, 97, 96]"
5517,"[1022, 1131, 1272, 1269, 1019]"
5518,"[393, 618, 1040, 7, 332]"
5519,"[1299, 98, 97, 96, 1853]"
5520,"[1019, 1022, 1131, 1166, 477]"
5521,"[1022, 1019, 1155, 360, 1064]"
5522,"[1042, 1025, 937, 159, 164]"
5523,"[1022, 1131, 1272, 1019, 1075]"
5524,"[1837, 1833, 1828, 1935, 1915]"
5525,"[1704, 1019, 164, 1700, 1029]"
5526,"[1769, 1758, 1768, 1775, 1762]"
5527,"[692, 1299, 97, 96, 410]"
5528,"[171, 98, 97, 96, 1704]"
5529,"[1157, 1192, 98, 97, 96]"
5530,"[265, 1790, 1789, 1791, 1023]"
5531,"[440, 1750, 441, 1833, 1837]"
5532,"[1168, 1177, 377, 1183, 376]"
5533,"[1155, 1121, 1915, 732, 736]"
5534,"[1025, 937, 159, 933, 165]"
5535,"[1837, 1833, 1828, 1935, 1821]"
5536,"[1705, 1704, 384, 1261, 1259]"
5537,"[306, 96, 98, 97, 212]"
5538,"[1166, 1704, 1086, 1131, 925]"
5539,"[692, 98, 96, 97, 1073]"
5540,"[1073, 97, 98, 96, 1077]"
5541,"[1022, 347, 360, 1167, 1269]"
5542,"[98, 97, 1019, 1131, 1083]"
5543,"[1042, 98, 455, 1764, 123]"
5544,"[1173, 656, 440, 443, 1022]"
5545,"[1704, 1705, 1166, 1053, 60]"
5546,"[1047, 1022, 222, 1131, 1704]"
5547,"[1771, 1540, 326, 1142, 1077]"
5548,"[1022, 1700, 1166, 477, 368]"
5549,"[1041, 728, 1149, 1705, 1704]"
5550,"[1915, 688, 677, 376, 377]"
5551,"[1915, 655, 1651, 1148, 924]"
5552,"[1653, 1828, 1838, 1840, 1850]"
5553,"[1915, 688, 789, 98, 376]"
5554,"[377, 1828, 1833, 1837, 1027]"
5555,"[125, 1001, 603, 607, 108]"
5556,"[1915, 1861, 1148, 1041, 1762]"
5557,"[207, 1269, 396, 1177, 320]"
5558,"[1907, 89, 1897, 1922, 113]"
5559,"[441, 89, 1630, 98, 97]"
5560,"[1907, 1704, 1705, 1316, 1890]"
5561,"[1922, 1897, 98, 1907, 1758]"
5562,"[89, 1025, 937, 159, 921]"
5563,"[89, 165, 921, 1025, 937]"
5564,"[1775, 1768, 1705, 1704, 1761]"
5565,"[1246, 125, 1275, 713, 1192]"
5566,"[1907, 89, 1762, 1758, 175]"
5567,"[1064, 97, 96, 1025, 937]"
5568,"[1915, 396, 1899, 89, 890]"
5569,"[1627, 409, 113, 922, 890]"
5570,"[1927, 1039, 1244, 423, 922]"
5571,"[1907, 89, 1526, 409, 1899]"
5572,"[927, 430, 409, 333, 928]"
5573,"[89, 159, 937, 1025, 165]"
5574,"[1316, 1704, 1705, 1618, 1909]"
5575,"[409, 1907, 98, 89, 113]"
5576,"[89, 866, 1922, 1897, 1071]"
5577,"[927, 430, 1674, 1704, 1705]"
5578,"[113, 1655, 291, 1025, 937]"
5579,"[594, 629, 1772, 1700, 402]"
5580,"[1588, 1906, 478, 1907, 1884]"
5581,"[1907, 89, 98, 165, 455]"
5582,"[1915, 1907, 89, 98, 455]"
5583,"[1704, 1705, 409, 98, 96]"
5584,"[1157, 921, 1608, 165, 1025]"
5585,"[89, 1922, 1897, 1915, 113]"
5586,"[921, 1025, 937, 159, 165]"
5587,"[1772, 409, 98, 1762, 1758]"
5588,"[89, 1922, 1897, 1050, 166]"
5589,"[89, 165, 1025, 937, 159]"
5590,"[1587, 1050, 89, 166, 928]"
5591,"[921, 937, 1025, 927, 409]"
5592,"[928, 1754, 185, 183, 188]"
5593,"[1922, 1897, 89, 166, 165]"
5594,"[1014, 1915, 89, 331, 60]"
5595,"[1704, 1705, 1917, 890, 112]"
5596,"[1907, 1705, 1704, 1612, 98]"
5597,"[89, 164, 1025, 937, 159]"
5598,"[670, 470, 620, 1907, 113]"
5599,"[1907, 89, 922, 113, 409]"
5600,"[89, 1907, 1922, 1897, 1924]"
5601,"[1704, 1705, 530, 618, 1762]"
5602,"[1639, 1705, 1704, 1907, 165]"
5603,"[1713, 1070, 1705, 1704, 16]"
5604,"[1704, 1705, 1071, 1070, 335]"
5605,"[1705, 1704, 1906, 1147, 1904]"
5606,"[1915, 1705, 1704, 677, 1752]"
5607,"[89, 1910, 1704, 1705, 1070]"
5608,"[1071, 421, 329, 1014, 410]"
5609,"[165, 164, 789, 124, 60]"
5610,"[435, 89, 1627, 1905, 1527]"
5611,"[1704, 1705, 1713, 1070, 335]"
5612,"[1705, 1704, 335, 1924, 1064]"
5613,"[291, 1070, 1705, 1704, 465]"
5614,"[165, 164, 1713, 440, 97]"
5615,"[1704, 1705, 1070, 291, 688]"
5616,"[1070, 291, 289, 1704, 1705]"
5617,"[409, 1750, 1704, 1705, 1058]"
5618,"[1191, 1732, 846, 1202, 410]"
5619,"[1147, 1705, 1704, 1696, 449]"
5620,"[1147, 1704, 1705, 1067, 1070]"
5621,"[1704, 1705, 1131, 60, 116]"
5622,"[1704, 1705, 1773, 1760, 165]"
5623,"[98, 692, 89, 1275, 1705]"
5624,"[1905, 1627, 1713, 1070, 1071]"
5625,"[1147, 1166, 1143, 1704, 1705]"
5626,"[1704, 1705, 1070, 714, 289]"
5627,"[1147, 439, 447, 1273, 361]"
5628,"[333, 862, 289, 1705, 1147]"
5629,"[1067, 1020, 1915, 618, 1704]"
5630,"[348, 1170, 1705, 341, 1704]"
5631,"[291, 1705, 1704, 289, 1070]"
5632,"[1705, 1704, 1752, 335, 216]"
5633,"[165, 164, 335, 89, 692]"
5634,"[1704, 1705, 1070, 714, 289]"
5635,"[1704, 1705, 677, 1909, 1607]"
5636,"[165, 164, 866, 1924, 409]"
5637,"[291, 1704, 1705, 289, 819]"
5638,"[165, 164, 98, 1705, 1704]"
5639,"[1086, 1705, 1704, 333, 1529]"
5640,"[692, 921, 1915, 938, 455]"
5641,"[1272, 672, 1251, 1704, 1705]"
5642,"[1705, 1704, 1713, 1070, 1275]"
5643,"[1705, 1704, 1147, 1274, 860]"
5644,"[1588, 89, 1906, 291, 1910]"
5645,"[97, 171, 1120, 1869, 1201]"
5646,"[89, 1907, 98, 1239, 113]"
5647,"[165, 89, 1025, 937, 159]"
5648,"[89, 1748, 868, 1704, 1705]"
5649,"[89, 1907, 1627, 1905, 409]"
5650,"[447, 1273, 1921, 1879, 440]"
5651,"[89, 1526, 113, 1907, 1068]"
5652,"[113, 1907, 866, 1899, 900]"
5653,"[460, 1310, 1612, 677, 762]"
5654,"[165, 166, 1935, 290, 927]"
5655,"[1907, 190, 89, 1762, 1758]"
5656,"[165, 1299, 1676, 1298, 1256]"
5657,"[1526, 1922, 1897, 1905, 98]"
5658,"[1705, 1704, 1907, 1916, 672]"
5659,"[1704, 1705, 1758, 1762, 530]"
5660,"[1907, 89, 190, 1762, 1758]"
5661,"[207, 995, 440, 978, 976]"
5662,"[1705, 1704, 530, 896, 1263]"
5663,"[166, 113, 1907, 175, 1899]"
5664,"[921, 440, 1907, 98, 1758]"
5665,"[1907, 89, 1052, 166, 927]"
5666,"[1915, 328, 1133, 1833, 1837]"
5667,"[1704, 1705, 1026, 1761, 1760]"
5668,"[1922, 1897, 1899, 89, 1526]"
5669,"[362, 361, 1653, 314, 382]"
5670,"[398, 1023, 89, 1863, 305]"
5671,"[1907, 866, 1789, 1791, 1790]"
5672,"[113, 409, 1915, 670, 89]"
5673,"[98, 1129, 1244, 423, 125]"
5674,"[1922, 1897, 113, 89, 1587]"
5675,"[1659, 1853, 442, 903, 441]"
5676,"[1116, 1899, 89, 1762, 1758]"
5677,"[388, 1133, 1690, 408, 365]"
5678,"[319, 329, 1133, 317, 1054]"
5679,"[102, 1670, 97, 96, 1746]"
5680,"[1548, 1544, 1522, 1742, 1525]"
5681,"[1118, 1927, 1051, 1065, 1201]"
5682,"[60, 98, 1700, 96, 97]"
5683,"[96, 1118, 1298, 1832, 1259]"
5684,"[171, 73, 346, 1615, 1011]"
5685,"[862, 1786, 1788, 1787, 1700]"
5686,"[73, 98, 793, 96, 97]"
5687,"[4, 802, 73, 803, 3]"
5688,"[118, 1746, 749, 1706, 1810]"
5689,"[171, 1144, 338, 709, 715]"
5690,"[171, 366, 322, 361, 400]"
5691,"[171, 904, 1670, 749, 73]"
5692,"[866, 1073, 1119, 171, 290]"
5693,"[1770, 4, 73, 803, 802]"
5694,"[1700, 1746, 420, 98, 60]"
5695,"[97, 96, 175, 163, 1746]"
5696,"[1246, 1772, 5, 594, 1513]"
5697,"[409, 60, 98, 793, 97]"
5698,"[1522, 1518, 1516, 1548, 1553]"
5699,"[1176, 1705, 1704, 1937, 295]"
5700,"[73, 1742, 171, 862, 1564]"
5701,"[1701, 904, 749, 1670, 1320]"
5702,"[73, 52, 4, 1320, 6]"
5703,"[1549, 1054, 1133, 329, 319]"
5704,"[793, 1670, 749, 102, 96]"
5705,"[73, 4, 7, 1770, 1708]"
5706,"[358, 1796, 775, 1148, 1769]"
5707,"[1670, 1837, 1833, 1828, 1863]"
5708,"[96, 1700, 1701, 1904, 1232]"
5709,"[1073, 96, 60, 1118, 126]"
5710,"[376, 377, 688, 677, 171]"
5711,"[862, 1786, 1788, 1787, 1603]"
5712,"[216, 1915, 108, 1246, 903]"
5713,"[1700, 420, 60, 96, 1036]"
5714,"[1118, 1065, 126, 904, 60]"
5715,"[848, 89, 851, 60, 272]"
5716,"[46, 1134, 1118, 779, 745]"
5717,"[4, 912, 7, 1246, 1772]"
5718,"[4, 275, 912, 7, 1320]"
5719,"[60, 1520, 1742, 1553, 1534]"
5720,"[1887, 1886, 1201, 1116, 1885]"
5721,"[1742, 1525, 1564, 1489, 1554]"
5722,"[96, 98, 97, 421, 327]"
5723,"[1713, 1041, 89, 1070, 402]"
5724,"[1121, 695, 696, 98, 97]"
5725,"[96, 878, 98, 675, 1653]"
5726,"[1040, 89, 165, 159, 937]"
5727,"[290, 164, 1538, 1556, 98]"
5728,"[159, 937, 1025, 921, 165]"
5729,"[1043, 364, 1026, 1040, 165]"
5730,"[164, 165, 921, 1909, 410]"
5731,"[175, 1041, 1030, 1025, 937]"
5732,"[921, 922, 1025, 937, 159]"
5733,"[1672, 1030, 1028, 1044, 1036]"
5734,"[1026, 1025, 159, 937, 165]"
5735,"[89, 1030, 175, 165, 922]"
5736,"[1041, 925, 165, 1040, 159]"
5737,"[1166, 1704, 1604, 1647, 441]"
5738,"[98, 97, 96, 425, 1034]"
5739,"[98, 954, 1028, 97, 96]"
5740,"[1034, 165, 1026, 1040, 1029]"
5741,"[890, 112, 98, 96, 97]"
5742,"[1077, 98, 97, 96, 1637]"
5743,"[1025, 925, 921, 1034, 169]"
5744,"[1586, 1041, 727, 89, 1538]"
5745,"[250, 1776, 1757, 1130, 66]"
5746,"[1025, 1672, 937, 159, 1036]"
5747,"[620, 470, 985, 984, 981]"
5748,"[1029, 1026, 1025, 937, 159]"
5749,"[165, 1025, 937, 159, 1029]"
5750,"[98, 97, 96, 334, 1549]"
5751,"[1369, 1025, 937, 159, 1343]"
5752,"[323, 220, 212, 138, 954]"
5753,"[1040, 1041, 670, 925, 1026]"
5754,"[1745, 1671, 1616, 1070, 1907]"
5755,"[319, 922, 164, 125, 165]"
5756,"[1193, 1909, 1026, 165, 410]"
5757,"[695, 1121, 98, 97, 96]"
5758,"[695, 289, 331, 1070, 163]"
5759,"[1030, 1149, 1649, 728, 1029]"
5760,"[162, 919, 1651, 956, 938]"
5761,"[692, 361, 1029, 789, 408]"
5762,"[738, 1651, 1077, 1757, 1776]"
5763,"[1833, 1828, 1837, 358, 437]"
5764,"[1046, 738, 1704, 1705, 1026]"
5765,"[1030, 1042, 1649, 164, 167]"
5766,"[1833, 1828, 1837, 1659, 1253]"
5767,"[1915, 677, 1026, 1776, 1757]"
5768,"[258, 1705, 1704, 1822, 1014]"
5769,"[935, 703, 938, 1704, 1705]"
5770,"[89, 1043, 164, 409, 165]"
5771,"[1029, 1079, 1026, 380, 352]"
5772,"[1909, 1193, 165, 1651, 921]"
5773,"[1651, 1828, 1837, 1833, 371]"
5774,"[738, 306, 1141, 1014, 1028]"
5775,"[378, 204, 1731, 975, 209]"
5776,"[1030, 1651, 1202, 410, 1131]"
5777,"[350, 1651, 1250, 223, 1757]"
5778,"[1030, 327, 1029, 1042, 1915]"
5779,"[1915, 1077, 1026, 1935, 1705]"
5780,"[1030, 1649, 1046, 1054, 1666]"
5781,"[738, 1649, 1042, 1054, 1906]"
5782,"[1026, 1590, 258, 1030, 286]"
5783,"[1106, 1196, 1271, 1102, 309]"
5784,"[408, 728, 1046, 317, 1027]"
5785,"[286, 1029, 1344, 1651, 1014]"
5786,"[343, 812, 788, 1655, 1116]"
5787,"[1052, 1049, 1055, 728, 352]"
5788,"[1054, 1042, 1077, 306, 1649]"
5789,"[677, 1833, 1828, 1837, 290]"
5790,"[1526, 1043, 1529, 1519, 89]"
5791,"[1026, 1018, 1651, 1046, 1079]"
5792,"[197, 1018, 1038, 1170, 1918]"
5793,"[1017, 1202, 410, 1677, 1673]"
5794,"[197, 921, 1836, 937, 1025]"
5795,"[361, 1073, 1176, 395, 1155]"
5796,"[1042, 1044, 1676, 1202, 410]"
5797,"[165, 164, 1258, 1253, 1261]"
5798,"[1915, 1066, 1902, 1202, 410]"
5799,"[1030, 1915, 1495, 165, 60]"
5800,"[347, 332, 221, 1077, 1051]"
5801,"[327, 1148, 1082, 1154, 1790]"
5802,"[1038, 197, 359, 1933, 1054]"
5803,"[303, 1912, 51, 1038, 847]"
5804,"[1193, 1029, 125, 1909, 1026]"
5805,"[1639, 98, 1244, 423, 125]"
5806,"[620, 470, 60, 1073, 1915]"
5807,"[1046, 1054, 392, 1148, 618]"
5808,"[1639, 98, 408, 125, 922]"
5809,"[1202, 167, 164, 175, 931]"
5810,"[1030, 1041, 1271, 1928, 1906]"
5811,"[1915, 175, 163, 165, 164]"
5812,"[1196, 1043, 920, 138, 165]"
5813,"[1014, 258, 1592, 1590, 255]"
5814,"[197, 211, 1207, 728, 1170]"
5815,"[1055, 1837, 1833, 1828, 290]"
5816,"[738, 1649, 1666, 731, 165]"
5817,"[1060, 1202, 212, 1037, 410]"
5818,"[1055, 1008, 1052, 1014, 980]"
5819,"[1915, 1066, 368, 1202, 410]"
5820,"[954, 670, 920, 89, 455]"
5821,"[620, 470, 60, 165, 1026]"
5822,"[273, 278, 1016, 276, 272]"
5823,"[408, 219, 1915, 1014, 1659]"
5824,"[605, 620, 470, 670, 925]"
5825,"[1029, 1202, 410, 1030, 1060]"
5826,"[1590, 1014, 1592, 258, 1666]"
5827,"[620, 470, 670, 1030, 1054]"
5828,"[1659, 125, 175, 1630, 89]"
5829,"[1024, 1704, 1705, 481, 1721]"
5830,"[1064, 620, 470, 165, 321]"
5831,"[1154, 197, 1038, 1018, 1705]"
5832,"[197, 211, 1207, 1018, 1154]"
5833,"[1038, 165, 1170, 937, 1025]"
5834,"[1704, 1705, 1055, 1592, 1014]"
5835,"[1133, 1135, 1136, 1064, 108]"
5836,"[398, 1077, 89, 1283, 1284]"
5837,"[327, 1054, 164, 125, 956]"
5838,"[921, 165, 1025, 937, 159]"
5839,"[165, 164, 921, 159, 937]"
5840,"[1704, 1030, 1832, 1705, 1822]"
5841,"[98, 1526, 1899, 409, 97]"
5842,"[1059, 219, 1853, 928, 618]"
5843,"[1344, 419, 1032, 1906, 1249]"
5844,"[333, 1025, 937, 159, 921]"
5845,"[165, 921, 164, 159, 937]"
5846,"[1066, 1936, 1277, 1705, 1704]"
5847,"[1906, 1704, 1705, 1873, 1836]"
5848,"[1042, 1666, 175, 1705, 1704]"
5849,"[1906, 1043, 1526, 1705, 1704]"
5850,"[1344, 1836, 1792, 1790, 1791]"
5851,"[964, 98, 1249, 1705, 1704]"
5852,"[1916, 1915, 1906, 1588, 1086]"
5853,"[455, 1086, 98, 97, 96]"
5854,"[1704, 1705, 1825, 1637, 1915]"
5855,"[1915, 1906, 89, 164, 165]"
5856,"[1915, 1936, 789, 1752, 165]"
5857,"[1014, 1008, 1936, 1277, 1295]"
5858,"[1916, 1676, 1906, 1928, 1603]"
5859,"[1917, 116, 408, 455, 1077]"
5860,"[1705, 1704, 1909, 1618, 1916]"
5861,"[395, 1915, 1863, 1001, 1704]"
5862,"[1705, 1704, 1936, 171, 60]"
5863,"[1936, 1277, 1295, 1196, 1086]"
5864,"[1915, 1775, 1768, 98, 97]"
5865,"[1202, 410, 171, 1705, 1704]"
5866,"[1086, 1148, 388, 1178, 1928]"
5867,"[1916, 435, 1030, 1704, 1705]"
5868,"[1249, 1936, 1676, 1705, 1704]"
5869,"[1936, 1158, 1752, 1295, 1277]"
5870,"[1916, 1906, 1588, 1030, 1529]"
5871,"[1637, 1277, 1299, 1906, 1916]"
5872,"[921, 1025, 937, 159, 1636]"
5873,"[677, 1035, 928, 361, 376]"
5874,"[1029, 1753, 1789, 1790, 1791]"
5875,"[1753, 937, 159, 1025, 921]"
5876,"[1906, 1528, 1705, 1704, 1935]"
5877,"[1277, 1906, 1086, 1637, 1609]"
5878,"[1086, 410, 1202, 1025, 937]"
5879,"[670, 1277, 1936, 620, 470]"
5880,"[164, 441, 165, 423, 1244]"
5881,"[928, 164, 972, 257, 924]"
5882,"[1114, 1063, 97, 96, 1762]"
5883,"[732, 729, 150, 441, 198]"
5884,"[396, 166, 922, 925, 165]"
5885,"[159, 1025, 937, 921, 164]"
5886,"[1041, 164, 1034, 1025, 937]"
5887,"[959, 1733, 1792, 1793, 1050]"
5888,"[1157, 736, 1132, 727, 726]"
5889,"[1042, 175, 1043, 1924, 1716]"
5890,"[862, 164, 921, 159, 1025]"
5891,"[1761, 1760, 924, 206, 1588]"
5892,"[862, 1786, 1787, 1788, 1792]"
5893,"[1050, 1049, 1030, 1185, 136]"
5894,"[1046, 1050, 1035, 966, 149]"
5895,"[618, 1793, 164, 1792, 412]"
5896,"[97, 96, 1676, 1675, 159]"
5897,"[1704, 1705, 1754, 1649, 1087]"
5898,"[1050, 1033, 164, 409, 320]"
5899,"[89, 1675, 164, 165, 421]"
5900,"[921, 159, 937, 1025, 927]"
5901,"[1035, 1050, 938, 408, 1793]"
5902,"[1587, 922, 1244, 423, 159]"
5903,"[653, 366, 651, 440, 1400]"
5904,"[924, 938, 175, 1760, 1761]"
5905,"[1018, 1649, 406, 164, 407]"
5906,"[964, 190, 152, 924, 913]"
5907,"[924, 928, 408, 1030, 1035]"
5908,"[164, 408, 320, 1733, 1762]"
5909,"[1917, 200, 408, 441, 440]"
5910,"[922, 165, 164, 1705, 166]"
5911,"[927, 1363, 1413, 1044, 938]"
5912,"[924, 1699, 351, 928, 1675]"
5913,"[730, 732, 729, 736, 1705]"
5914,"[1244, 423, 1907, 164, 409]"
5915,"[175, 165, 886, 921, 164]"
5916,"[1704, 1705, 175, 164, 921]"
5917,"[1316, 988, 1704, 1705, 257]"
5918,"[175, 937, 1025, 159, 985]"
5919,"[924, 921, 1033, 165, 1025]"
5920,"[1915, 165, 175, 922, 1025]"
5921,"[145, 985, 984, 983, 982]"
5922,"[1018, 709, 1050, 702, 737]"
5923,"[1016, 273, 275, 1704, 1705]"
5924,"[1885, 1133, 1617, 1030, 98]"
5925,"[1902, 344, 1042, 921, 1915]"
5926,"[1926, 1042, 289, 1143, 1617]"
5927,"[1915, 116, 408, 455, 164]"
5928,"[1907, 1045, 125, 603, 618]"
5929,"[1704, 1705, 1753, 34, 1756]"
5930,"[1915, 362, 357, 1773, 1752]"
5931,"[1042, 1149, 1128, 921, 1045]"
5932,"[1041, 1915, 1042, 1916, 1334]"
5933,"[1915, 165, 1042, 309, 927]"
5934,"[1030, 1915, 125, 1025, 937]"
5935,"[921, 937, 1025, 159, 1026]"
5936,"[999, 370, 1032, 903, 1753]"
5937,"[1742, 1917, 175, 1561, 1543]"
5938,"[1025, 937, 159, 921, 165]"
5939,"[921, 1916, 1042, 1038, 165]"
5940,"[835, 1704, 1705, 1022, 1930]"
5941,"[1027, 978, 165, 1043, 1030]"
5942,"[1705, 1704, 1030, 1932, 1915]"
5943,"[1915, 1147, 1916, 1030, 1027]"
5944,"[1915, 1030, 1917, 1916, 1042]"
5945,"[1042, 921, 164, 165, 1704]"
5946,"[1133, 1027, 1042, 1916, 1909]"
5947,"[1915, 116, 618, 971, 976]"
5948,"[1030, 862, 141, 1912, 1047]"
5949,"[937, 1025, 159, 921, 165]"
5950,"[125, 1202, 410, 60, 688]"
5951,"[1042, 1045, 921, 1025, 937]"
5952,"[125, 603, 164, 98, 618]"
5953,"[1054, 1917, 1030, 1915, 1014]"
5954,"[1902, 1917, 1042, 1552, 1017]"
5955,"[1592, 1935, 1915, 1828, 1833]"
5956,"[1042, 116, 1915, 1917, 1902]"
5957,"[1029, 1133, 620, 470, 175]"
5958,"[1916, 1560, 1027, 1915, 1030]"
5959,"[1042, 1017, 1902, 1917, 320]"
5960,"[419, 1026, 938, 164, 163]"
5961,"[333, 1603, 1154, 1073, 925]"
5962,"[1027, 98, 1560, 1836, 1873]"
5963,"[1822, 1833, 1837, 1828, 1705]"
5964,"[1915, 1030, 265, 395, 1108]"
5965,"[620, 470, 670, 1637, 1133]"
5966,"[1915, 1133, 441, 306, 1157]"
5967,"[1916, 1030, 1902, 1928, 1915]"
5968,"[1014, 886, 1071, 1008, 1049]"
5969,"[137, 1049, 1149, 380, 1014]"
5970,"[1299, 1828, 1837, 1833, 1651]"
5971,"[1488, 1048, 259, 915, 271]"
5972,"[98, 97, 96, 455, 1750]"
5973,"[787, 788, 1462, 550, 523]"
5974,"[1043, 1705, 1704, 796, 1511]"
5975,"[1043, 1051, 1014, 903, 673]"
5976,"[1157, 1608, 1607, 1014, 1042]"
5977,"[1157, 1188, 1750, 97, 455]"
5978,"[1014, 1704, 1705, 543, 440]"
5979,"[1014, 1043, 1592, 985, 984]"
5980,"[1157, 1014, 1042, 921, 1639]"
5981,"[427, 1704, 1705, 440, 543]"
5982,"[1014, 1157, 1043, 1915, 1299]"
5983,"[1072, 1042, 1650, 734, 727]"
5984,"[1014, 1149, 1299, 1042, 108]"
5985,"[1014, 1704, 1705, 912, 1650]"
5986,"[1043, 1051, 1014, 823, 1149]"
5987,"[261, 1014, 235, 233, 239]"
5988,"[1014, 1149, 440, 1733, 1270]"
5989,"[1050, 875, 1014, 1795, 1157]"
5990,"[440, 1014, 1649, 1149, 1040]"
5991,"[470, 620, 347, 1158, 1649]"
5992,"[1042, 1014, 1157, 97, 96]"
5993,"[1915, 97, 96, 108, 98]"
5994,"[1411, 1705, 1704, 98, 1757]"
5995,"[692, 1043, 1014, 1721, 543]"
5996,"[1014, 222, 1805, 1778, 912]"
5997,"[1042, 1014, 1705, 1704, 1909]"
5998,"[377, 1490, 1474, 1723, 376]"
5999,"[1166, 1165, 643, 1674, 1163]"
6000,"[1014, 1705, 1704, 1049, 1038]"
6001,"[1915, 1014, 1924, 1042, 1592]"
6002,"[1014, 1723, 440, 1149, 480]"
6003,"[1608, 1157, 1517, 1607, 1277]"
6004,"[1014, 164, 1026, 1042, 1033]"
6005,"[543, 1149, 98, 1929, 789]"
6006,"[1154, 1592, 1038, 1061, 1933]"
6007,"[223, 1014, 478, 688, 1406]"
6008,"[692, 97, 96, 98, 1043]"
6009,"[1042, 1014, 1705, 1704, 885]"
6010,"[1042, 1014, 97, 96, 1613]"
6011,"[1014, 1073, 692, 455, 1676]"
6012,"[1027, 1053, 1632, 271, 1205]"
6013,"[261, 164, 1055, 245, 1632]"
6014,"[175, 886, 165, 1157, 1042]"
6015,"[1750, 60, 125, 408, 1793]"
6016,"[1055, 1052, 259, 980, 997]"
6017,"[731, 1055, 259, 886, 1151]"
6018,"[862, 999, 368, 886, 1055]"
6019,"[1853, 1843, 1842, 1850, 1840]"
6020,"[222, 150, 1299, 1055, 1047]"
6021,"[933, 1809, 985, 984, 980]"
6022,"[1750, 60, 1704, 1705, 530]"
6023,"[1053, 1632, 956, 165, 995]"
6024,"[933, 1027, 1809, 1837, 1833]"
6025,"[154, 270, 273, 1049, 1737]"
6026,"[222, 1055, 261, 245, 240]"
6027,"[982, 213, 1049, 1153, 259]"
6028,"[1927, 282, 812, 66, 1299]"
6029,"[1042, 175, 165, 1915, 164]"
6030,"[1037, 996, 1055, 1874, 1677]"
6031,"[1052, 255, 1055, 985, 984]"
6032,"[933, 1027, 1909, 1193, 1704]"
6033,"[1153, 259, 1035, 1049, 720]"
6034,"[933, 1705, 1704, 1909, 1495]"
6035,"[1055, 1139, 1052, 259, 222]"
6036,"[1047, 222, 1076, 1421, 1704]"
6037,"[1029, 97, 1055, 165, 1704]"
6038,"[996, 1002, 232, 236, 1003]"
6039,"[866, 1042, 165, 937, 1025]"
6040,"[1205, 271, 1549, 1055, 1742]"
6041,"[259, 150, 985, 984, 983]"
6042,"[956, 1055, 1320, 97, 96]"
6043,"[1837, 1833, 1828, 1706, 1810]"
6044,"[1814, 1815, 1706, 1810, 1818]"
6045,"[916, 200, 918, 408, 1917]"
6046,"[261, 1632, 1617, 164, 267]"
6047,"[1632, 271, 1205, 1810, 985]"
6048,"[933, 1809, 985, 984, 981]"
6049,"[1065, 982, 997, 985, 984]"
6050,"[1055, 259, 982, 1202, 410]"
6051,"[259, 224, 408, 1153, 1317]"
6052,"[351, 1053, 116, 210, 995]"
6053,"[1300, 452, 455, 403, 1917]"
6054,"[677, 376, 175, 886, 1042]"
6055,"[1917, 1121, 408, 359, 455]"
6056,"[164, 165, 1041, 175, 163]"
6057,"[1742, 599, 593, 597, 595]"
6058,"[724, 1917, 977, 455, 477]"
6059,"[1069, 923, 161, 403, 307]"
6060,"[1768, 1775, 1769, 1762, 1758]"
6061,"[1079, 1026, 1651, 1049, 1054]"
6062,"[1014, 719, 737, 728, 79]"
6063,"[1863, 1023, 398, 89, 90]"
6064,"[1915, 1030, 1935, 1916, 1833]"
6065,"[1936, 1833, 1828, 1837, 1863]"
6066,"[885, 1026, 728, 1034, 1705]"
6067,"[1037, 789, 1752, 1766, 1104]"
6068,"[163, 928, 1915, 677, 219]"
6069,"[928, 163, 219, 212, 677]"
6070,"[885, 165, 1042, 164, 175]"
6071,"[1026, 212, 1651, 1014, 124]"
6072,"[1637, 1863, 1023, 89, 398]"
6073,"[1935, 1837, 1833, 1828, 371]"
6074,"[728, 919, 219, 938, 921]"
6075,"[1915, 1935, 1833, 1837, 1828]"
6076,"[98, 1133, 1030, 1753, 410]"
6077,"[1762, 1752, 496, 1915, 1202]"
6078,"[1026, 653, 165, 651, 666]"
6079,"[1079, 1026, 1651, 1049, 1054]"
6080,"[1030, 1042, 1704, 1705, 620]"
6081,"[163, 175, 165, 1025, 937]"
6082,"[1023, 398, 89, 1637, 1651]"
6083,"[1030, 1915, 164, 163, 139]"
6084,"[1014, 1651, 1049, 990, 928]"
6085,"[1705, 1704, 985, 984, 983]"
6086,"[1915, 1128, 164, 1026, 1651]"
6087,"[163, 175, 165, 1025, 937]"
6088,"[1705, 1306, 1704, 454, 461]"
6089,"[1304, 1760, 1762, 1758, 1705]"
6090,"[1705, 1704, 1762, 1758, 1760]"
6091,"[1742, 1705, 1704, 692, 1277]"
6092,"[1704, 1705, 1910, 89, 1758]"
6093,"[455, 454, 275, 1924, 912]"
6094,"[454, 98, 1030, 97, 96]"
6095,"[1705, 1704, 1910, 1758, 1762]"
6096,"[344, 1040, 1705, 1704, 715]"
6097,"[164, 1833, 1828, 1837, 98]"
6098,"[663, 1910, 1924, 291, 1758]"
6099,"[1185, 1637, 1705, 1609, 1704]"
6100,"[1147, 1609, 447, 1273, 1636]"
6101,"[1704, 1705, 1760, 1758, 1762]"
6102,"[663, 1924, 1676, 116, 1112]"
6103,"[1112, 692, 291, 666, 1070]"
6104,"[1750, 116, 455, 1676, 1758]"
6105,"[98, 1760, 1762, 1758, 1705]"
6106,"[1705, 1704, 1073, 1043, 778]"
6107,"[692, 1902, 289, 1750, 455]"
6108,"[1704, 1705, 1760, 1762, 1758]"
6109,"[702, 696, 701, 705, 1758]"
6110,"[1762, 1758, 1705, 1704, 332]"
6111,"[1772, 290, 442, 777, 972]"
6112,"[1134, 618, 258, 616, 108]"
6113,"[1705, 1704, 1762, 1758, 124]"
6114,"[275, 912, 108, 137, 280]"
6115,"[1704, 1705, 887, 1761, 1760]"
6116,"[1344, 1202, 410, 60, 1696]"
6117,"[1704, 1705, 1653, 1141, 1655]"
6118,"[1636, 438, 451, 1705, 1704]"
6119,"[383, 692, 1662, 1166, 449]"
6120,"[1772, 696, 1210, 1403, 678]"
6121,"[441, 98, 1896, 310, 1157]"
6122,"[98, 60, 1915, 1030, 1073]"
6123,"[455, 454, 97, 96, 98]"
6124,"[1098, 443, 303, 379, 1142]"
6125,"[1705, 1704, 1760, 1762, 1758]"
6126,"[1705, 1704, 258, 1904, 806]"
6127,"[320, 317, 1133, 258, 1129]"
6128,"[258, 1704, 1705, 1064, 1760]"
6129,"[439, 1273, 447, 1147, 1695]"
6130,"[1705, 1704, 116, 455, 321]"
6131,"[1705, 1704, 1133, 171, 1924]"
6132,"[1073, 290, 277, 281, 1556]"
6133,"[98, 1547, 175, 126, 1549]"
6134,"[1122, 1705, 1704, 1733, 1924]"
6135,"[1902, 1052, 1552, 1071, 925]"
6136,"[1761, 1760, 1018, 1281, 281]"
6137,"[1705, 1704, 1134, 1163, 314]"
6138,"[665, 866, 793, 102, 409]"
6139,"[1837, 1828, 1833, 1935, 290]"
6140,"[1022, 477, 1770, 629, 658]"
6141,"[1915, 1705, 1704, 97, 96]"
6142,"[408, 1917, 281, 116, 455]"
6143,"[1028, 1112, 1915, 1246, 18]"
6144,"[98, 1196, 1155, 273, 350]"
6145,"[628, 1795, 1853, 1820, 1819]"
6146,"[1902, 925, 1120, 314, 1915]"
6147,"[629, 1705, 1704, 46, 1073]"
6148,"[1837, 1833, 1828, 1935, 460]"
6149,"[1113, 1704, 1147, 601, 1121]"
6150,"[279, 1733, 1016, 332, 290]"
6151,"[1705, 1704, 126, 665, 96]"
6152,"[1772, 1828, 1833, 1837, 290]"
6153,"[171, 665, 382, 1155, 1704]"
6154,"[1750, 126, 1704, 1705, 1915]"
6155,"[98, 1705, 1704, 1786, 1790]"
6156,"[1833, 1837, 1828, 1752, 1935]"
6157,"[171, 665, 1155, 350, 281]"
6158,"[616, 280, 332, 382, 279]"
6159,"[1902, 1915, 1552, 1777, 1765]"
6160,"[1524, 60, 1752, 1041, 1559]"
6161,"[665, 171, 749, 1155, 350]"
6162,"[346, 1705, 1704, 1147, 692]"
6163,"[398, 376, 677, 1023, 89]"
6164,"[96, 97, 98, 1833, 1837]"
6165,"[98, 97, 96, 164, 409]"
6166,"[320, 1155, 281, 1137, 1705]"
6167,"[449, 1275, 441, 1163, 216]"
6168,"[1705, 275, 1704, 113, 89]"
6169,"[420, 1833, 1828, 1837, 1935]"
6170,"[1102, 97, 749, 695, 1653]"
6171,"[629, 1833, 1828, 1837, 1863]"
6172,"[1750, 1036, 97, 96, 1269]"
6173,"[60, 409, 1746, 98, 97]"
6174,"[1746, 409, 98, 97, 96]"
6175,"[1704, 1705, 314, 60, 629]"
6176,"[314, 313, 1923, 863, 1747]"
6177,"[865, 863, 1747, 314, 118]"
6178,"[313, 1923, 314, 904, 865]"
6179,"[314, 313, 1119, 427, 1115]"
6180,"[171, 865, 863, 1747, 1299]"
6181,"[863, 1747, 865, 118, 1080]"
6182,"[904, 1116, 1118, 314, 1923]"
6183,"[314, 1704, 1705, 865, 1747]"
6184,"[313, 314, 1747, 1923, 890]"
6185,"[314, 863, 1747, 865, 1923]"
6186,"[1182, 332, 863, 1747, 865]"
6187,"[118, 313, 1923, 1747, 863]"
6188,"[314, 1923, 863, 1747, 865]"
6189,"[313, 1923, 314, 865, 1747]"
6190,"[313, 314, 865, 863, 1747]"
6191,"[692, 1649, 778, 715, 1915]"
6192,"[1147, 1027, 1159, 361, 1054]"
6193,"[396, 1695, 528, 1761, 1507]"
6194,"[863, 1747, 865, 904, 1923]"
6195,"[364, 1116, 190, 1932, 1313]"
6196,"[863, 865, 1747, 314, 89]"
6197,"[863, 1747, 1923, 865, 314]"
6198,"[904, 866, 314, 1116, 1923]"
6199,"[863, 1747, 865, 1275, 314]"
6200,"[1747, 863, 865, 1758, 1761]"
6201,"[314, 313, 863, 865, 1747]"
6202,"[1747, 863, 865, 1299, 118]"
6203,"[1923, 1925, 313, 866, 314]"
6204,"[1833, 1837, 1828, 171, 116]"
6205,"[60, 409, 102, 628, 97]"
6206,"[313, 314, 118, 1676, 89]"
6207,"[314, 745, 865, 863, 1747]"
6208,"[865, 863, 1747, 451, 98]"
6209,"[265, 655, 367, 1116, 372]"
6210,"[1147, 361, 171, 1273, 447]"
6211,"[904, 863, 1747, 865, 118]"
6212,"[341, 265, 1073, 1048, 1066]"
6213,"[314, 863, 1747, 865, 118]"
6214,"[314, 1935, 903, 1933, 853]"
6215,"[865, 863, 1747, 59, 118]"
6216,"[314, 863, 1747, 865, 118]"
6217,"[1598, 1747, 863, 865, 1608]"
6218,"[313, 314, 1923, 863, 1747]"
6219,"[339, 1761, 1924, 1695, 528]"
6220,"[454, 455, 409, 1746, 102]"
6221,"[454, 455, 1192, 1567, 164]"
6222,"[454, 455, 1567, 124, 692]"
6223,"[455, 454, 952, 1192, 1269]"
6224,"[1758, 1762, 1705, 1704, 455]"
6225,"[124, 455, 926, 1567, 1696]"
6226,"[455, 454, 1157, 1177, 124]"
6227,"[455, 1758, 1567, 1880, 16]"
6228,"[1299, 1637, 829, 1929, 1907]"
6229,"[1762, 1125, 1705, 1704, 1758]"
6230,"[455, 454, 124, 16, 1567]"
6231,"[455, 692, 454, 1567, 1676]"
6232,"[97, 96, 455, 1722, 98]"
6233,"[455, 692, 454, 319, 1191]"
6234,"[1071, 1185, 1567, 1907, 455]"
6235,"[1125, 1617, 455, 926, 98]"
6236,"[455, 454, 1191, 1567, 1726]"
6237,"[1617, 292, 98, 455, 97]"
6238,"[1705, 1704, 455, 1488, 1907]"
6239,"[291, 454, 124, 1884, 292]"
6240,"[1617, 1025, 937, 159, 921]"
6241,"[454, 455, 1112, 124, 1567]"
6242,"[1929, 454, 455, 1705, 1704]"
6243,"[1113, 455, 846, 1726, 454]"
6244,"[926, 126, 1655, 79, 98]"
6245,"[1704, 1705, 1762, 1758, 1760]"
6246,"[455, 1929, 375, 692, 535]"
6247,"[455, 1704, 454, 1705, 1746]"
6248,"[455, 454, 846, 1191, 926]"
6249,"[114, 1567, 89, 455, 396]"
6250,"[1704, 1705, 454, 455, 535]"
6251,"[438, 1636, 455, 454, 1884]"
6252,"[1773, 1785, 1774, 1758, 1192]"
6253,"[1129, 97, 96, 98, 1705]"
6254,"[455, 454, 1910, 1112, 1907]"
6255,"[455, 292, 465, 454, 1760]"
6256,"[1795, 1546, 98, 97, 96]"
6257,"[535, 1704, 1705, 454, 455]"
6258,"[1907, 455, 454, 1567, 1880]"
6259,"[1907, 1761, 1705, 1704, 1098]"
6260,"[1617, 455, 1761, 1760, 454]"
6261,"[455, 116, 1924, 114, 1567]"
6262,"[116, 114, 1567, 386, 455]"
6263,"[1899, 455, 866, 1907, 1761]"
6264,"[1671, 1257, 1613, 1188, 372]"
6265,"[1896, 1607, 97, 96, 1157]"
6266,"[372, 292, 1185, 1071, 363]"
6267,"[1750, 379, 1188, 455, 1676]"
6268,"[1301, 938, 125, 1924, 175]"
6269,"[1907, 1067, 1899, 1774, 1768]"
6270,"[1192, 1567, 1896, 1705, 1704]"
6271,"[368, 1113, 705, 125, 221]"
6272,"[1758, 1567, 1705, 1704, 372]"
6273,"[1273, 447, 361, 1721, 1915]"
6274,"[321, 1907, 1704, 1705, 1746]"
6275,"[98, 97, 96, 451, 1907]"
6276,"[1760, 1769, 819, 1761, 165]"
6277,"[410, 1202, 1068, 165, 1277]"
6278,"[1157, 1185, 455, 1567, 410]"
6279,"[1570, 361, 108, 1721, 1799]"
6280,"[1157, 1607, 1896, 307, 1704]"
6281,"[1157, 372, 992, 455, 1880]"
6282,"[1040, 1253, 1259, 372, 1896]"
6283,"[1627, 409, 1907, 1905, 1616]"
6284,"[698, 455, 1896, 1567, 629]"
6285,"[1015, 1704, 1705, 135, 1758]"
6286,"[372, 1567, 108, 310, 438]"
6287,"[1761, 1760, 1762, 1773, 1732]"
6288,"[1062, 1185, 1157, 634, 1760]"
6289,"[368, 1042, 175, 886, 455]"
6290,"[96, 97, 409, 98, 920]"
6291,"[108, 1721, 1761, 1762, 1758]"
6292,"[1705, 1704, 511, 1809, 1873]"
6293,"[902, 1202, 410, 599, 1277]"
6294,"[259, 224, 441, 1567, 390]"
6295,"[1915, 1192, 1567, 98, 1705]"
6296,"[922, 164, 98, 1750, 1704]"
6297,"[108, 1063, 97, 96, 98]"
6298,"[1063, 819, 1896, 1760, 98]"
6299,"[1750, 1705, 1704, 1765, 1777]"
6300,"[688, 677, 376, 1567, 1784]"
6301,"[368, 1157, 455, 372, 409]"
6302,"[455, 1607, 1639, 164, 921]"
6303,"[1705, 1704, 511, 1809, 1835]"
6304,"[372, 257, 1896, 1761, 1705]"
6305,"[1157, 1896, 921, 165, 372]"
6306,"[1157, 1896, 1704, 1705, 1192]"
6307,"[372, 1705, 1704, 1157, 1607]"
6308,"[1705, 1704, 98, 700, 321]"
6309,"[1022, 1059, 310, 1121, 1161]"
6310,"[1615, 379, 1586, 1011, 1903]"
6311,"[1021, 269, 207, 265, 409]"
6312,"[1704, 1705, 1275, 449, 165]"
6313,"[358, 306, 700, 1022, 216]"
6314,"[269, 715, 1696, 1697, 7]"
6315,"[1875, 1704, 1705, 223, 269]"
6316,"[1793, 285, 269, 978, 968]"
6317,"[310, 1733, 1121, 1924, 1793]"
6318,"[98, 346, 1910, 1906, 1196]"
6319,"[618, 304, 1077, 437, 292]"
6320,"[269, 1022, 1059, 1161, 374]"
6321,"[1059, 1636, 438, 1121, 397]"
6322,"[207, 968, 978, 972, 974]"
6323,"[1191, 547, 922, 96, 98]"
6324,"[285, 28, 269, 1149, 706]"
6325,"[343, 1157, 310, 1773, 1113]"
6326,"[1022, 1705, 1704, 310, 1702]"
6327,"[272, 999, 190, 1708, 73]"
6328,"[358, 547, 1143, 922, 306]"
6329,"[358, 285, 269, 892, 208]"
6330,"[207, 968, 955, 971, 970]"
6331,"[700, 358, 1750, 306, 1173]"
6332,"[1155, 390, 1190, 379, 1748]"
6333,"[1023, 1022, 1121, 1161, 310]"
6334,"[207, 29, 968, 955, 971]"
6335,"[1837, 1828, 1833, 1935, 290]"
6336,"[1750, 24, 28, 411, 614]"
6337,"[28, 125, 455, 1676, 113]"
6338,"[1696, 1697, 1184, 332, 7]"
6339,"[304, 443, 207, 969, 968]"
6340,"[269, 1793, 285, 978, 968]"
6341,"[1915, 1750, 223, 455, 1705]"
6342,"[269, 250, 1900, 220, 1022]"
6343,"[815, 98, 816, 1884, 259]"
6344,"[1586, 992, 700, 318, 715]"
6345,"[285, 269, 1795, 978, 968]"
6346,"[1022, 1155, 1059, 700, 812]"
6347,"[1297, 688, 361, 1762, 26]"
6348,"[25, 1788, 1787, 207, 1050]"
6349,"[207, 60, 974, 976, 969]"
6350,"[386, 1176, 208, 973, 968]"
6351,"[1001, 1086, 7, 1917, 440]"
6352,"[440, 1116, 1253, 1134, 1259]"
6353,"[1917, 1043, 1607, 1894, 1758]"
6354,"[890, 112, 670, 620, 470]"
6355,"[411, 1915, 1073, 396, 1129]"
6356,"[1155, 1067, 1084, 1108, 1284]"
6357,"[1273, 447, 116, 1924, 1758]"
6358,"[321, 112, 409, 98, 97]"
6359,"[409, 1746, 98, 97, 96]"
6360,"[1705, 1257, 1881, 1879, 1704]"
6361,"[1906, 1066, 1704, 1705, 1910]"
6362,"[440, 1872, 1835, 1255, 1506]"
6363,"[1915, 677, 376, 409, 1746]"
6364,"[1344, 1249, 1696, 1301, 1300]"
6365,"[113, 165, 1144, 409, 1896]"
6366,"[677, 1612, 164, 165, 1762]"
6367,"[1917, 1040, 1157, 1277, 1637]"
6368,"[164, 98, 409, 425, 1064]"
6369,"[1915, 1030, 1899, 106, 89]"
6370,"[1915, 1902, 1750, 1675, 101]"
6371,"[409, 97, 98, 96, 1746]"
6372,"[1705, 1704, 596, 598, 574]"
6373,"[1915, 164, 890, 112, 868]"
6374,"[1160, 1155, 1900, 1277, 1891]"
6375,"[451, 440, 1066, 1302, 672]"
6376,"[1902, 1752, 922, 1620, 1705]"
6377,"[1112, 1762, 1758, 1704, 1705]"
6378,"[1157, 922, 1705, 1704, 1762]"
6379,"[1147, 478, 1034, 1704, 1705]"
6380,"[688, 438, 116, 1636, 1903]"
6381,"[1900, 265, 788, 1300, 452]"
6382,"[1900, 1750, 257, 1676, 101]"
6383,"[1750, 101, 1067, 890, 112]"
6384,"[1915, 321, 1758, 96, 97]"
6385,"[108, 1030, 1157, 1704, 1705]"
6386,"[1794, 400, 361, 1836, 1873]"
6387,"[1147, 1030, 454, 1125, 1068]"
6388,"[1705, 1704, 1014, 321, 1599]"
6389,"[101, 116, 1704, 1705, 890]"
6390,"[1609, 1488, 1298, 1260, 1261]"
6391,"[95, 1157, 922, 1705, 1704]"
6392,"[409, 1746, 98, 97, 96]"
6393,"[289, 713, 1574, 1758, 1762]"
6394,"[101, 1915, 1917, 890, 112]"
6395,"[1915, 1662, 1748, 868, 1704]"
6396,"[1279, 1705, 1704, 1750, 409]"
6397,"[1750, 1690, 504, 307, 1279]"
6398,"[27, 1781, 1782, 1766, 1798]"
6399,"[1279, 1066, 1750, 759, 1537]"
6400,"[1936, 1295, 1196, 1277, 1807]"
6401,"[294, 1158, 1936, 1073, 89]"
6402,"[1277, 376, 677, 1705, 1704]"
6403,"[1787, 1788, 360, 1145, 1279]"
6404,"[435, 1269, 1915, 1704, 1705]"
6405,"[257, 1014, 1690, 1798, 728]"
6406,"[1781, 1782, 1798, 1799, 437]"
6407,"[1677, 1705, 1704, 1196, 451]"
6408,"[1814, 1812, 1815, 1813, 1811]"
6409,"[1279, 60, 866, 1055, 216]"
6410,"[1637, 1928, 1091, 1273, 447]"
6411,"[1279, 1163, 346, 386, 1108]"
6412,"[1279, 306, 1750, 1081, 431]"
6413,"[1271, 1178, 1928, 1637, 449]"
6414,"[1269, 1095, 1705, 1704, 308]"
6415,"[1705, 1704, 368, 338, 98]"
6416,"[1837, 1833, 1828, 1863, 402]"
6417,"[1750, 1277, 409, 1807, 116]"
6418,"[1807, 1704, 688, 663, 676]"
6419,"[1279, 1088, 308, 1282, 1100]"
6420,"[442, 1273, 447, 451, 440]"
6421,"[1750, 1807, 851, 255, 441]"
6422,"[1160, 1705, 1704, 1927, 1807]"
6423,"[677, 60, 1196, 1279, 376]"
6424,"[1609, 257, 1279, 1936, 1277]"
6425,"[1704, 1705, 330, 208, 1123]"
6426,"[126, 388, 1637, 1147, 1273]"
6427,"[1807, 128, 1196, 387, 1157]"
6428,"[1637, 997, 359, 449, 432]"
6429,"[862, 1787, 1788, 1786, 1279]"
6430,"[1750, 24, 25, 36, 9]"
6431,"[1637, 1704, 1705, 1807, 432]"
6432,"[1279, 1750, 73, 332, 52]"
6433,"[73, 332, 6, 3, 40]"
6434,"[437, 125, 1798, 1781, 1782]"
6435,"[1279, 1277, 1158, 921, 1025]"
6436,"[1086, 1935, 442, 1807, 1936]"
6437,"[1279, 1936, 1277, 1086, 1158]"
6438,"[862, 1915, 1786, 1787, 1788]"
6439,"[1637, 1086, 1178, 1271, 1928]"
6440,"[440, 1275, 165, 1196, 98]"
6441,"[1833, 1828, 1837, 1935, 290]"
6442,"[1284, 265, 1249, 475, 1318]"
6443,"[1705, 1704, 1155, 347, 1132]"
6444,"[1129, 440, 1147, 379, 1133]"
6445,"[1176, 1121, 346, 1750, 29]"
6446,"[1112, 683, 320, 1127, 643]"
6447,"[1925, 1141, 443, 40, 440]"
6448,"[7, 6, 1118, 925, 73]"
6449,"[60, 1313, 677, 97, 96]"
6450,"[113, 409, 1750, 375, 1244]"
6451,"[1196, 1313, 1456, 1894, 96]"
6452,"[866, 46, 1599, 289, 1070]"
6453,"[1704, 1705, 460, 618, 530]"
6454,"[734, 1650, 726, 727, 1196]"
6455,"[344, 1064, 321, 1196, 1253]"
6456,"[165, 164, 409, 175, 98]"
6457,"[1196, 97, 96, 98, 1253]"
6458,"[1299, 618, 125, 1825, 1021]"
6459,"[1196, 1011, 726, 734, 1650]"
6460,"[1748, 868, 408, 618, 624]"
6461,"[1176, 444, 98, 6, 1121]"
6462,"[440, 1196, 344, 98, 97]"
6463,"[654, 656, 642, 666, 1269]"
6464,"[1052, 308, 309, 294, 1705]"
6465,"[1051, 1011, 1163, 1164, 1609]"
6466,"[1196, 1313, 1456, 96, 97]"
6467,"[919, 651, 97, 98, 96]"
6468,"[1306, 459, 124, 1272, 455]"
6469,"[291, 1646, 1158, 1615, 1011]"
6470,"[1544, 1561, 1252, 417, 430]"
6471,"[1196, 97, 96, 98, 1253]"
6472,"[1100, 1137, 308, 307, 447]"
6473,"[1196, 1253, 96, 97, 1259]"
6474,"[1196, 1313, 1456, 1894, 97]"
6475,"[1313, 1127, 1269, 1456, 719]"
6476,"[1302, 1522, 1705, 1704, 1196]"
6477,"[594, 1086, 383, 305, 1753]"
6478,"[1176, 1121, 1750, 29, 89]"
6479,"[866, 922, 925, 1313, 1118]"
6480,"[515, 98, 97, 96, 126]"
6481,"[1653, 1269, 1145, 321, 368]"
6482,"[1313, 1456, 1894, 1127, 731]"
6483,"[319, 302, 1757, 1776, 464]"
6484,"[290, 1828, 1833, 1837, 441]"
6485,"[397, 1786, 1008, 1179, 1178]"
6486,"[1828, 1837, 1833, 1895, 1935]"
6487,"[368, 1162, 865, 863, 1747]"
6488,"[1145, 1772, 1726, 1662, 713]"
6489,"[1187, 1704, 1114, 1705, 1711]"
6490,"[1895, 1089, 89, 1704, 1705]"
6491,"[1935, 1570, 865, 863, 1747]"
6492,"[1731, 1728, 1726, 801, 1155]"
6493,"[1275, 449, 1344, 1696, 451]"
6494,"[734, 727, 726, 1650, 856]"
6495,"[1015, 1705, 1704, 1759, 1287]"
6496,"[1287, 318, 110, 1129, 424]"
6497,"[1905, 1527, 505, 1627, 1299]"
6498,"[1915, 927, 290, 1935, 1828]"
6499,"[1756, 1669, 454, 1705, 1704]"
6500,"[734, 726, 727, 1650, 1011]"
6501,"[1759, 1764, 1776, 1757, 1601]"
6502,"[955, 135, 1875, 1277, 983]"
6503,"[949, 705, 1705, 1704, 1297]"
6504,"[620, 470, 165, 1907, 1705]"
6505,"[314, 1117, 1064, 468, 125]"
6506,"[1772, 290, 442, 1833, 1828]"
6507,"[125, 29, 168, 165, 273]"
6508,"[1833, 1828, 1837, 1935, 290]"
6509,"[862, 1158, 1565, 133, 1]"
6510,"[442, 1179, 441, 1699, 1566]"
6511,"[1756, 1704, 1705, 107, 1905]"
6512,"[1837, 1828, 1833, 1935, 290]"
6513,"[1639, 1740, 125, 1737, 780]"
6514,"[375, 215, 385, 1647, 439]"
6515,"[1837, 1833, 1828, 1935, 290]"
6516,"[1570, 1705, 1704, 381, 1921]"
6517,"[1704, 1705, 1179, 1662, 1065]"
6518,"[82, 1863, 1828, 1833, 1837]"
6519,"[1740, 1704, 1705, 1129, 781]"
6520,"[1185, 73, 351, 1114, 221]"
6521,"[1098, 361, 1273, 447, 440]"
6522,"[527, 1780, 1440, 1250, 116]"
6523,"[1731, 724, 383, 1190, 808]"
6524,"[1287, 1877, 1015, 746, 1785]"
6525,"[631, 338, 1189, 1736, 1741]"
6526,"[1772, 594, 927, 441, 442]"
6527,"[1895, 1179, 828, 758, 762]"
6528,"[478, 1924, 1147, 159, 937]"
6529,"[1705, 1704, 1296, 1281, 1014]"
6530,"[1750, 97, 98, 96, 124]"
6531,"[1733, 455, 114, 1567, 1704]"
6532,"[1636, 438, 1884, 1172, 454]"
6533,"[1915, 1636, 438, 1133, 1560]"
6534,"[347, 163, 921, 1924, 164]"
6535,"[1924, 478, 1066, 98, 164]"
6536,"[361, 807, 1704, 1705, 1915]"
6537,"[163, 921, 175, 919, 165]"
6538,"[1884, 438, 1636, 698, 1910]"
6539,"[1915, 1733, 412, 1676, 1792]"
6540,"[116, 1636, 438, 455, 16]"
6541,"[1113, 1721, 108, 1910, 1760]"
6542,"[96, 98, 97, 102, 1746]"
6543,"[1915, 1001, 102, 1746, 98]"
6544,"[478, 919, 1924, 677, 1915]"
6545,"[383, 1038, 1762, 371, 1186]"
6546,"[375, 1129, 438, 1636, 360]"
6547,"[116, 164, 163, 98, 1915]"
6548,"[163, 1884, 921, 165, 175]"
6549,"[116, 163, 1924, 1705, 1704]"
6550,"[116, 125, 807, 114, 1705]"
6551,"[163, 164, 1915, 921, 1924]"
6552,"[361, 1705, 1704, 1924, 1552]"
6553,"[1924, 1705, 1704, 98, 478]"
6554,"[361, 441, 1758, 439, 98]"
6555,"[1704, 1113, 1710, 379, 1147]"
6556,"[116, 1924, 478, 1884, 455]"
6557,"[1750, 97, 96, 98, 102]"
6558,"[438, 1636, 1915, 455, 125]"
6559,"[1014, 1246, 314, 175, 163]"
6560,"[1884, 259, 1907, 98, 438]"
6561,"[1773, 1306, 1884, 1636, 438]"
6562,"[116, 1705, 1704, 692, 159]"
6563,"[163, 164, 878, 101, 921]"
6564,"[1064, 1705, 1704, 1147, 1753]"
6565,"[478, 1924, 1147, 1921, 919]"
6566,"[1924, 478, 116, 96, 97]"
6567,"[478, 1924, 1704, 1705, 1112]"
6568,"[1762, 361, 1137, 97, 96]"
6569,"[1773, 1921, 163, 164, 921]"
6570,"[116, 60, 114, 455, 1705]"
6571,"[98, 97, 96, 1746, 102]"
6572,"[440, 1760, 807, 1762, 1758]"
6573,"[1113, 1921, 919, 98, 96]"
6574,"[1772, 1773, 190, 1774, 1769]"
6575,"[371, 1246, 1461, 361, 1038]"
6576,"[1785, 1776, 1757, 1762, 855]"
6577,"[98, 96, 97, 1297, 1705]"
6578,"[1705, 1704, 159, 1025, 937]"
6579,"[1762, 1758, 1704, 1705, 1760]"
6580,"[1607, 1157, 441, 1896, 138]"
6581,"[445, 1713, 1639, 190, 809]"
6582,"[1784, 678, 411, 628, 1275]"
6583,"[1113, 163, 1921, 919, 440]"
6584,"[1636, 438, 1915, 1705, 1704]"
6585,"[1113, 1921, 163, 1884, 1924]"
6586,"[386, 1773, 455, 1676, 440]"
6587,"[116, 1705, 1704, 1750, 1277]"
6588,"[440, 1773, 1705, 1704, 89]"
6589,"[114, 440, 1705, 1704, 1113]"
6590,"[1662, 1915, 1705, 1704, 478]"
6591,"[1775, 692, 1063, 1769, 637]"
6592,"[440, 371, 1762, 1636, 438]"
6593,"[1120, 291, 1617, 1653, 784]"
6594,"[98, 409, 97, 96, 1746]"
6595,"[481, 1655, 89, 919, 165]"
6596,"[1617, 1761, 1760, 1705, 1704]"
6597,"[1202, 410, 1705, 1704, 1915]"
6598,"[1202, 410, 165, 1704, 1705]"
6599,"[1915, 125, 1676, 60, 902]"
6600,"[1098, 125, 1915, 1277, 1655]"
6601,"[362, 409, 1746, 102, 778]"
6602,"[1915, 371, 1651, 1760, 1761]"
6603,"[292, 1761, 1760, 1120, 1758]"
6604,"[1928, 902, 1636, 438, 1704]"
6605,"[165, 921, 164, 937, 1025]"
6606,"[98, 1915, 97, 96, 409]"
6607,"[1762, 1760, 1761, 1617, 1758]"
6608,"[1104, 374, 1705, 1704, 1766]"
6609,"[98, 96, 97, 60, 1746]"
6610,"[164, 165, 1277, 926, 1936]"
6611,"[1344, 374, 1705, 1704, 438]"
6612,"[1705, 1704, 511, 1825, 1836]"
6613,"[1077, 368, 1030, 1155, 379]"
6614,"[1915, 1705, 1704, 108, 1159]"
6615,"[700, 292, 1760, 1758, 1761]"
6616,"[938, 98, 96, 97, 1746]"
6617,"[1928, 1636, 438, 1148, 1277]"
6618,"[164, 159, 937, 1025, 165]"
6619,"[1915, 455, 408, 116, 1917]"
6620,"[125, 1704, 455, 1705, 408]"
6621,"[1748, 868, 408, 1071, 455]"
6622,"[1705, 1704, 438, 1636, 902]"
6623,"[1299, 164, 165, 926, 925]"
6624,"[1618, 1125, 811, 1299, 900]"
6625,"[125, 1704, 455, 1705, 408]"
6626,"[924, 875, 175, 921, 938]"
6627,"[1915, 164, 1025, 159, 937]"
6628,"[1915, 924, 1618, 1202, 410]"
6629,"[1915, 937, 1025, 159, 98]"
6630,"[762, 164, 165, 1025, 937]"
6631,"[409, 165, 921, 1636, 438]"
6632,"[1915, 98, 409, 165, 164]"
6633,"[1301, 1674, 165, 1025, 159]"
6634,"[1618, 1704, 1705, 926, 1659]"
6635,"[164, 1917, 116, 1705, 1704]"
6636,"[1662, 1567, 825, 1549, 1001]"
6637,"[812, 702, 356, 713, 359]"
6638,"[381, 1020, 1188, 1171, 257]"
6639,"[7, 1696, 1054, 1697, 412]"
6640,"[866, 443, 750, 1022, 1116]"
6641,"[371, 1185, 1727, 1162, 383]"
6642,"[1662, 16, 455, 1762, 1549]"
6643,"[125, 1116, 1064, 750, 1549]"
6644,"[408, 455, 1676, 116, 113]"
6645,"[120, 781, 1674, 1924, 1685]"
6646,"[1705, 1704, 166, 1924, 409]"
6647,"[1632, 1685, 228, 164, 1086]"
6648,"[286, 1651, 1649, 1052, 1832]"
6649,"[811, 1910, 289, 1915, 415]"
6650,"[460, 1309, 434, 1265, 1687]"
6651,"[89, 1526, 116, 1907, 1899]"
6652,"[1561, 1915, 1837, 1833, 1828]"
6653,"[1902, 97, 96, 98, 925]"
6654,"[1907, 455, 97, 96, 454]"
6655,"[1904, 102, 1746, 409, 97]"
6656,"[1902, 1118, 60, 1700, 983]"
6657,"[124, 106, 1705, 1704, 1904]"
6658,"[1647, 96, 98, 97, 785]"
6659,"[1185, 1030, 1928, 372, 403]"
6660,"[1929, 375, 1636, 438, 276]"
6661,"[1704, 1705, 1752, 1193, 98]"
6662,"[1300, 452, 403, 1771, 1301]"
6663,"[102, 1705, 1704, 97, 96]"
6664,"[113, 1526, 1924, 97, 96]"
6665,"[108, 1637, 954, 138, 212]"
6666,"[1705, 1704, 1769, 1768, 1775]"
6667,"[1833, 1837, 1828, 1935, 290]"
6668,"[1042, 1128, 380, 1133, 1915]"
6669,"[60, 1118, 925, 102, 1313]"
6670,"[1704, 1705, 303, 1296, 1077]"
6671,"[1781, 1782, 1798, 1799, 1801]"
6672,"[430, 165, 409, 927, 1598]"
6673,"[361, 108, 1125, 1705, 1704]"
6674,"[863, 1747, 865, 314, 1275]"
6675,"[1915, 1828, 1833, 1837, 1935]"
6676,"[1705, 1704, 102, 1746, 409]"
6677,"[116, 807, 860, 1704, 1705]"
6678,"[126, 1937, 663, 1924, 1705]"
6679,"[1063, 7, 1011, 745, 1176]"
6680,"[394, 1183, 1915, 370, 345]"
6681,"[1915, 1750, 1277, 101, 116]"
6682,"[692, 1649, 778, 715, 1915]"
6683,"[125, 1705, 1704, 423, 1244]"
6684,"[1915, 1651, 171, 318, 89]"
6685,"[322, 954, 1676, 212, 920]"
6686,"[1752, 291, 667, 29, 1708]"
6687,"[1915, 98, 1705, 1704, 1757]"
6688,"[1774, 819, 1761, 1760, 419]"
6689,"[665, 1028, 629, 658, 1770]"
6690,"[294, 1158, 1936, 1073, 89]"
6691,"[455, 1307, 1567, 16, 1880]"
6692,"[314, 1761, 1507, 528, 339]"
6693,"[952, 915, 1050, 73, 150]"
6694,"[663, 292, 1617, 1722, 1064]"
6695,"[1705, 1704, 1758, 1762, 1761]"
6696,"[1075, 163, 1649, 352, 175]"
6697,"[1135, 1560, 1041, 1025, 937]"
6698,"[1828, 1837, 1833, 1906, 1825]"
6699,"[1202, 410, 165, 1041, 919]"
6700,"[113, 1064, 890, 112, 1587]"
6701,"[125, 902, 1915, 423, 1244]"
6702,"[1915, 1041, 688, 108, 1030]"
6703,"[1081, 1111, 860, 1106, 1262]"
6704,"[125, 1126, 1189, 1690, 423]"
6705,"[1915, 165, 159, 1025, 937]"
6706,"[1915, 1299, 171, 1748, 868]"
6707,"[164, 921, 1042, 1675, 933]"
6708,"[1202, 410, 1030, 1041, 1060]"
6709,"[1915, 1704, 1705, 455, 1202]"
6710,"[1924, 1760, 663, 1705, 1704]"
6711,"[116, 478, 1113, 1924, 1676]"
6712,"[1193, 1795, 1909, 628, 1025]"
6713,"[454, 112, 455, 1070, 291]"
6714,"[1014, 1008, 789, 1636, 438]"
6715,"[289, 1032, 1705, 1704, 124]"
6716,"[167, 174, 924, 938, 175]"
6717,"[938, 1030, 89, 1704, 1705]"
6718,"[688, 98, 97, 96, 677]"
6719,"[347, 163, 921, 1924, 164]"
6720,"[1053, 261, 1787, 1788, 1786]"
6721,"[126, 358, 301, 1040, 1462]"
6722,"[291, 1636, 438, 1274, 455]"
6723,"[1761, 1755, 1760, 1758, 1762]"
6724,"[372, 1896, 1157, 1613, 98]"
6725,"[171, 1700, 1833, 1828, 1837]"
6726,"[60, 1915, 97, 102, 1516]"
6727,"[455, 454, 97, 96, 1191]"
6728,"[357, 1158, 938, 925, 935]"
6729,"[677, 1035, 928, 361, 376]"
6730,"[1147, 1125, 618, 1014, 338]"
6731,"[1275, 116, 1705, 1704, 449]"
6732,"[98, 1924, 1760, 1705, 1704]"
6733,"[1750, 125, 1299, 1915, 1676]"
6734,"[372, 164, 116, 216, 108]"
6735,"[1030, 320, 1916, 620, 470]"
6736,"[1915, 455, 1935, 1021, 1833]"
6737,"[1155, 350, 165, 409, 60]"
6738,"[1098, 1089, 108, 698, 455]"
6739,"[1772, 1358, 1567, 1907, 927]"
6740,"[1025, 937, 159, 164, 921]"
6741,"[1133, 361, 1090, 636, 1112]"
6742,"[1884, 455, 1910, 1636, 438]"
6743,"[397, 1153, 276, 259, 390]"
6744,"[1042, 1054, 283, 1128, 379]"
6745,"[312, 1889, 1770, 629, 1097]"
6746,"[291, 1636, 438, 1070, 455]"
6747,"[126, 781, 1705, 1704, 926]"
6748,"[1902, 124, 96, 97, 409]"
6749,"[465, 114, 1567, 16, 1880]"
6750,"[257, 454, 259, 455, 1922]"
6751,"[1915, 97, 98, 96, 1885]"
6752,"[60, 1114, 455, 125, 164]"
6753,"[1713, 1704, 1705, 98, 97]"
6754,"[925, 749, 1771, 171, 1776]"
6755,"[1131, 1034, 1029, 1861, 928]"
6756,"[423, 1244, 98, 125, 1690]"
6757,"[1922, 1897, 1907, 919, 166]"
6758,"[1161, 388, 1928, 615, 1906]"
6759,"[1916, 1603, 410, 1202, 921]"
6760,"[98, 96, 97, 409, 1746]"
6761,"[865, 863, 1747, 451, 98]"
6762,"[1143, 1704, 1705, 276, 344]"
6763,"[1137, 1135, 1134, 319, 320]"
6764,"[120, 1012, 1685, 1186, 465]"
6765,"[925, 290, 1538, 1556, 1518]"
6766,"[96, 98, 97, 409, 102]"
6767,"[113, 1025, 159, 937, 165]"
6768,"[1758, 1762, 1760, 1761, 921]"
6769,"[164, 1761, 339, 921, 165]"
6770,"[277, 1750, 651, 1705, 1704]"
6771,"[1705, 1704, 34, 1131, 220]"
6772,"[28, 1904, 1191, 60, 1746]"
6773,"[866, 1069, 1044, 922, 862]"
6774,"[618, 714, 360, 713, 339]"
6775,"[1915, 343, 164, 1128, 1695]"
6776,"[411, 396, 1028, 1129, 349]"
6777,"[165, 164, 1705, 1704, 1924]"
6778,"[1915, 1746, 409, 98, 793]"
6779,"[1055, 89, 1014, 410, 1202]"
6780,"[1014, 306, 108, 1104, 165]"
6781,"[665, 182, 875, 1705, 1910]"
6782,"[1733, 281, 1705, 1704, 1697]"
6783,"[1742, 954, 1544, 1564, 1489]"
6784,"[628, 163, 329, 1925, 440]"
6785,"[1298, 1828, 1837, 1833, 98]"
6786,"[1613, 1542, 1530, 1875, 342]"
6787,"[165, 937, 159, 1025, 921]"
6788,"[98, 904, 1915, 433, 1277]"
6789,"[1924, 921, 1752, 1761, 164]"
6790,"[125, 1349, 1375, 1620, 1037]"
6791,"[1058, 1261, 1091, 1027, 1131]"
6792,"[124, 98, 1915, 1700, 97]"
6793,"[291, 113, 1627, 1071, 409]"
6794,"[125, 423, 1244, 677, 1690]"
6795,"[165, 164, 409, 1713, 98]"
6796,"[1118, 1201, 1700, 866, 1022]"
6797,"[1019, 1068, 285, 1030, 1148]"
6798,"[1750, 98, 97, 96, 409]"
6799,"[922, 928, 878, 1027, 1052]"
6800,"[1038, 1902, 116, 1915, 1762]"
6801,"[455, 454, 467, 465, 1191]"
6802,"[1761, 164, 165, 921, 1434]"
6803,"[1275, 449, 1768, 1775, 1273]"
6804,"[313, 899, 314, 1073, 118]"
6805,"[175, 163, 164, 165, 96]"
6806,"[1064, 1192, 198, 1134, 1113]"
6807,"[1014, 140, 164, 165, 911]"
6808,"[700, 1191, 1699, 97, 321]"
6809,"[698, 1113, 1157, 1567, 1907]"
6810,"[693, 686, 690, 676, 622]"
6811,"[165, 164, 171, 1704, 1705]"
6812,"[1902, 881, 1631, 124, 876]"
6813,"[1655, 1034, 98, 1068, 1088]"
6814,"[339, 1639, 734, 1650, 726]"
6815,"[1704, 1705, 1909, 1752, 1618]"
6816,"[1163, 1157, 1567, 1837, 1828]"
6817,"[1915, 1705, 1704, 511, 501]"
6818,"[1764, 1752, 466, 1556, 1538]"
6819,"[1040, 124, 716, 164, 97]"
6820,"[1246, 1772, 802, 3, 1860]"
6821,"[1025, 937, 159, 921, 1922]"
6822,"[1636, 438, 1263, 1157, 1704]"
6823,"[1144, 164, 7, 1274, 922]"
6824,"[1279, 1277, 1936, 1086, 1295]"
6825,"[1775, 1618, 1907, 1768, 1704]"
6826,"[372, 1157, 368, 455, 862]"
6827,"[1704, 1163, 1758, 1762, 1761]"
6828,"[455, 454, 1617, 98, 1762]"
6829,"[89, 1030, 1531, 409, 97]"
6830,"[102, 922, 1746, 97, 98]"
6831,"[1252, 1704, 1705, 430, 1258]"
6832,"[1136, 290, 275, 257, 964]"
6833,"[1915, 1137, 171, 165, 922]"
6834,"[1704, 1807, 1071, 1705, 98]"
6835,"[1705, 1704, 289, 1890, 1758]"
6836,"[1001, 1742, 1030, 1750, 1527]"
6837,"[379, 1728, 1731, 1727, 1023]"
6838,"[925, 1516, 1776, 1757, 1027]"
6839,"[352, 1054, 359, 1153, 351]"
6840,"[398, 89, 1863, 1023, 90]"
6841,"[1318, 1057, 1915, 216, 278]"
6842,"[1042, 164, 1617, 1733, 1263]"
6843,"[409, 98, 97, 96, 124]"
6844,"[692, 1753, 1771, 1704, 1705]"
6845,"[1935, 1833, 1837, 1828, 290]"
6846,"[819, 1746, 102, 409, 96]"
6847,"[397, 1129, 1008, 276, 1086]"
6848,"[455, 164, 1025, 937, 159]"
6849,"[952, 915, 1929, 347, 1095]"
6850,"[1713, 1070, 692, 1705, 1704]"
6851,"[1896, 1608, 97, 96, 1157]"
6852,"[1704, 1705, 449, 1275, 1147]"
6853,"[925, 1286, 166, 365, 1830]"
6854,"[1837, 1828, 1833, 52, 1935]"
6855,"[1148, 1705, 1704, 116, 164]"
6856,"[347, 372, 1655, 1185, 107]"
6857,"[164, 1795, 455, 409, 171]"
6858,"[1880, 1246, 1459, 440, 1704]"
6859,"[1613, 97, 1704, 1705, 291]"
6860,"[1271, 1750, 1275, 441, 60]"
6861,"[125, 1690, 365, 108, 1124]"
6862,"[28, 1676, 113, 125, 969]"
6863,"[1279, 1750, 1936, 455, 1676]"
6864,"[1028, 165, 164, 410, 1202]"
6865,"[1041, 1039, 150, 692, 995]"
6866,"[125, 862, 423, 1244, 1603]"
6867,"[1014, 1153, 1116, 259, 1049]"
6868,"[165, 1924, 1042, 921, 159]"
6869,"[1761, 1760, 1705, 1704, 1762]"
6870,"[1902, 1070, 97, 96, 1552]"
6871,"[1157, 363, 1732, 372, 368]"
6872,"[1118, 124, 162, 165, 934]"
6873,"[1201, 60, 921, 126, 97]"
6874,"[1131, 360, 1019, 477, 1022]"
6875,"[1772, 290, 442, 777, 972]"
6876,"[1586, 921, 289, 1909, 1193]"
6877,"[398, 1023, 89, 754, 1290]"
6878,"[259, 1185, 1604, 1157, 368]"
6879,"[1191, 1567, 16, 1880, 114]"
6880,"[925, 124, 1129, 98, 96]"
6881,"[98, 1752, 1753, 60, 442]"
6882,"[1704, 1705, 1677, 1607, 1157]"
6883,"[665, 164, 165, 97, 96]"
6884,"[1902, 1042, 1900, 344, 1591]"
6885,"[440, 451, 1705, 1704, 1070]"
6886,"[1071, 1704, 1705, 993, 1746]"
6887,"[1704, 1705, 1677, 1196, 1275]"
6888,"[1753, 1755, 1704, 1705, 1364]"
6889,"[1157, 1613, 1750, 1277, 620]"
6890,"[1096, 89, 1775, 1768, 1704]"
6891,"[409, 1899, 97, 96, 98]"
6892,"[1924, 1915, 1385, 98, 361]"
6893,"[1042, 1632, 60, 164, 924]"
6894,"[1924, 1705, 116, 1704, 1760]"
6895,"[1632, 1685, 228, 1086, 120]"
6896,"[97, 96, 1157, 1896, 1773]"
6897,"[1064, 1147, 1902, 1915, 1042]"
6898,"[1704, 1705, 1795, 1753, 1463]"
6899,"[277, 1041, 1080, 887, 89]"
6900,"[1157, 372, 1072, 1705, 1704]"
6901,"[1704, 1705, 698, 97, 96]"
6902,"[1155, 410, 1202, 1560, 1133]"
6903,"[291, 1705, 1704, 1761, 1760]"
6904,"[3, 1860, 1864, 1868, 594]"
6905,"[1549, 98, 1924, 478, 1705]"
6906,"[1742, 1175, 1564, 1489, 1534]"
6907,"[1935, 1837, 1833, 1828, 300]"
6908,"[1752, 1525, 1524, 692, 1559]"
6909,"[313, 865, 863, 1747, 1923]"
6910,"[89, 1705, 1704, 60, 1070]"
6911,"[1102, 97, 749, 695, 1653]"
6912,"[128, 1704, 1705, 858, 1753]"
6913,"[1157, 1014, 1042, 921, 1639]"
6914,"[98, 409, 1915, 1746, 1560]"
6915,"[1915, 98, 97, 96, 1924]"
6916,"[1567, 165, 1042, 1193, 1909]"
6917,"[1054, 352, 975, 1615, 1025]"
6918,"[455, 1301, 938, 1112, 1909]"
6919,"[1915, 736, 732, 470, 620]"
6920,"[207, 1915, 1863, 1861, 1570]"
6921,"[1095, 1083, 1102, 1575, 1807]"
6922,"[1889, 1705, 1704, 629, 1147]"
6923,"[1157, 164, 98, 97, 96]"
6924,"[1299, 1833, 1837, 1828, 1935]"
6925,"[1030, 1761, 1760, 89, 1567]"
6926,"[125, 1014, 1344, 1126, 97]"
6927,"[164, 1915, 937, 1025, 159]"
6928,"[368, 1157, 455, 96, 97]"
6929,"[451, 1607, 1704, 1705, 1613]"
6930,"[1907, 928, 89, 409, 1616]"
6931,"[1066, 1202, 410, 1537, 1603]"
6932,"[60, 124, 925, 409, 1776]"
6933,"[1902, 1833, 1828, 1837, 1935]"
6934,"[1147, 1921, 692, 1907, 1032]"
6935,"[1034, 730, 719, 823, 1649]"
6936,"[291, 1762, 1758, 1760, 1761]"
6937,"[1022, 731, 1019, 1167, 477]"
6938,"[1761, 164, 165, 1507, 528]"
6939,"[713, 435, 1788, 1786, 1787]"
6940,"[1924, 921, 164, 98, 1434]"
6941,"[1705, 1704, 620, 470, 1915]"
6942,"[1144, 1190, 1772, 438, 1636]"
6943,"[1297, 739, 1179, 371, 724]"
6944,"[1704, 1705, 1185, 108, 1753]"
6945,"[60, 925, 1757, 1776, 171]"
6946,"[320, 1014, 1269, 326, 1705]"
6947,"[1902, 1552, 1040, 922, 265]"
6948,"[1705, 1704, 1773, 1157, 1910]"
6949,"[1819, 1817, 1820, 1818, 1816]"
6950,"[1030, 1041, 1916, 1592, 902]"
6951,"[921, 164, 713, 165, 1561]"
6952,"[658, 1201, 904, 1083, 126]"
6953,"[1157, 1704, 1705, 1773, 641]"
6954,"[1042, 1025, 937, 159, 164]"
6955,"[789, 165, 922, 164, 954]"
6956,"[1924, 1761, 1760, 663, 1273]"
6957,"[1034, 1810, 1706, 162, 165]"
6958,"[1041, 164, 1034, 1025, 937]"
6959,"[922, 925, 716, 98, 96]"
6960,"[1922, 1897, 89, 113, 166]"
6961,"[304, 443, 207, 969, 968]"
6962,"[89, 171, 124, 670, 396]"
6963,"[1204, 1567, 114, 125, 1704]"
6964,"[332, 388, 1176, 1640, 18]"
6965,"[922, 165, 166, 164, 1745]"
6966,"[1438, 1133, 1343, 1886, 1256]"
6967,"[1904, 409, 102, 1746, 97]"
6968,"[1704, 1705, 1070, 165, 164]"
6969,"[97, 96, 98, 102, 1746]"
6970,"[1704, 1705, 96, 97, 409]"
6971,"[1612, 1067, 165, 921, 163]"
6972,"[98, 1118, 124, 97, 96]"
6973,"[925, 60, 98, 922, 716]"
6974,"[372, 1071, 409, 1905, 1627]"
6975,"[1014, 1157, 455, 1705, 1704]"
6976,"[1769, 1072, 1768, 1775, 683]"
6977,"[1636, 432, 438, 403, 60]"
