q_id,web_list
1,"[1567, 16, 403, 672, 1249]"
2,"[1567, 1613, 1607, 672, 98]"
3,"[110, 1705, 1704, 1249, 116]"
4,"[1632, 223, 282, 1013, 248]"
5,"[165, 1639, 470, 620, 444]"
6,"[1887, 866, 1871, 1830, 1834]"
7,"[1906, 89, 165, 1604, 1196]"
8,"[403, 480, 862, 1723, 111]"
9,"[165, 98, 1608, 1607, 89]"
10,"[1772, 1192, 16, 1705, 1704]"
11,"[413, 81, 1192, 662, 1772]"
12,"[1192, 114, 16, 1611, 455]"
13,"[890, 866, 1890, 165, 1536]"
14,"[1567, 1613, 1904, 672, 102]"
15,"[403, 1317, 1723, 575, 73]"
16,"[1202, 410, 1640, 165, 1677]"
17,"[444, 1666, 1885, 672, 1291]"
18,"[403, 1249, 1676, 444, 165]"
19,"[403, 1704, 1705, 405, 1676]"
20,"[1202, 410, 1196, 165, 926]"
21,"[455, 114, 1610, 116, 16]"
22,"[587, 590, 593, 597, 599]"
23,"[403, 480, 1723, 121, 511]"
24,"[403, 73, 749, 866, 1670]"
25,"[1192, 1696, 1640, 1695, 1676]"
26,"[1248, 1696, 110, 1698, 114]"
27,"[1246, 1006, 29, 1063, 1903]"
28,"[93, 95, 1843, 1842, 1844]"
29,"[110, 789, 444, 851, 1534]"
30,"[1192, 1887, 1884, 687, 884]"
31,"[1202, 165, 410, 926, 213]"
32,"[116, 114, 1192, 1676, 125]"
33,"[16, 1192, 1772, 114, 1705]"
34,"[403, 1704, 1705, 672, 1249]"
35,"[1666, 672, 1202, 410, 164]"
36,"[1063, 1659, 408, 1639, 1291]"
37,"[1723, 403, 111, 1428, 73]"
38,"[1607, 1659, 1277, 672, 1608]"
39,"[1249, 1887, 1890, 1401, 1404]"
40,"[1639, 395, 1073, 1613, 1885]"
41,"[73, 403, 111, 480, 282]"
42,"[1904, 1192, 1613, 78, 111]"
43,"[511, 1825, 1830, 1832, 1873]"
44,"[403, 749, 1320, 1197, 1249]"
45,"[1063, 1204, 1184, 1647, 28]"
46,"[403, 866, 1612, 1034, 1620]"
47,"[1904, 43, 1899, 890, 1746]"
48,"[1904, 1567, 1899, 1896, 1192]"
49,"[862, 1705, 1704, 1758, 1762]"
50,"[403, 480, 432, 1723, 121]"
51,"[403, 511, 1723, 480, 1705]"
52,"[1902, 1915, 1639, 688, 655]"
53,"[1567, 16, 403, 672, 1249]"
54,"[1249, 165, 927, 1924, 1677]"
55,"[403, 511, 1723, 480, 1705]"
56,"[43, 1896, 1904, 1567, 1160]"
57,"[1666, 444, 672, 432, 1291]"
58,"[1249, 480, 808, 866, 432]"
59,"[18, 1246, 1772, 1192, 661]"
60,"[110, 114, 116, 1904, 1192]"
61,"[403, 808, 1567, 1249, 672]"
62,"[1830, 1834, 1871, 501, 1457]"
63,"[1636, 124, 922, 1604, 102]"
64,"[1567, 866, 1562, 1556, 1554]"
65,"[403, 1567, 16, 1006, 480]"
66,"[1249, 408, 60, 430, 1676]"
67,"[926, 163, 1733, 383, 1695]"
68,"[1073, 793, 314, 171, 165]"
69,"[403, 1915, 866, 1825, 1197]"
70,"[1896, 1063, 1277, 1666, 1270]"
71,"[1885, 89, 1887, 1892, 1890]"
72,"[403, 1320, 1317, 749, 73]"
73,"[1320, 236, 1003, 237, 240]"
74,"[112, 113, 890, 403, 1904]"
75,"[922, 1899, 1526, 89, 926]"
76,"[1915, 1620, 102, 165, 1612]"
77,"[408, 1676, 1675, 403, 405]"
78,"[1884, 102, 1746, 409, 1617]"
79,"[403, 866, 121, 511, 282]"
80,"[808, 1906, 866, 454, 1604]"
81,"[44, 692, 1273, 390, 1705]"
82,"[1249, 1575, 403, 1197, 121]"
83,"[403, 1197, 165, 1915, 1676]"
84,"[1249, 1196, 432, 1611, 102]"
85,"[1077, 1118, 1257, 265, 1034]"
86,"[1772, 413, 110, 81, 597]"
87,"[97, 96, 1320, 409, 650]"
88,"[1567, 1896, 1607, 1608, 1904]"
89,"[468, 73, 111, 282, 1904]"
90,"[672, 1160, 1295, 1903, 165]"
91,"[772, 79, 650, 1202, 410]"
92,"[114, 1192, 16, 1604, 890]"
93,"[648, 480, 1542, 809, 1534]"
94,"[114, 447, 1904, 1112, 16]"
95,"[112, 890, 1676, 113, 1675]"
96,"[1290, 1317, 365, 501, 800]"
97,"[403, 72, 429, 749, 1320]"
98,"[1248, 1640, 228, 1193, 1676]"
99,"[1717, 1317, 73, 892, 480]"
100,"[1567, 1904, 922, 926, 409]"
101,"[433, 1640, 1566, 1675, 1279]"
102,"[403, 1317, 480, 1723, 111]"
103,"[1249, 121, 1197, 420, 1202]"
104,"[1192, 1312, 1567, 1904, 1884]"
105,"[1772, 110, 1640, 126, 1639]"
106,"[1676, 322, 125, 365, 1014]"
107,"[66, 688, 1107, 1002, 232]"
108,"[828, 468, 903, 660, 82]"
109,"[403, 1249, 1898, 1575, 444]"
110,"[444, 789, 672, 403, 851]"
111,"[403, 1344, 1915, 1566, 1077]"
112,"[789, 444, 165, 1193, 66]"
113,"[73, 1246, 82, 1317, 111]"
114,"[1915, 1687, 434, 672, 101]"
115,"[1772, 1723, 501, 800, 480]"
116,"[165, 410, 1202, 1620, 672]"
117,"[289, 1070, 1566, 1116, 650]"
118,"[403, 1723, 480, 511, 1705]"
119,"[60, 1604, 1639, 926, 1695]"
120,"[16, 441, 1772, 903, 442]"
121,"[1202, 410, 405, 926, 1639]"
122,"[1834, 1871, 1772, 1320, 1363]"
123,"[1913, 1192, 1611, 1887, 1904]"
124,"[73, 282, 468, 403, 37]"
125,"[1249, 480, 468, 660, 1063]"
126,"[1249, 1611, 1746, 87, 458]"
127,"[1677, 1202, 410, 926, 165]"
128,"[114, 1112, 16, 1192, 884]"
129,"[1666, 444, 672, 432, 1291]"
130,"[403, 1197, 1073, 749, 409]"
131,"[1246, 471, 1744, 454, 62]"
132,"[1885, 1887, 1704, 1705, 1892]"
133,"[687, 1521, 1249, 1705, 1704]"
134,"[1249, 432, 1907, 121, 1830]"
135,"[403, 1723, 480, 511, 1704]"
136,"[73, 1717, 1317, 1006, 82]"
137,"[73, 37, 111, 1607, 1114]"
138,"[1567, 866, 1904, 1191, 808]"
139,"[1666, 1607, 672, 444, 1193]"
140,"[1592, 1290, 1249, 688, 165]"
141,"[165, 164, 672, 1592, 1666]"
142,"[1904, 114, 1192, 1899, 1926]"
143,"[672, 165, 98, 89, 1249]"
144,"[1772, 594, 587, 595, 593]"
145,"[1895, 1287, 82, 660, 828]"
146,"[1317, 73, 403, 1717, 111]"
147,"[925, 167, 928, 931, 174]"
148,"[111, 95, 480, 862, 1723]"
149,"[1192, 1904, 1567, 1613, 455]"
150,"[1567, 480, 1249, 1063, 110]"
151,"[1915, 1906, 922, 165, 1620]"
152,"[1921, 292, 1048, 1113, 114]"
153,"[1620, 1202, 165, 410, 1249]"
154,"[1317, 660, 1762, 1758, 606]"
155,"[1192, 110, 1904, 692, 114]"
156,"[73, 1317, 468, 1717, 111]"
157,"[1534, 1903, 1607, 1898, 1160]"
158,"[110, 1904, 1613, 114, 1567]"
159,"[692, 1600, 1192, 440, 1904]"
160,"[403, 1666, 409, 1640, 1906]"
161,"[866, 1884, 1071, 1910, 1705]"
162,"[1567, 1887, 1896, 1539, 1534]"
163,"[1567, 135, 1760, 1072, 1896]"
164,"[1772, 587, 590, 593, 597]"
165,"[1317, 403, 111, 1764, 1818]"
166,"[1877, 828, 135, 1287, 1015]"
167,"[111, 1723, 1428, 282, 866]"
168,"[403, 1772, 808, 1006, 432]"
169,"[165, 164, 1696, 102, 98]"
170,"[672, 789, 1885, 851, 1592]"
171,"[866, 688, 898, 904, 125]"
172,"[1567, 16, 1896, 1899, 1904]"
173,"[1192, 1613, 856, 1904, 455]"
174,"[866, 1073, 1922, 1897, 102]"
175,"[102, 922, 1746, 1534, 89]"
176,"[1915, 1696, 1344, 164, 165]"
177,"[403, 282, 1666, 511, 480]"
178,"[1192, 890, 114, 1908, 1711]"
179,"[749, 782, 403, 1320, 667]"
180,"[403, 1197, 1915, 1566, 1269]"
181,"[1904, 1566, 1903, 403, 1659]"
182,"[1192, 455, 16, 1904, 1896]"
183,"[112, 890, 1902, 95, 1915]"
184,"[1197, 403, 446, 1204, 1915]"
185,"[1249, 432, 121, 458, 901]"
186,"[1904, 1885, 1887, 1894, 1567]"
187,"[1904, 1567, 1885, 1588, 1887]"
188,"[116, 1192, 114, 455, 1705]"
189,"[1246, 1708, 1203, 1317, 1772]"
190,"[1675, 1676, 890, 1906, 1902]"
191,"[1760, 857, 1761, 1704, 1705]"
192,"[403, 1080, 1705, 444, 866]"
193,"[1130, 1077, 878, 335, 1280]"
194,"[95, 1567, 37, 1904, 101]"
195,"[403, 1566, 1705, 1704, 444]"
196,"[16, 1896, 1567, 413, 43]"
197,"[403, 1723, 480, 72, 749]"
198,"[403, 1915, 73, 480, 926]"
199,"[862, 403, 111, 78, 1705]"
200,"[1192, 1705, 1704, 687, 114]"
201,"[866, 808, 403, 121, 749]"
202,"[1676, 1249, 405, 1675, 1202]"
203,"[1317, 480, 73, 1723, 468]"
204,"[1607, 1517, 1535, 1903, 851]"
205,"[890, 1676, 114, 1344, 60]"
206,"[1317, 73, 1717, 403, 111]"
207,"[1772, 16, 1461, 1210, 1457]"
208,"[111, 1705, 1249, 860, 1600]"
209,"[1567, 16, 1249, 102, 95]"
210,"[403, 1006, 73, 1666, 282]"
211,"[1884, 1562, 432, 1536, 783]"
212,"[1639, 1192, 1604, 1636, 16]"
213,"[114, 1192, 1904, 1600, 60]"
214,"[1611, 1604, 808, 1249, 1606]"
215,"[1772, 43, 1904, 1896, 1192]"
216,"[114, 1192, 1921, 890, 1910]"
217,"[1246, 1708, 73, 413, 803]"
218,"[1899, 1885, 1753, 1567, 1907]"
219,"[480, 468, 501, 660, 37]"
220,"[1249, 60, 926, 1204, 1721]"
221,"[1666, 403, 672, 1904, 1613]"
222,"[1903, 1781, 135, 1160, 738]"
223,"[1704, 1705, 1760, 1761, 1316]"
224,"[1567, 16, 1896, 135, 1904]"
225,"[1906, 1202, 410, 1637, 1676]"
226,"[1885, 603, 1676, 403, 444]"
227,"[672, 98, 167, 169, 919]"
228,"[888, 687, 1112, 846, 1705]"
229,"[605, 1904, 1695, 773, 1613]"
230,"[866, 121, 480, 1072, 468]"
231,"[1640, 1161, 412, 417, 1038]"
232,"[95, 43, 1904, 1599, 1887]"
233,"[1192, 114, 1610, 692, 455]"
234,"[111, 672, 441, 444, 1898]"
235,"[672, 432, 1666, 1620, 1592]"
236,"[16, 1567, 114, 1192, 110]"
237,"[1830, 1887, 501, 1363, 1834]"
238,"[1249, 1592, 672, 1832, 1830]"
239,"[1582, 1380, 426, 1718, 88]"
240,"[1249, 403, 1566, 405, 1906]"
241,"[1192, 1904, 455, 1613, 114]"
242,"[672, 928, 169, 929, 932]"
243,"[1567, 135, 1249, 1887, 16]"
244,"[866, 1887, 1556, 890, 1554]"
245,"[1887, 1249, 93, 1401, 1316]"
246,"[692, 1604, 890, 116, 1192]"
247,"[403, 73, 1320, 1006, 111]"
248,"[1567, 1534, 1192, 110, 1554]"
249,"[1192, 114, 16, 1904, 110]"
250,"[73, 1246, 1317, 1708, 803]"
251,"[432, 121, 1249, 111, 1277]"
252,"[1676, 1202, 410, 1906, 1677]"
253,"[81, 836, 1704, 1705, 681]"
254,"[455, 114, 1307, 16, 116]"
255,"[749, 687, 403, 866, 121]"
256,"[672, 1904, 1666, 102, 1746]"
257,"[851, 1894, 1885, 480, 857]"
258,"[765, 747, 754, 755, 756]"
259,"[922, 1915, 878, 926, 890]"
260,"[1317, 111, 474, 661, 403]"
261,"[111, 1723, 1317, 1717, 1428]"
262,"[1249, 95, 102, 501, 1904]"
263,"[1904, 1886, 1885, 1894, 1666]"
264,"[866, 1885, 857, 121, 1823]"
265,"[1249, 1401, 1457, 1830, 1404]"
266,"[1887, 1915, 1885, 1358, 1567]"
267,"[857, 1705, 1704, 1721, 1277]"
268,"[1884, 1904, 1611, 692, 102]"
269,"[862, 1040, 480, 1567, 1249]"
270,"[379, 1896, 1772, 1567, 587]"
271,"[1659, 1592, 1043, 1918, 213]"
272,"[405, 726, 727, 1650, 734]"
273,"[1915, 405, 1014, 1299, 1077]"
274,"[1608, 1607, 1277, 1063, 1249]"
275,"[1249, 901, 432, 848, 823]"
276,"[290, 281, 118, 1122, 1560]"
277,"[1249, 432, 1611, 458, 1604]"
278,"[110, 660, 652, 1023, 1581]"
279,"[480, 648, 1679, 1491, 1412]"
280,"[403, 1317, 480, 1723, 111]"
281,"[1567, 1894, 1607, 1904, 1608]"
282,"[1904, 112, 113, 1192, 890]"
283,"[1904, 1613, 78, 1192, 1567]"
284,"[1607, 1885, 1903, 444, 1612]"
285,"[1246, 621, 441, 1264, 1265]"
286,"[1639, 1676, 603, 408, 1131]"
287,"[28, 29, 27, 23, 21]"
288,"[403, 1317, 73, 1246, 1320]"
289,"[1676, 165, 1675, 1604, 89]"
290,"[1677, 1639, 125, 1676, 872]"
291,"[1561, 1915, 89, 1793, 1777]"
292,"[1746, 102, 1192, 1904, 1533]"
293,"[1723, 403, 111, 480, 1428]"
294,"[1705, 1704, 72, 340, 1789]"
295,"[1695, 1163, 605, 1639, 1924]"
296,"[1676, 164, 165, 1637, 1202]"
297,"[1904, 860, 890, 1906, 1249]"
298,"[1904, 1192, 114, 1890, 110]"
299,"[432, 111, 1249, 121, 866]"
300,"[403, 480, 862, 432, 1704]"
301,"[862, 480, 1249, 1705, 1723]"
302,"[1317, 1290, 468, 587, 800]"
303,"[1249, 1197, 688, 1791, 1901]"
304,"[1112, 687, 1705, 1704, 455]"
305,"[403, 1320, 749, 1006, 667]"
306,"[16, 1567, 1063, 1727, 110]"
307,"[1320, 403, 1723, 501, 1363]"
308,"[1887, 480, 1723, 933, 66]"
309,"[114, 110, 116, 1193, 720]"
310,"[111, 135, 468, 866, 73]"
311,"[405, 1704, 1705, 1566, 672]"
312,"[749, 403, 866, 1670, 121]"
313,"[1825, 1249, 497, 1511, 1404]"
314,"[1264, 1265, 442, 441, 82]"
315,"[403, 1723, 282, 66, 111]"
316,"[403, 1723, 480, 511, 1705]"
317,"[1192, 114, 1610, 1312, 44]"
318,"[890, 112, 1114, 1620, 866]"
319,"[114, 16, 455, 1192, 116]"
320,"[403, 1723, 480, 1428, 73]"
321,"[890, 1604, 1611, 1924, 112]"
322,"[480, 37, 1823, 890, 687]"
323,"[403, 409, 1249, 432, 72]"
324,"[16, 1192, 455, 1611, 862]"
325,"[1246, 1317, 468, 1772, 501]"
326,"[1666, 672, 1607, 432, 1885]"
327,"[1896, 1904, 1192, 1611, 1599]"
328,"[405, 926, 857, 1202, 410]"
329,"[1063, 678, 1249, 787, 1359]"
330,"[1915, 890, 1902, 1552, 1344]"
331,"[468, 1163, 1197, 1772, 808]"
332,"[1249, 1677, 60, 114, 405]"
333,"[403, 808, 1192, 1904, 1906]"
334,"[1607, 403, 1903, 164, 444]"
335,"[1249, 432, 926, 165, 1924]"
336,"[1717, 111, 403, 1428, 1320]"
337,"[403, 1566, 405, 1249, 605]"
338,"[89, 926, 922, 165, 1907]"
339,"[1904, 1566, 1903, 403, 1659]"
340,"[16, 114, 1611, 1192, 1884]"
341,"[1192, 18, 1534, 471, 1904]"
342,"[1902, 749, 161, 1885, 789]"
343,"[114, 1192, 16, 116, 455]"
344,"[413, 82, 1192, 1708, 116]"
345,"[1659, 403, 1269, 444, 405]"
346,"[1915, 165, 164, 98, 102]"
347,"[1192, 116, 692, 114, 110]"
348,"[1825, 1915, 430, 749, 265]"
349,"[1192, 114, 1910, 1112, 890]"
350,"[1907, 1561, 890, 588, 1555]"
351,"[1192, 1112, 1312, 1521, 455]"
352,"[1567, 1192, 614, 29, 1613]"
353,"[1006, 313, 1741, 1297, 861]"
354,"[403, 165, 866, 808, 102]"
355,"[409, 102, 1746, 672, 926]"
356,"[823, 1249, 1666, 430, 403]"
357,"[1192, 455, 114, 1610, 605]"
358,"[1320, 72, 403, 1670, 749]"
359,"[1904, 890, 1192, 112, 1604]"
360,"[890, 1887, 1191, 1249, 1891]"
361,"[1885, 1887, 410, 121, 1202]"
362,"[890, 1891, 1887, 1191, 1599]"
363,"[890, 112, 1904, 1192, 113]"
364,"[93, 1249, 121, 866, 89]"
365,"[403, 480, 1723, 111, 121]"
366,"[403, 1320, 749, 667, 1006]"
367,"[901, 1249, 1557, 432, 1896]"
368,"[1705, 1704, 1830, 1834, 1871]"
369,"[514, 1903, 511, 135, 403]"
370,"[853, 1723, 1705, 1704, 370]"
371,"[1721, 1871, 1834, 1704, 1705]"
372,"[403, 73, 1320, 866, 749]"
373,"[1789, 1791, 1790, 789, 403]"
374,"[687, 1705, 1704, 1521, 1112]"
375,"[73, 282, 111, 468, 403]"
376,"[1896, 1704, 1705, 1599, 1191]"
377,"[403, 1566, 902, 1676, 1299]"
378,"[480, 1461, 1249, 903, 691]"
379,"[1887, 43, 650, 884, 1899]"
380,"[1567, 1612, 1904, 1620, 1615]"
381,"[1666, 672, 1249, 1607, 1608]"
382,"[1249, 1924, 60, 1907, 102]"
383,"[1567, 480, 1898, 1607, 1885]"
384,"[789, 1909, 672, 1193, 1885]"
385,"[587, 590, 593, 588, 597]"
386,"[789, 851, 480, 579, 590]"
387,"[1249, 1611, 1567, 672, 1607]"
388,"[696, 695, 78, 1904, 1176]"
389,"[403, 121, 1257, 1118, 409]"
390,"[403, 1279, 282, 73, 1915]"
391,"[114, 1192, 1904, 1600, 1270]"
392,"[1922, 1897, 89, 1567, 409]"
393,"[403, 1197, 1317, 73, 409]"
394,"[892, 110, 480, 1760, 1613]"
395,"[1567, 16, 1896, 135, 1904]"
396,"[587, 818, 590, 349, 1578]"
397,"[114, 1192, 1926, 455, 110]"
398,"[403, 1197, 1249, 405, 1566]"
399,"[866, 1527, 89, 695, 93]"
400,"[1887, 121, 1894, 480, 1249]"
401,"[688, 789, 409, 658, 165]"
402,"[1772, 16, 1192, 1246, 1197]"
403,"[1249, 1192, 687, 1721, 1705]"
404,"[403, 73, 1006, 1317, 1320]"
405,"[480, 111, 73, 1723, 511]"
406,"[1906, 672, 102, 1746, 432]"
407,"[403, 444, 73, 282, 1723]"
408,"[692, 1902, 1924, 890, 1904]"
409,"[480, 1249, 748, 1885, 844]"
410,"[1566, 1699, 1911, 78, 734]"
411,"[405, 1249, 1566, 1302, 403]"
412,"[1611, 1604, 1249, 888, 1192]"
413,"[403, 1834, 1871, 1831, 1832]"
414,"[688, 789, 751, 1695, 876]"
415,"[73, 468, 135, 111, 480]"
416,"[1192, 1904, 116, 1536, 1112]"
417,"[1249, 93, 121, 430, 1261]"
418,"[165, 1677, 1202, 410, 408]"
419,"[403, 432, 672, 1723, 66]"
420,"[66, 1620, 165, 287, 755]"
421,"[1249, 213, 259, 721, 199]"
422,"[1742, 480, 28, 1704, 1705]"
423,"[594, 1320, 1363, 1513, 542]"
424,"[403, 1659, 1666, 672, 405]"
425,"[1666, 444, 1885, 672, 1291]"
426,"[789, 672, 1197, 688, 403]"
427,"[116, 114, 1676, 1248, 1192]"
428,"[1319, 164, 1604, 1063, 615]"
429,"[1549, 1697, 1551, 1738, 171]"
430,"[1249, 403, 409, 121, 1511]"
431,"[72, 1753, 1754, 1829, 1827]"
432,"[1604, 1192, 1249, 1884, 102]"
433,"[1915, 1344, 102, 1269, 1607]"
434,"[1193, 1613, 1885, 1904, 1909]"
435,"[1567, 403, 808, 1607, 1249]"
436,"[403, 405, 409, 1566, 1249]"
437,"[511, 1723, 403, 480, 111]"
438,"[1249, 1592, 1620, 121, 409]"
439,"[1317, 1320, 1363, 468, 587]"
440,"[1904, 860, 890, 1906, 1249]"
441,"[587, 471, 23, 590, 593]"
442,"[660, 866, 639, 1723, 1725]"
443,"[1249, 1063, 660, 1567, 480]"
444,"[455, 1192, 102, 606, 16]"
445,"[1830, 1871, 1834, 1302, 1704]"
446,"[1204, 1001, 1006, 1123, 607]"
447,"[1249, 430, 1261, 1256, 1721]"
448,"[1249, 430, 1604, 1606, 408]"
449,"[1904, 113, 164, 124, 922]"
450,"[1193, 672, 403, 1885, 159]"
451,"[1666, 672, 432, 1659, 1291]"
452,"[93, 1114, 1887, 95, 866]"
453,"[1902, 101, 605, 112, 692]"
454,"[866, 1705, 1704, 1823, 121]"
455,"[248, 480, 228, 995, 734]"
456,"[43, 1896, 1922, 1897, 1904]"
457,"[890, 1676, 112, 1906, 124]"
458,"[1915, 1675, 1676, 171, 1001]"
459,"[403, 1659, 405, 1906, 98]"
460,"[1705, 1704, 1300, 405, 1825]"
461,"[82, 16, 73, 1772, 468]"
462,"[672, 1249, 1901, 1746, 1791]"
463,"[866, 1913, 1887, 1818, 1819]"
464,"[1249, 60, 1676, 1604, 926]"
465,"[73, 403, 282, 468, 111]"
466,"[405, 926, 1885, 624, 1073]"
467,"[73, 403, 111, 468, 480]"
468,"[9, 36, 18, 1709, 413]"
469,"[1904, 113, 1192, 1696, 1697]"
470,"[413, 415, 811, 24, 1192]"
471,"[1677, 1255, 1277, 124, 922]"
472,"[16, 110, 1772, 860, 1567]"
473,"[1592, 1202, 410, 165, 405]"
474,"[1632, 853, 1007, 250, 265]"
475,"[1249, 102, 898, 688, 1746]"
476,"[621, 595, 594, 1463, 593]"
477,"[403, 1566, 1077, 866, 431]"
478,"[1612, 866, 121, 1914, 1904]"
479,"[1192, 890, 1904, 112, 102]"
480,"[1666, 444, 432, 672, 1607]"
481,"[403, 444, 1659, 808, 688]"
482,"[1192, 455, 16, 1610, 116]"
483,"[1607, 672, 1666, 1277, 1659]"
484,"[890, 692, 1902, 1192, 455]"
485,"[1069, 868, 1748, 248, 1620]"
486,"[1607, 480, 1903, 403, 444]"
487,"[16, 165, 1567, 888, 901]"
488,"[672, 167, 928, 169, 929]"
489,"[1028, 167, 1029, 928, 169]"
490,"[1249, 1604, 102, 1617, 430]"
491,"[1611, 216, 102, 1746, 1582]"
492,"[1607, 1277, 1659, 672, 1637]"
493,"[102, 1746, 1404, 216, 1249]"
494,"[890, 1249, 1581, 687, 1192]"
495,"[1894, 1890, 789, 95, 851]"
496,"[1696, 1733, 1911, 1263, 213]"
497,"[1192, 789, 1607, 672, 1885]"
498,"[102, 165, 922, 1620, 1746]"
499,"[1192, 114, 1904, 692, 116]"
500,"[403, 73, 111, 738, 1091]"
501,"[114, 1192, 1600, 110, 1921]"
502,"[501, 1334, 1363, 1249, 1723]"
503,"[111, 480, 1704, 1705, 1600]"
504,"[866, 1887, 884, 410, 1620]"
505,"[340, 1632, 1889, 1019, 228]"
506,"[1290, 110, 1317, 1246, 16]"
507,"[1295, 1666, 1279, 1636, 78]"
508,"[903, 1906, 866, 1926, 1040]"
509,"[1249, 1611, 93, 866, 121]"
510,"[798, 1772, 42, 621, 1264]"
511,"[114, 890, 116, 455, 454]"
512,"[1192, 1607, 1567, 1904, 926]"
513,"[282, 73, 403, 66, 866]"
514,"[1677, 1604, 165, 672, 692]"
515,"[89, 926, 165, 1695, 1249]"
516,"[1676, 890, 408, 1249, 1604]"
517,"[444, 1666, 1904, 432, 403]"
518,"[1620, 672, 902, 1676, 1612]"
519,"[16, 1567, 1192, 1896, 808]"
520,"[647, 1887, 688, 1655, 1705]"
521,"[1246, 1708, 73, 413, 803]"
522,"[1249, 1511, 1363, 749, 1592]"
523,"[430, 1256, 1261, 1259, 405]"
524,"[672, 1666, 403, 1885, 1202]"
525,"[171, 1544, 1618, 1639, 1534]"
526,"[1904, 1604, 866, 102, 1275]"
527,"[409, 167, 928, 169, 929]"
528,"[1613, 1696, 110, 1270, 692]"
529,"[1320, 403, 1834, 1871, 1772]"
530,"[1904, 1192, 102, 455, 1599]"
531,"[1766, 1825, 1880, 1077, 1830]"
532,"[444, 1607, 1269, 1659, 672]"
533,"[16, 1567, 1192, 1249, 1063]"
534,"[1723, 501, 1788, 1787, 304]"
535,"[789, 1249, 1887, 1885, 405]"
536,"[403, 480, 1723, 111, 1317]"
537,"[455, 116, 1192, 454, 114]"
538,"[1028, 167, 1029, 928, 169]"
539,"[480, 1317, 468, 903, 403]"
540,"[1709, 18, 1742, 9, 36]"
541,"[403, 405, 1639, 672, 1299]"
542,"[16, 1192, 114, 455, 116]"
543,"[1915, 1906, 1202, 410, 165]"
544,"[1567, 1193, 1885, 1753, 672]"
545,"[1666, 1607, 672, 403, 1885]"
546,"[672, 1666, 1640, 1906, 444]"
547,"[432, 1607, 480, 1666, 1871]"
548,"[606, 790, 1290, 1249, 1063]"
549,"[16, 1760, 1705, 860, 1761]"
550,"[1666, 1695, 1202, 410, 1073]"
551,"[403, 1885, 405, 1073, 1202]"
552,"[1567, 1904, 1192, 1896, 110]"
553,"[1666, 1659, 403, 672, 1607]"
554,"[1666, 1607, 403, 1249, 672]"
555,"[1536, 116, 18, 1489, 1907]"
556,"[16, 114, 1192, 110, 890]"
557,"[1567, 1249, 1607, 866, 121]"
558,"[114, 1924, 455, 890, 124]"
559,"[1896, 1904, 1899, 1887, 43]"
560,"[1752, 853, 1818, 1819, 1820]"
561,"[890, 114, 1192, 1604, 1611]"
562,"[112, 890, 1675, 113, 101]"
563,"[1317, 365, 1290, 403, 1705]"
564,"[114, 116, 455, 1192, 16]"
565,"[1620, 1890, 287, 1887, 147]"
566,"[890, 112, 102, 1636, 113]"
567,"[749, 866, 121, 1887, 480]"
568,"[1750, 925, 167, 928, 931]"
569,"[1904, 1899, 1613, 1567, 113]"
570,"[403, 1249, 926, 432, 925]"
571,"[1906, 1191, 1899, 1528, 1588]"
572,"[1915, 102, 112, 165, 1676]"
573,"[890, 89, 1604, 112, 1676]"
574,"[1567, 432, 1607, 866, 901]"
575,"[1903, 113, 1915, 1363, 786]"
576,"[1764, 1428, 72, 1723, 738]"
577,"[401, 739, 441, 649, 782]"
578,"[164, 1249, 165, 89, 113]"
579,"[1887, 890, 93, 1904, 89]"
580,"[403, 1202, 410, 866, 1338]"
581,"[866, 1567, 403, 1604, 1906]"
582,"[1295, 98, 1620, 1670, 1825]"
583,"[409, 102, 1527, 410, 1202]"
584,"[1312, 1112, 455, 16, 1192]"
585,"[403, 892, 1704, 1705, 1073]"
586,"[165, 1249, 926, 1915, 922]"
587,"[890, 1192, 112, 1899, 1604]"
588,"[403, 866, 1249, 672, 1705]"
589,"[1639, 405, 470, 620, 444]"
590,"[1560, 1766, 1169, 395, 1091]"
591,"[1705, 1704, 687, 1761, 1760]"
592,"[1613, 102, 1903, 3, 1604]"
593,"[480, 1249, 1887, 1723, 403]"
594,"[1915, 165, 451, 171, 102]"
595,"[18, 798, 1709, 1772, 648]"
596,"[1312, 1884, 464, 1112, 114]"
597,"[1246, 1904, 113, 95, 112]"
598,"[1118, 1560, 410, 1202, 514]"
599,"[403, 1249, 111, 1705, 1704]"
600,"[1676, 1202, 410, 1677, 1639]"
601,"[672, 444, 1202, 410, 1640]"
602,"[1249, 1648, 430, 930, 1832]"
603,"[73, 1708, 1772, 1320, 1006]"
604,"[660, 1772, 468, 1163, 1063]"
605,"[1202, 167, 928, 169, 929]"
606,"[1114, 1887, 866, 1723, 1249]"
607,"[480, 1249, 121, 1704, 1705]"
608,"[54, 57, 58, 16, 691]"
609,"[114, 116, 1192, 890, 1705]"
610,"[1701, 688, 1670, 751, 171]"
611,"[480, 1723, 468, 1317, 111]"
612,"[1192, 692, 116, 1904, 114]"
613,"[114, 890, 1604, 1192, 116]"
614,"[73, 480, 1742, 1246, 403]"
615,"[1825, 1832, 1249, 1836, 1873]"
616,"[1637, 1676, 403, 405, 902]"
617,"[135, 132, 1203, 765, 770]"
618,"[480, 111, 1249, 1554, 1887]"
619,"[78, 1295, 1906, 1066, 1904]"
620,"[1317, 111, 1717, 1290, 403]"
621,"[1772, 681, 439, 687, 1599]"
622,"[403, 78, 1264, 1265, 1903]"
623,"[111, 862, 480, 18, 1709]"
624,"[480, 1772, 37, 687, 648]"
625,"[1676, 1677, 890, 1675, 455]"
626,"[1903, 1196, 1676, 405, 1202]"
627,"[501, 1772, 1880, 1457, 468]"
628,"[898, 1249, 872, 688, 1607]"
629,"[82, 468, 73, 1317, 111]"
630,"[114, 1192, 16, 455, 1604]"
631,"[1612, 866, 1927, 1065, 1620]"
632,"[455, 114, 1192, 454, 1924]"
633,"[933, 903, 1830, 1511, 1705]"
634,"[114, 116, 1192, 455, 102]"
635,"[672, 1612, 1193, 165, 789]"
636,"[1246, 413, 1708, 1317, 16]"
637,"[1772, 672, 594, 789, 1640]"
638,"[403, 444, 1675, 66, 1344]"
639,"[1885, 789, 615, 439, 1202]"
640,"[650, 892, 1788, 1787, 1723]"
641,"[1677, 410, 1202, 922, 1675]"
642,"[410, 1202, 405, 1666, 902]"
643,"[749, 1670, 403, 866, 282]"
644,"[114, 16, 116, 890, 1192]"
645,"[403, 1723, 480, 1317, 73]"
646,"[1666, 672, 1659, 403, 1607]"
647,"[403, 1659, 1249, 405, 409]"
648,"[1904, 1192, 112, 890, 113]"
649,"[1904, 1885, 1887, 1894, 789]"
650,"[1904, 413, 1192, 1613, 43]"
651,"[1192, 455, 1904, 16, 1567]"
652,"[403, 480, 73, 432, 1723]"
653,"[1772, 1705, 1704, 1192, 114]"
654,"[18, 587, 588, 1249, 590]"
655,"[403, 1249, 121, 480, 866]"
656,"[114, 1192, 890, 110, 112]"
657,"[1896, 16, 1567, 1192, 1613]"
658,"[1705, 1704, 455, 114, 1192]"
659,"[454, 16, 903, 1476, 1705]"
660,"[16, 888, 1896, 455, 846]"
661,"[480, 111, 1723, 1717, 1428]"
662,"[1192, 1904, 1600, 692, 1523]"
663,"[1192, 692, 1604, 846, 1611]"
664,"[1758, 1191, 1249, 1147, 1704]"
665,"[114, 1604, 116, 1249, 1600]"
666,"[405, 1676, 1202, 410, 926]"
667,"[72, 1073, 650, 922, 275]"
668,"[1536, 1898, 1534, 1489, 1554]"
669,"[1581, 1880, 1023, 1921, 114]"
670,"[501, 660, 1363, 892, 1370]"
671,"[403, 672, 1750, 808, 165]"
672,"[866, 1908, 1891, 1072, 37]"
673,"[1192, 1567, 1896, 1772, 1613]"
674,"[1666, 672, 405, 1659, 403]"
675,"[1887, 1320, 79, 1249, 749]"
676,"[1317, 403, 1705, 111, 1704]"
677,"[101, 1566, 588, 413, 303]"
678,"[1204, 1696, 1697, 114, 409]"
679,"[18, 29, 28, 800, 1709]"
680,"[1567, 403, 866, 165, 1249]"
681,"[1904, 1112, 808, 650, 1521]"
682,"[480, 468, 111, 1190, 37]"
683,"[1063, 1204, 25, 408, 28]"
684,"[111, 1705, 480, 1704, 687]"
685,"[1899, 1907, 165, 1906, 1526]"
686,"[432, 1249, 287, 165, 1607]"
687,"[1363, 1370, 501, 1334, 403]"
688,"[403, 1249, 1592, 405, 1906]"
689,"[78, 1904, 1297, 1070, 164]"
690,"[111, 282, 73, 468, 1723]"
691,"[1608, 1277, 1607, 1599, 1191]"
692,"[403, 1249, 1566, 1063, 405]"
693,"[1112, 1192, 1521, 1312, 454]"
694,"[1192, 1772, 1705, 1704, 1744]"
695,"[403, 1249, 405, 1566, 1827]"
696,"[114, 1192, 110, 1904, 1567]"
697,"[403, 66, 1320, 1061, 282]"
698,"[1607, 165, 1160, 1637, 1270]"
699,"[1705, 1704, 687, 1772, 660]"
700,"[1567, 16, 1192, 413, 860]"
701,"[1704, 1705, 403, 1249, 862]"
702,"[73, 468, 1570, 82, 135]"
703,"[403, 480, 511, 1249, 1511]"
704,"[1592, 1043, 213, 1202, 410]"
705,"[1249, 165, 403, 121, 444]"
706,"[739, 165, 441, 1636, 1592]"
707,"[866, 1830, 1197, 1834, 1871]"
708,"[403, 1903, 444, 1675, 672]"
709,"[1556, 1538, 866, 1887, 410]"
710,"[403, 444, 1659, 808, 688]"
711,"[1258, 1259, 1260, 1261, 430]"
712,"[1567, 16, 1896, 135, 1904]"
713,"[164, 1903, 113, 1904, 1196]"
714,"[672, 1901, 165, 444, 789]"
715,"[789, 1885, 851, 672, 1907]"
716,"[588, 789, 1592, 1567, 587]"
717,"[403, 1659, 1249, 808, 1639]"
718,"[1249, 1611, 16, 102, 1746]"
719,"[1112, 1312, 455, 1192, 1610]"
720,"[78, 1138, 1898, 1582, 1380]"
721,"[1192, 114, 890, 1610, 1521]"
722,"[1904, 1538, 1640, 1556, 403]"
723,"[95, 93, 37, 101, 1904]"
724,"[73, 403, 282, 468, 111]"
725,"[1904, 1191, 1613, 405, 1295]"
726,"[1612, 1160, 73, 1889, 1914]"
727,"[1639, 1640, 1188, 377, 1291]"
728,"[1567, 1192, 1896, 1904, 16]"
729,"[1063, 1249, 1006, 403, 672]"
730,"[403, 511, 1723, 480, 1705]"
731,"[1666, 1607, 672, 1277, 1659]"
732,"[480, 1705, 1249, 1704, 862]"
733,"[1513, 542, 594, 1317, 1772]"
734,"[1249, 672, 1902, 1511, 1508]"
735,"[1704, 749, 755, 756, 764]"
736,"[403, 73, 111, 1317, 480]"
737,"[1904, 1607, 98, 113, 1599]"
738,"[1098, 292, 1704, 1705, 1760]"
739,"[1567, 135, 789, 1889, 372]"
740,"[1605, 1705, 1704, 111, 1760]"
741,"[1567, 16, 1896, 1192, 455]"
742,"[403, 605, 78, 1204, 642]"
743,"[73, 403, 282, 468, 111]"
744,"[113, 112, 890, 403, 1915]"
745,"[95, 1904, 1894, 165, 1896]"
746,"[403, 73, 480, 1249, 1197]"
747,"[890, 114, 89, 1604, 1676]"
748,"[1639, 408, 1269, 395, 1249]"
749,"[1249, 1887, 1830, 866, 1834]"
750,"[468, 1812, 1813, 1706, 1814]"
751,"[672, 165, 789, 1901, 1620]"
752,"[1742, 468, 16, 73, 114]"
753,"[455, 114, 1192, 116, 16]"
754,"[1192, 890, 1904, 112, 692]"
755,"[444, 403, 74, 1080, 1258]"
756,"[1567, 16, 1896, 43, 1884]"
757,"[66, 1630, 249, 252, 1009]"
758,"[1317, 1742, 1246, 1112, 111]"
759,"[672, 98, 97, 96, 1746]"
760,"[1723, 1114, 1620, 403, 511]"
761,"[1705, 1704, 1809, 403, 1723]"
762,"[1536, 890, 1885, 1534, 1489]"
763,"[1277, 1608, 1607, 1666, 1659]"
764,"[16, 1192, 677, 1611, 1600]"
765,"[1302, 1511, 395, 1252, 1404]"
766,"[1772, 443, 1723, 1067, 1715]"
767,"[1567, 1753, 595, 587, 593]"
768,"[403, 1320, 749, 925, 167]"
769,"[165, 403, 113, 444, 1675]"
770,"[1246, 413, 1708, 1317, 16]"
771,"[1193, 403, 1612, 293, 444]"
772,"[403, 480, 73, 1723, 1887]"
773,"[480, 1009, 86, 1013, 66]"
774,"[1567, 16, 1192, 1904, 1896]"
775,"[1192, 110, 1904, 1613, 692]"
776,"[1612, 1193, 1620, 1676, 1675]"
777,"[480, 1249, 121, 1607, 37]"
778,"[672, 1607, 1608, 1249, 1063]"
779,"[1666, 1911, 1303, 213, 1076]"
780,"[403, 1249, 1676, 405, 926]"
781,"[1192, 1904, 1567, 1613, 455]"
782,"[1915, 1675, 1202, 410, 165]"
783,"[892, 403, 1019, 857, 72]"
784,"[73, 1006, 808, 82, 480]"
785,"[1812, 1810, 1813, 1706, 1814]"
786,"[213, 1666, 1249, 964, 979]"
787,"[828, 1566, 1785, 1570, 856]"
788,"[114, 1604, 890, 1192, 1191]"
789,"[1317, 480, 403, 1723, 1717]"
790,"[866, 121, 1202, 410, 1911]"
791,"[1705, 1704, 16, 1113, 455]"
792,"[1192, 1567, 114, 110, 455]"
793,"[289, 1066, 866, 808, 1176]"
794,"[614, 1904, 1640, 78, 446]"
795,"[890, 1830, 1834, 1871, 1249]"
796,"[438, 78, 1066, 1906, 926]"
797,"[1192, 1904, 1112, 114, 455]"
798,"[1742, 480, 1192, 18, 19]"
799,"[903, 1317, 474, 1758, 1762]"
800,"[165, 672, 408, 1677, 1675]"
801,"[1904, 1246, 614, 1696, 1903]"
802,"[444, 165, 1675, 1666, 1249]"
803,"[922, 1924, 1677, 1112, 454]"
804,"[1915, 1344, 1632, 738, 98]"
805,"[1640, 808, 1246, 1639, 1204]"
806,"[1772, 1192, 1705, 1704, 16]"
807,"[1192, 1904, 114, 692, 455]"
808,"[114, 16, 1192, 1604, 808]"
809,"[1901, 165, 672, 441, 102]"
810,"[1741, 1192, 291, 313, 863]"
811,"[291, 1112, 114, 455, 1705]"
812,"[165, 1677, 408, 444, 1733]"
813,"[890, 1275, 1924, 1695, 1904]"
814,"[43, 1899, 1063, 1922, 1897]"
815,"[1567, 1922, 1897, 1772, 1904]"
816,"[444, 432, 405, 1249, 74]"
817,"[1246, 471, 454, 1744, 1708]"
818,"[480, 1567, 1813, 1706, 1814]"
819,"[1605, 1772, 471, 1192, 1112]"
820,"[1922, 1897, 1526, 1899, 409]"
821,"[1592, 1885, 1890, 1073, 1202]"
822,"[1904, 1191, 1890, 1562, 1489]"
823,"[692, 1192, 1904, 110, 846]"
824,"[1677, 165, 1676, 672, 1695]"
825,"[1567, 808, 1904, 1885, 1884]"
826,"[112, 113, 164, 1192, 1904]"
827,"[1007, 248, 868, 1904, 866]"
828,"[1592, 165, 175, 1666, 739]"
829,"[1567, 113, 1904, 878, 102]"
830,"[1904, 1567, 114, 112, 890]"
831,"[1192, 1904, 114, 455, 692]"
832,"[1904, 165, 692, 113, 1202]"
833,"[1192, 114, 1904, 110, 1926]"
834,"[1904, 1192, 1606, 1270, 1611]"
835,"[1249, 1604, 1924, 1887, 121]"
836,"[1735, 1566, 918, 720, 1659]"
837,"[125, 165, 114, 1163, 1611]"
838,"[1063, 808, 866, 925, 167]"
839,"[1064, 1069, 1613, 1760, 1704]"
840,"[167, 928, 169, 929, 156]"
841,"[922, 165, 409, 410, 1202]"
842,"[403, 1723, 78, 862, 1428]"
843,"[1760, 890, 1069, 857, 1761]"
844,"[807, 1248, 618, 114, 7]"
845,"[1615, 1613, 1904, 1612, 164]"
846,"[403, 1915, 1030, 1061, 1825]"
847,"[468, 73, 128, 111, 480]"
848,"[102, 1746, 1922, 1897, 1899]"
849,"[1708, 1246, 1772, 413, 1317]"
850,"[672, 1887, 851, 789, 89]"
851,"[95, 93, 866, 1904, 892]"
852,"[1192, 1922, 1897, 1904, 1567]"
853,"[78, 1640, 1666, 1193, 1890]"
854,"[912, 275, 281, 52, 280]"
855,"[114, 405, 164, 444, 921]"
856,"[1902, 1915, 165, 408, 1639]"
857,"[1246, 808, 16, 1904, 1063]"
858,"[866, 1889, 1705, 1704, 1073]"
859,"[650, 291, 892, 808, 884]"
860,"[890, 112, 1899, 1922, 1897]"
861,"[1073, 639, 652, 1929, 650]"
862,"[405, 1566, 121, 165, 1620]"
863,"[1904, 110, 230, 248, 624]"
864,"[1696, 114, 1197, 1560, 890]"
865,"[1320, 410, 866, 1202, 1671]"
866,"[1904, 1567, 1192, 1896, 113]"
867,"[866, 1887, 1612, 1249, 89]"
868,"[1760, 111, 1761, 1705, 1704]"
869,"[1904, 922, 1604, 102, 1192]"
870,"[726, 727, 1650, 734, 438]"
871,"[1246, 73, 1708, 1317, 468]"
872,"[1904, 89, 113, 1567, 1677]"
873,"[97, 96, 98, 102, 1904]"
874,"[409, 1922, 1897, 1204, 1063]"
875,"[1248, 408, 1676, 902, 1675]"
876,"[1698, 1248, 1006, 124, 1640]"
877,"[111, 44, 480, 1717, 18]"
878,"[1613, 624, 114, 1069, 1907]"
879,"[97, 96, 749, 164, 1670]"
880,"[1896, 43, 1922, 1897, 890]"
881,"[128, 1543, 1532, 1554, 1489]"
882,"[165, 1249, 164, 1607, 121]"
883,"[692, 1705, 846, 1704, 1600]"
884,"[866, 403, 1118, 121, 89]"
885,"[1312, 16, 1112, 44, 455]"
886,"[1192, 1605, 1112, 687, 1273]"
887,"[89, 1538, 113, 165, 1556]"
888,"[1887, 866, 102, 749, 1701]"
889,"[866, 749, 121, 1670, 458]"
890,"[16, 860, 1904, 1192, 1567]"
891,"[1904, 1567, 866, 409, 807]"
892,"[866, 1317, 1612, 403, 121]"
893,"[1246, 1708, 73, 1806, 803]"
894,"[1063, 1184, 1647, 1168, 1732]"
895,"[1922, 1897, 1526, 165, 1899]"
896,"[1567, 866, 1887, 1907, 1885]"
897,"[1885, 749, 403, 1666, 672]"
898,"[1073, 1922, 1897, 1896, 1527]"
899,"[1191, 1192, 1904, 1607, 1536]"
900,"[1006, 403, 1632, 66, 282]"
901,"[1613, 1904, 1922, 1897, 1567]"
902,"[1915, 1676, 408, 1202, 470]"
903,"[165, 408, 405, 200, 1196]"
904,"[667, 739, 784, 175, 165]"
905,"[1699, 1566, 1695, 409, 1907]"
906,"[409, 1904, 866, 102, 808]"
907,"[403, 1675, 444, 165, 74]"
908,"[1885, 66, 1193, 408, 1676]"
909,"[1904, 1567, 113, 1192, 1896]"
910,"[1704, 1705, 1762, 1760, 1761]"
911,"[1246, 1708, 403, 1317, 1006]"
912,"[1567, 1922, 1897, 98, 409]"
913,"[403, 914, 915, 964, 952]"
914,"[110, 1904, 1613, 1192, 114]"
915,"[1613, 1907, 878, 1526, 1530]"
916,"[1902, 403, 1077, 1202, 410]"
917,"[1705, 1753, 1704, 1757, 1776]"
918,"[1772, 681, 1705, 639, 1704]"
919,"[933, 89, 1202, 925, 167]"
920,"[113, 165, 1904, 409, 1613]"
921,"[102, 165, 423, 1244, 1750]"
922,"[639, 1640, 791, 1660, 650]"
923,"[1885, 165, 470, 620, 670]"
924,"[650, 1887, 1114, 1646, 866]"
925,"[1249, 122, 504, 1735, 405]"
926,"[1249, 216, 1138, 1195, 202]"
927,"[43, 1922, 1897, 1904, 1063]"
928,"[1922, 1897, 1567, 1526, 1904]"
929,"[1006, 73, 1772, 1708, 37]"
930,"[1677, 165, 878, 102, 1746]"
931,"[110, 1069, 1613, 385, 1729]"
932,"[1904, 124, 113, 922, 112]"
933,"[89, 1676, 165, 409, 1696]"
934,"[1249, 1902, 1887, 1555, 1606]"
935,"[18, 1772, 1709, 1703, 648]"
936,"[866, 1612, 884, 1745, 1616]"
937,"[878, 112, 164, 1526, 113]"
938,"[409, 164, 1298, 102, 1746]"
939,"[1708, 1246, 413, 1772, 1567]"
940,"[1112, 860, 1705, 1704, 439]"
941,"[1904, 890, 1192, 1899, 926]"
942,"[926, 1536, 1604, 60, 1192]"
943,"[1902, 408, 595, 593, 588]"
944,"[270, 274, 136, 165, 213]"
945,"[1904, 1191, 1192, 78, 1906]"
946,"[1317, 1567, 860, 111, 37]"
947,"[1704, 1705, 403, 789, 933]"
948,"[1073, 97, 96, 1696, 808]"
949,"[93, 925, 167, 928, 931]"
950,"[1904, 1489, 1532, 1192, 1890]"
951,"[1666, 672, 762, 213, 410]"
952,"[1929, 639, 650, 772, 593]"
953,"[672, 165, 1907, 1899, 89]"
954,"[1760, 1192, 114, 1704, 1705]"
955,"[1899, 1907, 672, 1526, 1887]"
956,"[1887, 1890, 1536, 106, 1249]"
957,"[458, 868, 1748, 1913, 1611]"
958,"[1708, 1806, 1864, 1246, 1860]"
959,"[1904, 114, 1192, 113, 1924]"
960,"[89, 1613, 1904, 1907, 1891]"
961,"[1536, 890, 116, 1275, 113]"
962,"[111, 1317, 1723, 1717, 468]"
963,"[458, 102, 650, 749, 667]"
964,"[110, 1904, 1192, 692, 116]"
965,"[1249, 615, 114, 116, 1202]"
966,"[114, 110, 116, 1904, 1192]"
967,"[1314, 1163, 223, 652, 1204]"
968,"[890, 1676, 438, 1750, 1677]"
969,"[423, 1244, 165, 409, 1196]"
970,"[1030, 410, 1202, 1907, 1566]"
971,"[121, 866, 890, 1914, 1118]"
972,"[413, 1708, 1246, 1006, 1317]"
973,"[1904, 1567, 1922, 1897, 1615]"
974,"[111, 577, 1723, 749, 4]"
975,"[1887, 1892, 1909, 1043, 1193]"
976,"[1536, 927, 692, 1677, 1592]"
977,"[217, 211, 1633, 1634, 259]"
978,"[1192, 1904, 692, 110, 114]"
979,"[403, 409, 902, 122, 1705]"
980,"[731, 1749, 1632, 1666, 730]"
981,"[1758, 1762, 1705, 1704, 862]"
982,"[1204, 1184, 739, 1573, 785]"
983,"[922, 1249, 1924, 165, 926]"
984,"[165, 408, 171, 1677, 1676]"
985,"[95, 1904, 89, 113, 16]"
986,"[1526, 1922, 1897, 1899, 1904]"
987,"[1676, 670, 1675, 470, 620]"
988,"[1904, 1613, 1192, 1191, 110]"
989,"[1592, 1817, 1820, 1816, 1819]"
990,"[1899, 1526, 890, 1922, 1897]"
991,"[1567, 1904, 102, 1534, 112]"
992,"[1904, 1926, 1906, 1899, 1192]"
993,"[1659, 403, 1202, 1666, 410]"
994,"[629, 408, 675, 1924, 1519]"
995,"[1249, 1592, 1885, 139, 1073]"
996,"[787, 223, 637, 1197, 124]"
997,"[866, 890, 89, 1904, 1249]"
998,"[1904, 110, 1192, 692, 1191]"
999,"[672, 1566, 749, 403, 1640]"
1000,"[1567, 979, 1270, 1661, 53]"
1001,"[866, 925, 167, 928, 931]"
1002,"[1567, 789, 102, 409, 1746]"
1003,"[1567, 1887, 111, 1704, 1705]"
1004,"[925, 167, 928, 931, 174]"
1005,"[1334, 403, 1735, 1197, 405]"
1006,"[1521, 1604, 1536, 692, 102]"
1007,"[353, 1929, 1045, 925, 1705]"
1008,"[1246, 1772, 1708, 594, 73]"
1009,"[866, 403, 892, 1759, 1258]"
1010,"[1904, 447, 89, 692, 1907]"
1011,"[650, 749, 121, 866, 892]"
1012,"[1192, 1904, 692, 114, 110]"
1013,"[102, 1746, 165, 672, 1901]"
1014,"[165, 672, 789, 1901, 1202]"
1015,"[1904, 1615, 1613, 113, 1567]"
1016,"[1904, 113, 1192, 878, 112]"
1017,"[481, 765, 98, 97, 96]"
1018,"[1904, 1613, 1191, 1612, 1556]"
1019,"[1922, 1897, 409, 1063, 1526]"
1020,"[687, 44, 846, 650, 1112]"
1021,"[1192, 1904, 114, 1521, 110]"
1022,"[624, 405, 89, 1566, 432]"
1023,"[687, 1605, 846, 1521, 439]"
1024,"[408, 1695, 1639, 1637, 165]"
1025,"[1762, 1758, 1704, 860, 1705]"
1026,"[111, 1317, 1723, 1717, 468]"
1027,"[1892, 1887, 1911, 89, 405]"
1028,"[1708, 1864, 1868, 1860, 1663]"
1029,"[403, 265, 1197, 1077, 410]"
1030,"[443, 95, 660, 1063, 650]"
1031,"[672, 432, 430, 1256, 898]"
1032,"[1904, 1246, 95, 37, 1567]"
1033,"[78, 1904, 1666, 1906, 1202]"
1034,"[16, 1249, 860, 839, 1924]"
1035,"[648, 657, 102, 1670, 1819]"
1036,"[1696, 165, 1248, 1677, 1613]"
1037,"[444, 1607, 672, 851, 1160]"
1038,"[846, 884, 1191, 1611, 1607]"
1039,"[1705, 1717, 1704, 1317, 403]"
1040,"[1640, 1297, 1202, 410, 1639]"
1041,"[403, 1575, 1666, 823, 824]"
1042,"[405, 902, 213, 1695, 207]"
1043,"[1257, 823, 1061, 986, 192]"
1044,"[1676, 165, 1915, 1202, 410]"
1045,"[415, 613, 403, 24, 416]"
1046,"[672, 1592, 1249, 430, 1256]"
1047,"[890, 1592, 124, 922, 672]"
1048,"[749, 1670, 1810, 96, 97]"
1049,"[749, 853, 650, 403, 757]"
1050,"[1192, 1904, 1536, 1926, 890]"
1051,"[1733, 1677, 926, 1695, 405]"
1052,"[403, 1320, 409, 1006, 823]"
1053,"[1566, 1700, 340, 1603, 1196]"
1054,"[787, 930, 1654, 898, 481]"
1055,"[1567, 82, 43, 37, 1063]"
1056,"[1484, 1832, 1457, 1466, 1449]"
1057,"[1632, 1040, 403, 672, 1885]"
1058,"[925, 167, 928, 931, 174]"
1059,"[1705, 692, 1704, 111, 480]"
1060,"[16, 860, 1904, 1192, 1567]"
1061,"[1249, 823, 1666, 432, 824]"
1062,"[1192, 1904, 454, 455, 1523]"
1063,"[1733, 165, 1892, 739, 1887]"
1064,"[78, 1640, 1890, 438, 1666]"
1065,"[672, 405, 1659, 410, 1202]"
1066,"[1613, 1696, 1639, 1898, 1582]"
1067,"[1915, 1676, 165, 1675, 1202]"
1068,"[1772, 1246, 1708, 587, 1513]"
1069,"[614, 1750, 26, 412, 28]"
1070,"[89, 409, 1904, 405, 1922]"
1071,"[1249, 1611, 458, 1646, 786]"
1072,"[1904, 860, 1604, 1924, 922]"
1073,"[1904, 43, 1613, 1532, 1562]"
1074,"[866, 121, 808, 167, 928]"
1075,"[1249, 1592, 787, 425, 1901]"
1076,"[1663, 1788, 1787, 79, 1786]"
1077,"[1615, 1527, 290, 1746, 1905]"
1078,"[1904, 926, 1907, 1887, 1890]"
1079,"[1750, 26, 614, 423, 1244]"
1080,"[1269, 1077, 1258, 1257, 405]"
1081,"[1043, 1202, 410, 405, 1911]"
1082,"[1246, 1708, 471, 454, 62]"
1083,"[409, 1904, 1567, 112, 113]"
1084,"[1723, 511, 1898, 403, 1735]"
1085,"[222, 1130, 1137, 1133, 281]"
1086,"[1904, 1192, 1890, 1562, 1191]"
1087,"[1904, 1611, 1604, 1249, 926]"
1088,"[89, 1696, 1069, 1613, 1695]"
1089,"[1249, 1592, 405, 403, 136]"
1090,"[1527, 121, 165, 1620, 1249]"
1091,"[599, 468, 597, 73, 593]"
1092,"[430, 945, 944, 947, 941]"
1093,"[480, 111, 1428, 468, 1723]"
1094,"[403, 862, 1704, 1705, 480]"
1095,"[1885, 1704, 1705, 1754, 1827]"
1096,"[1915, 1825, 497, 1363, 890]"
1097,"[1696, 1907, 165, 1588, 1527]"
1098,"[866, 1770, 135, 903, 1795]"
1099,"[749, 437, 1670, 1735, 1295]"
1100,"[1904, 922, 1924, 102, 1746]"
1101,"[1612, 403, 121, 1620, 672]"
1102,"[1904, 1192, 1896, 1604, 102]"
1103,"[866, 1256, 106, 430, 1298]"
1104,"[1428, 1723, 403, 738, 480]"
1105,"[1006, 1630, 1855, 665, 1791]"
1106,"[1904, 1192, 1600, 1926, 1910]"
1107,"[1567, 1904, 113, 112, 1896]"
1108,"[66, 646, 1403, 72, 1170]"
1109,"[1246, 1708, 113, 1904, 1772]"
1110,"[111, 1705, 1249, 687, 1704]"
1111,"[1246, 471, 454, 1744, 456]"
1112,"[1608, 1277, 1607, 1904, 1538]"
1113,"[1317, 1063, 1006, 480, 1007]"
1114,"[1192, 1246, 1708, 18, 114]"
1115,"[480, 37, 111, 1723, 95]"
1116,"[1922, 1897, 1907, 1526, 1899]"
1117,"[1922, 1897, 409, 1896, 1899]"
1118,"[1677, 432, 1249, 1639, 1890]"
1119,"[692, 1705, 1704, 1600, 111]"
1120,"[1612, 1620, 1567, 165, 866]"
1121,"[112, 890, 1704, 1705, 101]"
1122,"[1696, 281, 890, 274, 272]"
1123,"[97, 96, 98, 405, 1620]"
1124,"[1534, 878, 102, 1677, 1193]"
1125,"[408, 1592, 1901, 216, 743]"
1126,"[1717, 44, 111, 1317, 73]"
1127,"[1904, 1613, 113, 1192, 692]"
1128,"[866, 403, 1612, 37, 121]"
1129,"[114, 1192, 1708, 1696, 116]"
1130,"[276, 808, 1527, 1907, 1922]"
1131,"[1885, 1735, 593, 595, 304]"
1132,"[403, 1676, 1675, 444, 1299]"
1133,"[1902, 890, 1552, 112, 101]"
1134,"[1249, 1302, 1073, 1592, 890]"
1135,"[1204, 1138, 102, 1573, 455]"
1136,"[1192, 1904, 1523, 1589, 1610]"
1137,"[165, 1677, 213, 1676, 1202]"
1138,"[1922, 1897, 165, 89, 1907]"
1139,"[73, 1717, 403, 1317, 1428]"
1140,"[468, 1723, 73, 480, 111]"
1141,"[866, 1064, 1760, 890, 1044]"
1142,"[1704, 885, 1705, 148, 1252]"
1143,"[692, 878, 102, 1746, 1604]"
1144,"[281, 1016, 688, 672, 274]"
1145,"[1567, 1404, 1812, 1813, 1706]"
1146,"[290, 1696, 313, 281, 314]"
1147,"[1527, 695, 97, 96, 1746]"
1148,"[164, 1885, 1026, 721, 1021]"
1149,"[1761, 1067, 1705, 1762, 1887]"
1150,"[413, 652, 1605, 646, 650]"
1151,"[1246, 73, 468, 599, 1772]"
1152,"[1904, 1192, 692, 614, 113]"
1153,"[808, 1885, 926, 866, 405]"
1154,"[16, 1567, 480, 135, 1613]"
1155,"[739, 1204, 125, 165, 1733]"
1156,"[408, 213, 165, 1592, 979]"
1157,"[165, 749, 1670, 1695, 403]"
1158,"[114, 1192, 413, 18, 16]"
1159,"[165, 789, 405, 692, 1890]"
1160,"[692, 1705, 846, 1704, 1600]"
1161,"[1193, 1723, 1735, 1640, 1202]"
1162,"[110, 116, 1904, 1640, 1192]"
1163,"[1922, 1897, 409, 1567, 1896]"
1164,"[1911, 405, 734, 1566, 213]"
1165,"[1670, 749, 167, 928, 169]"
1166,"[1006, 1013, 1632, 1009, 253]"
1167,"[98, 707, 1795, 97, 96]"
1168,"[165, 1202, 410, 1676, 403]"
1169,"[1915, 1202, 410, 165, 925]"
1170,"[1760, 1761, 1705, 111, 860]"
1171,"[1604, 1249, 922, 1899, 1906]"
1172,"[111, 1192, 1604, 687, 890]"
1173,"[409, 1904, 1907, 89, 1896]"
1174,"[1904, 1192, 102, 455, 425]"
1175,"[1677, 165, 1911, 213, 979]"
1176,"[1246, 1708, 1772, 413, 594]"
1177,"[78, 110, 1274, 1904, 689]"
1178,"[692, 1705, 1704, 1600, 1273]"
1179,"[1750, 613, 416, 1247, 165]"
1180,"[164, 113, 1696, 409, 114]"
1181,"[672, 1735, 1666, 122, 408]"
1182,"[1887, 749, 1885, 121, 1249]"
1183,"[1428, 1723, 2, 111, 1789]"
1184,"[1317, 413, 111, 73, 1717]"
1185,"[111, 1317, 818, 1613, 110]"
1186,"[1904, 1612, 1613, 1666, 866]"
1187,"[1202, 410, 1073, 603, 605]"
1188,"[403, 605, 1204, 1696, 1698]"
1189,"[892, 403, 397, 990, 878]"
1190,"[789, 1639, 126, 1640, 925]"
1191,"[405, 1249, 89, 121, 926]"
1192,"[1567, 789, 1904, 416, 1192]"
1193,"[468, 73, 403, 111, 1317]"
1194,"[1249, 823, 1885, 430, 1344]"
1195,"[1320, 784, 1929, 667, 98]"
1196,"[405, 1750, 444, 1904, 102]"
1197,"[113, 1899, 1526, 672, 1907]"
1198,"[890, 101, 1904, 439, 112]"
1199,"[1615, 926, 922, 1202, 410]"
1200,"[1567, 860, 1904, 866, 698]"
1201,"[1772, 1073, 375, 1007, 1006]"
1202,"[1604, 1611, 890, 1192, 1536]"
1203,"[455, 1611, 878, 454, 165]"
1204,"[1192, 1904, 110, 692, 114]"
1205,"[114, 1904, 110, 1192, 116]"
1206,"[1675, 1677, 1324, 1323, 405]"
1207,"[1498, 1836, 1832, 950, 193]"
1208,"[1497, 1832, 501, 550, 1484]"
1209,"[1696, 1922, 1897, 1613, 1905]"
1210,"[1772, 800, 18, 1317, 365]"
1211,"[1705, 1704, 1758, 1762, 1760]"
1212,"[113, 1904, 409, 164, 1922]"
1213,"[1613, 692, 1696, 848, 1885]"
1214,"[444, 1248, 110, 114, 403]"
1215,"[165, 605, 1202, 410, 603]"
1216,"[1825, 430, 749, 1253, 1809]"
1217,"[407, 406, 1924, 1202, 410]"
1218,"[1887, 1114, 789, 1891, 444]"
1219,"[1904, 1639, 1613, 1270, 692]"
1220,"[890, 112, 1521, 291, 1070]"
1221,"[114, 1192, 692, 677, 1910]"
1222,"[1904, 165, 423, 1244, 124]"
1223,"[1904, 1192, 1191, 110, 1523]"
1224,"[289, 1704, 1705, 1067, 1068]"
1225,"[73, 1246, 1317, 82, 413]"
1226,"[1887, 749, 121, 1249, 1885]"
1227,"[1695, 605, 603, 125, 1603]"
1228,"[403, 444, 789, 165, 749]"
1229,"[1192, 1904, 16, 110, 44]"
1230,"[1192, 18, 44, 1112, 471]"
1231,"[860, 111, 413, 16, 44]"
1232,"[403, 605, 1006, 164, 808]"
1233,"[403, 1885, 1659, 672, 167]"
1234,"[1915, 866, 128, 1825, 165]"
1235,"[101, 1904, 405, 113, 112]"
1236,"[16, 860, 1904, 1192, 1567]"
1237,"[1620, 121, 1646, 1027, 1527]"
1238,"[1028, 167, 928, 169, 929]"
1239,"[1575, 1698, 1640, 688, 853]"
1240,"[1274, 1904, 1600, 1275, 1705]"
1241,"[639, 1791, 1790, 1788, 1787]"
1242,"[95, 93, 866, 1887, 89]"
1243,"[1567, 1160, 1904, 289, 1114]"
1244,"[1071, 868, 1748, 866, 811]"
1245,"[1915, 1604, 692, 1611, 1639]"
1246,"[1536, 1534, 1677, 1191, 1618]"
1247,"[89, 1567, 1675, 1904, 1677]"
1248,"[1904, 111, 1705, 16, 44]"
1249,"[1904, 1192, 113, 1922, 1897]"
1250,"[1246, 1708, 73, 1806, 803]"
1251,"[403, 1317, 808, 1758, 1762]"
1252,"[405, 807, 102, 60, 165]"
1253,"[1924, 1904, 124, 1523, 1192]"
1254,"[1063, 1708, 73, 1772, 808]"
1255,"[1885, 866, 1834, 1871, 1073]"
1256,"[1249, 405, 1073, 121, 1907]"
1257,"[1566, 1907, 1924, 116, 89]"
1258,"[1750, 1028, 167, 1029, 928]"
1259,"[1705, 432, 1704, 1760, 1761]"
1260,"[165, 113, 1677, 1904, 102]"
1261,"[866, 43, 1899, 1073, 1887]"
1262,"[1632, 1698, 1013, 231, 1075]"
1263,"[1907, 1885, 89, 470, 620]"
1264,"[111, 1317, 1704, 1705, 403]"
1265,"[111, 403, 1723, 749, 1317]"
1266,"[1904, 1192, 1926, 1890, 1562]"
1267,"[1904, 1066, 78, 1068, 1906]"
1268,"[878, 102, 1534, 1562, 1746]"
1269,"[16, 1249, 54, 57, 58]"
1270,"[1758, 1704, 1705, 1921, 1887]"
1271,"[1567, 37, 866, 1069, 480]"
1272,"[444, 74, 979, 730, 1666]"
1273,"[1204, 1573, 606, 807, 1729]"
1274,"[1534, 1567, 113, 102, 43]"
1275,"[1192, 1904, 1600, 1910, 455]"
1276,"[1904, 1160, 102, 1746, 1894]"
1277,"[652, 639, 681, 1315, 1568]"
1278,"[1904, 1192, 1604, 1611, 692]"
1279,"[672, 1924, 922, 1611, 692]"
1280,"[78, 1291, 848, 1270, 708]"
1281,"[1904, 113, 1615, 1922, 1897]"
1282,"[1670, 403, 749, 866, 1770]"
1283,"[165, 672, 1666, 1677, 171]"
1284,"[1904, 1192, 1926, 1924, 1899]"
1285,"[1772, 468, 630, 1895, 30]"
1286,"[1202, 410, 1527, 1695, 1911]"
1287,"[403, 410, 1202, 405, 1299]"
1288,"[165, 1202, 410, 1677, 89]"
1289,"[1904, 1063, 121, 866, 1611]"
1290,"[1567, 37, 1904, 1063, 866]"
1291,"[1249, 1902, 408, 1592, 1830]"
1292,"[328, 165, 1133, 1128, 925]"
1293,"[458, 757, 925, 167, 928]"
1294,"[738, 1789, 403, 1705, 1704]"
1295,"[1246, 1772, 1708, 594, 73]"
1296,"[165, 89, 925, 1133, 928]"
1297,"[1006, 1640, 1639, 1632, 222]"
1298,"[692, 1696, 1922, 1897, 1904]"
1299,"[1344, 1159, 1721, 1592, 857]"
1300,"[1696, 928, 692, 1071, 409]"
1301,"[1922, 1897, 1904, 1567, 878]"
1302,"[1704, 1705, 1659, 410, 1202]"
1303,"[1567, 1899, 1904, 89, 1922]"
1304,"[403, 695, 650, 1133, 808]"
1305,"[1904, 1613, 1567, 110, 1192]"
1306,"[1592, 1338, 1836, 430, 1590]"
1307,"[862, 1705, 1704, 403, 121]"
1308,"[110, 1904, 1762, 1192, 1758]"
1309,"[1192, 1249, 1904, 1887, 687]"
1310,"[409, 1904, 1922, 1897, 922]"
1311,"[1639, 672, 470, 620, 624]"
1312,"[1598, 1904, 165, 102, 1746]"
1313,"[866, 102, 403, 165, 808]"
1314,"[403, 1632, 1639, 993, 1248]"
1315,"[672, 789, 1670, 1320, 749]"
1316,"[432, 1904, 1890, 1191, 78]"
1317,"[808, 1696, 807, 1922, 1897]"
1318,"[403, 66, 1338, 282, 1363]"
1319,"[403, 1809, 1705, 1704, 1428]"
1320,"[1677, 1676, 1202, 410, 926]"
1321,"[872, 1674, 408, 1690, 1184]"
1322,"[1904, 1192, 1906, 1640, 1926]"
1323,"[1193, 165, 786, 1675, 1677]"
1324,"[403, 1317, 866, 1692, 808]"
1325,"[866, 1118, 925, 167, 928]"
1326,"[860, 681, 1273, 440, 1705]"
1327,"[403, 1666, 74, 824, 1885]"
1328,"[1904, 1192, 113, 455, 1246]"
1329,"[890, 89, 112, 1705, 1704]"
1330,"[1063, 1896, 1922, 1897, 43]"
1331,"[739, 1184, 645, 382, 636]"
1332,"[866, 1904, 1192, 1830, 808]"
1333,"[1613, 1696, 165, 89, 1904]"
1334,"[1192, 444, 1640, 1639, 1904]"
1335,"[1612, 866, 102, 121, 97]"
1336,"[29, 806, 15, 40, 337]"
1337,"[165, 808, 1924, 1904, 1695]"
1338,"[403, 1666, 66, 725, 672]"
1339,"[846, 687, 1067, 1704, 1705]"
1340,"[1904, 1567, 1922, 1897, 1615]"
1341,"[1904, 1567, 1708, 43, 113]"
1342,"[1567, 1922, 1897, 808, 1904]"
1343,"[1904, 1906, 926, 432, 1192]"
1344,"[866, 1063, 413, 667, 1748]"
1345,"[930, 1646, 1027, 165, 898]"
1346,"[866, 1063, 1887, 928, 892]"
1347,"[1890, 78, 1892, 1886, 1887]"
1348,"[1904, 926, 432, 1906, 1202]"
1349,"[890, 112, 1192, 102, 1604]"
1350,"[165, 112, 1907, 113, 890]"
1351,"[405, 408, 1750, 101, 612]"
1352,"[1890, 1147, 1581, 890, 106]"
1353,"[165, 60, 1677, 1784, 430]"
1354,"[866, 501, 37, 1363, 1887]"
1355,"[687, 1772, 439, 1605, 1581]"
1356,"[403, 1363, 1370, 1006, 1358]"
1357,"[1567, 1904, 1192, 1896, 1249]"
1358,"[98, 672, 165, 102, 89]"
1359,"[432, 1904, 1607, 1277, 1249]"
1360,"[1721, 97, 96, 1695, 672]"
1361,"[165, 1249, 1922, 1897, 89]"
1362,"[1620, 1899, 102, 1922, 1897]"
1363,"[1705, 1704, 89, 1761, 1760]"
1364,"[1192, 1904, 1112, 454, 1741]"
1365,"[1904, 1192, 1906, 1705, 1704]"
1366,"[1073, 365, 166, 866, 1526]"
1367,"[1114, 444, 672, 74, 892]"
1368,"[1915, 925, 167, 928, 931]"
1369,"[1666, 1659, 403, 672, 432]"
1370,"[73, 1317, 37, 111, 403]"
1371,"[1904, 1567, 1192, 409, 1915]"
1372,"[1552, 1907, 1560, 1528, 1561]"
1373,"[403, 866, 1612, 159, 1025]"
1374,"[1160, 647, 1073, 681, 1742]"
1375,"[1887, 1554, 866, 1527, 1202]"
1376,"[1640, 1906, 1904, 1202, 410]"
1377,"[1904, 1192, 1896, 455, 454]"
1378,"[1567, 1904, 1192, 1887, 1896]"
1379,"[1772, 1112, 439, 44, 291]"
1380,"[1073, 1534, 165, 102, 878]"
1381,"[964, 823, 1249, 1590, 1338]"
1382,"[1063, 866, 925, 167, 928]"
1383,"[890, 112, 89, 1907, 114]"
1384,"[1632, 650, 853, 1057, 1130]"
1385,"[95, 1704, 1705, 1904, 866]"
1386,"[468, 73, 16, 1772, 1317]"
1387,"[110, 1904, 807, 332, 1063]"
1388,"[1885, 1291, 1270, 1695, 1639]"
1389,"[110, 1567, 1889, 1904, 677]"
1390,"[1249, 606, 1023, 1238, 1705]"
1391,"[1192, 1567, 1896, 1904, 890]"
1392,"[1772, 866, 37, 1904, 1554]"
1393,"[114, 667, 1320, 657, 663]"
1394,"[808, 1307, 1829, 866, 903]"
1395,"[1679, 468, 14, 21, 816]"
1396,"[1772, 594, 1513, 1457, 1210]"
1397,"[1192, 687, 1762, 1705, 1704]"
1398,"[1676, 1543, 66, 890, 405]"
1399,"[1192, 1904, 866, 890, 808]"
1400,"[95, 443, 1114, 1073, 866]"
1401,"[108, 272, 1695, 1319, 276]"
1402,"[1904, 1192, 1567, 110, 114]"
1403,"[111, 1662, 1745, 1616, 1705]"
1404,"[1249, 1163, 691, 1721, 1270]"
1405,"[1772, 1246, 808, 73, 1317]"
1406,"[1904, 1613, 1567, 878, 1554]"
1407,"[575, 564, 567, 566, 563]"
1408,"[408, 1592, 501, 1338, 1735]"
1409,"[1904, 113, 1922, 1897, 409]"
1410,"[444, 672, 789, 851, 74]"
1411,"[1192, 1904, 1567, 1889, 866]"
1412,"[688, 1735, 1670, 1810, 930]"
1413,"[1904, 110, 1191, 1890, 438]"
1414,"[1904, 1192, 1489, 1191, 1890]"
1415,"[116, 114, 455, 1192, 1640]"
1416,"[1885, 672, 403, 97, 96]"
1417,"[1613, 1904, 773, 1270, 1906]"
1418,"[1677, 171, 423, 1244, 165]"
1419,"[403, 444, 749, 165, 789]"
1420,"[672, 1114, 1887, 1705, 1704]"
1421,"[1904, 1192, 860, 1523, 1070]"
1422,"[1613, 1567, 43, 1896, 1904]"
1423,"[1611, 846, 692, 1192, 114]"
1424,"[16, 1204, 445, 1249, 679]"
1425,"[1567, 650, 43, 652, 1063]"
1426,"[470, 620, 1677, 670, 1534]"
1427,"[1567, 1904, 113, 1192, 1896]"
1428,"[1567, 1904, 1896, 43, 1922]"
1429,"[749, 1825, 757, 755, 756]"
1430,"[1567, 95, 1904, 1887, 43]"
1431,"[1592, 1887, 1885, 1760, 692]"
1432,"[409, 89, 1567, 1922, 1897]"
1433,"[89, 1677, 1534, 409, 102]"
1434,"[1246, 73, 1708, 1317, 468]"
1435,"[1611, 1896, 1400, 413, 16]"
1436,"[471, 1889, 599, 590, 597]"
1437,"[1202, 410, 1073, 1885, 926]"
1438,"[1567, 808, 113, 89, 1904]"
1439,"[866, 1612, 121, 1620, 1118]"
1440,"[165, 1612, 1620, 1675, 121]"
1441,"[228, 1248, 1632, 1639, 1683]"
1442,"[1639, 1695, 890, 1202, 410]"
1443,"[165, 1675, 89, 1676, 1696]"
1444,"[403, 603, 1695, 749, 319]"
1445,"[1915, 1592, 226, 244, 1249]"
1446,"[1896, 1063, 1567, 16, 1907]"
1447,"[726, 727, 1650, 734, 1903]"
1448,"[1904, 1554, 1489, 78, 1564]"
1449,"[89, 113, 1534, 116, 112]"
1450,"[1885, 1677, 848, 1666, 1160]"
1451,"[1902, 1915, 1552, 1344, 1885]"
1452,"[695, 295, 167, 928, 169]"
1453,"[1063, 1695, 165, 1566, 606]"
1454,"[98, 97, 96, 1543, 692]"
1455,"[403, 749, 789, 672, 1118]"
1456,"[455, 16, 458, 1695, 98]"
1457,"[884, 1887, 43, 291, 888]"
1458,"[1567, 1904, 866, 1922, 1897]"
1459,"[282, 1723, 1086, 1428, 1282]"
1460,"[1904, 1922, 1897, 1615, 113]"
1461,"[1592, 672, 98, 97, 96]"
1462,"[113, 1904, 112, 95, 1192]"
1463,"[1677, 97, 96, 89, 1202]"
1464,"[1567, 1904, 1063, 95, 1527]"
1465,"[1620, 405, 1628, 98, 1202]"
1466,"[403, 405, 823, 749, 121]"
1467,"[403, 444, 749, 789, 1320]"
1468,"[667, 866, 749, 1249, 1887]"
1469,"[672, 922, 688, 1901, 849]"
1470,"[720, 1255, 620, 470, 213]"
1471,"[290, 928, 1027, 1063, 1527]"
1472,"[1192, 692, 1604, 116, 1611]"
1473,"[405, 1202, 410, 1885, 66]"
1474,"[1317, 403, 866, 1428, 289]"
1475,"[866, 890, 1899, 1907, 878]"
1476,"[332, 365, 807, 1772, 1580]"
1477,"[1620, 1567, 1612, 1527, 1065]"
1478,"[1922, 1897, 1526, 1899, 113]"
1479,"[1904, 926, 672, 1249, 1536]"
1480,"[1567, 1904, 113, 878, 480]"
1481,"[102, 1526, 1249, 925, 167]"
1482,"[1057, 1904, 1063, 409, 808]"
1483,"[1640, 403, 1639, 1676, 672]"
1484,"[1704, 1705, 1760, 1761, 106]"
1485,"[672, 1043, 1919, 1666, 374]"
1486,"[1746, 425, 1201, 1575, 161]"
1487,"[171, 789, 1853, 66, 930]"
1488,"[1640, 124, 922, 1904, 848]"
1489,"[1613, 1907, 1636, 1906, 922]"
1490,"[1904, 1192, 455, 1523, 860]"
1491,"[1273, 1600, 691, 110, 860]"
1492,"[403, 444, 1639, 1885, 672]"
1493,"[102, 878, 866, 1904, 113]"
1494,"[102, 1536, 1904, 1192, 1562]"
1495,"[902, 1911, 1249, 1636, 405]"
1496,"[1521, 1192, 102, 1611, 1746]"
1497,"[1567, 16, 403, 672, 1249]"
1498,"[1112, 44, 643, 1904, 111]"
1499,"[403, 1249, 925, 167, 928]"
1500,"[1567, 1887, 1823, 1072, 866]"
1501,"[403, 808, 866, 1317, 480]"
1502,"[890, 1536, 1676, 112, 926]"
1503,"[1904, 1906, 1750, 409, 808]"
1504,"[73, 1317, 1006, 1063, 480]"
1505,"[1904, 403, 1640, 1297, 78]"
1506,"[403, 480, 866, 121, 111]"
1507,"[1607, 672, 1249, 1567, 1608]"
1508,"[1884, 467, 866, 466, 1924]"
1509,"[1607, 1894, 1277, 432, 672]"
1510,"[1812, 1813, 1706, 1814, 1815]"
1511,"[403, 1006, 73, 1670, 1320]"
1512,"[1885, 1257, 121, 1030, 866]"
1513,"[165, 922, 672, 1604, 1677]"
1514,"[1696, 137, 281, 912, 1683]"
1515,"[16, 1249, 1204, 606, 1063]"
1516,"[1704, 1705, 403, 480, 1249]"
1517,"[408, 1675, 145, 1902, 1358]"
1518,"[501, 37, 95, 111, 1567]"
1519,"[16, 114, 1192, 1772, 1567]"
1520,"[403, 1320, 1670, 749, 866]"
1521,"[314, 793, 313, 82, 1073]"
1522,"[1853, 1735, 749, 340, 98]"
1523,"[890, 1904, 112, 1639, 1192]"
1524,"[1772, 16, 1246, 1895, 114]"
1525,"[1246, 1317, 1708, 16, 413]"
1526,"[403, 409, 410, 1202, 672]"
1527,"[1904, 444, 866, 1890, 1889]"
1528,"[1249, 1599, 890, 1192, 1191]"
1529,"[1320, 403, 749, 1670, 511]"
1530,"[1192, 890, 439, 1489, 1904]"
1531,"[1904, 1192, 102, 1746, 1613]"
1532,"[403, 111, 1428, 1723, 480]"
1533,"[403, 1317, 73, 1723, 1428]"
1534,"[480, 1823, 37, 866, 1192]"
1535,"[1906, 1904, 1202, 410, 624]"
1536,"[866, 1114, 1118, 1612, 892]"
1537,"[866, 1723, 403, 37, 111]"
1538,"[1192, 1611, 1604, 1567, 16]"
1539,"[1922, 1897, 102, 409, 1527]"
1540,"[114, 1705, 111, 1600, 1704]"
1541,"[1612, 890, 1676, 112, 1074]"
1542,"[16, 1567, 1896, 1192, 114]"
1543,"[471, 1705, 826, 447, 1758]"
1544,"[403, 1612, 866, 1160, 433]"
1545,"[692, 1192, 1600, 447, 1604]"
1546,"[23, 1187, 40, 9, 36]"
1547,"[73, 403, 282, 468, 111]"
1548,"[903, 677, 1830, 1913, 458]"
1549,"[1270, 1666, 1659, 53, 1277]"
1550,"[1666, 1192, 1904, 672, 102]"
1551,"[1774, 1795, 1760, 1762, 1704]"
1552,"[1202, 410, 926, 167, 928]"
1553,"[73, 111, 1759, 738, 1808]"
1554,"[403, 480, 866, 1830, 903]"
1555,"[1567, 1704, 1705, 403, 16]"
1556,"[692, 890, 1902, 1070, 672]"
1557,"[403, 409, 925, 167, 928]"
1558,"[16, 466, 455, 464, 1521]"
1559,"[480, 111, 1723, 403, 468]"
1560,"[1567, 403, 866, 95, 121]"
1561,"[16, 1896, 884, 455, 1910]"
1562,"[1924, 463, 687, 692, 464]"
1563,"[1567, 95, 111, 1904, 1896]"
1564,"[1904, 114, 1192, 1147, 1640]"
1565,"[165, 1608, 1904, 1607, 164]"
1566,"[468, 73, 111, 892, 480]"
1567,"[403, 1696, 1676, 409, 159]"
1568,"[749, 1670, 1320, 403, 866]"
1569,"[1567, 403, 672, 432, 808]"
1570,"[862, 901, 1613, 1040, 1033]"
1571,"[1639, 603, 1666, 444, 1659]"
1572,"[1270, 1907, 89, 1676, 1613]"
1573,"[73, 111, 1717, 1317, 1428]"
1574,"[1772, 468, 73, 1895, 442]"
1575,"[403, 1317, 480, 1723, 111]"
1576,"[624, 1138, 1204, 889, 1523]"
1577,"[405, 902, 737, 719, 1911]"
1578,"[1428, 73, 111, 403, 1723]"
1579,"[114, 455, 116, 1204, 16]"
1580,"[114, 1192, 110, 1904, 1536]"
1581,"[114, 1192, 455, 1610, 116]"
1582,"[1249, 1575, 1666, 458, 1658]"
1583,"[1772, 468, 501, 1705, 1704]"
1584,"[1063, 1204, 408, 28, 1249]"
1585,"[403, 1317, 480, 1723, 111]"
1586,"[1567, 789, 113, 403, 851]"
1587,"[73, 480, 866, 1428, 111]"
1588,"[1607, 884, 1249, 672, 1608]"
1589,"[1676, 926, 1202, 410, 1906]"
1590,"[116, 480, 1192, 18, 114]"
1591,"[667, 650, 97, 96, 462]"
1592,"[1889, 1606, 114, 807, 860]"
1593,"[468, 111, 73, 1723, 480]"
1594,"[1320, 403, 1670, 749, 282]"
1595,"[1320, 403, 749, 1670, 511]"
1596,"[1708, 73, 1317, 16, 1006]"
1597,"[1772, 379, 443, 1581, 291]"
1598,"[165, 410, 1202, 1695, 89]"
1599,"[1607, 1887, 672, 688, 409]"
1600,"[1428, 885, 1723, 1752, 111]"
1601,"[672, 405, 1666, 1607, 1904]"
1602,"[78, 444, 1666, 438, 1687]"
1603,"[1287, 1570, 1877, 828, 73]"
1604,"[1613, 1904, 1666, 432, 672]"
1605,"[1904, 1192, 1639, 890, 1604]"
1606,"[16, 1567, 1896, 1192, 808]"
1607,"[1611, 102, 1746, 432, 1904]"
1608,"[1696, 1246, 1708, 1567, 1006]"
1609,"[1246, 1904, 16, 1192, 808]"
1610,"[749, 1320, 667, 650, 647]"
1611,"[1723, 403, 111, 480, 749]"
1612,"[403, 480, 66, 1269, 1728]"
1613,"[405, 1659, 1735, 309, 1073]"
1614,"[111, 432, 1904, 866, 121]"
1615,"[1320, 403, 749, 1670, 161]"
1616,"[444, 1904, 113, 1903, 124]"
1617,"[692, 1192, 1904, 1523, 1604]"
1618,"[1906, 1588, 1885, 1899, 922]"
1619,"[1192, 1070, 890, 1904, 114]"
1620,"[1666, 444, 405, 902, 1279]"
1621,"[116, 114, 1192, 692, 1604]"
1622,"[672, 1249, 1607, 165, 1608]"
1623,"[135, 1704, 1705, 1567, 480]"
1624,"[1428, 853, 650, 72, 340]"
1625,"[1582, 1380, 426, 1718, 88]"
1626,"[102, 1924, 60, 926, 1750]"
1627,"[432, 1277, 1659, 1298, 1256]"
1628,"[16, 899, 808, 454, 1312]"
1629,"[1567, 37, 95, 1896, 890]"
1630,"[1320, 1118, 650, 1651, 1822]"
1631,"[1604, 102, 1746, 1695, 926]"
1632,"[1192, 16, 1567, 114, 677]"
1633,"[890, 1676, 60, 1249, 926]"
1634,"[1249, 1611, 432, 121, 884]"
1635,"[866, 890, 121, 112, 1066]"
1636,"[403, 480, 866, 121, 511]"
1637,"[692, 1705, 1277, 1704, 846]"
1638,"[480, 37, 1607, 1723, 1659]"
1639,"[1885, 926, 432, 1249, 165]"
1640,"[403, 866, 749, 282, 1723]"
1641,"[1604, 926, 1676, 114, 1192]"
1642,"[789, 1898, 1639, 688, 672]"
1643,"[1566, 1639, 902, 1258, 1259]"
1644,"[1896, 82, 413, 1277, 44]"
1645,"[1249, 1721, 1611, 888, 1604]"
1646,"[765, 770, 669, 762, 627]"
1647,"[1192, 16, 1760, 114, 110]"
1648,"[1192, 114, 116, 110, 1904]"
1649,"[413, 82, 37, 1679, 1317]"
1650,"[15, 1085, 1044, 405, 1640]"
1651,"[403, 862, 1723, 480, 1704]"
1652,"[672, 851, 1666, 789, 1885]"
1653,"[1567, 480, 1704, 1705, 135]"
1654,"[413, 1742, 614, 43, 1192]"
1655,"[1705, 1704, 862, 1760, 1761]"
1656,"[1676, 403, 1675, 1696, 890]"
1657,"[16, 1192, 1567, 114, 455]"
1658,"[1607, 1721, 1898, 426, 665]"
1659,"[1885, 1754, 749, 1739, 688]"
1660,"[1192, 1599, 1277, 687, 1275]"
1661,"[1676, 165, 1675, 964, 60]"
1662,"[16, 114, 808, 1192, 1249]"
1663,"[866, 1114, 121, 1118, 1527]"
1664,"[1887, 1884, 1210, 862, 1403]"
1665,"[1249, 1192, 1705, 1600, 16]"
1666,"[1567, 1896, 16, 1904, 1192]"
1667,"[403, 1317, 480, 1723, 111]"
1668,"[403, 1906, 1666, 409, 1202]"
1669,"[866, 1885, 1695, 97, 96]"
1670,"[1320, 1334, 403, 511, 749]"
1671,"[16, 1567, 1884, 1896, 1760]"
1672,"[1567, 95, 1896, 1904, 1903]"
1673,"[1567, 1904, 1192, 110, 1613]"
1674,"[890, 112, 1904, 1192, 114]"
1675,"[1666, 444, 672, 1202, 410]"
1676,"[95, 1297, 420, 1735, 1027]"
1677,"[1317, 480, 390, 1567, 16]"
1678,"[1567, 866, 890, 37, 1072]"
1679,"[78, 1890, 1892, 1598, 1885]"
1680,"[43, 1904, 1896, 1922, 1897]"
1681,"[1772, 16, 1567, 1192, 114]"
1682,"[672, 265, 973, 974, 976]"
1683,"[102, 890, 16, 878, 125]"
1684,"[16, 455, 1192, 1705, 1704]"
1685,"[468, 1317, 73, 1246, 111]"
1686,"[216, 1063, 1772, 3, 16]"
1687,"[1894, 901, 1063, 89, 1613]"
1688,"[111, 1904, 860, 16, 1192]"
1689,"[660, 1063, 1317, 226, 244]"
1690,"[1666, 78, 433, 432, 1076]"
1691,"[1249, 43, 432, 425, 1575]"
1692,"[165, 167, 928, 169, 929]"
1693,"[672, 1193, 403, 1885, 1907]"
1694,"[808, 1615, 922, 1904, 164]"
1695,"[1320, 403, 1670, 866, 161]"
1696,"[1513, 24, 542, 1320, 594]"
1697,"[1701, 1746, 1913, 102, 874]"
1698,"[444, 851, 672, 789, 1885]"
1699,"[403, 749, 1832, 1836, 1873]"
1700,"[403, 672, 432, 444, 1666]"
1701,"[866, 403, 121, 749, 1670]"
1702,"[926, 1904, 1677, 1676, 1270]"
1703,"[643, 16, 466, 462, 1772]"
1704,"[73, 135, 468, 1567, 111]"
1705,"[1317, 73, 52, 111, 280]"
1706,"[403, 121, 480, 866, 1612]"
1707,"[432, 403, 111, 121, 866]"
1708,"[1249, 890, 1915, 60, 114]"
1709,"[444, 1885, 851, 789, 1160]"
1710,"[1249, 1611, 1887, 681, 458]"
1711,"[314, 1165, 313, 807, 1117]"
1712,"[432, 772, 121, 403, 480]"
1713,"[480, 1679, 1428, 1574, 111]"
1714,"[1555, 171, 765, 346, 364]"
1715,"[1138, 401, 1726, 3, 737]"
1716,"[16, 1246, 114, 1708, 1192]"
1717,"[1192, 1904, 114, 110, 1600]"
1718,"[73, 808, 468, 1192, 1903]"
1719,"[650, 1887, 1554, 1552, 890]"
1720,"[1344, 890, 1921, 1066, 95]"
1721,"[403, 1723, 866, 511, 480]"
1722,"[1204, 455, 1695, 1639, 16]"
1723,"[890, 1887, 1904, 1889, 102]"
1724,"[1249, 409, 1904, 1604, 165]"
1725,"[1592, 1677, 1885, 789, 1824]"
1726,"[1567, 16, 1896, 789, 1192]"
1727,"[1904, 624, 1523, 111, 866]"
1728,"[1904, 1192, 1567, 114, 1896]"
1729,"[1112, 455, 291, 1192, 114]"
1730,"[403, 480, 1723, 282, 73]"
1731,"[1617, 1640, 1613, 1904, 1192]"
1732,"[857, 1659, 1269, 1827, 1704]"
1733,"[902, 1566, 1675, 405, 1911]"
1734,"[165, 1915, 159, 1025, 937]"
1735,"[16, 73, 468, 808, 1639]"
1736,"[511, 1670, 403, 1320, 749]"
1737,"[1902, 1552, 1073, 408, 615]"
1738,"[1696, 1676, 878, 1640, 1248]"
1739,"[111, 468, 73, 82, 480]"
1740,"[164, 1676, 1696, 165, 403]"
1741,"[926, 405, 1202, 410, 470]"
1742,"[1249, 1670, 749, 121, 432]"
1743,"[52, 403, 665, 749, 1320]"
1744,"[16, 1903, 1287, 1192, 1570]"
1745,"[1704, 1705, 403, 1249, 862]"
1746,"[1887, 866, 1249, 1830, 121]"
1747,"[29, 1246, 1708, 1192, 1640]"
1748,"[1666, 1640, 1062, 444, 432]"
1749,"[403, 866, 749, 1320, 73]"
1750,"[1607, 480, 1277, 672, 1723]"
1751,"[37, 480, 468, 111, 866]"
1752,"[1192, 1904, 1604, 884, 1899]"
1753,"[16, 808, 114, 1924, 1192]"
1754,"[1710, 1270, 1613, 828, 1604]"
1755,"[480, 1063, 1812, 1813, 1706]"
1756,"[102, 1746, 441, 899, 1905]"
1757,"[1536, 1307, 1528, 1662, 1526]"
1758,"[1197, 1889, 925, 167, 928]"
1759,"[1772, 111, 443, 1067, 1605]"
1760,"[808, 1320, 403, 695, 739]"
1761,"[1064, 1887, 1926, 1662, 1899]"
1762,"[95, 1567, 93, 866, 1072]"
1763,"[1320, 1513, 403, 594, 542]"
1764,"[646, 403, 1717, 650, 111]"
1765,"[1249, 1567, 102, 723, 1695]"
1766,"[165, 1907, 1202, 410, 1696]"
1767,"[1611, 692, 679, 1521, 1884]"
1768,"[1915, 1825, 403, 866, 1320]"
1769,"[1904, 1613, 1906, 164, 1666]"
1770,"[468, 661, 652, 111, 1317]"
1771,"[73, 468, 111, 903, 1895]"
1772,"[1534, 102, 1746, 1533, 171]"
1773,"[1317, 1246, 73, 1717, 82]"
1774,"[403, 480, 1704, 1705, 1249]"
1775,"[455, 1904, 113, 878, 1613]"
1776,"[403, 480, 1249, 511, 1511]"
1777,"[1249, 480, 1567, 1607, 403]"
1778,"[403, 1317, 480, 1723, 111]"
1779,"[403, 511, 111, 1723, 514]"
1780,"[468, 1249, 501, 1772, 1314]"
1781,"[1885, 121, 1887, 1904, 922]"
1782,"[1705, 1704, 111, 1760, 1761]"
1783,"[1567, 1904, 1114, 1887, 1534]"
1784,"[1703, 1709, 14, 73, 337]"
1785,"[1277, 78, 44, 110, 1896]"
1786,"[1063, 28, 16, 1696, 1697]"
1787,"[1677, 408, 1675, 1676, 60]"
1788,"[403, 1723, 480, 511, 1705]"
1789,"[403, 808, 672, 749, 1249]"
1790,"[614, 1204, 1192, 1904, 98]"
1791,"[1320, 403, 749, 1670, 866]"
1792,"[1613, 1904, 110, 89, 773]"
1793,"[1705, 1704, 1753, 1887, 933]"
1794,"[692, 1705, 1277, 1704, 846]"
1795,"[82, 1513, 542, 621, 1246]"
1796,"[660, 1314, 1249, 788, 1516]"
1797,"[898, 1249, 125, 216, 1636]"
1798,"[403, 1317, 866, 1299, 480]"
1799,"[1009, 248, 660, 1013, 480]"
1800,"[1567, 110, 1613, 16, 1069]"
1801,"[52, 665, 281, 688, 290]"
1802,"[403, 749, 1639, 121, 405]"
1803,"[1696, 1697, 1904, 1675, 113]"
1804,"[749, 1320, 1670, 409, 1118]"
1805,"[1567, 1896, 890, 1887, 1072]"
1806,"[1063, 1249, 862, 480, 609]"
1807,"[789, 851, 672, 866, 444]"
1808,"[1063, 1696, 28, 1922, 1897]"
1809,"[1705, 1704, 862, 1758, 1762]"
1810,"[1677, 451, 1534, 113, 1890]"
1811,"[1192, 692, 1904, 1604, 1611]"
1812,"[1063, 28, 27, 29, 1248]"
1813,"[403, 1249, 1299, 405, 480]"
1814,"[1033, 1567, 121, 1891, 1887]"
1815,"[444, 1904, 113, 1903, 164]"
1816,"[1705, 1704, 1760, 1758, 1762]"
1817,"[1204, 1573, 16, 455, 1314]"
1818,"[1666, 403, 1160, 1607, 762]"
1819,"[1742, 1246, 82, 31, 33]"
1820,"[1264, 1265, 442, 1687, 434]"
1821,"[403, 1676, 749, 1825, 432]"
1822,"[1666, 734, 1911, 885, 762]"
1823,"[1906, 1909, 1528, 1640, 1193]"
1824,"[165, 164, 1904, 1607, 1608]"
1825,"[650, 413, 443, 647, 1320]"
1826,"[660, 1521, 1536, 1552, 1662]"
1827,"[1196, 1750, 1566, 102, 405]"
1828,"[1073, 165, 1313, 1696, 1534]"
1829,"[16, 1567, 903, 828, 1830]"
1830,"[1249, 1611, 165, 1604, 102]"
1831,"[1613, 692, 1904, 102, 1746]"
1832,"[1073, 314, 313, 794, 793]"
1833,"[1823, 1567, 480, 857, 1704]"
1834,"[1640, 1906, 1566, 78, 1904]"
1835,"[455, 1192, 16, 114, 1924]"
1836,"[16, 860, 1910, 1896, 819]"
1837,"[808, 1320, 403, 667, 1575]"
1838,"[114, 1192, 890, 116, 455]"
1839,"[1567, 1906, 1887, 789, 1885]"
1840,"[16, 455, 1112, 114, 1910]"
1841,"[95, 677, 1904, 1770, 1795]"
1842,"[1904, 1192, 1613, 1906, 102]"
1843,"[408, 1825, 1561, 1592, 1885]"
1844,"[1666, 1620, 409, 102, 1746]"
1845,"[1915, 1202, 410, 98, 1810]"
1846,"[43, 1567, 1904, 16, 878]"
1847,"[1607, 672, 1191, 1277, 1894]"
1848,"[862, 121, 1704, 1705, 1270]"
1849,"[665, 749, 403, 1670, 866]"
1850,"[1192, 692, 1904, 114, 110]"
1851,"[866, 121, 480, 403, 1338]"
1852,"[281, 1735, 1091, 1902, 1678]"
1853,"[1612, 1567, 444, 1193, 672]"
1854,"[102, 1746, 1924, 1604, 1618]"
1855,"[403, 749, 1320, 1670, 866]"
1856,"[614, 1904, 164, 113, 1192]"
1857,"[73, 1080, 1903, 1759, 444]"
1858,"[1249, 1721, 108, 1314, 787]"
1859,"[16, 1204, 1573, 455, 1924]"
1860,"[1307, 1197, 16, 860, 807]"
1861,"[444, 1640, 78, 1666, 403]"
1862,"[1670, 925, 167, 928, 931]"
1863,"[1915, 1363, 1705, 1704, 501]"
1864,"[1607, 1903, 403, 444, 164]"
1865,"[1607, 1666, 672, 444, 851]"
1866,"[468, 111, 480, 403, 1723]"
1867,"[1607, 1903, 164, 672, 444]"
1868,"[403, 1809, 749, 738, 1873]"
1869,"[1639, 1640, 455, 16, 1204]"
1870,"[16, 44, 1192, 43, 455]"
1871,"[1887, 1191, 1711, 1249, 866]"
1872,"[1192, 1910, 1064, 1536, 1662]"
1873,"[922, 1677, 672, 1536, 1909]"
1874,"[403, 1723, 282, 66, 111]"
1875,"[504, 458, 432, 772, 441]"
1876,"[1885, 1077, 1666, 1825, 1640]"
1877,"[749, 1320, 403, 1670, 866]"
1878,"[672, 1249, 1666, 441, 1592]"
1879,"[164, 922, 165, 89, 878]"
1880,"[480, 1063, 1812, 1813, 1706]"
1881,"[866, 1914, 1030, 915, 1908]"
1882,"[1573, 1204, 1896, 1666, 1620]"
1883,"[1676, 890, 1193, 866, 1902]"
1884,"[377, 108, 857, 480, 110]"
1885,"[1192, 102, 1746, 409, 1557]"
1886,"[1666, 444, 672, 1202, 410]"
1887,"[1249, 1561, 1344, 1618, 890]"
1888,"[1605, 111, 689, 687, 841]"
1889,"[1567, 1620, 1249, 672, 901]"
1890,"[1567, 1894, 1249, 480, 1887]"
1891,"[403, 749, 866, 1670, 1320]"
1892,"[114, 1192, 454, 455, 116]"
1893,"[1705, 1704, 1760, 1761, 1600]"
1894,"[1677, 1639, 455, 1676, 125]"
1895,"[1192, 692, 1904, 1523, 110]"
1896,"[66, 145, 749, 1670, 933]"
1897,"[1338, 1483, 1340, 1466, 66]"
1898,"[1696, 89, 403, 1202, 410]"
1899,"[16, 114, 888, 1192, 1112]"
1900,"[16, 1741, 1246, 860, 1913]"
1901,"[660, 1249, 1163, 1885, 892]"
1902,"[408, 148, 178, 184, 947]"
1903,"[1922, 1897, 43, 1887, 1904]"
1904,"[403, 409, 1871, 1834, 823]"
1905,"[1567, 16, 1896, 1192, 677]"
1906,"[1567, 16, 403, 672, 1249]"
1907,"[403, 480, 1677, 66, 1885]"
1908,"[111, 687, 480, 1679, 1605]"
1909,"[890, 43, 95, 102, 1887]"
1910,"[403, 749, 1670, 866, 1320]"
1911,"[480, 511, 1723, 73, 111]"
1912,"[443, 1139, 1181, 364, 1149]"
1913,"[1717, 403, 646, 111, 1428]"
1914,"[403, 410, 409, 1202, 1632]"
1915,"[1607, 1903, 444, 1277, 672]"
1916,"[1640, 403, 1699, 1696, 1193]"
1917,"[1695, 165, 102, 466, 114]"
1918,"[116, 114, 1904, 110, 624]"
1919,"[432, 1666, 672, 1906, 1904]"
1920,"[672, 1666, 1607, 1659, 1277]"
1921,"[890, 1604, 114, 112, 1192]"
1922,"[1696, 1567, 1708, 1697, 1904]"
1923,"[1317, 73, 480, 1717, 468]"
1924,"[1320, 639, 652, 403, 655]"
1925,"[1608, 1887, 1277, 1607, 1894]"
1926,"[1890, 1899, 1892, 1887, 114]"
1927,"[1567, 1887, 1892, 1666, 1885]"
1928,"[1567, 1607, 672, 1249, 901]"
1929,"[1567, 480, 1742, 1063, 16]"
1930,"[1567, 16, 903, 480, 111]"
1931,"[403, 808, 1192, 1906, 1904]"
1932,"[1904, 78, 102, 1746, 432]"
1933,"[1772, 1895, 828, 441, 1457]"
1934,"[884, 1924, 291, 1604, 1705]"
1935,"[1613, 1904, 1192, 78, 110]"
1936,"[1277, 1896, 413, 1904, 110]"
1937,"[409, 121, 1670, 1887, 749]"
1938,"[118, 1073, 314, 667, 1297]"
1939,"[1704, 1705, 1812, 1813, 1706]"
1940,"[866, 1118, 1320, 403, 1034]"
1941,"[1904, 1695, 1750, 101, 926]"
1942,"[650, 1723, 413, 1317, 111]"
1943,"[403, 480, 73, 1317, 1723]"
1944,"[866, 1887, 121, 1834, 1871]"
1945,"[672, 89, 1612, 403, 432]"
1946,"[403, 1566, 73, 282, 1770]"
1947,"[171, 128, 408, 446, 1196]"
1948,"[1698, 1006, 403, 1075, 322]"
1949,"[403, 672, 1659, 1640, 1332]"
1950,"[16, 114, 1924, 454, 455]"
1951,"[678, 1277, 900, 451, 97]"
1952,"[73, 111, 468, 282, 1114]"
1953,"[749, 1670, 403, 1320, 866]"
1954,"[1192, 1611, 926, 409, 1604]"
1955,"[1192, 1204, 1904, 614, 164]"
1956,"[687, 43, 1772, 650, 1192]"
1957,"[1249, 165, 432, 102, 1620]"
1958,"[403, 902, 1675, 1676, 1612]"
1959,"[114, 16, 1192, 1910, 455]"
1960,"[1742, 1585, 1595, 1563, 480]"
1961,"[1249, 1676, 60, 1639, 926]"
1962,"[1534, 116, 1604, 1618, 165]"
1963,"[403, 1249, 1676, 926, 1675]"
1964,"[403, 1723, 480, 1317, 1705]"
1965,"[403, 511, 1670, 749, 1320]"
1966,"[16, 114, 1192, 1312, 454]"
1967,"[165, 1675, 171, 1677, 1676]"
1968,"[16, 114, 454, 1192, 447]"
1969,"[16, 1772, 1896, 1567, 1192]"
1970,"[1246, 1708, 73, 1317, 413]"
1971,"[16, 114, 1192, 1567, 808]"
1972,"[1607, 1608, 1277, 1894, 1613]"
1973,"[403, 1723, 111, 1320, 4]"
1974,"[438, 1607, 1907, 1191, 672]"
1975,"[1192, 1904, 1567, 1613, 455]"
1976,"[901, 866, 1834, 1676, 1871]"
1977,"[1903, 1659, 78, 1613, 1567]"
1978,"[16, 1910, 1192, 1904, 1896]"
1979,"[1613, 1270, 1904, 438, 848]"
1980,"[1192, 1555, 447, 1521, 1112]"
1981,"[73, 468, 111, 480, 282]"
1982,"[1320, 403, 1317, 37, 1679]"
1983,"[1534, 112, 1192, 878, 1567]"
1984,"[413, 1063, 37, 1277, 110]"
1985,"[1772, 1246, 1210, 1249, 1457]"
1986,"[16, 44, 808, 111, 73]"
1987,"[403, 1670, 749, 1320, 903]"
1988,"[1904, 1192, 1613, 1896, 110]"
1989,"[1249, 171, 102, 1915, 165]"
1990,"[1887, 1249, 866, 111, 1890]"
1991,"[692, 1705, 1277, 1704, 846]"
1992,"[614, 1192, 16, 1896, 435]"
1993,"[73, 1317, 468, 1772, 1717]"
1994,"[403, 66, 262, 1013, 1009]"
1995,"[679, 1275, 1611, 102, 1604]"
1996,"[114, 1192, 116, 890, 455]"
1997,"[413, 1246, 1317, 73, 111]"
1998,"[480, 862, 479, 1705, 1704]"
1999,"[1567, 16, 1896, 135, 677]"
2000,"[16, 455, 454, 1746, 1924]"
2001,"[926, 1677, 444, 1249, 1617]"
2002,"[922, 1899, 878, 102, 1526]"
2003,"[1249, 420, 430, 1511, 1133]"
2004,"[1114, 1887, 866, 1616, 1745]"
2005,"[1567, 403, 1249, 808, 165]"
2006,"[1249, 432, 901, 121, 3]"
2007,"[16, 114, 455, 1307, 1611]"
2008,"[408, 1675, 1885, 890, 145]"
2009,"[1924, 1192, 114, 464, 116]"
2010,"[121, 1249, 823, 925, 167]"
2011,"[1613, 110, 164, 1063, 1567]"
2012,"[403, 862, 480, 432, 1249]"
2013,"[403, 892, 1317, 1038, 282]"
2014,"[102, 890, 692, 1536, 1604]"
2015,"[1249, 890, 1604, 102, 1830]"
2016,"[429, 66, 1735, 1320, 522]"
2017,"[1666, 405, 1640, 1196, 1676]"
2018,"[403, 1676, 1299, 1566, 1344]"
2019,"[890, 1567, 1192, 1896, 112]"
2020,"[114, 16, 1705, 1704, 464]"
2021,"[1904, 1586, 884, 111, 1068]"
2022,"[650, 16, 846, 888, 454]"
2023,"[789, 1202, 410, 672, 409]"
2024,"[1639, 1607, 316, 403, 121]"
2025,"[102, 1746, 1607, 409, 1598]"
2026,"[872, 1249, 787, 898, 1162]"
2027,"[1696, 290, 1615, 1904, 1556]"
2028,"[1666, 1906, 410, 1202, 432]"
2029,"[890, 1197, 1695, 1676, 1675]"
2030,"[1249, 432, 808, 468, 226]"
2031,"[1567, 110, 165, 1249, 808]"
2032,"[1192, 1696, 890, 1676, 1695]"
2033,"[594, 1513, 542, 1855, 1834]"
2034,"[1896, 1526, 888, 43, 1922]"
2035,"[1887, 1884, 1890, 43, 672]"
2036,"[478, 1924, 866, 1887, 774]"
2037,"[403, 1320, 1827, 808, 1829]"
2038,"[1887, 749, 866, 755, 756]"
2039,"[403, 66, 121, 1666, 432]"
2040,"[102, 1611, 1746, 1884, 926]"
2041,"[454, 455, 16, 1604, 1611]"
2042,"[1192, 455, 1521, 1884, 114]"
2043,"[1246, 1772, 16, 413, 1192]"
2044,"[1871, 1834, 1830, 884, 1887]"
2045,"[749, 866, 1118, 1670, 1648]"
2046,"[1659, 405, 78, 444, 1903]"
2047,"[1567, 1887, 1884, 1885, 1588]"
2048,"[1785, 1704, 1705, 828, 1695]"
2049,"[1607, 432, 1249, 121, 1871]"
2050,"[403, 1666, 409, 1705, 1704]"
2051,"[650, 1312, 884, 667, 43]"
2052,"[403, 1320, 749, 121, 1197]"
2053,"[1904, 1192, 1204, 692, 1606]"
2054,"[111, 44, 1717, 43, 1760]"
2055,"[1704, 1705, 480, 1858, 1809]"
2056,"[789, 851, 672, 866, 444]"
2057,"[16, 114, 1604, 455, 1600]"
2058,"[926, 1249, 60, 1604, 1924]"
2059,"[862, 1040, 1160, 1598, 1906]"
2060,"[672, 444, 1907, 164, 165]"
2061,"[73, 468, 135, 111, 480]"
2062,"[1894, 1567, 1613, 98, 1891]"
2063,"[1704, 1705, 1885, 672, 403]"
2064,"[403, 405, 409, 808, 1202]"
2065,"[102, 1896, 1904, 1884, 1922]"
2066,"[1246, 403, 1320, 471, 749]"
2067,"[403, 1317, 468, 73, 111]"
2068,"[823, 409, 1906, 161, 1249]"
2069,"[455, 114, 116, 445, 890]"
2070,"[403, 1317, 1723, 1428, 73]"
2071,"[1320, 290, 665, 793, 1670]"
2072,"[1070, 114, 1910, 1192, 447]"
2073,"[114, 16, 1192, 890, 116]"
2074,"[403, 1723, 511, 480, 1705]"
2075,"[1317, 443, 1063, 1787, 1786]"
2076,"[16, 1246, 1708, 1192, 413]"
2077,"[1567, 1904, 1607, 1192, 1613]"
2078,"[1604, 898, 787, 1924, 1887]"
2079,"[1620, 890, 1904, 93, 866]"
2080,"[1063, 1277, 1608, 642, 1291]"
2081,"[1112, 1567, 1070, 1904, 114]"
2082,"[432, 1249, 1834, 1871, 672]"
2083,"[16, 1204, 1248, 114, 1896]"
2084,"[1204, 16, 336, 606, 723]"
2085,"[1704, 1705, 1070, 97, 96]"
2086,"[73, 468, 111, 480, 282]"
2087,"[165, 1675, 405, 808, 1677]"
2088,"[16, 1192, 1249, 1761, 1760]"
2089,"[868, 98, 1915, 112, 171]"
2090,"[1613, 1270, 672, 1607, 1894]"
2091,"[878, 922, 113, 1071, 1904]"
2092,"[749, 1670, 66, 79, 1320]"
2093,"[1607, 1904, 672, 1639, 405]"
2094,"[1192, 692, 1273, 846, 447]"
2095,"[1896, 922, 1567, 1922, 1897]"
2096,"[789, 672, 851, 159, 1025]"
2097,"[1607, 1904, 403, 1676, 926]"
2098,"[16, 1112, 1147, 860, 1904]"
2099,"[16, 1573, 43, 1204, 455]"
2100,"[1676, 1675, 1249, 890, 1344]"
2101,"[1204, 16, 1924, 114, 1192]"
2102,"[866, 903, 121, 480, 1830]"
2103,"[1192, 439, 890, 114, 1772]"
2104,"[1695, 605, 926, 165, 1249]"
2105,"[1612, 866, 1160, 1889, 1114]"
2106,"[1291, 78, 1264, 1265, 1613]"
2107,"[89, 165, 102, 113, 692]"
2108,"[403, 1676, 405, 410, 1202]"
2109,"[1567, 1896, 677, 16, 1904]"
2110,"[1192, 1567, 16, 114, 1904]"
2111,"[403, 26, 861, 111, 1249]"
2112,"[89, 409, 1885, 1907, 1922]"
2113,"[1896, 1904, 16, 1192, 95]"
2114,"[1607, 672, 851, 1277, 444]"
2115,"[403, 1249, 432, 480, 121]"
2116,"[1896, 1526, 1922, 1897, 884]"
2117,"[898, 749, 165, 866, 464]"
2118,"[1666, 672, 432, 1249, 1607]"
2119,"[1249, 1677, 121, 866, 165]"
2120,"[1204, 114, 16, 807, 1307]"
2121,"[1887, 890, 1899, 1904, 1526]"
2122,"[1676, 890, 1639, 112, 124]"
2123,"[1742, 1555, 480, 1679, 1542]"
2124,"[890, 112, 1904, 1907, 866]"
2125,"[1896, 1567, 1192, 1067, 1705]"
2126,"[16, 860, 1904, 1600, 44]"
2127,"[480, 110, 1607, 16, 1567]"
2128,"[16, 114, 1567, 1040, 1904]"
2129,"[275, 280, 281, 1320, 1016]"
2130,"[403, 282, 909, 121, 265]"
2131,"[1567, 1192, 16, 1607, 1904]"
2132,"[1904, 1567, 1192, 878, 1885]"
2133,"[866, 121, 480, 892, 403]"
2134,"[926, 1202, 410, 1750, 1695]"
2135,"[1192, 114, 455, 16, 1904]"
2136,"[1620, 102, 93, 1612, 1249]"
2137,"[1607, 1249, 432, 672, 1277]"
2138,"[1904, 672, 1202, 410, 1666]"
2139,"[110, 1192, 692, 1904, 114]"
2140,"[1903, 1607, 432, 444, 1666]"
2141,"[1613, 110, 1898, 624, 1063]"
2142,"[1904, 1192, 1906, 926, 672]"
2143,"[1904, 926, 98, 1192, 1906]"
2144,"[403, 16, 468, 480, 1249]"
2145,"[1513, 542, 594, 621, 595]"
2146,"[403, 1320, 73, 749, 866]"
2147,"[111, 468, 73, 403, 480]"
2148,"[121, 901, 866, 1033, 480]"
2149,"[1904, 165, 1890, 1275, 1112]"
2150,"[410, 933, 1202, 749, 725]"
2151,"[16, 455, 1192, 462, 454]"
2152,"[1567, 16, 1896, 1904, 1191]"
2153,"[432, 111, 1249, 121, 866]"
2154,"[480, 111, 1723, 403, 468]"
2155,"[403, 1723, 480, 511, 1704]"
2156,"[749, 1670, 866, 403, 665]"
2157,"[1246, 1204, 1317, 16, 29]"
2158,"[413, 1277, 82, 1063, 44]"
2159,"[114, 1307, 1204, 807, 818]"
2160,"[97, 96, 165, 98, 1746]"
2161,"[1705, 689, 1760, 1761, 1904]"
2162,"[1607, 1903, 1249, 1750, 444]"
2163,"[890, 1536, 112, 89, 113]"
2164,"[862, 1705, 1249, 1704, 1886]"
2165,"[422, 747, 754, 755, 756]"
2166,"[1249, 1885, 1887, 480, 789]"
2167,"[1567, 403, 1249, 808, 672]"
2168,"[1193, 1677, 1885, 1192, 171]"
2169,"[1317, 1246, 111, 1904, 1704]"
2170,"[403, 111, 1428, 1723, 432]"
2171,"[403, 749, 1320, 73, 1670]"
2172,"[1567, 1896, 16, 1904, 1192]"
2173,"[594, 808, 16, 542, 1513]"
2174,"[1607, 1160, 1666, 672, 432]"
2175,"[1567, 866, 43, 1192, 1556]"
2176,"[1904, 78, 789, 1193, 405]"
2177,"[1607, 1666, 1160, 1249, 901]"
2178,"[933, 1830, 1871, 1834, 1338]"
2179,"[403, 1834, 1871, 1830, 501]"
2180,"[403, 655, 1317, 367, 1023]"
2181,"[97, 96, 926, 403, 98]"
2182,"[1567, 135, 480, 403, 1607]"
2183,"[1192, 455, 16, 114, 1112]"
2184,"[16, 1904, 44, 1192, 110]"
2185,"[890, 866, 1830, 1358, 1887]"
2186,"[1567, 1192, 112, 1904, 16]"
2187,"[1679, 1204, 114, 16, 1314]"
2188,"[1902, 1552, 628, 1543, 1219]"
2189,"[1567, 672, 1896, 409, 1906]"
2190,"[890, 1904, 1192, 112, 43]"
2191,"[110, 1696, 861, 1697, 1904]"
2192,"[1676, 112, 672, 165, 171]"
2193,"[692, 624, 89, 1639, 808]"
2194,"[650, 681, 344, 647, 291]"
2195,"[16, 1246, 135, 903, 132]"
2196,"[413, 82, 1192, 1708, 116]"
2197,"[903, 481, 1764, 90, 1753]"
2198,"[926, 89, 165, 1202, 410]"
2199,"[114, 1192, 116, 890, 455]"
2200,"[1904, 114, 860, 1192, 890]"
2201,"[1567, 403, 1607, 866, 1906]"
2202,"[1567, 1904, 1192, 110, 114]"
2203,"[403, 1320, 1006, 1670, 749]"
2204,"[444, 672, 403, 165, 1675]"
2205,"[1567, 16, 1896, 808, 1192]"
2206,"[1567, 16, 1896, 135, 1904]"
2207,"[110, 1613, 1192, 114, 1904]"
2208,"[1640, 1639, 672, 1699, 892]"
2209,"[403, 1320, 1317, 749, 282]"
2210,"[808, 672, 1249, 432, 1264]"
2211,"[687, 890, 1192, 884, 1772]"
2212,"[16, 1705, 1704, 114, 1600]"
2213,"[1607, 1277, 1249, 1894, 1608]"
2214,"[1613, 1607, 1904, 1567, 432]"
2215,"[890, 1830, 102, 1834, 1890]"
2216,"[1607, 1191, 1898, 1662, 808]"
2217,"[866, 1887, 121, 890, 1891]"
2218,"[282, 866, 749, 1670, 403]"
2219,"[784, 1654, 749, 925, 167]"
2220,"[444, 403, 1666, 405, 1676]"
2221,"[1666, 672, 102, 1746, 1904]"
2222,"[79, 639, 1651, 655, 65]"
2223,"[480, 37, 1249, 1567, 1063]"
2224,"[1567, 1904, 1607, 1613, 1192]"
2225,"[1317, 403, 111, 1006, 1204]"
2226,"[1567, 866, 135, 16, 121]"
2227,"[16, 1063, 1249, 1204, 455]"
2228,"[113, 409, 1904, 1192, 89]"
2229,"[1904, 926, 1295, 1906, 432]"
2230,"[1670, 749, 102, 1770, 866]"
2231,"[89, 1899, 922, 165, 1249]"
2232,"[112, 113, 890, 403, 1915]"
2233,"[111, 1717, 650, 687, 1723]"
2234,"[1202, 410, 866, 1885, 1887]"
2235,"[403, 1317, 73, 111, 37]"
2236,"[444, 672, 1903, 1676, 403]"
2237,"[1192, 110, 1191, 1904, 1523]"
2238,"[1567, 672, 789, 372, 851]"
2239,"[1676, 890, 112, 1675, 95]"
2240,"[749, 866, 1670, 121, 650]"
2241,"[444, 403, 1903, 672, 1750]"
2242,"[403, 892, 1006, 1317, 1197]"
2243,"[1613, 1607, 1904, 1567, 432]"
2244,"[1904, 16, 111, 860, 1112]"
2245,"[665, 749, 52, 1670, 688]"
2246,"[1717, 1428, 111, 1723, 1317]"
2247,"[1695, 1204, 606, 723, 1274]"
2248,"[1705, 1704, 1270, 1875, 108]"
2249,"[1898, 1607, 1885, 1582, 1380]"
2250,"[403, 409, 672, 1659, 731]"
2251,"[1904, 1613, 1885, 692, 1291]"
2252,"[16, 1192, 114, 1904, 1147]"
2253,"[1320, 403, 749, 807, 782]"
2254,"[1717, 480, 111, 468, 1723]"
2255,"[1696, 1677, 1607, 66, 480]"
2256,"[455, 1610, 1112, 1521, 1924]"
2257,"[650, 749, 1320, 1670, 639]"
2258,"[1705, 1758, 1762, 1704, 862]"
2259,"[16, 1567, 114, 1896, 862]"
2260,"[614, 1659, 1903, 1275, 164]"
2261,"[652, 632, 808, 403, 1639]"
2262,"[1202, 410, 403, 1666, 405]"
2263,"[1607, 1534, 480, 1567, 1249]"
2264,"[1249, 458, 1611, 749, 757]"
2265,"[1604, 1192, 926, 1924, 102]"
2266,"[403, 409, 1666, 405, 167]"
2267,"[1249, 165, 432, 672, 480]"
2268,"[1567, 1063, 1904, 1613, 37]"
2269,"[903, 866, 403, 480, 1249]"
2270,"[866, 121, 1887, 1612, 93]"
2271,"[403, 1428, 1723, 111, 282]"
2272,"[926, 1885, 1270, 444, 1677]"
2273,"[903, 4, 514, 828, 1867]"
2274,"[444, 1885, 405, 1675, 926]"
2275,"[1063, 405, 605, 213, 976]"
2276,"[1904, 16, 1192, 114, 455]"
2277,"[1249, 114, 1204, 1192, 16]"
2278,"[114, 890, 116, 112, 1192]"
2279,"[37, 1723, 1317, 480, 403]"
2280,"[1717, 111, 1582, 1380, 426]"
2281,"[16, 454, 1192, 455, 1604]"
2282,"[89, 165, 866, 1696, 102]"
2283,"[1192, 16, 1904, 860, 455]"
2284,"[1832, 823, 1836, 1873, 1834]"
2285,"[1607, 1894, 1608, 1277, 672]"
2286,"[1613, 1193, 1904, 1612, 124]"
2287,"[1904, 78, 1613, 1638, 1192]"
2288,"[794, 1192, 1313, 1536, 1534]"
2289,"[1112, 1192, 1610, 455, 18]"
2290,"[73, 282, 468, 403, 111]"
2291,"[1924, 478, 16, 860, 637]"
2292,"[1063, 454, 1249, 16, 455]"
2293,"[1567, 599, 587, 597, 595]"
2294,"[111, 37, 866, 1246, 1317]"
2295,"[1903, 111, 1566, 902, 1911]"
2296,"[43, 808, 1904, 866, 1567]"
2297,"[165, 102, 1534, 926, 171]"
2298,"[1317, 403, 1604, 165, 1192]"
2299,"[1567, 866, 37, 121, 480]"
2300,"[1246, 1708, 73, 413, 803]"
2301,"[1007, 1896, 43, 413, 650]"
2302,"[403, 73, 121, 480, 432]"
2303,"[16, 1192, 44, 692, 1112]"
2304,"[403, 501, 1363, 1370, 282]"
2305,"[926, 1604, 114, 1721, 60]"
2306,"[1592, 1666, 902, 1735, 213]"
2307,"[1317, 111, 1717, 1428, 480]"
2308,"[1192, 1904, 1523, 1533, 102]"
2309,"[1320, 403, 793, 290, 866]"
2310,"[1906, 1676, 1202, 410, 1907]"
2311,"[1772, 1192, 114, 1896, 116]"
2312,"[1618, 1721, 1555, 1249, 1192]"
2313,"[403, 1723, 480, 111, 1317]"
2314,"[403, 480, 1704, 1705, 1249]"
2315,"[403, 1317, 480, 1723, 111]"
2316,"[1611, 890, 454, 1604, 102]"
2317,"[860, 1063, 93, 1249, 1904]"
2318,"[480, 1704, 1705, 862, 903]"
2319,"[1320, 1670, 749, 403, 866]"
2320,"[121, 167, 928, 169, 929]"
2321,"[1904, 1567, 860, 1192, 890]"
2322,"[37, 1285, 1110, 295, 346]"
2323,"[403, 749, 866, 1670, 121]"
2324,"[480, 1723, 1885, 866, 660]"
2325,"[444, 1904, 1750, 124, 1903]"
2326,"[148, 916, 145, 140, 266]"
2327,"[1157, 1929, 1288, 866, 884]"
2328,"[403, 1906, 1676, 866, 159]"
2329,"[82, 1898, 1582, 1380, 426]"
2330,"[1904, 1192, 455, 114, 454]"
2331,"[1197, 866, 884, 747, 754]"
2332,"[114, 16, 807, 1192, 1750]"
2333,"[73, 403, 282, 468, 111]"
2334,"[1705, 1704, 1890, 1761, 1760]"
2335,"[1666, 1906, 672, 1607, 1885]"
2336,"[413, 1277, 82, 44, 1904]"
2337,"[866, 1887, 93, 121, 1072]"
2338,"[480, 1317, 37, 1723, 468]"
2339,"[1772, 16, 1896, 1192, 1567]"
2340,"[672, 403, 789, 851, 444]"
2341,"[403, 95, 1612, 1114, 1074]"
2342,"[1033, 901, 121, 862, 92]"
2343,"[749, 1670, 1320, 403, 866]"
2344,"[1640, 1902, 408, 1264, 1265]"
2345,"[808, 1772, 16, 1112, 860]"
2346,"[403, 1317, 73, 111, 37]"
2347,"[403, 79, 1659, 1789, 1790]"
2348,"[1192, 16, 114, 455, 1246]"
2349,"[403, 916, 148, 270, 913]"
2350,"[16, 455, 114, 1604, 1192]"
2351,"[866, 1249, 1705, 1704, 1830]"
2352,"[860, 81, 681, 111, 413]"
2353,"[403, 808, 672, 89, 165]"
2354,"[383, 1695, 1180, 1204, 624]"
2355,"[1567, 1885, 1887, 480, 866]"
2356,"[1249, 823, 1666, 1498, 1832]"
2357,"[1704, 862, 480, 1270, 438]"
2358,"[1192, 692, 116, 114, 846]"
2359,"[884, 432, 1191, 121, 888]"
2360,"[1659, 1903, 1264, 1265, 73]"
2361,"[1192, 114, 16, 1904, 1567]"
2362,"[1610, 1192, 1275, 1614, 1521]"
2363,"[1192, 1904, 692, 114, 116]"
2364,"[1695, 1674, 403, 1639, 979]"
2365,"[403, 749, 866, 1320, 1670]"
2366,"[16, 1611, 1192, 1567, 1884]"
2367,"[1192, 114, 692, 110, 451]"
2368,"[403, 1750, 672, 808, 1885]"
2369,"[1534, 102, 409, 1533, 165]"
2370,"[443, 1708, 31, 33, 41]"
2371,"[1613, 922, 165, 878, 164]"
2372,"[1640, 403, 1566, 1639, 902]"
2373,"[1249, 1611, 1192, 1721, 1913]"
2374,"[403, 1723, 480, 72, 749]"
2375,"[692, 93, 1552, 878, 1887]"
2376,"[1904, 1192, 43, 1191, 1562]"
2377,"[1899, 1620, 1907, 1526, 478]"
2378,"[862, 111, 1894, 1758, 1762]"
2379,"[1320, 866, 749, 933, 66]"
2380,"[93, 866, 1887, 95, 111]"
2381,"[95, 1887, 43, 93, 866]"
2382,"[902, 1675, 1676, 403, 408]"
2383,"[1772, 1896, 1605, 379, 439]"
2384,"[116, 114, 1567, 37, 1192]"
2385,"[1317, 661, 1161, 376, 1705]"
2386,"[1887, 1554, 1892, 1534, 1894]"
2387,"[403, 480, 1723, 1428, 111]"
2388,"[1249, 501, 1830, 1825, 1302]"
2389,"[377, 1705, 1704, 379, 857]"
2390,"[1666, 672, 403, 444, 1885]"
2391,"[1772, 1192, 660, 1904, 1536]"
2392,"[111, 480, 468, 1723, 403]"
2393,"[926, 1202, 410, 1904, 409]"
2394,"[403, 480, 1607, 866, 1705]"
2395,"[1613, 1904, 901, 1607, 1192]"
2396,"[926, 922, 165, 925, 167]"
2397,"[114, 110, 116, 16, 1567]"
2398,"[1070, 1192, 455, 1610, 1904]"
2399,"[403, 480, 432, 1249, 1567]"
2400,"[403, 480, 1249, 862, 1723]"
2401,"[866, 403, 95, 1045, 1034]"
2402,"[672, 1666, 1659, 1735, 1639]"
2403,"[1428, 1723, 111, 738, 403]"
2404,"[1666, 1659, 403, 672, 1607]"
2405,"[1317, 111, 480, 314, 73]"
2406,"[165, 60, 1639, 1604, 1249]"
2407,"[1567, 1904, 1613, 1192, 1906]"
2408,"[661, 1679, 1571, 349, 1574]"
2409,"[1317, 1290, 111, 1717, 480]"
2410,"[403, 405, 672, 1885, 1705]"
2411,"[1772, 16, 383, 325, 73]"
2412,"[1676, 1696, 1639, 164, 124]"
2413,"[1904, 1896, 1192, 1906, 102]"
2414,"[111, 121, 885, 1704, 480]"
2415,"[1666, 672, 1885, 1904, 1613]"
2416,"[1192, 1589, 1746, 102, 1532]"
2417,"[793, 1320, 638, 633, 654]"
2418,"[1202, 410, 1906, 926, 405]"
2419,"[43, 1896, 1904, 95, 1567]"
2420,"[1317, 111, 480, 468, 1717]"
2421,"[1723, 403, 511, 480, 111]"
2422,"[1666, 1659, 403, 672, 511]"
2423,"[1202, 410, 121, 1620, 1887]"
2424,"[114, 16, 1192, 1567, 1910]"
2425,"[890, 1676, 1675, 112, 1612]"
2426,"[266, 267, 233, 234, 238]"
2427,"[403, 749, 111, 1670, 866]"
2428,"[1249, 1830, 90, 1404, 1316]"
2429,"[1567, 1907, 1899, 1894, 1193]"
2430,"[672, 403, 444, 1885, 926]"
2431,"[444, 403, 405, 113, 926]"
2432,"[116, 789, 124, 165, 102]"
2433,"[110, 1567, 1517, 480, 1607]"
2434,"[165, 211, 226, 244, 739]"
2435,"[403, 749, 866, 1670, 1317]"
2436,"[866, 121, 808, 860, 403]"
2437,"[1192, 1705, 1704, 439, 1599]"
2438,"[403, 1640, 1676, 1904, 926]"
2439,"[114, 403, 1696, 1204, 1317]"
2440,"[403, 444, 672, 789, 851]"
2441,"[1723, 480, 851, 857, 1249]"
2442,"[1249, 430, 823, 121, 1670]"
2443,"[403, 866, 111, 1723, 480]"
2444,"[862, 480, 1763, 1758, 1762]"
2445,"[1904, 1277, 110, 16, 1772]"
2446,"[1666, 403, 672, 1640, 1903]"
2447,"[1320, 403, 652, 1834, 1871]"
2448,"[111, 403, 1249, 480, 1723]"
2449,"[1696, 290, 1697, 16, 455]"
2450,"[588, 593, 597, 595, 590]"
2451,"[1277, 1607, 287, 1608, 943]"
2452,"[1317, 1290, 587, 903, 590]"
2453,"[1534, 112, 890, 878, 1193]"
2454,"[1733, 1738, 432, 916, 901]"
2455,"[1112, 1192, 1312, 687, 1521]"
2456,"[1249, 1887, 480, 403, 749]"
2457,"[1287, 828, 1895, 1877, 1015]"
2458,"[480, 1317, 111, 661, 110]"
2459,"[890, 866, 1904, 1887, 926]"
2460,"[1666, 444, 1659, 672, 1903]"
2461,"[1705, 1704, 111, 1760, 1761]"
2462,"[1604, 1676, 1695, 1659, 890]"
2463,"[110, 116, 1249, 114, 1605]"
2464,"[1264, 1265, 403, 1612, 431]"
2465,"[902, 1675, 403, 1640, 1676]"
2466,"[1363, 501, 1753, 1705, 1704]"
2467,"[1192, 1249, 451, 1639, 1695]"
2468,"[1317, 1290, 587, 661, 1880]"
2469,"[1567, 1904, 1613, 1192, 1191]"
2470,"[749, 1670, 866, 933, 1105]"
2471,"[403, 1299, 926, 1202, 410]"
2472,"[405, 1915, 1344, 89, 1675]"
2473,"[1567, 16, 1896, 1899, 43]"
2474,"[1592, 1249, 98, 1607, 672]"
2475,"[403, 862, 1249, 480, 511]"
2476,"[480, 1317, 111, 661, 468]"
2477,"[1607, 1903, 444, 1825, 1676]"
2478,"[828, 16, 862, 1570, 1190]"
2479,"[1554, 1887, 1489, 809, 102]"
2480,"[114, 116, 468, 480, 1192]"
2481,"[1607, 480, 1608, 444, 1277]"
2482,"[16, 808, 1567, 114, 1192]"
2483,"[1249, 672, 403, 1695, 432]"
2484,"[1317, 1772, 82, 1246, 468]"
2485,"[1192, 18, 1275, 471, 1610]"
2486,"[1723, 1428, 403, 1705, 1704]"
2487,"[403, 1317, 808, 605, 1823]"
2488,"[890, 1192, 1581, 114, 1823]"
2489,"[290, 1670, 749, 1696, 97]"
2490,"[1772, 111, 16, 1904, 468]"
2491,"[1666, 672, 1885, 1607, 1904]"
2492,"[405, 1659, 78, 403, 1073]"
2493,"[135, 1567, 132, 403, 903]"
2494,"[1567, 16, 135, 866, 480]"
2495,"[1204, 16, 455, 114, 1192]"
2496,"[135, 73, 468, 111, 480]"
2497,"[1202, 1827, 410, 403, 1829]"
2498,"[1567, 403, 53, 1249, 432]"
2499,"[480, 862, 72, 1812, 1813]"
2500,"[860, 413, 16, 44, 111]"
2501,"[1192, 101, 890, 112, 1555]"
2502,"[408, 902, 222, 1666, 122]"
2503,"[403, 1197, 1302, 866, 1830]"
2504,"[82, 1287, 1895, 1877, 1015]"
2505,"[1902, 97, 98, 96, 695]"
2506,"[1249, 409, 430, 1809, 199]"
2507,"[1192, 1567, 1249, 1904, 890]"
2508,"[73, 1612, 1196, 1295, 468]"
2509,"[403, 1723, 480, 111, 866]"
2510,"[890, 926, 866, 1249, 102]"
2511,"[403, 1566, 73, 1696, 1612]"
2512,"[614, 29, 26, 1277, 1063]"
2513,"[1746, 1249, 1832, 1511, 1836]"
2514,"[403, 432, 749, 111, 1249]"
2515,"[1246, 1708, 471, 454, 1744]"
2516,"[403, 749, 1320, 755, 756]"
2517,"[1249, 403, 749, 480, 1723]"
2518,"[1708, 1246, 413, 16, 808]"
2519,"[365, 655, 370, 903, 1290]"
2520,"[1905, 1922, 1897, 1527, 1627]"
2521,"[1192, 114, 890, 455, 112]"
2522,"[111, 1717, 650, 480, 687]"
2523,"[1666, 1297, 1906, 1541, 1607]"
2524,"[749, 1670, 866, 1320, 665]"
2525,"[1536, 1639, 1534, 1192, 165]"
2526,"[1904, 113, 1615, 26, 1192]"
2527,"[1067, 866, 1711, 121, 884]"
2528,"[444, 1904, 98, 1853, 1612]"
2529,"[403, 405, 1676, 165, 410]"
2530,"[73, 1317, 1246, 413, 111]"
2531,"[439, 114, 1147, 16, 1758]"
2532,"[749, 1648, 1670, 903, 1105]"
2533,"[1249, 926, 409, 1721, 1906]"
2534,"[480, 72, 655, 903, 1723]"
2535,"[1772, 111, 1067, 650, 1723]"
2536,"[1202, 410, 1118, 405, 102]"
2537,"[798, 1679, 480, 652, 1742]"
2538,"[1830, 1871, 1834, 866, 1030]"
2539,"[1317, 853, 993, 1705, 1704]"
2540,"[1567, 444, 113, 1904, 1903]"
2541,"[1924, 60, 1112, 1884, 1608]"
2542,"[1277, 862, 1705, 1270, 1704]"
2543,"[403, 409, 1344, 1299, 1676]"
2544,"[1670, 749, 665, 866, 1320]"
2545,"[16, 1317, 480, 860, 111]"
2546,"[1192, 692, 110, 114, 1904]"
2547,"[808, 925, 167, 928, 931]"
2548,"[1607, 1615, 1202, 410, 808]"
2549,"[1902, 1885, 1249, 672, 1073]"
2550,"[1249, 1604, 102, 926, 1639]"
2551,"[749, 1320, 102, 1670, 97]"
2552,"[749, 66, 1670, 282, 403]"
2553,"[1904, 1192, 692, 1926, 687]"
2554,"[1902, 1639, 395, 1566, 1907]"
2555,"[66, 1885, 739, 784, 1670]"
2556,"[1317, 480, 403, 1717, 111]"
2557,"[444, 1885, 403, 851, 789]"
2558,"[903, 1648, 749, 65, 64]"
2559,"[114, 1290, 365, 116, 890]"
2560,"[1191, 1607, 78, 372, 1894]"
2561,"[808, 1204, 405, 807, 605]"
2562,"[749, 1670, 403, 866, 1320]"
2563,"[650, 665, 1670, 749, 1063]"
2564,"[1620, 866, 1114, 1118, 1160]"
2565,"[922, 1915, 410, 1202, 165]"
2566,"[1249, 925, 167, 928, 931]"
2567,"[1249, 1611, 102, 248, 1746]"
2568,"[480, 862, 403, 1723, 851]"
2569,"[1772, 648, 687, 1098, 18]"
2570,"[1750, 95, 405, 165, 101]"
2571,"[1249, 403, 432, 672, 1666]"
2572,"[1611, 884, 1913, 1604, 1884]"
2573,"[1567, 1615, 1607, 1896, 1613]"
2574,"[862, 1704, 1705, 480, 403]"
2575,"[1567, 110, 116, 660, 403]"
2576,"[111, 1760, 1761, 1717, 1705]"
2577,"[16, 1249, 1896, 1063, 901]"
2578,"[111, 1566, 1903, 737, 719]"
2579,"[1543, 1202, 410, 1853, 145]"
2580,"[111, 432, 808, 73, 163]"
2581,"[1567, 1904, 1613, 1192, 1906]"
2582,"[1885, 1607, 1894, 1191, 1554]"
2583,"[1192, 1922, 1897, 828, 165]"
2584,"[1611, 1249, 688, 938, 872]"
2585,"[1604, 165, 1063, 1907, 164]"
2586,"[1249, 1575, 409, 688, 916]"
2587,"[1249, 432, 901, 790, 1906]"
2588,"[1896, 1567, 16, 1904, 1899]"
2589,"[403, 1612, 866, 159, 1025]"
2590,"[890, 1191, 1249, 1904, 860]"
2591,"[1192, 1904, 455, 1613, 114]"
2592,"[890, 1192, 1599, 44, 440]"
2593,"[1192, 16, 687, 1772, 1312]"
2594,"[1723, 480, 403, 1788, 1787]"
2595,"[1270, 432, 848, 1904, 1636]"
2596,"[403, 73, 432, 111, 1567]"
2597,"[403, 1676, 1903, 1193, 866]"
2598,"[1911, 213, 1249, 902, 1675]"
2599,"[159, 1025, 937, 1076, 1061]"
2600,"[782, 165, 423, 1244, 925]"
2601,"[16, 114, 789, 1567, 1192]"
2602,"[1666, 403, 405, 1903, 1249]"
2603,"[1204, 692, 439, 1695, 1275]"
2604,"[862, 1705, 1704, 1760, 1761]"
2605,"[165, 410, 1202, 1675, 922]"
2606,"[1561, 1560, 89, 922, 1290]"
2607,"[1887, 1830, 1834, 1871, 933]"
2608,"[43, 44, 1924, 1112, 478]"
2609,"[672, 89, 808, 409, 410]"
2610,"[403, 1320, 749, 1670, 866]"
2611,"[1317, 1246, 73, 403, 413]"
2612,"[79, 1671, 1118, 1107, 1295]"
2613,"[1567, 16, 1192, 1896, 110]"
2614,"[1705, 1704, 114, 890, 1521]"
2615,"[1192, 114, 116, 692, 1904]"
2616,"[1885, 444, 66, 749, 121]"
2617,"[1271, 730, 1607, 1637, 145]"
2618,"[165, 1249, 922, 1604, 1677]"
2619,"[1704, 1705, 72, 903, 4]"
2620,"[1896, 1067, 1711, 1567, 1760]"
2621,"[114, 1926, 1192, 454, 1899]"
2622,"[1924, 1204, 114, 98, 464]"
2623,"[1723, 480, 111, 1317, 1709]"
2624,"[16, 114, 455, 1910, 454]"
2625,"[403, 480, 1249, 862, 1723]"
2626,"[1676, 403, 1750, 432, 1196]"
2627,"[403, 866, 121, 808, 1249]"
2628,"[1249, 432, 403, 1575, 165]"
2629,"[1904, 1894, 78, 1890, 1884]"
2630,"[1639, 672, 1721, 1202, 410]"
2631,"[16, 1567, 1604, 3, 1204]"
2632,"[1567, 901, 1249, 121, 432]"
2633,"[1249, 888, 1830, 1834, 1871]"
2634,"[1904, 44, 110, 1112, 1192]"
2635,"[1830, 1249, 866, 1834, 1871]"
2636,"[438, 432, 1249, 1885, 926]"
2637,"[857, 1098, 1555, 1491, 1705]"
2638,"[587, 593, 597, 595, 590]"
2639,"[16, 114, 1249, 3, 1604]"
2640,"[1676, 1612, 1620, 403, 1902]"
2641,"[1618, 1604, 1677, 692, 1192]"
2642,"[1613, 672, 1904, 1607, 1885]"
2643,"[16, 1567, 163, 808, 1896]"
2644,"[50, 669, 903, 511, 923]"
2645,"[1915, 112, 890, 878, 113]"
2646,"[922, 1922, 1897, 878, 1526]"
2647,"[650, 1723, 501, 1320, 1789]"
2648,"[1607, 1567, 1903, 1613, 1666]"
2649,"[111, 1317, 480, 1723, 903]"
2650,"[1889, 1525, 866, 121, 1612]"
2651,"[749, 1887, 121, 97, 96]"
2652,"[866, 282, 1428, 480, 66]"
2653,"[1904, 1903, 113, 403, 1615]"
2654,"[164, 1615, 165, 1904, 1903]"
2655,"[1320, 403, 1670, 161, 749]"
2656,"[1249, 432, 672, 1676, 1299]"
2657,"[111, 73, 468, 282, 1770]"
2658,"[1192, 16, 114, 455, 1604]"
2659,"[687, 1273, 1581, 439, 860]"
2660,"[860, 1705, 1904, 1704, 111]"
2661,"[784, 667, 688, 175, 659]"
2662,"[1659, 1903, 111, 1607, 1196]"
2663,"[1567, 1072, 1613, 1191, 1898]"
2664,"[443, 1708, 31, 33, 41]"
2665,"[890, 1891, 1906, 1191, 1249]"
2666,"[1871, 1834, 1830, 403, 511]"
2667,"[749, 1670, 665, 866, 403]"
2668,"[1772, 1176, 291, 808, 1116]"
2669,"[1197, 1560, 866, 1320, 749]"
2670,"[1567, 403, 1704, 1705, 1249]"
2671,"[660, 1317, 1742, 860, 480]"
2672,"[1112, 455, 1192, 447, 1599]"
2673,"[1612, 403, 1620, 1676, 1074]"
2674,"[1249, 1705, 1704, 1906, 1270]"
2675,"[114, 16, 1192, 455, 454]"
2676,"[480, 403, 66, 121, 1723]"
2677,"[110, 1317, 1907, 587, 1613]"
2678,"[403, 37, 609, 1197, 73]"
2679,"[1904, 1192, 455, 1613, 605]"
2680,"[866, 1639, 605, 1073, 101]"
2681,"[18, 1192, 37, 480, 1772]"
2682,"[1615, 1202, 410, 1196, 1699]"
2683,"[403, 1660, 892, 667, 791]"
2684,"[804, 28, 27, 24, 29]"
2685,"[1637, 403, 1825, 1871, 1834]"
2686,"[866, 1554, 1193, 1890, 1489]"
2687,"[1192, 114, 1613, 455, 110]"
2688,"[1249, 862, 403, 1704, 1705]"
2689,"[113, 1613, 409, 1894, 1904]"
2690,"[480, 1723, 862, 1894, 266]"
2691,"[403, 1269, 371, 68, 1344]"
2692,"[749, 403, 866, 121, 111]"
2693,"[922, 866, 276, 1118, 1834]"
2694,"[1637, 1676, 444, 731, 470]"
2695,"[1192, 16, 114, 1904, 455]"
2696,"[1830, 511, 866, 1511, 749]"
2697,"[480, 72, 403, 903, 1723]"
2698,"[480, 111, 1723, 37, 862]"
2699,"[16, 903, 111, 1704, 535]"
2700,"[110, 1613, 1192, 114, 1904]"
2701,"[1902, 101, 1566, 395, 1317]"
2702,"[403, 73, 432, 111, 1567]"
2703,"[866, 1560, 1907, 1561, 878]"
2704,"[1900, 1902, 344, 1176, 342]"
2705,"[114, 110, 116, 1695, 455]"
2706,"[213, 902, 405, 1202, 1911]"
2707,"[16, 862, 888, 1705, 1704]"
2708,"[101, 1192, 1274, 1555, 447]"
2709,"[16, 1772, 1249, 1567, 468]"
2710,"[1320, 749, 1670, 757, 161]"
2711,"[1885, 672, 165, 167, 928]"
2712,"[111, 16, 860, 1317, 1904]"
2713,"[1889, 1599, 687, 1567, 1192]"
2714,"[110, 1567, 1741, 116, 1604]"
2715,"[793, 1320, 1670, 665, 866]"
2716,"[660, 650, 636, 1705, 1704]"
2717,"[1118, 148, 916, 208, 1035]"
2718,"[590, 1561, 587, 857, 1147]"
2719,"[828, 1895, 976, 1013, 254]"
2720,"[480, 903, 1249, 1270, 121]"
2721,"[169, 688, 156, 167, 174]"
2722,"[73, 413, 1317, 37, 1717]"
2723,"[1676, 1677, 1696, 114, 455]"
2724,"[1676, 403, 405, 1675, 114]"
2725,"[866, 1834, 1871, 121, 1612]"
2726,"[408, 145, 1915, 159, 1025]"
2727,"[1902, 695, 1900, 97, 98]"
2728,"[660, 501, 1404, 1648, 1197]"
2729,"[1249, 420, 409, 458, 1901]"
2730,"[410, 1202, 89, 1534, 165]"
2731,"[672, 1659, 1607, 1277, 1608]"
2732,"[78, 1613, 1640, 403, 438]"
2733,"[165, 403, 749, 925, 167]"
2734,"[1534, 1885, 1639, 458, 165]"
2735,"[1772, 1246, 1513, 413, 82]"
2736,"[213, 672, 1666, 979, 980]"
2737,"[1246, 471, 1770, 817, 62]"
2738,"[1607, 672, 1659, 1277, 1608]"
2739,"[753, 757, 758, 1648, 765]"
2740,"[688, 458, 695, 696, 681]"
2741,"[1561, 1560, 1915, 1907, 1929]"
2742,"[749, 1670, 665, 403, 866]"
2743,"[403, 1344, 444, 1675, 866]"
2744,"[1772, 116, 114, 455, 1192]"
2745,"[403, 165, 1696, 1006, 423]"
2746,"[16, 1772, 1192, 413, 1567]"
2747,"[1567, 1608, 1615, 1607, 1904]"
2748,"[1567, 1613, 1192, 1904, 102]"
2749,"[102, 1534, 89, 1675, 165]"
2750,"[1192, 455, 1600, 1910, 16]"
2751,"[1567, 1896, 1904, 1615, 1607]"
2752,"[114, 1192, 862, 1926, 1112]"
2753,"[1249, 1604, 901, 1063, 165]"
2754,"[866, 121, 1118, 749, 1249]"
2755,"[1604, 1611, 98, 1192, 1249]"
2756,"[1320, 403, 793, 73, 82]"
2757,"[650, 681, 161, 1145, 866]"
2758,"[1567, 1904, 98, 692, 1192]"
2759,"[403, 1249, 432, 121, 862]"
2760,"[672, 1666, 1659, 403, 1607]"
2761,"[789, 1613, 1904, 672, 851]"
2762,"[111, 72, 66, 1428, 4]"
2763,"[1566, 405, 309, 295, 1100]"
2764,"[1695, 1639, 692, 1907, 1147]"
2765,"[73, 111, 468, 282, 1723]"
2766,"[1192, 439, 451, 1600, 1147]"
2767,"[1887, 410, 1202, 866, 1249]"
2768,"[1907, 1249, 866, 1620, 1906]"
2769,"[403, 1249, 808, 1197, 405]"
2770,"[116, 114, 110, 1192, 1696]"
2771,"[1192, 1904, 1640, 1906, 78]"
2772,"[1887, 43, 687, 1899, 93]"
2773,"[1112, 1192, 455, 114, 291]"
2774,"[95, 93, 111, 440, 1581]"
2775,"[1567, 1723, 789, 480, 672]"
2776,"[789, 672, 851, 1891, 692]"
2777,"[1676, 410, 1202, 1196, 1566]"
2778,"[73, 16, 808, 1639, 468]"
2779,"[1613, 1904, 1567, 1894, 1896]"
2780,"[403, 866, 282, 749, 1320]"
2781,"[1249, 1676, 121, 432, 1675]"
2782,"[403, 444, 1713, 409, 1080]"
2783,"[403, 1249, 749, 1197, 1659]"
2784,"[1197, 1902, 1552, 282, 468]"
2785,"[1344, 444, 1269, 1764, 731]"
2786,"[1246, 1204, 1317, 16, 29]"
2787,"[16, 3, 1611, 54, 57]"
2788,"[16, 1600, 1705, 860, 1192]"
2789,"[1613, 78, 438, 1906, 926]"
2790,"[1192, 16, 1567, 1904, 455]"
2791,"[425, 175, 925, 167, 928]"
2792,"[114, 1613, 1192, 110, 1696]"
2793,"[113, 1904, 612, 1750, 412]"
2794,"[66, 866, 933, 1114, 925]"
2795,"[1192, 455, 1904, 1112, 454]"
2796,"[1317, 1723, 73, 480, 413]"
2797,"[789, 692, 1604, 102, 454]"
2798,"[110, 1904, 1072, 1612, 1889]"
2799,"[261, 1009, 248, 262, 252]"
2800,"[165, 89, 409, 922, 672]"
2801,"[101, 26, 1750, 807, 613]"
2802,"[403, 1063, 480, 1750, 1320]"
2803,"[1246, 116, 1297, 808, 165]"
2804,"[165, 409, 1636, 164, 89]"
2805,"[1904, 1191, 1611, 102, 432]"
2806,"[1202, 410, 1073, 1916, 624]"
2807,"[1726, 639, 1924, 110, 650]"
2808,"[1063, 1922, 1897, 1249, 121]"
2809,"[1922, 1897, 1526, 1904, 1899]"
2810,"[110, 1204, 1248, 480, 116]"
2811,"[1192, 114, 1926, 1696, 164]"
2812,"[403, 111, 1317, 1758, 1762]"
2813,"[403, 749, 1640, 444, 1566]"
2814,"[1192, 1112, 471, 860, 81]"
2815,"[782, 899, 1073, 102, 780]"
2816,"[1906, 1666, 1904, 1613, 926]"
2817,"[403, 1320, 866, 282, 749]"
2818,"[1192, 1567, 1904, 455, 1613]"
2819,"[890, 1192, 860, 1711, 866]"
2820,"[403, 165, 405, 444, 979]"
2821,"[1696, 290, 1615, 276, 1740]"
2822,"[1904, 110, 1277, 78, 1606]"
2823,"[430, 749, 1887, 898, 866]"
2824,"[1904, 1192, 1191, 110, 1890]"
2825,"[165, 89, 1907, 1911, 1892]"
2826,"[890, 112, 1192, 1604, 1904]"
2827,"[1825, 124, 1197, 265, 672]"
2828,"[1705, 1704, 687, 1192, 1762]"
2829,"[1896, 1567, 1922, 1897, 102]"
2830,"[1428, 1723, 111, 738, 885]"
2831,"[1277, 1608, 1599, 1637, 1275]"
2832,"[1904, 165, 922, 113, 878]"
2833,"[78, 695, 444, 1893, 1904]"
2834,"[1612, 1887, 866, 121, 1620]"
2835,"[1904, 113, 1615, 1567, 1896]"
2836,"[165, 1675, 1676, 672, 1677]"
2837,"[1677, 102, 165, 1196, 1639]"
2838,"[1567, 1904, 1612, 113, 1891]"
2839,"[403, 1317, 1006, 866, 1705]"
2840,"[1922, 1897, 89, 1896, 1899]"
2841,"[749, 403, 903, 866, 1670]"
2842,"[1904, 1896, 43, 16, 1063]"
2843,"[1317, 803, 471, 111, 413]"
2844,"[1904, 1192, 1191, 1523, 1489]"
2845,"[1192, 1904, 110, 1191, 1523]"
2846,"[1696, 1695, 1069, 110, 1613]"
2847,"[1904, 1066, 1191, 78, 1556]"
2848,"[928, 458, 468, 497, 484]"
2849,"[884, 1671, 866, 1887, 1588]"
2850,"[1246, 37, 1297, 407, 1027]"
2851,"[1611, 165, 102, 922, 1746]"
2852,"[1302, 1258, 1298, 1256, 1253]"
2853,"[1246, 1708, 1772, 18, 1317]"
2854,"[1613, 1696, 165, 1069, 901]"
2855,"[1567, 1904, 1922, 1897, 1246]"
2856,"[860, 16, 1904, 111, 866]"
2857,"[1611, 687, 1192, 1599, 1521]"
2858,"[1192, 1904, 114, 1922, 1897]"
2859,"[1904, 1192, 1640, 1639, 110]"
2860,"[272, 866, 1696, 1795, 102]"
2861,"[866, 1567, 1904, 1317, 1907]"
2862,"[866, 43, 111, 884, 497]"
2863,"[1904, 1192, 1191, 1890, 110]"
2864,"[403, 1076, 1279, 79, 1723]"
2865,"[432, 111, 1249, 1705, 480]"
2866,"[1249, 809, 432, 783, 861]"
2867,"[403, 74, 1666, 444, 66]"
2868,"[1203, 611, 40, 27, 925]"
2869,"[1666, 74, 444, 1632, 726]"
2870,"[1705, 1704, 1762, 860, 1758]"
2871,"[681, 1249, 432, 823, 108]"
2872,"[1887, 1885, 892, 857, 392]"
2873,"[1063, 375, 1073, 993, 1317]"
2874,"[410, 1202, 1887, 1924, 1885]"
2875,"[1666, 66, 823, 432, 1013]"
2876,"[89, 672, 409, 808, 403]"
2877,"[866, 121, 95, 403, 925]"
2878,"[1677, 66, 125, 165, 376]"
2879,"[403, 480, 866, 1317, 121]"
2880,"[113, 1192, 1534, 1536, 1517]"
2881,"[405, 1197, 165, 749, 403]"
2882,"[1705, 1704, 1428, 862, 1752]"
2883,"[1904, 110, 1192, 860, 1112]"
2884,"[890, 1904, 1887, 1192, 1922]"
2885,"[1676, 408, 125, 1299, 1675]"
2886,"[1922, 1897, 1896, 163, 1192]"
2887,"[672, 159, 1025, 937, 165]"
2888,"[1721, 164, 165, 455, 681]"
2889,"[1567, 1193, 1885, 789, 851]"
2890,"[60, 1887, 1249, 1581, 890]"
2891,"[866, 121, 1891, 1887, 1759]"
2892,"[1915, 922, 165, 1825, 1906]"
2893,"[1922, 1897, 1526, 1904, 878]"
2894,"[1613, 1904, 773, 1907, 1885]"
2895,"[1887, 749, 866, 121, 102]"
2896,"[467, 808, 688, 465, 1924]"
2897,"[1604, 1677, 113, 89, 1904]"
2898,"[866, 403, 1317, 480, 37]"
2899,"[1063, 1249, 1204, 1291, 1575]"
2900,"[1567, 95, 405, 1705, 1704]"
2901,"[408, 213, 672, 430, 979]"
2902,"[403, 672, 1118, 749, 165]"
2903,"[890, 1904, 112, 1192, 1887]"
2904,"[116, 114, 110, 447, 1192]"
2905,"[66, 165, 1666, 902, 1000]"
2906,"[1639, 615, 409, 672, 723]"
2907,"[1922, 1897, 1526, 1904, 1896]"
2908,"[89, 1907, 1885, 409, 1892]"
2909,"[1885, 926, 1073, 922, 1887]"
2910,"[121, 1249, 1746, 102, 1887]"
2911,"[1608, 1607, 1277, 1615, 1613]"
2912,"[1592, 890, 89, 672, 927]"
2913,"[1904, 1896, 1613, 1899, 1922]"
2914,"[165, 1639, 60, 926, 403]"
2915,"[403, 808, 866, 672, 121]"
2916,"[1899, 1922, 1897, 165, 1567]"
2917,"[165, 1196, 1632, 403, 1620]"
2918,"[577, 1709, 592, 1703, 1793]"
2919,"[1567, 789, 1922, 1897, 1539]"
2920,"[890, 165, 89, 60, 1344]"
2921,"[97, 96, 1885, 926, 165]"
2922,"[1750, 165, 405, 1639, 925]"
2923,"[18, 866, 1249, 114, 1163]"
2924,"[1904, 1922, 1897, 409, 1526]"
2925,"[78, 1904, 1191, 1890, 1599]"
2926,"[480, 862, 248, 1723, 996]"
2927,"[1249, 1461, 1210, 1772, 687]"
2928,"[1904, 1192, 102, 1746, 922]"
2929,"[1317, 1197, 866, 868, 1069]"
2930,"[1192, 116, 114, 1904, 110]"
2931,"[1526, 1922, 1897, 890, 102]"
2932,"[1904, 113, 1567, 1899, 89]"
2933,"[1901, 165, 97, 96, 1202]"
2934,"[167, 928, 169, 929, 156]"
2935,"[1901, 672, 444, 1666, 925]"
2936,"[866, 1118, 121, 1871, 1834]"
2937,"[1138, 444, 1666, 1733, 902]"
2938,"[789, 1567, 672, 1193, 159]"
2939,"[278, 273, 274, 139, 276]"
2940,"[1708, 1806, 1864, 1246, 1860]"
2941,"[165, 1677, 921, 1907, 405]"
2942,"[1696, 113, 1907, 1904, 165]"
2943,"[890, 1885, 112, 124, 1534]"
2944,"[44, 809, 1611, 43, 425]"
2945,"[1705, 888, 1704, 1726, 1760]"
2946,"[672, 789, 1202, 410, 121]"
2947,"[866, 928, 808, 1118, 121]"
2948,"[866, 1612, 121, 73, 37]"
2949,"[587, 1567, 1705, 1704, 590]"
2950,"[1885, 749, 1902, 60, 1677]"
2951,"[102, 165, 922, 113, 89]"
2952,"[1904, 1192, 1613, 113, 1914]"
2953,"[403, 866, 73, 121, 282]"
2954,"[1695, 605, 98, 1555, 1534]"
2955,"[1676, 1675, 403, 902, 1637]"
2956,"[672, 408, 774, 470, 620]"
2957,"[276, 274, 165, 272, 1696]"
2958,"[1922, 1897, 1896, 1526, 135]"
2959,"[1915, 786, 1438, 1219, 1413]"
2960,"[846, 888, 1604, 1191, 1611]"
2961,"[1904, 1191, 1890, 1607, 1277]"
2962,"[1915, 1646, 866, 1556, 1528]"
2963,"[121, 862, 432, 403, 901]"
2964,"[660, 1561, 1766, 1735, 89]"
2965,"[890, 1192, 112, 1567, 114]"
2966,"[1197, 866, 1904, 1818, 1819]"
2967,"[113, 165, 926, 1907, 89]"
2968,"[111, 655, 1705, 1704, 1147]"
2969,"[866, 1887, 1646, 121, 93]"
2970,"[1160, 1887, 1907, 1527, 1890]"
2971,"[1915, 1603, 410, 1202, 1906]"
2972,"[890, 112, 1915, 114, 113]"
2973,"[1320, 647, 650, 667, 1670]"
2974,"[403, 749, 1495, 892, 1202]"
2975,"[165, 1746, 102, 1670, 1815]"
2976,"[1192, 922, 1611, 1904, 102]"
2977,"[808, 866, 1567, 1904, 1063]"
2978,"[121, 866, 1249, 698, 903]"
2979,"[403, 1106, 405, 1197, 444]"
2980,"[403, 749, 1723, 66, 282]"
2981,"[405, 95, 1902, 890, 1889]"
2982,"[403, 866, 1077, 1299, 37]"
2983,"[587, 590, 593, 588, 1735]"
2984,"[789, 403, 444, 672, 1789]"
2985,"[1363, 1704, 1705, 1829, 501]"
2986,"[672, 1903, 444, 403, 1607]"
2987,"[1723, 403, 480, 111, 1249]"
2988,"[432, 1249, 430, 1105, 444]"
2989,"[1904, 1613, 1640, 228, 1071]"
2990,"[403, 1620, 1612, 672, 1034]"
2991,"[1567, 113, 1904, 789, 89]"
2992,"[1906, 405, 1192, 926, 1270]"
2993,"[1723, 789, 444, 1885, 480]"
2994,"[1904, 1613, 113, 1192, 1070]"
2995,"[1904, 1534, 1612, 102, 89]"
2996,"[1070, 1904, 405, 1639, 1566]"
2997,"[749, 933, 1670, 866, 66]"
2998,"[102, 1746, 1611, 409, 451]"
2999,"[403, 444, 1320, 789, 1789]"
3000,"[1567, 672, 789, 1620, 1887]"
3001,"[1320, 403, 1829, 1077, 1827]"
3002,"[1723, 111, 1317, 1428, 1717]"
3003,"[403, 866, 282, 1723, 749]"
3004,"[866, 1670, 410, 1202, 933]"
3005,"[789, 672, 403, 95, 1567]"
3006,"[650, 1575, 1723, 304, 1789]"
3007,"[1249, 1567, 102, 1904, 1896]"
3008,"[587, 599, 379, 597, 593]"
3009,"[403, 672, 1202, 410, 902]"
3010,"[749, 1670, 933, 511, 403]"
3011,"[672, 403, 789, 444, 851]"
3012,"[405, 403, 1704, 1705, 1827]"
3013,"[1865, 1249, 1885, 511, 851]"
3014,"[403, 892, 1077, 1258, 1829]"
3015,"[925, 167, 928, 931, 174]"
3016,"[1320, 1855, 1663, 1861, 511]"
3017,"[1249, 111, 403, 862, 1887]"
3018,"[1202, 410, 213, 1911, 165]"
3019,"[672, 403, 789, 444, 851]"
3020,"[410, 1202, 866, 1118, 1114]"
3021,"[403, 1320, 405, 1632, 444]"
3022,"[1904, 1750, 405, 1606, 1906]"
3023,"[902, 125, 1248, 1640, 1677]"
3024,"[403, 125, 902, 1690, 432]"
3025,"[403, 1320, 66, 749, 1317]"
3026,"[125, 1363, 1370, 1253, 430]"
3027,"[1640, 423, 1244, 902, 403]"
3028,"[125, 902, 1249, 1675, 1014]"
3029,"[125, 1825, 1363, 672, 497]"
3030,"[1677, 1676, 125, 1639, 926]"
3031,"[125, 1640, 423, 1244, 1006]"
3032,"[1640, 125, 1613, 1698, 389]"
3033,"[1696, 1676, 125, 18, 1639]"
3034,"[125, 165, 1915, 423, 1244]"
3035,"[125, 902, 1690, 165, 672]"
3036,"[73, 1317, 403, 1723, 282]"
3037,"[1640, 1270, 125, 124, 438]"
3038,"[125, 1640, 1676, 902, 403]"
3039,"[1363, 1705, 1704, 1831, 1825]"
3040,"[403, 672, 1885, 1077, 892]"
3041,"[376, 1640, 1136, 325, 362]"
3042,"[125, 1690, 902, 403, 1299]"
3043,"[1640, 125, 1676, 1690, 1077]"
3044,"[125, 423, 1244, 165, 1196]"
3045,"[165, 125, 1202, 410, 408]"
3046,"[125, 89, 1735, 1902, 1810]"
3047,"[125, 902, 1690, 926, 405]"
3048,"[1690, 125, 408, 902, 1014]"
3049,"[403, 1317, 66, 749, 1006]"
3050,"[125, 1640, 124, 1196, 902]"
3051,"[1864, 577, 514, 542, 876]"
3052,"[365, 125, 1197, 800, 429]"
3053,"[455, 125, 1924, 1192, 1600]"
3054,"[125, 1915, 1344, 1269, 1676]"
3055,"[125, 1639, 789, 1640, 1193]"
3056,"[423, 1244, 125, 1677, 403]"
3057,"[1915, 125, 365, 1690, 1861]"
3058,"[1885, 1612, 672, 1301, 1674]"
3059,"[403, 125, 615, 1639, 1640]"
3060,"[125, 423, 1244, 1690, 902]"
3061,"[125, 1676, 1915, 1690, 423]"
3062,"[403, 423, 1244, 1202, 410]"
3063,"[125, 403, 365, 1320, 749]"
3064,"[429, 562, 568, 1307, 564]"
3065,"[902, 672, 1592, 125, 1677]"
3066,"[114, 116, 102, 1677, 1307]"
3067,"[1307, 408, 1197, 1902, 890]"
3068,"[890, 866, 1705, 1704, 1762]"
3069,"[455, 1915, 878, 171, 102]"
3070,"[926, 1915, 171, 60, 165]"
3071,"[1924, 478, 60, 926, 167]"
3072,"[1249, 866, 749, 121, 925]"
3073,"[481, 1754, 617, 1752, 1795]"
3074,"[1915, 922, 1695, 165, 98]"
3075,"[1204, 607, 615, 377, 60]"
3076,"[1695, 1902, 1133, 688, 904]"
3077,"[1639, 124, 1695, 1924, 102]"
3078,"[116, 114, 60, 1924, 455]"
3079,"[890, 1344, 1760, 1561, 1915]"
3080,"[1924, 60, 1249, 1906, 678]"
3081,"[866, 749, 66, 1887, 1249]"
3082,"[1924, 478, 1249, 60, 406]"
3083,"[926, 1249, 681, 1924, 1606]"
3084,"[1249, 749, 1704, 1705, 165]"
3085,"[1677, 1915, 890, 114, 116]"
3086,"[749, 866, 1889, 121, 1670]"
3087,"[878, 165, 922, 124, 409]"
3088,"[1924, 165, 478, 926, 672]"
3089,"[1752, 1744, 817, 1935, 1865]"
3090,"[878, 165, 1915, 171, 497]"
3091,"[171, 1677, 1676, 890, 1536]"
3092,"[403, 749, 1705, 432, 1704]"
3093,"[1695, 165, 1924, 60, 922]"
3094,"[1931, 1552, 1307, 395, 1062]"
3095,"[890, 1760, 1761, 1705, 1885]"
3096,"[1915, 878, 102, 1746, 455]"
3097,"[890, 1885, 1270, 405, 1639]"
3098,"[1592, 1073, 1885, 1590, 1929]"
3099,"[1676, 1639, 60, 1695, 1202]"
3100,"[1924, 478, 454, 1600, 1249]"
3101,"[1885, 749, 72, 892, 1249]"
3102,"[1924, 1275, 60, 1604, 408]"
3103,"[1915, 127, 1907, 890, 1906]"
3104,"[1536, 1192, 890, 1532, 451]"
3105,"[1904, 1192, 1536, 926, 1523]"
3106,"[749, 1670, 66, 866, 1648]"
3107,"[890, 1603, 1344, 112, 89]"
3108,"[114, 603, 1161, 807, 615]"
3109,"[890, 114, 1937, 1705, 1704]"
3110,"[890, 114, 116, 1192, 1705]"
3111,"[1592, 1249, 1695, 605, 615]"
3112,"[782, 1746, 126, 102, 595]"
3113,"[1557, 110, 857, 1567, 1619]"
3114,"[1677, 444, 1640, 1666, 672]"
3115,"[1704, 1705, 380, 1776, 1757]"
3116,"[1077, 365, 1008, 329, 397]"
3117,"[403, 738, 1723, 1428, 1809]"
3118,"[403, 1889, 1603, 1525, 1080]"
3119,"[78, 1640, 1666, 1202, 410]"
3120,"[403, 1723, 1249, 1061, 862]"
3121,"[1666, 1906, 1202, 410, 1904]"
3122,"[1592, 1249, 1677, 1907, 408]"
3123,"[1721, 1249, 1592, 1063, 1907]"
3124,"[1721, 108, 856, 692, 857]"
3125,"[1666, 78, 848, 1885, 1270]"
3126,"[403, 1249, 121, 405, 808]"
3127,"[862, 1704, 1705, 481, 1760]"
3128,"[110, 480, 1063, 1567, 1190]"
3129,"[1008, 248, 1056, 1040, 975]"
3130,"[1752, 1704, 1014, 1705, 1822]"
3131,"[1677, 1676, 124, 165, 423]"
3132,"[1721, 361, 1705, 1704, 857]"
3133,"[997, 1632, 991, 1014, 1008]"
3134,"[1705, 1704, 1752, 1794, 1759]"
3135,"[480, 862, 1704, 1705, 481]"
3136,"[605, 603, 97, 96, 1040]"
3137,"[721, 1028, 167, 928, 169]"
3138,"[403, 444, 672, 1885, 1666]"
3139,"[405, 470, 620, 672, 1659]"
3140,"[862, 1705, 1704, 857, 1270]"
3141,"[1632, 208, 738, 982, 1918]"
3142,"[857, 1889, 1705, 1704, 1885]"
3143,"[1777, 1765, 1704, 1875, 1764]"
3144,"[857, 866, 1705, 1704, 403]"
3145,"[1187, 443, 599, 471, 468]"
3146,"[124, 1613, 1192, 922, 1904]"
3147,"[480, 1723, 1428, 1717, 111]"
3148,"[110, 78, 1904, 114, 1600]"
3149,"[403, 345, 1317, 866, 892]"
3150,"[1270, 1904, 409, 926, 1192]"
3151,"[857, 1249, 903, 1704, 1705]"
3152,"[403, 1889, 405, 1566, 1695]"
3153,"[857, 1603, 1566, 1024, 97]"
3154,"[102, 1249, 1611, 1924, 1606]"
3155,"[1904, 1192, 113, 112, 1070]"
3156,"[621, 1192, 441, 29, 614]"
3157,"[165, 124, 922, 1611, 454]"
3158,"[16, 1705, 1704, 1760, 1761]"
3159,"[926, 121, 866, 1040, 1655]"
3160,"[1317, 403, 111, 1704, 1705]"
3161,"[1192, 16, 455, 102, 1610]"
3162,"[862, 1705, 1704, 1758, 1762]"
3163,"[1192, 1904, 1312, 1191, 1533]"
3164,"[1904, 1556, 102, 1746, 1538]"
3165,"[111, 860, 44, 1705, 16]"
3166,"[1889, 1904, 1246, 1192, 599]"
3167,"[16, 114, 1192, 1600, 455]"
3168,"[1249, 432, 926, 60, 1607]"
3169,"[1904, 1192, 1613, 1640, 811]"
3170,"[1904, 1192, 114, 16, 455]"
3171,"[44, 1904, 1192, 43, 1112]"
3172,"[82, 16, 1567, 1192, 1903]"
3173,"[890, 1555, 1556, 1604, 102]"
3174,"[1904, 1613, 1112, 114, 1884]"
3175,"[1192, 1904, 114, 454, 455]"
3176,"[1249, 860, 1600, 16, 693]"
3177,"[1249, 808, 749, 1885, 866]"
3178,"[1904, 1192, 110, 114, 1112]"
3179,"[1904, 1192, 44, 1112, 78]"
3180,"[1904, 1640, 1695, 1639, 1676]"
3181,"[1192, 1600, 1273, 447, 692]"
3182,"[1904, 1192, 16, 455, 454]"
3183,"[1887, 1249, 1611, 1924, 884]"
3184,"[1192, 1557, 1617, 1746, 1613]"
3185,"[114, 1926, 1890, 1192, 1904]"
3186,"[1904, 425, 1615, 1556, 1202]"
3187,"[102, 1746, 926, 409, 922]"
3188,"[1192, 648, 480, 1274, 16]"
3189,"[16, 114, 1192, 455, 1567]"
3190,"[1192, 1617, 1904, 1312, 1555]"
3191,"[648, 641, 1521, 1533, 783]"
3192,"[1705, 432, 749, 121, 1040]"
3193,"[691, 888, 1249, 1913, 1604]"
3194,"[114, 16, 926, 116, 1617]"
3195,"[1249, 111, 432, 866, 808]"
3196,"[1904, 1192, 1112, 44, 455]"
3197,"[1904, 432, 866, 43, 1040]"
3198,"[82, 1772, 1742, 413, 73]"
3199,"[1750, 1192, 1640, 749, 1904]"
3200,"[1904, 1192, 1538, 878, 1556]"
3201,"[1567, 1896, 1069, 1613, 1071]"
3202,"[403, 1320, 480, 1705, 111]"
3203,"[1191, 1904, 1489, 1554, 1890]"
3204,"[1202, 410, 866, 121, 1887]"
3205,"[1192, 1904, 455, 454, 1610]"
3206,"[111, 324, 892, 866, 1160]"
3207,"[1886, 1611, 102, 1904, 1746]"
3208,"[471, 1246, 803, 413, 1715]"
3209,"[1071, 1040, 1758, 1762, 1704]"
3210,"[121, 432, 1887, 1890, 111]"
3211,"[1904, 1562, 1532, 1192, 1523]"
3212,"[111, 587, 599, 597, 593]"
3213,"[1567, 16, 1297, 1904, 480]"
3214,"[432, 121, 866, 1890, 1191]"
3215,"[1904, 878, 1613, 1567, 1192]"
3216,"[111, 1274, 860, 1705, 1904]"
3217,"[1904, 1192, 95, 1704, 1705]"
3218,"[1904, 1202, 410, 121, 409]"
3219,"[1904, 1695, 926, 1538, 708]"
3220,"[1904, 1192, 110, 1523, 1489]"
3221,"[1904, 1202, 410, 695, 159]"
3222,"[1904, 1192, 1615, 1538, 403]"
3223,"[1249, 432, 1892, 1890, 1911]"
3224,"[1904, 1191, 1554, 1523, 1489]"
3225,"[692, 1611, 102, 1746, 922]"
3226,"[413, 1317, 332, 82, 1717]"
3227,"[1904, 1192, 1890, 110, 1489]"
3228,"[1521, 1533, 1536, 1192, 1523]"
3229,"[1904, 1192, 102, 1746, 922]"
3230,"[1904, 1556, 1538, 1192, 1886]"
3231,"[866, 1904, 1527, 121, 93]"
3232,"[111, 860, 1705, 1274, 1904]"
3233,"[1191, 1904, 1890, 1909, 1886]"
3234,"[1904, 409, 1890, 1892, 708]"
3235,"[1904, 1750, 102, 878, 1192]"
3236,"[1746, 1533, 121, 102, 1914]"
3237,"[1904, 1556, 1538, 1533, 1885]"
3238,"[1192, 114, 890, 1904, 1523]"
3239,"[1246, 1741, 471, 1904, 1708]"
3240,"[1071, 811, 289, 1695, 165]"
3241,"[471, 37, 662, 413, 1709]"
3242,"[866, 1317, 103, 1071, 1807]"
3243,"[1705, 1662, 111, 1760, 1926]"
3244,"[1904, 1192, 110, 78, 1890]"
3245,"[1904, 1562, 1191, 692, 1890]"
3246,"[860, 44, 16, 1192, 693]"
3247,"[1904, 1890, 1926, 1270, 1662]"
3248,"[1705, 1761, 111, 1890, 1704]"
3249,"[111, 1705, 1758, 1762, 575]"
3250,"[783, 901, 860, 478, 691]"
3251,"[860, 1904, 111, 1112, 1192]"
3252,"[1192, 1536, 1890, 1249, 112]"
3253,"[1192, 1904, 44, 1523, 455]"
3254,"[860, 111, 1705, 1704, 1249]"
3255,"[1904, 1192, 1926, 692, 1070]"
3256,"[1249, 16, 1600, 860, 691]"
3257,"[860, 111, 1273, 1705, 1600]"
3258,"[1906, 403, 1928, 432, 111]"
3259,"[1904, 111, 860, 1705, 1758]"
3260,"[1192, 1904, 455, 114, 1600]"
3261,"[1192, 1904, 1604, 1606, 1600]"
3262,"[1428, 1317, 1717, 1181, 474]"
3263,"[1192, 1904, 1191, 291, 1523]"
3264,"[860, 1192, 16, 1904, 1600]"
3265,"[291, 1192, 1191, 860, 1523]"
3266,"[1705, 1904, 1704, 111, 860]"
3267,"[1904, 1192, 692, 1191, 1523]"
3268,"[860, 111, 1705, 1704, 1192]"
3269,"[1904, 1192, 1277, 1937, 1274]"
3270,"[1705, 111, 860, 1704, 1249]"
3271,"[1760, 1705, 1761, 1704, 111]"
3272,"[1273, 447, 1705, 860, 1112]"
3273,"[1192, 860, 1904, 1610, 693]"
3274,"[860, 111, 1705, 1704, 1192]"
3275,"[890, 1192, 1921, 1273, 1521]"
3276,"[1904, 1192, 114, 110, 116]"
3277,"[1904, 1191, 1192, 1523, 102]"
3278,"[1613, 1666, 53, 1270, 110]"
3279,"[1662, 1705, 1926, 1760, 1761]"
3280,"[926, 1913, 1536, 1701, 1249]"
3281,"[1192, 1904, 291, 454, 1600]"
3282,"[1904, 1192, 1523, 1906, 1890]"
3283,"[1705, 1704, 1761, 1760, 860]"
3284,"[860, 16, 1249, 1192, 1600]"
3285,"[1904, 1192, 1899, 1606, 1523]"
3286,"[1192, 1904, 114, 110, 1600]"
3287,"[866, 1118, 1560, 928, 1914]"
3288,"[1701, 1534, 458, 1746, 102]"
3289,"[102, 1695, 1746, 98, 451]"
3290,"[1192, 1904, 1533, 291, 1312]"
3291,"[1192, 114, 116, 455, 890]"
3292,"[29, 599, 588, 597, 593]"
3293,"[1192, 614, 662, 1610, 29]"
3294,"[1704, 1274, 1705, 1758, 1762]"
3295,"[1192, 1904, 1610, 1523, 1521]"
3296,"[1191, 1192, 1904, 1533, 1523]"
3297,"[111, 860, 1192, 1904, 1705]"
3298,"[1615, 1608, 884, 291, 1904]"
3299,"[1705, 1704, 860, 680, 689]"
3300,"[1887, 749, 1249, 1885, 121]"
3301,"[468, 1317, 1246, 111, 73]"
3302,"[1192, 1904, 692, 1191, 1523]"
3303,"[1904, 1192, 101, 1523, 1750]"
3304,"[102, 97, 96, 1701, 1695]"
3305,"[1750, 165, 1196, 102, 1904]"
3306,"[1705, 111, 1704, 680, 689]"
3307,"[749, 1887, 866, 121, 1670]"
3308,"[1192, 111, 18, 890, 1904]"
3309,"[111, 1605, 1704, 1705, 1249]"
3310,"[1192, 1610, 1904, 1521, 1523]"
3311,"[1904, 110, 1192, 114, 111]"
3312,"[749, 1887, 1670, 866, 757]"
3313,"[1904, 1192, 692, 291, 1523]"
3314,"[1246, 468, 1317, 73, 599]"
3315,"[1192, 1610, 114, 1614, 1112]"
3316,"[1192, 1904, 455, 110, 708]"
3317,"[1192, 1904, 1191, 1523, 291]"
3318,"[1192, 890, 687, 1273, 471]"
3319,"[1246, 803, 802, 1708, 1317]"
3320,"[1887, 749, 121, 1202, 410]"
3321,"[1192, 1904, 860, 114, 455]"
3322,"[1192, 1904, 612, 26, 614]"
3323,"[1274, 1192, 1904, 110, 689]"
3324,"[1192, 16, 1204, 1249, 1611]"
3325,"[1246, 1317, 73, 468, 1708]"
3326,"[1192, 18, 1112, 111, 114]"
3327,"[1192, 860, 291, 1913, 1523]"
3328,"[1191, 1904, 78, 1192, 1890]"
3329,"[1914, 1889, 135, 471, 1795]"
3330,"[1246, 1752, 1744, 1770, 403]"
3331,"[111, 1317, 1715, 468, 1723]"
3332,"[116, 114, 455, 1192, 16]"
3333,"[171, 165, 878, 930, 1677]"
3334,"[403, 749, 1889, 925, 167]"
3335,"[464, 463, 1924, 786, 466]"
3336,"[480, 161, 647, 1818, 1819]"
3337,"[655, 639, 1760, 636, 646]"
3338,"[1924, 60, 165, 926, 1639]"
3339,"[403, 480, 1249, 1723, 432]"
3340,"[110, 1204, 1249, 1138, 480]"
3341,"[1759, 72, 340, 1788, 1787]"
3342,"[1204, 1288, 1581, 1023, 114]"
3343,"[497, 1885, 1516, 1193, 102]"
3344,"[1902, 1924, 114, 464, 1552]"
3345,"[1677, 890, 1676, 405, 165]"
3346,"[892, 1723, 866, 403, 1428]"
3347,"[1717, 1679, 111, 480, 1317]"
3348,"[624, 1192, 1904, 692, 890]"
3349,"[1887, 1924, 866, 102, 458]"
3350,"[1885, 1887, 1892, 89, 1886]"
3351,"[114, 16, 455, 1192, 1307]"
3352,"[1307, 1521, 1705, 1704, 1611]"
3353,"[102, 1536, 1534, 60, 1521]"
3354,"[1884, 1311, 467, 464, 789]"
3355,"[1924, 464, 478, 1884, 1604]"
3356,"[789, 98, 97, 96, 1202]"
3357,"[687, 462, 465, 16, 1317]"
3358,"[1192, 1924, 455, 98, 102]"
3359,"[403, 749, 1670, 866, 121]"
3360,"[16, 1246, 468, 1317, 1192]"
3361,"[1317, 111, 1717, 1929, 661]"
3362,"[866, 480, 403, 903, 749]"
3363,"[650, 667, 1063, 784, 175]"
3364,"[1825, 749, 1543, 1516, 866]"
3365,"[110, 807, 1270, 361, 114]"
3366,"[687, 111, 1317, 480, 650]"
3367,"[1640, 1246, 1856, 1857, 1852]"
3368,"[1887, 650, 1554, 1516, 1885]"
3369,"[687, 1113, 1489, 1564, 1554]"
3370,"[403, 1249, 749, 1197, 405]"
3371,"[1924, 1163, 1695, 478, 60]"
3372,"[1889, 866, 580, 1898, 599]"
3373,"[672, 165, 1721, 1604, 430]"
3374,"[1904, 1192, 1599, 1277, 1191]"
3375,"[1604, 1600, 1192, 1249, 16]"
3376,"[1885, 1887, 1890, 1909, 1588]"
3377,"[1904, 1924, 102, 1192, 1611]"
3378,"[43, 1526, 1899, 478, 102]"
3379,"[1904, 1192, 1611, 890, 102]"
3380,"[102, 1618, 1886, 1884, 1746]"
3381,"[432, 121, 403, 1904, 866]"
3382,"[1922, 1897, 1526, 93, 1620]"
3383,"[1904, 1705, 1704, 121, 860]"
3384,"[650, 639, 1705, 636, 681]"
3385,"[1746, 102, 677, 1203, 1904]"
3386,"[1249, 1924, 98, 1606, 1610]"
3387,"[687, 1823, 1275, 1762, 1705]"
3388,"[1904, 1192, 1277, 110, 113]"
3389,"[1192, 1904, 1489, 1554, 1890]"
3390,"[1904, 110, 116, 1192, 44]"
3391,"[1904, 1887, 890, 114, 1890]"
3392,"[1613, 1567, 1317, 890, 112]"
3393,"[1904, 1192, 1191, 1523, 1489]"
3394,"[1904, 1249, 860, 677, 1606]"
3395,"[1904, 102, 1887, 1519, 1746]"
3396,"[1904, 110, 1192, 44, 1523]"
3397,"[432, 403, 121, 111, 1723]"
3398,"[1904, 1906, 926, 1899, 624]"
3399,"[1904, 926, 165, 1906, 121]"
3400,"[1904, 1899, 808, 1192, 890]"
3401,"[1904, 1192, 44, 687, 860]"
3402,"[1192, 808, 291, 1887, 1772]"
3403,"[1899, 102, 1526, 890, 116]"
3404,"[1887, 866, 1745, 1616, 1904]"
3405,"[1904, 860, 1604, 1192, 102]"
3406,"[1904, 1567, 1063, 89, 1249]"
3407,"[1885, 1887, 692, 650, 1639]"
3408,"[1670, 930, 925, 167, 928]"
3409,"[1904, 922, 1529, 1526, 124]"
3410,"[1904, 114, 1890, 1192, 110]"
3411,"[672, 432, 1887, 1909, 1885]"
3412,"[432, 1249, 1607, 1904, 926]"
3413,"[1904, 1887, 866, 1705, 1704]"
3414,"[111, 1317, 1723, 37, 866]"
3415,"[1567, 114, 110, 1904, 1613]"
3416,"[1904, 808, 860, 866, 1887]"
3417,"[43, 1896, 1904, 1063, 901]"
3418,"[1904, 1192, 113, 110, 114]"
3419,"[1885, 79, 98, 1705, 1704]"
3420,"[1695, 672, 124, 922, 1639]"
3421,"[464, 467, 1543, 1885, 789]"
3422,"[1735, 1902, 1659, 408, 1640]"
3423,"[165, 878, 1915, 102, 1750]"
3424,"[1830, 1885, 1887, 511, 1834]"
3425,"[165, 423, 1244, 1202, 410]"
3426,"[1885, 890, 1552, 1639, 1516]"
3427,"[650, 458, 866, 1887, 1453]"
3428,"[124, 1639, 922, 603, 165]"
3429,"[1902, 1735, 1640, 1829, 1827]"
3430,"[866, 749, 1834, 1871, 1670]"
3431,"[1662, 1890, 1705, 1564, 111]"
3432,"[1885, 165, 1202, 410, 672]"
3433,"[1902, 403, 1640, 1746, 409]"
3434,"[124, 165, 672, 1202, 410]"
3435,"[866, 1887, 749, 1902, 688]"
3436,"[124, 1902, 1698, 403, 672]"
3437,"[1902, 672, 1721, 898, 749]"
3438,"[749, 672, 688, 1885, 892]"
3439,"[866, 749, 1830, 1834, 1871]"
3440,"[922, 124, 672, 849, 1639]"
3441,"[165, 1904, 922, 1606, 451]"
3442,"[165, 1915, 866, 171, 102]"
3443,"[102, 1677, 171, 1639, 1534]"
3444,"[672, 408, 1592, 167, 928]"
3445,"[1901, 672, 688, 165, 1670]"
3446,"[403, 1006, 749, 1320, 866]"
3447,"[1640, 1666, 1202, 410, 1040]"
3448,"[403, 1202, 410, 409, 1885]"
3449,"[923, 98, 161, 638, 936]"
3450,"[749, 403, 409, 1670, 866]"
3451,"[124, 688, 922, 165, 1654]"
3452,"[749, 72, 66, 1670, 866]"
3453,"[403, 1640, 409, 1073, 1197]"
3454,"[1902, 1552, 1885, 1887, 688]"
3455,"[1902, 124, 1640, 922, 603]"
3456,"[692, 124, 1746, 1604, 922]"
3457,"[1902, 1133, 688, 1695, 1632]"
3458,"[1902, 1640, 890, 1915, 124]"
3459,"[650, 281, 1130, 1006, 1007]"
3460,"[1902, 1753, 1721, 1776, 1757]"
3461,"[1721, 1552, 1887, 688, 1885]"
3462,"[1666, 848, 1886, 164, 672]"
3463,"[66, 1648, 1825, 1338, 1630]"
3464,"[1202, 410, 1620, 1666, 121]"
3465,"[1915, 1825, 1831, 1338, 430]"
3466,"[672, 1666, 403, 1640, 1639]"
3467,"[672, 165, 287, 410, 1202]"
3468,"[1834, 1832, 1871, 823, 892]"
3469,"[403, 624, 410, 1202, 1903]"
3470,"[901, 922, 121, 1620, 1604]"
3471,"[403, 222, 1640, 408, 902]"
3472,"[403, 672, 1640, 1639, 410]"
3473,"[922, 1899, 1620, 884, 901]"
3474,"[1620, 287, 922, 121, 165]"
3475,"[672, 1666, 410, 1202, 405]"
3476,"[926, 410, 1676, 1202, 890]"
3477,"[66, 1041, 1831, 1825, 1632]"
3478,"[408, 979, 983, 984, 985]"
3479,"[672, 1611, 1592, 430, 165]"
3480,"[1676, 403, 1675, 408, 1915]"
3481,"[1915, 165, 408, 1620, 1014]"
3482,"[1670, 165, 66, 511, 911]"
3483,"[1772, 1290, 1320, 650, 282]"
3484,"[672, 1639, 1640, 1202, 410]"
3485,"[1639, 28, 564, 562, 615]"
3486,"[1666, 213, 403, 672, 902]"
3487,"[403, 409, 1659, 721, 672]"
3488,"[102, 1915, 165, 1746, 922]"
3489,"[282, 403, 1648, 66, 738]"
3490,"[1651, 249, 964, 911, 1630]"
3491,"[1620, 747, 754, 755, 756]"
3492,"[432, 121, 1249, 1885, 66]"
3493,"[1197, 1163, 1560, 866, 808]"
3494,"[66, 1338, 930, 1670, 171]"
3495,"[112, 890, 1604, 1275, 60]"
3496,"[1735, 171, 66, 782, 749]"
3497,"[1676, 1639, 1675, 1192, 890]"
3498,"[1746, 890, 102, 112, 216]"
3499,"[1915, 1648, 1810, 1706, 1811]"
3500,"[866, 102, 1612, 121, 1118]"
3501,"[866, 1871, 1834, 1830, 511]"
3502,"[1904, 922, 102, 165, 1613]"
3503,"[672, 403, 1666, 1639, 1640]"
3504,"[1666, 165, 1202, 1592, 410]"
3505,"[672, 165, 1202, 410, 1592]"
3506,"[403, 672, 159, 1043, 1044]"
3507,"[1249, 1611, 1604, 430, 692]"
3508,"[624, 1904, 89, 926, 165]"
3509,"[1202, 410, 1639, 1676, 165]"
3510,"[1915, 1249, 1677, 102, 98]"
3511,"[1915, 1909, 1516, 98, 688]"
3512,"[1344, 1777, 1765, 395, 707]"
3513,"[849, 1607, 1721, 1885, 1269]"
3514,"[695, 647, 1073, 681, 93]"
3515,"[101, 344, 588, 720, 1317]"
3516,"[922, 1838, 1839, 1840, 1776]"
3517,"[1639, 1885, 890, 102, 1677]"
3518,"[1639, 878, 1534, 102, 1516]"
3519,"[588, 101, 587, 590, 593]"
3520,"[890, 1906, 1902, 1566, 101]"
3521,"[1735, 1592, 1902, 922, 1901]"
3522,"[1192, 114, 1613, 110, 1555]"
3523,"[110, 1192, 114, 1542, 1567]"
3524,"[1915, 1639, 605, 890, 1695]"
3525,"[1915, 408, 849, 1344, 257]"
3526,"[429, 1320, 1827, 749, 1704]"
3527,"[1915, 1543, 1907, 1525, 1529]"
3528,"[1566, 501, 588, 1543, 1705]"
3529,"[1885, 1704, 1705, 1832, 1249]"
3530,"[165, 60, 1677, 1202, 410]"
3531,"[587, 588, 1317, 590, 468]"
3532,"[1902, 1639, 1560, 692, 780]"
3533,"[853, 1632, 650, 1902, 1885]"
3534,"[1249, 1915, 1202, 410, 1197]"
3535,"[1085, 798, 312, 807, 296]"
3536,"[110, 624, 405, 1904, 1613]"
3537,"[403, 926, 1696, 480, 1676]"
3538,"[1742, 1204, 336, 19, 39]"
3539,"[1705, 1704, 1902, 1639, 1672]"
3540,"[110, 78, 1904, 1613, 1192]"
3541,"[1907, 1147, 116, 1561, 440]"
3542,"[1639, 365, 1915, 1636, 866]"
3543,"[1704, 1705, 878, 1302, 1723]"
3544,"[1192, 1557, 110, 114, 455]"
3545,"[1317, 365, 1290, 1772, 661]"
3546,"[866, 1554, 1894, 1887, 1489]"
3547,"[365, 322, 1071, 1008, 1014]"
3548,"[687, 1605, 648, 1273, 1555]"
3549,"[605, 1202, 410, 1907, 124]"
3550,"[1915, 678, 502, 1491, 451]"
3551,"[1582, 1380, 426, 1718, 88]"
3552,"[82, 73, 1246, 111, 1717]"
3553,"[1246, 1770, 62, 890, 135]"
3554,"[1246, 1744, 62, 471, 817]"
3555,"[95, 1620, 1892, 93, 121]"
3556,"[89, 112, 409, 890, 1904]"
3557,"[1750, 1196, 1696, 403, 1566]"
3558,"[1696, 1534, 605, 1697, 1677]"
3559,"[1246, 1708, 454, 471, 62]"
3560,"[1699, 111, 1192, 588, 1715]"
3561,"[164, 409, 102, 1905, 98]"
3562,"[1891, 866, 1887, 1612, 444]"
3563,"[1896, 1905, 43, 1627, 1922]"
3564,"[1742, 1709, 1703, 18, 23]"
3565,"[409, 112, 89, 165, 1196]"
3566,"[1555, 98, 1535, 1617, 1687]"
3567,"[1904, 1640, 603, 1613, 605]"
3568,"[866, 97, 96, 102, 1887]"
3569,"[979, 399, 1295, 902, 1640]"
3570,"[1246, 1752, 403, 471, 1770]"
3571,"[1699, 1696, 101, 1640, 114]"
3572,"[62, 817, 1766, 1770, 1752]"
3573,"[112, 1534, 97, 96, 1615]"
3574,"[220, 1246, 31, 33, 1770]"
3575,"[1566, 403, 866, 121, 1249]"
3576,"[1567, 1904, 1896, 1192, 112]"
3577,"[1904, 890, 112, 1192, 102]"
3578,"[1246, 1708, 1795, 471, 1752]"
3579,"[866, 1044, 102, 291, 1903]"
3580,"[1904, 1899, 102, 1746, 165]"
3581,"[102, 1746, 1533, 1535, 1620]"
3582,"[1604, 409, 165, 1924, 922]"
3583,"[403, 1534, 1696, 1903, 165]"
3584,"[1750, 403, 405, 1695, 1202]"
3585,"[98, 1618, 97, 96, 102]"
3586,"[98, 1903, 97, 96, 665]"
3587,"[1567, 1044, 95, 102, 1620]"
3588,"[1567, 1192, 1904, 113, 456]"
3589,"[1196, 112, 165, 1677, 1675]"
3590,"[1611, 102, 1604, 165, 1527]"
3591,"[866, 1070, 1891, 1065, 1044]"
3592,"[1567, 1534, 113, 866, 1904]"
3593,"[866, 86, 403, 1073, 749]"
3594,"[62, 471, 717, 791, 747]"
3595,"[695, 78, 344, 1893, 710]"
3596,"[1904, 1489, 1554, 1193, 1890]"
3597,"[1534, 1192, 1904, 89, 470]"
3598,"[692, 922, 1695, 410, 1534]"
3599,"[647, 1740, 695, 97, 96]"
3600,"[425, 866, 1556, 1160, 121]"
3601,"[1063, 425, 686, 690, 922]"
3602,"[1904, 1202, 410, 1899, 409]"
3603,"[1904, 1890, 1562, 1884, 1893]"
3604,"[480, 1449, 1705, 550, 1484]"
3605,"[1904, 789, 1890, 1192, 1562]"
3606,"[1248, 165, 1677, 1640, 981]"
3607,"[403, 749, 1705, 1893, 317]"
3608,"[1904, 1890, 1926, 1192, 1899]"
3609,"[1695, 1924, 124, 888, 637]"
3610,"[1567, 1534, 1904, 672, 116]"
3611,"[1904, 1640, 78, 110, 720]"
3612,"[650, 687, 1653, 291, 1534]"
3613,"[808, 866, 1118, 1527, 98]"
3614,"[60, 1916, 289, 928, 1907]"
3615,"[1904, 1890, 1192, 110, 78]"
3616,"[410, 1202, 425, 695, 1892]"
3617,"[1588, 1899, 43, 1674, 1526]"
3618,"[78, 1666, 438, 1885, 926]"
3619,"[114, 1696, 1619, 1192, 1344]"
3620,"[1830, 1834, 1871, 1316, 749]"
3621,"[1192, 1904, 1639, 1270, 114]"
3622,"[97, 96, 1534, 102, 1904]"
3623,"[1904, 1894, 1890, 1613, 1893]"
3624,"[789, 1704, 1705, 171, 79]"
3625,"[1904, 1533, 1890, 1556, 1893]"
3626,"[1202, 410, 405, 902, 1676]"
3627,"[650, 667, 1063, 1320, 665]"
3628,"[1204, 165, 230, 248, 1063]"
3629,"[444, 1666, 1193, 731, 1534]"
3630,"[1904, 1695, 1071, 159, 1025]"
3631,"[66, 1428, 403, 1723, 749]"
3632,"[1666, 1202, 410, 432, 165]"
3633,"[1904, 1071, 1890, 1640, 1893]"
3634,"[667, 1310, 1071, 1320, 1937]"
3635,"[1904, 1890, 692, 1926, 1070]"
3636,"[89, 1890, 438, 1907, 1885]"
3637,"[933, 1890, 1887, 866, 749]"
3638,"[1890, 438, 78, 1909, 1885]"
3639,"[1885, 1924, 165, 1202, 410]"
3640,"[1904, 1192, 1567, 1191, 1613]"
3641,"[1705, 692, 1704, 111, 1249]"
3642,"[1191, 1192, 1904, 846, 1523]"
3643,"[922, 124, 1192, 1904, 1604]"
3644,"[1192, 1904, 808, 1604, 1567]"
3645,"[1192, 1904, 110, 114, 1611]"
3646,"[1904, 1192, 1567, 1613, 1896]"
3647,"[1192, 114, 1904, 890, 1926]"
3648,"[1904, 922, 926, 1695, 165]"
3649,"[1904, 1598, 1191, 1926, 102]"
3650,"[1904, 1192, 114, 110, 116]"
3651,"[1192, 1904, 1926, 114, 1906]"
3652,"[110, 114, 116, 1192, 890]"
3653,"[1904, 1192, 110, 1277, 1191]"
3654,"[110, 1192, 1904, 114, 116]"
3655,"[289, 1070, 166, 1071, 1916]"
3656,"[110, 1904, 1192, 114, 1191]"
3657,"[1904, 110, 78, 1192, 1274]"
3658,"[1611, 1646, 922, 1202, 410]"
3659,"[1705, 1704, 860, 111, 1760]"
3660,"[1904, 1192, 1896, 102, 1899]"
3661,"[1904, 110, 1192, 1191, 1600]"
3662,"[1567, 1904, 1192, 1607, 1608]"
3663,"[1904, 1192, 110, 114, 692]"
3664,"[1192, 1611, 1604, 692, 1904]"
3665,"[1904, 1192, 1899, 1906, 78]"
3666,"[1904, 922, 1192, 1534, 1556]"
3667,"[1904, 1567, 1192, 866, 1191]"
3668,"[1192, 114, 116, 890, 1904]"
3669,"[1904, 1567, 1192, 866, 860]"
3670,"[1192, 1904, 1899, 692, 1896]"
3671,"[1904, 866, 1611, 922, 1604]"
3672,"[111, 1705, 403, 862, 78]"
3673,"[1915, 866, 1536, 1068, 1118]"
3674,"[1904, 1192, 113, 1567, 1070]"
3675,"[1904, 866, 1068, 808, 884]"
3676,"[1192, 116, 113, 114, 1248]"
3677,"[1904, 1192, 1567, 110, 1523]"
3678,"[1567, 116, 1249, 1192, 1604]"
3679,"[1192, 846, 1191, 447, 16]"
3680,"[43, 1904, 111, 1192, 687]"
3681,"[1246, 1742, 1708, 1192, 1772]"
3682,"[1904, 1192, 1567, 43, 1896]"
3683,"[410, 1202, 731, 431, 1344]"
3684,"[789, 672, 851, 165, 1901]"
3685,"[1675, 1603, 1193, 1534, 1279]"
3686,"[1677, 1607, 165, 688, 789]"
3687,"[1666, 444, 1607, 672, 1639]"
3688,"[1560, 409, 165, 1639, 163]"
3689,"[650, 1560, 1885, 688, 788]"
3690,"[78, 1640, 695, 1666, 1202]"
3691,"[789, 1663, 365, 688, 1735]"
3692,"[587, 590, 593, 597, 595]"
3693,"[1789, 1788, 1787, 1705, 1704]"
3694,"[749, 1320, 79, 876, 1663]"
3695,"[403, 762, 1666, 672, 1075]"
3696,"[409, 97, 96, 1666, 1746]"
3697,"[1019, 1723, 695, 1075, 1320]"
3698,"[1320, 749, 1810, 1827, 170]"
3699,"[1320, 97, 96, 409, 760]"
3700,"[1739, 403, 749, 1320, 1670]"
3701,"[1648, 1077, 853, 403, 1320]"
3702,"[1861, 765, 758, 770, 669]"
3703,"[437, 1735, 222, 1083, 1853]"
3704,"[1666, 1607, 444, 403, 609]"
3705,"[1639, 1676, 405, 1202, 410]"
3706,"[403, 1723, 1006, 480, 1428]"
3707,"[1619, 1560, 1555, 1561, 1676]"
3708,"[1909, 1894, 1555, 1559, 1554]"
3709,"[403, 1320, 749, 892, 922]"
3710,"[79, 1320, 1009, 1010, 235]"
3711,"[1075, 762, 695, 1320, 1202]"
3712,"[403, 1197, 672, 405, 1906]"
3713,"[403, 72, 903, 1880, 837]"
3714,"[1829, 1827, 1704, 1705, 1833]"
3715,"[1320, 403, 1060, 650, 1317]"
3716,"[1723, 1428, 1659, 1019, 1608]"
3717,"[165, 121, 926, 102, 749]"
3718,"[98, 97, 96, 695, 1320]"
3719,"[695, 1028, 167, 928, 169]"
3720,"[1764, 1290, 749, 876, 1002]"
3721,"[1202, 410, 1104, 1603, 1885]"
3722,"[1865, 1829, 1118, 933, 1823]"
3723,"[1639, 110, 1885, 444, 1640]"
3724,"[1904, 1695, 688, 672, 1901]"
3725,"[1788, 1787, 1789, 291, 681]"
3726,"[403, 1320, 1748, 1915, 868]"
3727,"[1904, 1567, 1063, 1896, 409]"
3728,"[403, 121, 111, 866, 432]"
3729,"[672, 1193, 789, 1567, 1887]"
3730,"[878, 1249, 102, 89, 112]"
3731,"[1922, 1897, 409, 1526, 1899]"
3732,"[16, 1246, 1904, 1567, 1192]"
3733,"[113, 164, 1904, 1907, 89]"
3734,"[1922, 1897, 409, 1526, 1899]"
3735,"[1246, 1772, 468, 1708, 16]"
3736,"[164, 165, 409, 1903, 922]"
3737,"[1567, 1904, 1896, 113, 878]"
3738,"[95, 1567, 409, 89, 1904]"
3739,"[102, 878, 1896, 1922, 1897]"
3740,"[1567, 878, 1896, 1922, 1897]"
3741,"[878, 1193, 1807, 113, 1909]"
3742,"[1063, 866, 220, 1896, 163]"
3743,"[403, 165, 113, 405, 866]"
3744,"[1567, 1904, 808, 1246, 860]"
3745,"[808, 1904, 113, 403, 165]"
3746,"[1887, 1922, 1897, 1526, 497]"
3747,"[1907, 1922, 1897, 89, 1526]"
3748,"[1904, 1613, 1896, 1192, 164]"
3749,"[89, 1905, 165, 98, 1922]"
3750,"[165, 890, 112, 164, 113]"
3751,"[1922, 1897, 1526, 1907, 1899]"
3752,"[165, 113, 409, 1677, 1604]"
3753,"[1922, 1897, 409, 1905, 97]"
3754,"[1922, 1897, 1526, 165, 89]"
3755,"[1772, 652, 648, 471, 866]"
3756,"[409, 89, 1922, 1897, 113]"
3757,"[1567, 1887, 1705, 1704, 95]"
3758,"[113, 409, 1899, 1560, 89]"
3759,"[1887, 102, 1899, 1249, 89]"
3760,"[1904, 1567, 95, 860, 1249]"
3761,"[409, 1922, 1897, 89, 1063]"
3762,"[1922, 1897, 890, 102, 1904]"
3763,"[828, 1785, 1570, 1774, 1773]"
3764,"[1567, 1904, 860, 37, 16]"
3765,"[1896, 1063, 1567, 1613, 102]"
3766,"[1613, 1904, 78, 1909, 1556]"
3767,"[1909, 1926, 1907, 928, 1906]"
3768,"[111, 480, 1317, 468, 1887]"
3769,"[1567, 112, 113, 890, 1192]"
3770,"[1904, 1613, 1914, 1071, 113]"
3771,"[1904, 1192, 884, 866, 650]"
3772,"[111, 1705, 1704, 1040, 1270]"
3773,"[165, 164, 89, 409, 98]"
3774,"[114, 113, 1750, 409, 1924]"
3775,"[97, 96, 98, 1887, 1885]"
3776,"[110, 1904, 650, 1885, 1746]"
3777,"[16, 1567, 114, 1639, 1192]"
3778,"[1904, 110, 1192, 1613, 1070]"
3779,"[1705, 1704, 862, 1904, 1758]"
3780,"[692, 164, 165, 1639, 98]"
3781,"[1192, 1523, 692, 1640, 1606]"
3782,"[405, 926, 403, 1249, 60]"
3783,"[1040, 1705, 1704, 866, 862]"
3784,"[808, 1746, 1904, 102, 1701]"
3785,"[1904, 114, 1192, 1640, 1275]"
3786,"[413, 1567, 1192, 16, 1904]"
3787,"[1708, 1864, 1852, 1857, 1856]"
3788,"[1904, 110, 1192, 114, 1070]"
3789,"[650, 647, 688, 660, 1654]"
3790,"[890, 1534, 113, 878, 112]"
3791,"[1274, 1063, 1924, 681, 116]"
3792,"[16, 1063, 660, 692, 480]"
3793,"[710, 1885, 695, 1202, 410]"
3794,"[413, 652, 648, 44, 860]"
3795,"[98, 165, 97, 96, 1695]"
3796,"[116, 114, 44, 1741, 1070]"
3797,"[1904, 114, 1192, 926, 112]"
3798,"[1904, 926, 1906, 1192, 165]"
3799,"[660, 836, 1062, 1705, 1704]"
3800,"[672, 692, 1746, 1697, 165]"
3801,"[1613, 1069, 1070, 110, 1904]"
3802,"[1741, 413, 650, 1904, 111]"
3803,"[444, 74, 1295, 433, 1291]"
3804,"[164, 1639, 89, 692, 98]"
3805,"[1070, 1704, 1705, 1889, 1904]"
3806,"[688, 672, 175, 176, 782]"
3807,"[1887, 1885, 672, 1886, 789]"
3808,"[114, 1070, 1112, 116, 890]"
3809,"[1885, 672, 1753, 650, 749]"
3810,"[1904, 1192, 1070, 1567, 1741]"
3811,"[165, 98, 1924, 1695, 159]"
3812,"[1192, 809, 291, 1112, 1274]"
3813,"[1772, 1307, 890, 1924, 1705]"
3814,"[1885, 1887, 405, 1754, 1041]"
3815,"[1526, 1193, 102, 1909, 1899]"
3816,"[789, 1567, 672, 851, 1114]"
3817,"[808, 672, 615, 1147, 1640]"
3818,"[1922, 1897, 1526, 165, 878]"
3819,"[672, 808, 442, 692, 1659]"
3820,"[113, 116, 102, 789, 408]"
3821,"[1746, 1895, 102, 1774, 200]"
3822,"[587, 590, 595, 593, 597]"
3823,"[851, 789, 1696, 1639, 1907]"
3824,"[403, 1317, 1566, 866, 164]"
3825,"[672, 1620, 165, 1907, 1899]"
3826,"[1885, 808, 102, 405, 403]"
3827,"[165, 164, 1907, 1922, 1897]"
3828,"[1704, 1705, 1887, 1026, 933]"
3829,"[692, 808, 164, 1922, 1897]"
3830,"[113, 1192, 89, 1904, 1567]"
3831,"[828, 441, 1705, 1922, 1897]"
3832,"[409, 878, 1922, 1897, 89]"
3833,"[405, 1659, 1639, 672, 1666]"
3834,"[405, 1885, 98, 672, 789]"
3835,"[409, 1922, 1897, 1904, 1567]"
3836,"[165, 89, 1534, 620, 470]"
3837,"[933, 1865, 89, 1887, 851]"
3838,"[1922, 1897, 925, 167, 928]"
3839,"[1526, 1922, 1897, 1899, 1907]"
3840,"[165, 926, 89, 409, 1695]"
3841,"[672, 851, 789, 1885, 1193]"
3842,"[165, 164, 409, 1905, 89]"
3843,"[89, 113, 165, 1907, 1249]"
3844,"[1703, 1709, 1772, 480, 468]"
3845,"[89, 1922, 1897, 808, 672]"
3846,"[1907, 405, 410, 1202, 165]"
3847,"[1922, 1897, 112, 890, 1907]"
3848,"[1184, 1580, 1163, 136, 142]"
3849,"[878, 125, 1675, 1915, 113]"
3850,"[165, 1566, 1202, 410, 1196]"
3851,"[1926, 1907, 1904, 1526, 1906]"
3852,"[89, 165, 1907, 98, 921]"
3853,"[1639, 1659, 114, 1907, 1566]"
3854,"[110, 1639, 1772, 125, 1580]"
3855,"[1922, 1897, 1320, 667, 98]"
3856,"[739, 1733, 1696, 165, 1180]"
3857,"[165, 1613, 1907, 1696, 1922]"
3858,"[672, 1028, 167, 928, 169]"
3859,"[403, 121, 1670, 749, 1249]"
3860,"[73, 111, 1246, 1317, 37]"
3861,"[749, 1670, 866, 121, 282]"
3862,"[1320, 866, 749, 403, 111]"
3863,"[403, 1320, 866, 111, 749]"
3864,"[1249, 102, 1611, 1746, 409]"
3865,"[73, 468, 37, 1317, 111]"
3866,"[1742, 1320, 1246, 82, 650]"
3867,"[1320, 749, 866, 403, 1670]"
3868,"[403, 1723, 749, 1249, 480]"
3869,"[650, 1114, 755, 756, 764]"
3870,"[111, 403, 749, 1320, 480]"
3871,"[606, 16, 1063, 1249, 723]"
3872,"[1742, 413, 73, 1705, 1704]"
3873,"[1249, 1575, 161, 420, 1901]"
3874,"[409, 749, 866, 1202, 410]"
3875,"[1320, 866, 403, 749, 1670]"
3876,"[73, 866, 403, 1670, 749]"
3877,"[1246, 73, 1317, 413, 82]"
3878,"[141, 866, 1887, 121, 1160]"
3879,"[1742, 73, 111, 480, 403]"
3880,"[1317, 1246, 73, 468, 413]"
3881,"[480, 1887, 409, 749, 79]"
3882,"[73, 282, 468, 111, 403]"
3883,"[1742, 82, 281, 280, 314]"
3884,"[73, 1317, 1246, 282, 111]"
3885,"[1670, 749, 403, 866, 1770]"
3886,"[73, 1246, 413, 1006, 282]"
3887,"[1320, 749, 1670, 757, 511]"
3888,"[650, 275, 281, 280, 82]"
3889,"[1246, 803, 802, 1708, 471]"
3890,"[1320, 403, 1670, 749, 866]"
3891,"[1249, 432, 1063, 901, 43]"
3892,"[403, 1670, 749, 866, 1320]"
3893,"[1611, 455, 1746, 16, 1582]"
3894,"[1249, 1197, 866, 749, 121]"
3895,"[749, 1723, 4, 79, 1735]"
3896,"[1715, 282, 111, 468, 1882]"
3897,"[1320, 594, 1513, 542, 403]"
3898,"[403, 1249, 749, 432, 866]"
3899,"[1320, 403, 73, 1006, 1317]"
3900,"[480, 1428, 111, 1723, 1704]"
3901,"[1320, 650, 409, 1887, 1789]"
3902,"[16, 1611, 1192, 216, 809]"
3903,"[1885, 409, 121, 866, 749]"
3904,"[922, 165, 878, 1538, 124]"
3905,"[171, 1312, 465, 464, 1311]"
3906,"[102, 89, 1890, 1534, 789]"
3907,"[98, 97, 96, 409, 1202]"
3908,"[1750, 405, 165, 1196, 1677]"
3909,"[749, 97, 96, 410, 1887]"
3910,"[165, 1672, 725, 409, 1901]"
3911,"[405, 165, 1193, 1675, 1202]"
3912,"[121, 866, 1887, 1885, 403]"
3913,"[1603, 165, 444, 672, 1202]"
3914,"[97, 96, 751, 789, 749]"
3915,"[1887, 1160, 1615, 1202, 1891]"
3916,"[403, 121, 1118, 866, 405]"
3917,"[161, 757, 1202, 410, 1670]"
3918,"[647, 444, 1746, 1741, 710]"
3919,"[97, 96, 1901, 175, 165]"
3920,"[1885, 749, 1887, 121, 866]"
3921,"[922, 165, 97, 96, 124]"
3922,"[405, 1202, 410, 165, 167]"
3923,"[161, 1670, 1202, 410, 757]"
3924,"[97, 96, 1073, 98, 1885]"
3925,"[695, 1320, 667, 696, 647]"
3926,"[290, 1696, 281, 1122, 275]"
3927,"[1887, 97, 96, 1202, 98]"
3928,"[423, 1244, 165, 1202, 410]"
3929,"[793, 1073, 1028, 121, 1925]"
3930,"[165, 405, 410, 1202, 1196]"
3931,"[165, 1677, 1885, 89, 1202]"
3932,"[1073, 472, 1904, 878, 1926]"
3933,"[1898, 98, 1582, 1380, 426]"
3934,"[925, 167, 928, 931, 174]"
3935,"[1699, 1696, 1697, 1639, 786]"
3936,"[97, 96, 165, 98, 1885]"
3937,"[444, 1885, 789, 1887, 1160]"
3938,"[425, 1202, 410, 1620, 1892]"
3939,"[97, 96, 98, 695, 161]"
3940,"[1834, 1871, 1298, 282, 1118]"
3941,"[1534, 403, 444, 102, 866]"
3942,"[1885, 1887, 171, 98, 774]"
3943,"[695, 1699, 1843, 1842, 295]"
3944,"[849, 475, 265, 1675, 1248]"
3945,"[165, 922, 164, 878, 102]"
3946,"[749, 903, 1705, 1704, 1290]"
3947,"[1666, 405, 731, 213, 122]"
3948,"[1666, 672, 403, 1104, 1284]"
3949,"[1666, 1620, 1892, 1891, 444]"
3950,"[672, 1885, 432, 405, 824]"
3951,"[1666, 672, 403, 410, 851]"
3952,"[1915, 408, 171, 902, 751]"
3953,"[1666, 1193, 74, 1909, 1279]"
3954,"[403, 409, 1885, 1705, 1704]"
3955,"[1885, 1666, 1344, 731, 1061]"
3956,"[165, 926, 1677, 1202, 410]"
3957,"[108, 1705, 1704, 1749, 1873]"
3958,"[78, 1666, 1640, 1906, 405]"
3959,"[1592, 1202, 410, 1906, 165]"
3960,"[403, 1511, 1832, 1302, 1873]"
3961,"[866, 650, 1114, 1202, 1118]"
3962,"[1666, 409, 1202, 410, 403]"
3963,"[403, 410, 1202, 405, 1030]"
3964,"[403, 1676, 1344, 1675, 405]"
3965,"[403, 866, 808, 749, 1320]"
3966,"[1676, 171, 408, 1915, 902]"
3967,"[1302, 1061, 161, 1648, 918]"
3968,"[403, 1320, 1825, 1871, 1834]"
3969,"[145, 965, 433, 902, 1912]"
3970,"[97, 96, 98, 1202, 410]"
3971,"[403, 111, 432, 73, 78]"
3972,"[1666, 78, 433, 358, 405]"
3973,"[1202, 410, 165, 672, 1906]"
3974,"[1855, 1836, 1832, 1873, 1861]"
3975,"[1666, 672, 165, 444, 1202]"
3976,"[1257, 1077, 1104, 1026, 1105]"
3977,"[403, 1666, 78, 1906, 1640]"
3978,"[405, 672, 1196, 1666, 1566]"
3979,"[403, 1723, 1138, 1428, 444]"
3980,"[403, 409, 167, 928, 169]"
3981,"[410, 1202, 403, 1829, 1827]"
3982,"[405, 672, 1809, 1037, 902]"
3983,"[1666, 444, 1885, 1053, 66]"
3984,"[1915, 1202, 410, 165, 1906]"
3985,"[1202, 410, 1196, 165, 405]"
3986,"[857, 110, 114, 1889, 1695]"
3987,"[403, 409, 738, 737, 719]"
3988,"[1029, 1028, 167, 928, 169]"
3989,"[926, 1202, 410, 405, 470]"
3990,"[1279, 1257, 1077, 433, 1735]"
3991,"[165, 1028, 167, 928, 169]"
3992,"[1666, 672, 403, 1043, 1575]"
3993,"[410, 1202, 405, 605, 1617]"
3994,"[165, 1677, 786, 922, 1202]"
3995,"[1677, 165, 1885, 125, 98]"
3996,"[1257, 1299, 1813, 1814, 1817]"
3997,"[1904, 1666, 1202, 410, 1640]"
3998,"[432, 1249, 165, 60, 1592]"
3999,"[403, 405, 470, 620, 1061]"
4000,"[167, 928, 169, 929, 156]"
4001,"[403, 808, 605, 409, 165]"
4002,"[403, 167, 928, 169, 929]"
4003,"[403, 1704, 1705, 405, 410]"
4004,"[165, 1592, 497, 1677, 171]"
4005,"[1202, 410, 1028, 167, 928]"
4006,"[1666, 1675, 1592, 213, 165]"
4007,"[403, 1249, 432, 1590, 121]"
4008,"[808, 165, 287, 1670, 66]"
4009,"[749, 695, 925, 167, 928]"
4010,"[695, 403, 1118, 159, 1043]"
4011,"[403, 1035, 222, 211, 1666]"
4012,"[403, 1202, 410, 808, 749]"
4013,"[926, 410, 1202, 213, 979]"
4014,"[1698, 1006, 403, 1696, 1248]"
4015,"[165, 125, 1914, 124, 98]"
4016,"[1592, 1249, 739, 688, 722]"
4017,"[868, 1748, 171, 1915, 751]"
4018,"[403, 1749, 1049, 738, 211]"
4019,"[1592, 678, 898, 888, 430]"
4020,"[605, 165, 898, 164, 408]"
4021,"[1676, 605, 165, 1677, 1202]"
4022,"[1666, 1592, 175, 739, 213]"
4023,"[98, 665, 650, 1885, 1063]"
4024,"[1640, 876, 751, 403, 1708]"
4025,"[1885, 1202, 410, 1104, 1603]"
4026,"[403, 1317, 1006, 1495, 1640]"
4027,"[403, 1906, 405, 926, 624]"
4028,"[403, 1118, 1666, 1202, 410]"
4029,"[1193, 410, 1202, 922, 1677]"
4030,"[165, 1027, 1672, 1901, 672]"
4031,"[213, 1675, 1592, 979, 980]"
4032,"[1073, 1885, 1560, 1937, 98]"
4033,"[403, 1317, 410, 1202, 282]"
4034,"[1677, 1248, 1676, 405, 102]"
4035,"[926, 403, 1202, 410, 405]"
4036,"[1014, 1700, 161, 1038, 175]"
4037,"[165, 1301, 902, 1202, 672]"
4038,"[403, 926, 1885, 89, 866]"
4039,"[1906, 1202, 410, 1270, 1637]"
4040,"[403, 78, 1428, 409, 1320]"
4041,"[1836, 1873, 1832, 1867, 1822]"
4042,"[403, 432, 121, 409, 1076]"
4043,"[655, 765, 650, 1885, 758]"
4044,"[1899, 1526, 1922, 1897, 1721]"
4045,"[165, 470, 620, 1825, 670]"
4046,"[403, 432, 1249, 121, 926]"
4047,"[1202, 410, 672, 1675, 1301]"
4048,"[1676, 405, 1202, 410, 164]"
4049,"[1809, 72, 964, 1821, 729]"
4050,"[890, 1344, 1676, 403, 405]"
4051,"[403, 688, 925, 167, 928]"
4052,"[165, 1670, 1202, 410, 922]"
4053,"[403, 1834, 1871, 1825, 1830]"
4054,"[655, 707, 749, 1672, 1640]"
4055,"[926, 1904, 1202, 410, 624]"
4056,"[403, 365, 322, 1008, 993]"
4057,"[1160, 866, 1904, 1528, 1489]"
4058,"[403, 432, 1885, 1906, 1202]"
4059,"[1676, 403, 405, 1534, 444]"
4060,"[925, 167, 928, 931, 174]"
4061,"[410, 1202, 167, 928, 169]"
4062,"[1906, 1202, 410, 405, 1196]"
4063,"[78, 1904, 432, 1909, 1612]"
4064,"[1249, 430, 926, 1592, 1261]"
4065,"[1202, 410, 102, 926, 1677]"
4066,"[1904, 1666, 409, 1613, 102]"
4067,"[1666, 1906, 1202, 410, 432]"
4068,"[403, 1676, 432, 1871, 1834]"
4069,"[102, 789, 1735, 688, 751]"
4070,"[403, 749, 1320, 97, 96]"
4071,"[1906, 1202, 410, 1916, 1666]"
4072,"[430, 1259, 1261, 1825, 1256]"
4073,"[97, 96, 1885, 98, 405]"
4074,"[1575, 403, 79, 757, 749]"
4075,"[926, 1906, 1202, 410, 167]"
4076,"[403, 695, 808, 1320, 1006]"
4077,"[650, 695, 345, 1122, 749]"
4078,"[1909, 1906, 1193, 1885, 1528]"
4079,"[403, 1317, 866, 66, 73]"
4080,"[403, 1006, 1566, 902, 1249]"
4081,"[578, 575, 429, 588, 688]"
4082,"[480, 66, 892, 866, 403]"
4083,"[408, 165, 1915, 1676, 1675]"
4084,"[892, 866, 66, 121, 403]"
4085,"[403, 1746, 624, 159, 1043]"
4086,"[25, 1063, 28, 26, 29]"
4087,"[191, 945, 189, 140, 1009]"
4088,"[165, 102, 405, 1196, 1677]"
4089,"[272, 274, 350, 270, 276]"
4090,"[403, 480, 1675, 1249, 73]"
4091,"[403, 165, 423, 1244, 1677]"
4092,"[789, 672, 1705, 1704, 1666]"
4093,"[403, 121, 405, 165, 1249]"
4094,"[403, 866, 121, 1317, 66]"
4095,"[1249, 1006, 1675, 408, 432]"
4096,"[73, 403, 1006, 66, 282]"
4097,"[121, 1249, 1620, 458, 1063]"
4098,"[403, 1659, 405, 725, 672]"
4099,"[165, 1915, 214, 937, 1001]"
4100,"[403, 165, 444, 789, 405]"
4101,"[468, 443, 501, 1317, 1772]"
4102,"[660, 398, 1403, 639, 441]"
4103,"[403, 1640, 1639, 405, 1676]"
4104,"[1063, 1249, 216, 1611, 681]"
4105,"[403, 1639, 165, 789, 1885]"
4106,"[1063, 606, 1138, 861, 1249]"
4107,"[403, 1675, 1676, 165, 405]"
4108,"[165, 403, 102, 121, 408]"
4109,"[444, 1666, 74, 1114, 1009]"
4110,"[408, 214, 1666, 726, 727]"
4111,"[1676, 408, 165, 159, 1025]"
4112,"[807, 1204, 24, 408, 1006]"
4113,"[66, 1320, 866, 925, 167]"
4114,"[403, 282, 73, 480, 66]"
4115,"[165, 444, 1249, 672, 789]"
4116,"[1915, 497, 1887, 493, 484]"
4117,"[403, 1249, 405, 1750, 167]"
4118,"[165, 444, 1666, 1249, 1750]"
4119,"[1887, 862, 1249, 1885, 1813]"
4120,"[403, 444, 282, 66, 1666]"
4121,"[408, 890, 1249, 165, 1676]"
4122,"[66, 282, 1013, 1006, 1009]"
4123,"[423, 1244, 786, 165, 1677]"
4124,"[1915, 922, 124, 605, 1549]"
4125,"[1197, 1307, 501, 1363, 403]"
4126,"[405, 1885, 1795, 1073, 1705]"
4127,"[1677, 1676, 1639, 60, 1202]"
4128,"[1344, 1915, 1592, 1721, 108]"
4129,"[213, 403, 60, 672, 423]"
4130,"[403, 165, 423, 1244, 1696]"
4131,"[403, 1317, 282, 66, 72]"
4132,"[116, 890, 1902, 98, 1552]"
4133,"[1202, 410, 1666, 925, 167]"
4134,"[749, 1670, 1338, 866, 757]"
4135,"[1676, 1675, 165, 1202, 410]"
4136,"[403, 866, 878, 922, 749]"
4137,"[1298, 1252, 837, 1499, 72]"
4138,"[603, 1202, 410, 60, 1676]"
4139,"[1344, 164, 1704, 1705, 1659]"
4140,"[1902, 1915, 159, 1025, 937]"
4141,"[1915, 344, 164, 124, 165]"
4142,"[408, 249, 98, 165, 1915]"
4143,"[1592, 1721, 672, 108, 1901]"
4144,"[116, 1193, 1902, 1552, 1915]"
4145,"[1317, 868, 344, 866, 98]"
4146,"[403, 1885, 620, 470, 165]"
4147,"[405, 1202, 410, 1705, 1704]"
4148,"[165, 1592, 403, 405, 672]"
4149,"[1063, 98, 165, 922, 124]"
4150,"[1885, 98, 1073, 1560, 1552]"
4151,"[1320, 403, 749, 866, 497]"
4152,"[405, 410, 1202, 1677, 165]"
4153,"[403, 1300, 1202, 165, 410]"
4154,"[1915, 403, 1770, 890, 866]"
4155,"[165, 97, 96, 1063, 98]"
4156,"[1885, 1592, 1202, 165, 410]"
4157,"[1915, 165, 1592, 1202, 410]"
4158,"[1915, 165, 147, 959, 964]"
4159,"[1705, 1704, 1061, 1258, 990]"
4160,"[403, 410, 1061, 1202, 1649]"
4161,"[1249, 1063, 1884, 458, 861]"
4162,"[1063, 861, 425, 1904, 96]"
4163,"[866, 808, 1118, 403, 966]"
4164,"[1193, 1885, 1592, 1344, 1915]"
4165,"[1344, 857, 340, 1721, 922]"
4166,"[121, 165, 1604, 866, 1907]"
4167,"[1592, 1677, 213, 672, 405]"
4168,"[1723, 1075, 609, 853, 1898]"
4169,"[1761, 1760, 66, 1466, 1721]"
4170,"[1676, 1915, 1675, 112, 1607]"
4171,"[1607, 480, 672, 1270, 1191]"
4172,"[672, 721, 1659, 1043, 1704]"
4173,"[632, 639, 1723, 650, 652]"
4174,"[43, 16, 594, 1922, 1897]"
4175,"[1666, 405, 444, 213, 605]"
4176,"[164, 165, 1592, 1924, 98]"
4177,"[1338, 430, 672, 484, 1592]"
4178,"[165, 1249, 1677, 672, 102]"
4179,"[1204, 230, 248, 739, 407]"
4180,"[1666, 1659, 1607, 672, 74]"
4181,"[1666, 722, 122, 824, 737]"
4182,"[672, 851, 789, 1885, 1639]"
4183,"[1607, 74, 1277, 1666, 480]"
4184,"[672, 1666, 1592, 1249, 1202]"
4185,"[1830, 1871, 1834, 1302, 866]"
4186,"[862, 480, 1723, 403, 1270]"
4187,"[480, 1723, 111, 1317, 403]"
4188,"[480, 1723, 72, 511, 1428]"
4189,"[1834, 1871, 1249, 121, 866]"
4190,"[1639, 1249, 60, 1924, 1592]"
4191,"[1909, 1193, 1894, 1613, 1890]"
4192,"[480, 403, 1723, 72, 1428]"
4193,"[1885, 408, 1677, 171, 98]"
4194,"[455, 1676, 1915, 124, 60]"
4195,"[1723, 79, 480, 1735, 1013]"
4196,"[1608, 1607, 165, 672, 1277]"
4197,"[1575, 739, 722, 823, 504]"
4198,"[1639, 926, 1904, 1249, 60]"
4199,"[1640, 228, 1297, 1613, 1639]"
4200,"[672, 165, 1640, 1193, 1885]"
4201,"[480, 1723, 1607, 1277, 1898]"
4202,"[1249, 1592, 480, 432, 1658]"
4203,"[480, 866, 1723, 37, 121]"
4204,"[1885, 789, 1193, 851, 1723]"
4205,"[672, 943, 1592, 165, 898]"
4206,"[851, 34, 479, 1784, 1705]"
4207,"[333, 1651, 1674, 1041, 408]"
4208,"[1659, 1277, 1607, 1608, 672]"
4209,"[1249, 432, 165, 1611, 796]"
4210,"[672, 66, 789, 1885, 444]"
4211,"[1666, 1640, 78, 403, 1202]"
4212,"[430, 1810, 1256, 1261, 1253]"
4213,"[403, 749, 66, 1670, 282]"
4214,"[403, 1666, 749, 66, 444]"
4215,"[403, 672, 1666, 749, 74]"
4216,"[1750, 613, 416, 612, 1247]"
4217,"[403, 1428, 66, 282, 909]"
4218,"[1750, 786, 165, 408, 101]"
4219,"[72, 1002, 74, 232, 1003]"
4220,"[1193, 66, 171, 670, 620]"
4221,"[403, 1704, 1705, 165, 444]"
4222,"[408, 213, 979, 983, 984]"
4223,"[1704, 1705, 403, 72, 1789]"
4224,"[1666, 1677, 979, 902, 983]"
4225,"[408, 1248, 1675, 228, 1640]"
4226,"[403, 444, 1723, 165, 74]"
4227,"[403, 1666, 66, 74, 726]"
4228,"[403, 1666, 444, 672, 726]"
4229,"[1666, 672, 444, 728, 433]"
4230,"[403, 1249, 122, 1575, 749]"
4231,"[403, 1705, 1704, 480, 749]"
4232,"[1704, 1705, 74, 261, 235]"
4233,"[672, 1901, 403, 444, 1666]"
4234,"[1666, 403, 672, 725, 287]"
4235,"[403, 672, 444, 222, 1666]"
4236,"[1592, 242, 1639, 1632, 1009]"
4237,"[1666, 444, 405, 1035, 1279]"
4238,"[228, 1013, 1683, 261, 1633]"
4239,"[1632, 1704, 1705, 261, 403]"
4240,"[403, 444, 66, 789, 1320]"
4241,"[1575, 1249, 408, 165, 1592]"
4242,"[259, 964, 837, 430, 1785]"
4243,"[408, 222, 902, 720, 1640]"
4244,"[1666, 405, 78, 1270, 438]"
4245,"[66, 403, 1013, 1009, 262]"
4246,"[1249, 925, 167, 928, 931]"
4247,"[1666, 403, 78, 1640, 731]"
4248,"[403, 211, 1049, 1055, 1428]"
4249,"[403, 1666, 74, 1013, 66]"
4250,"[403, 1705, 1704, 1659, 1666]"
4251,"[1232, 1249, 823, 1433, 122]"
4252,"[408, 165, 1659, 410, 1675]"
4253,"[403, 1249, 409, 1666, 823]"
4254,"[1735, 1666, 444, 1428, 74]"
4255,"[890, 1676, 1906, 112, 114]"
4256,"[605, 1204, 1695, 410, 1202]"
4257,"[1825, 1809, 1302, 1832, 1300]"
4258,"[1659, 405, 1677, 213, 403]"
4259,"[403, 405, 1827, 1829, 1704]"
4260,"[403, 1317, 73, 1723, 1705]"
4261,"[930, 122, 410, 1670, 925]"
4262,"[1666, 403, 409, 165, 672]"
4263,"[403, 1902, 408, 1249, 1344]"
4264,"[1666, 1735, 74, 731, 823]"
4265,"[403, 1809, 1428, 885, 738]"
4266,"[403, 409, 410, 1202, 1827]"
4267,"[99, 765, 749, 930, 688]"
4268,"[405, 410, 1202, 1566, 1344]"
4269,"[1249, 749, 1885, 1705, 1704]"
4270,"[403, 1202, 410, 605, 1566]"
4271,"[403, 1566, 1202, 410, 409]"
4272,"[403, 405, 1676, 410, 1202]"
4273,"[403, 1202, 410, 605, 1566]"
4274,"[403, 409, 72, 102, 1746]"
4275,"[902, 408, 1299, 1666, 405]"
4276,"[114, 624, 1904, 1192, 1270]"
4277,"[408, 1676, 1640, 165, 125]"
4278,"[403, 1428, 1723, 738, 1317]"
4279,"[403, 410, 1202, 405, 1299]"
4280,"[1677, 165, 171, 1073, 1202]"
4281,"[159, 1025, 937, 1676, 1915]"
4282,"[1861, 66, 147, 1855, 236]"
4283,"[1257, 1077, 437, 405, 1284]"
4284,"[1915, 1676, 1344, 405, 1675]"
4285,"[1566, 403, 433, 1636, 405]"
4286,"[1666, 444, 74, 432, 824]"
4287,"[148, 192, 986, 1809, 193]"
4288,"[403, 410, 1202, 1666, 672]"
4289,"[444, 405, 1666, 403, 1202]"
4290,"[175, 165, 430, 919, 1261]"
4291,"[403, 1317, 409, 1723, 1428]"
4292,"[1915, 1676, 1344, 1675, 1825]"
4293,"[1077, 1640, 187, 1086, 1749]"
4294,"[403, 1317, 1723, 282, 111]"
4295,"[74, 403, 444, 728, 1026]"
4296,"[751, 410, 1202, 1651, 1666]"
4297,"[403, 866, 1723, 480, 1612]"
4298,"[1344, 1861, 444, 731, 749]"
4299,"[606, 616, 652, 310, 443]"
4300,"[922, 1924, 1901, 1611, 926]"
4301,"[652, 1772, 1605, 379, 427]"
4302,"[1608, 1564, 1554, 1489, 687]"
4303,"[1317, 111, 1723, 480, 1717]"
4304,"[1904, 1192, 454, 1112, 692]"
4305,"[480, 111, 1723, 1428, 866]"
4306,"[1892, 1887, 1890, 165, 1677]"
4307,"[645, 650, 739, 659, 654]"
4308,"[1599, 1608, 848, 692, 1904]"
4309,"[1904, 1192, 1607, 1523, 1536]"
4310,"[116, 37, 110, 413, 480]"
4311,"[1705, 1704, 681, 1147, 1145]"
4312,"[1639, 1695, 1902, 1604, 408]"
4313,"[403, 1006, 1317, 749, 66]"
4314,"[1924, 478, 1604, 1307, 1611]"
4315,"[1192, 1904, 1599, 1112, 692]"
4316,"[1273, 447, 44, 692, 693]"
4317,"[866, 884, 478, 660, 1926]"
4318,"[1904, 692, 1192, 1613, 1191]"
4319,"[1902, 408, 1063, 605, 1249]"
4320,"[1249, 1705, 121, 432, 783]"
4321,"[1904, 1192, 110, 44, 43]"
4322,"[116, 1192, 455, 114, 1275]"
4323,"[1191, 708, 689, 1890, 1662]"
4324,"[116, 110, 114, 652, 1656]"
4325,"[705, 714, 1157, 1144, 650]"
4326,"[403, 1317, 73, 111, 866]"
4327,"[1192, 890, 114, 1904, 124]"
4328,"[1885, 1916, 1043, 1887, 1592]"
4329,"[1705, 1704, 1274, 111, 78]"
4330,"[1904, 1884, 1112, 454, 692]"
4331,"[1904, 1192, 455, 692, 1600]"
4332,"[276, 1016, 275, 270, 274]"
4333,"[691, 860, 1581, 1273, 677]"
4334,"[1904, 692, 1884, 1489, 1192]"
4335,"[1904, 1562, 1192, 1312, 1191]"
4336,"[1904, 926, 432, 1637, 624]"
4337,"[1605, 379, 291, 1772, 447]"
4338,"[1249, 606, 1063, 1273, 790]"
4339,"[165, 739, 98, 1924, 935]"
4340,"[16, 1063, 1249, 447, 44]"
4341,"[1698, 1130, 1632, 1056, 1248]"
4342,"[1599, 1274, 1277, 44, 1607]"
4343,"[1904, 1926, 1884, 1598, 692]"
4344,"[1904, 650, 43, 281, 665]"
4345,"[1795, 1705, 1704, 1818, 1819]"
4346,"[1560, 478, 165, 1915, 629]"
4347,"[281, 1560, 650, 79, 688]"
4348,"[688, 276, 1696, 665, 274]"
4349,"[638, 401, 66, 1669, 665]"
4350,"[290, 665, 97, 96, 1202]"
4351,"[1696, 1904, 276, 164, 1926]"
4352,"[290, 281, 1904, 43, 276]"
4353,"[1735, 281, 665, 1902, 79]"
4354,"[290, 1708, 1560, 281, 275]"
4355,"[165, 1696, 1534, 171, 102]"
4356,"[275, 280, 276, 281, 272]"
4357,"[1904, 1615, 1538, 1556, 922]"
4358,"[1249, 165, 102, 451, 1607]"
4359,"[165, 102, 672, 1696, 1677]"
4360,"[79, 1735, 1853, 1788, 1787]"
4361,"[403, 749, 665, 1320, 1795]"
4362,"[281, 650, 1772, 73, 290]"
4363,"[665, 281, 403, 1904, 1615]"
4364,"[1904, 1611, 1192, 455, 454]"
4365,"[281, 272, 665, 275, 276]"
4366,"[1639, 98, 1885, 672, 1249]"
4367,"[672, 1887, 1885, 866, 1560]"
4368,"[665, 1608, 672, 658, 1901]"
4369,"[1735, 749, 1902, 688, 1844]"
4370,"[922, 1549, 1526, 124, 1560]"
4371,"[749, 1202, 410, 1118, 409]"
4372,"[749, 1670, 1815, 1810, 1822]"
4373,"[692, 848, 165, 164, 449]"
4374,"[403, 282, 1320, 749, 1670]"
4375,"[1885, 1202, 410, 79, 707]"
4376,"[1696, 1192, 890, 114, 112]"
4377,"[1009, 1013, 1010, 264, 252]"
4378,"[650, 43, 111, 1772, 866]"
4379,"[665, 281, 688, 66, 52]"
4380,"[1696, 276, 290, 1202, 410]"
4381,"[665, 749, 1735, 688, 1320]"
4382,"[108, 678, 1721, 1710, 1592]"
4383,"[403, 749, 66, 1696, 665]"
4384,"[1889, 1696, 1164, 274, 710]"
4385,"[1904, 773, 1613, 1696, 1270]"
4386,"[403, 1249, 1197, 1902, 468]"
4387,"[660, 650, 655, 639, 688]"
4388,"[1317, 803, 1246, 468, 802]"
4389,"[111, 468, 1717, 73, 749]"
4390,"[647, 1923, 422, 863, 1747]"
4391,"[1696, 863, 865, 1747, 313]"
4392,"[458, 1901, 441, 658, 165]"
4393,"[111, 1717, 73, 1428, 1923]"
4394,"[403, 1767, 734, 1752, 1021]"
4395,"[1747, 863, 874, 1560, 865]"
4396,"[863, 865, 1747, 1696, 314]"
4397,"[111, 1717, 73, 1428, 749]"
4398,"[863, 865, 1747, 672, 789]"
4399,"[314, 114, 807, 1204, 808]"
4400,"[313, 1904, 899, 1697, 863]"
4401,"[1560, 1929, 866, 223, 1073]"
4402,"[1604, 111, 1695, 432, 102]"
4403,"[782, 118, 666, 458, 755]"
4404,"[405, 865, 98, 1747, 403]"
4405,"[1611, 1895, 441, 1746, 1192]"
4406,"[111, 1138, 863, 865, 1747]"
4407,"[1073, 313, 1696, 1904, 899]"
4408,"[666, 904, 458, 1740, 165]"
4409,"[1138, 672, 863, 865, 1747]"
4410,"[468, 661, 403, 282, 111]"
4411,"[290, 313, 1073, 314, 1923]"
4412,"[1677, 405, 89, 1695, 1675]"
4413,"[789, 672, 851, 444, 650]"
4414,"[863, 865, 1747, 313, 314]"
4415,"[1249, 1147, 678, 1705, 1704]"
4416,"[118, 313, 863, 865, 1923]"
4417,"[865, 808, 116, 1675, 1677]"
4418,"[1611, 863, 865, 1747, 1604]"
4419,"[73, 111, 468, 313, 314]"
4420,"[1696, 1196, 1750, 314, 432]"
4421,"[1073, 290, 1900, 97, 96]"
4422,"[672, 789, 851, 111, 444]"
4423,"[1904, 1138, 1890, 650, 111]"
4424,"[1904, 1192, 1554, 1523, 1489]"
4425,"[1618, 863, 865, 1747, 1604]"
4426,"[313, 314, 1115, 1923, 794]"
4427,"[111, 1923, 314, 313, 863]"
4428,"[1923, 703, 1291, 1659, 1695]"
4429,"[314, 672, 863, 165, 1901]"
4430,"[314, 1752, 922, 1915, 1833]"
4431,"[1567, 16, 1896, 1611, 454]"
4432,"[1884, 1608, 454, 922, 102]"
4433,"[1896, 1910, 1567, 677, 16]"
4434,"[16, 1192, 1904, 114, 1896]"
4435,"[1567, 16, 114, 1896, 1922]"
4436,"[1567, 16, 114, 1192, 43]"
4437,"[16, 1705, 1704, 1249, 888]"
4438,"[1192, 16, 114, 1904, 1567]"
4439,"[1567, 926, 454, 922, 1899]"
4440,"[1192, 16, 1904, 1896, 114]"
4441,"[455, 114, 1192, 454, 1521]"
4442,"[16, 114, 1567, 1192, 1112]"
4443,"[890, 884, 866, 1607, 292]"
4444,"[1192, 16, 1567, 114, 1904]"
4445,"[16, 1760, 1705, 862, 888]"
4446,"[16, 114, 1611, 454, 1192]"
4447,"[1904, 1192, 1191, 102, 1746]"
4448,"[16, 1312, 650, 1112, 114]"
4449,"[16, 1567, 114, 1192, 1910]"
4450,"[1677, 1534, 1607, 1536, 926]"
4451,"[114, 1112, 1192, 455, 454]"
4452,"[1567, 1896, 16, 1904, 114]"
4453,"[16, 1192, 114, 455, 1904]"
4454,"[1567, 114, 16, 1696, 1192]"
4455,"[16, 1611, 458, 789, 1311]"
4456,"[1904, 16, 1192, 114, 455]"
4457,"[16, 1567, 114, 1192, 454]"
4458,"[16, 114, 1192, 1567, 1772]"
4459,"[110, 114, 1070, 1112, 455]"
4460,"[124, 102, 922, 890, 409]"
4461,"[1567, 16, 43, 1312, 1192]"
4462,"[1772, 650, 1007, 16, 458]"
4463,"[16, 1567, 114, 1192, 110]"
4464,"[16, 102, 1746, 1192, 1904]"
4465,"[1904, 1567, 1192, 114, 1896]"
4466,"[16, 1192, 1604, 114, 888]"
4467,"[456, 1704, 1705, 1896, 884]"
4468,"[16, 1192, 1611, 114, 455]"
4469,"[789, 884, 16, 1567, 467]"
4470,"[1192, 1904, 114, 1910, 692]"
4471,"[16, 114, 455, 1904, 1192]"
4472,"[114, 16, 672, 1640, 899]"
4473,"[16, 1567, 114, 1910, 860]"
4474,"[1904, 1567, 1192, 114, 1191]"
4475,"[1904, 1613, 1894, 102, 1746]"
4476,"[1723, 403, 480, 111, 866]"
4477,"[1904, 1192, 1896, 102, 1746]"
4478,"[1904, 1192, 926, 1906, 124]"
4479,"[672, 1607, 1277, 1659, 1666]"
4480,"[1567, 1270, 1613, 110, 1192]"
4481,"[403, 1723, 511, 480, 1809]"
4482,"[1567, 1896, 1904, 890, 1192]"
4483,"[1904, 1896, 1613, 1567, 1192]"
4484,"[1249, 1907, 1904, 95, 1604]"
4485,"[113, 1567, 1192, 1904, 878]"
4486,"[16, 1567, 1192, 114, 1772]"
4487,"[480, 1704, 1705, 403, 1249]"
4488,"[1613, 1191, 78, 1567, 438]"
4489,"[1567, 480, 1249, 901, 121]"
4490,"[1567, 1887, 1249, 121, 866]"
4491,"[1249, 1611, 102, 1607, 1746]"
4492,"[1607, 480, 1269, 672, 1723]"
4493,"[1567, 1607, 1608, 1613, 1277]"
4494,"[1607, 1567, 1160, 1613, 1886]"
4495,"[1904, 1192, 1613, 1270, 1607]"
4496,"[1607, 672, 1249, 1608, 1604]"
4497,"[1249, 16, 927, 1210, 1611]"
4498,"[1567, 1249, 1887, 1886, 1604]"
4499,"[1904, 1896, 1899, 102, 1906]"
4500,"[111, 687, 480, 866, 37]"
4501,"[1249, 403, 444, 165, 1695]"
4502,"[1273, 1605, 447, 439, 1704]"
4503,"[1277, 1063, 1270, 1567, 1608]"
4504,"[542, 1513, 441, 1744, 599]"
4505,"[672, 1249, 444, 403, 432]"
4506,"[1896, 1567, 1922, 1897, 1899]"
4507,"[903, 511, 72, 1830, 1809]"
4508,"[1249, 901, 432, 121, 316]"
4509,"[432, 1249, 672, 444, 1607]"
4510,"[1896, 1904, 1567, 1613, 1191]"
4511,"[1613, 110, 1270, 1904, 1542]"
4512,"[1904, 1613, 1192, 1906, 926]"
4513,"[403, 1676, 672, 926, 1567]"
4514,"[1904, 1567, 1896, 1192, 102]"
4515,"[1607, 403, 1249, 672, 1907]"
4516,"[789, 933, 102, 1567, 1746]"
4517,"[1613, 165, 1607, 164, 1620]"
4518,"[1904, 1192, 1567, 1896, 102]"
4519,"[1575, 1063, 861, 667, 652]"
4520,"[756, 754, 755, 742, 764]"
4521,"[790, 1204, 723, 605, 19]"
4522,"[614, 1679, 1173, 652, 861]"
4523,"[652, 618, 443, 639, 1248]"
4524,"[614, 26, 23, 27, 25]"
4525,"[806, 1063, 23, 21, 28]"
4526,"[1771, 1663, 921, 1810, 1565]"
4527,"[18, 17, 28, 21, 19]"
4528,"[672, 692, 126, 98, 664]"
4529,"[1246, 403, 1704, 1317, 16]"
4530,"[1575, 1022, 1138, 1204, 723]"
4531,"[468, 480, 1314, 1679, 479]"
4532,"[110, 114, 1904, 1291, 848]"
4533,"[1320, 1842, 1843, 1845, 1847]"
4534,"[639, 15, 655, 606, 649]"
4535,"[468, 480, 1772, 16, 1679]"
4536,"[646, 641, 889, 480, 111]"
4537,"[681, 1605, 687, 449, 440]"
4538,"[15, 9, 36, 28, 800]"
4539,"[1291, 110, 40, 1248, 1904]"
4540,"[1567, 1277, 809, 1599, 110]"
4541,"[1904, 110, 444, 1248, 652]"
4542,"[28, 18, 15, 19, 39]"
4543,"[692, 760, 408, 739, 1549]"
4544,"[304, 388, 652, 618, 311]"
4545,"[1063, 606, 1249, 1575, 861]"
4546,"[1568, 652, 18, 667, 639]"
4547,"[443, 1099, 652, 1103, 304]"
4548,"[806, 21, 28, 1790, 1789]"
4549,"[19, 39, 668, 18, 17]"
4550,"[443, 648, 652, 468, 336]"
4551,"[1709, 40, 1703, 18, 15]"
4552,"[465, 1662, 655, 641, 128]"
4553,"[606, 639, 790, 1022, 230]"
4554,"[1575, 861, 504, 778, 659]"
4555,"[1735, 1575, 1320, 772, 1723]"
4556,"[1789, 789, 1788, 1787, 639]"
4557,"[1896, 379, 16, 277, 1613]"
4558,"[1679, 9, 36, 413, 24]"
4559,"[405, 28, 1677, 27, 1196]"
4560,"[661, 114, 1023, 110, 1314]"
4561,"[1277, 1641, 652, 692, 40]"
4562,"[468, 441, 769, 1291, 774]"
4563,"[1772, 1705, 1704, 291, 439]"
4564,"[1902, 1317, 672, 1640, 1147]"
4565,"[1249, 432, 823, 925, 167]"
4566,"[1071, 868, 113, 1904, 1639]"
4567,"[1915, 1675, 1196, 102, 1279]"
4568,"[890, 1543, 1191, 112, 1516]"
4569,"[95, 866, 1887, 1705, 1704]"
4570,"[1489, 1887, 1554, 1564, 1562]"
4571,"[1676, 1202, 410, 902, 1639]"
4572,"[1249, 890, 1604, 112, 1906]"
4573,"[1904, 444, 432, 672, 1607]"
4574,"[672, 1249, 615, 1640, 624]"
4575,"[1620, 688, 175, 420, 287]"
4576,"[672, 1604, 1906, 1620, 409]"
4577,"[1676, 1675, 125, 1696, 902]"
4578,"[1676, 403, 1675, 902, 433]"
4579,"[1904, 1613, 110, 1192, 1567]"
4580,"[111, 1717, 646, 1723, 652]"
4581,"[1588, 43, 1899, 1567, 1904]"
4582,"[890, 1249, 866, 1675, 1676]"
4583,"[1202, 410, 866, 1118, 926]"
4584,"[1611, 1904, 860, 1112, 1192]"
4585,"[866, 1067, 808, 1118, 1772]"
4586,"[291, 440, 1112, 1274, 1904]"
4587,"[1904, 1599, 1890, 78, 440]"
4588,"[1202, 410, 672, 165, 1823]"
4589,"[1302, 1705, 1704, 405, 890]"
4590,"[890, 112, 1344, 1907, 1193]"
4591,"[1855, 1663, 1861, 1620, 511]"
4592,"[444, 851, 789, 672, 1637]"
4593,"[1302, 1704, 1705, 1830, 1871]"
4594,"[1640, 1906, 438, 1607, 114]"
4595,"[1902, 672, 1889, 289, 1074]"
4596,"[1904, 890, 1192, 1249, 102]"
4597,"[1899, 43, 1526, 102, 1922]"
4598,"[1277, 110, 1567, 1904, 1896]"
4599,"[95, 1904, 93, 1192, 677]"
4600,"[403, 480, 1723, 862, 111]"
4601,"[1607, 1202, 410, 1639, 1249]"
4602,"[1904, 890, 102, 922, 124]"
4603,"[1830, 890, 1871, 1834, 1249]"
4604,"[112, 403, 866, 890, 113]"
4605,"[860, 1758, 1762, 1705, 111]"
4606,"[43, 890, 1904, 1192, 112]"
4607,"[1915, 890, 171, 112, 1677]"
4608,"[1138, 861, 78, 1575, 432]"
4609,"[403, 1640, 1639, 1197, 672]"
4610,"[1834, 1871, 1830, 749, 866]"
4611,"[650, 695, 1320, 647, 1118]"
4612,"[403, 1320, 1575, 672, 749]"
4613,"[890, 1192, 926, 102, 1536]"
4614,"[1279, 1636, 1637, 433, 1081]"
4615,"[1906, 432, 1637, 1640, 78]"
4616,"[1607, 444, 511, 1659, 74]"
4617,"[1676, 1675, 1637, 403, 902]"
4618,"[1904, 1613, 624, 405, 1070]"
4619,"[66, 282, 128, 1119, 1637]"
4620,"[1080, 308, 1108, 293, 1196]"
4621,"[1271, 1639, 405, 1607, 1196]"
4622,"[78, 403, 1666, 1279, 432]"
4623,"[1915, 1202, 410, 1279, 1277]"
4624,"[403, 1428, 72, 738, 468]"
4625,"[403, 1640, 1566, 672, 1104]"
4626,"[1279, 1196, 1603, 902, 1138]"
4627,"[1915, 1825, 1202, 1820, 1821]"
4628,"[403, 1344, 1566, 1066, 1676]"
4629,"[926, 1202, 410, 1196, 1750]"
4630,"[1904, 1906, 1192, 922, 1202]"
4631,"[73, 1742, 282, 1428, 1320]"
4632,"[403, 1659, 74, 1912, 1428]"
4633,"[1611, 1192, 1582, 1380, 426]"
4634,"[79, 1832, 1825, 1834, 755]"
4635,"[902, 405, 1196, 1603, 409]"
4636,"[78, 1138, 432, 1279, 433]"
4637,"[1902, 395, 433, 308, 1080]"
4638,"[78, 1138, 1279, 1640, 1666]"
4639,"[1705, 1704, 1761, 1760, 111]"
4640,"[1197, 1163, 1118, 688, 1552]"
4641,"[1915, 1676, 890, 455, 112]"
4642,"[1457, 1461, 1494, 1412, 576]"
4643,"[1659, 78, 1196, 444, 1264]"
4644,"[405, 1196, 672, 410, 1202]"
4645,"[1677, 1676, 408, 165, 171]"
4646,"[613, 1247, 1750, 415, 612]"
4647,"[1659, 403, 1196, 405, 672]"
4648,"[403, 749, 1249, 432, 926]"
4649,"[1204, 1695, 1249, 403, 1063]"
4650,"[433, 791, 747, 754, 755]"
4651,"[681, 307, 1524, 441, 688]"
4652,"[228, 110, 125, 807, 1161]"
4653,"[1733, 171, 1677, 1534, 112]"
4654,"[687, 650, 809, 667, 647]"
4655,"[1118, 1077, 1035, 749, 187]"
4656,"[1428, 1717, 1320, 1723, 1679]"
4657,"[749, 79, 650, 1885, 1789]"
4658,"[1887, 1552, 896, 1599, 1543]"
4659,"[122, 823, 1105, 409, 1284]"
4660,"[41, 31, 33, 1651, 429]"
4661,"[403, 405, 429, 125, 72]"
4662,"[511, 1208, 1490, 514, 1485]"
4663,"[1006, 167, 928, 169, 929]"
4664,"[78, 437, 433, 1081, 1106]"
4665,"[66, 403, 1320, 738, 749]"
4666,"[1904, 860, 808, 289, 1274]"
4667,"[1717, 111, 52, 1317, 1428]"
4668,"[1246, 16, 114, 807, 599]"
4669,"[1902, 1735, 408, 923, 1810]"
4670,"[165, 1885, 1539, 98, 102]"
4671,"[1249, 1887, 1457, 1830, 501]"
4672,"[1705, 1704, 1875, 1796, 856]"
4673,"[1915, 171, 1556, 1543, 1516]"
4674,"[156, 429, 1025, 169, 765]"
4675,"[98, 1610, 455, 1915, 1275]"
4676,"[480, 111, 1659, 1723, 1428]"
4677,"[403, 866, 749, 409, 738]"
4678,"[1705, 1704, 111, 1428, 1723]"
4679,"[405, 403, 78, 1297, 1640]"
4680,"[1902, 1705, 1704, 789, 878]"
4681,"[621, 118, 669, 128, 1187]"
4682,"[1659, 78, 1271, 1063, 405]"
4683,"[1176, 78, 647, 1264, 1265]"
4684,"[695, 1028, 167, 928, 169]"
4685,"[403, 738, 866, 121, 1133]"
4686,"[72, 1795, 647, 681, 1833]"
4687,"[1666, 1620, 409, 743, 725]"
4688,"[443, 738, 1786, 1787, 605]"
4689,"[403, 111, 1717, 1723, 1428]"
4690,"[102, 878, 866, 405, 95]"
4691,"[681, 1277, 1599, 687, 860]"
4692,"[403, 409, 725, 1742, 564]"
4693,"[443, 1717, 1900, 73, 403]"
4694,"[99, 1249, 122, 669, 437]"
4695,"[73, 468, 111, 282, 1428]"
4696,"[739, 692, 1905, 1527, 1922]"
4697,"[1877, 1570, 135, 132, 828]"
4698,"[1895, 1287, 290, 1877, 1570]"
4699,"[73, 432, 1006, 249, 403]"
4700,"[1877, 1570, 1287, 135, 1015]"
4701,"[672, 165, 102, 98, 1675]"
4702,"[165, 113, 89, 1534, 878]"
4703,"[1317, 1613, 316, 403, 1704]"
4704,"[1613, 1192, 1535, 1903, 1904]"
4705,"[1903, 165, 1535, 89, 102]"
4706,"[16, 135, 1570, 828, 1785]"
4707,"[1895, 441, 290, 672, 442]"
4708,"[1570, 135, 1705, 1704, 511]"
4709,"[1517, 1915, 1621, 1623, 1622]"
4710,"[89, 1885, 925, 423, 1244]"
4711,"[1696, 1697, 1248, 1699, 605]"
4712,"[441, 102, 1746, 455, 1895]"
4713,"[1903, 672, 1639, 444, 1566]"
4714,"[1246, 16, 1741, 1573, 899]"
4715,"[884, 135, 1896, 372, 1655]"
4716,"[739, 1204, 16, 723, 1138]"
4717,"[165, 1903, 1905, 1306, 164]"
4718,"[403, 73, 1006, 432, 1297]"
4719,"[290, 82, 650, 1246, 1772]"
4720,"[111, 468, 1759, 135, 1764]"
4721,"[1785, 1570, 135, 828, 1877]"
4722,"[16, 803, 1898, 426, 1785]"
4723,"[73, 468, 1428, 761, 441]"
4724,"[441, 398, 226, 244, 442]"
4725,"[1877, 828, 1570, 1287, 82]"
4726,"[468, 1582, 1380, 426, 1718]"
4727,"[1607, 1542, 1554, 1534, 368]"
4728,"[1903, 1901, 102, 1746, 441]"
4729,"[73, 468, 111, 282, 480]"
4730,"[892, 928, 226, 244, 1823]"
4731,"[1898, 1582, 1380, 426, 1718]"
4732,"[828, 1785, 1881, 1877, 1570]"
4733,"[1246, 1640, 1193, 413, 1263]"
4734,"[1403, 527, 1210, 1213, 1499]"
4735,"[1607, 1249, 165, 1534, 441]"
4736,"[1570, 135, 132, 1877, 1704]"
4737,"[82, 379, 54, 57, 58]"
4738,"[1192, 114, 116, 441, 1676]"
4739,"[1929, 1073, 1704, 1705, 1298]"
4740,"[16, 1705, 1704, 1210, 1249]"
4741,"[455, 1297, 890, 112, 216]"
4742,"[116, 114, 408, 1902, 624]"
4743,"[1772, 16, 114, 1246, 650]"
4744,"[1676, 125, 1249, 1204, 60]"
4745,"[1705, 1704, 1307, 1610, 1273]"
4746,"[1902, 1640, 102, 1197, 1552]"
4747,"[114, 116, 455, 1314, 890]"
4748,"[660, 687, 1163, 1574, 1516]"
4749,"[1192, 1521, 116, 1112, 114]"
4750,"[1772, 1705, 1704, 687, 1192]"
4751,"[687, 291, 1924, 650, 478]"
4752,"[1889, 692, 866, 121, 1555]"
4753,"[1705, 1704, 789, 660, 464]"
4754,"[114, 455, 1192, 16, 116]"
4755,"[478, 1924, 455, 1192, 1600]"
4756,"[1192, 1604, 16, 455, 1611]"
4757,"[114, 116, 1192, 455, 1924]"
4758,"[1112, 44, 114, 884, 1312]"
4759,"[114, 116, 455, 1924, 1192]"
4760,"[1834, 1871, 1830, 1302, 1885]"
4761,"[1705, 1704, 291, 687, 1112]"
4762,"[1192, 114, 455, 687, 1705]"
4763,"[1908, 1637, 282, 1607, 1915]"
4764,"[926, 114, 1924, 1192, 102]"
4765,"[102, 688, 171, 408, 165]"
4766,"[455, 16, 114, 1604, 1192]"
4767,"[1705, 1704, 114, 1521, 455]"
4768,"[1772, 1705, 1704, 687, 1457]"
4769,"[1112, 455, 114, 116, 1924]"
4770,"[114, 455, 116, 1521, 60]"
4771,"[1636, 1676, 423, 1244, 1640]"
4772,"[16, 1772, 1192, 462, 1246]"
4773,"[1929, 1704, 1705, 925, 1118]"
4774,"[291, 1112, 1772, 111, 346]"
4775,"[1772, 16, 1192, 455, 480]"
4776,"[1772, 1192, 114, 1705, 1704]"
4777,"[116, 216, 1249, 1676, 114]"
4778,"[16, 1772, 1112, 464, 462]"
4779,"[1302, 1830, 787, 1834, 1871]"
4780,"[114, 116, 455, 1192, 1204]"
4781,"[432, 282, 1279, 1637, 738]"
4782,"[1192, 114, 455, 890, 1604]"
4783,"[1611, 16, 1063, 1249, 1604]"
4784,"[687, 16, 1192, 1314, 1705]"
4785,"[439, 687, 1605, 1273, 1705]"
4786,"[1772, 1560, 361, 660, 290]"
4787,"[1249, 693, 16, 447, 1600]"
4788,"[1192, 1246, 1708, 18, 114]"
4789,"[1277, 1274, 1608, 1599, 1270]"
4790,"[468, 807, 1197, 1307, 860]"
4791,"[1197, 468, 403, 501, 1334]"
4792,"[1772, 468, 1705, 1704, 16]"
4793,"[1204, 16, 1573, 1314, 1249]"
4794,"[1772, 687, 1192, 650, 291]"
4795,"[1204, 290, 1699, 314, 1640]"
4796,"[1904, 165, 455, 441, 454]"
4797,"[1192, 447, 1273, 1610, 1599]"
4798,"[1581, 890, 687, 1249, 114]"
4799,"[16, 43, 1249, 884, 860]"
4800,"[480, 18, 1192, 468, 110]"
4801,"[18, 1709, 800, 501, 1703]"
4802,"[114, 1542, 1314, 1461, 125]"
4803,"[455, 884, 1306, 102, 1064]"
4804,"[16, 860, 43, 687, 1249]"
4805,"[16, 455, 114, 1204, 1113]"
4806,"[114, 1760, 1761, 1705, 1704]"
4807,"[1246, 29, 1904, 16, 412]"
4808,"[1600, 1270, 438, 125, 1607]"
4809,"[884, 1711, 1929, 1655, 692]"
4810,"[16, 1317, 1192, 614, 860]"
4811,"[468, 1197, 1363, 501, 1358]"
4812,"[1721, 1269, 692, 1592, 409]"
4813,"[16, 1772, 1246, 413, 468]"
4814,"[1599, 1277, 1904, 1270, 1191]"
4815,"[468, 660, 1772, 1574, 1314]"
4816,"[468, 16, 1307, 1249, 1204]"
4817,"[1204, 16, 790, 336, 1314]"
4818,"[1246, 1904, 16, 860, 1317]"
4819,"[468, 480, 1317, 661, 1723]"
4820,"[1922, 1897, 98, 1613, 808]"
4821,"[16, 114, 1192, 455, 116]"
4822,"[1204, 16, 1192, 1924, 114]"
4823,"[1204, 16, 114, 455, 1192]"
4824,"[468, 1307, 807, 16, 1163]"
4825,"[223, 1560, 371, 1772, 361]"
4826,"[1307, 1197, 468, 464, 111]"
4827,"[1071, 1807, 365, 322, 866]"
4828,"[646, 652, 648, 1709, 471]"
4829,"[1249, 92, 857, 1760, 1704]"
4830,"[1908, 282, 866, 292, 1705]"
4831,"[405, 1916, 1704, 1705, 1885]"
4832,"[1915, 926, 1676, 1607, 1675]"
4833,"[866, 511, 1871, 1834, 892]"
4834,"[926, 1676, 1202, 410, 1675]"
4835,"[1317, 1246, 413, 1708, 73]"
4836,"[1612, 1906, 1676, 926, 1295]"
4837,"[1807, 1916, 433, 1832, 1705]"
4838,"[892, 1639, 1885, 408, 1676]"
4839,"[403, 892, 985, 1197, 1249]"
4840,"[128, 1915, 1825, 1516, 1885]"
4841,"[1674, 902, 1299, 926, 167]"
4842,"[926, 890, 121, 1885, 1889]"
4843,"[1904, 102, 1746, 454, 1533]"
4844,"[1019, 1073, 396, 383, 1189]"
4845,"[926, 1604, 409, 102, 1746]"
4846,"[1536, 1193, 1543, 1534, 1489]"
4847,"[1193, 1279, 1676, 672, 1675]"
4848,"[1073, 1202, 410, 1030, 1885]"
4849,"[1604, 890, 1915, 102, 926]"
4850,"[1915, 1344, 1193, 890, 1885]"
4851,"[1249, 121, 866, 1670, 1611]"
4852,"[1299, 925, 167, 928, 931]"
4853,"[403, 866, 892, 749, 1825]"
4854,"[441, 1264, 1265, 621, 1192]"
4855,"[1885, 1677, 1536, 1550, 1516]"
4856,"[926, 121, 1721, 1249, 167]"
4857,"[1676, 1677, 926, 165, 470]"
4858,"[1904, 1489, 1523, 43, 1899]"
4859,"[890, 1807, 926, 1555, 112]"
4860,"[1079, 1106, 1640, 1077, 1263]"
4861,"[1344, 1915, 102, 1746, 1675]"
4862,"[121, 1887, 866, 1704, 1705]"
4863,"[866, 1197, 1915, 165, 1560]"
4864,"[1929, 925, 1906, 928, 410]"
4865,"[165, 1885, 1249, 926, 890]"
4866,"[1639, 125, 1676, 1695, 1014]"
4867,"[926, 1249, 409, 121, 922]"
4868,"[102, 1746, 409, 1677, 926]"
4869,"[405, 890, 1906, 1915, 866]"
4870,"[926, 1676, 1906, 890, 1202]"
4871,"[458, 1549, 1608, 1611, 893]"
4872,"[432, 605, 1249, 1733, 60]"
4873,"[447, 1677, 116, 1696, 1275]"
4874,"[468, 1582, 1380, 426, 1718]"
4875,"[1560, 782, 1073, 739, 314]"
4876,"[444, 1750, 1733, 1291, 432]"
4877,"[618, 645, 804, 30, 1733]"
4878,"[1249, 1611, 1604, 16, 637]"
4879,"[1314, 468, 455, 889, 87]"
4880,"[826, 30, 816, 171, 1611]"
4881,"[468, 800, 73, 645, 443]"
4882,"[468, 660, 480, 111, 1307]"
4883,"[1695, 1639, 60, 116, 926]"
4884,"[1639, 29, 468, 1270, 26]"
4885,"[1695, 681, 408, 605, 615]"
4886,"[16, 1611, 1249, 681, 1726]"
4887,"[1611, 316, 216, 1582, 1380]"
4888,"[1696, 30, 403, 1161, 1249]"
4889,"[661, 645, 30, 772, 622]"
4890,"[1695, 1291, 1204, 126, 444]"
4891,"[1249, 1611, 16, 1604, 848]"
4892,"[1639, 1204, 1575, 615, 848]"
4893,"[1696, 1733, 468, 1695, 403]"
4894,"[645, 739, 660, 1163, 1184]"
4895,"[1192, 16, 455, 1611, 1567]"
4896,"[455, 1611, 16, 468, 1291]"
4897,"[1249, 1204, 693, 1600, 790]"
4898,"[1639, 808, 615, 114, 723]"
4899,"[861, 111, 403, 1717, 73]"
4900,"[688, 1611, 216, 451, 1275]"
4901,"[1192, 605, 848, 926, 1604]"
4902,"[1582, 1380, 426, 1718, 905]"
4903,"[861, 480, 1249, 316, 1677]"
4904,"[316, 861, 1639, 1248, 1582]"
4905,"[1604, 1611, 16, 1192, 451]"
4906,"[889, 216, 791, 1660, 772]"
4907,"[1611, 848, 1192, 1270, 692]"
4908,"[1611, 1726, 1521, 1662, 455]"
4909,"[468, 282, 1022, 892, 1660]"
4910,"[114, 1270, 1192, 1291, 1277]"
4911,"[1073, 290, 1560, 1028, 1119]"
4912,"[1275, 1924, 1192, 60, 890]"
4913,"[1611, 1604, 1606, 1192, 1600]"
4914,"[403, 1704, 1161, 111, 1758]"
4915,"[292, 866, 410, 1202, 1118]"
4916,"[1639, 1676, 124, 165, 112]"
4917,"[1723, 111, 480, 403, 1317]"
4918,"[789, 403, 672, 444, 113]"
4919,"[1666, 165, 1620, 672, 432]"
4920,"[1915, 165, 868, 1748, 878]"
4921,"[672, 1885, 1639, 789, 1666]"
4922,"[444, 1723, 111, 1885, 403]"
4923,"[1675, 89, 1696, 165, 1676]"
4924,"[1320, 66, 1663, 1855, 403]"
4925,"[1805, 866, 1908, 1670, 1114]"
4926,"[1663, 79, 1077, 1822, 1813]"
4927,"[403, 444, 1344, 405, 1675]"
4928,"[444, 789, 851, 892, 403]"
4929,"[403, 1827, 405, 749, 1829]"
4930,"[1873, 1836, 511, 1832, 1867]"
4931,"[444, 789, 851, 672, 1903]"
4932,"[403, 672, 789, 851, 1791]"
4933,"[749, 403, 1723, 933, 866]"
4934,"[1909, 1904, 1193, 1613, 1894]"
4935,"[866, 416, 101, 1612, 1073]"
4936,"[1659, 403, 405, 672, 1903]"
4937,"[866, 933, 808, 749, 410]"
4938,"[403, 480, 862, 1723, 1249]"
4939,"[403, 1249, 1885, 480, 405]"
4940,"[78, 1666, 432, 1291, 405]"
4941,"[1705, 1704, 1789, 1788, 1787]"
4942,"[1723, 403, 1705, 1704, 1788]"
4943,"[403, 405, 444, 89, 866]"
4944,"[862, 1249, 121, 432, 480]"
4945,"[866, 808, 1202, 410, 1118]"
4946,"[1114, 672, 1620, 1832, 933]"
4947,"[672, 1675, 165, 1676, 444]"
4948,"[1567, 1904, 1192, 113, 1896]"
4949,"[1666, 1202, 410, 444, 789]"
4950,"[444, 66, 749, 165, 1666]"
4951,"[165, 672, 1620, 409, 444]"
4952,"[403, 866, 73, 409, 1612]"
4953,"[866, 1887, 1118, 1705, 1704]"
4954,"[403, 866, 121, 749, 1723]"
4955,"[403, 749, 1249, 866, 1704]"
4956,"[95, 1896, 1567, 726, 727]"
4957,"[403, 789, 1750, 405, 444]"
4958,"[403, 1320, 866, 1915, 1825]"
4959,"[749, 403, 1709, 1723, 5]"
4960,"[1126, 1690, 902, 403, 1077]"
4961,"[125, 423, 1244, 165, 672]"
4962,"[1006, 1317, 403, 125, 365]"
4963,"[125, 423, 1244, 165, 1677]"
4964,"[1256, 672, 1825, 493, 1260]"
4965,"[98, 925, 167, 928, 169]"
4966,"[672, 1640, 902, 171, 165]"
4967,"[1320, 1855, 749, 403, 66]"
4968,"[504, 1269, 1281, 1105, 429]"
4969,"[1690, 603, 605, 125, 615]"
4970,"[1675, 423, 1244, 1677, 125]"
4971,"[125, 1831, 66, 1825, 1676]"
4972,"[1709, 1703, 1317, 1006, 800]"
4973,"[1006, 403, 1317, 73, 125]"
4974,"[423, 1244, 1249, 405, 786]"
4975,"[1363, 125, 1690, 1370, 501]"
4976,"[403, 125, 1690, 429, 749]"
4977,"[1320, 66, 1855, 1861, 403]"
4978,"[423, 1244, 1204, 1696, 412]"
4979,"[403, 423, 1244, 605, 614]"
4980,"[1317, 1006, 403, 365, 125]"
4981,"[1006, 73, 1317, 403, 365]"
4982,"[423, 1244, 125, 1690, 902]"
4983,"[1640, 125, 1613, 1193, 124]"
4984,"[1317, 1723, 1709, 480, 282]"
4985,"[125, 902, 1690, 444, 1676]"
4986,"[1666, 409, 1750, 458, 425]"
4987,"[403, 1320, 1575, 749, 111]"
4988,"[1640, 403, 720, 1566, 1298]"
4989,"[125, 1690, 1676, 1299, 964]"
4990,"[1855, 66, 1861, 236, 237]"
4991,"[125, 1915, 1637, 1659, 470]"
4992,"[1677, 125, 423, 1244, 1639]"
4993,"[125, 1690, 365, 1317, 1006]"
4994,"[125, 1677, 423, 1244, 1604]"
4995,"[1317, 403, 73, 1006, 480]"
4996,"[1663, 599, 597, 593, 514]"
4997,"[403, 125, 1639, 1640, 429]"
4998,"[1836, 930, 1873, 1014, 1809]"
4999,"[125, 159, 1025, 937, 1637]"
5000,"[226, 244, 249, 1670, 1250]"
5001,"[1640, 228, 1193, 1613, 1248]"
5002,"[403, 1006, 1317, 73, 365]"
5003,"[1924, 60, 1249, 1639, 114]"
5004,"[1915, 165, 124, 60, 890]"
5005,"[863, 1747, 1915, 865, 165]"
5006,"[892, 1197, 660, 468, 1320]"
5007,"[1705, 1924, 1760, 1761, 1704]"
5008,"[660, 872, 773, 636, 125]"
5009,"[1639, 455, 125, 408, 1924]"
5010,"[403, 862, 1197, 1926, 1705]"
5011,"[114, 116, 890, 1192, 455]"
5012,"[717, 818, 1877, 135, 132]"
5013,"[403, 862, 1705, 1704, 78]"
5014,"[681, 678, 102, 637, 409]"
5015,"[1915, 165, 922, 102, 878]"
5016,"[1924, 478, 925, 167, 928]"
5017,"[1249, 681, 783, 872, 1729]"
5018,"[403, 866, 1560, 1197, 276]"
5019,"[862, 1705, 369, 1704, 403]"
5020,"[866, 1536, 1885, 1516, 1561]"
5021,"[403, 1197, 866, 749, 1249]"
5022,"[1902, 1552, 501, 1197, 660]"
5023,"[481, 1755, 1705, 1704, 1757]"
5024,"[1192, 171, 1677, 878, 113]"
5025,"[1924, 478, 1249, 60, 1907]"
5026,"[1884, 114, 1924, 1192, 1521]"
5027,"[655, 660, 639, 892, 370]"
5028,"[290, 1560, 922, 1027, 165]"
5029,"[927, 678, 1249, 451, 1705]"
5030,"[876, 1631, 925, 167, 928]"
5031,"[1924, 478, 1884, 60, 1521]"
5032,"[655, 468, 660, 501, 1197]"
5033,"[1249, 890, 848, 60, 89]"
5034,"[1885, 1915, 1344, 1902, 890]"
5035,"[866, 749, 1809, 925, 167]"
5036,"[1320, 749, 66, 171, 667]"
5037,"[403, 862, 1705, 1040, 1926]"
5038,"[1695, 102, 1924, 1746, 749]"
5039,"[443, 1648, 282, 403, 72]"
5040,"[403, 749, 72, 738, 409]"
5041,"[1915, 1202, 410, 165, 926]"
5042,"[1885, 1675, 1073, 926, 1677]"
5043,"[1915, 1249, 171, 1825, 430]"
5044,"[1924, 478, 1249, 926, 60]"
5045,"[1915, 98, 102, 171, 1901]"
5046,"[114, 116, 1147, 1270, 110]"
5047,"[1705, 1704, 857, 1760, 1758]"
5048,"[1907, 922, 124, 1526, 1922]"
5049,"[862, 1705, 1704, 1249, 1886]"
5050,"[1618, 89, 112, 926, 692]"
5051,"[18, 1709, 857, 800, 1147]"
5052,"[862, 1704, 1705, 1023, 1758]"
5053,"[1885, 848, 1904, 1886, 1191]"
5054,"[110, 16, 677, 789, 1192]"
5055,"[110, 1567, 16, 789, 851]"
5056,"[1024, 1889, 857, 1705, 1704]"
5057,"[1592, 78, 1666, 1249, 1885]"
5058,"[1192, 1610, 110, 1275, 451]"
5059,"[853, 1723, 429, 639, 1818]"
5060,"[857, 1721, 372, 1885, 1705]"
5061,"[413, 1708, 1317, 1640, 1246]"
5062,"[1192, 1705, 860, 1273, 1704]"
5063,"[1904, 405, 1750, 1192, 808]"
5064,"[1192, 116, 1610, 455, 1275]"
5065,"[926, 60, 1924, 1249, 1695]"
5066,"[16, 860, 1249, 1192, 1600]"
5067,"[862, 1705, 111, 1704, 1758]"
5068,"[16, 860, 447, 1600, 1192]"
5069,"[1904, 1192, 455, 454, 16]"
5070,"[1246, 16, 1904, 1708, 1696]"
5071,"[82, 73, 1246, 468, 413]"
5072,"[16, 1705, 1600, 1249, 860]"
5073,"[97, 96, 98, 409, 672]"
5074,"[16, 111, 44, 1904, 860]"
5075,"[1904, 1192, 1112, 43, 1890]"
5076,"[44, 111, 16, 1112, 43]"
5077,"[43, 1904, 1896, 16, 1192]"
5078,"[1904, 1192, 44, 1312, 1112]"
5079,"[16, 111, 44, 1904, 860]"
5080,"[866, 291, 1098, 1705, 1887]"
5081,"[1567, 16, 1192, 789, 1904]"
5082,"[1246, 1708, 73, 1772, 1317]"
5083,"[749, 403, 866, 1670, 121]"
5084,"[808, 866, 1904, 749, 121]"
5085,"[1192, 455, 454, 1610, 1904]"
5086,"[1705, 16, 1662, 1704, 1600]"
5087,"[1884, 1192, 1312, 102, 1746]"
5088,"[16, 1567, 1192, 1904, 114]"
5089,"[1044, 1307, 1555, 466, 111]"
5090,"[1192, 1904, 1523, 1600, 1489]"
5091,"[1192, 1904, 1555, 1312, 110]"
5092,"[44, 16, 111, 43, 1904]"
5093,"[16, 114, 1192, 1112, 455]"
5094,"[16, 1705, 1704, 1760, 1761]"
5095,"[884, 121, 866, 1620, 1612]"
5096,"[1249, 60, 121, 1607, 866]"
5097,"[82, 73, 1246, 468, 413]"
5098,"[1249, 1924, 1884, 926, 1721]"
5099,"[16, 114, 1192, 1112, 1567]"
5100,"[1192, 1904, 1617, 455, 1523]"
5101,"[1904, 692, 43, 1562, 1608]"
5102,"[1705, 1704, 1760, 1761, 16]"
5103,"[16, 114, 455, 1192, 926]"
5104,"[662, 1192, 18, 44, 1904]"
5105,"[1904, 43, 1191, 1890, 1887]"
5106,"[1567, 1904, 1896, 1887, 1884]"
5107,"[1904, 1191, 1192, 1523, 1890]"
5108,"[1904, 1192, 1567, 43, 113]"
5109,"[1904, 1884, 43, 16, 1192]"
5110,"[1904, 43, 1192, 1899, 1926]"
5111,"[1073, 102, 1534, 1887, 89]"
5112,"[1904, 113, 1613, 1192, 1070]"
5113,"[1904, 43, 1899, 1192, 1489]"
5114,"[1904, 1567, 1192, 43, 1896]"
5115,"[291, 680, 1705, 1704, 686]"
5116,"[1904, 1554, 1489, 1894, 1192]"
5117,"[866, 1713, 121, 1626, 1887]"
5118,"[43, 1904, 1567, 1890, 1926]"
5119,"[672, 1249, 848, 102, 98]"
5120,"[677, 1896, 16, 1567, 1910]"
5121,"[1904, 1567, 43, 16, 1896]"
5122,"[1567, 1904, 95, 43, 1926]"
5123,"[1904, 43, 1899, 1567, 1896]"
5124,"[1904, 432, 1890, 1192, 926]"
5125,"[1904, 1896, 1899, 43, 1922]"
5126,"[1904, 43, 1899, 1192, 1567]"
5127,"[1904, 1191, 1886, 432, 1192]"
5128,"[1904, 1192, 1567, 113, 1896]"
5129,"[1192, 1904, 114, 112, 455]"
5130,"[1705, 1760, 1761, 1926, 1662]"
5131,"[1904, 1192, 1523, 1112, 43]"
5132,"[1904, 110, 1192, 114, 116]"
5133,"[1273, 447, 1705, 1112, 860]"
5134,"[1192, 1904, 114, 110, 1523]"
5135,"[1273, 1112, 860, 447, 1705]"
5136,"[1192, 1112, 1904, 44, 114]"
5137,"[860, 111, 1705, 1192, 1704]"
5138,"[1192, 890, 687, 1536, 1890]"
5139,"[114, 1112, 1192, 1610, 116]"
5140,"[1277, 1192, 110, 1274, 44]"
5141,"[1904, 1192, 1556, 1538, 878]"
5142,"[1192, 599, 29, 471, 613]"
5143,"[892, 291, 1070, 884, 650]"
5144,"[672, 1620, 98, 102, 1639]"
5145,"[1887, 1904, 1606, 1249, 1885]"
5146,"[1273, 439, 447, 1192, 687]"
5147,"[1192, 861, 1904, 1274, 78]"
5148,"[1192, 1904, 860, 808, 1610]"
5149,"[1317, 413, 282, 468, 111]"
5150,"[1904, 114, 1192, 1695, 1275]"
5151,"[29, 1192, 26, 614, 818]"
5152,"[809, 863, 865, 1747, 455]"
5153,"[1744, 471, 1864, 1752, 1860]"
5154,"[468, 73, 599, 111, 597]"
5155,"[1246, 468, 1317, 111, 73]"
5156,"[809, 1192, 16, 1521, 455]"
5157,"[1192, 1904, 110, 708, 1112]"
5158,"[413, 29, 1708, 1192, 662]"
5159,"[1898, 1582, 1380, 426, 1718]"
5160,"[1192, 1904, 454, 455, 110]"
5161,"[111, 1317, 1741, 1913, 1605]"
5162,"[1246, 471, 1741, 1795, 454]"
5163,"[599, 29, 1192, 1889, 588]"
5164,"[1192, 1533, 1904, 454, 455]"
5165,"[1904, 1192, 111, 807, 16]"
5166,"[1246, 1243, 471, 1610, 1192]"
5167,"[1913, 1192, 16, 1611, 860]"
5168,"[878, 890, 1533, 113, 171]"
5169,"[1192, 1904, 1523, 1750, 1489]"
5170,"[1246, 471, 454, 456, 1741]"
5171,"[1192, 809, 1611, 1913, 687]"
5172,"[1887, 1249, 95, 1705, 1704]"
5173,"[1904, 1192, 455, 114, 110]"
5174,"[1246, 1192, 282, 1904, 1741]"
5175,"[1705, 1192, 1273, 860, 1112]"
5176,"[29, 1192, 614, 26, 599]"
5177,"[1192, 1904, 1523, 1191, 860]"
5178,"[1610, 1192, 1275, 1521, 114]"
5179,"[410, 1202, 749, 665, 409]"
5180,"[1192, 114, 116, 1904, 16]"
5181,"[1744, 454, 471, 1752, 62]"
5182,"[650, 687, 636, 1317, 463]"
5183,"[1249, 1204, 1314, 1521, 787]"
5184,"[603, 1639, 98, 624, 1202]"
5185,"[114, 807, 1204, 16, 1249]"
5186,"[121, 403, 866, 1889, 432]"
5187,"[1317, 111, 480, 468, 1758]"
5188,"[1249, 1695, 624, 1270, 642]"
5189,"[403, 73, 1317, 111, 866]"
5190,"[613, 588, 1750, 599, 417]"
5191,"[1924, 462, 687, 786, 464]"
5192,"[1924, 786, 478, 113, 878]"
5193,"[114, 807, 54, 57, 58]"
5194,"[216, 1611, 102, 1746, 165]"
5195,"[403, 866, 282, 749, 1889]"
5196,"[1889, 749, 866, 121, 624]"
5197,"[1750, 1889, 1695, 1291, 1735]"
5198,"[1666, 444, 121, 74, 1620]"
5199,"[749, 866, 1695, 114, 1889]"
5200,"[1744, 1752, 1757, 1776, 1879]"
5201,"[817, 803, 1752, 62, 802]"
5202,"[1924, 1884, 455, 687, 692]"
5203,"[1249, 1887, 409, 121, 789]"
5204,"[403, 749, 925, 167, 928]"
5205,"[786, 1611, 1249, 787, 108]"
5206,"[1750, 1889, 403, 405, 624]"
5207,"[688, 789, 459, 467, 126]"
5208,"[1924, 102, 478, 866, 1887]"
5209,"[1889, 599, 588, 1192, 111]"
5210,"[1077, 1825, 1829, 410, 1202]"
5211,"[687, 462, 1312, 454, 465]"
5212,"[1696, 1887, 636, 1893, 1884]"
5213,"[1677, 890, 497, 124, 898]"
5214,"[110, 1889, 624, 692, 1904]"
5215,"[1197, 72, 1705, 1704, 749]"
5216,"[749, 624, 121, 866, 1904]"
5217,"[403, 866, 1889, 749, 121]"
5218,"[1924, 1204, 478, 60, 423]"
5219,"[1246, 1708, 1317, 1006, 403]"
5220,"[1889, 866, 749, 1898, 1582]"
5221,"[749, 866, 121, 892, 757]"
5222,"[1317, 111, 1717, 749, 480]"
5223,"[114, 890, 1192, 116, 1604]"
5224,"[542, 1513, 594, 1864, 1772]"
5225,"[687, 1192, 1606, 121, 866]"
5226,"[44, 43, 16, 1249, 1063]"
5227,"[1646, 458, 930, 410, 1202]"
5228,"[1611, 102, 1249, 1746, 1604]"
5229,"[890, 1899, 1887, 1904, 43]"
5230,"[111, 1567, 95, 480, 1904]"
5231,"[1695, 1677, 1534, 1885, 89]"
5232,"[43, 1567, 1887, 1904, 111]"
5233,"[1677, 89, 1534, 165, 1249]"
5234,"[1646, 410, 1202, 161, 688]"
5235,"[1904, 164, 922, 1192, 113]"
5236,"[121, 1249, 432, 901, 425]"
5237,"[1904, 1192, 860, 1899, 1606]"
5238,"[1890, 89, 848, 1249, 1887]"
5239,"[121, 432, 866, 111, 403]"
5240,"[1904, 1705, 1704, 121, 860]"
5241,"[866, 113, 808, 1249, 102]"
5242,"[1613, 1904, 1192, 113, 1534]"
5243,"[1904, 1192, 110, 1523, 1600]"
5244,"[1904, 1191, 1890, 1909, 1886]"
5245,"[1620, 121, 165, 89, 1249]"
5246,"[1906, 890, 1899, 102, 1604]"
5247,"[1904, 860, 1705, 43, 111]"
5248,"[1904, 1192, 890, 114, 113]"
5249,"[432, 121, 403, 1904, 866]"
5250,"[89, 112, 102, 113, 890]"
5251,"[1887, 1885, 121, 1754, 1704]"
5252,"[1575, 166, 168, 155, 929]"
5253,"[1904, 1887, 1899, 89, 1885]"
5254,"[1904, 1191, 1909, 1886, 1890]"
5255,"[1904, 1896, 1192, 1249, 1899]"
5256,"[1705, 1904, 1887, 1890, 1704]"
5257,"[1534, 1533, 1554, 772, 1887]"
5258,"[89, 1904, 113, 1534, 1907]"
5259,"[1904, 860, 1896, 1899, 16]"
5260,"[1904, 860, 1705, 43, 111]"
5261,"[89, 1899, 112, 1904, 890]"
5262,"[89, 1534, 1885, 1697, 1904]"
5263,"[165, 121, 1620, 866, 1695]"
5264,"[749, 1249, 458, 1670, 121]"
5265,"[1887, 1705, 687, 1704, 1316]"
5266,"[1534, 89, 116, 1613, 1567]"
5267,"[1534, 89, 890, 114, 112]"
5268,"[405, 1677, 432, 1196, 1249]"
5269,"[1904, 1890, 1887, 432, 111]"
5270,"[922, 124, 672, 688, 165]"
5271,"[1746, 688, 658, 161, 1901]"
5272,"[1915, 408, 1001, 1344, 165]"
5273,"[789, 672, 851, 444, 1885]"
5274,"[102, 866, 749, 403, 97]"
5275,"[749, 1320, 1670, 757, 66]"
5276,"[787, 430, 898, 1249, 749]"
5277,"[1543, 1533, 1550, 171, 102]"
5278,"[1632, 403, 1705, 1704, 1828]"
5279,"[1753, 1809, 749, 1867, 1776]"
5280,"[1640, 672, 1902, 1130, 1753]"
5281,"[1904, 1192, 1556, 1538, 1532]"
5282,"[66, 650, 251, 1632, 1685]"
5283,"[1670, 1701, 688, 866, 1746]"
5284,"[672, 444, 1885, 789, 1160]"
5285,"[672, 1885, 1202, 410, 165]"
5286,"[681, 866, 1145, 1560, 93]"
5287,"[1902, 1706, 1810, 1811, 1812]"
5288,"[866, 1887, 1401, 1611, 1249]"
5289,"[1698, 1006, 403, 808, 165]"
5290,"[1902, 749, 898, 1832, 1249]"
5291,"[672, 1640, 1902, 1632, 688]"
5292,"[1640, 403, 1639, 749, 1885]"
5293,"[1915, 1639, 1202, 165, 410]"
5294,"[165, 1695, 60, 1639, 926]"
5295,"[403, 866, 749, 1670, 1885]"
5296,"[749, 1040, 403, 925, 167]"
5297,"[672, 124, 922, 898, 930]"
5298,"[922, 124, 1915, 165, 672]"
5299,"[1640, 672, 1639, 475, 1753]"
5300,"[1885, 102, 1677, 1534, 1887]"
5301,"[97, 98, 96, 1844, 1845]"
5302,"[1130, 1632, 265, 104, 345]"
5303,"[1885, 749, 1887, 1666, 121]"
5304,"[93, 1913, 1701, 874, 1746]"
5305,"[124, 922, 1904, 1640, 1202]"
5306,"[1885, 1887, 762, 97, 96]"
5307,"[1640, 1197, 1639, 672, 403]"
5308,"[688, 72, 1632, 1705, 1704]"
5309,"[1705, 1704, 1753, 1752, 1763]"
5310,"[1902, 1552, 650, 1543, 1887]"
5311,"[890, 1639, 124, 1307, 1640]"
5312,"[1902, 688, 925, 167, 928]"
5313,"[749, 1670, 789, 403, 444]"
5314,"[403, 926, 866, 1197, 1249]"
5315,"[922, 165, 98, 102, 672]"
5316,"[403, 121, 866, 409, 749]"
5317,"[890, 112, 1904, 866, 113]"
5318,"[403, 1006, 165, 1666, 408]"
5319,"[1620, 1006, 165, 408, 66]"
5320,"[292, 1076, 866, 1118, 1909]"
5321,"[1704, 1705, 1753, 1759, 1104]"
5322,"[1676, 1675, 1344, 171, 125]"
5323,"[943, 165, 1338, 185, 200]"
5324,"[403, 1639, 405, 1640, 159]"
5325,"[1666, 672, 1249, 1592, 213]"
5326,"[72, 822, 1809, 340, 1873]"
5327,"[890, 1904, 1896, 409, 101]"
5328,"[403, 672, 1640, 1903, 1659]"
5329,"[1006, 403, 432, 823, 1666]"
5330,"[165, 410, 1202, 922, 1675]"
5331,"[121, 1822, 1820, 1821, 1819]"
5332,"[66, 282, 738, 249, 1649]"
5333,"[165, 1828, 1833, 102, 1837]"
5334,"[1006, 1666, 403, 823, 249]"
5335,"[866, 1114, 121, 1887, 1118]"
5336,"[1620, 890, 1612, 121, 866]"
5337,"[1620, 1009, 287, 1013, 253]"
5338,"[121, 1249, 1604, 901, 1907]"
5339,"[403, 672, 1885, 66, 824]"
5340,"[1592, 165, 408, 1620, 430]"
5341,"[1825, 66, 1834, 747, 754]"
5342,"[403, 1249, 409, 1197, 167]"
5343,"[1885, 403, 409, 1887, 866]"
5344,"[672, 1885, 403, 167, 928]"
5345,"[1666, 403, 902, 98, 125]"
5346,"[672, 1639, 403, 1659, 167]"
5347,"[922, 1620, 901, 165, 1249]"
5348,"[405, 964, 403, 1249, 823]"
5349,"[866, 1887, 755, 756, 769]"
5350,"[237, 236, 1003, 232, 240]"
5351,"[403, 270, 136, 137, 672]"
5352,"[866, 1885, 1068, 121, 1704]"
5353,"[403, 167, 928, 169, 929]"
5354,"[408, 1677, 1193, 1618, 165]"
5355,"[890, 1830, 1834, 1871, 1904]"
5356,"[165, 1592, 171, 1659, 1677]"
5357,"[1344, 66, 145, 171, 408]"
5358,"[110, 1904, 1489, 1192, 1542]"
5359,"[1317, 73, 1717, 468, 413]"
5360,"[1249, 480, 111, 1890, 1705]"
5361,"[439, 445, 447, 451, 455]"
5362,"[114, 1192, 110, 116, 1904]"
5363,"[1915, 1607, 1534, 692, 451]"
5364,"[1187, 1246, 652, 648, 1555]"
5365,"[468, 1246, 73, 111, 1317]"
5366,"[413, 1317, 1679, 798, 1709]"
5367,"[1915, 922, 108, 878, 1901]"
5368,"[862, 480, 1894, 1705, 479]"
5369,"[1723, 480, 1317, 587, 1709]"
5370,"[480, 1277, 1659, 1607, 1723]"
5371,"[65, 765, 1753, 63, 921]"
5372,"[1077, 1705, 1704, 395, 878]"
5373,"[1249, 432, 926, 121, 749]"
5374,"[901, 1557, 688, 1721, 1249]"
5375,"[78, 1317, 403, 862, 111]"
5376,"[1639, 114, 110, 818, 116]"
5377,"[403, 749, 1249, 1885, 650]"
5378,"[1317, 1907, 587, 588, 110]"
5379,"[1894, 1607, 1270, 1554, 1885]"
5380,"[1639, 1192, 1534, 1695, 1270]"
5381,"[29, 23, 101, 21, 590]"
5382,"[114, 1581, 888, 691, 1192]"
5383,"[405, 1639, 1695, 1202, 410]"
5384,"[1639, 405, 1249, 1676, 403]"
5385,"[1317, 587, 468, 903, 111]"
5386,"[1560, 903, 1118, 60, 97]"
5387,"[672, 1885, 405, 1566, 1704]"
5388,"[1249, 1557, 111, 480, 16]"
5389,"[648, 18, 9, 36, 337]"
5390,"[101, 23, 40, 21, 62]"
5391,"[1902, 1249, 1721, 1906, 890]"
5392,"[588, 480, 1249, 1567, 587]"
5393,"[1290, 110, 588, 587, 578]"
5394,"[37, 1772, 480, 1249, 1566]"
5395,"[866, 860, 1894, 1542, 1532]"
5396,"[1887, 93, 1830, 1249, 1316]"
5397,"[18, 648, 652, 480, 1742]"
5398,"[851, 688, 789, 98, 857]"
5399,"[890, 112, 1639, 1677, 1676]"
5400,"[1723, 111, 468, 630, 480]"
5401,"[409, 1603, 695, 97, 96]"
5402,"[1246, 1708, 1317, 73, 803]"
5403,"[1317, 37, 1063, 73, 480]"
5404,"[410, 1202, 213, 1695, 926]"
5405,"[89, 112, 165, 890, 113]"
5406,"[82, 73, 1717, 52, 1428]"
5407,"[1696, 1640, 1699, 1202, 410]"
5408,"[102, 97, 96, 922, 1746]"
5409,"[1696, 89, 165, 1750, 403]"
5410,"[1534, 89, 165, 1892, 409]"
5411,"[1249, 165, 409, 1604, 926]"
5412,"[89, 1911, 1699, 1675, 866]"
5413,"[112, 856, 1903, 1534, 98]"
5414,"[1246, 1708, 1795, 454, 1006]"
5415,"[1696, 1248, 1697, 403, 1676]"
5416,"[73, 511, 866, 135, 1114]"
5417,"[1696, 277, 890, 409, 164]"
5418,"[165, 102, 1618, 1534, 1295]"
5419,"[403, 1677, 1676, 165, 405]"
5420,"[97, 96, 98, 672, 1885]"
5421,"[1534, 112, 165, 1696, 113]"
5422,"[1903, 1534, 1535, 112, 926]"
5423,"[1534, 112, 1903, 165, 1533]"
5424,"[1613, 866, 102, 1904, 291]"
5425,"[165, 922, 1904, 1608, 425]"
5426,"[1521, 687, 1614, 1610, 884]"
5427,"[1705, 1704, 1893, 1023, 1581]"
5428,"[672, 432, 1675, 89, 1043]"
5429,"[1760, 1761, 1768, 1705, 1704]"
5430,"[1926, 1192, 1610, 1555, 1275]"
5431,"[89, 114, 1890, 1885, 1907]"
5432,"[1704, 1705, 1758, 1762, 655]"
5433,"[1604, 1611, 102, 1618, 1924]"
5434,"[1640, 1890, 789, 1735, 731]"
5435,"[1904, 110, 114, 78, 1890]"
5436,"[165, 930, 99, 1676, 169]"
5437,"[403, 1723, 749, 66, 747]"
5438,"[171, 789, 102, 1677, 1676]"
5439,"[1904, 110, 114, 1192, 116]"
5440,"[1676, 1536, 1637, 1202, 1636]"
5441,"[650, 1320, 749, 892, 72]"
5442,"[44, 16, 43, 1249, 1063]"
5443,"[1904, 1893, 1070, 1640, 78]"
5444,"[1534, 878, 1533, 102, 1618]"
5445,"[862, 1822, 1749, 885, 1704]"
5446,"[925, 167, 928, 931, 174]"
5447,"[1290, 1760, 1761, 111, 1317]"
5448,"[1320, 1723, 403, 1428, 66]"
5449,"[1885, 933, 1887, 410, 1202]"
5450,"[922, 165, 1884, 1249, 164]"
5451,"[1249, 926, 89, 444, 1695]"
5452,"[1890, 1489, 1536, 1554, 1607]"
5453,"[1890, 1884, 1598, 1904, 1608]"
5454,"[1904, 1617, 1192, 1555, 1640]"
5455,"[89, 113, 890, 112, 1904]"
5456,"[425, 1904, 1893, 695, 1202]"
5457,"[749, 1705, 1890, 757, 1758]"
5458,"[1536, 1066, 926, 1890, 1534]"
5459,"[1844, 1845, 1847, 1848, 1849]"
5460,"[455, 454, 478, 406, 1924]"
5461,"[108, 751, 760, 346, 364]"
5462,"[1666, 1904, 606, 110, 1893]"
5463,"[692, 922, 1904, 425, 102]"
5464,"[692, 688, 97, 96, 922]"
5465,"[1924, 1536, 1526, 1562, 455]"
5466,"[1604, 1611, 102, 1618, 1924]"
5467,"[1640, 1890, 110, 1893, 695]"
5468,"[121, 1695, 432, 1249, 1890]"
5469,"[1677, 1639, 1610, 451, 1695]"
5470,"[1904, 1536, 672, 1275, 1887]"
5471,"[1904, 1192, 1899, 1896, 1567]"
5472,"[1904, 1567, 1192, 78, 1613]"
5473,"[1904, 1192, 110, 1191, 692]"
5474,"[605, 1640, 1192, 114, 1904]"
5475,"[1904, 1192, 1277, 1567, 1896]"
5476,"[1904, 1192, 1896, 1567, 110]"
5477,"[1904, 1192, 110, 114, 116]"
5478,"[1904, 1192, 1191, 110, 1567]"
5479,"[1904, 1192, 110, 1613, 114]"
5480,"[1904, 1705, 121, 1567, 432]"
5481,"[1567, 1192, 114, 1904, 1926]"
5482,"[1723, 1197, 1067, 1525, 1536]"
5483,"[667, 116, 1249, 650, 789]"
5484,"[1567, 43, 884, 1904, 888]"
5485,"[1192, 1904, 1604, 860, 1924]"
5486,"[1904, 1192, 1567, 43, 1896]"
5487,"[1904, 1192, 1899, 1896, 922]"
5488,"[866, 1904, 1830, 808, 1834]"
5489,"[82, 1896, 1567, 43, 1192]"
5490,"[1904, 1192, 1613, 1926, 1070]"
5491,"[1611, 1904, 1192, 1191, 926]"
5492,"[1904, 1192, 808, 866, 1611]"
5493,"[1192, 1904, 114, 110, 1604]"
5494,"[1904, 1192, 1613, 1896, 110]"
5495,"[1070, 113, 1904, 112, 116]"
5496,"[1705, 1904, 1704, 860, 111]"
5497,"[1904, 111, 1705, 860, 1890]"
5498,"[1192, 1904, 110, 692, 1191]"
5499,"[1904, 1192, 114, 110, 1910]"
5500,"[1192, 1904, 1926, 114, 1567]"
5501,"[1904, 1192, 1899, 1896, 110]"
5502,"[116, 114, 1192, 890, 1904]"
5503,"[687, 1904, 1887, 888, 866]"
5504,"[116, 1567, 1904, 110, 1192]"
5505,"[1246, 1772, 1567, 16, 1192]"
5506,"[1705, 1704, 860, 111, 1760]"
5507,"[1192, 1904, 114, 692, 116]"
5508,"[111, 480, 903, 1723, 1705]"
5509,"[78, 1904, 1270, 624, 432]"
5510,"[1192, 1567, 1904, 692, 846]"
5511,"[1904, 1192, 860, 1070, 1906]"
5512,"[1246, 1192, 1567, 16, 1772]"
5513,"[1567, 1904, 860, 1191, 866]"
5514,"[403, 410, 892, 738, 1202]"
5515,"[1659, 1666, 405, 1607, 444]"
5516,"[1516, 1543, 1534, 1436, 1160]"
5517,"[1659, 403, 1666, 444, 762]"
5518,"[18, 808, 652, 1204, 403]"
5519,"[695, 98, 1843, 1842, 1853]"
5520,"[1632, 340, 403, 1704, 1705]"
5521,"[695, 1735, 1639, 710, 408]"
5522,"[1666, 165, 410, 1792, 1791]"
5523,"[403, 1666, 444, 1659, 609]"
5524,"[1639, 1915, 408, 1202, 410]"
5525,"[1320, 72, 1077, 403, 1663]"
5526,"[403, 1317, 866, 922, 167]"
5527,"[1277, 1608, 1192, 98, 1659]"
5528,"[1320, 749, 403, 1663, 876]"
5529,"[1896, 1192, 1567, 1277, 1904]"
5530,"[757, 753, 876, 688, 765]"
5531,"[1639, 1270, 1192, 1291, 455]"
5532,"[403, 1428, 1723, 111, 73]"
5533,"[403, 1320, 1075, 749, 282]"
5534,"[696, 672, 695, 647, 789]"
5535,"[72, 1249, 1815, 822, 1836]"
5536,"[1885, 79, 1640, 98, 1670]"
5537,"[723, 1888, 1102, 1149, 790]"
5538,"[403, 1428, 1723, 1320, 72]"
5539,"[1192, 113, 1640, 1904, 614]"
5540,"[1320, 749, 1663, 695, 187]"
5541,"[444, 1827, 726, 727, 1650]"
5542,"[609, 1723, 1893, 1613, 1894]"
5543,"[1885, 789, 444, 851, 1193]"
5544,"[468, 1679, 1574, 480, 443]"
5545,"[403, 1632, 1705, 1704, 1612]"
5546,"[403, 1320, 749, 1428, 1723]"
5547,"[72, 1829, 1705, 1704, 1827]"
5548,"[403, 480, 862, 1723, 1428]"
5549,"[1077, 1197, 403, 420, 765]"
5550,"[1320, 403, 749, 876, 282]"
5551,"[1320, 403, 749, 128, 282]"
5552,"[1320, 789, 672, 409, 444]"
5553,"[672, 165, 930, 102, 1885]"
5554,"[688, 1721, 1663, 758, 765]"
5555,"[97, 96, 98, 175, 165]"
5556,"[1861, 1041, 1197, 1663, 511]"
5557,"[444, 738, 1640, 1269, 726]"
5558,"[1567, 1904, 95, 16, 1063]"
5559,"[1639, 1885, 672, 98, 165]"
5560,"[1788, 1787, 1705, 1704, 1887]"
5561,"[1904, 113, 1922, 1897, 409]"
5562,"[1904, 1613, 1886, 848, 1598]"
5563,"[89, 1896, 1904, 409, 1922]"
5564,"[1567, 1887, 111, 1704, 1705]"
5565,"[468, 808, 16, 383, 1180]"
5566,"[89, 403, 672, 808, 1885]"
5567,"[1608, 1904, 1277, 1191, 1607]"
5568,"[866, 1922, 1897, 1904, 1899]"
5569,"[1904, 808, 409, 1567, 113]"
5570,"[165, 1677, 1604, 922, 692]"
5571,"[1899, 1526, 1907, 1922, 1897]"
5572,"[866, 121, 1317, 808, 1307]"
5573,"[1904, 1613, 1192, 113, 1896]"
5574,"[1887, 1705, 1704, 866, 1885]"
5575,"[89, 403, 409, 405, 113]"
5576,"[1567, 1922, 1897, 1903, 1615]"
5577,"[16, 1922, 1897, 409, 1904]"
5578,"[1904, 1613, 110, 1192, 113]"
5579,"[1772, 594, 1580, 593, 595]"
5580,"[1526, 1192, 808, 1922, 1897]"
5581,"[1885, 692, 1270, 1907, 851]"
5582,"[165, 409, 89, 1907, 470]"
5583,"[113, 1904, 409, 1192, 1567]"
5584,"[1608, 1909, 444, 1607, 165]"
5585,"[890, 866, 409, 89, 1887]"
5586,"[121, 432, 165, 922, 901]"
5587,"[1567, 1904, 1246, 808, 1922]"
5588,"[1922, 1897, 1526, 89, 1620]"
5589,"[1904, 1613, 1567, 1896, 113]"
5590,"[1922, 1897, 1249, 1526, 1899]"
5591,"[165, 1675, 113, 1193, 405]"
5592,"[672, 1887, 89, 1885, 789]"
5593,"[1904, 1567, 1922, 1897, 1615]"
5594,"[1270, 1639, 890, 1202, 410]"
5595,"[890, 1193, 866, 1612, 112]"
5596,"[672, 1907, 1592, 1249, 1885]"
5597,"[164, 165, 922, 89, 901]"
5598,"[113, 1904, 102, 165, 1907]"
5599,"[1922, 1897, 1567, 1907, 89]"
5600,"[1922, 1897, 409, 1567, 95]"
5601,"[1567, 1904, 1192, 16, 692]"
5602,"[1907, 1249, 1924, 1695, 926]"
5603,"[16, 455, 1904, 1746, 1611]"
5604,"[413, 37, 111, 866, 1317]"
5605,"[860, 1705, 1704, 1904, 1147]"
5606,"[1027, 930, 925, 167, 928]"
5607,"[1904, 116, 1192, 1534, 43]"
5608,"[1695, 1202, 410, 922, 1639]"
5609,"[605, 672, 688, 1695, 692]"
5610,"[1904, 1527, 409, 113, 1896]"
5611,"[1741, 1704, 1746, 1297, 403]"
5612,"[1705, 1704, 1926, 860, 1906]"
5613,"[1746, 650, 648, 43, 647]"
5614,"[1904, 1192, 1204, 692, 16]"
5615,"[688, 1070, 1320, 789, 1051]"
5616,"[16, 1070, 652, 480, 291]"
5617,"[1904, 113, 409, 1750, 95]"
5618,"[1192, 1904, 114, 455, 692]"
5619,"[116, 413, 1705, 114, 1890]"
5620,"[1889, 110, 1904, 860, 114]"
5621,"[116, 114, 1192, 807, 890]"
5622,"[789, 672, 692, 126, 1639]"
5623,"[110, 1904, 1192, 113, 114]"
5624,"[1904, 1192, 43, 1613, 1070]"
5625,"[636, 866, 335, 1145, 1147]"
5626,"[413, 73, 1317, 111, 37]"
5627,"[1147, 1273, 1762, 1705, 1704]"
5628,"[1705, 1704, 862, 1758, 1762]"
5629,"[1889, 866, 890, 1639, 1197]"
5630,"[1317, 1181, 348, 429, 72]"
5631,"[1746, 808, 866, 1070, 1701]"
5632,"[216, 866, 16, 1611, 102]"
5633,"[1904, 1613, 692, 1274, 1070]"
5634,"[413, 73, 1317, 111, 37]"
5635,"[903, 749, 432, 1705, 1890]"
5636,"[672, 692, 1924, 98, 409]"
5637,"[111, 1717, 650, 480, 652]"
5638,"[1204, 409, 164, 16, 1063]"
5639,"[1705, 1704, 344, 1930, 862]"
5640,"[1915, 878, 124, 692, 1526]"
5641,"[672, 688, 692, 789, 1070]"
5642,"[16, 1063, 648, 808, 480]"
5643,"[1705, 1704, 860, 680, 1274]"
5644,"[1904, 1906, 1070, 1926, 1192]"
5645,"[749, 1320, 650, 409, 1887]"
5646,"[1904, 113, 1922, 1897, 1613]"
5647,"[405, 1695, 165, 1733, 1907]"
5648,"[112, 89, 890, 409, 1192]"
5649,"[89, 165, 1907, 1885, 1592]"
5650,"[1904, 1192, 114, 110, 1297]"
5651,"[1534, 165, 89, 112, 1526]"
5652,"[1887, 121, 866, 1588, 89]"
5653,"[789, 1034, 165, 164, 1909]"
5654,"[808, 1249, 903, 65, 1735]"
5655,"[1907, 672, 1567, 851, 789]"
5656,"[165, 1892, 89, 1907, 1899]"
5657,"[1922, 1897, 1027, 163, 165]"
5658,"[692, 672, 1907, 789, 113]"
5659,"[1567, 1904, 113, 89, 409]"
5660,"[1907, 110, 672, 1567, 851]"
5661,"[808, 1639, 672, 409, 89]"
5662,"[167, 928, 169, 929, 156]"
5663,"[1922, 1897, 409, 1526, 1567]"
5664,"[672, 1202, 410, 165, 89]"
5665,"[409, 1922, 1897, 1526, 1567]"
5666,"[1830, 1887, 1834, 1929, 1871]"
5667,"[1735, 1659, 441, 405, 1026]"
5668,"[1922, 1897, 1526, 165, 98]"
5669,"[405, 1922, 1897, 1904, 808]"
5670,"[1028, 167, 1029, 928, 169]"
5671,"[1114, 1118, 866, 1620, 1671]"
5672,"[878, 1915, 1534, 1526, 1922]"
5673,"[165, 89, 98, 423, 1244]"
5674,"[1922, 1897, 1526, 1907, 1588]"
5675,"[789, 672, 1735, 749, 1670]"
5676,"[1116, 1067, 1899, 1526, 1907]"
5677,"[165, 470, 620, 125, 1639]"
5678,"[403, 1320, 749, 564, 1575]"
5679,"[749, 1670, 925, 167, 928]"
5680,"[1742, 1715, 111, 413, 4]"
5681,"[480, 111, 121, 141, 866]"
5682,"[1249, 420, 432, 1901, 1511]"
5683,"[403, 749, 111, 1723, 866]"
5684,"[403, 1249, 749, 866, 672]"
5685,"[102, 1611, 1746, 1604, 692]"
5686,"[403, 73, 749, 866, 1670]"
5687,"[1246, 73, 1708, 413, 82]"
5688,"[749, 1670, 755, 756, 764]"
5689,"[866, 749, 1670, 1913, 111]"
5690,"[1320, 403, 866, 480, 749]"
5691,"[403, 73, 1320, 866, 749]"
5692,"[1073, 314, 290, 899, 1028]"
5693,"[73, 1246, 82, 1317, 111]"
5694,"[165, 1197, 1249, 403, 1670]"
5695,"[403, 1320, 1670, 749, 866]"
5696,"[1708, 1246, 73, 803, 1772]"
5697,"[1670, 866, 749, 1887, 403]"
5698,"[1249, 409, 823, 432, 458]"
5699,"[413, 82, 73, 111, 282]"
5700,"[403, 480, 111, 1723, 1887]"
5701,"[1696, 1670, 749, 403, 1701]"
5702,"[1317, 73, 1708, 1246, 413]"
5703,"[1575, 659, 667, 458, 1249]"
5704,"[749, 1670, 403, 866, 1320]"
5705,"[73, 1246, 82, 1317, 111]"
5706,"[73, 1428, 1723, 1717, 1317]"
5707,"[1320, 1670, 866, 749, 403]"
5708,"[403, 111, 1320, 1428, 1670]"
5709,"[121, 866, 1320, 111, 403]"
5710,"[1320, 1670, 749, 403, 866]"
5711,"[480, 111, 1723, 1742, 1563]"
5712,"[1246, 1317, 468, 803, 413]"
5713,"[1723, 480, 403, 1788, 1787]"
5714,"[1320, 403, 749, 866, 892]"
5715,"[1246, 471, 62, 1744, 454]"
5716,"[73, 82, 282, 793, 468]"
5717,"[73, 1246, 1317, 282, 111]"
5718,"[73, 1317, 1246, 282, 111]"
5719,"[1742, 1582, 1380, 426, 1718]"
5720,"[480, 111, 1249, 121, 1887]"
5721,"[1742, 282, 1715, 1114, 1320]"
5722,"[97, 96, 98, 1885, 1202]"
5723,"[695, 1699, 1202, 410, 696]"
5724,"[695, 98, 97, 96, 1885]"
5725,"[695, 650, 1320, 98, 1118]"
5726,"[165, 922, 1640, 124, 1202]"
5727,"[97, 96, 1901, 290, 98]"
5728,"[1695, 1924, 1885, 1740, 165]"
5729,"[782, 1073, 313, 1028, 899]"
5730,"[1885, 1043, 1202, 410, 1892]"
5731,"[1612, 866, 1904, 1891, 1191]"
5732,"[165, 1677, 1885, 102, 1202]"
5733,"[405, 470, 620, 902, 1202]"
5734,"[749, 1320, 892, 866, 1118]"
5735,"[1160, 866, 1890, 672, 1612]"
5736,"[98, 97, 96, 1543, 1640]"
5737,"[783, 1197, 1163, 265, 223]"
5738,"[97, 96, 98, 1202, 410]"
5739,"[1885, 1904, 1202, 410, 926]"
5740,"[1640, 1666, 1202, 410, 165]"
5741,"[1534, 878, 102, 922, 165]"
5742,"[1704, 1705, 1310, 1795, 1750]"
5743,"[1885, 97, 96, 1887, 1118]"
5744,"[1699, 734, 1911, 444, 762]"
5745,"[1632, 853, 1130, 403, 1040]"
5746,"[757, 161, 749, 774, 66]"
5747,"[405, 1196, 1911, 1675, 902]"
5748,"[98, 1028, 167, 928, 169]"
5749,"[1640, 1043, 165, 672, 1591]"
5750,"[97, 96, 1885, 98, 1887]"
5751,"[522, 1885, 1753, 1754, 484]"
5752,"[403, 749, 1827, 167, 928]"
5753,"[1885, 97, 96, 98, 165]"
5754,"[922, 410, 1202, 165, 1527]"
5755,"[165, 89, 97, 96, 102]"
5756,"[1202, 410, 165, 1675, 979]"
5757,"[97, 96, 1740, 1697, 1695]"
5758,"[121, 866, 1527, 1885, 1040]"
5759,"[1670, 282, 1648, 115, 1672]"
5760,"[403, 902, 159, 1043, 1044]"
5761,"[1885, 1639, 1677, 672, 405]"
5762,"[403, 672, 405, 409, 1666]"
5763,"[1077, 1735, 1284, 1257, 1303]"
5764,"[403, 409, 738, 72, 102]"
5765,"[1885, 405, 1566, 924, 1030]"
5766,"[403, 409, 749, 167, 928]"
5767,"[1885, 866, 405, 749, 98]"
5768,"[1705, 1704, 148, 1809, 1844]"
5769,"[1666, 444, 432, 1193, 1885]"
5770,"[1885, 405, 89, 1911, 1043]"
5771,"[409, 1666, 403, 102, 1746]"
5772,"[405, 403, 1885, 409, 1202]"
5773,"[1666, 1632, 403, 1077, 737]"
5774,"[403, 1666, 405, 409, 444]"
5775,"[1666, 1898, 1582, 1380, 426]"
5776,"[1885, 405, 410, 1202, 1677]"
5777,"[403, 409, 1827, 1566, 167]"
5778,"[1030, 1915, 327, 977, 410]"
5779,"[403, 511, 1280, 738, 1363]"
5780,"[985, 1061, 66, 1077, 1649]"
5781,"[1666, 78, 1640, 403, 731]"
5782,"[922, 1666, 605, 1906, 124]"
5783,"[405, 403, 1196, 1666, 409]"
5784,"[1885, 1118, 1705, 1704, 1041]"
5785,"[403, 409, 823, 405, 102]"
5786,"[31, 33, 1163, 652, 648]"
5787,"[1885, 1666, 1202, 410, 1043]"
5788,"[1061, 1723, 1257, 403, 1286]"
5789,"[403, 1749, 749, 1667, 410]"
5790,"[1885, 1887, 1705, 1704, 1892]"
5791,"[403, 1320, 409, 410, 405]"
5792,"[403, 1006, 1075, 738, 993]"
5793,"[605, 124, 1677, 1676, 1202]"
5794,"[1202, 410, 1592, 213, 164]"
5795,"[98, 1495, 403, 1885, 1320]"
5796,"[165, 1202, 410, 1592, 1677]"
5797,"[165, 1202, 410, 922, 1695]"
5798,"[403, 1197, 1915, 866, 1560]"
5799,"[403, 66, 1338, 1363, 1495]"
5800,"[1320, 170, 747, 753, 754]"
5801,"[403, 892, 1317, 1038, 282]"
5802,"[1676, 213, 1202, 408, 410]"
5803,"[403, 1317, 72, 749, 66]"
5804,"[1696, 1248, 1639, 605, 603]"
5805,"[165, 98, 97, 96, 444]"
5806,"[1666, 1640, 605, 114, 1676]"
5807,"[1696, 1698, 1248, 114, 282]"
5808,"[165, 98, 97, 96, 444]"
5809,"[409, 403, 165, 808, 605]"
5810,"[403, 1666, 1076, 410, 470]"
5811,"[1592, 1929, 165, 925, 167]"
5812,"[1592, 672, 213, 1911, 405]"
5813,"[1270, 1666, 926, 1592, 848]"
5814,"[1270, 1640, 1613, 1666, 159]"
5815,"[272, 281, 165, 1696, 1695]"
5816,"[1248, 165, 1666, 1677, 1592]"
5817,"[1666, 1640, 605, 1030, 1029]"
5818,"[1666, 1676, 1677, 213, 979]"
5819,"[37, 480, 808, 1197, 1560]"
5820,"[749, 1885, 808, 403, 1249]"
5821,"[403, 808, 1495, 605, 749]"
5822,"[1640, 273, 276, 1666, 272]"
5823,"[403, 405, 1299, 1320, 409]"
5824,"[403, 98, 808, 97, 96]"
5825,"[403, 1030, 1649, 1073, 1202]"
5826,"[1592, 1043, 1666, 213, 1591]"
5827,"[403, 409, 405, 410, 1202]"
5828,"[403, 1320, 808, 1006, 749]"
5829,"[403, 749, 866, 121, 903]"
5830,"[866, 121, 1885, 808, 1887]"
5831,"[403, 66, 1666, 1061, 749]"
5832,"[1640, 1270, 1613, 159, 1025]"
5833,"[165, 603, 1202, 410, 605]"
5834,"[1043, 1911, 1202, 410, 1592]"
5835,"[403, 1073, 749, 1197, 1885]"
5836,"[1077, 437, 1284, 1735, 1035]"
5837,"[403, 866, 749, 66, 409]"
5838,"[1249, 432, 672, 926, 409]"
5839,"[403, 432, 1076, 78, 1637]"
5840,"[1258, 1256, 1832, 1834, 1871]"
5841,"[922, 102, 1746, 1904, 1899]"
5842,"[650, 1651, 688, 1843, 1842]"
5843,"[1906, 1202, 410, 926, 922]"
5844,"[926, 1885, 1202, 410, 1904]"
5845,"[403, 432, 1885, 121, 66]"
5846,"[78, 1904, 432, 1909, 1666]"
5847,"[823, 432, 121, 1249, 1906]"
5848,"[121, 901, 432, 1666, 823]"
5849,"[1906, 1890, 1598, 1909, 1904]"
5850,"[1344, 1832, 1836, 1825, 1873]"
5851,"[1249, 425, 925, 167, 928]"
5852,"[89, 1904, 922, 124, 1906]"
5853,"[1904, 1906, 1899, 878, 922]"
5854,"[430, 432, 1256, 1825, 1261]"
5855,"[1202, 405, 410, 1675, 1676]"
5856,"[1160, 1885, 1202, 410, 1915]"
5857,"[403, 405, 902, 409, 213]"
5858,"[1695, 1885, 1676, 405, 1928]"
5859,"[1193, 1675, 1676, 1909, 1885]"
5860,"[403, 1196, 409, 1675, 1566]"
5861,"[1885, 102, 866, 98, 97]"
5862,"[926, 405, 1249, 1202, 410]"
5863,"[444, 403, 926, 1885, 405]"
5864,"[98, 1603, 1160, 1202, 410]"
5865,"[410, 1202, 926, 1676, 1906]"
5866,"[1928, 299, 1086, 369, 403]"
5867,"[405, 1202, 410, 926, 1675]"
5868,"[403, 405, 1675, 1676, 1677]"
5869,"[862, 1705, 1704, 885, 403]"
5870,"[1249, 1906, 121, 823, 430]"
5871,"[1906, 432, 926, 823, 409]"
5872,"[403, 121, 432, 866, 823]"
5873,"[747, 753, 754, 755, 756]"
5874,"[1249, 1832, 1836, 1873, 1830]"
5875,"[1249, 1832, 1836, 1873, 1498]"
5876,"[403, 1906, 409, 432, 167]"
5877,"[1906, 902, 1666, 1202, 410]"
5878,"[1202, 410, 113, 926, 112]"
5879,"[1904, 926, 89, 1906, 1907]"
5880,"[403, 444, 165, 1666, 164]"
5881,"[1613, 159, 1025, 937, 164]"
5882,"[1896, 43, 1539, 1567, 95]"
5883,"[403, 1006, 1249, 249, 282]"
5884,"[1063, 1288, 892, 1929, 1887]"
5885,"[1613, 1904, 1666, 1909, 432]"
5886,"[444, 403, 165, 408, 1639]"
5887,"[1063, 1006, 468, 606, 30]"
5888,"[1666, 1608, 1277, 1637, 979]"
5889,"[1193, 165, 444, 1043, 1666]"
5890,"[1249, 165, 102, 922, 1604]"
5891,"[443, 29, 1204, 607, 1045]"
5892,"[807, 606, 1249, 1204, 16]"
5893,"[862, 480, 403, 111, 1723]"
5894,"[1915, 165, 451, 307, 692]"
5895,"[1249, 1192, 1403, 1599, 50]"
5896,"[102, 922, 878, 165, 1611]"
5897,"[66, 282, 1006, 73, 249]"
5898,"[878, 113, 102, 1567, 1904]"
5899,"[165, 1675, 1677, 113, 102]"
5900,"[862, 1705, 1704, 1812, 1813]"
5901,"[403, 1006, 866, 892, 282]"
5902,"[1063, 1317, 1006, 866, 73]"
5903,"[807, 786, 16, 1772, 1233]"
5904,"[165, 1027, 1620, 928, 925]"
5905,"[408, 1735, 1639, 782, 1640]"
5906,"[73, 282, 403, 1006, 1428]"
5907,"[866, 1823, 1163, 1812, 1813]"
5908,"[925, 167, 928, 931, 174]"
5909,"[408, 1902, 148, 1249, 1676]"
5910,"[403, 866, 73, 480, 1317]"
5911,"[866, 786, 1611, 1338, 1219]"
5912,"[403, 1566, 213, 979, 1249]"
5913,"[480, 1428, 72, 729, 732]"
5914,"[165, 403, 423, 1244, 1677]"
5915,"[165, 102, 789, 164, 444]"
5916,"[444, 66, 789, 1320, 74]"
5917,"[403, 480, 111, 1428, 1723]"
5918,"[444, 1249, 165, 789, 672]"
5919,"[403, 165, 672, 121, 789]"
5920,"[403, 892, 866, 121, 282]"
5921,"[165, 964, 1196, 979, 983]"
5922,"[249, 1013, 1009, 252, 66]"
5923,"[1696, 276, 278, 281, 274]"
5924,"[1885, 403, 405, 1073, 672]"
5925,"[1902, 1552, 344, 890, 116]"
5926,"[344, 1649, 341, 98, 1904]"
5927,"[1915, 1344, 670, 165, 408]"
5928,"[344, 98, 1034, 289, 866]"
5929,"[862, 1428, 72, 738, 66]"
5930,"[605, 1676, 1915, 1344, 408]"
5931,"[1640, 1705, 1704, 1560, 290]"
5932,"[1334, 501, 1363, 1338, 1370]"
5933,"[898, 1630, 1592, 893, 165]"
5934,"[808, 345, 866, 98, 890]"
5935,"[403, 1202, 410, 114, 605]"
5936,"[1069, 1704, 1636, 1317, 1030]"
5937,"[1915, 926, 1529, 1561, 1202]"
5938,"[1885, 672, 1666, 1592, 165]"
5939,"[344, 116, 98, 1066, 1613]"
5940,"[468, 1307, 497, 66, 265]"
5941,"[1885, 1073, 403, 749, 1649]"
5942,"[1014, 409, 1906, 211, 419]"
5943,"[1885, 1902, 1832, 1249, 1552]"
5944,"[1915, 165, 1193, 692, 1202]"
5945,"[165, 1676, 124, 89, 1202]"
5946,"[789, 672, 851, 1193, 292]"
5947,"[1317, 866, 345, 365, 98]"
5948,"[862, 403, 480, 996, 734]"
5949,"[808, 1202, 1028, 167, 928]"
5950,"[403, 1676, 1675, 423, 1244]"
5951,"[403, 1809, 72, 66, 918]"
5952,"[403, 113, 97, 96, 116]"
5953,"[1676, 403, 405, 603, 612]"
5954,"[1902, 1552, 890, 344, 1197]"
5955,"[1592, 165, 1202, 1677, 410]"
5956,"[125, 484, 1552, 1902, 660]"
5957,"[1827, 1704, 1705, 925, 167]"
5958,"[1118, 1034, 866, 1073, 1916]"
5959,"[890, 1902, 1885, 1552, 1249]"
5960,"[406, 407, 1924, 166, 167]"
5961,"[1885, 1073, 333, 1603, 1202]"
5962,"[1063, 665, 175, 872, 165]"
5963,"[1885, 405, 1061, 164, 1591]"
5964,"[1061, 209, 1258, 738, 72]"
5965,"[1885, 1073, 1128, 1163, 1674]"
5966,"[1592, 672, 872, 1249, 1202]"
5967,"[405, 410, 1202, 1902, 1676]"
5968,"[1607, 480, 1659, 432, 1270]"
5969,"[1061, 1885, 66, 164, 990]"
5970,"[1202, 410, 1677, 165, 1666]"
5971,"[721, 213, 1249, 1591, 1911]"
5972,"[789, 79, 672, 1009, 266]"
5973,"[1723, 480, 1428, 111, 90]"
5974,"[480, 403, 72, 66, 1723]"
5975,"[480, 72, 1723, 903, 511]"
5976,"[1277, 1659, 1607, 1608, 672]"
5977,"[1695, 1270, 1889, 1904, 926]"
5978,"[66, 1723, 480, 747, 754]"
5979,"[1666, 1592, 213, 1640, 1043]"
5980,"[692, 808, 1659, 1202, 672]"
5981,"[1723, 480, 639, 72, 1789]"
5982,"[1666, 672, 444, 1607, 164]"
5983,"[480, 1723, 403, 866, 72]"
5984,"[1249, 432, 823, 848, 824]"
5985,"[480, 1723, 403, 1428, 72]"
5986,"[403, 66, 282, 1723, 1670]"
5987,"[218, 255, 1011, 1014, 265]"
5988,"[1567, 480, 660, 1270, 1542]"
5989,"[1608, 1666, 504, 1659, 725]"
5990,"[1565, 789, 1659, 595, 1687]"
5991,"[98, 695, 167, 928, 169]"
5992,"[1666, 1607, 672, 1277, 444]"
5993,"[922, 165, 164, 1607, 1640]"
5994,"[1320, 657, 695, 663, 664]"
5995,"[1666, 823, 1721, 824, 1592]"
5996,"[1723, 480, 1428, 1574, 248]"
5997,"[74, 789, 1723, 672, 851]"
5998,"[1723, 480, 1428, 111, 1574]"
5999,"[363, 648, 1929, 676, 1297]"
6000,"[403, 1659, 726, 727, 1650]"
6001,"[165, 922, 1915, 1592, 1677]"
6002,"[480, 1723, 403, 1428, 111]"
6003,"[413, 1742, 82, 662, 43]"
6004,"[480, 862, 1723, 1428, 365]"
6005,"[403, 672, 1639, 1885, 1659]"
6006,"[164, 223, 1270, 1637, 66]"
6007,"[783, 848, 432, 1916, 1884]"
6008,"[1607, 165, 164, 98, 922]"
6009,"[1666, 1607, 1659, 885, 1277]"
6010,"[1894, 1890, 78, 1909, 1613]"
6011,"[1723, 480, 688, 1898, 1735]"
6012,"[403, 1705, 1704, 72, 749]"
6013,"[1632, 261, 1013, 1009, 253]"
6014,"[862, 403, 111, 480, 1723]"
6015,"[423, 1244, 28, 408, 405]"
6016,"[1675, 1677, 1676, 405, 165]"
6017,"[403, 862, 480, 1428, 302]"
6018,"[403, 480, 862, 1428, 302]"
6019,"[1249, 823, 749, 757, 930]"
6020,"[403, 902, 1675, 1676, 213]"
6021,"[1704, 1705, 403, 444, 165]"
6022,"[1249, 925, 167, 928, 931]"
6023,"[403, 1704, 1705, 74, 1632]"
6024,"[1705, 1704, 1809, 403, 1788]"
6025,"[273, 137, 274, 272, 136]"
6026,"[403, 1632, 1428, 1013, 253]"
6027,"[1911, 213, 979, 980, 981]"
6028,"[282, 66, 1428, 747, 754]"
6029,"[165, 1193, 444, 672, 164]"
6030,"[991, 1682, 228, 1683, 734]"
6031,"[1666, 902, 213, 1911, 1043]"
6032,"[1705, 1704, 1809, 403, 1789]"
6033,"[720, 145, 1632, 1153, 1682]"
6034,"[403, 444, 749, 66, 74]"
6035,"[403, 282, 122, 222, 1428]"
6036,"[403, 1428, 1789, 1788, 1787]"
6037,"[78, 1890, 1909, 1666, 1193]"
6038,"[403, 261, 1013, 1006, 1009]"
6039,"[403, 165, 444, 926, 405]"
6040,"[74, 51, 950, 66, 1009]"
6041,"[1666, 672, 432, 1249, 165]"
6042,"[403, 749, 444, 165, 1885]"
6043,"[66, 749, 403, 738, 147]"
6044,"[1750, 612, 613, 26, 417]"
6045,"[403, 1118, 1620, 287, 1746]"
6046,"[261, 1009, 1013, 253, 1632]"
6047,"[403, 1705, 1704, 444, 1632]"
6048,"[1704, 1705, 403, 444, 165]"
6049,"[991, 1682, 734, 1043, 164]"
6050,"[1666, 446, 213, 1640, 410]"
6051,"[408, 259, 265, 224, 217]"
6052,"[408, 66, 1632, 1853, 1855]"
6053,"[403, 1666, 823, 66, 1632]"
6054,"[287, 165, 432, 772, 1]"
6055,"[403, 431, 433, 1636, 902]"
6056,"[902, 1041, 408, 1620, 1250]"
6057,"[1666, 916, 148, 1592, 66]"
6058,"[1269, 902, 433, 1077, 1659]"
6059,"[1320, 403, 749, 1495, 892]"
6060,"[1619, 1344, 1677, 1536, 920]"
6061,"[403, 73, 1317, 738, 1428]"
6062,"[403, 72, 409, 1320, 1667]"
6063,"[1086, 731, 1269, 728, 730]"
6064,"[1560, 1915, 1561, 1906, 1552]"
6065,"[405, 670, 1885, 1202, 410]"
6066,"[403, 1705, 1704, 885, 738]"
6067,"[1885, 405, 1118, 1303, 1202]"
6068,"[1915, 408, 165, 1202, 410]"
6069,"[1915, 165, 1677, 171, 408]"
6070,"[1193, 403, 1612, 1909, 74]"
6071,"[410, 1054, 1202, 405, 1344]"
6072,"[1053, 1637, 1077, 1250, 403]"
6073,"[403, 405, 409, 167, 928]"
6074,"[403, 672, 410, 1666, 1202]"
6075,"[1648, 437, 1077, 1809, 758]"
6076,"[405, 444, 1795, 1118, 1745]"
6077,"[1202, 410, 403, 165, 1249]"
6078,"[1043, 1592, 672, 1666, 165]"
6079,"[403, 73, 1317, 738, 1428]"
6080,"[1885, 405, 470, 620, 89]"
6081,"[1666, 409, 1029, 1885, 165]"
6082,"[1086, 1077, 265, 1749, 1257]"
6083,"[1640, 1516, 1543, 1914, 66]"
6084,"[672, 430, 786, 1249, 1232]"
6085,"[66, 749, 1670, 747, 754]"
6086,"[1906, 1202, 410, 1907, 165]"
6087,"[1666, 409, 1029, 1885, 165]"
6088,"[787, 688, 1646, 464, 1924]"
6089,"[749, 650, 1670, 808, 866]"
6090,"[1904, 1191, 692, 848, 1192]"
6091,"[1607, 688, 1695, 1549, 675]"
6092,"[1904, 692, 1640, 1926, 1906]"
6093,"[16, 1904, 111, 1705, 43]"
6094,"[1192, 444, 789, 124, 1904]"
6095,"[692, 1904, 114, 1926, 110]"
6096,"[1040, 1145, 714, 695, 650]"
6097,"[1904, 848, 102, 1746, 165]"
6098,"[1904, 1192, 1191, 1926, 1523]"
6099,"[1249, 480, 121, 403, 432]"
6100,"[1705, 1704, 862, 1249, 1760]"
6101,"[60, 890, 1249, 1344, 1885]"
6102,"[1192, 114, 1112, 1904, 1273]"
6103,"[1192, 110, 455, 1904, 1112]"
6104,"[1192, 890, 1604, 124, 692]"
6105,"[165, 1592, 672, 98, 1677]"
6106,"[1640, 1926, 1906, 1592, 1193]"
6107,"[890, 112, 878, 1902, 692]"
6108,"[1639, 432, 1607, 926, 848]"
6109,"[425, 410, 1202, 695, 409]"
6110,"[1521, 1904, 1192, 455, 1275]"
6111,"[808, 290, 442, 672, 1640]"
6112,"[652, 18, 443, 110, 19]"
6113,"[1904, 692, 1613, 1192, 926]"
6114,"[1249, 1611, 1192, 1904, 451]"
6115,"[687, 692, 1489, 1904, 1270]"
6116,"[1695, 110, 1698, 114, 1697]"
6117,"[1662, 884, 1887, 111, 1067]"
6118,"[1904, 432, 848, 1599, 1890]"
6119,"[110, 1270, 1273, 1275, 447]"
6120,"[1611, 1249, 1210, 681, 1772]"
6121,"[1277, 1659, 1138, 1291, 1608]"
6122,"[171, 124, 1825, 60, 1677]"
6123,"[846, 884, 1192, 888, 692]"
6124,"[1772, 1605, 379, 439, 447]"
6125,"[1904, 692, 1192, 1613, 1191]"
6126,"[1904, 110, 1192, 113, 116]"
6127,"[1904, 1611, 1192, 1639, 1924]"
6128,"[1615, 403, 1904, 164, 1297]"
6129,"[447, 1273, 1192, 717, 687]"
6130,"[1677, 1639, 165, 1676, 692]"
6131,"[922, 458, 786, 1063, 1924]"
6132,"[1904, 1532, 1554, 1489, 1312]"
6133,"[165, 164, 98, 672, 1901]"
6134,"[1696, 723, 1733, 1697, 1740]"
6135,"[650, 1560, 1795, 749, 1202]"
6136,"[281, 290, 276, 1795, 665]"
6137,"[1608, 903, 111, 1192, 665]"
6138,"[403, 749, 1320, 1670, 866]"
6139,"[1915, 442, 290, 1695, 97]"
6140,"[403, 1428, 340, 1723, 72]"
6141,"[1904, 159, 937, 1025, 410]"
6142,"[281, 665, 79, 1654, 1560]"
6143,"[18, 1246, 1192, 1708, 1772]"
6144,"[1904, 773, 1196, 165, 1275]"
6145,"[665, 1795, 290, 1122, 749]"
6146,"[1560, 922, 1552, 866, 1902]"
6147,"[1904, 665, 1885, 1073, 848]"
6148,"[1320, 66, 281, 749, 650]"
6149,"[111, 1717, 1574, 687, 646]"
6150,"[281, 290, 276, 274, 275]"
6151,"[1737, 688, 749, 1735, 290]"
6152,"[828, 903, 1758, 441, 1895]"
6153,"[403, 73, 1320, 749, 1670]"
6154,"[165, 1639, 449, 1560, 1902]"
6155,"[1610, 1521, 1582, 1380, 426]"
6156,"[102, 165, 1915, 1901, 1677]"
6157,"[403, 749, 665, 1901, 1670]"
6158,"[1288, 276, 650, 274, 275]"
6159,"[1915, 878, 165, 1902, 1552]"
6160,"[1904, 1885, 1610, 97, 96]"
6161,"[665, 749, 403, 1320, 1670]"
6162,"[1249, 866, 808, 1604, 1192]"
6163,"[1663, 688, 1654, 79, 765]"
6164,"[93, 1750, 420, 1277, 1746]"
6165,"[1904, 1297, 1202, 410, 1640]"
6166,"[1904, 681, 111, 281, 1795]"
6167,"[1904, 848, 692, 1608, 272]"
6168,"[1192, 1696, 276, 111, 1904]"
6169,"[161, 1670, 170, 1810, 925]"
6170,"[665, 97, 96, 98, 1901]"
6171,"[511, 1827, 1855, 1363, 1334]"
6172,"[102, 449, 451, 692, 1677]"
6173,"[159, 629, 1202, 410, 1901]"
6174,"[97, 96, 102, 98, 171]"
6175,"[1611, 1701, 1604, 451, 1746]"
6176,"[73, 111, 468, 313, 314]"
6177,"[688, 863, 1747, 1611, 672]"
6178,"[314, 313, 1923, 863, 865]"
6179,"[1192, 1904, 313, 314, 1613]"
6180,"[863, 1204, 865, 1747, 605]"
6181,"[1566, 111, 672, 1249, 1196]"
6182,"[1923, 314, 1073, 619, 1546]"
6183,"[1606, 216, 116, 458, 1611]"
6184,"[313, 314, 89, 1696, 1923]"
6185,"[863, 865, 1747, 1604, 102]"
6186,"[73, 1772, 468, 1246, 383]"
6187,"[1818, 1819, 1820, 60, 903]"
6188,"[111, 468, 73, 480, 660]"
6189,"[73, 111, 1717, 468, 1428]"
6190,"[118, 863, 1747, 865, 638]"
6191,"[1639, 688, 865, 1735, 1901]"
6192,"[1147, 388, 405, 720, 1048]"
6193,"[1915, 1197, 1929, 1552, 1648]"
6194,"[102, 672, 1599, 1611, 710]"
6195,"[480, 1723, 1574, 1317, 1717]"
6196,"[1696, 1248, 878, 1750, 455]"
6197,"[73, 111, 468, 1717, 480]"
6198,"[1923, 1543, 666, 314, 1516]"
6199,"[1904, 1192, 1696, 1750, 808]"
6200,"[1611, 1582, 1380, 426, 1718]"
6201,"[1696, 863, 865, 1747, 1675]"
6202,"[1677, 165, 789, 1196, 102]"
6203,"[313, 1923, 1696, 1028, 314]"
6204,"[72, 1739, 1705, 1704, 1829]"
6205,"[1887, 1885, 749, 121, 458]"
6206,"[1696, 313, 1697, 863, 865]"
6207,"[102, 878, 165, 171, 113]"
6208,"[1696, 441, 863, 865, 1747]"
6209,"[808, 650, 655, 403, 98]"
6210,"[1147, 388, 720, 722, 1907]"
6211,"[1904, 1192, 113, 455, 89]"
6212,"[403, 1705, 111, 1926, 749]"
6213,"[1904, 863, 865, 1747, 1192]"
6214,"[111, 1717, 1317, 1428, 73]"
6215,"[1401, 501, 1403, 660, 650]"
6216,"[165, 171, 314, 98, 1202]"
6217,"[73, 282, 1717, 468, 111]"
6218,"[102, 1904, 409, 863, 865]"
6219,"[1611, 102, 1639, 1604, 1746]"
6220,"[1611, 102, 1746, 1249, 16]"
6221,"[16, 114, 1192, 1567, 116]"
6222,"[1567, 16, 114, 808, 1192]"
6223,"[16, 1192, 454, 808, 1249]"
6224,"[114, 16, 455, 1192, 465]"
6225,"[1611, 16, 1249, 432, 458]"
6226,"[1567, 16, 43, 114, 808]"
6227,"[16, 114, 1567, 1312, 1192]"
6228,"[1288, 650, 1929, 639, 1640]"
6229,"[1567, 1887, 687, 884, 1588]"
6230,"[16, 1192, 114, 1567, 1904]"
6231,"[114, 1192, 16, 1904, 1567]"
6232,"[884, 1611, 1604, 1521, 888]"
6233,"[1192, 692, 16, 114, 1604]"
6234,"[1904, 1192, 114, 1070, 1910]"
6235,"[1192, 1567, 1312, 1884, 454]"
6236,"[16, 1567, 114, 808, 1192]"
6237,"[455, 1192, 926, 1604, 124]"
6238,"[114, 890, 1192, 888, 1604]"
6239,"[1904, 1899, 43, 1192, 1567]"
6240,"[16, 1192, 1567, 455, 114]"
6241,"[1192, 114, 1312, 1904, 455]"
6242,"[16, 114, 1192, 1896, 455]"
6243,"[16, 1567, 114, 1192, 454]"
6244,"[926, 60, 165, 1536, 121]"
6245,"[1192, 114, 687, 1662, 454]"
6246,"[1192, 114, 1567, 16, 1904]"
6247,"[903, 16, 1192, 1249, 111]"
6248,"[114, 16, 1192, 1567, 455]"
6249,"[890, 116, 114, 112, 89]"
6250,"[114, 16, 1192, 1567, 1904]"
6251,"[114, 454, 1192, 455, 692]"
6252,"[16, 1192, 114, 828, 1773]"
6253,"[16, 1611, 114, 1896, 455]"
6254,"[16, 114, 860, 1910, 1112]"
6255,"[16, 1567, 1040, 1884, 1192]"
6256,"[1904, 1884, 102, 1746, 1192]"
6257,"[16, 114, 1192, 1567, 890]"
6258,"[16, 1567, 114, 1772, 1192]"
6259,"[16, 1567, 1758, 1884, 1896]"
6260,"[114, 1192, 16, 1904, 455]"
6261,"[1192, 114, 455, 116, 1610]"
6262,"[114, 1192, 116, 16, 890]"
6263,"[1926, 888, 819, 1662, 1040]"
6264,"[110, 1904, 114, 1695, 1613]"
6265,"[1567, 1896, 1608, 1613, 1904]"
6266,"[403, 432, 862, 901, 480]"
6267,"[480, 111, 435, 2, 687]"
6268,"[919, 688, 1202, 410, 772]"
6269,"[1904, 1899, 1192, 1613, 110]"
6270,"[1567, 16, 37, 866, 403]"
6271,"[1695, 1637, 1620, 1091, 928]"
6272,"[1567, 480, 1704, 1705, 135]"
6273,"[480, 857, 1249, 1705, 1704]"
6274,"[1191, 1904, 1567, 1613, 1899]"
6275,"[1567, 1249, 1904, 1604, 901]"
6276,"[1567, 121, 866, 901, 480]"
6277,"[165, 1249, 1202, 1604, 410]"
6278,"[480, 1823, 1604, 890, 1270]"
6279,"[1570, 1705, 1704, 135, 1776]"
6280,"[1607, 1608, 1191, 1277, 1192]"
6281,"[1613, 1904, 1567, 1906, 1192]"
6282,"[1567, 1896, 1620, 165, 102]"
6283,"[1527, 922, 1604, 1907, 926]"
6284,"[1896, 901, 1249, 1907, 165]"
6285,"[73, 468, 282, 403, 111]"
6286,"[316, 1696, 480, 1639, 1582]"
6287,"[1705, 1704, 1775, 1796, 1048]"
6288,"[480, 111, 1723, 403, 468]"
6289,"[1249, 200, 199, 1666, 165]"
6290,"[1904, 102, 1746, 890, 922]"
6291,"[1249, 1567, 403, 480, 16]"
6292,"[1704, 1809, 511, 1832, 1705]"
6293,"[1567, 403, 808, 16, 1249]"
6294,"[1056, 1145, 688, 1163, 458]"
6295,"[1567, 16, 1192, 1249, 1904]"
6296,"[444, 1567, 1904, 113, 1903]"
6297,"[1249, 1063, 16, 901, 1604]"
6298,"[1567, 901, 1896, 1249, 1063]"
6299,"[1249, 444, 165, 403, 1666]"
6300,"[1567, 53, 726, 727, 1650]"
6301,"[1613, 1567, 1904, 432, 672]"
6302,"[1666, 444, 1885, 1291, 672]"
6303,"[403, 511, 1723, 480, 1705]"
6304,"[1567, 1896, 1887, 1904, 1894]"
6305,"[102, 1534, 922, 878, 165]"
6306,"[1567, 1896, 1191, 1887, 1192]"
6307,"[1249, 901, 1607, 480, 1704]"
6308,"[16, 1904, 1192, 114, 455]"
6309,"[1022, 1699, 1138, 1156, 110]"
6310,"[82, 1903, 73, 413, 1615]"
6311,"[405, 1249, 605, 1639, 1695]"
6312,"[1204, 614, 29, 1573, 1138]"
6313,"[652, 614, 1568, 1575, 26]"
6314,"[480, 1696, 1204, 1697, 110]"
6315,"[480, 1723, 72, 403, 479]"
6316,"[577, 1709, 592, 1703, 1793]"
6317,"[110, 1904, 723, 114, 1885]"
6318,"[1904, 1192, 113, 1640, 818]"
6319,"[652, 443, 1568, 650, 1788]"
6320,"[1717, 480, 661, 862, 111]"
6321,"[1270, 778, 1582, 1380, 426]"
6322,"[40, 806, 1709, 21, 804]"
6323,"[1904, 1613, 78, 1070, 692]"
6324,"[1204, 28, 29, 1315, 27]"
6325,"[862, 16, 1705, 1704, 1760]"
6326,"[862, 1717, 639, 1023, 1691]"
6327,"[1708, 1006, 1772, 73, 413]"
6328,"[1697, 605, 110, 78, 32]"
6329,"[403, 1789, 1788, 1787, 1723]"
6330,"[403, 1723, 480, 1709, 1063]"
6331,"[1904, 110, 1248, 1138, 444]"
6332,"[1249, 925, 167, 928, 931]"
6333,"[862, 1717, 639, 1023, 480]"
6334,"[403, 1723, 480, 1709, 1063]"
6335,"[577, 1709, 592, 1786, 1703]"
6336,"[1750, 613, 28, 1247, 24]"
6337,"[1204, 19, 39, 21, 28]"
6338,"[1717, 668, 661, 630, 480]"
6339,"[443, 639, 650, 606, 636]"
6340,"[577, 1793, 1786, 1709, 1789]"
6341,"[408, 1196, 1750, 1695, 1902]"
6342,"[652, 443, 1568, 650, 1281]"
6343,"[16, 641, 809, 455, 688]"
6344,"[1271, 78, 1739, 1659, 164]"
6345,"[577, 592, 1818, 1819, 1820]"
6346,"[1022, 723, 1138, 605, 778]"
6347,"[1249, 1204, 809, 16, 18]"
6348,"[1789, 1791, 1790, 1792, 367]"
6349,"[1904, 110, 1291, 1248, 40]"
6350,"[1699, 1291, 652, 1697, 1696]"
6351,"[618, 7, 614, 26, 25]"
6352,"[111, 1723, 1717, 1428, 480]"
6353,"[890, 1599, 1249, 1191, 121]"
6354,"[1904, 1192, 890, 112, 860]"
6355,"[1534, 1825, 1908, 1543, 890]"
6356,"[1772, 1067, 1723, 335, 866]"
6357,"[1880, 438, 110, 1875, 890]"
6358,"[860, 1904, 808, 1896, 1924]"
6359,"[866, 890, 121, 1830, 1871]"
6360,"[1723, 480, 111, 1788, 1787]"
6361,"[1904, 1906, 1613, 1192, 1926]"
6362,"[438, 1160, 1255, 410, 1202]"
6363,"[1192, 1746, 1896, 102, 1904]"
6364,"[403, 925, 167, 928, 931]"
6365,"[1922, 1897, 1526, 1899, 1924]"
6366,"[1249, 93, 1746, 121, 890]"
6367,"[1891, 1191, 890, 1704, 1705]"
6368,"[1249, 901, 1607, 121, 1562]"
6369,"[1249, 121, 1604, 890, 866]"
6370,"[1675, 440, 1639, 1902, 1750]"
6371,"[890, 1536, 112, 1191, 113]"
6372,"[890, 1192, 1639, 1599, 818]"
6373,"[922, 878, 165, 112, 164]"
6374,"[1904, 1192, 1613, 1599, 1607]"
6375,"[1566, 1249, 1830, 1834, 1871]"
6376,"[1620, 1902, 672, 890, 866]"
6377,"[1904, 112, 890, 1192, 113]"
6378,"[866, 1887, 121, 93, 1871]"
6379,"[1887, 1249, 501, 111, 866]"
6380,"[1677, 1607, 1536, 926, 116]"
6381,"[1793, 444, 1575, 1735, 1733]"
6382,"[1676, 1675, 1750, 405, 1639]"
6383,"[95, 101, 1904, 890, 1750]"
6384,"[1896, 1192, 43, 16, 1611]"
6385,"[1723, 403, 511, 1832, 1834]"
6386,"[403, 1723, 480, 111, 1317]"
6387,"[1249, 1788, 1787, 1723, 1789]"
6388,"[43, 1896, 1904, 1567, 95]"
6389,"[890, 1192, 1904, 116, 112]"
6390,"[1249, 432, 823, 901, 1666]"
6391,"[1871, 1834, 1830, 1823, 866]"
6392,"[866, 890, 121, 1830, 1871]"
6393,"[866, 410, 1202, 161, 1887]"
6394,"[890, 1192, 112, 1904, 1907]"
6395,"[890, 1202, 410, 113, 112]"
6396,"[652, 403, 903, 749, 925]"
6397,"[1689, 282, 1107, 725, 1637]"
6398,"[73, 1317, 403, 1717, 1320]"
6399,"[73, 1317, 1717, 480, 282]"
6400,"[403, 405, 1904, 1196, 1676]"
6401,"[1637, 1885, 1723, 1536, 444]"
6402,"[403, 749, 1320, 1118, 1257]"
6403,"[1695, 808, 1133, 1128, 1924]"
6404,"[672, 1705, 1704, 1885, 405]"
6405,"[823, 316, 1690, 1006, 1871]"
6406,"[1006, 861, 432, 316, 403]"
6407,"[1904, 866, 89, 1249, 1887]"
6408,"[688, 789, 672, 1295, 444]"
6409,"[1279, 403, 122, 1106, 1196]"
6410,"[1904, 1270, 1275, 1600, 1906]"
6411,"[78, 1087, 1081, 293, 431]"
6412,"[1279, 1636, 431, 1080, 1272]"
6413,"[1640, 1904, 1270, 848, 1192]"
6414,"[1659, 1735, 308, 403, 1095]"
6415,"[1887, 672, 783, 1277, 688]"
6416,"[1690, 501, 429, 1363, 586]"
6417,"[1904, 926, 1196, 1906, 1750]"
6418,"[687, 1581, 1887, 1067, 1316]"
6419,"[296, 1138, 1428, 1088, 1104]"
6420,"[1904, 1192, 1640, 1906, 1523]"
6421,"[1639, 1133, 938, 1270, 164]"
6422,"[1612, 1160, 37, 1889, 1914]"
6423,"[165, 1677, 1695, 1202, 410]"
6424,"[1536, 1662, 866, 890, 1192]"
6425,"[853, 70, 1403, 72, 729]"
6426,"[1705, 111, 1317, 403, 1704]"
6427,"[1607, 1196, 614, 1138, 1750]"
6428,"[432, 1006, 861, 860, 1063]"
6429,"[1249, 1604, 432, 468, 480]"
6430,"[24, 27, 9, 36, 31]"
6431,"[403, 66, 282, 755, 756]"
6432,"[73, 1317, 468, 1717, 403]"
6433,"[73, 1717, 1317, 468, 1703]"
6434,"[73, 403, 1006, 1320, 1317]"
6435,"[403, 1637, 282, 1536, 926]"
6436,"[672, 1704, 1705, 405, 1659]"
6437,"[403, 1637, 282, 1279, 738]"
6438,"[1696, 1903, 614, 125, 164]"
6439,"[1138, 432, 316, 1196, 1637]"
6440,"[1192, 1204, 110, 614, 29]"
6441,"[292, 372, 1889, 1271, 1758]"
6442,"[405, 444, 1676, 902, 926]"
6443,"[1320, 1742, 650, 749, 66]"
6444,"[291, 639, 427, 681, 652]"
6445,"[37, 890, 480, 648, 1904]"
6446,"[1904, 1192, 110, 1599, 1112]"
6447,"[18, 1709, 800, 19, 39]"
6448,"[403, 1742, 1320, 73, 1006]"
6449,"[1735, 749, 738, 1889, 444]"
6450,"[409, 89, 165, 113, 112]"
6451,"[37, 480, 1599, 1277, 1274]"
6452,"[413, 111, 681, 1904, 860]"
6453,"[412, 113, 402, 614, 612]"
6454,"[1904, 692, 1615, 289, 113]"
6455,"[1274, 1277, 1659, 1599, 1904]"
6456,"[478, 165, 1924, 93, 866]"
6457,"[1904, 860, 1246, 113, 890]"
6458,"[660, 1861, 1739, 1543, 770]"
6459,"[1904, 860, 808, 111, 289]"
6460,"[1640, 1073, 403, 405, 159]"
6461,"[1742, 648, 1582, 1380, 426]"
6462,"[1599, 1277, 1274, 440, 689]"
6463,"[111, 403, 1717, 78, 1428]"
6464,"[403, 309, 1076, 1075, 738]"
6465,"[392, 53, 223, 1007, 784]"
6466,"[1904, 1274, 37, 692, 1659]"
6467,"[652, 648, 650, 43, 121]"
6468,"[165, 97, 96, 926, 124]"
6469,"[1317, 111, 29, 403, 413]"
6470,"[1249, 102, 60, 1536, 408]"
6471,"[1904, 860, 1246, 113, 890]"
6472,"[1270, 1608, 1544, 1607, 692]"
6473,"[73, 468, 111, 413, 1317]"
6474,"[480, 37, 468, 1599, 1904]"
6475,"[111, 480, 1277, 1659, 78]"
6476,"[1834, 1871, 866, 1830, 480]"
6477,"[1320, 403, 1834, 1871, 429]"
6478,"[890, 289, 112, 1176, 1904]"
6479,"[1750, 654, 96, 97, 102]"
6480,"[126, 1204, 98, 687, 692]"
6481,"[443, 650, 647, 1651, 1823]"
6482,"[1277, 1904, 1599, 111, 1274]"
6483,"[403, 1320, 866, 749, 66]"
6484,"[165, 739, 1592, 125, 164]"
6485,"[527, 660, 468, 547, 501]"
6486,"[82, 1895, 1877, 1570, 1287]"
6487,"[862, 111, 432, 403, 78]"
6488,"[73, 468, 884, 111, 1772]"
6489,"[73, 468, 111, 282, 1711]"
6490,"[1287, 1570, 82, 828, 1877]"
6491,"[862, 1570, 828, 903, 135]"
6492,"[16, 1639, 672, 692, 1270]"
6493,"[114, 1192, 1904, 455, 1696]"
6494,"[1192, 1613, 1904, 856, 102]"
6495,"[1877, 1570, 135, 828, 132]"
6496,"[1338, 1363, 501, 749, 1670]"
6497,"[165, 1903, 102, 1746, 1901]"
6498,"[1915, 1488, 1774, 962, 1528]"
6499,"[1570, 1785, 828, 1287, 1877]"
6500,"[73, 1903, 135, 808, 432]"
6501,"[73, 403, 282, 432, 111]"
6502,"[73, 111, 468, 282, 1428]"
6503,"[73, 1903, 468, 135, 1192]"
6504,"[165, 1677, 1592, 484, 901]"
6505,"[468, 890, 660, 1696, 752]"
6506,"[660, 1772, 1895, 650, 82]"
6507,"[1696, 165, 89, 125, 1695]"
6508,"[82, 1895, 1287, 828, 1877]"
6509,"[672, 444, 480, 851, 1249]"
6510,"[692, 1907, 1566, 442, 441]"
6511,"[441, 455, 849, 102, 1746]"
6512,"[828, 1015, 1877, 1895, 1570]"
6513,"[432, 1604, 1911, 672, 1675]"
6514,"[116, 1907, 110, 692, 1567]"
6515,"[82, 1895, 1287, 1877, 1570]"
6516,"[1721, 672, 1617, 98, 1613]"
6517,"[111, 468, 73, 82, 480]"
6518,"[1290, 1570, 1785, 1877, 828]"
6519,"[16, 383, 480, 808, 111]"
6520,"[73, 403, 111, 1320, 37]"
6521,"[687, 447, 1210, 1273, 1249]"
6522,"[1567, 82, 1898, 1582, 1380]"
6523,"[16, 480, 1190, 73, 135]"
6524,"[1877, 1287, 1570, 828, 1015]"
6525,"[1772, 44, 1741, 338, 43]"
6526,"[1895, 441, 1320, 1772, 749]"
6527,"[672, 441, 692, 1696, 442]"
6528,"[291, 1581, 650, 687, 892]"
6529,"[1192, 1772, 114, 1705, 1704]"
6530,"[1760, 1761, 1705, 641, 1758]"
6531,"[114, 455, 116, 1246, 16]"
6532,"[1772, 1192, 16, 1705, 1704]"
6533,"[1197, 1825, 1302, 501, 1830]"
6534,"[114, 1192, 455, 116, 16]"
6535,"[1924, 1249, 1592, 1604, 60]"
6536,"[114, 1705, 1704, 468, 1314]"
6537,"[455, 1192, 1772, 114, 1705]"
6538,"[16, 114, 1307, 1246, 1567]"
6539,"[878, 892, 403, 866, 1830]"
6540,"[16, 114, 455, 1192, 116]"
6541,"[1192, 16, 114, 1910, 454]"
6542,"[16, 687, 111, 1913, 1605]"
6543,"[1708, 216, 1246, 621, 667]"
6544,"[156, 337, 1709, 688, 14]"
6545,"[468, 1929, 807, 1063, 455]"
6546,"[16, 455, 114, 1192, 116]"
6547,"[1249, 1604, 890, 102, 1902]"
6548,"[1307, 1197, 1317, 403, 1246]"
6549,"[1924, 455, 1592, 114, 1604]"
6550,"[1204, 114, 455, 116, 16]"
6551,"[890, 1552, 1887, 497, 464]"
6552,"[1705, 1704, 1772, 660, 1197]"
6553,"[1924, 1314, 165, 888, 466]"
6554,"[16, 808, 1705, 1704, 860]"
6555,"[1705, 1704, 1192, 291, 455]"
6556,"[1192, 1112, 116, 1273, 114]"
6557,"[1112, 860, 291, 1760, 1758]"
6558,"[1192, 114, 455, 890, 1705]"
6559,"[1246, 1708, 892, 1772, 468]"
6560,"[16, 455, 1192, 1249, 860]"
6561,"[16, 1192, 455, 462, 454]"
6562,"[114, 116, 455, 1192, 1705]"
6563,"[660, 1705, 1704, 789, 1314]"
6564,"[1599, 860, 439, 1147, 1275]"
6565,"[1705, 1704, 687, 1192, 1772]"
6566,"[1192, 16, 114, 1112, 455]"
6567,"[1884, 455, 641, 1521, 1112]"
6568,"[16, 1611, 1249, 1192, 1772]"
6569,"[1705, 1704, 687, 16, 1192]"
6570,"[114, 1192, 116, 455, 16]"
6571,"[16, 1192, 1112, 44, 692]"
6572,"[16, 808, 1246, 114, 1192]"
6573,"[114, 1760, 1705, 862, 1761]"
6574,"[687, 1705, 1704, 1521, 1605]"
6575,"[468, 16, 1772, 1307, 808]"
6576,"[1288, 1163, 1705, 1704, 1929]"
6577,"[16, 1192, 455, 114, 1204]"
6578,"[480, 111, 16, 860, 687]"
6579,"[468, 480, 111, 1317, 1723]"
6580,"[1277, 1607, 1608, 296, 1249]"
6581,"[16, 114, 1314, 2, 1249]"
6582,"[1192, 114, 1610, 440, 455]"
6583,"[114, 1113, 1760, 1761, 862]"
6584,"[16, 1611, 1307, 1249, 1314]"
6585,"[114, 1761, 1113, 1760, 16]"
6586,"[687, 18, 480, 1412, 1581]"
6587,"[291, 687, 1192, 1112, 1581]"
6588,"[1204, 16, 1249, 439, 1314]"
6589,"[1679, 413, 111, 1204, 114]"
6590,"[468, 111, 660, 82, 1307]"
6591,"[1204, 1249, 16, 3, 1573]"
6592,"[1204, 16, 1163, 1249, 1063]"
6593,"[652, 18, 866, 639, 1555]"
6594,"[1904, 102, 1746, 409, 1192]"
6595,"[866, 511, 1825, 1830, 1670]"
6596,"[1915, 403, 1607, 1903, 1825]"
6597,"[1825, 1249, 890, 1363, 749]"
6598,"[1911, 902, 213, 409, 403]"
6599,"[403, 1676, 902, 672, 1249]"
6600,"[890, 1885, 114, 1536, 1555]"
6601,"[1892, 1890, 1885, 1887, 1662]"
6602,"[1676, 1249, 902, 890, 1344]"
6603,"[1202, 410, 866, 1885, 1887]"
6604,"[1928, 433, 1637, 1076, 1636]"
6605,"[866, 121, 892, 1871, 1834]"
6606,"[405, 409, 1607, 165, 926]"
6607,"[866, 926, 121, 1249, 1885]"
6608,"[1249, 1704, 1705, 1885, 1766]"
6609,"[926, 102, 1746, 1536, 1604]"
6610,"[926, 1202, 410, 1906, 409]"
6611,"[1885, 1666, 1906, 1344, 438]"
6612,"[1834, 1871, 1832, 1825, 1830]"
6613,"[892, 282, 1077, 1723, 853]"
6614,"[1825, 1830, 1871, 1834, 1249]"
6615,"[862, 1723, 1704, 1705, 903]"
6616,"[926, 1676, 1536, 1555, 1202]"
6617,"[433, 1076, 1928, 1602, 1279]"
6618,"[1344, 1249, 1675, 1676, 1677]"
6619,"[1915, 89, 890, 124, 1344]"
6620,"[1249, 1906, 403, 1676, 408]"
6621,"[868, 1748, 1071, 1263, 1676]"
6622,"[1160, 438, 433, 1602, 1885]"
6623,"[926, 672, 866, 1891, 121]"
6624,"[926, 890, 1069, 1676, 1907]"
6625,"[1249, 1906, 403, 1676, 408]"
6626,"[1887, 890, 1160, 1885, 866]"
6627,"[1202, 410, 902, 672, 1666]"
6628,"[121, 1249, 405, 1885, 1906]"
6629,"[1202, 410, 1676, 890, 1915]"
6630,"[1677, 1885, 926, 772, 165]"
6631,"[1249, 1676, 1295, 926, 432]"
6632,"[926, 102, 1746, 1607, 409]"
6633,"[1885, 762, 926, 1674, 749]"
6634,"[405, 403, 1249, 926, 1676]"
6635,"[672, 926, 403, 1676, 1885]"
6636,"[16, 480, 111, 468, 73]"
6637,"[862, 1604, 480, 1611, 1249]"
6638,"[1270, 1165, 1163, 1188, 565]"
6639,"[1677, 1611, 455, 1249, 1275]"
6640,"[73, 468, 1717, 892, 1022]"
6641,"[1162, 1168, 1183, 331, 1732]"
6642,"[16, 1192, 455, 1904, 692]"
6643,"[226, 244, 888, 756, 163]"
6644,"[1204, 16, 1604, 114, 1192]"
6645,"[1697, 1696, 1695, 1733, 1677]"
6646,"[1560, 925, 1133, 1017, 1202]"
6647,"[468, 444, 1639, 1582, 1380]"
6648,"[1885, 1495, 403, 1705, 1704]"
6649,"[922, 1904, 692, 124, 878]"
6650,"[1317, 111, 468, 1717, 1428]"
6651,"[890, 112, 1696, 1676, 124]"
6652,"[1549, 1915, 692, 125, 672]"
6653,"[749, 1902, 672, 866, 898]"
6654,"[1192, 454, 1904, 1611, 1884]"
6655,"[1904, 43, 111, 860, 1705]"
6656,"[1735, 749, 1902, 688, 1844]"
6657,"[1567, 37, 1904, 866, 1192]"
6658,"[480, 1574, 648, 111, 16]"
6659,"[403, 480, 1723, 1249, 111]"
6660,"[1929, 1592, 1270, 1073, 1904]"
6661,"[110, 1192, 1750, 1889, 102]"
6662,"[403, 1723, 73, 1705, 1704]"
6663,"[1904, 860, 866, 1567, 111]"
6664,"[1904, 1922, 1897, 878, 1192]"
6665,"[403, 1249, 432, 1590, 121]"
6666,"[1885, 1567, 403, 866, 1670]"
6667,"[1607, 102, 451, 1592, 408]"
6668,"[1054, 1404, 1648, 1197, 501]"
6669,"[121, 403, 1118, 749, 866]"
6670,"[1077, 1299, 303, 1280, 265]"
6671,"[1632, 853, 849, 1057, 1885]"
6672,"[866, 121, 95, 1567, 1160]"
6673,"[1723, 403, 511, 432, 79]"
6674,"[1904, 1192, 1604, 1275, 863]"
6675,"[1902, 688, 890, 922, 124]"
6676,"[1904, 1567, 1889, 866, 1191]"
6677,"[1192, 114, 1704, 1705, 860]"
6678,"[1192, 1904, 1937, 1489, 1523]"
6679,"[1192, 471, 1063, 890, 1203]"
6680,"[410, 1202, 707, 165, 1197]"
6681,"[113, 116, 1676, 1675, 890]"
6682,"[1639, 688, 865, 1735, 1901]"
6683,"[403, 282, 1299, 1363, 749]"
6684,"[749, 922, 501, 66, 1249]"
6685,"[125, 1073, 1929, 1592, 1739]"
6686,"[1246, 803, 802, 1708, 1317]"
6687,"[1275, 922, 878, 1924, 1070]"
6688,"[1887, 1588, 866, 1886, 121]"
6689,"[1533, 665, 1535, 1534, 102]"
6690,"[1637, 1885, 1723, 1536, 444]"
6691,"[16, 114, 1192, 1307, 1112]"
6692,"[1073, 1902, 1560, 890, 314]"
6693,"[403, 1723, 480, 282, 73]"
6694,"[687, 1904, 1112, 1662, 1191]"
6695,"[1709, 1703, 1742, 798, 336]"
6696,"[403, 1075, 738, 409, 1049]"
6697,"[808, 403, 1202, 410, 1929]"
6698,"[403, 749, 430, 1302, 1300]"
6699,"[1885, 470, 620, 165, 670]"
6700,"[890, 1904, 1192, 112, 1536]"
6701,"[1915, 125, 408, 165, 430]"
6702,"[478, 1924, 1526, 98, 922]"
6703,"[471, 111, 18, 1192, 1709]"
6704,"[1006, 125, 1690, 1126, 1676]"
6705,"[866, 1670, 410, 1202, 1830]"
6706,"[922, 165, 171, 1193, 1549]"
6707,"[444, 789, 851, 749, 165]"
6708,"[403, 1649, 1118, 1030, 282]"
6709,"[672, 789, 851, 1906, 1295]"
6710,"[1192, 1904, 114, 1937, 110]"
6711,"[114, 455, 116, 1192, 890]"
6712,"[1887, 1885, 789, 1249, 121]"
6713,"[1192, 1904, 455, 1523, 454]"
6714,"[1640, 228, 1297, 1613, 1639]"
6715,"[1192, 1273, 1704, 1705, 1758]"
6716,"[1317, 1717, 111, 468, 403]"
6717,"[1588, 1030, 698, 1907, 106]"
6718,"[1249, 458, 102, 1746, 1604]"
6719,"[114, 1192, 455, 116, 16]"
6720,"[1428, 403, 1723, 1704, 1705]"
6721,"[1717, 1428, 650, 474, 1582]"
6722,"[1192, 1904, 1523, 1589, 1610]"
6723,"[481, 1755, 1705, 1704, 1757]"
6724,"[1904, 1192, 1896, 95, 1613]"
6725,"[1915, 1771, 500, 102, 1364]"
6726,"[1915, 866, 102, 165, 878]"
6727,"[16, 1192, 1904, 1896, 114]"
6728,"[403, 672, 167, 928, 169]"
6729,"[747, 753, 754, 755, 756]"
6730,"[866, 1705, 1704, 1818, 1819]"
6731,"[44, 692, 116, 846, 43]"
6732,"[1924, 926, 60, 1202, 410]"
6733,"[1676, 1675, 125, 603, 1344]"
6734,"[1246, 413, 16, 1708, 1006]"
6735,"[405, 615, 470, 620, 408]"
6736,"[1915, 1830, 890, 1834, 1871]"
6737,"[403, 665, 925, 167, 928]"
6738,"[95, 1246, 677, 111, 1567]"
6739,"[16, 1772, 114, 464, 1307]"
6740,"[403, 405, 1750, 165, 1202]"
6741,"[687, 1192, 1772, 439, 1112]"
6742,"[16, 1246, 1708, 1192, 413]"
6743,"[480, 1317, 1696, 403, 1063]"
6744,"[707, 1705, 1704, 1759, 1818]"
6745,"[1317, 73, 1717, 403, 52]"
6746,"[1192, 1904, 1523, 1610, 114]"
6747,"[1750, 126, 1639, 444, 926]"
6748,"[124, 922, 1915, 787, 688]"
6749,"[16, 114, 1192, 890, 888]"
6750,"[16, 454, 43, 455, 1192]"
6751,"[1249, 165, 1915, 430, 922]"
6752,"[866, 1620, 1612, 1759, 1114]"
6753,"[1904, 1192, 1608, 1611, 102]"
6754,"[866, 749, 650, 458, 1320]"
6755,"[1705, 1704, 403, 1320, 851]"
6756,"[125, 1344, 423, 1244, 1690]"
6757,"[1922, 1897, 1907, 1904, 1526]"
6758,"[1246, 1904, 114, 1640, 1270]"
6759,"[1202, 410, 1640, 1073, 1885]"
6760,"[1073, 265, 1632, 1133, 98]"
6761,"[1696, 441, 863, 865, 1747]"
6762,"[1133, 276, 1929, 1128, 1040]"
6763,"[789, 1320, 232, 1003, 1002]"
6764,"[1204, 114, 723, 790, 60]"
6765,"[281, 290, 1560, 98, 276]"
6766,"[403, 1666, 749, 66, 444]"
6767,"[89, 112, 165, 890, 113]"
6768,"[121, 1695, 642, 624, 1737]"
6769,"[749, 98, 97, 96, 1885]"
6770,"[1611, 1904, 650, 662, 1610]"
6771,"[82, 1582, 1380, 426, 1718]"
6772,"[1904, 28, 1666, 1640, 432]"
6773,"[1696, 1069, 86, 396, 1534]"
6774,"[291, 866, 338, 636, 335]"
6775,"[1902, 1202, 410, 165, 926]"
6776,"[807, 102, 890, 579, 818]"
6777,"[164, 1904, 878, 102, 1534]"
6778,"[786, 1219, 1377, 1433, 672]"
6779,"[89, 1885, 1890, 1592, 1534]"
6780,"[165, 98, 1592, 408, 1202]"
6781,"[281, 275, 276, 280, 665]"
6782,"[290, 281, 1696, 1615, 1740]"
6783,"[692, 848, 1191, 1536, 1562]"
6784,"[784, 902, 1006, 175, 403]"
6785,"[1270, 688, 789, 692, 848]"
6786,"[37, 1317, 413, 81, 836]"
6787,"[1904, 1191, 1613, 1567, 1192]"
6788,"[1735, 818, 87, 1197, 1715]"
6789,"[890, 866, 1705, 1704, 1762]"
6790,"[800, 786, 1640, 1495, 337]"
6791,"[1028, 167, 1029, 928, 169]"
6792,"[165, 922, 1695, 672, 1197]"
6793,"[111, 403, 1192, 1904, 1701]"
6794,"[66, 1690, 749, 403, 1320]"
6795,"[409, 1204, 98, 165, 164]"
6796,"[1885, 1632, 749, 688, 672]"
6797,"[111, 78, 1150, 358, 1717]"
6798,"[1695, 688, 165, 1740, 1701]"
6799,"[1754, 1795, 72, 866, 1704]"
6800,"[116, 114, 16, 1902, 455]"
6801,"[114, 1192, 16, 1904, 455]"
6802,"[890, 1676, 1202, 60, 410]"
6803,"[1567, 480, 1249, 111, 1894]"
6804,"[313, 1904, 899, 1697, 863]"
6805,"[1754, 1776, 1757, 1833, 1837]"
6806,"[1567, 29, 1192, 621, 599]"
6807,"[1666, 1592, 672, 1249, 1043]"
6808,"[672, 1740, 1696, 922, 808]"
6809,"[1567, 1896, 16, 819, 1884]"
6810,"[44, 16, 43, 1249, 1063]"
6811,"[890, 112, 1677, 1695, 60]"
6812,"[1902, 672, 1640, 749, 688]"
6813,"[890, 857, 1555, 289, 410]"
6814,"[1695, 1696, 272, 1639, 1145]"
6815,"[1249, 1592, 1043, 432, 1907]"
6816,"[1567, 789, 688, 121, 1913]"
6817,"[501, 1249, 511, 1192, 1830]"
6818,"[82, 73, 1717, 52, 1428]"
6819,"[124, 922, 878, 165, 1611]"
6820,"[1708, 1246, 73, 1317, 1006]"
6821,"[1922, 1897, 1907, 1526, 409]"
6822,"[866, 1554, 1894, 1887, 1489]"
6823,"[44, 111, 18, 1192, 1605]"
6824,"[403, 1279, 1637, 282, 1723]"
6825,"[1567, 37, 480, 1904, 1192]"
6826,"[16, 1567, 1742, 1708, 1192]"
6827,"[1904, 1696, 1192, 124, 1885]"
6828,"[1904, 1192, 455, 114, 454]"
6829,"[78, 1904, 1666, 1894, 1885]"
6830,"[1904, 111, 1705, 16, 44]"
6831,"[1249, 890, 1604, 112, 1906]"
6832,"[1904, 281, 276, 290, 274]"
6833,"[922, 1915, 165, 97, 96]"
6834,"[1904, 878, 124, 102, 1613]"
6835,"[1192, 110, 1904, 1277, 1608]"
6836,"[1606, 216, 116, 102, 1750]"
6837,"[16, 1695, 165, 1896, 1746]"
6838,"[1885, 1128, 1603, 1705, 1704]"
6839,"[403, 409, 410, 1202, 1704]"
6840,"[1670, 688, 925, 167, 928]"
6841,"[853, 1057, 1138, 1898, 1582]"
6842,"[444, 165, 403, 672, 164]"
6843,"[165, 1202, 410, 97, 96]"
6844,"[789, 1753, 1561, 758, 89]"
6845,"[1670, 749, 511, 1648, 930]"
6846,"[1904, 1191, 1613, 1890, 1192]"
6847,"[1063, 1317, 16, 403, 808]"
6848,"[164, 165, 1607, 1202, 410]"
6849,"[1270, 1666, 78, 1592, 1659]"
6850,"[922, 1746, 1904, 409, 1639]"
6851,"[1896, 1567, 95, 1904, 1277]"
6852,"[860, 807, 449, 111, 1147]"
6853,"[403, 1320, 749, 1006, 925]"
6854,"[650, 281, 272, 793, 1009]"
6855,"[403, 1704, 1705, 405, 410]"
6856,"[862, 353, 1704, 403, 1705]"
6857,"[789, 672, 113, 403, 165]"
6858,"[1063, 468, 1772, 413, 480]"
6859,"[1904, 1192, 1613, 1270, 1607]"
6860,"[1750, 444, 1638, 1904, 1196]"
6861,"[403, 1317, 1006, 316, 1126]"
6862,"[1709, 1703, 18, 1742, 652]"
6863,"[1676, 1196, 405, 408, 1675]"
6864,"[403, 1620, 1612, 410, 1202]"
6865,"[165, 1249, 692, 1639, 1611]"
6866,"[125, 1640, 423, 1244, 408]"
6867,"[165, 672, 1202, 410, 259]"
6868,"[89, 1202, 410, 481, 1887]"
6869,"[1249, 1695, 926, 216, 1924]"
6870,"[866, 650, 1701, 1202, 410]"
6871,"[1723, 72, 1889, 474, 1428]"
6872,"[688, 1632, 672, 1640, 444]"
6873,"[1915, 922, 890, 1695, 124]"
6874,"[403, 1320, 853, 1632, 1723]"
6875,"[808, 290, 442, 672, 1640]"
6876,"[1202, 410, 405, 1196, 902]"
6877,"[903, 135, 132, 866, 1705]"
6878,"[480, 890, 1823, 1604, 1830]"
6879,"[16, 114, 1705, 1192, 1611]"
6880,"[1640, 672, 1193, 1639, 1320]"
6881,"[1639, 1640, 429, 1249, 1705]"
6882,"[403, 480, 1249, 121, 1607]"
6883,"[672, 665, 1696, 1740, 1887]"
6884,"[344, 1902, 1552, 1900, 1018]"
6885,"[1567, 1904, 44, 1070, 16]"
6886,"[413, 648, 37, 1317, 1320]"
6887,"[1904, 405, 624, 78, 1613]"
6888,"[1915, 497, 1364, 1704, 430]"
6889,"[1613, 1607, 926, 438, 89]"
6890,"[1567, 1904, 1063, 1896, 102]"
6891,"[890, 1899, 43, 1526, 1922]"
6892,"[786, 1611, 1249, 787, 108]"
6893,"[403, 672, 789, 851, 1612]"
6894,"[116, 890, 114, 125, 1924]"
6895,"[468, 1022, 1582, 1380, 426]"
6896,"[890, 1608, 1277, 1896, 98]"
6897,"[344, 1902, 1552, 1147, 692]"
6898,"[1246, 1192, 16, 1696, 1567]"
6899,"[444, 672, 1911, 979, 1666]"
6900,"[1567, 403, 862, 1704, 1705]"
6901,"[1567, 1896, 1922, 1897, 808]"
6902,"[1560, 1073, 866, 276, 922]"
6903,"[652, 1908, 1715, 1605, 681]"
6904,"[1864, 577, 1663, 1868, 869]"
6905,"[789, 672, 688, 851, 639]"
6906,"[1138, 1063, 1575, 1006, 632]"
6907,"[287, 165, 1608, 943, 142]"
6908,"[1249, 749, 1830, 1705, 687]"
6909,"[1073, 1904, 863, 865, 1747]"
6910,"[890, 1070, 113, 1907, 89]"
6911,"[665, 97, 96, 98, 1901]"
6912,"[111, 480, 903, 1723, 1428]"
6913,"[692, 808, 1659, 1202, 672]"
6914,"[605, 164, 403, 1202, 410]"
6915,"[1904, 1192, 16, 1567, 1899]"
6916,"[1567, 480, 1249, 432, 403]"
6917,"[403, 738, 1666, 1632, 282]"
6918,"[1904, 1192, 1489, 110, 1523]"
6919,"[1338, 1363, 786, 497, 1825]"
6920,"[408, 165, 171, 849, 726]"
6921,"[862, 302, 4, 111, 1575]"
6922,"[1317, 403, 111, 1428, 749]"
6923,"[1666, 102, 1746, 1249, 409]"
6924,"[1666, 722, 122, 824, 737]"
6925,"[124, 165, 1604, 922, 1906]"
6926,"[125, 1690, 872, 122, 1344]"
6927,"[1698, 403, 1676, 1696, 66]"
6928,"[1904, 1613, 1573, 1063, 1896]"
6929,"[110, 114, 1885, 1607, 851]"
6930,"[1063, 409, 1527, 1922, 1897]"
6931,"[78, 1666, 1640, 1202, 410]"
6932,"[1197, 124, 922, 925, 167]"
6933,"[1818, 1819, 1820, 749, 1902]"
6934,"[1317, 624, 111, 606, 1147]"
6935,"[405, 808, 403, 409, 672]"
6936,"[1192, 1904, 471, 1523, 1741]"
6937,"[726, 727, 1650, 734, 444]"
6938,"[1889, 403, 1735, 1193, 866]"
6939,"[121, 1695, 432, 1249, 1890]"
6940,"[890, 1604, 1249, 1611, 1924]"
6941,"[408, 171, 470, 620, 1915]"
6942,"[480, 111, 1317, 468, 16]"
6943,"[739, 165, 1677, 1696, 481]"
6944,"[480, 403, 111, 1704, 1705]"
6945,"[922, 672, 165, 1906, 125]"
6946,"[1772, 43, 44, 687, 1904]"
6947,"[1902, 1640, 124, 922, 1915]"
6948,"[73, 1317, 468, 1717, 111]"
6949,"[165, 444, 789, 672, 1675]"
6950,"[1666, 672, 1592, 1043, 1202]"
6951,"[1885, 749, 1677, 878, 60]"
6952,"[738, 437, 1083, 658, 1283]"
6953,"[860, 606, 1147, 16, 1600]"
6954,"[1666, 165, 410, 1792, 1791]"
6955,"[1556, 878, 1904, 1538, 1193]"
6956,"[1192, 1904, 114, 110, 1523]"
6957,"[403, 282, 749, 72, 1914]"
6958,"[444, 403, 165, 408, 1639]"
6959,"[749, 866, 1670, 1825, 1401]"
6960,"[1922, 1897, 1526, 89, 1904]"
6961,"[443, 639, 650, 606, 636]"
6962,"[1567, 1922, 1897, 878, 1896]"
6963,"[165, 1696, 1192, 171, 455]"
6964,"[1246, 1772, 468, 1708, 16]"
6965,"[866, 37, 121, 1612, 1567]"
6966,"[587, 593, 597, 590, 595]"
6967,"[1904, 1611, 458, 1924, 1896]"
6968,"[1070, 1746, 688, 692, 808]"
6969,"[926, 114, 1924, 1192, 102]"
6970,"[1904, 1613, 1193, 1070, 1191]"
6971,"[672, 1612, 1887, 789, 409]"
6972,"[165, 922, 124, 1885, 1901]"
6973,"[672, 1202, 410, 1249, 1901]"
6974,"[1604, 672, 1675, 89, 213]"
6975,"[1607, 1666, 672, 1249, 1677]"
6976,"[1887, 121, 1705, 1704, 1886]"
6977,"[1249, 432, 1636, 1890, 848]"
