q_id,web_list
1,"[1769, 1567, 1795, 1705, 16]"
2,"[1042, 372, 97, 96, 98]"
3,"[116, 1704, 1536, 1147, 1758]"
4,"[1051, 1061, 223, 365, 977]"
5,"[1907, 926, 1202, 410, 1659]"
6,"[878, 676, 347, 1752, 925]"
7,"[1906, 1916, 615, 1907, 902]"
8,"[1704, 1705, 221, 480, 403]"
9,"[1025, 937, 159, 921, 97]"
10,"[455, 438, 1636, 1761, 116]"
11,"[1758, 441, 1192, 81, 116]"
12,"[1192, 114, 292, 106, 1611]"
13,"[1914, 890, 112, 60, 89]"
14,"[1720, 102, 1185, 1724, 765]"
15,"[1704, 1705, 1795, 961, 154]"
16,"[920, 165, 1202, 410, 1676]"
17,"[1724, 455, 692, 1272, 1255]"
18,"[603, 89, 1875, 1704, 1659]"
19,"[1662, 1202, 410, 1277, 435]"
20,"[165, 1196, 1025, 937, 159]"
21,"[455, 1610, 60, 114, 1924]"
22,"[1762, 1187, 1748, 587, 1758]"
23,"[1872, 1705, 1704, 403, 911]"
24,"[628, 102, 1746, 98, 96]"
25,"[1750, 1921, 165, 1192, 449]"
26,"[108, 920, 116, 1697, 1042]"
27,"[435, 1053, 1727, 346, 1586]"
28,"[890, 112, 1072, 1795, 289]"
29,"[1618, 89, 1677, 1619, 98]"
30,"[1774, 1064, 455, 438, 1636]"
31,"[1746, 165, 1202, 410, 1618]"
32,"[116, 1536, 408, 125, 1619]"
33,"[455, 1636, 438, 619, 257]"
34,"[897, 848, 1677, 1907, 1880]"
35,"[455, 1299, 1750, 98, 97]"
36,"[1068, 1063, 694, 435, 848]"
37,"[1705, 1704, 911, 1918, 979]"
38,"[1607, 1299, 98, 1659, 97]"
39,"[164, 163, 175, 921, 919]"
40,"[97, 96, 98, 112, 1746]"
41,"[1752, 1705, 73, 911, 1918]"
42,"[374, 372, 1627, 1638, 1721]"
43,"[1764, 511, 1705, 1704, 1832]"
44,"[371, 1299, 430, 1261, 1260]"
45,"[1068, 1063, 964, 28, 1018]"
46,"[424, 1025, 937, 159, 1042]"
47,"[1905, 1627, 1527, 1907, 1526]"
48,"[292, 1070, 1899, 1627, 1025]"
49,"[1178, 1169, 1916, 1045, 1030]"
50,"[170, 1705, 1704, 403, 911]"
51,"[1704, 1705, 1872, 1835, 1795]"
52,"[1900, 292, 408, 1902, 1344]"
53,"[1769, 1567, 1795, 1705, 16]"
54,"[1924, 1677, 125, 926, 98]"
55,"[1704, 1795, 1835, 1872, 1705]"
56,"[1627, 43, 1896, 1155, 1160]"
57,"[1724, 108, 455, 1042, 1025]"
58,"[692, 97, 96, 675, 89]"
59,"[455, 1161, 1869, 1169, 618]"
60,"[1926, 1899, 116, 615, 1147]"
61,"[1567, 1704, 1705, 403, 959]"
62,"[1753, 34, 898, 1831, 1835]"
63,"[868, 1748, 1705, 1704, 890]"
64,"[1567, 1905, 1627, 1527, 1536]"
65,"[1014, 1705, 1704, 149, 403]"
66,"[408, 1675, 1272, 1924, 1765]"
67,"[1737, 1733, 931, 924, 934]"
68,"[1119, 1036, 922, 1073, 1866]"
69,"[1915, 1659, 926, 1202, 410]"
70,"[1896, 1157, 435, 98, 274]"
71,"[1907, 89, 1025, 937, 159]"
72,"[913, 145, 916, 148, 140]"
73,"[140, 145, 916, 148, 913]"
74,"[113, 1030, 112, 1915, 890]"
75,"[926, 1025, 937, 159, 165]"
76,"[1915, 89, 409, 1746, 98]"
77,"[408, 1675, 1917, 1676, 728]"
78,"[1746, 102, 1907, 1070, 675]"
79,"[956, 728, 403, 985, 1675]"
80,"[1916, 1921, 808, 424, 1529]"
81,"[1762, 1758, 1175, 1705, 341]"
82,"[1915, 1907, 1249, 1202, 410]"
83,"[455, 1676, 1915, 89, 165]"
84,"[1196, 1042, 374, 1249, 1746]"
85,"[265, 1250, 1135, 971, 1077]"
86,"[435, 338, 1772, 1899, 1910]"
87,"[1916, 1118, 1076, 1742, 985]"
88,"[1896, 1607, 1157, 1567, 97]"
89,"[1091, 959, 1675, 1916, 1303]"
90,"[1202, 410, 1746, 409, 102]"
91,"[928, 1025, 937, 159, 165]"
92,"[116, 114, 455, 1192, 16]"
93,"[1799, 1782, 1781, 1798, 367]"
94,"[1750, 1070, 440, 1924, 89]"
95,"[1910, 113, 112, 89, 101]"
96,"[1131, 89, 199, 365, 1763]"
97,"[148, 147, 1915, 1863, 1704]"
98,"[1676, 1193, 1909, 256, 408]"
99,"[1753, 618, 1705, 1704, 960]"
100,"[1070, 1615, 1556, 1538, 1025]"
101,"[1185, 1917, 1675, 1094, 408]"
102,"[1704, 1705, 1795, 1675, 902]"
103,"[1713, 1541, 1704, 1044, 1043]"
104,"[1125, 455, 454, 1567, 467]"
105,"[1772, 1828, 1837, 1833, 1810]"
106,"[1676, 125, 1915, 408, 997]"
107,"[1733, 1648, 658, 688, 371]"
108,"[1705, 1704, 30, 828, 468]"
109,"[380, 165, 1704, 692, 360]"
110,"[98, 1299, 1676, 1298, 926]"
111,"[1915, 1202, 410, 435, 1921]"
112,"[1025, 937, 921, 159, 164]"
113,"[1085, 192, 435, 961, 946]"
114,"[1915, 1900, 437, 101, 1283]"
115,"[396, 370, 1766, 1068, 347]"
116,"[1041, 165, 97, 96, 98]"
117,"[1257, 1905, 1627, 1527, 1907]"
118,"[705, 1704, 1705, 765, 403]"
119,"[1067, 906, 1536, 1705, 1704]"
120,"[290, 442, 441, 1705, 1704]"
121,"[455, 1676, 1750, 108, 1202]"
122,"[1704, 1705, 203, 1753, 1795]"
123,"[1924, 451, 890, 112, 1192]"
124,"[959, 1085, 1704, 1705, 1775]"
125,"[1705, 1704, 1758, 372, 1001]"
126,"[1631, 882, 881, 880, 879]"
127,"[1025, 937, 159, 921, 164]"
128,"[114, 16, 1760, 1112, 461]"
129,"[1724, 108, 455, 1042, 1025]"
130,"[1762, 1758, 1761, 1760, 1916]"
131,"[1758, 584, 1246, 1705, 1704]"
132,"[1907, 1609, 1704, 1029, 1885]"
133,"[1704, 921, 164, 455, 60]"
134,"[1043, 1924, 1249, 1907, 154]"
135,"[1704, 1705, 1795, 403, 480]"
136,"[1649, 1918, 979, 1085, 45]"
137,"[1638, 97, 96, 959, 1303]"
138,"[1567, 1705, 1040, 1133, 1704]"
139,"[1724, 98, 97, 96, 692]"
140,"[1041, 1762, 89, 1290, 1536]"
141,"[98, 96, 97, 1025, 937]"
142,"[862, 1926, 1627, 1899, 1526]"
143,"[1924, 165, 98, 97, 409]"
144,"[1188, 698, 259, 856, 439]"
145,"[1895, 1705, 1704, 191, 950]"
146,"[1918, 979, 453, 211, 1317]"
147,"[930, 1670, 1627, 1907, 1051]"
148,"[1753, 211, 1761, 1775, 996]"
149,"[1070, 372, 1627, 1613, 455]"
150,"[1567, 1488, 901, 383, 1705]"
151,"[1915, 922, 1906, 98, 925]"
152,"[1113, 1066, 292, 1761, 1760]"
153,"[408, 1915, 1907, 1746, 926]"
154,"[1705, 1704, 298, 1769, 199]"
155,"[1726, 1705, 1704, 846, 1277]"
156,"[1758, 435, 73, 154, 1085]"
157,"[920, 1202, 410, 1025, 165]"
158,"[1069, 1071, 455, 454, 1899]"
159,"[1273, 447, 692, 116, 1705]"
160,"[980, 164, 1026, 670, 1907]"
161,"[1071, 619, 1064, 465, 811]"
162,"[97, 96, 1704, 1705, 920]"
163,"[1567, 1705, 106, 1769, 1704]"
164,"[722, 1766, 1772, 1705, 1704]"
165,"[1704, 1705, 1762, 1773, 1769]"
166,"[1015, 1877, 1688, 1895, 828]"
167,"[651, 653, 628, 656, 663]"
168,"[288, 190, 389, 96, 98]"
169,"[136, 773, 1696, 165, 164]"
170,"[1772, 1758, 328, 1841, 1840]"
171,"[904, 1927, 319, 1536, 959]"
172,"[1907, 1526, 1567, 16, 1910]"
173,"[856, 1636, 1916, 935, 168]"
174,"[1115, 1526, 1927, 1155, 89]"
175,"[922, 97, 96, 98, 1746]"
176,"[125, 1915, 920, 1637, 79]"
177,"[1705, 1704, 1648, 731, 1051]"
178,"[1536, 1067, 89, 890, 112]"
179,"[1795, 320, 97, 1850, 1849]"
180,"[1915, 1662, 1277, 1202, 410]"
181,"[1775, 435, 1768, 374, 1704]"
182,"[102, 454, 455, 1627, 1899]"
183,"[1915, 101, 408, 890, 112]"
184,"[1915, 1157, 1134, 926, 1916]"
185,"[1704, 608, 108, 1705, 1249]"
186,"[1724, 97, 96, 409, 692]"
187,"[113, 1526, 89, 1926, 1899]"
188,"[116, 1760, 1761, 377, 455]"
189,"[1762, 1758, 1704, 1705, 1085]"
190,"[1915, 1185, 1675, 408, 1344]"
191,"[1550, 1762, 1710, 1064, 1760]"
192,"[1727, 1704, 971, 1202, 410]"
193,"[1915, 1075, 1135, 1704, 1280]"
194,"[1746, 1753, 1921, 1910, 1627]"
195,"[1704, 1831, 1077, 403, 1924]"
196,"[16, 934, 920, 176, 174]"
197,"[1704, 1705, 705, 765, 1733]"
198,"[1277, 1915, 1921, 926, 435]"
199,"[699, 175, 1747, 863, 1081]"
200,"[1762, 1758, 455, 1760, 1761]"
201,"[1704, 318, 1705, 868, 1748]"
202,"[1675, 408, 848, 1746, 1907]"
203,"[1704, 878, 1918, 979, 435]"
204,"[1607, 1517, 1272, 98, 97]"
205,"[408, 455, 619, 1675, 1915]"
206,"[1705, 1704, 1918, 979, 1753]"
207,"[1772, 16, 1704, 1436, 1760]"
208,"[1758, 1760, 1705, 1273, 447]"
209,"[1007, 998, 260, 259, 222]"
210,"[728, 1648, 1651, 959, 917]"
211,"[1762, 1758, 1884, 292, 866]"
212,"[116, 112, 878, 125, 1907]"
213,"[114, 922, 116, 1277, 1192]"
214,"[1924, 1303, 1724, 1277, 782]"
215,"[1766, 1795, 1118, 1926, 1705]"
216,"[1926, 292, 114, 1064, 89]"
217,"[1704, 961, 1803, 1796, 1762]"
218,"[1202, 410, 1041, 98, 89]"
219,"[1704, 1789, 1705, 1787, 1786]"
220,"[60, 98, 1721, 1272, 926]"
221,"[1724, 692, 141, 138, 1721]"
222,"[945, 1914, 1190, 738, 97]"
223,"[1704, 1705, 1064, 1759, 890]"
224,"[1567, 1758, 1769, 1705, 106]"
225,"[1906, 615, 410, 1676, 1920]"
226,"[1299, 1627, 1746, 1676, 609]"
227,"[98, 89, 165, 164, 1193]"
228,"[1174, 1112, 1705, 1704, 663]"
229,"[692, 1904, 605, 1040, 164]"
230,"[360, 1914, 1030, 89, 1927]"
231,"[1907, 1662, 435, 1299, 849]"
232,"[1705, 1704, 676, 440, 95]"
233,"[114, 455, 454, 1192, 1610]"
234,"[292, 710, 107, 1910, 935]"
235,"[1202, 410, 164, 890, 112]"
236,"[1112, 16, 114, 1070, 1113]"
237,"[1704, 1705, 1926, 1064, 1766]"
238,"[1249, 1592, 677, 1820, 1815]"
239,"[439, 451, 619, 1100, 673]"
240,"[866, 435, 715, 1202, 410]"
241,"[1070, 372, 1627, 455, 1899]"
242,"[1910, 1025, 937, 1030, 1529]"
243,"[1769, 1567, 1907, 106, 1705]"
244,"[1914, 1704, 114, 1746, 1536]"
245,"[1705, 1752, 1704, 1753, 1064]"
246,"[112, 408, 116, 1721, 1916]"
247,"[1795, 403, 1764, 1759, 728]"
248,"[1705, 1704, 368, 372, 1188]"
249,"[455, 692, 1899, 1627, 114]"
250,"[435, 961, 1085, 946, 192]"
251,"[1726, 1761, 1257, 1921, 1249]"
252,"[1676, 125, 1202, 410, 1915]"
253,"[1187, 1705, 1704, 1792, 1791]"
254,"[116, 455, 1147, 114, 1306]"
255,"[687, 1550, 1704, 1705, 749]"
256,"[1724, 1157, 1035, 102, 1746]"
257,"[349, 1894, 1766, 1880, 363]"
258,"[765, 764, 763, 758, 789]"
259,"[1915, 1677, 1202, 410, 1921]"
260,"[1705, 1704, 376, 1079, 1181]"
261,"[101, 211, 1705, 1704, 1795]"
262,"[1907, 1760, 1761, 1627, 1899]"
263,"[419, 1025, 937, 159, 1909]"
264,"[1185, 1704, 1705, 728, 779]"
265,"[1753, 34, 1924, 1721, 898]"
266,"[89, 98, 369, 1915, 1887]"
267,"[1550, 1915, 1820, 1819, 1818]"
268,"[98, 102, 1884, 1924, 1758]"
269,"[862, 676, 1042, 1914, 164]"
270,"[379, 435, 108, 1187, 380]"
271,"[1659, 773, 441, 1737, 175]"
272,"[1025, 937, 159, 363, 1875]"
273,"[1915, 1659, 365, 692, 333]"
274,"[1608, 1193, 921, 937, 159]"
275,"[374, 1875, 1557, 1249, 147]"
276,"[313, 1693, 290, 136, 1704]"
277,"[1705, 1704, 165, 432, 1249]"
278,"[98, 97, 96, 435, 1637]"
279,"[1762, 1761, 1760, 435, 1704]"
280,"[403, 1795, 1918, 979, 759]"
281,"[97, 96, 1638, 98, 1567]"
282,"[89, 1705, 1704, 1753, 1627]"
283,"[374, 1627, 1899, 1638, 1910]"
284,"[89, 1607, 97, 96, 920]"
285,"[1436, 1451, 956, 1753, 621]"
286,"[1675, 1900, 125, 408, 603]"
287,"[1724, 40, 804, 1157, 28]"
288,"[1705, 1704, 961, 1753, 435]"
289,"[89, 1202, 1750, 410, 165]"
290,"[1750, 1704, 125, 1705, 1758]"
291,"[1915, 1041, 1861, 1561, 1560]"
292,"[920, 113, 455, 101, 1638]"
293,"[420, 1835, 1872, 1873, 211]"
294,"[1704, 1753, 1752, 1874, 1843]"
295,"[190, 603, 692, 1272, 339]"
296,"[1676, 89, 171, 920, 1659]"
297,"[112, 1300, 922, 1907, 1277]"
298,"[1774, 1904, 819, 922, 1921]"
299,"[1824, 675, 432, 171, 1303]"
300,"[1257, 221, 1675, 902, 1749]"
301,"[1249, 1753, 862, 1705, 886]"
302,"[1705, 1704, 1752, 1766, 199]"
303,"[1793, 1869, 1704, 677, 420]"
304,"[1762, 1758, 1761, 1760, 455]"
305,"[1795, 1705, 1704, 403, 215]"
306,"[1727, 1875, 1784, 931, 375]"
307,"[1257, 1030, 1531, 985, 1320]"
308,"[922, 211, 985, 980, 1025]"
309,"[412, 1761, 1899, 116, 1244]"
310,"[135, 1721, 1570, 111, 1769]"
311,"[415, 116, 1910, 1748, 868]"
312,"[628, 749, 1670, 929, 172]"
313,"[1915, 1721, 1761, 1760, 1794]"
314,"[441, 442, 300, 1687, 1265]"
315,"[170, 911, 985, 1918, 979]"
316,"[1795, 741, 773, 770, 669]"
317,"[114, 455, 1610, 451, 449]"
318,"[112, 1900, 101, 890, 1675]"
319,"[455, 114, 116, 619, 438]"
320,"[1705, 1704, 1918, 979, 211]"
321,"[1924, 112, 1746, 890, 1915]"
322,"[692, 451, 1704, 890, 112]"
323,"[154, 1705, 1704, 1777, 1765]"
324,"[16, 455, 1662, 1611, 454]"
325,"[372, 961, 1869, 1886, 1763]"
326,"[1724, 692, 98, 1157, 97]"
327,"[899, 1071, 811, 1807, 1896]"
328,"[175, 919, 125, 163, 1907]"
329,"[1299, 97, 96, 341, 1721]"
330,"[1915, 408, 1344, 1863, 890]"
331,"[441, 389, 1038, 1704, 1800]"
332,"[1636, 438, 926, 440, 89]"
333,"[435, 98, 1704, 1705, 412]"
334,"[98, 1607, 1517, 97, 96]"
335,"[1536, 165, 1916, 60, 1705]"
336,"[745, 1028, 1717, 911, 111]"
337,"[333, 341, 1727, 1297, 692]"
338,"[1907, 98, 124, 1677, 89]"
339,"[1775, 435, 1768, 374, 1704]"
340,"[466, 454, 1907, 455, 16]"
341,"[1192, 455, 116, 1762, 1758]"
342,"[1902, 1713, 98, 97, 96]"
343,"[114, 455, 60, 1192, 116]"
344,"[1727, 961, 116, 154, 1705]"
345,"[1298, 1261, 1260, 1259, 1258]"
346,"[1915, 455, 98, 97, 96]"
347,"[1277, 116, 692, 1192, 1705]"
348,"[1915, 1921, 265, 1825, 1704]"
349,"[1113, 455, 1064, 1192, 1760]"
350,"[116, 1001, 1561, 1344, 890]"
351,"[1924, 675, 478, 1760, 1761]"
352,"[435, 379, 1704, 1627, 862]"
353,"[1649, 989, 1762, 1758, 1705]"
354,"[985, 920, 165, 1025, 937]"
355,"[98, 97, 96, 1277, 102]"
356,"[670, 954, 60, 1249, 823]"
357,"[455, 451, 449, 114, 1610]"
358,"[170, 148, 677, 1704, 1705]"
359,"[112, 101, 1904, 116, 124]"
360,"[1913, 676, 890, 112, 1025]"
361,"[878, 1900, 1068, 1030, 980]"
362,"[1913, 890, 112, 1277, 1025]"
363,"[1900, 112, 101, 890, 1627]"
364,"[1526, 106, 1300, 1520, 1913]"
365,"[1705, 1704, 1025, 937, 159]"
366,"[1795, 403, 1320, 1705, 1704]"
367,"[1270, 1557, 1249, 931, 924]"
368,"[211, 980, 1753, 956, 1752]"
369,"[140, 148, 147, 1705, 1704]"
370,"[371, 1762, 971, 1019, 1705]"
371,"[368, 350, 108, 1137, 1835]"
372,"[73, 171, 403, 911, 1918]"
373,"[1705, 1704, 27, 1792, 1793]"
374,"[1761, 1704, 1705, 1760, 455]"
375,"[1525, 1752, 73, 1762, 1758]"
376,"[1040, 1926, 1758, 1064, 1071]"
377,"[1185, 408, 1704, 1705, 1299]"
378,"[441, 561, 1704, 1461, 1760]"
379,"[1526, 335, 1887, 1905, 1627]"
380,"[97, 96, 956, 98, 1303]"
381,"[1299, 97, 96, 165, 164]"
382,"[1915, 164, 165, 1675, 921]"
383,"[165, 1762, 1758, 1705, 1704]"
384,"[97, 96, 956, 98, 165]"
385,"[1017, 1766, 116, 1188, 1705]"
386,"[1793, 1792, 1704, 1789, 1790]"
387,"[1557, 1769, 1249, 451, 1611]"
388,"[1070, 1616, 1745, 1671, 695]"
389,"[1874, 1026, 760, 1068, 1704]"
390,"[1915, 1277, 1662, 1125, 1638]"
391,"[1899, 1147, 1275, 455, 454]"
392,"[878, 113, 89, 1897, 188]"
393,"[331, 1202, 410, 1577, 342]"
394,"[878, 70, 1910, 1619, 922]"
395,"[1567, 1758, 1769, 1762, 1705]"
396,"[440, 349, 1298, 1261, 1260]"
397,"[114, 1907, 1073, 1147, 1916]"
398,"[1202, 410, 154, 926, 1705]"
399,"[921, 1527, 1905, 890, 112]"
400,"[1072, 1704, 1894, 1705, 1557]"
401,"[476, 688, 782, 409, 460]"
402,"[455, 438, 1636, 1038, 619]"
403,"[1721, 455, 454, 1098, 1758]"
404,"[140, 990, 913, 148, 916]"
405,"[1768, 1775, 374, 1705, 1704]"
406,"[1724, 1042, 455, 692, 1899]"
407,"[1900, 149, 1704, 403, 297]"
408,"[291, 112, 692, 676, 890]"
409,"[1068, 1705, 1704, 89, 692]"
410,"[1257, 98, 1907, 1699, 1025]"
411,"[926, 1272, 438, 405, 1299]"
412,"[1726, 846, 451, 692, 1604]"
413,"[1066, 1014, 1705, 1704, 1609]"
414,"[688, 98, 1788, 1787, 603]"
415,"[468, 1804, 1801, 1798, 1799]"
416,"[1904, 116, 1526, 439, 451]"
417,"[688, 93, 1627, 1300, 1202]"
418,"[165, 1042, 1202, 410, 773]"
419,"[1186, 897, 741, 675, 779]"
420,"[1648, 731, 1046, 164, 1915]"
421,"[1705, 1704, 165, 849, 1183]"
422,"[919, 1905, 1773, 1028, 1027]"
423,"[1451, 1436, 1477, 1456, 594]"
424,"[435, 97, 96, 98, 1704]"
425,"[1102, 1025, 937, 1299, 1666]"
426,"[334, 1299, 1704, 1705, 1727]"
427,"[116, 1676, 371, 114, 878]"
428,"[259, 435, 1202, 410, 1318]"
429,"[1695, 856, 692, 164, 1729]"
430,"[1875, 1249, 1557, 1026, 1705]"
431,"[361, 360, 328, 317, 533]"
432,"[1746, 98, 97, 96, 102]"
433,"[1915, 1344, 1746, 98, 677]"
434,"[1025, 937, 159, 1909, 1193]"
435,"[1567, 1704, 1769, 1557, 165]"
436,"[1659, 1202, 410, 1705, 1704]"
437,"[1705, 1704, 511, 1753, 211]"
438,"[1924, 409, 1557, 926, 1137]"
439,"[1705, 1704, 1580, 1045, 1042]"
440,"[112, 1300, 922, 1907, 1277]"
441,"[1762, 108, 1098, 1187, 1915]"
442,"[1804, 1802, 1801, 1799, 1713]"
443,"[1705, 1704, 1249, 1024, 1557]"
444,"[108, 102, 1042, 455, 409]"
445,"[1159, 924, 677, 1831, 1044]"
446,"[342, 618, 1921, 1133, 1795]"
447,"[1249, 1915, 1825, 1536, 125]"
448,"[1746, 408, 1536, 1249, 1272]"
449,"[1071, 1627, 878, 164, 937]"
450,"[1041, 1025, 937, 159, 1193]"
451,"[1724, 1102, 455, 692, 1299]"
452,"[1185, 1926, 873, 890, 112]"
453,"[1917, 1902, 101, 408, 112]"
454,"[878, 424, 1754, 1705, 676]"
455,"[243, 246, 1705, 1704, 220]"
456,"[1915, 1922, 1897, 1627, 43]"
457,"[1750, 692, 1073, 125, 1676]"
458,"[455, 402, 920, 1638, 1676]"
459,"[154, 1202, 410, 902, 773]"
460,"[1825, 1298, 1261, 1260, 1259]"
461,"[188, 189, 946, 193, 948]"
462,"[140, 916, 145, 148, 98]"
463,"[1713, 175, 673, 938, 1884]"
464,"[1750, 1924, 408, 1675, 60]"
465,"[374, 959, 1704, 73, 1721]"
466,"[926, 438, 819, 89, 1202]"
467,"[73, 1792, 1791, 1764, 1759]"
468,"[1762, 1675, 36, 9, 1900]"
469,"[1570, 435, 1192, 412, 920]"
470,"[966, 811, 1192, 413, 415]"
471,"[1724, 1299, 758, 1025, 937]"
472,"[125, 1124, 424, 1761, 1760]"
473,"[89, 165, 1924, 1202, 410]"
474,"[149, 1147, 1130, 1752, 265]"
475,"[1915, 1299, 1907, 165, 1746]"
476,"[1480, 1436, 1456, 1451, 1477]"
477,"[358, 1257, 1077, 1704, 1076]"
478,"[1034, 1927, 1025, 937, 159]"
479,"[1269, 409, 112, 890, 101]"
480,"[1724, 108, 455, 1042, 1025]"
481,"[1704, 1632, 1705, 926, 1795]"
482,"[1695, 1760, 1761, 1617, 1070]"
483,"[1724, 1607, 98, 1659, 97]"
484,"[1070, 455, 112, 890, 692]"
485,"[1748, 868, 1069, 919, 1705]"
486,"[1607, 1272, 98, 97, 96]"
487,"[888, 1636, 1907, 16, 455]"
488,"[956, 1202, 410, 670, 165]"
489,"[1299, 1627, 435, 1202, 410]"
490,"[1185, 1915, 1675, 922, 60]"
491,"[216, 165, 164, 106, 102]"
492,"[1607, 372, 1125, 819, 1608]"
493,"[922, 216, 101, 102, 1746]"
494,"[1704, 1761, 1760, 1758, 663]"
495,"[1843, 1842, 1894, 1890, 620]"
496,"[1021, 1737, 1733, 1160, 675]"
497,"[1272, 1724, 89, 455, 97]"
498,"[165, 1025, 937, 159, 98]"
499,"[1192, 116, 1662, 114, 692]"
500,"[297, 1662, 1767, 1299, 435]"
501,"[1064, 1899, 440, 455, 454]"
502,"[1147, 1363, 1536, 1704, 1334]"
503,"[643, 679, 1762, 111, 1705]"
504,"[1536, 424, 878, 985, 89]"
505,"[1889, 1155, 334, 395, 1025]"
506,"[1619, 1775, 199, 1705, 1704]"
507,"[357, 1295, 1277, 902, 1936]"
508,"[1528, 1760, 1030, 903, 1705]"
509,"[1913, 676, 1300, 106, 409]"
510,"[757, 98, 284, 440, 798]"
511,"[114, 116, 60, 455, 1113]"
512,"[1724, 1607, 410, 1202, 1070]"
513,"[728, 1648, 731, 994, 985]"
514,"[1188, 773, 1056, 89, 1202]"
515,"[1746, 89, 98, 97, 96]"
516,"[408, 619, 1676, 1675, 890]"
517,"[1202, 410, 1255, 1750, 98]"
518,"[1185, 408, 1675, 848, 1752]"
519,"[1727, 16, 989, 1728, 1567]"
520,"[788, 673, 1721, 1705, 1704]"
521,"[374, 1085, 1704, 1803, 1705]"
522,"[1835, 1592, 1363, 1706, 1511]"
523,"[1030, 289, 1675, 89, 1825]"
524,"[1752, 1766, 1202, 410, 89]"
525,"[98, 171, 125, 1639, 692]"
526,"[1704, 1705, 291, 1924, 878]"
527,"[79, 165, 937, 159, 1025]"
528,"[1613, 730, 257, 1025, 937]"
529,"[1041, 203, 1202, 1704, 1705]"
530,"[1899, 1904, 409, 1070, 440]"
531,"[1915, 773, 1202, 410, 1921]"
532,"[97, 96, 98, 1607, 449]"
533,"[1567, 1035, 16, 1557, 1704]"
534,"[1077, 304, 1795, 1705, 618]"
535,"[89, 1299, 1304, 98, 97]"
536,"[911, 1675, 902, 1705, 1704]"
537,"[455, 116, 454, 163, 114]"
538,"[395, 1752, 1272, 1202, 410]"
539,"[1769, 130, 1795, 1317, 480]"
540,"[9, 36, 116, 18, 435]"
541,"[98, 1639, 1073, 96, 97]"
542,"[317, 1129, 1192, 114, 455]"
543,"[125, 1299, 257, 1676, 1915]"
544,"[1705, 1704, 302, 297, 294]"
545,"[271, 1205, 97, 96, 759]"
546,"[1025, 937, 159, 165, 409]"
547,"[1303, 1586, 900, 1261, 1260]"
548,"[1557, 692, 1290, 125, 1907]"
549,"[1705, 1762, 1704, 552, 1064]"
550,"[1921, 1202, 410, 1907, 451]"
551,"[362, 98, 415, 1202, 410]"
552,"[1050, 97, 96, 435, 1567]"
553,"[97, 96, 98, 1659, 765]"
554,"[97, 96, 98, 921, 164]"
555,"[1536, 116, 1907, 1147, 1528]"
556,"[114, 455, 454, 1192, 16]"
557,"[1567, 1769, 1704, 409, 920]"
558,"[1071, 1924, 124, 455, 89]"
559,"[1071, 676, 1926, 811, 1758]"
560,"[1768, 1705, 1704, 1775, 1770]"
561,"[114, 116, 60, 216, 1277]"
562,"[1675, 1915, 112, 890, 1900]"
563,"[1705, 1704, 1043, 1804, 1802]"
564,"[455, 116, 938, 163, 919]"
565,"[1620, 1185, 985, 1049, 165]"
566,"[1071, 112, 890, 1926, 811]"
567,"[749, 663, 656, 653, 642]"
568,"[409, 1746, 1915, 922, 1136]"
569,"[698, 112, 1627, 1899, 1904]"
570,"[403, 1916, 1607, 1249, 1557]"
571,"[1906, 1916, 1899, 89, 1910]"
572,"[408, 1915, 1746, 101, 112]"
573,"[89, 1536, 112, 1202, 410]"
574,"[1567, 1705, 1557, 372, 1185]"
575,"[1915, 125, 1907, 1921, 1638]"
576,"[64, 1843, 1842, 1766, 1098]"
577,"[934, 920, 176, 174, 173]"
578,"[1897, 1922, 1025, 937, 159]"
579,"[890, 112, 1526, 878, 98]"
580,"[728, 1299, 165, 1202, 410]"
581,"[1300, 1769, 931, 924, 934]"
582,"[164, 1550, 1025, 937, 159]"
583,"[1907, 1257, 1025, 937, 159]"
584,"[1705, 455, 454, 1312, 1112]"
585,"[360, 1133, 1077, 670, 1037]"
586,"[165, 60, 141, 1299, 1025]"
587,"[1915, 1921, 60, 451, 783]"
588,"[985, 1202, 410, 403, 89]"
589,"[1907, 1202, 410, 926, 165]"
590,"[371, 1561, 1142, 1077, 1041]"
591,"[116, 1761, 1704, 1760, 1705]"
592,"[982, 1907, 188, 89, 935]"
593,"[1887, 283, 1700, 985, 1249]"
594,"[1915, 125, 1750, 98, 96]"
595,"[1561, 18, 1875, 798, 36]"
596,"[1704, 1705, 1064, 455, 454]"
597,"[1753, 1915, 1705, 1704, 1921]"
598,"[1704, 1651, 510, 1041, 1924]"
599,"[141, 1704, 1705, 1299, 1795]"
600,"[125, 1202, 410, 60, 1676]"
601,"[1202, 410, 925, 1250, 1690]"
602,"[1672, 925, 1835, 1831, 1872]"
603,"[1649, 1705, 1704, 1758, 1762]"
604,"[1704, 1705, 660, 1762, 1758]"
605,"[1915, 408, 359, 848, 1042]"
606,"[1704, 1705, 980, 985, 1065]"
607,"[980, 1705, 1753, 1557, 851]"
608,"[199, 1702, 58, 57, 54]"
609,"[116, 1924, 114, 454, 1147]"
610,"[148, 147, 140, 916, 145]"
611,"[480, 1014, 1723, 1705, 1704]"
612,"[692, 1277, 1192, 116, 846]"
613,"[114, 116, 890, 112, 89]"
614,"[1918, 979, 1782, 1781, 1799]"
615,"[1832, 677, 1874, 108, 1835]"
616,"[125, 607, 1676, 1279, 902]"
617,"[1704, 1705, 398, 1789, 1790]"
618,"[1704, 1533, 862, 1594, 1584]"
619,"[1066, 1928, 1638, 1936, 1277]"
620,"[1705, 1704, 1918, 979, 1795]"
621,"[1758, 98, 96, 97, 409]"
622,"[152, 1257, 1043, 971, 1277]"
623,"[108, 1705, 383, 1704, 928]"
624,"[1705, 1704, 1772, 1799, 1798]"
625,"[1676, 455, 1677, 890, 112]"
626,"[1659, 98, 1202, 410, 1196]"
627,"[1034, 1147, 583, 581, 560]"
628,"[1677, 165, 1721, 1874, 851]"
629,"[29, 949, 191, 1704, 950]"
630,"[114, 60, 466, 455, 116]"
631,"[1034, 1927, 1065, 166, 1612]"
632,"[116, 114, 125, 438, 1636]"
633,"[1775, 688, 1768, 1769, 1936]"
634,"[116, 1915, 692, 114, 1705]"
635,"[956, 98, 165, 920, 1193]"
636,"[1727, 1796, 961, 1803, 435]"
637,"[1772, 1705, 1704, 1436, 328]"
638,"[1915, 165, 920, 297, 1638]"
639,"[1086, 692, 1907, 1147, 1885]"
640,"[1147, 1281, 1075, 350, 1262]"
641,"[926, 1202, 410, 1677, 165]"
642,"[1043, 926, 1026, 1025, 937]"
643,"[793, 1313, 749, 1746, 102]"
644,"[116, 114, 216, 878, 16]"
645,"[1795, 1704, 1675, 902, 1705]"
646,"[759, 98, 1704, 1705, 97]"
647,"[165, 1299, 955, 1924, 1272]"
648,"[1795, 1926, 1705, 1704, 1627]"
649,"[98, 692, 97, 96, 1025]"
650,"[1070, 1638, 1627, 1607, 1899]"
651,"[1636, 1277, 257, 692, 438]"
652,"[1705, 1648, 731, 902, 1675]"
653,"[1761, 1760, 1704, 455, 1705]"
654,"[1762, 692, 1769, 1299, 1120]"
655,"[211, 980, 985, 1705, 1704]"
656,"[116, 114, 455, 1907, 454]"
657,"[1896, 1567, 435, 1157, 1617]"
658,"[116, 455, 1705, 1704, 1760]"
659,"[455, 454, 1762, 1760, 1775]"
660,"[454, 16, 455, 1896, 1277]"
661,"[1918, 979, 1704, 211, 1147]"
662,"[98, 292, 1899, 1655, 116]"
663,"[1604, 692, 1277, 1192, 1726]"
664,"[1147, 1704, 1724, 1705, 1758]"
665,"[693, 116, 114, 466, 1924]"
666,"[1936, 1676, 89, 1202, 410]"
667,"[925, 923, 161, 136, 1915]"
668,"[451, 171, 761, 1726, 1898]"
669,"[1761, 1921, 1881, 1178, 116]"
670,"[501, 1758, 1704, 7, 1363]"
671,"[1727, 1202, 410, 921, 937]"
672,"[1908, 350, 728, 1914, 1675]"
673,"[435, 946, 948, 189, 951]"
674,"[455, 1299, 98, 97, 96]"
675,"[1320, 1837, 1833, 1828, 866]"
676,"[1762, 1761, 1758, 1899, 961]"
677,"[1917, 1900, 296, 312, 1180]"
678,"[1695, 1727, 1907, 1297, 926]"
679,"[1169, 29, 18, 1137, 28]"
680,"[1567, 1769, 920, 1704, 165]"
681,"[454, 1761, 1760, 1705, 1704]"
682,"[1705, 1704, 108, 480, 1753]"
683,"[408, 150, 24, 28, 26]"
684,"[1758, 1760, 1273, 447, 1705]"
685,"[698, 1775, 97, 96, 1526]"
686,"[1202, 410, 921, 1051, 449]"
687,"[1915, 331, 1363, 1370, 1133]"
688,"[926, 925, 1592, 921, 1272]"
689,"[98, 1627, 341, 435, 356]"
690,"[1762, 1704, 987, 963, 914]"
691,"[97, 96, 921, 1025, 937]"
692,"[333, 1727, 341, 1297, 692]"
693,"[461, 455, 454, 1112, 1521]"
694,"[1773, 1704, 1705, 1192, 1183]"
695,"[341, 1299, 926, 333, 1761]"
696,"[1070, 455, 1627, 114, 454]"
697,"[1380, 905, 455, 728, 403]"
698,"[1607, 1705, 165, 97, 96]"
699,"[1761, 1760, 1704, 1705, 175]"
700,"[1761, 1760, 1617, 1627, 1762]"
701,"[1157, 1769, 862, 1042, 1185]"
702,"[1186, 1171, 1705, 1704, 1773]"
703,"[1704, 1872, 1835, 1705, 403]"
704,"[89, 1043, 165, 1202, 410]"
705,"[408, 165, 1915, 1675, 98]"
706,"[1733, 79, 1536, 164, 706]"
707,"[438, 1636, 259, 265, 257]"
708,"[1875, 1659, 165, 98, 848]"
709,"[102, 1713, 409, 410, 1202]"
710,"[1704, 1632, 1705, 926, 1795]"
711,"[1706, 420, 773, 98, 1936]"
712,"[1567, 1758, 1769, 1762, 1705]"
713,"[435, 89, 1202, 410, 98]"
714,"[165, 410, 1202, 421, 1749]"
715,"[1773, 1907, 692, 165, 1772]"
716,"[1639, 165, 1704, 1705, 1541]"
717,"[926, 1659, 959, 1910, 302]"
718,"[1702, 106, 1758, 1299, 98]"
719,"[1746, 1705, 1704, 675, 1312]"
720,"[675, 292, 1638, 409, 1299]"
721,"[114, 451, 1610, 449, 455]"
722,"[887, 1073, 954, 1705, 1627]"
723,"[1900, 1074, 890, 112, 1760]"
724,"[374, 959, 1570, 1721, 1704]"
725,"[441, 1638, 97, 96, 374]"
726,"[297, 442, 1612, 1091, 1916]"
727,"[1188, 1083, 1102, 377, 98]"
728,"[1896, 455, 98, 97, 96]"
729,"[926, 1557, 1046, 1553, 902]"
730,"[1872, 1835, 1704, 1705, 403]"
731,"[1724, 98, 1659, 97, 96]"
732,"[1157, 1705, 1704, 1775, 1721]"
733,"[1436, 1451, 1464, 1477, 1456]"
734,"[1269, 1915, 408, 1916, 1137]"
735,"[1202, 410, 302, 297, 294]"
736,"[961, 1753, 1918, 979, 1790]"
737,"[98, 1607, 1904, 1905, 1587]"
738,"[1113, 98, 1120, 1907, 461]"
739,"[372, 1727, 1157, 1769, 1567]"
740,"[1705, 1704, 846, 1758, 1761]"
741,"[455, 1896, 1567, 1192, 1705]"
742,"[1244, 423, 971, 1705, 163]"
743,"[374, 959, 1704, 1721, 73]"
744,"[1915, 1916, 956, 112, 1030]"
745,"[1627, 1042, 1025, 937, 159]"
746,"[1915, 920, 1921, 1042, 1697]"
747,"[101, 1750, 112, 1637, 890]"
748,"[408, 1001, 1269, 1695, 1706]"
749,"[1752, 878, 676, 1753, 1137]"
750,"[1800, 1803, 354, 1802, 1801]"
751,"[1202, 410, 165, 98, 409]"
752,"[1793, 1792, 435, 1790, 1791]"
753,"[455, 116, 114, 1147, 692]"
754,"[112, 60, 1904, 451, 890]"
755,"[1202, 410, 1910, 1250, 1727]"
756,"[1567, 1705, 16, 1118, 1704]"
757,"[604, 1630, 911, 729, 171]"
758,"[1704, 346, 1116, 643, 1758]"
759,"[126, 98, 97, 96, 165]"
760,"[211, 985, 980, 350, 1034]"
761,"[170, 922, 211, 1704, 1705]"
762,"[60, 1917, 1915, 1639, 89]"
763,"[98, 1544, 97, 96, 921]"
764,"[1523, 1277, 16, 1705, 292]"
765,"[408, 395, 1831, 1795, 677]"
766,"[1752, 1705, 1067, 1772, 443]"
767,"[415, 89, 1926, 1705, 1627]"
768,"[1516, 1550, 1704, 1705, 692]"
769,"[956, 165, 89, 920, 126]"
770,"[1727, 961, 435, 1796, 1704]"
771,"[920, 297, 431, 293, 1087]"
772,"[1742, 985, 1675, 902, 1918]"
773,"[1704, 1705, 905, 792, 533]"
774,"[1567, 409, 1705, 1896, 1746]"
775,"[317, 1910, 1040, 1127, 371]"
776,"[1185, 408, 1025, 937, 159]"
777,"[1677, 1185, 1249, 372, 741]"
778,"[1299, 1607, 98, 1157, 97]"
779,"[914, 702, 959, 199, 962]"
780,"[410, 1202, 1915, 1659, 1676]"
781,"[1070, 372, 1627, 455, 1899]"
782,"[1915, 1675, 1202, 165, 408]"
783,"[1141, 1159, 1915, 1704, 1829]"
784,"[966, 1705, 1704, 959, 191]"
785,"[1704, 1705, 1770, 1753, 1762]"
786,"[985, 984, 983, 982, 981]"
787,"[291, 1570, 794, 828, 793]"
788,"[1910, 1705, 1662, 114, 1704]"
789,"[1918, 979, 1704, 911, 211]"
790,"[1066, 1025, 937, 159, 1041]"
791,"[1773, 455, 1760, 1761, 1044]"
792,"[1070, 455, 1627, 1899, 1695]"
793,"[676, 928, 1705, 1552, 618]"
794,"[329, 614, 409, 97, 60]"
795,"[368, 372, 1185, 1704, 890]"
796,"[321, 438, 1257, 1636, 1774]"
797,"[1761, 1760, 1655, 1112, 1617]"
798,"[1762, 1761, 1662, 1760, 1705]"
799,"[1761, 1760, 441, 1753, 1762]"
800,"[165, 1915, 125, 98, 408]"
801,"[1695, 435, 412, 113, 878]"
802,"[89, 985, 920, 165, 1675]"
803,"[1924, 1070, 455, 454, 1275]"
804,"[1915, 1659, 1185, 1603, 920]"
805,"[415, 97, 96, 98, 1916]"
806,"[1704, 1761, 1774, 1183, 1273]"
807,"[1636, 692, 1904, 1899, 455]"
808,"[1760, 1761, 114, 16, 1192]"
809,"[773, 216, 1025, 937, 159]"
810,"[1627, 692, 1070, 989, 291]"
811,"[1112, 1147, 1761, 1760, 1704]"
812,"[165, 920, 408, 60, 125]"
813,"[60, 112, 1907, 89, 449]"
814,"[1899, 1926, 89, 1526, 98]"
815,"[956, 1897, 89, 704, 1627]"
816,"[408, 1193, 1675, 1733, 1151]"
817,"[1705, 1704, 558, 1758, 584]"
818,"[1705, 1704, 441, 1792, 1758]"
819,"[1758, 1273, 447, 1762, 1761]"
820,"[1897, 1922, 1526, 1627, 1833]"
821,"[1039, 1916, 928, 1202, 60]"
822,"[1636, 1638, 1899, 1705, 615]"
823,"[692, 1277, 1726, 846, 1899]"
824,"[171, 920, 1676, 1275, 164]"
825,"[718, 339, 676, 1567, 89]"
826,"[878, 920, 435, 890, 89]"
827,"[1071, 868, 1705, 1704, 1748]"
828,"[1630, 1680, 928, 925, 924]"
829,"[1183, 1704, 1705, 113, 89]"
830,"[89, 1899, 166, 1297, 1526]"
831,"[1636, 438, 116, 1904, 1758]"
832,"[1257, 98, 1907, 1924, 1025]"
833,"[116, 451, 1639, 289, 114]"
834,"[1924, 89, 1904, 1899, 1910]"
835,"[1025, 937, 159, 1924, 98]"
836,"[978, 976, 974, 973, 972]"
837,"[1907, 1910, 125, 165, 389]"
838,"[1752, 1907, 1068, 1063, 1704]"
839,"[96, 97, 98, 409, 1748]"
840,"[1030, 1926, 1916, 670, 1025]"
841,"[1746, 1907, 1202, 410, 102]"
842,"[153, 928, 988, 978, 1053]"
843,"[1636, 438, 273, 980, 1745]"
844,"[435, 902, 323, 365, 1695]"
845,"[89, 921, 937, 164, 1193]"
846,"[1037, 925, 1915, 937, 159]"
847,"[966, 1529, 959, 618, 433]"
848,"[89, 1627, 409, 102, 124]"
849,"[1758, 1762, 154, 1705, 1704]"
850,"[956, 165, 1887, 1193, 1705]"
851,"[424, 1536, 906, 1117, 95]"
852,"[935, 168, 89, 1897, 409]"
853,"[1032, 1920, 1899, 615, 1910]"
854,"[274, 275, 281, 272, 280]"
855,"[958, 1344, 1705, 670, 1916]"
856,"[408, 1902, 1915, 455, 1917]"
857,"[1727, 89, 849, 1627, 1796]"
858,"[1073, 1118, 1066, 89, 890]"
859,"[1147, 1458, 1705, 1704, 1214]"
860,"[1064, 1526, 102, 409, 1926]"
861,"[330, 1085, 108, 1077, 1282]"
862,"[89, 1746, 409, 1025, 937]"
863,"[415, 1627, 1899, 1299, 89]"
864,"[60, 1344, 1916, 1915, 1746]"
865,"[1915, 128, 677, 1616, 1135]"
866,"[1762, 1758, 1705, 530, 1627]"
867,"[1761, 1760, 920, 113, 1746]"
868,"[440, 1762, 1758, 1147, 478]"
869,"[1746, 102, 124, 409, 97]"
870,"[70, 1636, 438, 164, 1729]"
871,"[1803, 1796, 1762, 1758, 1085]"
872,"[1907, 113, 89, 1905, 1627]"
873,"[676, 98, 97, 96, 1025]"
874,"[927, 1899, 1727, 1592, 164]"
875,"[984, 980, 211, 212, 985]"
876,"[1130, 219, 692, 1739, 116]"
877,"[675, 116, 1697, 111, 1145]"
878,"[1157, 1030, 1032, 1152, 906]"
879,"[1538, 98, 97, 96, 1746]"
880,"[1922, 1897, 1731, 106, 1896]"
881,"[128, 1529, 1748, 868, 1552]"
882,"[89, 921, 97, 96, 1025]"
883,"[692, 1705, 1704, 1726, 846]"
884,"[113, 89, 1202, 410, 1536]"
885,"[455, 1112, 1312, 467, 1070]"
886,"[291, 811, 449, 1192, 1704]"
887,"[1025, 937, 159, 1907, 409]"
888,"[292, 1070, 409, 98, 97]"
889,"[98, 97, 96, 102, 1746]"
890,"[1758, 1762, 860, 1705, 1704]"
891,"[1627, 1915, 1758, 1899, 415]"
892,"[144, 1704, 1705, 424, 929]"
893,"[1803, 1085, 1705, 1704, 1762]"
894,"[1729, 1183, 1168, 320, 382]"
895,"[1907, 1897, 1922, 1526, 935]"
896,"[89, 919, 1030, 1029, 935]"
897,"[1915, 1193, 89, 98, 1026]"
898,"[424, 113, 1905, 1627, 1527]"
899,"[451, 692, 1277, 1191, 1636]"
900,"[1704, 1705, 265, 149, 1006]"
901,"[1627, 1905, 1899, 164, 1922]"
902,"[408, 1676, 125, 165, 1915]"
903,"[165, 98, 1196, 1659, 79]"
904,"[784, 911, 1046, 739, 938]"
905,"[1907, 1905, 1627, 1257, 1699]"
906,"[1627, 89, 1529, 409, 318]"
907,"[1659, 1299, 1705, 1704, 403]"
908,"[408, 1704, 1915, 1705, 1675]"
909,"[1753, 1795, 878, 1118, 1627]"
910,"[1704, 1705, 1762, 1758, 102]"
911,"[1627, 1299, 961, 1796, 1795]"
912,"[926, 1297, 175, 166, 696]"
913,"[403, 1077, 1704, 902, 306]"
914,"[455, 1070, 1627, 1899, 1613]"
915,"[1915, 409, 171, 318, 878]"
916,"[1299, 408, 1087, 1081, 293]"
917,"[1705, 1704, 1753, 1936, 1758]"
918,"[1705, 1704, 1758, 1147, 314]"
919,"[928, 1672, 1749, 628, 1843]"
920,"[113, 89, 435, 920, 921]"
921,"[415, 1795, 875, 165, 416]"
922,"[767, 746, 744, 742, 769]"
923,"[670, 620, 470, 165, 1885]"
924,"[928, 1118, 318, 172, 97]"
925,"[222, 657, 979, 212, 982]"
926,"[1054, 216, 1705, 1704, 1592]"
927,"[409, 1627, 1527, 1905, 1176]"
928,"[1922, 1897, 1526, 89, 1926]"
929,"[849, 958, 1796, 1803, 1758]"
930,"[1677, 113, 920, 164, 165]"
931,"[1729, 1636, 438, 164, 924]"
932,"[920, 1638, 878, 451, 890]"
933,"[89, 165, 1676, 920, 113]"
934,"[1552, 1185, 1344, 815, 1915]"
935,"[18, 365, 1014, 1916, 437]"
936,"[290, 928, 1303, 1118, 1549]"
937,"[1915, 878, 409, 98, 96]"
938,"[1875, 102, 1746, 926, 89]"
939,"[1758, 1762, 154, 1705, 1704]"
940,"[1112, 1910, 1273, 447, 1064]"
941,"[1025, 937, 159, 165, 1904]"
942,"[1604, 1536, 89, 60, 1526]"
943,"[1902, 408, 1306, 116, 108]"
944,"[410, 270, 271, 1205, 278]"
945,"[1025, 937, 159, 1904, 1899]"
946,"[1753, 211, 1567, 1704, 1705]"
947,"[933, 922, 98, 403, 126]"
948,"[1297, 1202, 410, 1073, 165]"
949,"[1758, 1762, 1118, 1795, 1704]"
950,"[1904, 1025, 937, 159, 922]"
951,"[1666, 956, 762, 758, 270]"
952,"[989, 1933, 203, 1149, 1649]"
953,"[1907, 924, 921, 165, 89]"
954,"[1662, 1910, 1704, 1705, 1760]"
955,"[1899, 1526, 89, 98, 1773]"
956,"[1760, 1761, 1762, 1758, 1704]"
957,"[1071, 463, 163, 919, 929]"
958,"[584, 1705, 1704, 1800, 1780]"
959,"[98, 1926, 1904, 878, 1526]"
960,"[1627, 1907, 1025, 937, 159]"
961,"[116, 846, 692, 1275, 1523]"
962,"[1774, 1760, 1918, 979, 1761]"
963,"[1758, 1762, 1671, 1745, 673]"
964,"[441, 116, 1147, 1899, 1273]"
965,"[1030, 1133, 1916, 1726, 1147]"
966,"[89, 435, 1899, 114, 1275]"
967,"[387, 359, 1913, 1704, 128]"
968,"[1750, 438, 890, 112, 926]"
969,"[773, 423, 1244, 102, 1746]"
970,"[1185, 906, 408, 1916, 1566]"
971,"[112, 890, 761, 937, 159]"
972,"[1803, 961, 1349, 898, 1770]"
973,"[1905, 89, 1627, 166, 465]"
974,"[1705, 170, 1704, 1758, 1762]"
975,"[1025, 937, 159, 1193, 165]"
976,"[1536, 1907, 60, 289, 89]"
977,"[259, 258, 1683, 1000, 1632]"
978,"[1277, 1726, 846, 692, 455]"
979,"[165, 164, 990, 163, 928]"
980,"[1749, 1632, 164, 1705, 1704]"
981,"[211, 372, 1705, 1704, 1753]"
982,"[1731, 1149, 1184, 1166, 320]"
983,"[89, 1752, 165, 98, 1025]"
984,"[920, 1677, 1202, 410, 165]"
985,"[1760, 1761, 409, 878, 89]"
986,"[89, 113, 1526, 1922, 1897]"
987,"[171, 165, 920, 1659, 98]"
988,"[1904, 1724, 1025, 937, 159]"
989,"[161, 1547, 1592, 1680, 923]"
990,"[1526, 1899, 1746, 928, 89]"
991,"[98, 1926, 956, 1118, 878]"
992,"[1899, 1910, 89, 1904, 1926]"
993,"[408, 1299, 1659, 1041, 175]"
994,"[713, 1674, 692, 1304, 1924]"
995,"[289, 60, 98, 97, 96]"
996,"[124, 1197, 1040, 673, 1702]"
997,"[866, 925, 1907, 318, 1070]"
998,"[441, 1175, 116, 1904, 1899]"
999,"[1746, 102, 762, 758, 1566]"
1000,"[341, 1270, 1705, 1704, 1274]"
1001,"[409, 1627, 1905, 465, 1073]"
1002,"[98, 89, 1746, 1910, 1875]"
1003,"[1753, 1567, 1704, 1705, 1118]"
1004,"[1202, 410, 1299, 1746, 886]"
1005,"[408, 1334, 1329, 1077, 925]"
1006,"[98, 97, 96, 1746, 102]"
1007,"[978, 976, 974, 972, 971]"
1008,"[1705, 1704, 961, 1085, 1109]"
1009,"[1536, 1076, 424, 1068, 1041]"
1010,"[1907, 89, 1275, 166, 1070]"
1011,"[676, 1713, 1654, 339, 1524]"
1012,"[692, 1726, 846, 1899, 1627]"
1013,"[102, 98, 97, 96, 409]"
1014,"[164, 165, 409, 89, 1202]"
1015,"[89, 164, 113, 1627, 1905]"
1016,"[1915, 101, 112, 1627, 890]"
1017,"[1915, 1299, 1704, 1936, 1863]"
1018,"[1025, 937, 159, 89, 1768]"
1019,"[164, 1897, 1922, 919, 935]"
1020,"[650, 1705, 1704, 449, 1147]"
1021,"[1070, 1907, 878, 1899, 1904]"
1022,"[1916, 1536, 1910, 926, 89]"
1023,"[1273, 447, 1761, 1760, 45]"
1024,"[408, 165, 1196, 603, 913]"
1025,"[1705, 1762, 1758, 1761, 1704]"
1026,"[1760, 1704, 1705, 1774, 1918]"
1027,"[1025, 937, 159, 164, 1907]"
1028,"[1758, 1705, 1704, 1762, 1936]"
1029,"[376, 1021, 374, 265, 1037]"
1030,"[616, 618, 443, 1029, 1705]"
1031,"[1637, 451, 1202, 410, 843]"
1032,"[1753, 1627, 1904, 1299, 1899]"
1033,"[615, 1920, 1638, 1899, 1299]"
1034,"[1924, 1636, 442, 275, 16]"
1035,"[657, 648, 1818, 1819, 1820]"
1036,"[920, 1677, 1025, 937, 159]"
1037,"[97, 96, 98, 1607, 1298]"
1038,"[846, 451, 1275, 449, 692]"
1039,"[1024, 98, 1626, 1106, 89]"
1040,"[1073, 98, 97, 96, 1202]"
1041,"[928, 175, 1014, 1649, 670]"
1042,"[1659, 116, 978, 976, 974]"
1043,"[952, 1038, 1076, 1257, 265]"
1044,"[1750, 926, 60, 125, 408]"
1045,"[415, 613, 96, 98, 97]"
1046,"[1592, 98, 1680, 1202, 410]"
1047,"[922, 124, 1133, 1915, 1592]"
1048,"[1706, 1810, 1847, 1845, 1848]"
1049,"[749, 166, 745, 964, 175]"
1050,"[928, 102, 1192, 96, 98]"
1051,"[1746, 1733, 1025, 937, 159]"
1052,"[403, 1029, 1516, 365, 1678]"
1053,"[1700, 1196, 97, 98, 96]"
1054,"[1721, 216, 1766, 1702, 1436]"
1055,"[1627, 1905, 1527, 1118, 1704]"
1056,"[1399, 1449, 1484, 1457, 698]"
1057,"[1040, 1817, 1816, 1130, 1131]"
1058,"[1694, 1704, 1705, 92, 673]"
1059,"[1147, 1705, 692, 1762, 339]"
1060,"[1758, 1762, 860, 1705, 1704]"
1061,"[1753, 1704, 1705, 1609, 1752]"
1062,"[1705, 1704, 1656, 455, 454]"
1063,"[113, 1025, 937, 159, 866]"
1064,"[1910, 1064, 1638, 615, 1899]"
1065,"[165, 89, 1659, 1299, 670]"
1066,"[1927, 1724, 1188, 1613, 1272]"
1067,"[1915, 1676, 124, 1299, 1659]"
1068,"[1704, 1705, 1192, 1299, 1637]"
1069,"[1695, 25, 1038, 412, 878]"
1070,"[89, 1727, 878, 1899, 926]"
1071,"[878, 925, 172, 1077, 788]"
1072,"[1904, 922, 819, 102, 98]"
1073,"[1025, 937, 159, 124, 1904]"
1074,"[1892, 692, 1073, 1300, 1627]"
1075,"[1133, 1705, 1924, 60, 1753]"
1076,"[1660, 791, 1098, 450, 170]"
1077,"[1538, 290, 163, 1202, 410]"
1078,"[1907, 925, 166, 1025, 937]"
1079,"[629, 1196, 98, 96, 1297]"
1080,"[1202, 410, 1659, 1344, 1676]"
1081,"[1043, 1193, 197, 1202, 410]"
1082,"[1803, 1796, 1704, 1705, 1246]"
1083,"[1915, 1627, 89, 1899, 415]"
1084,"[1900, 350, 1159, 1704, 1831]"
1085,"[1130, 1040, 265, 1137, 1133]"
1086,"[1904, 1025, 937, 159, 455]"
1087,"[1924, 1724, 1277, 98, 1904]"
1088,"[89, 1727, 440, 165, 1907]"
1089,"[1592, 286, 165, 1760, 1761]"
1090,"[620, 470, 98, 1907, 1202]"
1091,"[1704, 1705, 1690, 1762, 1758]"
1092,"[1590, 939, 1704, 982, 981]"
1093,"[1058, 468, 480, 907, 211]"
1094,"[1721, 108, 141, 212, 136]"
1095,"[1026, 1829, 1827, 1061, 175]"
1096,"[1915, 1064, 128, 1825, 1363]"
1097,"[1907, 778, 1025, 937, 159]"
1098,"[1437, 1300, 1795, 560, 1762]"
1099,"[749, 1746, 98, 97, 96]"
1100,"[98, 97, 96, 1526, 1915]"
1101,"[956, 1034, 1118, 165, 985]"
1102,"[1924, 1904, 455, 1769, 1627]"
1103,"[290, 1704, 1185, 1761, 1760]"
1104,"[1705, 1704, 1689, 1648, 731]"
1105,"[140, 145, 916, 148, 147]"
1106,"[1704, 1762, 1758, 1910, 1600]"
1107,"[1694, 1907, 113, 878, 1753]"
1108,"[821, 1705, 1935, 1936, 1853]"
1109,"[946, 189, 192, 193, 435]"
1110,"[1762, 1147, 1705, 310, 1758]"
1111,"[584, 1758, 1246, 1705, 1704]"
1112,"[1070, 1277, 676, 98, 1608]"
1113,"[359, 270, 1244, 989, 1123]"
1114,"[1192, 1762, 1758, 1264, 1649]"
1115,"[1753, 1761, 1760, 37, 821]"
1116,"[1907, 1897, 1922, 89, 166]"
1117,"[1907, 409, 89, 1627, 1526]"
1118,"[783, 1202, 410, 440, 1025]"
1119,"[692, 1705, 1726, 846, 1704]"
1120,"[1612, 1299, 1065, 920, 1574]"
1121,"[112, 890, 1795, 1704, 1705]"
1122,"[274, 276, 272, 281, 136]"
1123,"[1018, 98, 97, 96, 1677]"
1124,"[125, 1677, 1202, 410, 692]"
1125,"[408, 216, 965, 1675, 442]"
1126,"[961, 1918, 979, 1753, 989]"
1127,"[1587, 463, 467, 1771, 1627]"
1128,"[1118, 929, 172, 1914, 1705]"
1129,"[878, 618, 966, 958, 116]"
1130,"[1905, 1627, 1527, 276, 1907]"
1131,"[1705, 1704, 97, 98, 96]"
1132,"[971, 1916, 1875, 1299, 408]"
1133,"[1902, 60, 408, 112, 1900]"
1134,"[1147, 1819, 1818, 1817, 1816]"
1135,"[1739, 333, 1704, 102, 1138]"
1136,"[1636, 438, 1637, 455, 1627]"
1137,"[165, 1202, 410, 1659, 920]"
1138,"[1897, 1922, 1907, 1526, 773]"
1139,"[1918, 979, 73, 911, 1107]"
1140,"[1773, 1776, 1757, 1723, 468]"
1141,"[346, 1899, 1044, 1064, 1758]"
1142,"[1049, 211, 980, 728, 1649]"
1143,"[102, 112, 651, 653, 656]"
1144,"[1770, 965, 273, 216, 442]"
1145,"[1761, 1784, 1758, 1578, 1705]"
1146,"[290, 313, 1141, 1064, 276]"
1147,"[344, 339, 334, 676, 289]"
1148,"[1188, 1061, 374, 670, 149]"
1149,"[1032, 1147, 1704, 1758, 1705]"
1150,"[440, 618, 698, 368, 616]"
1151,"[1762, 1758, 1705, 1704, 1803]"
1152,"[1904, 1638, 1627, 1899, 1192]"
1153,"[1736, 706, 1907, 369, 926]"
1154,"[1727, 1780, 1779, 1769, 1800]"
1155,"[706, 739, 1733, 773, 447]"
1156,"[408, 1915, 1911, 985, 984]"
1157,"[171, 165, 89, 124, 1300]"
1158,"[1695, 114, 1192, 455, 1704]"
1159,"[1746, 409, 102, 819, 165]"
1160,"[692, 1726, 846, 1705, 1704]"
1161,"[1202, 410, 1193, 985, 1916]"
1162,"[1637, 1899, 1147, 1705, 1704]"
1163,"[1627, 1899, 89, 1529, 1922]"
1164,"[1025, 937, 159, 164, 165]"
1165,"[735, 1672, 168, 926, 921]"
1166,"[1006, 207, 1632, 973, 968]"
1167,"[707, 1795, 370, 1183, 1704]"
1168,"[1014, 920, 259, 165, 959]"
1169,"[408, 1915, 1936, 1344, 1202]"
1170,"[663, 1762, 440, 1758, 1147]"
1171,"[1915, 409, 102, 60, 98]"
1172,"[1762, 1760, 1761, 1704, 1536]"
1173,"[409, 89, 1727, 1627, 924]"
1174,"[1924, 1904, 1638, 1627, 1899]"
1175,"[165, 1202, 410, 984, 211]"
1176,"[1796, 1705, 1704, 695, 1085]"
1177,"[439, 333, 110, 1274, 455]"
1178,"[692, 846, 1726, 1705, 1704]"
1179,"[1299, 25, 1750, 164, 416]"
1180,"[1727, 89, 415, 1297, 1916]"
1181,"[1635, 902, 408, 259, 98]"
1182,"[97, 98, 96, 1746, 102]"
1183,"[1740, 791, 779, 643, 1725]"
1184,"[961, 275, 435, 912, 1918]"
1185,"[435, 1727, 696, 695, 1760]"
1186,"[1025, 937, 159, 1040, 1049]"
1187,"[1916, 126, 1202, 410, 97]"
1188,"[284, 171, 926, 1297, 403]"
1189,"[990, 348, 284, 1753, 999]"
1190,"[629, 1924, 423, 126, 409]"
1191,"[1907, 165, 89, 937, 159]"
1192,"[455, 89, 1627, 1239, 416]"
1193,"[1705, 1704, 1753, 1792, 1791]"
1194,"[175, 1048, 92, 670, 823]"
1195,"[1700, 928, 79, 1106, 1654]"
1196,"[1750, 1196, 423, 1244, 24]"
1197,"[1526, 113, 1627, 1899, 1905]"
1198,"[112, 89, 1076, 1907, 1899]"
1199,"[1907, 175, 1910, 1030, 102]"
1200,"[1769, 1760, 1761, 1889, 1567]"
1201,"[1772, 250, 1907, 370, 1705]"
1202,"[1924, 410, 1536, 890, 112]"
1203,"[106, 1922, 1897, 455, 165]"
1204,"[1192, 1904, 116, 819, 102]"
1205,"[1148, 1695, 1899, 1147, 89]"
1206,"[1675, 1298, 1261, 1260, 1259]"
1207,"[1836, 1837, 1833, 1828, 922]"
1208,"[1098, 450, 1832, 1815, 1484]"
1209,"[1905, 1907, 1627, 164, 1527]"
1210,"[125, 371, 1120, 1772, 326]"
1211,"[1769, 862, 1761, 819, 339]"
1212,"[89, 164, 937, 159, 113]"
1213,"[1704, 1104, 1705, 692, 455]"
1214,"[70, 920, 926, 1705, 1704]"
1215,"[258, 1202, 410, 98, 408]"
1216,"[1825, 914, 913, 205, 154]"
1217,"[406, 407, 478, 759, 89]"
1218,"[98, 1118, 1114, 405, 1887]"
1219,"[692, 1899, 1695, 102, 441]"
1220,"[112, 890, 97, 96, 98]"
1221,"[116, 1758, 1705, 692, 1910]"
1222,"[1750, 164, 125, 98, 1300]"
1223,"[922, 441, 1904, 1705, 1704]"
1224,"[1068, 102, 97, 96, 98]"
1225,"[1085, 435, 961, 1704, 1705]"
1226,"[1752, 1746, 102, 676, 1655]"
1227,"[60, 1659, 451, 603, 125]"
1228,"[164, 165, 985, 89, 1659]"
1229,"[1523, 1277, 1192, 455, 291]"
1230,"[1758, 447, 1273, 1762, 455]"
1231,"[1523, 1277, 46, 811, 860]"
1232,"[1915, 958, 624, 1299, 1795]"
1233,"[924, 1713, 175, 1745, 1671]"
1234,"[128, 1921, 1915, 1752, 928]"
1235,"[1705, 1704, 1753, 1899, 1627]"
1236,"[1758, 1762, 860, 1705, 1704]"
1237,"[1520, 1620, 1551, 1258, 1526]"
1238,"[1049, 1149, 1029, 1027, 1041]"
1239,"[1698, 1793, 408, 1705, 1704]"
1240,"[752, 1274, 1910, 116, 1899]"
1241,"[222, 312, 618, 1758, 1786]"
1242,"[1905, 95, 93, 1627, 1527]"
1243,"[1627, 1905, 1527, 168, 1160]"
1244,"[1071, 1748, 811, 1745, 1904]"
1245,"[1915, 1275, 60, 449, 451]"
1246,"[1536, 89, 1202, 410, 1677]"
1247,"[89, 113, 409, 165, 920]"
1248,"[1918, 979, 1758, 1762, 89]"
1249,"[1627, 1899, 1910, 166, 89]"
1250,"[1705, 1704, 1803, 1762, 1758]"
1251,"[1071, 415, 1705, 868, 1704]"
1252,"[171, 60, 878, 89, 926]"
1253,"[97, 96, 1924, 98, 1904]"
1254,"[1705, 1704, 1649, 1176, 1627]"
1255,"[1030, 1202, 410, 925, 1073]"
1256,"[1050, 166, 1066, 1030, 1018]"
1257,"[1025, 937, 159, 1907, 773]"
1258,"[675, 353, 922, 1173, 1833]"
1259,"[432, 1030, 1705, 1704, 862]"
1260,"[165, 926, 1907, 1924, 89]"
1261,"[1045, 1042, 1035, 1028, 1027]"
1262,"[981, 223, 983, 1052, 351]"
1263,"[89, 165, 1907, 1526, 98]"
1264,"[1032, 1758, 1762, 1775, 108]"
1265,"[1720, 749, 426, 1582, 1718]"
1266,"[1704, 1899, 1910, 1926, 1904]"
1267,"[819, 922, 1904, 1025, 937]"
1268,"[171, 878, 1193, 1746, 98]"
1269,"[60, 1249, 16, 1721, 116]"
1270,"[116, 819, 922, 1774, 1704]"
1271,"[1567, 1704, 164, 1069, 37]"
1272,"[70, 353, 1025, 159, 937]"
1273,"[139, 938, 1204, 807, 606]"
1274,"[1746, 89, 113, 878, 171]"
1275,"[1904, 1192, 692, 455, 454]"
1276,"[97, 96, 98, 1627, 1904]"
1277,"[1147, 1936, 652, 310, 618]"
1278,"[1726, 846, 692, 451, 922]"
1279,"[1924, 692, 409, 1721, 1746]"
1280,"[60, 848, 409, 441, 1083]"
1281,"[89, 166, 1905, 164, 1910]"
1282,"[749, 171, 1670, 1795, 403]"
1283,"[164, 165, 1025, 937, 159]"
1284,"[1636, 442, 1899, 1627, 1904]"
1285,"[1772, 1924, 30, 50, 618]"
1286,"[1907, 1627, 1527, 1905, 904]"
1287,"[408, 688, 1299, 1202, 410]"
1288,"[1907, 926, 89, 165, 1677]"
1289,"[1762, 676, 628, 922, 695]"
1290,"[1118, 1085, 1926, 1753, 1803]"
1291,"[408, 1915, 1675, 1552, 200]"
1292,"[1654, 1133, 1727, 925, 1129]"
1293,"[1007, 998, 260, 259, 222]"
1294,"[1076, 255, 222, 1047, 1548]"
1295,"[1705, 1704, 961, 1085, 1109]"
1296,"[1062, 318, 675, 165, 149]"
1297,"[222, 265, 255, 1681, 126]"
1298,"[1052, 695, 1071, 1627, 89]"
1299,"[1049, 1304, 1054, 410, 1202]"
1300,"[1071, 1907, 1727, 1748, 1069]"
1301,"[904, 1117, 1070, 1627, 320]"
1302,"[1548, 1077, 1043, 1149, 1026]"
1303,"[1627, 1899, 89, 1526, 409]"
1304,"[410, 1202, 1133, 1183, 97]"
1305,"[1587, 463, 467, 1771, 465]"
1306,"[1659, 1836, 1592, 165, 1590]"
1307,"[1722, 1257, 333, 688, 1062]"
1308,"[1762, 1758, 1705, 1704, 110]"
1309,"[1774, 819, 922, 1704, 1766]"
1310,"[1627, 409, 1905, 1034, 922]"
1311,"[1746, 1907, 1025, 159, 926]"
1312,"[921, 1025, 937, 159, 165]"
1313,"[1705, 1704, 318, 1875, 89]"
1314,"[1659, 997, 265, 1632, 408]"
1315,"[1771, 1042, 172, 929, 936]"
1316,"[1273, 447, 1899, 615, 1910]"
1317,"[1297, 154, 1165, 959, 7]"
1318,"[921, 1049, 1592, 919, 938]"
1319,"[164, 211, 403, 980, 985]"
1320,"[1750, 1202, 410, 1676, 1677]"
1321,"[139, 1690, 97, 96, 1014]"
1322,"[1899, 1627, 1910, 1904, 1704]"
1323,"[920, 164, 922, 165, 1193]"
1324,"[1704, 1705, 1800, 1780, 1779]"
1325,"[171, 128, 1118, 1752, 172]"
1326,"[1273, 447, 1100, 308, 307]"
1327,"[1818, 1815, 1817, 1811, 1813]"
1328,"[455, 1899, 1627, 1638, 166]"
1329,"[1064, 89, 116, 451, 1704]"
1330,"[1068, 1063, 1905, 1897, 1922]"
1331,"[387, 385, 1647, 1178, 1163]"
1332,"[1907, 959, 1924, 1303, 1030]"
1333,"[1907, 1025, 937, 159, 89]"
1334,"[165, 1299, 89, 920, 603]"
1335,"[1612, 896, 1300, 318, 956]"
1336,"[1704, 1705, 40, 21, 36]"
1337,"[1196, 165, 926, 658, 1746]"
1338,"[728, 956, 725, 1666, 403]"
1339,"[1760, 1758, 1762, 1705, 1704]"
1340,"[89, 166, 1905, 1627, 164]"
1341,"[1627, 113, 43, 1904, 1790]"
1342,"[1922, 396, 1035, 1627, 1529]"
1343,"[937, 159, 1025, 1899, 60]"
1344,"[868, 1748, 1071, 1627, 176]"
1345,"[1646, 843, 1526, 930, 171]"
1346,"[1536, 1064, 424, 1704, 1705]"
1347,"[1055, 1890, 1909, 1910, 1025]"
1348,"[615, 1910, 89, 1202, 410]"
1349,"[1924, 112, 1526, 409, 878]"
1350,"[113, 165, 89, 171, 920]"
1351,"[408, 1750, 101, 116, 165]"
1352,"[1032, 1926, 1910, 1147, 1907]"
1353,"[1875, 165, 629, 1820, 1815]"
1354,"[1907, 1704, 1705, 1775, 1769]"
1355,"[1275, 447, 1273, 449, 687]"
1356,"[408, 1363, 728, 1077, 1704]"
1357,"[1904, 1025, 937, 159, 1567]"
1358,"[98, 1073, 1025, 937, 159]"
1359,"[432, 1636, 1275, 410, 1202]"
1360,"[856, 1676, 1299, 1298, 1936]"
1361,"[89, 1907, 1924, 937, 159]"
1362,"[106, 409, 1620, 1520, 98]"
1363,"[928, 1026, 1705, 1768, 1753]"
1364,"[455, 1762, 1758, 1760, 1761]"
1365,"[1926, 1899, 1070, 692, 1904]"
1366,"[928, 409, 1067, 1150, 100]"
1367,"[1759, 1793, 1791, 1792, 710]"
1368,"[926, 1915, 1183, 1042, 60]"
1369,"[152, 900, 271, 1205, 1659]"
1370,"[1753, 1085, 961, 435, 1758]"
1371,"[1627, 1899, 89, 1904, 1915]"
1372,"[1147, 1926, 1073, 1907, 1552]"
1373,"[956, 1025, 937, 159, 408]"
1374,"[1758, 1192, 1762, 1627, 1118]"
1375,"[1905, 1627, 1527, 878, 1915]"
1376,"[1916, 615, 1899, 1638, 1202]"
1377,"[1904, 1884, 455, 1738, 1627]"
1378,"[1889, 1769, 1567, 1904, 409]"
1379,"[346, 1147, 1285, 1704, 1705]"
1380,"[1073, 1025, 937, 159, 165]"
1381,"[1249, 1752, 1911, 823, 408]"
1382,"[1915, 1068, 1063, 1118, 929]"
1383,"[408, 1627, 112, 1899, 952]"
1384,"[1130, 1815, 1814, 1813, 1812]"
1385,"[1758, 1914, 1762, 1795, 1118]"
1386,"[193, 1705, 1704, 191, 950]"
1387,"[89, 1727, 1176, 1131, 1123]"
1388,"[171, 1275, 449, 98, 1272]"
1389,"[1762, 1758, 1795, 297, 1118]"
1390,"[1704, 1705, 1761, 1760, 1249]"
1391,"[1192, 1762, 1704, 1896, 97]"
1392,"[675, 1538, 1556, 154, 1537]"
1393,"[890, 112, 402, 449, 455]"
1394,"[389, 1184, 1166, 1014, 125]"
1395,"[1203, 1649, 108, 1783, 1176]"
1396,"[1436, 1464, 1772, 1456, 1451]"
1397,"[1704, 1275, 1760, 1758, 1762]"
1398,"[171, 408, 728, 1543, 1133]"
1399,"[1726, 116, 846, 1760, 1761]"
1400,"[1280, 1118, 95, 1758, 1762]"
1401,"[1721, 276, 60, 272, 274]"
1402,"[1601, 1705, 1704, 1762, 455]"
1403,"[341, 706, 344, 338, 291]"
1404,"[1721, 1270, 1557, 1727, 773]"
1405,"[1246, 1705, 1704, 1147, 1772]"
1406,"[1627, 1746, 878, 409, 1899]"
1407,"[1750, 1774, 1705, 1704, 1021]"
1408,"[1706, 1659, 1592, 1338, 1837]"
1409,"[89, 164, 166, 1526, 465]"
1410,"[819, 1655, 1676, 1299, 1298]"
1411,"[424, 1769, 1192, 1705, 1704]"
1412,"[919, 1706, 1810, 1736, 1863]"
1413,"[441, 1762, 1636, 692, 1025]"
1414,"[1904, 922, 1899, 1489, 175]"
1415,"[116, 1916, 1147, 1279, 849]"
1416,"[670, 1202, 410, 98, 97]"
1417,"[1613, 1025, 937, 159, 1704]"
1418,"[409, 164, 98, 1677, 171]"
1419,"[126, 165, 1202, 410, 1299]"
1420,"[97, 96, 1910, 89, 1114]"
1421,"[1523, 1157, 1277, 455, 811]"
1422,"[1627, 1899, 43, 1613, 287]"
1423,"[846, 1726, 692, 1705, 1277]"
1424,"[1523, 1908, 679, 811, 1204]"
1425,"[424, 289, 1758, 989, 1762]"
1426,"[1025, 937, 159, 1907, 620]"
1427,"[1118, 956, 1762, 878, 1795]"
1428,"[956, 1118, 1627, 1617, 711]"
1429,"[1853, 1630, 749, 923, 161]"
1430,"[1567, 1746, 1660, 791, 1910]"
1431,"[760, 1746, 1705, 1704, 677]"
1432,"[89, 98, 1526, 1627, 1916]"
1433,"[1907, 113, 89, 1727, 440]"
1434,"[1762, 1758, 1803, 1796, 1704]"
1435,"[1071, 1795, 1758, 1594, 1584]"
1436,"[1705, 1704, 1795, 1889, 1089]"
1437,"[670, 1704, 1916, 1202, 410]"
1438,"[382, 1627, 89, 1727, 1899]"
1439,"[424, 1065, 1118, 166, 1066]"
1440,"[1760, 1761, 920, 165, 1677]"
1441,"[1272, 1248, 920, 265, 1724]"
1442,"[1044, 60, 1676, 603, 89]"
1443,"[1795, 1705, 1704, 1675, 1659]"
1444,"[922, 1690, 319, 360, 1924]"
1445,"[1915, 1592, 1014, 259, 1704]"
1446,"[1910, 1529, 1526, 1076, 1899]"
1447,"[435, 643, 1762, 1758, 1705]"
1448,"[1025, 937, 159, 165, 1909]"
1449,"[1907, 1746, 926, 1041, 171]"
1450,"[1893, 1724, 1255, 1025, 937]"
1451,"[1902, 1926, 1073, 1552, 1921]"
1452,"[956, 295, 343, 297, 1027]"
1453,"[1916, 1727, 1297, 1793, 1792]"
1454,"[98, 97, 96, 924, 405]"
1455,"[985, 1073, 1202, 410, 290]"
1456,"[455, 60, 165, 1924, 1705]"
1457,"[1070, 1064, 884, 711, 1910]"
1458,"[318, 1627, 424, 929, 171]"
1459,"[1096, 437, 1087, 1076, 306]"
1460,"[89, 166, 1907, 465, 1076]"
1461,"[1592, 692, 773, 1304, 1109]"
1462,"[1705, 1704, 1627, 1753, 1926]"
1463,"[1025, 1202, 410, 409, 1746]"
1464,"[89, 1926, 1905, 1627, 1527]"
1465,"[1545, 165, 409, 1907, 89]"
1466,"[926, 292, 1637, 125, 164]"
1467,"[126, 866, 705, 165, 1073]"
1468,"[461, 462, 1705, 98, 1550]"
1469,"[1130, 124, 692, 1677, 165]"
1470,"[1911, 985, 984, 983, 982]"
1471,"[1627, 1905, 1527, 318, 878]"
1472,"[846, 692, 1277, 1924, 116]"
1473,"[1915, 1041, 1202, 410, 165]"
1474,"[1527, 1627, 1905, 317, 296]"
1475,"[1064, 878, 1926, 424, 1529]"
1476,"[332, 1136, 1727, 704, 1580]"
1477,"[956, 1567, 1065, 1118, 1905]"
1478,"[1526, 1907, 97, 96, 89]"
1479,"[819, 116, 339, 1277, 98]"
1480,"[920, 113, 89, 1627, 921]"
1481,"[1915, 924, 620, 470, 1028]"
1482,"[1526, 89, 435, 98, 412]"
1483,"[415, 412, 1299, 902, 1676]"
1484,"[1705, 1704, 1762, 1758, 106]"
1485,"[1026, 207, 973, 972, 971]"
1486,"[124, 102, 1201, 683, 161]"
1487,"[408, 920, 1843, 1844, 1845]"
1488,"[1924, 124, 692, 1899, 609]"
1489,"[1636, 1907, 165, 438, 926]"
1490,"[102, 1746, 291, 455, 454]"
1491,"[289, 1758, 678, 1273, 447]"
1492,"[1073, 972, 971, 970, 969]"
1493,"[1627, 878, 409, 318, 112]"
1494,"[1536, 1025, 937, 159, 112]"
1495,"[438, 1636, 615, 1727, 1807]"
1496,"[1924, 98, 1610, 449, 60]"
1497,"[1769, 1567, 1795, 1705, 16]"
1498,"[643, 653, 1070, 1112, 1143]"
1499,"[1705, 1704, 848, 692, 510]"
1500,"[1704, 106, 1761, 1760, 1705]"
1501,"[510, 1795, 1704, 1705, 1675]"
1502,"[921, 164, 1185, 410, 1676]"
1503,"[1157, 1724, 1042, 1035, 1916]"
1504,"[1800, 1780, 1779, 989, 917]"
1505,"[1638, 1627, 1202, 410, 902]"
1506,"[211, 1705, 1704, 980, 985]"
1507,"[900, 1303, 1607, 97, 96]"
1508,"[98, 467, 97, 96, 1309]"
1509,"[1913, 900, 165, 1607, 1303]"
1510,"[1705, 1704, 1758, 1762, 211]"
1511,"[728, 1141, 1746, 140, 1733]"
1512,"[1068, 1066, 1705, 1185, 1927]"
1513,"[165, 164, 1202, 410, 409]"
1514,"[1016, 273, 278, 270, 154]"
1515,"[1790, 16, 445, 1762, 1758]"
1516,"[1769, 130, 1880, 372, 1753]"
1517,"[408, 1185, 1675, 1344, 1025]"
1518,"[698, 1753, 1704, 1921, 37]"
1519,"[114, 1705, 16, 1704, 1760]"
1520,"[628, 1713, 1704, 1705, 1670]"
1521,"[866, 1119, 314, 1036, 793]"
1522,"[1752, 1025, 937, 159, 1843]"
1523,"[1750, 101, 112, 890, 1904]"
1524,"[114, 16, 618, 1772, 396]"
1525,"[435, 946, 192, 961, 1156]"
1526,"[924, 302, 297, 294, 1659]"
1527,"[778, 1705, 1704, 997, 1916]"
1528,"[1746, 98, 97, 96, 1599]"
1529,"[628, 96, 97, 98, 1705]"
1530,"[1552, 1915, 1926, 1147, 1528]"
1531,"[1025, 937, 159, 1042, 1070]"
1532,"[1704, 1705, 1675, 902, 911]"
1533,"[1918, 979, 211, 1317, 1344]"
1534,"[424, 1704, 346, 292, 1758]"
1535,"[1936, 1025, 937, 159, 1066]"
1536,"[929, 172, 919, 927, 985]"
1537,"[1704, 1705, 1768, 728, 1035]"
1538,"[16, 1611, 455, 454, 1064]"
1539,"[925, 1117, 866, 937, 1922]"
1540,"[1064, 1762, 1758, 1705, 1704]"
1541,"[1185, 1675, 1025, 1746, 1921]"
1542,"[1567, 16, 1067, 1702, 1705]"
1543,"[1705, 1802, 1761, 1760, 134]"
1544,"[1027, 1119, 1025, 937, 159]"
1545,"[1705, 692, 1192, 1032, 116]"
1546,"[1917, 1187, 379, 1748, 868]"
1547,"[374, 959, 1704, 73, 1721]"
1548,"[1705, 1704, 1758, 1818, 1820]"
1549,"[1705, 1704, 164, 1567, 1650]"
1550,"[1157, 1035, 1724, 102, 1627]"
1551,"[1704, 1795, 1273, 447, 34]"
1552,"[165, 1202, 410, 926, 1659]"
1553,"[1764, 1759, 1570, 73, 618]"
1554,"[1769, 130, 1880, 1753, 372]"
1555,"[1769, 1880, 108, 1157, 1705]"
1556,"[112, 102, 676, 409, 890]"
1557,"[1705, 1704, 435, 1299, 1183]"
1558,"[455, 1924, 465, 1312, 1704]"
1559,"[1705, 1704, 1761, 372, 1098]"
1560,"[1705, 1704, 1753, 1567, 1300]"
1561,"[16, 114, 454, 106, 1742]"
1562,"[1120, 1070, 464, 919, 175]"
1563,"[372, 1042, 374, 1753, 1567]"
1564,"[1899, 1147, 440, 451, 116]"
1565,"[97, 96, 937, 159, 1025]"
1566,"[1704, 1705, 1792, 1791, 468]"
1567,"[920, 1488, 1025, 937, 159]"
1568,"[1670, 923, 161, 749, 1320]"
1569,"[1567, 1185, 1557, 1705, 1704]"
1570,"[699, 866, 1062, 319, 1134]"
1571,"[98, 97, 96, 1299, 1676]"
1572,"[438, 1907, 692, 89, 773]"
1573,"[73, 946, 1792, 1791, 1775]"
1574,"[1772, 1753, 618, 1754, 1705]"
1575,"[1704, 1705, 1795, 1675, 902]"
1576,"[1120, 1299, 624, 292, 435]"
1577,"[1041, 288, 197, 1029, 1705]"
1578,"[171, 911, 1675, 902, 1428]"
1579,"[440, 116, 114, 455, 1753]"
1580,"[116, 1192, 114, 455, 454]"
1581,"[114, 1610, 455, 1192, 60]"
1582,"[1924, 692, 165, 1249, 922]"
1583,"[1038, 371, 1705, 1704, 380]"
1584,"[1068, 1063, 694, 28, 60]"
1585,"[1704, 1918, 979, 211, 1795]"
1586,"[455, 416, 1704, 435, 1907]"
1587,"[1627, 409, 73, 985, 1025]"
1588,"[1607, 97, 96, 98, 884]"
1589,"[926, 1676, 89, 1202, 410]"
1590,"[966, 371, 451, 116, 440]"
1591,"[1306, 462, 1550, 171, 98]"
1592,"[1639, 1916, 1043, 297, 1695]"
1593,"[1776, 1757, 1773, 73, 468]"
1594,"[1646, 409, 780, 124, 1705]"
1595,"[658, 793, 628, 1320, 1133]"
1596,"[1916, 1910, 1704, 1705, 199]"
1597,"[1704, 379, 1917, 1161, 1762]"
1598,"[98, 97, 96, 1202, 410]"
1599,"[1607, 1552, 98, 97, 96]"
1600,"[737, 719, 1761, 1760, 211]"
1601,"[1157, 1916, 1299, 1607, 435]"
1602,"[355, 1257, 971, 730, 357]"
1603,"[1287, 1877, 1895, 1570, 1705]"
1604,"[1157, 1035, 1255, 1724, 1627]"
1605,"[1915, 1750, 408, 60, 112]"
1606,"[1727, 1157, 1704, 1728, 1705]"
1607,"[1728, 1557, 89, 1746, 441]"
1608,"[1793, 1792, 989, 1790, 1791]"
1609,"[1762, 1761, 1758, 1705, 1704]"
1610,"[651, 628, 637, 663, 656]"
1611,"[1835, 211, 893, 980, 1872]"
1612,"[1875, 1704, 1705, 1269, 165]"
1613,"[1099, 222, 223, 1541, 1925]"
1614,"[98, 1910, 291, 1913, 467]"
1615,"[904, 923, 161, 1713, 102]"
1616,"[96, 1676, 1299, 1298, 1700]"
1617,"[1277, 692, 1726, 846, 1192]"
1618,"[1529, 1916, 341, 1588, 1899]"
1619,"[455, 1192, 112, 1070, 1910]"
1620,"[728, 352, 920, 1257, 1054]"
1621,"[1924, 692, 116, 451, 1604]"
1622,"[1544, 98, 692, 1202, 410]"
1623,"[1775, 1768, 108, 1769, 1721]"
1624,"[781, 1936, 1428, 1098, 450]"
1625,"[1164, 866, 392, 1188, 663]"
1626,"[1750, 1915, 408, 125, 124]"
1627,"[1256, 1027, 1704, 1609, 1277]"
1628,"[455, 454, 16, 465, 313]"
1629,"[1752, 1926, 1758, 1118, 37]"
1630,"[925, 1118, 964, 1874, 1865]"
1631,"[1261, 410, 1202, 1746, 165]"
1632,"[1192, 1704, 1567, 1705, 16]"
1633,"[906, 1675, 408, 163, 60]"
1634,"[1915, 1913, 1137, 175, 379]"
1635,"[165, 1147, 1025, 937, 159]"
1636,"[211, 1705, 1704, 980, 985]"
1637,"[692, 1726, 846, 1705, 1704]"
1638,"[37, 480, 1272, 900, 1261]"
1639,"[1025, 937, 159, 165, 1202]"
1640,"[1762, 1760, 1761, 1758, 211]"
1641,"[1924, 116, 1750, 1676, 60]"
1642,"[372, 98, 124, 1193, 1272]"
1643,"[1917, 1185, 408, 692, 108]"
1644,"[1607, 97, 435, 98, 949]"
1645,"[1746, 1721, 338, 675, 1705]"
1646,"[410, 1202, 1184, 346, 707]"
1647,"[1910, 308, 116, 1704, 1192]"
1648,"[116, 692, 1192, 1277, 1726]"
1649,"[435, 1638, 1157, 1627, 961]"
1650,"[1916, 1147, 1178, 1085, 17]"
1651,"[372, 374, 862, 1704, 1705]"
1652,"[1193, 985, 207, 886, 978]"
1653,"[130, 1769, 1567, 1880, 1753]"
1654,"[1070, 1638, 435, 1157, 1627]"
1655,"[1171, 1705, 1704, 1064, 344]"
1656,"[1675, 408, 1676, 89, 112]"
1657,"[1727, 1567, 16, 98, 97]"
1658,"[1607, 1705, 935, 168, 1704]"
1659,"[1310, 98, 97, 96, 1866]"
1660,"[449, 1192, 1599, 435, 1188]"
1661,"[125, 1676, 1675, 165, 408]"
1662,"[1762, 16, 114, 314, 1567]"
1663,"[318, 711, 676, 937, 1025]"
1664,"[1441, 1704, 1752, 1887, 1705]"
1665,"[1760, 1761, 1617, 1762, 1758]"
1666,"[1567, 1896, 98, 97, 96]"
1667,"[1704, 1705, 1795, 1675, 902]"
1668,"[1066, 926, 1920, 615, 403]"
1669,"[289, 291, 338, 98, 97]"
1670,"[171, 424, 1320, 1705, 1704]"
1671,"[16, 1705, 467, 1704, 1064]"
1672,"[97, 96, 1607, 1517, 98]"
1673,"[1567, 440, 455, 454, 783]"
1674,"[1926, 116, 112, 890, 101]"
1675,"[108, 455, 1042, 1025, 937]"
1676,"[1704, 1694, 1044, 95, 1921]"
1677,"[1784, 1317, 259, 1880, 1769]"
1678,"[1704, 1567, 1155, 1761, 1068]"
1679,"[1910, 1025, 937, 159, 1193]"
1680,"[112, 98, 97, 96, 409]"
1681,"[106, 16, 1705, 1772, 1760]"
1682,"[1654, 955, 1732, 1880, 1202]"
1683,"[878, 890, 112, 1069, 991]"
1684,"[455, 1704, 1761, 1760, 454]"
1685,"[1705, 1704, 1559, 468, 199]"
1686,"[216, 420, 922, 1611, 3]"
1687,"[1894, 1613, 1188, 1185, 1270]"
1688,"[1705, 1904, 1559, 111, 447]"
1689,"[1875, 320, 318, 199, 1910]"
1690,"[1257, 1936, 1277, 1255, 1666]"
1691,"[441, 98, 1924, 1249, 1775]"
1692,"[1630, 1680, 79, 125, 938]"
1693,"[1193, 1202, 410, 985, 1899]"
1694,"[1907, 102, 1746, 409, 124]"
1695,"[1713, 1746, 102, 923, 97]"
1696,"[1937, 424, 947, 1705, 1704]"
1697,"[1701, 126, 1201, 1746, 904]"
1698,"[1272, 89, 1157, 97, 96]"
1699,"[96, 1873, 1836, 1835, 1872]"
1700,"[971, 1202, 410, 1705, 1704]"
1701,"[1713, 1118, 923, 1670, 171]"
1702,"[1677, 1025, 937, 159, 926]"
1703,"[643, 819, 653, 651, 618]"
1704,"[353, 73, 333, 1758, 987]"
1705,"[350, 136, 290, 961, 98]"
1706,"[1627, 924, 318, 1914, 89]"
1707,"[96, 97, 98, 1746, 102]"
1708,"[1915, 1675, 60, 408, 289]"
1709,"[1759, 435, 98, 97, 96]"
1710,"[1007, 998, 260, 259, 222]"
1711,"[314, 1163, 332, 863, 1747]"
1712,"[1201, 1036, 1793, 985, 1675]"
1713,"[821, 1797, 480, 1096, 370]"
1714,"[1552, 346, 756, 755, 751]"
1715,"[701, 1204, 1179, 704, 935]"
1716,"[1704, 1705, 1477, 961, 1727]"
1717,"[1147, 1899, 1758, 1132, 440]"
1718,"[435, 1704, 1727, 1705, 1910]"
1719,"[1064, 1536, 890, 112, 1905]"
1720,"[1030, 408, 1910, 1675, 1921]"
1721,"[1704, 1705, 211, 985, 980]"
1722,"[1750, 692, 435, 1617, 164]"
1723,"[113, 112, 1704, 1705, 289]"
1724,"[1910, 1924, 435, 1907, 1275]"
1725,"[1133, 1592, 171, 1020, 928]"
1726,"[1567, 1705, 16, 1896, 106]"
1727,"[292, 1164, 1523, 1299, 1899]"
1728,"[455, 454, 102, 124, 1627]"
1729,"[455, 1025, 159, 937, 465]"
1730,"[1704, 1705, 1872, 1835, 1675]"
1731,"[1617, 1762, 1637, 1760, 1761]"
1732,"[1704, 1858, 1705, 338, 1752]"
1733,"[374, 1704, 1705, 1727, 773]"
1734,"[1875, 165, 1916, 1202, 410]"
1735,"[193, 191, 435, 1727, 1705]"
1736,"[628, 923, 161, 1746, 102]"
1737,"[408, 1902, 1916, 1272, 1297]"
1738,"[603, 605, 171, 1638, 26]"
1739,"[1705, 1758, 947, 191, 1704]"
1740,"[1676, 1202, 410, 125, 89]"
1741,"[165, 159, 937, 1025, 926]"
1742,"[1670, 1473, 664, 666, 1631]"
1743,"[102, 1746, 97, 96, 350]"
1744,"[1727, 59, 193, 945, 950]"
1745,"[1157, 368, 1769, 1185, 1557]"
1746,"[1704, 1760, 1705, 1137, 1761]"
1747,"[435, 946, 1156, 1727, 1053]"
1748,"[1299, 1250, 1193, 937, 159]"
1749,"[1118, 985, 878, 911, 628]"
1750,"[1607, 98, 97, 96, 1261]"
1751,"[168, 1926, 37, 1761, 1760]"
1752,"[1526, 1192, 98, 97, 96]"
1753,"[16, 114, 924, 920, 176]"
1754,"[1907, 125, 1710, 1647, 1727]"
1755,"[1705, 1704, 1762, 1758, 980]"
1756,"[1747, 865, 863, 935, 168]"
1757,"[1536, 1521, 1064, 1704, 1705]"
1758,"[1915, 297, 926, 1300, 395]"
1759,"[1273, 447, 265, 1772, 1067]"
1760,"[409, 1131, 1713, 440, 1705]"
1761,"[1704, 1040, 1064, 1705, 1910]"
1762,"[1155, 1704, 424, 1567, 1927]"
1763,"[1704, 361, 1705, 364, 533]"
1764,"[1662, 392, 1704, 215, 357]"
1765,"[1695, 171, 420, 603, 878]"
1766,"[1907, 1257, 926, 935, 1202]"
1767,"[1704, 1705, 1760, 1924, 1758]"
1768,"[1915, 1030, 926, 1008, 925]"
1769,"[372, 1724, 1157, 108, 409]"
1770,"[1937, 618, 1762, 1752, 346]"
1771,"[1895, 1705, 1704, 73, 191]"
1772,"[102, 1746, 98, 97, 96]"
1773,"[1898, 961, 1730, 1718, 1380]"
1774,"[1769, 130, 1880, 1753, 372]"
1775,"[1025, 937, 159, 922, 164]"
1776,"[1157, 1035, 1768, 1769, 1704]"
1777,"[1705, 1704, 1769, 1557, 1249]"
1778,"[1704, 1705, 1795, 1675, 902]"
1779,"[1704, 1705, 403, 1795, 1758]"
1780,"[1038, 1161, 389, 371, 1249]"
1781,"[1926, 1899, 1025, 937, 159]"
1782,"[292, 98, 1655, 1636, 442]"
1783,"[1567, 1753, 1704, 1705, 1904]"
1784,"[1646, 1649, 1737, 1789, 1791]"
1785,"[98, 1638, 97, 96, 435]"
1786,"[1179, 1178, 276, 1880, 397]"
1787,"[591, 603, 1675, 165, 60]"
1788,"[902, 1705, 1704, 1795, 1675]"
1789,"[1918, 979, 1795, 1704, 1705]"
1790,"[277, 435, 1028, 1925, 97]"
1791,"[1700, 96, 403, 1320, 866]"
1792,"[1056, 692, 89, 1910, 1899]"
1793,"[1775, 1768, 1760, 1761, 698]"
1794,"[692, 1726, 846, 1705, 1704]"
1795,"[946, 97, 96, 98, 947]"
1796,"[925, 420, 1516, 660, 1552]"
1797,"[1636, 438, 1704, 1705, 216]"
1798,"[1795, 1753, 510, 1704, 1705]"
1799,"[1009, 1013, 243, 257, 350]"
1800,"[1784, 1880, 228, 1727, 98]"
1801,"[350, 281, 55, 136, 98]"
1802,"[126, 171, 902, 97, 96]"
1803,"[126, 920, 1697, 165, 89]"
1804,"[1713, 124, 1670, 1746, 159]"
1805,"[1567, 1896, 1704, 888, 1705]"
1806,"[1062, 284, 401, 1068, 1063]"
1807,"[98, 89, 789, 60, 1036]"
1808,"[1179, 116, 801, 28, 1907]"
1809,"[1617, 1761, 1760, 1758, 1762]"
1810,"[1677, 440, 165, 1202, 410]"
1811,"[692, 1277, 1726, 846, 451]"
1812,"[28, 1188, 1792, 1793, 1789]"
1813,"[1875, 269, 1042, 1299, 403]"
1814,"[980, 144, 985, 1193, 1756]"
1815,"[1676, 1299, 1298, 920, 1904]"
1816,"[1601, 1705, 1761, 1760, 1704]"
1817,"[466, 1705, 1704, 1924, 60]"
1818,"[779, 1068, 1257, 271, 1205]"
1819,"[192, 607, 203, 1796, 946]"
1820,"[442, 1566, 1687, 1265, 1264]"
1821,"[1659, 410, 1202, 1825, 926]"
1822,"[1666, 353, 1911, 152, 762]"
1823,"[1906, 615, 1528, 1271, 1091]"
1824,"[97, 96, 1025, 937, 159]"
1825,"[922, 1746, 618, 304, 98]"
1826,"[675, 660, 1750, 451, 1147]"
1827,"[1196, 928, 1746, 409, 102]"
1828,"[1202, 410, 1073, 1907, 1025]"
1829,"[16, 1705, 1769, 1758, 1704]"
1830,"[165, 1924, 60, 1837, 1828]"
1831,"[1613, 257, 319, 1134, 98]"
1832,"[1073, 1115, 1119, 1704, 1705]"
1833,"[1721, 379, 1040, 1704, 318]"
1834,"[926, 1638, 1899, 1299, 1147]"
1835,"[1924, 455, 60, 451, 466]"
1836,"[454, 98, 97, 96, 16]"
1837,"[373, 365, 1154, 1070, 1704]"
1838,"[116, 114, 1192, 1760, 890]"
1839,"[1704, 1705, 1567, 1529, 1072]"
1840,"[454, 455, 16, 1112, 1704]"
1841,"[1705, 1914, 1730, 1718, 1898]"
1842,"[108, 1721, 1705, 1704, 1746]"
1843,"[408, 1193, 925, 1041, 433]"
1844,"[1636, 165, 164, 692, 102]"
1845,"[1915, 1704, 1344, 1603, 677]"
1846,"[1070, 878, 1704, 1705, 1025]"
1847,"[1607, 98, 1083, 1202, 410]"
1848,"[699, 862, 1705, 210, 980]"
1849,"[1119, 1746, 102, 1550, 1704]"
1850,"[692, 1726, 846, 1277, 1601]"
1851,"[409, 318, 929, 172, 1914]"
1852,"[1185, 408, 295, 1704, 306]"
1853,"[89, 1300, 920, 1705, 926]"
1854,"[102, 97, 96, 1924, 1618]"
1855,"[628, 663, 656, 653, 642]"
1856,"[435, 89, 374, 164, 1704]"
1857,"[1250, 1727, 1259, 1253, 73]"
1858,"[1721, 108, 106, 420, 1249]"
1859,"[1924, 934, 920, 176, 174]"
1860,"[619, 1690, 1197, 1884, 1307]"
1861,"[1936, 1638, 920, 1255, 1676]"
1862,"[1670, 97, 96, 98, 882]"
1863,"[1915, 1916, 1300, 372, 1762]"
1864,"[1607, 1299, 97, 96, 1517]"
1865,"[1607, 98, 1638, 97, 96]"
1866,"[1705, 1704, 601, 468, 1875]"
1867,"[98, 435, 97, 96, 1299]"
1868,"[1705, 1704, 737, 719, 1648]"
1869,"[454, 782, 98, 1915, 435]"
1870,"[1275, 455, 465, 454, 1910]"
1871,"[1704, 1705, 1775, 1760, 1887]"
1872,"[1760, 1761, 1704, 1705, 1064]"
1873,"[692, 60, 921, 1025, 937]"
1874,"[170, 911, 985, 1918, 979]"
1875,"[664, 119, 1700, 666, 431]"
1876,"[1676, 1675, 1299, 902, 1050]"
1877,"[1760, 1704, 1045, 1042, 1035]"
1878,"[1746, 102, 1541, 1025, 937]"
1879,"[164, 166, 89, 921, 1025]"
1880,"[1705, 1704, 1762, 1758, 980]"
1881,"[915, 962, 937, 159, 1025]"
1882,"[165, 409, 125, 1746, 102]"
1883,"[408, 1675, 1915, 1050, 1025]"
1884,"[1705, 1704, 379, 387, 1758]"
1885,"[368, 98, 97, 96, 1746]"
1886,"[108, 455, 1042, 1025, 937]"
1887,"[906, 1915, 1185, 1552, 408]"
1888,"[1705, 1704, 1605, 424, 1747]"
1889,"[98, 97, 96, 102, 1557]"
1890,"[1761, 1769, 1704, 1760, 1705]"
1891,"[1713, 749, 628, 1670, 1746]"
1892,"[455, 89, 454, 114, 60]"
1893,"[292, 1760, 1761, 1617, 1762]"
1894,"[1676, 603, 125, 1275, 1272]"
1895,"[1277, 692, 1726, 846, 1112]"
1896,"[170, 1185, 145, 922, 171]"
1897,"[911, 1001, 1483, 1338, 1915]"
1898,"[89, 1202, 410, 1676, 920]"
1899,"[16, 1760, 1761, 1113, 45]"
1900,"[16, 1704, 46, 1312, 1762]"
1901,"[478, 377, 1147, 906, 60]"
1902,"[408, 207, 978, 971, 970]"
1903,"[1627, 1922, 1897, 43, 120]"
1904,"[1516, 1752, 1705, 1704, 923]"
1905,"[1567, 1705, 16, 1071, 106]"
1906,"[1769, 1567, 1795, 1705, 16]"
1907,"[1157, 89, 372, 165, 603]"
1908,"[1761, 1704, 1705, 509, 1760]"
1909,"[112, 409, 890, 676, 1627]"
1910,"[102, 1202, 410, 1746, 97]"
1911,"[1704, 1705, 1835, 1303, 1675]"
1912,"[370, 1140, 1139, 1037, 1158]"
1913,"[1119, 1745, 1671, 1616, 1717]"
1914,"[1077, 1026, 971, 1030, 1046]"
1915,"[1607, 1517, 1272, 1638, 1608]"
1916,"[1036, 1304, 924, 1566, 1677]"
1917,"[60, 112, 1202, 410, 890]"
1918,"[116, 440, 89, 1899, 60]"
1919,"[1724, 1042, 141, 914, 1025]"
1920,"[97, 96, 98, 1157, 1261]"
1921,"[114, 890, 112, 171, 89]"
1922,"[920, 1761, 1627, 1697, 1705]"
1923,"[1918, 979, 1705, 435, 911]"
1924,"[1705, 1704, 203, 1646, 1845]"
1925,"[1724, 98, 97, 96, 1659]"
1926,"[1907, 455, 454, 89, 1025]"
1927,"[921, 97, 96, 98, 89]"
1928,"[108, 1705, 1704, 1675, 902]"
1929,"[1762, 1705, 989, 1567, 959]"
1930,"[1769, 1705, 16, 1704, 372]"
1931,"[361, 1192, 435, 1916, 779]"
1932,"[1042, 409, 1705, 102, 1627]"
1933,"[1436, 1772, 441, 1704, 1753]"
1934,"[1761, 1760, 1704, 1705, 1924]"
1935,"[1613, 1627, 164, 1899, 920]"
1936,"[1607, 435, 1638, 946, 1608]"
1937,"[1631, 923, 161, 925, 102]"
1938,"[314, 1916, 280, 1313, 1925]"
1939,"[374, 361, 368, 1721, 1705]"
1940,"[1133, 925, 128, 1616, 1916]"
1941,"[101, 408, 1750, 112, 60]"
1942,"[618, 1116, 1795, 1518, 959]"
1943,"[1835, 403, 1705, 1704, 1918]"
1944,"[1913, 1030, 676, 1303, 1887]"
1945,"[302, 297, 294, 98, 126]"
1946,"[297, 435, 108, 1155, 956]"
1947,"[408, 1733, 446, 1196, 604]"
1948,"[286, 219, 1075, 1659, 1649]"
1949,"[1202, 410, 1150, 165, 1659]"
1950,"[455, 1727, 454, 926, 1924]"
1951,"[1557, 1721, 108, 688, 678]"
1952,"[959, 1118, 1727, 1762, 297]"
1953,"[1713, 628, 663, 656, 653]"
1954,"[1611, 1192, 98, 97, 96]"
1955,"[1695, 435, 1192, 412, 878]"
1956,"[1705, 1704, 1761, 1760, 454]"
1957,"[89, 862, 985, 920, 97]"
1958,"[1185, 408, 359, 1636, 1087]"
1959,"[16, 114, 116, 455, 454]"
1960,"[435, 862, 154, 1705, 1793]"
1961,"[906, 408, 455, 60, 116]"
1962,"[1617, 455, 454, 125, 292]"
1963,"[165, 1202, 410, 1659, 1749]"
1964,"[1918, 979, 211, 1832, 1704]"
1965,"[628, 102, 1746, 1704, 1705]"
1966,"[114, 16, 454, 1760, 455]"
1967,"[165, 1202, 410, 98, 171]"
1968,"[456, 454, 461, 16, 1273]"
1969,"[435, 946, 189, 948, 193]"
1970,"[961, 1803, 1479, 1464, 751]"
1971,"[455, 454, 114, 16, 98]"
1972,"[1608, 98, 1607, 97, 96]"
1973,"[96, 211, 1832, 1918, 979]"
1974,"[1636, 438, 1721, 1638, 124]"
1975,"[1070, 372, 1627, 455, 1899]"
1976,"[728, 410, 1202, 1746, 98]"
1977,"[89, 97, 96, 372, 374]"
1978,"[98, 97, 96, 409, 102]"
1979,"[692, 368, 372, 1676, 438]"
1980,"[116, 1113, 1277, 1555, 447]"
1981,"[1704, 1792, 1791, 468, 205]"
1982,"[1705, 1085, 1704, 1788, 1789]"
1983,"[113, 890, 112, 171, 98]"
1984,"[1607, 1638, 435, 1272, 1608]"
1985,"[1246, 1772, 371, 1761, 1760]"
1986,"[1918, 979, 154, 989, 1899]"
1987,"[1073, 925, 1066, 320, 403]"
1988,"[1627, 1899, 124, 1904, 321]"
1989,"[408, 1675, 395, 692, 1915]"
1990,"[1746, 1916, 1910, 1025, 937]"
1991,"[846, 692, 693, 1726, 1705]"
1992,"[1142, 435, 946, 633, 97]"
1993,"[435, 1758, 1085, 961, 154]"
1994,"[1590, 1680, 175, 187, 985]"
1995,"[60, 449, 1275, 98, 97]"
1996,"[116, 455, 1762, 1758, 114]"
1997,"[961, 192, 728, 724, 738]"
1998,"[1762, 1758, 1705, 1761, 1760]"
1999,"[1758, 1567, 1704, 106, 1705]"
2000,"[16, 454, 455, 1014, 1907]"
2001,"[1724, 1618, 164, 1344, 165]"
2002,"[1071, 1526, 409, 1704, 1705]"
2003,"[420, 96, 1820, 1815, 1814]"
2004,"[1648, 731, 728, 980, 738]"
2005,"[1567, 920, 165, 1705, 1704]"
2006,"[1875, 1705, 1803, 108, 1557]"
2007,"[114, 16, 1611, 60, 455]"
2008,"[408, 1185, 1733, 1675, 1035]"
2009,"[1924, 1750, 125, 98, 1610]"
2010,"[164, 1907, 165, 1025, 937]"
2011,"[1613, 1530, 1188, 363, 257]"
2012,"[1257, 1081, 1705, 1704, 1664]"
2013,"[1268, 591, 149, 911, 918]"
2014,"[102, 1924, 1746, 451, 919]"
2015,"[1675, 1915, 1073, 1552, 455]"
2016,"[1936, 290, 1833, 1828, 1837]"
2017,"[1666, 1077, 1299, 1899, 1676]"
2018,"[1675, 408, 1344, 125, 510]"
2019,"[1192, 106, 1526, 89, 1536]"
2020,"[455, 454, 1704, 1705, 1113]"
2021,"[1762, 1758, 1081, 1761, 1904]"
2022,"[375, 1907, 1705, 454, 455]"
2023,"[165, 1746, 102, 1540, 1713]"
2024,"[1674, 1907, 1277, 1257, 1724]"
2025,"[1724, 102, 409, 1025, 937]"
2026,"[1677, 848, 165, 1916, 401]"
2027,"[290, 1615, 313, 1538, 1556]"
2028,"[1936, 1299, 1202, 410, 1920]"
2029,"[190, 171, 408, 165, 1676]"
2030,"[1916, 369, 675, 1014, 959]"
2031,"[1704, 165, 920, 1619, 70]"
2032,"[1676, 1192, 89, 1704, 1915]"
2033,"[780, 1705, 1762, 1758, 1704]"
2034,"[1704, 1705, 1526, 1536, 1897]"
2035,"[478, 1884, 1705, 102, 98]"
2036,"[478, 1924, 1549, 1064, 459]"
2037,"[403, 1795, 1705, 1704, 452]"
2038,"[1199, 1533, 1887, 749, 462]"
2039,"[152, 211, 985, 980, 1752]"
2040,"[1636, 438, 98, 97, 96]"
2041,"[455, 454, 461, 125, 467]"
2042,"[1746, 1710, 455, 1884, 1277]"
2043,"[435, 312, 192, 1727, 1662]"
2044,"[1913, 676, 350, 1051, 1303]"
2045,"[1550, 1536, 1760, 1761, 60]"
2046,"[1638, 1275, 97, 96, 435]"
2047,"[1567, 1705, 1704, 819, 919]"
2048,"[1705, 1704, 1785, 1875, 30]"
2049,"[1607, 1157, 1705, 1704, 741]"
2050,"[1299, 1298, 1261, 1260, 1259]"
2051,"[1070, 675, 1769, 335, 1312]"
2052,"[1118, 97, 692, 171, 403]"
2053,"[692, 1627, 1899, 846, 1191]"
2054,"[1066, 1312, 1705, 1775, 1704]"
2055,"[1704, 1705, 1777, 1765, 1761]"
2056,"[89, 1036, 98, 60, 866]"
2057,"[16, 114, 455, 693, 454]"
2058,"[1924, 60, 440, 1536, 292]"
2059,"[368, 455, 1025, 937, 159]"
2060,"[89, 97, 96, 921, 98]"
2061,"[353, 1803, 1800, 468, 73]"
2062,"[97, 96, 89, 98, 1704]"
2063,"[1829, 1827, 1659, 1250, 759]"
2064,"[435, 1297, 1202, 410, 165]"
2065,"[124, 922, 164, 98, 97]"
2066,"[1795, 424, 1758, 1246, 1705]"
2067,"[1705, 1753, 1792, 1791, 1704]"
2068,"[1030, 1916, 1202, 410, 1029]"
2069,"[455, 114, 1695, 603, 116]"
2070,"[1705, 1704, 728, 911, 1207]"
2071,"[290, 1705, 1119, 1704, 136]"
2072,"[1157, 116, 1070, 1113, 449]"
2073,"[116, 379, 114, 1704, 454]"
2074,"[1705, 1704, 1835, 1872, 1648]"
2075,"[351, 359, 1788, 1786, 1787]"
2076,"[1705, 1704, 1884, 1803, 16]"
2077,"[440, 102, 783, 1607, 1899]"
2078,"[1924, 898, 1704, 1604, 1705]"
2079,"[676, 1752, 409, 1137, 102]"
2080,"[1011, 692, 98, 97, 96]"
2081,"[291, 1070, 346, 1025, 937]"
2082,"[1185, 1675, 1917, 200, 960]"
2083,"[138, 98, 692, 97, 96]"
2084,"[1695, 603, 1746, 606, 723]"
2085,"[289, 1926, 1905, 1627, 1527]"
2086,"[1773, 73, 1705, 1704, 193]"
2087,"[165, 1659, 878, 1750, 926]"
2088,"[1758, 79, 16, 1761, 1760]"
2089,"[128, 1748, 868, 112, 119]"
2090,"[1613, 257, 1530, 1270, 1193]"
2091,"[164, 920, 922, 1071, 113]"
2092,"[97, 96, 98, 628, 663]"
2093,"[1607, 97, 96, 692, 1517]"
2094,"[846, 692, 1705, 693, 1192]"
2095,"[409, 1907, 1526, 919, 89]"
2096,"[372, 165, 1910, 956, 211]"
2097,"[1607, 1517, 1638, 98, 1676]"
2098,"[1112, 1760, 1761, 1070, 1147]"
2099,"[1704, 1705, 783, 98, 97]"
2100,"[1676, 408, 89, 1675, 1344]"
2101,"[906, 116, 1760, 163, 919]"
2102,"[1072, 1769, 1705, 1704, 903]"
2103,"[440, 1269, 116, 1147, 1076]"
2104,"[1924, 165, 1297, 125, 79]"
2105,"[1027, 1612, 1025, 937, 159]"
2106,"[782, 959, 1676, 1739, 1737]"
2107,"[98, 96, 97, 89, 1907]"
2108,"[926, 1297, 435, 1727, 1202]"
2109,"[1567, 1705, 1758, 1880, 1769]"
2110,"[1617, 455, 1567, 1627, 1899]"
2111,"[1545, 958, 435, 618, 694]"
2112,"[89, 670, 1907, 1526, 98]"
2113,"[1727, 922, 98, 97, 96]"
2114,"[1607, 98, 97, 96, 1083]"
2115,"[938, 102, 1746, 97, 96]"
2116,"[1896, 1536, 1922, 1897, 1526]"
2117,"[165, 1924, 1044, 1043, 1041]"
2118,"[1724, 455, 692, 1299, 435]"
2119,"[1677, 1613, 257, 89, 97]"
2120,"[114, 440, 1695, 1792, 1793]"
2121,"[1526, 890, 112, 1904, 1887]"
2122,"[1676, 1675, 112, 1900, 890]"
2123,"[1617, 1762, 1758, 1742, 1761]"
2124,"[1915, 112, 890, 1277, 60]"
2125,"[1896, 106, 1567, 1704, 1705]"
2126,"[1746, 1297, 478, 449, 16]"
2127,"[1272, 1705, 1704, 1788, 1789]"
2128,"[16, 1617, 1011, 1762, 465]"
2129,"[275, 102, 1746, 96, 98]"
2130,"[211, 165, 985, 1154, 354]"
2131,"[1192, 1567, 1769, 16, 1705]"
2132,"[89, 97, 96, 409, 455]"
2133,"[1073, 1627, 924, 409, 318]"
2134,"[89, 165, 1875, 1299, 1659]"
2135,"[1910, 1899, 455, 454, 114]"
2136,"[1300, 1066, 1620, 106, 1536]"
2137,"[108, 1557, 1724, 1705, 1607]"
2138,"[922, 954, 1627, 1638, 1899]"
2139,"[1277, 116, 1705, 692, 1192]"
2140,"[928, 97, 96, 1638, 1607]"
2141,"[372, 1049, 1705, 1704, 1147]"
2142,"[1557, 1746, 98, 97, 96]"
2143,"[1724, 455, 1746, 79, 102]"
2144,"[361, 1761, 1760, 1704, 1758]"
2145,"[192, 97, 96, 98, 424]"
2146,"[1704, 1705, 171, 403, 73]"
2147,"[374, 468, 111, 1704, 73]"
2148,"[1704, 939, 142, 938, 144]"
2149,"[465, 461, 1310, 467, 1309]"
2150,"[985, 172, 929, 886, 1045]"
2151,"[1924, 455, 465, 462, 438]"
2152,"[1567, 1758, 1762, 1705, 16]"
2153,"[171, 1824, 675, 432, 1303]"
2154,"[1705, 1704, 1098, 480, 1157]"
2155,"[1704, 1705, 403, 1777, 1765]"
2156,"[1119, 1713, 749, 628, 1670]"
2157,"[435, 1727, 1156, 1053, 849]"
2158,"[1638, 435, 946, 1607, 192]"
2159,"[1695, 297, 440, 114, 60]"
2160,"[98, 97, 96, 1915, 1746]"
2161,"[1274, 1705, 1704, 440, 1758]"
2162,"[435, 89, 1750, 97, 96]"
2163,"[113, 112, 89, 890, 1275]"
2164,"[1705, 1704, 1762, 1557, 1098]"
2165,"[1693, 121, 97, 1898, 118]"
2166,"[1724, 89, 994, 1193, 1249]"
2167,"[1185, 1567, 403, 1557, 1249]"
2168,"[1193, 171, 1909, 1147, 920]"
2169,"[1760, 1761, 1617, 1758, 1762]"
2170,"[1936, 1295, 1935, 1277, 433]"
2171,"[628, 749, 1646, 102, 1746]"
2172,"[1567, 1758, 106, 1705, 1762]"
2173,"[1762, 1705, 1704, 1042, 862]"
2174,"[900, 779, 843, 1607, 1257]"
2175,"[1064, 341, 1077, 1567, 106]"
2176,"[89, 1627, 1025, 937, 159]"
2177,"[1607, 1705, 1704, 900, 1261]"
2178,"[211, 980, 985, 1704, 1705]"
2179,"[1915, 1921, 1831, 1835, 1872]"
2180,"[1018, 361, 1021, 1795, 851]"
2181,"[98, 97, 96, 164, 921]"
2182,"[1769, 372, 135, 1567, 130]"
2183,"[455, 1924, 1171, 1192, 438]"
2184,"[1704, 1705, 1761, 1760, 1030]"
2185,"[1926, 1915, 1030, 1907, 1921]"
2186,"[890, 112, 1705, 1704, 1627]"
2187,"[440, 1704, 1705, 1773, 1679]"
2188,"[1902, 438, 1636, 408, 1552]"
2189,"[455, 106, 1567, 163, 97]"
2190,"[1627, 409, 96, 98, 97]"
2191,"[7, 159, 1120, 164, 618]"
2192,"[171, 1025, 937, 159, 920]"
2193,"[113, 98, 688, 1910, 89]"
2194,"[1176, 676, 344, 335, 681]"
2195,"[1704, 1705, 1758, 1762, 362]"
2196,"[961, 1727, 116, 154, 1705]"
2197,"[63, 90, 1863, 481, 851]"
2198,"[89, 1907, 926, 1066, 1705]"
2199,"[116, 692, 114, 890, 112]"
2200,"[1899, 89, 1914, 112, 1070]"
2201,"[1567, 368, 1557, 1704, 102]"
2202,"[1567, 455, 114, 1899, 1627]"
2203,"[102, 1746, 98, 96, 97]"
2204,"[165, 1659, 98, 902, 1746]"
2205,"[1567, 106, 1896, 1705, 878]"
2206,"[1567, 1758, 1769, 1705, 106]"
2207,"[1070, 108, 455, 1627, 1042]"
2208,"[442, 440, 1727, 1637, 1304]"
2209,"[1795, 1770, 403, 911, 913]"
2210,"[1304, 292, 959, 214, 1250]"
2211,"[1917, 451, 1761, 1064, 455]"
2212,"[1705, 16, 1760, 45, 292]"
2213,"[1607, 1558, 1550, 98, 97]"
2214,"[1724, 455, 692, 102, 1042]"
2215,"[1071, 1185, 890, 112, 1926]"
2216,"[1185, 866, 203, 1607, 989]"
2217,"[1913, 896, 1118, 663, 890]"
2218,"[794, 749, 4, 1313, 171]"
2219,"[714, 606, 271, 938, 934]"
2220,"[1202, 410, 1659, 1911, 1727]"
2221,"[1724, 1157, 102, 1035, 1746]"
2222,"[170, 1155, 1098, 450, 1660]"
2223,"[901, 480, 1800, 1780, 1779]"
2224,"[1907, 1567, 102, 97, 96]"
2225,"[435, 1907, 961, 199, 1795]"
2226,"[1567, 1769, 1758, 1705, 106]"
2227,"[1907, 1704, 1705, 16, 1275]"
2228,"[1705, 1704, 89, 113, 98]"
2229,"[921, 1025, 937, 159, 165]"
2230,"[628, 1670, 1746, 102, 1795]"
2231,"[1526, 1536, 89, 1030, 1916]"
2232,"[1030, 1910, 1915, 112, 1916]"
2233,"[1717, 171, 1675, 902, 670]"
2234,"[1713, 1064, 925, 379, 985]"
2235,"[1705, 1704, 1753, 1795, 211]"
2236,"[1659, 98, 926, 1675, 89]"
2237,"[321, 1636, 449, 1188, 1192]"
2238,"[1567, 98, 1769, 372, 97]"
2239,"[1675, 1750, 408, 1900, 101]"
2240,"[628, 656, 663, 651, 653]"
2241,"[1875, 1299, 1676, 1298, 70]"
2242,"[952, 1133, 1705, 1704, 1626]"
2243,"[1724, 692, 455, 102, 1042]"
2244,"[989, 1656, 1112, 1904, 1824]"
2245,"[290, 1616, 867, 1745, 1073]"
2246,"[1672, 1749, 1795, 1770, 1783]"
2247,"[466, 1695, 694, 603, 1752]"
2248,"[368, 1705, 1704, 1795, 331]"
2249,"[1704, 1705, 741, 1372, 779]"
2250,"[142, 1659, 1102, 1202, 410]"
2251,"[692, 1724, 1104, 1704, 1705]"
2252,"[116, 1147, 60, 454, 1070]"
2253,"[1916, 1299, 1273, 1269, 87]"
2254,"[1717, 480, 214, 774, 1738]"
2255,"[920, 1733, 1638, 125, 1127]"
2256,"[1750, 1924, 97, 98, 96]"
2257,"[1118, 1700, 1616, 1320, 1550]"
2258,"[1726, 1705, 1704, 846, 1758]"
2259,"[16, 1567, 1910, 1705, 1129]"
2260,"[435, 614, 97, 96, 98]"
2261,"[989, 203, 1705, 1704, 393]"
2262,"[1202, 410, 1936, 1257, 1277]"
2263,"[920, 1607, 171, 1157, 1907]"
2264,"[1631, 882, 881, 880, 879]"
2265,"[98, 97, 89, 466, 1760]"
2266,"[149, 988, 915, 984, 211]"
2267,"[1618, 1249, 164, 136, 1557]"
2268,"[424, 1118, 1907, 318, 470]"
2269,"[165, 179, 1907, 97, 96]"
2270,"[424, 1030, 1752, 1064, 1066]"
2271,"[911, 728, 1648, 731, 211]"
2272,"[292, 692, 165, 291, 1270]"
2273,"[1867, 1936, 1907, 1705, 1704]"
2274,"[1086, 1936, 1295, 374, 1202]"
2275,"[259, 368, 1705, 1704, 1046]"
2276,"[1636, 1904, 1113, 1627, 1899]"
2277,"[125, 1924, 116, 60, 1695]"
2278,"[114, 116, 455, 1916, 878]"
2279,"[1704, 1705, 1753, 1675, 902]"
2280,"[1717, 1718, 533, 1380, 1675]"
2281,"[455, 454, 1526, 16, 461]"
2282,"[1746, 1907, 165, 1677, 1025]"
2283,"[1192, 98, 97, 96, 922]"
2284,"[1043, 1873, 1836, 1257, 1832]"
2285,"[98, 1607, 97, 96, 1894]"
2286,"[1244, 423, 1909, 1025, 937]"
2287,"[441, 706, 1638, 1627, 1899]"
2288,"[314, 1313, 794, 1275, 455]"
2289,"[1064, 455, 438, 1636, 1705]"
2290,"[1085, 108, 73, 1753, 1795]"
2291,"[1705, 1924, 1147, 1030, 1592]"
2292,"[455, 454, 1068, 1063, 375]"
2293,"[1913, 1704, 1705, 1762, 1269]"
2294,"[1795, 1118, 1762, 1758, 108]"
2295,"[1764, 1759, 1566, 931, 924]"
2296,"[1118, 1926, 1762, 1758, 1694]"
2297,"[98, 113, 165, 1025, 937]"
2298,"[259, 878, 1244, 423, 165]"
2299,"[1567, 1704, 1705, 1753, 1762]"
2300,"[374, 1085, 1704, 1803, 1705]"
2301,"[1758, 1762, 1896, 379, 1705]"
2302,"[403, 759, 728, 928, 959]"
2303,"[1746, 675, 1749, 1750, 692]"
2304,"[1915, 1705, 1704, 1049, 1921]"
2305,"[1915, 292, 906, 60, 1907]"
2306,"[1592, 604, 1651, 1666, 1193]"
2307,"[108, 1058, 1705, 1704, 1317]"
2308,"[1277, 1192, 438, 1636, 1638]"
2309,"[1119, 793, 122, 1118, 866]"
2310,"[1915, 1202, 410, 125, 451]"
2311,"[116, 381, 1917, 408, 359]"
2312,"[125, 692, 1552, 60, 1073]"
2313,"[1704, 1705, 1577, 1795, 1675]"
2314,"[1769, 130, 1880, 1753, 1557]"
2315,"[1795, 1675, 902, 1704, 1705]"
2316,"[451, 1064, 1915, 1536, 455]"
2317,"[1907, 1705, 1704, 93, 409]"
2318,"[374, 1775, 1768, 699, 1704]"
2319,"[409, 1670, 124, 1313, 1746]"
2320,"[175, 1041, 1044, 1592, 1620]"
2321,"[1913, 112, 1118, 440, 1758]"
2322,"[1607, 1272, 435, 98, 1608]"
2323,"[1561, 749, 628, 1670, 1646]"
2324,"[704, 731, 815, 1733, 1726]"
2325,"[1750, 1753, 1299, 1676, 1298]"
2326,"[975, 977, 210, 604, 271]"
2327,"[900, 1705, 1067, 1157, 1704]"
2328,"[1025, 937, 159, 1202, 410]"
2329,"[1728, 1727, 1704, 1705, 375]"
2330,"[98, 97, 96, 1924, 102]"
2331,"[728, 1073, 1051, 1636, 438]"
2332,"[114, 878, 16, 1907, 1750]"
2333,"[959, 1704, 73, 1085, 1918]"
2334,"[1761, 1760, 1762, 1617, 1758]"
2335,"[1906, 1157, 1638, 1666, 900]"
2336,"[435, 946, 192, 1638, 1157]"
2337,"[1536, 1137, 878, 424, 1072]"
2338,"[1704, 1705, 243, 1765, 363]"
2339,"[1067, 435, 1704, 1705, 1913]"
2340,"[1690, 416, 1659, 89, 1705]"
2341,"[1900, 1034, 1543, 1927, 1073]"
2342,"[1613, 1530, 257, 363, 939]"
2343,"[1700, 628, 866, 663, 656]"
2344,"[1902, 408, 1752, 601, 1704]"
2345,"[1705, 1112, 714, 308, 1312]"
2346,"[1705, 1704, 1753, 1795, 211]"
2347,"[347, 1750, 1788, 1787, 1786]"
2348,"[675, 1746, 1924, 1636, 438]"
2349,"[1705, 1704, 356, 911, 153]"
2350,"[455, 1038, 438, 1636, 1166]"
2351,"[1750, 424, 1916, 678, 190]"
2352,"[1758, 1273, 447, 359, 440]"
2353,"[302, 297, 294, 165, 1916]"
2354,"[706, 1081, 1910, 1184, 1120]"
2355,"[89, 1567, 1885, 985, 980]"
2356,"[1875, 1249, 165, 823, 175]"
2357,"[1875, 257, 89, 1613, 284]"
2358,"[116, 692, 846, 1726, 693]"
2359,"[1064, 292, 928, 1113, 106]"
2360,"[441, 97, 96, 1638, 1607]"
2361,"[455, 454, 114, 1726, 1192]"
2362,"[1762, 1617, 1192, 449, 1275]"
2363,"[116, 692, 1726, 846, 1277]"
2364,"[1677, 897, 996, 960, 926]"
2365,"[749, 102, 1746, 96, 98]"
2366,"[1704, 16, 1705, 1760, 1769]"
2367,"[1192, 114, 451, 692, 449]"
2368,"[1727, 1916, 98, 1795, 410]"
2369,"[98, 409, 1746, 1533, 102]"
2370,"[1017, 1758, 197, 1086, 1752]"
2371,"[165, 164, 1613, 992, 1244]"
2372,"[1916, 1202, 410, 1185, 692]"
2373,"[1550, 98, 97, 96, 102]"
2374,"[1704, 1705, 1477, 1795, 403]"
2375,"[890, 112, 1549, 1713, 1321]"
2376,"[1904, 1705, 455, 454, 1627]"
2377,"[1526, 1899, 1041, 1035, 478]"
2378,"[862, 1705, 1704, 1549, 1799]"
2379,"[170, 164, 921, 159, 1025]"
2380,"[424, 1704, 1705, 676, 1887]"
2381,"[1705, 379, 1752, 1926, 1118]"
2382,"[1185, 359, 408, 1675, 1916]"
2383,"[1652, 1762, 1758, 1014, 440]"
2384,"[435, 116, 862, 1762, 1697]"
2385,"[1705, 1704, 349, 388, 1085]"
2386,"[89, 97, 96, 1160, 368]"
2387,"[1753, 1675, 902, 990, 1704]"
2388,"[688, 1560, 1064, 1073, 1030]"
2389,"[1277, 379, 588, 1721, 361]"
2390,"[1724, 1102, 1255, 1202, 410]"
2391,"[1766, 199, 1775, 1762, 1768]"
2392,"[314, 959, 1923, 313, 355]"
2393,"[1617, 1722, 670, 1746, 926]"
2394,"[1607, 1517, 886, 440, 1062]"
2395,"[1157, 108, 1613, 1042, 1627]"
2396,"[926, 1025, 937, 159, 165]"
2397,"[114, 900, 455, 454, 1070]"
2398,"[1638, 98, 614, 97, 96]"
2399,"[692, 1704, 1705, 403, 480]"
2400,"[455, 1042, 862, 1249, 692]"
2401,"[149, 1280, 1030, 190, 424]"
2402,"[935, 382, 207, 978, 976]"
2403,"[1753, 1704, 1705, 1763, 211]"
2404,"[361, 98, 97, 96, 1659]"
2405,"[1649, 1923, 314, 1918, 979]"
2406,"[165, 409, 1750, 125, 89]"
2407,"[455, 1042, 1567, 1746, 102]"
2408,"[1055, 661, 331, 1880, 1799]"
2409,"[1705, 1704, 1317, 1795, 1918]"
2410,"[1202, 410, 302, 297, 294]"
2411,"[1762, 1727, 1662, 1180, 257]"
2412,"[1676, 603, 165, 878, 125]"
2413,"[1907, 1896, 124, 102, 98]"
2414,"[211, 1913, 980, 1705, 886]"
2415,"[1724, 372, 1255, 692, 1272]"
2416,"[455, 454, 1636, 1528, 1192]"
2417,"[1119, 793, 1073, 1546, 1693]"
2418,"[361, 108, 1609, 1112, 1695]"
2419,"[1627, 1896, 409, 96, 98]"
2420,"[1790, 441, 1789, 1769, 108]"
2421,"[1753, 211, 768, 705, 1705]"
2422,"[98, 97, 96, 1659, 1704]"
2423,"[1041, 164, 163, 735, 409]"
2424,"[114, 455, 1916, 1192, 454]"
2425,"[1675, 112, 890, 1676, 1900]"
2426,"[1269, 1727, 1768, 1775, 1761]"
2427,"[171, 749, 403, 1675, 902]"
2428,"[1753, 1367, 1249, 1147, 1907]"
2429,"[1762, 1758, 409, 986, 1193]"
2430,"[1202, 410, 98, 1705, 124]"
2431,"[1202, 410, 435, 926, 773]"
2432,"[1704, 125, 171, 98, 1907]"
2433,"[98, 1607, 1272, 438, 97]"
2434,"[149, 165, 1044, 1043, 1041]"
2435,"[1268, 403, 1299, 1762, 670]"
2436,"[424, 1300, 172, 929, 1795]"
2437,"[116, 1750, 1761, 1147, 454]"
2438,"[1202, 410, 926, 125, 1638]"
2439,"[435, 618, 415, 1001, 114]"
2440,"[1795, 926, 1675, 902, 1705]"
2441,"[1662, 1704, 1436, 779, 1705]"
2442,"[1915, 108, 1520, 1044, 1043]"
2443,"[1768, 1035, 1769, 211, 980]"
2444,"[1803, 108, 1776, 1757, 441]"
2445,"[435, 455, 1762, 291, 884]"
2446,"[1762, 435, 98, 97, 96]"
2447,"[611, 203, 989, 1705, 1829]"
2448,"[1752, 985, 1675, 902, 1704]"
2449,"[1696, 313, 290, 1727, 1697]"
2450,"[1085, 1066, 591, 581, 595]"
2451,"[975, 142, 900, 1205, 271]"
2452,"[1705, 1704, 1754, 1753, 1880]"
2453,"[112, 890, 920, 1750, 171]"
2454,"[1733, 1737, 704, 432, 1720]"
2455,"[1112, 1761, 1760, 454, 855]"
2456,"[102, 1746, 985, 97, 98]"
2457,"[1287, 1895, 1015, 1875, 1688]"
2458,"[1023, 1881, 1880, 1062, 1758]"
2459,"[1899, 112, 89, 409, 1907]"
2460,"[108, 435, 1042, 1299, 164]"
2461,"[1761, 1760, 1762, 1758, 862]"
2462,"[1277, 890, 112, 97, 96]"
2463,"[1750, 124, 116, 377, 110]"
2464,"[1185, 1636, 1087, 1081, 433]"
2465,"[1185, 408, 1675, 1344, 359]"
2466,"[698, 1775, 1768, 1760, 1761]"
2467,"[435, 440, 692, 466, 424]"
2468,"[1705, 1752, 1768, 1775, 1762]"
2469,"[102, 455, 692, 1627, 1899]"
2470,"[1670, 760, 749, 923, 161]"
2471,"[165, 408, 926, 1202, 410]"
2472,"[1675, 408, 1915, 1344, 89]"
2473,"[1705, 1704, 1899, 1567, 106]"
2474,"[1924, 98, 1304, 692, 1677]"
2475,"[862, 1704, 1705, 403, 1795]"
2476,"[199, 1758, 480, 1705, 1704]"
2477,"[1705, 1704, 97, 96, 435]"
2478,"[1769, 106, 828, 1710, 1165]"
2479,"[467, 101, 1554, 126, 1750]"
2480,"[966, 116, 449, 361, 113]"
2481,"[1313, 1638, 98, 97, 96]"
2482,"[454, 16, 455, 1567, 1899]"
2483,"[1737, 701, 1750, 355, 125]"
2484,"[1769, 917, 1705, 199, 998]"
2485,"[1762, 1192, 1617, 1760, 1761]"
2486,"[1704, 1705, 1918, 979, 911]"
2487,"[125, 1705, 958, 24, 1704]"
2488,"[368, 372, 1273, 447, 1704]"
2489,"[290, 1073, 1646, 1670, 663]"
2490,"[1758, 1704, 1705, 338, 1762]"
2491,"[1724, 1255, 1272, 98, 97]"
2492,"[411, 98, 1157, 902, 1283]"
2493,"[108, 1769, 1758, 135, 1567]"
2494,"[1769, 1567, 1758, 1705, 106]"
2495,"[1924, 1727, 1910, 435, 1204]"
2496,"[1769, 135, 1705, 130, 1704]"
2497,"[1705, 1704, 851, 1301, 1753]"
2498,"[1157, 1705, 1704, 1098, 1567]"
2499,"[211, 980, 1753, 1705, 1762]"
2500,"[1523, 46, 81, 440, 1761]"
2501,"[1917, 116, 101, 112, 890]"
2502,"[408, 1279, 1917, 1916, 1763]"
2503,"[1030, 1202, 410, 1831, 1705]"
2504,"[82, 1287, 1895, 1877, 191]"
2505,"[295, 1902, 1516, 341, 1900]"
2506,"[1875, 1820, 1815, 1814, 1813]"
2507,"[1915, 1064, 1536, 116, 937]"
2508,"[1746, 409, 1196, 374, 1118]"
2509,"[108, 1705, 1918, 979, 1704]"
2510,"[112, 89, 409, 98, 96]"
2511,"[438, 1566, 926, 1070, 1299]"
2512,"[1157, 435, 364, 101, 614]"
2513,"[216, 108, 1866, 1936, 591]"
2514,"[1525, 1752, 928, 403, 749]"
2515,"[1705, 1704, 1803, 1796, 1762]"
2516,"[749, 403, 102, 1746, 985]"
2517,"[1631, 882, 881, 880, 879]"
2518,"[961, 1796, 1085, 1705, 1704]"
2519,"[149, 1764, 1136, 1100, 1184]"
2520,"[1713, 1746, 1905, 1527, 1627]"
2521,"[114, 454, 1610, 455, 116]"
2522,"[1760, 1762, 1758, 1705, 1704]"
2523,"[1165, 1925, 1028, 1647, 1257]"
2524,"[628, 1670, 651, 749, 663]"
2525,"[1202, 410, 1536, 1192, 692]"
2526,"[435, 374, 1704, 1627, 1705]"
2527,"[980, 1157, 1705, 1704, 896]"
2528,"[126, 1904, 1700, 1676, 1299]"
2529,"[956, 1202, 410, 408, 926]"
2530,"[435, 1085, 961, 192, 154]"
2531,"[1924, 1760, 1761, 454, 1147]"
2532,"[1865, 1823, 1827, 1078, 299]"
2533,"[1528, 1025, 937, 159, 165]"
2534,"[1704, 677, 1705, 655, 480]"
2535,"[643, 1936, 346, 360, 116]"
2536,"[1915, 1299, 1820, 1815, 1814]"
2537,"[203, 989, 1827, 1829, 1866]"
2538,"[1915, 1030, 1137, 1652, 1752]"
2539,"[1917, 1705, 1900, 149, 692]"
2540,"[1567, 926, 98, 113, 1910]"
2541,"[1924, 97, 96, 1070, 440]"
2542,"[291, 296, 1705, 1062, 1726]"
2543,"[1344, 408, 1659, 603, 165]"
2544,"[290, 1670, 628, 136, 171]"
2545,"[1085, 318, 1761, 1760, 435]"
2546,"[846, 692, 1726, 1277, 1705]"
2547,"[1536, 848, 878, 424, 1761]"
2548,"[1607, 1299, 1303, 98, 97]"
2549,"[408, 1185, 478, 1924, 1675]"
2550,"[1272, 102, 1750, 1705, 848]"
2551,"[97, 98, 96, 677, 926]"
2552,"[749, 760, 170, 1752, 1670]"
2553,"[1926, 1704, 1705, 1899, 1638]"
2554,"[1902, 1917, 1344, 692, 1916]"
2555,"[97, 98, 96, 634, 666]"
2556,"[1918, 979, 1577, 1082, 303]"
2557,"[1704, 164, 1705, 1795, 1255]"
2558,"[63, 903, 65, 1021, 1630]"
2559,"[116, 906, 1536, 1704, 1705]"
2560,"[1724, 1157, 1083, 692, 1025]"
2561,"[938, 1178, 154, 1154, 1109]"
2562,"[642, 634, 664, 654, 643]"
2563,"[102, 1745, 749, 665, 1559]"
2564,"[1704, 1705, 985, 1927, 1034]"
2565,"[1915, 410, 1202, 165, 1025]"
2566,"[1631, 882, 881, 880, 879]"
2567,"[991, 102, 390, 165, 1249]"
2568,"[395, 779, 1607, 70, 1675]"
2569,"[98, 1187, 1098, 1758, 1762]"
2570,"[89, 1239, 101, 1750, 165]"
2571,"[1186, 705, 432, 761, 1733]"
2572,"[1924, 1611, 1884, 1702, 899]"
2573,"[1567, 97, 96, 89, 409]"
2574,"[862, 372, 1705, 1704, 699]"
2575,"[70, 1704, 1705, 1619, 1753]"
2576,"[1870, 1874, 1705, 1704, 335]"
2577,"[1728, 1727, 1188, 1731, 16]"
2578,"[935, 168, 931, 924, 934]"
2579,"[408, 1632, 1185, 265, 1027]"
2580,"[1259, 1253, 149, 1916, 1066]"
2581,"[1042, 455, 1567, 1746, 102]"
2582,"[1896, 1724, 1607, 98, 1157]"
2583,"[890, 112, 935, 168, 1907]"
2584,"[420, 938, 1199, 919, 1025]"
2585,"[924, 151, 175, 164, 1907]"
2586,"[938, 1705, 1631, 882, 881]"
2587,"[1249, 1030, 1636, 438, 60]"
2588,"[1704, 1705, 1910, 1899, 98]"
2589,"[1915, 1202, 410, 1586, 1025]"
2590,"[676, 112, 890, 922, 1277]"
2591,"[1070, 372, 1627, 455, 1899]"
2592,"[408, 890, 112, 326, 1269]"
2593,"[1773, 106, 1884, 1312, 455]"
2594,"[96, 1700, 60, 893, 980]"
2595,"[441, 1025, 937, 159, 915]"
2596,"[374, 959, 318, 1303, 1704]"
2597,"[1915, 435, 89, 920, 1202]"
2598,"[959, 165, 438, 1733, 1737]"
2599,"[1637, 1149, 1676, 1041, 1920]"
2600,"[1916, 368, 1746, 1695, 98]"
2601,"[1769, 16, 455, 1761, 1760]"
2602,"[97, 96, 435, 1205, 271]"
2603,"[1695, 1639, 1752, 1603, 439]"
2604,"[1760, 1171, 862, 1705, 1704]"
2605,"[924, 98, 97, 165, 971]"
2606,"[1560, 1561, 1705, 1068, 89]"
2607,"[878, 1759, 676, 1913, 1887]"
2608,"[1924, 124, 1750, 478, 1297]"
2609,"[89, 1202, 410, 1299, 98]"
2610,"[170, 96, 1700, 923, 1704]"
2611,"[1705, 1704, 961, 435, 1477]"
2612,"[128, 1295, 97, 1076, 1616]"
2613,"[1567, 16, 1192, 1769, 1727]"
2614,"[1762, 1758, 1760, 1705, 1704]"
2615,"[116, 1192, 692, 114, 1610]"
2616,"[920, 165, 1677, 1885, 98]"
2617,"[98, 1637, 1202, 410, 97]"
2618,"[1618, 773, 89, 1924, 409]"
2619,"[72, 1752, 1795, 1796, 1758]"
2620,"[1704, 1705, 1064, 906, 1760]"
2621,"[455, 454, 1899, 1636, 1147]"
2622,"[1750, 1297, 1924, 124, 1704]"
2623,"[1055, 1116, 1723, 1097, 211]"
2624,"[98, 97, 96, 1910, 114]"
2625,"[480, 1704, 403, 1249, 1705]"
2626,"[79, 1257, 1676, 125, 1299]"
2627,"[1753, 1758, 211, 1704, 1300]"
2628,"[657, 1750, 1025, 937, 921]"
2629,"[1083, 1544, 1638, 692, 1188]"
2630,"[1185, 752, 759, 692, 1299]"
2631,"[3, 1567, 1727, 1604, 1297]"
2632,"[1567, 165, 1557, 102, 409]"
2633,"[379, 888, 1704, 106, 1705]"
2634,"[1738, 1722, 789, 1112, 455]"
2635,"[1921, 1249, 1915, 211, 925]"
2636,"[1637, 900, 1899, 1920, 615]"
2637,"[1762, 1705, 857, 1766, 1273]"
2638,"[1120, 677, 587, 593, 597]"
2639,"[1662, 114, 16, 1113, 466]"
2640,"[1185, 408, 1025, 937, 159]"
2641,"[1558, 692, 440, 1070, 1610]"
2642,"[1724, 1042, 1627, 692, 1299]"
2643,"[16, 375, 1704, 1705, 1567]"
2644,"[1936, 1704, 1705, 1795, 1837]"
2645,"[112, 1915, 890, 1900, 878]"
2646,"[89, 455, 1526, 878, 922]"
2647,"[1704, 306, 1047, 1077, 1649]"
2648,"[1607, 1202, 410, 97, 96]"
2649,"[1704, 1705, 1559, 1762, 980]"
2650,"[1889, 60, 297, 1746, 171]"
2651,"[1746, 102, 98, 97, 96]"
2652,"[211, 985, 980, 728, 1648]"
2653,"[374, 435, 1768, 1775, 1638]"
2654,"[97, 96, 89, 98, 435]"
2655,"[409, 1516, 1705, 1320, 102]"
2656,"[374, 1609, 1557, 1721, 1704]"
2657,"[1768, 1775, 108, 1570, 1721]"
2658,"[455, 454, 1192, 435, 1202]"
2659,"[1273, 447, 1921, 1761, 1760]"
2660,"[1760, 1761, 1617, 1704, 1762]"
2661,"[706, 784, 1924, 459, 663]"
2662,"[435, 374, 97, 96, 1638]"
2663,"[1072, 1567, 1704, 1705, 1636]"
2664,"[1788, 1758, 1705, 1791, 1789]"
2665,"[676, 435, 692, 409, 102]"
2666,"[149, 1795, 138, 1831, 1704]"
2667,"[1926, 1550, 290, 749, 874]"
2668,"[1772, 1705, 1762, 1021, 1143]"
2669,"[1705, 98, 97, 96, 1753]"
2670,"[372, 1769, 1567, 1042, 455]"
2671,"[1705, 1704, 1026, 1758, 1800]"
2672,"[1070, 1025, 937, 159, 89]"
2673,"[1185, 408, 1025, 937, 159]"
2674,"[1557, 435, 1705, 1704, 1762]"
2675,"[1113, 455, 454, 1070, 1746]"
2676,"[1704, 1705, 1677, 1721, 128]"
2677,"[388, 1762, 1900, 199, 1161]"
2678,"[1075, 140, 145, 148, 916]"
2679,"[455, 1904, 1627, 1899, 1147]"
2680,"[1900, 347, 149, 1079, 692]"
2681,"[1762, 1761, 1662, 1760, 1271]"
2682,"[1025, 937, 159, 1740, 409]"
2683,"[1795, 1014, 1045, 1042, 1035]"
2684,"[1916, 20, 207, 17, 39]"
2685,"[437, 1865, 125, 1825, 1030]"
2686,"[937, 1025, 159, 1909, 1193]"
2687,"[1188, 1746, 1617, 1627, 1899]"
2688,"[1557, 1120, 108, 333, 862]"
2689,"[98, 97, 96, 89, 1659]"
2690,"[172, 929, 1704, 1880, 1705]"
2691,"[1690, 371, 1104, 926, 730]"
2692,"[102, 1746, 98, 96, 97]"
2693,"[149, 1752, 1147, 1775, 1761]"
2694,"[920, 1638, 89, 1676, 1255]"
2695,"[16, 114, 455, 1192, 454]"
2696,"[628, 923, 161, 1914, 1705]"
2697,"[1704, 1705, 1799, 1798, 1782]"
2698,"[1705, 1894, 480, 355, 111]"
2699,"[1762, 1796, 1760, 1761, 1147]"
2700,"[1070, 108, 1042, 455, 1613]"
2701,"[1917, 1705, 408, 1085, 1916]"
2702,"[374, 959, 1704, 1303, 318]"
2703,"[761, 759, 1759, 1064, 1931]"
2704,"[1902, 1733, 1176, 1900, 1152]"
2705,"[114, 116, 603, 781, 1639]"
2706,"[1149, 1043, 902, 984, 211]"
2707,"[16, 1705, 862, 1113, 1704]"
2708,"[1762, 116, 101, 112, 1125]"
2709,"[1704, 1705, 16, 1769, 1760]"
2710,"[1133, 1670, 628, 749, 923]"
2711,"[1202, 410, 1705, 1910, 98]"
2712,"[1760, 1704, 1297, 675, 464]"
2713,"[1070, 1705, 1188, 1758, 1521]"
2714,"[1650, 727, 734, 726, 70]"
2715,"[866, 1118, 1073, 1119, 793]"
2716,"[1761, 1760, 1704, 1705, 1064]"
2717,"[1038, 1041, 1027, 260, 208]"
2718,"[1705, 116, 1704, 1561, 1001]"
2719,"[1895, 1785, 828, 1936, 1015]"
2720,"[1705, 1650, 727, 1704, 904]"
2721,"[169, 160, 1746, 1310, 688]"
2722,"[299, 154, 1089, 435, 73]"
2723,"[1676, 125, 408, 116, 1677]"
2724,"[1676, 455, 89, 1299, 773]"
2725,"[211, 980, 985, 1745, 1616]"
2726,"[1915, 408, 1917, 1675, 165]"
2727,"[1516, 1902, 1733, 165, 164]"
2728,"[698, 1758, 370, 374, 660]"
2729,"[420, 1713, 1541, 938, 1249]"
2730,"[1066, 89, 1202, 410, 165]"
2731,"[1659, 98, 97, 96, 1299]"
2732,"[1277, 1638, 773, 1920, 1921]"
2733,"[938, 934, 931, 928, 925]"
2734,"[409, 760, 1534, 762, 1907]"
2735,"[332, 1705, 1704, 986, 1172]"
2736,"[999, 911, 989, 207, 978]"
2737,"[341, 1758, 1246, 584, 471]"
2738,"[1607, 98, 1299, 1659, 97]"
2739,"[1205, 271, 1861, 1051, 1648]"
2740,"[1240, 418, 878, 1866, 1761]"
2741,"[1560, 1536, 1561, 171, 1915]"
2742,"[642, 290, 749, 628, 867]"
2743,"[1915, 89, 1875, 1916, 1344]"
2744,"[1917, 1900, 116, 408, 1733]"
2745,"[1025, 937, 159, 165, 1033]"
2746,"[308, 435, 1727, 1772, 1586]"
2747,"[1607, 97, 96, 98, 1608]"
2748,"[1724, 1617, 102, 292, 1070]"
2749,"[89, 171, 1025, 937, 159]"
2750,"[1277, 455, 454, 1192, 441]"
2751,"[1607, 1157, 1567, 102, 97]"
2752,"[114, 1112, 890, 112, 1705]"
2753,"[773, 1907, 1613, 257, 165]"
2754,"[1118, 102, 1746, 96, 98]"
2755,"[1758, 1070, 1617, 1924, 692]"
2756,"[1649, 361, 366, 1320, 1705]"
2757,"[161, 1795, 1752, 1064, 1753]"
2758,"[98, 1724, 1042, 97, 96]"
2759,"[1677, 1257, 1875, 70, 1705]"
2760,"[759, 98, 97, 96, 1202]"
2761,"[1724, 409, 1627, 1916, 98]"
2762,"[1799, 1798, 1782, 1781, 1704]"
2763,"[1917, 1185, 722, 1094, 1045]"
2764,"[165, 692, 1821, 1828, 1837]"
2765,"[205, 154, 152, 148, 147]"
2766,"[451, 371, 1192, 1273, 447]"
2767,"[878, 676, 1759, 1137, 1887]"
2768,"[1030, 1915, 424, 1066, 1300]"
2769,"[1915, 1202, 410, 1488, 1704]"
2770,"[116, 1536, 1619, 114, 440]"
2771,"[926, 1344, 1637, 1269, 1899]"
2772,"[1705, 1704, 1752, 113, 1064]"
2773,"[1750, 1762, 1758, 675, 1112]"
2774,"[379, 95, 440, 1067, 1137]"
2775,"[1567, 89, 334, 1677, 1704]"
2776,"[97, 96, 98, 60, 89]"
2777,"[1917, 1675, 1344, 1818, 1817]"
2778,"[435, 1705, 1704, 1727, 1627]"
2779,"[1613, 692, 102, 97, 1157]"
2780,"[925, 931, 938, 172, 1646]"
2781,"[1675, 1185, 1900, 408, 165]"
2782,"[1520, 1538, 1519, 1518, 956]"
2783,"[435, 1202, 410, 1746, 1313]"
2784,"[1902, 1197, 405, 1700, 1196]"
2785,"[1344, 1104, 1875, 398, 1786]"
2786,"[435, 1727, 1156, 1053, 849]"
2787,"[1769, 1728, 16, 106, 934]"
2788,"[292, 1705, 1758, 454, 1762]"
2789,"[1724, 1638, 1257, 1920, 1627]"
2790,"[1638, 878, 920, 113, 1727]"
2791,"[1037, 1034, 1031, 1028, 1027]"
2792,"[125, 165, 1785, 114, 1157]"
2793,"[1239, 878, 1916, 1659, 89]"
2794,"[66, 318, 100, 985, 677]"
2795,"[454, 1704, 455, 1762, 1758]"
2796,"[1936, 1705, 1723, 1704, 154]"
2797,"[1910, 409, 98, 97, 96]"
2798,"[289, 1927, 142, 1064, 1921]"
2799,"[259, 1632, 265, 1680, 222]"
2800,"[165, 1627, 924, 409, 89]"
2801,"[89, 1704, 1705, 1750, 411]"
2802,"[938, 1639, 165, 607, 1918]"
2803,"[1297, 166, 925, 435, 1727]"
2804,"[79, 98, 789, 97, 96]"
2805,"[451, 102, 1899, 98, 97]"
2806,"[1202, 410, 1907, 1916, 1041]"
2807,"[1120, 454, 1304, 781, 441]"
2808,"[1897, 1922, 1526, 1068, 1063]"
2809,"[1899, 1922, 1897, 1904, 1526]"
2810,"[1697, 1675, 125, 1244, 423]"
2811,"[1921, 114, 455, 125, 878]"
2812,"[928, 1019, 1705, 1753, 215]"
2813,"[97, 98, 96, 1746, 102]"
2814,"[447, 1273, 1762, 1758, 1192]"
2815,"[1073, 1705, 1704, 97, 314]"
2816,"[1704, 1705, 108, 1721, 455]"
2817,"[403, 1704, 1705, 925, 1299]"
2818,"[1627, 1899, 1638, 1070, 1157]"
2819,"[1758, 860, 1192, 1704, 1760]"
2820,"[1488, 862, 920, 984, 211]"
2821,"[290, 313, 1586, 1615, 1538]"
2822,"[1242, 1904, 451, 1025, 937]"
2823,"[1915, 1552, 925, 409, 1820]"
2824,"[922, 441, 1904, 1636, 819]"
2825,"[1907, 149, 89, 1129, 924]"
2826,"[89, 112, 890, 1025, 937]"
2827,"[124, 1915, 34, 925, 1825]"
2828,"[1762, 1758, 1761, 1760, 1705]"
2829,"[1896, 97, 96, 98, 89]"
2830,"[159, 937, 1025, 921, 165]"
2831,"[1637, 1870, 60, 449, 1274]"
2832,"[926, 1907, 878, 1025, 937]"
2833,"[289, 710, 1173, 1638, 353]"
2834,"[1612, 1065, 896, 1704, 1574]"
2835,"[89, 113, 409, 1627, 921]"
2836,"[1750, 920, 1677, 409, 1746]"
2837,"[1907, 1025, 937, 159, 165]"
2838,"[98, 620, 470, 1704, 1705]"
2839,"[302, 297, 294, 415, 1202]"
2840,"[89, 1907, 1897, 1922, 1526]"
2841,"[1704, 1705, 815, 749, 897]"
2842,"[1904, 1627, 1068, 1899, 1529]"
2843,"[1705, 435, 291, 667, 961]"
2844,"[1904, 819, 102, 98, 96]"
2845,"[1758, 1762, 1704, 1705, 1904]"
2846,"[1069, 866, 433, 615, 372]"
2847,"[1704, 1705, 1746, 1025, 937]"
2848,"[270, 928, 866, 1745, 1616]"
2849,"[866, 1705, 1927, 1113, 1118]"
2850,"[1297, 465, 1246, 166, 989]"
2851,"[1746, 409, 102, 98, 878]"
2852,"[1753, 500, 1147, 1133, 1029]"
2853,"[1907, 89, 1796, 1803, 1704]"
2854,"[1069, 1745, 1616, 1671, 1907]"
2855,"[98, 89, 415, 1899, 113]"
2856,"[1758, 1762, 424, 860, 1035]"
2857,"[1924, 1521, 1610, 451, 449]"
2858,"[1907, 1921, 451, 449, 60]"
2859,"[1147, 455, 454, 1899, 1100]"
2860,"[274, 350, 172, 281, 272]"
2861,"[1627, 1899, 1915, 318, 89]"
2862,"[866, 1155, 1910, 927, 711]"
2863,"[1705, 1704, 922, 1904, 1025]"
2864,"[1028, 1041, 1257, 1921, 1807]"
2865,"[1775, 1249, 1704, 862, 1675]"
2866,"[688, 1705, 678, 1704, 693]"
2867,"[1299, 403, 985, 1666, 726]"
2868,"[1705, 611, 1704, 613, 203]"
2869,"[727, 726, 1676, 1299, 1298]"
2870,"[1907, 1704, 1145, 1705, 1771]"
2871,"[1014, 1662, 108, 657, 98]"
2872,"[1773, 1784, 919, 321, 1026]"
2873,"[1704, 1705, 992, 250, 1727]"
2874,"[1133, 1202, 410, 89, 1025]"
2875,"[1666, 34, 408, 981, 980]"
2876,"[89, 956, 1916, 98, 165]"
2877,"[1704, 1705, 1753, 1760, 1761]"
2878,"[1677, 1147, 1704, 1064, 1705]"
2879,"[1875, 211, 165, 1705, 1704]"
2880,"[113, 920, 89, 455, 454]"
2881,"[1202, 410, 165, 1014, 164]"
2882,"[1799, 1798, 1782, 1781, 1755]"
2883,"[1904, 441, 116, 1899, 1275]"
2884,"[919, 102, 97, 98, 409]"
2885,"[1675, 408, 984, 211, 165]"
2886,"[947, 1769, 1897, 1922, 106]"
2887,"[1704, 1705, 165, 1910, 1299]"
2888,"[862, 1721, 1297, 455, 454]"
2889,"[1567, 98, 492, 1193, 97]"
2890,"[926, 60, 890, 112, 89]"
2891,"[759, 1116, 928, 761, 125]"
2892,"[1915, 920, 128, 1025, 165]"
2893,"[1922, 1897, 1526, 1627, 1899]"
2894,"[455, 454, 1907, 1025, 937]"
2895,"[1746, 102, 1073, 98, 97]"
2896,"[812, 1309, 98, 467, 462]"
2897,"[1025, 937, 159, 89, 921]"
2898,"[1704, 1705, 424, 166, 1118]"
2899,"[1249, 1068, 1063, 165, 164]"
2900,"[1926, 1529, 1899, 1705, 1753]"
2901,"[408, 165, 222, 1859, 1862]"
2902,"[290, 985, 1073, 1202, 410]"
2903,"[890, 112, 1526, 1653, 1536]"
2904,"[116, 1147, 1727, 449, 1275]"
2905,"[1666, 1632, 217, 1672, 66]"
2906,"[1916, 89, 1299, 435, 902]"
2907,"[89, 1526, 1907, 1033, 1899]"
2908,"[89, 1907, 98, 1526, 1926]"
2909,"[89, 60, 1536, 165, 1704]"
2910,"[1627, 1117, 409, 89, 843]"
2911,"[97, 96, 164, 89, 921]"
2912,"[1592, 890, 112, 1202, 410]"
2913,"[89, 1905, 409, 1896, 1627]"
2914,"[1870, 1874, 1704, 1705, 1299]"
2915,"[302, 297, 294, 1202, 410]"
2916,"[1915, 89, 1526, 1193, 1907]"
2917,"[165, 1659, 920, 1196, 1299]"
2918,"[1762, 1758, 1704, 1705, 285]"
2919,"[89, 1627, 176, 98, 1922]"
2920,"[1926, 1675, 165, 89, 1907]"
2921,"[98, 97, 96, 692, 165]"
2922,"[98, 97, 96, 165, 1750]"
2923,"[149, 423, 1244, 1829, 1827]"
2924,"[409, 424, 1627, 878, 318]"
2925,"[922, 1638, 1025, 937, 159]"
2926,"[221, 1011, 1014, 220, 928]"
2927,"[1760, 1761, 1758, 1704, 324]"
2928,"[1904, 1025, 937, 159, 1638]"
2929,"[1071, 868, 318, 1069, 1907]"
2930,"[1704, 1705, 116, 1147, 1758]"
2931,"[922, 1064, 1526, 1915, 102]"
2932,"[302, 89, 1926, 98, 415]"
2933,"[98, 97, 96, 1043, 1202]"
2934,"[1202, 410, 165, 1297, 1659]"
2935,"[1038, 1901, 165, 164, 1924]"
2936,"[128, 1927, 1080, 290, 1303]"
2937,"[1793, 603, 408, 294, 758]"
2938,"[1915, 1193, 372, 1025, 937]"
2939,"[1016, 408, 350, 278, 273]"
2940,"[1273, 447, 584, 1800, 1780]"
2941,"[165, 924, 89, 984, 211]"
2942,"[1907, 926, 165, 98, 97]"
2943,"[112, 890, 98, 1536, 1272]"
2944,"[1611, 809, 1275, 696, 449]"
2945,"[846, 1704, 1705, 1064, 862]"
2946,"[170, 164, 1025, 937, 921]"
2947,"[929, 172, 318, 1704, 1705]"
2948,"[1612, 1065, 1574, 1745, 1762]"
2949,"[1758, 1762, 89, 1926, 1674]"
2950,"[1746, 102, 98, 96, 97]"
2951,"[89, 1907, 773, 1202, 410]"
2952,"[1627, 1904, 113, 89, 1910]"
2953,"[1627, 1073, 409, 318, 924]"
2954,"[124, 98, 97, 96, 1619]"
2955,"[1185, 1750, 1677, 1675, 89]"
2956,"[1536, 1549, 669, 108, 1592]"
2957,"[137, 272, 270, 276, 273]"
2958,"[1897, 1922, 1526, 1627, 106]"
2959,"[408, 1915, 1001, 759, 752]"
2960,"[1726, 846, 888, 1724, 102]"
2961,"[783, 1144, 1638, 1899, 692]"
2962,"[1760, 1761, 1915, 1646, 128]"
2963,"[866, 286, 1257, 699, 273]"
2964,"[1915, 34, 89, 1561, 1753]"
2965,"[1915, 112, 116, 890, 388]"
2966,"[96, 676, 1073, 1700, 97]"
2967,"[1907, 926, 1746, 1297, 89]"
2968,"[1273, 447, 1705, 1147, 1579]"
2969,"[1029, 1028, 1027, 1026, 935]"
2970,"[1905, 1627, 1527, 1907, 112]"
2971,"[1915, 1603, 692, 396, 98]"
2972,"[1915, 112, 113, 1064, 890]"
2973,"[199, 958, 959, 1933, 1050]"
2974,"[347, 350, 1704, 212, 1754]"
2975,"[164, 102, 1746, 97, 96]"
2976,"[922, 124, 1526, 102, 409]"
2977,"[878, 409, 1627, 1899, 1926]"
2978,"[1257, 1724, 1758, 1761, 1760]"
2979,"[1075, 437, 1690, 165, 1283]"
2980,"[170, 1704, 403, 911, 1705]"
2981,"[112, 89, 1907, 1030, 1910]"
2982,"[403, 1704, 1250, 1077, 1037]"
2983,"[441, 1202, 410, 1936, 42]"
2984,"[1065, 1073, 1690, 136, 89]"
2985,"[1300, 452, 1301, 1827, 1865]"
2986,"[98, 97, 96, 1638, 1659]"
2987,"[454, 1157, 478, 480, 1918]"
2988,"[1915, 432, 1257, 1299, 1202]"
2989,"[1704, 1705, 98, 1627, 1069]"
2990,"[1185, 408, 1025, 937, 159]"
2991,"[89, 1239, 416, 455, 878]"
2992,"[1863, 1866, 1837, 1833, 1828]"
2993,"[1065, 1677, 1705, 1704, 89]"
2994,"[1627, 1899, 1705, 1704, 1904]"
2995,"[1046, 1907, 1927, 101, 124]"
2996,"[1638, 98, 1752, 435, 926]"
2997,"[170, 164, 922, 933, 1792]"
2998,"[176, 925, 164, 938, 175]"
2999,"[145, 148, 147, 916, 913]"
3000,"[164, 1025, 937, 1042, 1041]"
3001,"[1704, 1833, 1837, 1828, 1077]"
3002,"[1918, 979, 1085, 618, 1531]"
3003,"[211, 980, 985, 149, 929]"
3004,"[170, 985, 923, 161, 925]"
3005,"[1073, 89, 290, 1627, 1202]"
3006,"[779, 304, 618, 346, 195]"
3007,"[1249, 1567, 409, 98, 97]"
3008,"[1306, 435, 818, 1084, 1704]"
3009,"[408, 1705, 1202, 410, 1704]"
3010,"[688, 677, 925, 1704, 1705]"
3011,"[1041, 1690, 1073, 1283, 1106]"
3012,"[1300, 1202, 410, 1818, 1817]"
3013,"[1827, 1865, 1836, 1829, 1873]"
3014,"[1077, 1076, 1704, 1705, 1831]"
3015,"[1915, 409, 1825, 98, 97]"
3016,"[1835, 140, 145, 1865, 916]"
3017,"[1030, 455, 1076, 1042, 454]"
3018,"[1202, 410, 89, 165, 926]"
3019,"[1073, 89, 1690, 1202, 410]"
3020,"[1748, 1775, 125, 868, 1044]"
3021,"[1202, 410, 1617, 926, 1704]"
3022,"[1904, 1627, 1899, 102, 1299]"
3023,"[125, 1244, 423, 1699, 902]"
3024,"[125, 423, 1244, 1918, 979]"
3025,"[1704, 1705, 423, 1244, 403]"
3026,"[125, 1690, 1705, 1704, 1915]"
3027,"[1244, 423, 1690, 1727, 125]"
3028,"[125, 1261, 1260, 1259, 1258]"
3029,"[125, 1244, 423, 98, 1690]"
3030,"[125, 1244, 423, 1676, 1202]"
3031,"[125, 1126, 1244, 423, 1690]"
3032,"[1244, 423, 125, 1299, 1627]"
3033,"[125, 1244, 423, 1690, 603]"
3034,"[125, 1244, 423, 1299, 102]"
3035,"[125, 423, 1244, 1690, 98]"
3036,"[1690, 365, 911, 1317, 73]"
3037,"[125, 423, 1244, 1193, 615]"
3038,"[125, 423, 1244, 408, 1299]"
3039,"[1370, 1363, 1915, 1822, 1825]"
3040,"[773, 1250, 1303, 925, 1705]"
3041,"[360, 125, 376, 1124, 396]"
3042,"[125, 1244, 423, 1690, 259]"
3043,"[125, 1077, 1344, 607, 585]"
3044,"[125, 34, 402, 1244, 423]"
3045,"[125, 1244, 423, 165, 79]"
3046,"[1244, 423, 789, 1902, 433]"
3047,"[125, 408, 1690, 60, 1675]"
3048,"[125, 1690, 408, 1626, 365]"
3049,"[913, 147, 145, 148, 140]"
3050,"[125, 423, 1244, 1202, 410]"
3051,"[1705, 1704, 1762, 2, 3]"
3052,"[125, 365, 1915, 613, 1126]"
3053,"[1924, 455, 925, 862, 116]"
3054,"[125, 1244, 423, 1915, 1344]"
3055,"[125, 365, 1690, 423, 1244]"
3056,"[1244, 423, 125, 1690, 692]"
3057,"[125, 365, 319, 1001, 1866]"
3058,"[1344, 1677, 1269, 1076, 1885]"
3059,"[1244, 423, 125, 1690, 126]"
3060,"[1244, 423, 125, 692, 408]"
3061,"[125, 408, 1915, 1244, 423]"
3062,"[1727, 165, 926, 1297, 96]"
3063,"[365, 1244, 423, 322, 1626]"
3064,"[562, 677, 1851, 1849, 1848]"
3065,"[1244, 423, 125, 762, 758]"
3066,"[1727, 1196, 165, 878, 423]"
3067,"[1147, 692, 1766, 851, 451]"
3068,"[1705, 1704, 1765, 1777, 1761]"
3069,"[171, 408, 455, 1915, 878]"
3070,"[1536, 926, 1915, 171, 60]"
3071,"[478, 1030, 1924, 1536, 60]"
3072,"[1536, 409, 1249, 89, 1066]"
3073,"[1752, 1754, 1776, 1757, 1766]"
3074,"[938, 98, 165, 124, 1907]"
3075,"[1147, 1752, 1178, 377, 1297]"
3076,"[904, 408, 656, 1902, 1552]"
3077,"[1761, 1750, 1272, 1924, 408]"
3078,"[1705, 1752, 116, 1924, 60]"
3079,"[1915, 1344, 98, 890, 112]"
3080,"[1924, 1528, 1761, 1536, 1249]"
3081,"[815, 1761, 465, 1147, 749]"
3082,"[478, 1924, 1536, 60, 926]"
3083,"[1272, 1924, 1536, 938, 440]"
3084,"[1875, 60, 926, 175, 1915]"
3085,"[116, 1915, 98, 1552, 692]"
3086,"[1761, 433, 1525, 1524, 749]"
3087,"[164, 165, 124, 922, 98]"
3088,"[165, 1705, 1704, 1924, 98]"
3089,"[1936, 677, 1265, 1752, 1566]"
3090,"[878, 1550, 60, 925, 1915]"
3091,"[171, 1675, 116, 408, 126]"
3092,"[528, 1507, 296, 928, 1761]"
3093,"[60, 98, 124, 663, 1753]"
3094,"[1915, 1916, 1344, 379, 1113]"
3095,"[1761, 1705, 1760, 1704, 890]"
3096,"[692, 1915, 922, 216, 878]"
3097,"[1676, 890, 112, 89, 926]"
3098,"[289, 698, 1704, 1752, 1025]"
3099,"[1272, 1924, 1536, 1746, 165]"
3100,"[1704, 1924, 1705, 1536, 1526]"
3101,"[175, 1875, 89, 591, 72]"
3102,"[1924, 439, 60, 116, 1915]"
3103,"[1915, 1526, 1528, 890, 112]"
3104,"[1536, 1761, 1924, 1910, 1192]"
3105,"[1924, 116, 1536, 1761, 1192]"
3106,"[1694, 528, 1761, 749, 1704]"
3107,"[1915, 1344, 1675, 1676, 890]"
3108,"[1762, 1758, 1760, 692, 1916]"
3109,"[1705, 60, 1762, 1758, 890]"
3110,"[1761, 116, 1760, 114, 112]"
3111,"[1025, 1704, 1299, 435, 1695]"
3112,"[1727, 98, 97, 96, 773]"
3113,"[1705, 1704, 1024, 1758, 398]"
3114,"[1677, 1721, 331, 758, 898]"
3115,"[108, 1799, 1798, 1782, 1781]"
3116,"[1344, 365, 993, 1169, 321]"
3117,"[737, 719, 1705, 1704, 211]"
3118,"[297, 722, 1916, 1525, 1637]"
3119,"[1929, 1299, 438, 1899, 902]"
3120,"[108, 1043, 985, 1829, 1827]"
3121,"[1695, 108, 1721, 1637, 1299]"
3122,"[1677, 1202, 410, 1592, 1557]"
3123,"[1721, 1592, 108, 921, 670]"
3124,"[108, 371, 1781, 1782, 1798]"
3125,"[1721, 108, 1666, 438, 1636]"
3126,"[1705, 1704, 89, 108, 1721]"
3127,"[108, 1758, 1762, 1799, 1798]"
3128,"[108, 165, 1697, 110, 292]"
3129,"[1602, 365, 1167, 1024, 1008]"
3130,"[352, 1760, 1754, 250, 1758]"
3131,"[920, 171, 1907, 413, 1602]"
3132,"[1721, 1159, 380, 1704, 1705]"
3133,"[1014, 997, 1181, 849, 208]"
3134,"[1758, 343, 1754, 1761, 1760]"
3135,"[108, 1753, 1761, 1760, 1704]"
3136,"[387, 1602, 1727, 956, 1121]"
3137,"[1042, 1592, 670, 955, 1704]"
3138,"[108, 1721, 1760, 1761, 1024]"
3139,"[70, 108, 211, 1910, 1299]"
3140,"[1024, 1721, 108, 857, 1705]"
3141,"[1681, 1633, 1634, 1016, 347]"
3142,"[1024, 1761, 1760, 1344, 343]"
3143,"[380, 629, 1794, 1787, 1936]"
3144,"[1753, 1550, 1704, 1721, 1169]"
3145,"[379, 1187, 1798, 1782, 1557]"
3146,"[692, 28, 1344, 125, 1184]"
3147,"[1491, 1798, 1782, 1755, 1705]"
3148,"[1636, 1899, 1705, 1781, 1802]"
3149,"[1731, 392, 1129, 1169, 1766]"
3150,"[1024, 1924, 1721, 1746, 1617]"
3151,"[424, 1704, 1072, 1754, 108]"
3152,"[297, 1916, 1777, 1765, 1684]"
3153,"[1721, 108, 361, 1202, 410]"
3154,"[1746, 1915, 926, 1750, 451]"
3155,"[1904, 441, 1099, 1899, 1627]"
3156,"[435, 950, 946, 192, 193]"
3157,"[1698, 125, 165, 454, 1702]"
3158,"[98, 1617, 16, 292, 1760]"
3159,"[1655, 292, 1617, 921, 98]"
3160,"[1760, 1761, 1762, 1617, 1705]"
3161,"[1610, 1275, 125, 1704, 1924]"
3162,"[1761, 1760, 1762, 292, 1758]"
3163,"[292, 455, 1277, 1192, 1904]"
3164,"[692, 339, 1655, 1617, 1638]"
3165,"[1705, 1147, 441, 1636, 442]"
3166,"[297, 1649, 1916, 1760, 1761]"
3167,"[292, 1113, 16, 114, 1277]"
3168,"[60, 335, 1275, 440, 1536]"
3169,"[1617, 1762, 1722, 1758, 1761]"
3170,"[1617, 1704, 1924, 1760, 1761]"
3171,"[441, 455, 1112, 692, 1899]"
3172,"[1727, 1761, 1760, 946, 192]"
3173,"[292, 1617, 97, 96, 102]"
3174,"[811, 455, 454, 1910, 1904]"
3175,"[1617, 1704, 1899, 1924, 116]"
3176,"[1617, 1761, 1760, 1758, 98]"
3177,"[1924, 165, 98, 760, 782]"
3178,"[692, 1722, 1899, 1627, 1112]"
3179,"[1761, 1760, 1655, 692, 1617]"
3180,"[615, 1030, 607, 1638, 1899]"
3181,"[1758, 1760, 1617, 1762, 1761]"
3182,"[1722, 692, 455, 1617, 1655]"
3183,"[1924, 1746, 102, 98, 97]"
3184,"[98, 97, 96, 1617, 1192]"
3185,"[1655, 1921, 60, 114, 1760]"
3186,"[441, 289, 98, 97, 96]"
3187,"[926, 125, 98, 97, 96]"
3188,"[1273, 1275, 98, 1277, 1617]"
3189,"[16, 1705, 114, 455, 1617]"
3190,"[1617, 1722, 292, 1762, 1761]"
3191,"[292, 1762, 1617, 1655, 1758]"
3192,"[1655, 676, 1104, 339, 705]"
3193,"[1746, 1655, 1144, 1704, 1705]"
3194,"[89, 1727, 1070, 438, 1617]"
3195,"[441, 1536, 292, 815, 432]"
3196,"[1722, 1617, 1112, 1070, 1760]"
3197,"[1071, 675, 866, 1914, 811]"
3198,"[1803, 947, 441, 192, 946]"
3199,"[794, 1313, 1299, 1750, 1676]"
3200,"[1073, 954, 887, 1705, 1299]"
3201,"[1071, 467, 1627, 1527, 1905]"
3202,"[1762, 440, 1758, 924, 126]"
3203,"[1071, 1807, 1191, 1910, 1025]"
3204,"[1202, 410, 1924, 762, 760]"
3205,"[455, 454, 124, 1627, 1904]"
3206,"[1758, 1041, 1704, 1065, 324]"
3207,"[409, 165, 164, 1724, 692]"
3208,"[679, 1176, 1758, 1705, 1704]"
3209,"[1071, 928, 335, 1069, 1913]"
3210,"[900, 1550, 920, 1025, 937]"
3211,"[1071, 1899, 1904, 409, 1064]"
3212,"[1762, 1758, 1705, 1704, 1775]"
3213,"[1899, 928, 1056, 1011, 329]"
3214,"[819, 759, 112, 432, 341]"
3215,"[1627, 1899, 409, 1025, 937]"
3216,"[1705, 706, 715, 1758, 111]"
3217,"[409, 1795, 1899, 1926, 1752]"
3218,"[102, 1746, 1025, 937, 159]"
3219,"[1070, 102, 1704, 1705, 1746]"
3220,"[455, 1904, 465, 1627, 1025]"
3221,"[441, 1299, 1627, 1638, 98]"
3222,"[887, 1073, 1705, 954, 1746]"
3223,"[1160, 900, 1299, 1025, 937]"
3224,"[1071, 1899, 1025, 937, 159]"
3225,"[1705, 112, 1758, 1704, 409]"
3226,"[1649, 435, 988, 961, 1705]"
3227,"[1746, 1025, 937, 159, 1904]"
3228,"[291, 1523, 449, 1192, 1275]"
3229,"[1025, 937, 159, 409, 102]"
3230,"[291, 1746, 441, 409, 1299]"
3231,"[1627, 1536, 1925, 1745, 1671]"
3232,"[1705, 1758, 291, 706, 715]"
3233,"[1025, 937, 159, 291, 112]"
3234,"[291, 409, 1025, 937, 159]"
3235,"[1073, 887, 954, 1299, 1746]"
3236,"[1746, 1705, 1704, 89, 1118]"
3237,"[1533, 1758, 1704, 1073, 1762]"
3238,"[1910, 106, 451, 1192, 1147]"
3239,"[1705, 1704, 121, 321, 1758]"
3240,"[811, 1071, 1807, 1025, 937]"
3241,"[1705, 1704, 1752, 1914, 1160]"
3242,"[1071, 1753, 103, 1756, 1222]"
3243,"[1144, 341, 338, 1655, 701]"
3244,"[1910, 409, 97, 98, 96]"
3245,"[409, 96, 97, 102, 1070]"
3246,"[1908, 454, 1523, 860, 1273]"
3247,"[1926, 1193, 1705, 1704, 1025]"
3248,"[1910, 296, 1761, 211, 1924]"
3249,"[1760, 291, 1705, 1704, 1758]"
3250,"[460, 607, 109, 1704, 454]"
3251,"[663, 1758, 447, 1273, 478]"
3252,"[1924, 1025, 937, 159, 89]"
3253,"[1924, 1705, 1704, 454, 455]"
3254,"[1758, 1704, 1147, 1705, 1761]"
3255,"[1705, 1070, 1899, 1704, 1926]"
3256,"[1924, 1704, 1705, 1273, 447]"
3257,"[1758, 1273, 447, 1913, 860]"
3258,"[1030, 1073, 615, 1758, 815]"
3259,"[1910, 409, 1904, 1905, 465]"
3260,"[1704, 442, 1636, 1899, 439]"
3261,"[1924, 1910, 1899, 1904, 89]"
3262,"[1907, 1065, 1758, 1257, 373]"
3263,"[1910, 1273, 447, 291, 478]"
3264,"[1908, 1924, 1192, 1523, 454]"
3265,"[1924, 1758, 291, 1273, 1704]"
3266,"[1705, 1704, 1064, 106, 1899]"
3267,"[1926, 1705, 1638, 1899, 291]"
3268,"[1758, 1705, 1704, 291, 1761]"
3269,"[1274, 1192, 1705, 1899, 1704]"
3270,"[112, 1758, 1704, 1705, 1924]"
3271,"[1705, 1704, 447, 1761, 1760]"
3272,"[1758, 1705, 1704, 1762, 1761]"
3273,"[1924, 1192, 1792, 1793, 1789]"
3274,"[291, 1705, 1758, 111, 1924]"
3275,"[1273, 447, 1064, 890, 112]"
3276,"[1924, 291, 442, 1636, 1899]"
3277,"[1904, 1924, 1910, 1899, 1025]"
3278,"[1270, 455, 454, 1025, 937]"
3279,"[1030, 1870, 1924, 478, 1705]"
3280,"[1617, 109, 938, 934, 931]"
3281,"[291, 1899, 116, 1926, 455]"
3282,"[1924, 1704, 1904, 1910, 1761]"
3283,"[291, 1705, 1924, 478, 409]"
3284,"[1308, 860, 1924, 1523, 693]"
3285,"[1704, 1705, 409, 1924, 1904]"
3286,"[1924, 1704, 1705, 1758, 1904]"
3287,"[1552, 925, 1915, 175, 928]"
3288,"[409, 658, 1540, 119, 333]"
3289,"[97, 96, 98, 1915, 125]"
3290,"[112, 455, 291, 1758, 1638]"
3291,"[113, 114, 116, 1750, 125]"
3292,"[1750, 1705, 588, 597, 599]"
3293,"[438, 1636, 1192, 1637, 614]"
3294,"[1705, 1704, 1732, 1277, 815]"
3295,"[1636, 438, 1637, 455, 1656]"
3296,"[1758, 291, 1656, 1761, 1760]"
3297,"[1705, 289, 1656, 1704, 1870]"
3298,"[97, 96, 1758, 1533, 291]"
3299,"[112, 296, 1758, 46, 1523]"
3300,"[409, 1746, 102, 921, 98]"
3301,"[1762, 1758, 1705, 1704, 1085]"
3302,"[1277, 692, 846, 1726, 1638]"
3303,"[1704, 1705, 1904, 1899, 1627]"
3304,"[1746, 112, 171, 676, 692]"
3305,"[164, 1746, 102, 409, 1750]"
3306,"[112, 46, 296, 1064, 1705]"
3307,"[1746, 102, 98, 97, 96]"
3308,"[291, 1192, 113, 1899, 1677]"
3309,"[1704, 1762, 1760, 1783, 1761]"
3310,"[438, 1636, 1637, 1192, 455]"
3311,"[455, 454, 1904, 1637, 291]"
3312,"[102, 749, 1746, 1713, 124]"
3313,"[102, 60, 1704, 112, 455]"
3314,"[1762, 1758, 291, 1705, 1704]"
3315,"[291, 438, 1636, 1637, 454]"
3316,"[1924, 1705, 455, 454, 1192]"
3317,"[112, 291, 1758, 455, 1070]"
3318,"[1192, 451, 449, 113, 697]"
3319,"[291, 1758, 1085, 667, 435]"
3320,"[1746, 102, 409, 921, 1073]"
3321,"[1523, 1192, 1277, 46, 109]"
3322,"[341, 1299, 1627, 1899, 1750]"
3323,"[291, 1758, 441, 1070, 1746]"
3324,"[1204, 1611, 1705, 454, 1523]"
3325,"[961, 1085, 435, 1758, 1762]"
3326,"[113, 1192, 125, 1677, 454]"
3327,"[811, 46, 1192, 291, 683]"
3328,"[291, 1638, 1899, 1758, 1904]"
3329,"[1758, 1705, 1704, 297, 1914]"
3330,"[1704, 1758, 1705, 1795, 510]"
3331,"[1705, 1750, 1758, 111, 1704]"
3332,"[116, 1704, 1760, 1705, 455]"
3333,"[175, 171, 921, 1761, 164]"
3334,"[1761, 433, 1299, 297, 1257]"
3335,"[1549, 462, 1309, 464, 463]"
3336,"[383, 1516, 1441, 1783, 628]"
3337,"[1753, 1766, 1704, 1705, 1760]"
3338,"[1924, 1753, 165, 675, 926]"
3339,"[1705, 1704, 1675, 902, 403]"
3340,"[1753, 216, 110, 1924, 1705]"
3341,"[335, 1767, 1752, 1762, 1758]"
3342,"[1204, 1113, 1147, 1921, 1044]"
3343,"[1915, 89, 171, 497, 925]"
3344,"[692, 1902, 1552, 344, 1924]"
3345,"[171, 175, 938, 1758, 408]"
3346,"[866, 1847, 1848, 1845, 1850]"
3347,"[1790, 435, 1789, 1717, 1679]"
3348,"[1924, 1761, 1910, 116, 1192]"
3349,"[1704, 1705, 1045, 1042, 1035]"
3350,"[1549, 175, 1724, 1761, 1036]"
3351,"[455, 619, 114, 451, 449]"
3352,"[1704, 1705, 449, 714, 1275]"
3353,"[60, 98, 1924, 1746, 938]"
3354,"[124, 1884, 922, 98, 97]"
3355,"[464, 1752, 925, 1924, 1705]"
3356,"[462, 1030, 1029, 935, 934]"
3357,"[1704, 789, 1705, 1504, 462]"
3358,"[97, 1192, 98, 409, 124]"
3359,"[1761, 749, 1550, 1704, 1705]"
3360,"[1758, 1762, 961, 24, 1753]"
3361,"[925, 856, 911, 175, 928]"
3362,"[1761, 165, 164, 921, 1705]"
3363,"[98, 97, 96, 938, 934]"
3364,"[1746, 102, 759, 171, 1552]"
3365,"[1760, 1762, 1758, 441, 692]"
3366,"[1705, 1704, 1761, 1760, 1504]"
3367,"[1769, 362, 1787, 1786, 1863]"
3368,"[1887, 1552, 673, 1893, 1531]"
3369,"[455, 619, 1113, 1773, 1753]"
3370,"[1758, 1916, 1915, 1299, 692]"
3371,"[675, 1147, 1761, 1760, 1762]"
3372,"[297, 1916, 1761, 1299, 1889]"
3373,"[1706, 692, 108, 97, 96]"
3374,"[441, 1638, 1272, 98, 692]"
3375,"[1774, 1704, 1600, 819, 1192]"
3376,"[1025, 937, 159, 922, 1746]"
3377,"[1924, 1904, 409, 1746, 1025]"
3378,"[409, 102, 1924, 1526, 1899]"
3379,"[1924, 1904, 89, 1526, 878]"
3380,"[89, 166, 113, 921, 164]"
3381,"[1904, 89, 922, 919, 175]"
3382,"[1526, 113, 1922, 1897, 409]"
3383,"[1904, 919, 1064, 89, 922]"
3384,"[1926, 681, 116, 1273, 447]"
3385,"[101, 1924, 1795, 409, 216]"
3386,"[1196, 175, 89, 781, 1924]"
3387,"[1704, 1273, 447, 125, 310]"
3388,"[89, 1904, 1910, 435, 98]"
3389,"[922, 1904, 102, 97, 98]"
3390,"[1904, 1762, 1758, 89, 116]"
3391,"[1904, 1774, 1907, 1910, 1887]"
3392,"[318, 424, 113, 1907, 1627]"
3393,"[922, 1904, 1627, 1025, 937]"
3394,"[677, 409, 1907, 1899, 89]"
3395,"[1025, 937, 159, 1746, 409]"
3396,"[1904, 1600, 1899, 1638, 455]"
3397,"[432, 296, 675, 815, 1081]"
3398,"[1904, 175, 922, 1909, 1025]"
3399,"[921, 175, 1025, 937, 159]"
3400,"[1904, 1064, 1526, 1899, 89]"
3401,"[1904, 1705, 447, 1273, 310]"
3402,"[106, 1192, 1926, 1147, 1899]"
3403,"[116, 1926, 455, 454, 102]"
3404,"[1927, 1766, 1887, 1704, 1705]"
3405,"[1907, 1705, 1704, 424, 409]"
3406,"[89, 1118, 1705, 1704, 1899]"
3407,"[97, 96, 1041, 98, 171]"
3408,"[171, 420, 930, 924, 1670]"
3409,"[1526, 451, 449, 1277, 1904]"
3410,"[1035, 1536, 125, 1639, 1904]"
3411,"[89, 922, 175, 1025, 937]"
3412,"[1904, 1607, 1627, 432, 425]"
3413,"[1073, 1904, 919, 922, 1025]"
3414,"[1753, 211, 1704, 1705, 37]"
3415,"[1899, 1025, 937, 159, 89]"
3416,"[1926, 1904, 424, 1529, 1899]"
3417,"[43, 919, 922, 1904, 1071]"
3418,"[1904, 922, 1899, 1025, 937]"
3419,"[165, 126, 96, 98, 628]"
3420,"[102, 60, 408, 848, 124]"
3421,"[126, 97, 96, 113, 464]"
3422,"[408, 1185, 1917, 1094, 442]"
3423,"[408, 60, 1750, 101, 171]"
3424,"[1552, 628, 651, 1073, 923]"
3425,"[925, 1746, 1700, 1202, 410]"
3426,"[1704, 1705, 124, 890, 112]"
3427,"[1787, 1788, 1789, 1704, 1045]"
3428,"[60, 408, 1202, 410, 603]"
3429,"[1853, 1902, 98, 96, 1838]"
3430,"[319, 716, 1118, 1825, 60]"
3431,"[675, 716, 1762, 1675, 902]"
3432,"[1924, 925, 1202, 410, 98]"
3433,"[1746, 102, 98, 97, 96]"
3434,"[136, 124, 98, 782, 125]"
3435,"[1915, 1202, 1552, 1746, 102]"
3436,"[1902, 60, 124, 1130, 408]"
3437,"[1902, 878, 1866, 1828, 1837]"
3438,"[925, 1704, 1705, 878, 1550]"
3439,"[878, 1137, 320, 124, 1746]"
3440,"[408, 60, 692, 410, 1202]"
3441,"[102, 1746, 98, 96, 97]"
3442,"[60, 1915, 925, 171, 882]"
3443,"[164, 171, 1534, 98, 97]"
3444,"[60, 1902, 1746, 102, 124]"
3445,"[140, 916, 145, 148, 913]"
3446,"[1646, 1705, 1130, 1704, 124]"
3447,"[1118, 97, 96, 98, 124]"
3448,"[1746, 102, 98, 97, 96]"
3449,"[1136, 923, 161, 1672, 1025]"
3450,"[1541, 1916, 1746, 98, 97]"
3451,"[124, 60, 125, 1915, 1702]"
3452,"[1700, 1646, 126, 929, 172]"
3453,"[126, 98, 97, 96, 1746]"
3454,"[1902, 60, 124, 692, 1344]"
3455,"[1902, 124, 60, 408, 1344]"
3456,"[60, 1915, 408, 1552, 922]"
3457,"[1902, 658, 716, 1133, 222]"
3458,"[60, 408, 1073, 890, 112]"
3459,"[1130, 219, 136, 116, 281]"
3460,"[1902, 878, 1853, 1040, 1832]"
3461,"[1706, 1014, 108, 1721, 98]"
3462,"[98, 97, 96, 1746, 102]"
3463,"[1704, 1705, 1105, 1630, 1258]"
3464,"[1185, 89, 1620, 1520, 971]"
3465,"[1915, 985, 728, 1825, 1648]"
3466,"[165, 98, 1659, 1746, 1753]"
3467,"[1185, 152, 1303, 1250, 165]"
3468,"[1592, 1026, 350, 1831, 1832]"
3469,"[1202, 410, 435, 924, 773]"
3470,"[1915, 1277, 164, 878, 102]"
3471,"[408, 1917, 1279, 1916, 1704]"
3472,"[924, 165, 728, 956, 175]"
3473,"[1915, 1526, 928, 922, 159]"
3474,"[1915, 890, 112, 922, 1051]"
3475,"[1008, 165, 915, 1049, 782]"
3476,"[1915, 1676, 171, 112, 890]"
3477,"[1051, 728, 1648, 731, 350]"
3478,"[1659, 165, 408, 1915, 1638]"
3479,"[1936, 1592, 980, 979, 213]"
3480,"[1915, 408, 125, 1675, 1917]"
3481,"[1915, 125, 408, 1520, 175]"
3482,"[1676, 1299, 1258, 1298, 728]"
3483,"[424, 1772, 1705, 1704, 634]"
3484,"[207, 165, 976, 974, 973]"
3485,"[1637, 1690, 125, 1659, 677]"
3486,"[1102, 1150, 986, 1659, 1042]"
3487,"[1150, 302, 297, 294, 1202]"
3488,"[1915, 164, 789, 98, 878]"
3489,"[1915, 728, 1648, 731, 350]"
3490,"[911, 175, 1651, 1630, 925]"
3491,"[1046, 1648, 731, 728, 925]"
3492,"[920, 165, 164, 728, 1025]"
3493,"[125, 370, 392, 360, 1536]"
3494,"[760, 762, 930, 604, 1936]"
3495,"[451, 1921, 1610, 1638, 449]"
3496,"[171, 1672, 922, 923, 161]"
3497,"[408, 1675, 1915, 1750, 1917]"
3498,"[216, 112, 890, 101, 1526]"
3499,"[1915, 1810, 923, 161, 1706]"
3500,"[1746, 1025, 937, 159, 1907]"
3501,"[350, 722, 1917, 1648, 731]"
3502,"[1025, 937, 159, 165, 890]"
3503,"[207, 978, 976, 974, 973]"
3504,"[270, 165, 1659, 408, 1666]"
3505,"[165, 1202, 410, 455, 98]"
3506,"[924, 165, 1202, 410, 773]"
3507,"[1827, 108, 1249, 692, 89]"
3508,"[1042, 165, 89, 886, 1299]"
3509,"[1185, 408, 125, 1202, 410]"
3510,"[1900, 1924, 408, 101, 1277]"
3511,"[171, 98, 1915, 97, 96]"
3512,"[1142, 1160, 1344, 1104, 379]"
3513,"[1131, 124, 125, 1721, 609]"
3514,"[676, 359, 347, 1616, 1540]"
3515,"[116, 1085, 1775, 388, 1761]"
3516,"[89, 140, 1795, 916, 1915]"
3517,"[60, 112, 171, 890, 1915]"
3518,"[171, 101, 112, 1552, 878]"
3519,"[1695, 379, 1639, 1306, 408]"
3520,"[1917, 408, 101, 112, 108]"
3521,"[1795, 692, 89, 433, 453]"
3522,"[98, 692, 1157, 455, 454]"
3523,"[1112, 1188, 1899, 1521, 1192]"
3524,"[1915, 692, 890, 112, 409]"
3525,"[849, 1675, 125, 1915, 890]"
3526,"[677, 365, 1704, 1705, 302]"
3527,"[1675, 1543, 112, 1552, 1746]"
3528,"[1900, 1675, 149, 303, 1706]"
3529,"[1769, 372, 1758, 1704, 1705]"
3530,"[1202, 410, 1676, 89, 1746]"
3531,"[1705, 1704, 1795, 1082, 303]"
3532,"[1001, 1819, 1818, 1817, 1816]"
3533,"[1185, 1094, 408, 108, 362]"
3534,"[1915, 1249, 257, 1819, 1818]"
3535,"[411, 362, 396, 1285, 1077]"
3536,"[440, 1001, 1920, 1732, 1899]"
3537,"[1617, 1676, 455, 926, 1921]"
3538,"[17, 29, 3, 1017, 15]"
3539,"[1820, 1819, 1818, 1817, 1816]"
3540,"[1627, 1899, 920, 116, 110]"
3541,"[440, 1917, 116, 408, 1704]"
3542,"[1753, 692, 1272, 1915, 1818]"
3543,"[1705, 108, 1752, 1721, 1030]"
3544,"[1070, 1188, 1746, 1627, 1617]"
3545,"[1704, 365, 1021, 986, 1043]"
3546,"[676, 1536, 1263, 1073, 1629]"
3547,"[1169, 365, 1075, 1071, 1705]"
3548,"[1762, 1273, 447, 379, 1758]"
3549,"[1921, 603, 451, 1202, 410]"
3550,"[1721, 1915, 688, 1491, 1705]"
3551,"[870, 873, 956, 1649, 435]"
3552,"[82, 949, 947, 191, 946]"
3553,"[1366, 1246, 809, 1795, 510]"
3554,"[1913, 1937, 1246, 1758, 584]"
3555,"[409, 1746, 102, 1300, 922]"
3556,"[89, 435, 878, 890, 112]"
3557,"[1727, 89, 1196, 926, 1202]"
3558,"[1534, 98, 692, 171, 1638]"
3559,"[584, 1758, 1246, 1705, 1704]"
3560,"[1727, 291, 991, 292, 794]"
3561,"[89, 1659, 98, 125, 165]"
3562,"[1746, 409, 102, 1927, 1676]"
3563,"[1627, 1905, 1527, 163, 43]"
3564,"[22, 435, 40, 1742, 1705]"
3565,"[409, 1746, 102, 89, 1202]"
3566,"[1555, 97, 96, 98, 102]"
3567,"[1537, 1627, 1638, 1299, 1899]"
3568,"[1758, 620, 470, 1770, 409]"
3569,"[1533, 1250, 1081, 89, 1295]"
3570,"[1070, 1770, 1758, 1795, 1246]"
3571,"[1727, 1759, 1070, 890, 112]"
3572,"[62, 817, 108, 1752, 1766]"
3573,"[89, 409, 1746, 102, 926]"
3574,"[1752, 1649, 220, 435, 1796]"
3575,"[291, 1752, 1300, 1566, 931]"
3576,"[1795, 1704, 1705, 878, 1769]"
3577,"[890, 112, 1899, 1025, 937]"
3578,"[1705, 1704, 584, 1758, 1795]"
3579,"[1044, 291, 1910, 292, 1533]"
3580,"[102, 1025, 937, 159, 89]"
3581,"[97, 96, 1746, 98, 1063]"
3582,"[291, 1924, 1025, 937, 1907]"
3583,"[89, 1202, 410, 1727, 435]"
3584,"[89, 435, 1297, 1202, 410]"
3585,"[409, 1746, 102, 98, 1618]"
3586,"[1903, 1557, 1537, 164, 928]"
3587,"[1300, 935, 168, 1044, 106]"
3588,"[1795, 1704, 1705, 920, 878]"
3589,"[112, 1746, 102, 409, 1196]"
3590,"[1740, 1759, 1746, 409, 102]"
3591,"[1653, 1070, 1044, 1927, 676]"
3592,"[113, 920, 1627, 1025, 937]"
3593,"[1537, 1550, 1705, 1704, 728]"
3594,"[62, 1705, 1704, 471, 115]"
3595,"[353, 1071, 344, 126, 289]"
3596,"[1133, 421, 1909, 1025, 937]"
3597,"[1907, 926, 171, 1275, 449]"
3598,"[1202, 410, 171, 692, 1924]"
3599,"[1173, 1176, 344, 1143, 781]"
3600,"[890, 112, 1713, 425, 98]"
3601,"[1651, 289, 425, 1925, 1073]"
3602,"[1160, 1627, 1899, 124, 1202]"
3603,"[1071, 1627, 1899, 1025, 937]"
3604,"[1768, 1705, 1769, 1761, 1760]"
3605,"[1193, 1530, 1899, 1904, 1025]"
3606,"[1699, 1202, 410, 1740, 997]"
3607,"[1030, 341, 701, 675, 1071]"
3608,"[1768, 1775, 1926, 1920, 1899]"
3609,"[124, 60, 1526, 1275, 1549]"
3610,"[89, 692, 116, 98, 1899]"
3611,"[1899, 615, 1147, 1920, 1193]"
3612,"[339, 696, 676, 98, 97]"
3613,"[1536, 424, 866, 1041, 1828]"
3614,"[1704, 1705, 1044, 1205, 271]"
3615,"[1768, 1899, 1910, 1775, 1627]"
3616,"[696, 425, 1890, 1202, 410]"
3617,"[1526, 928, 1899, 419, 1905]"
3618,"[1637, 919, 163, 926, 175]"
3619,"[408, 116, 1618, 603, 171]"
3620,"[1762, 1752, 1760, 980, 1907]"
3621,"[1924, 1760, 1761, 1899, 692]"
3622,"[89, 1202, 410, 1025, 937]"
3623,"[1909, 1193, 1627, 1704, 1705]"
3624,"[1025, 937, 921, 159, 171]"
3625,"[1638, 1899, 1521, 338, 1904]"
3626,"[89, 1202, 410, 926, 1196]"
3627,"[1926, 1178, 1272, 1045, 1042]"
3628,"[1204, 329, 1720, 1071, 1695]"
3629,"[1193, 1025, 937, 159, 920]"
3630,"[1080, 89, 1299, 1071, 1074]"
3631,"[1680, 928, 675, 1697, 1775]"
3632,"[1025, 937, 159, 921, 922]"
3633,"[1071, 1899, 89, 1025, 937]"
3634,"[1758, 1775, 116, 1030, 1029]"
3635,"[1030, 144, 1031, 1027, 179]"
3636,"[89, 1910, 1899, 398, 1193]"
3637,"[89, 1299, 1909, 896, 1775]"
3638,"[89, 1043, 1193, 615, 1025]"
3639,"[1907, 1924, 165, 1202, 410]"
3640,"[1907, 1705, 1704, 1904, 1025]"
3641,"[1147, 1175, 1705, 1704, 1032]"
3642,"[1191, 441, 1064, 692, 1904]"
3643,"[451, 449, 60, 1746, 409]"
3644,"[1705, 1907, 109, 1753, 1192]"
3645,"[1070, 454, 116, 1904, 455]"
3646,"[109, 1277, 1726, 1192, 1627]"
3647,"[1610, 1921, 114, 451, 449]"
3648,"[124, 1904, 1025, 937, 159]"
3649,"[1025, 937, 159, 1704, 1705]"
3650,"[1904, 1705, 1704, 116, 1762]"
3651,"[1921, 1726, 1192, 1638, 451]"
3652,"[1758, 116, 1275, 1705, 1704]"
3653,"[1746, 124, 1904, 102, 96]"
3654,"[692, 1070, 116, 455, 1904]"
3655,"[1916, 1064, 289, 1030, 1910]"
3656,"[1758, 1762, 1904, 116, 447]"
3657,"[1899, 1147, 1638, 346, 1904]"
3658,"[1611, 922, 1769, 257, 125]"
3659,"[819, 1762, 1705, 1704, 928]"
3660,"[124, 1705, 1704, 1627, 1904]"
3661,"[819, 441, 1904, 1762, 922]"
3662,"[1904, 97, 96, 102, 98]"
3663,"[1904, 1705, 1704, 922, 1899]"
3664,"[1192, 692, 1277, 1924, 1604]"
3665,"[1705, 1704, 819, 1904, 1899]"
3666,"[1904, 451, 1746, 449, 1638]"
3667,"[1907, 96, 98, 409, 97]"
3668,"[116, 692, 114, 890, 112]"
3669,"[1907, 102, 96, 97, 409]"
3670,"[1726, 846, 1277, 692, 922]"
3671,"[1904, 1536, 1907, 89, 102]"
3672,"[1758, 1705, 1636, 1762, 989]"
3673,"[1536, 1915, 1921, 89, 1068]"
3674,"[1025, 937, 159, 1705, 1704]"
3675,"[409, 97, 96, 98, 102]"
3676,"[435, 1676, 113, 412, 878]"
3677,"[1904, 1899, 116, 1627, 1758]"
3678,"[116, 1704, 1705, 96, 97]"
3679,"[1704, 116, 409, 96, 98]"
3680,"[1704, 1705, 1032, 106, 1899]"
3681,"[1704, 1705, 1796, 1761, 1760]"
3682,"[1705, 1704, 1904, 1627, 1899]"
3683,"[359, 408, 1077, 1344, 902]"
3684,"[789, 165, 97, 96, 89]"
3685,"[97, 96, 920, 98, 1675]"
3686,"[165, 1746, 1196, 1202, 410]"
3687,"[98, 96, 97, 692, 410]"
3688,"[97, 96, 928, 361, 1310]"
3689,"[1795, 1753, 788, 1560, 1704]"
3690,"[1131, 1920, 971, 289, 1893]"
3691,"[1077, 304, 1617, 1705, 1704]"
3692,"[1627, 1299, 1899, 220, 360]"
3693,"[924, 1700, 838, 1017, 1095]"
3694,"[1936, 1672, 170, 1705, 1704]"
3695,"[762, 758, 991, 1104, 1677]"
3696,"[701, 1547, 1746, 1704, 762]"
3697,"[1131, 1019, 1075, 395, 819]"
3698,"[1795, 1704, 1677, 677, 1915]"
3699,"[1131, 1746, 98, 102, 97]"
3700,"[1853, 1837, 1828, 1833, 1865]"
3701,"[1077, 376, 1704, 1705, 1865]"
3702,"[1792, 1791, 1790, 1789, 1077]"
3703,"[304, 1104, 437, 1284, 1094]"
3704,"[98, 1638, 1255, 1299, 1627]"
3705,"[1750, 1676, 408, 1344, 1297]"
3706,"[1022, 971, 1795, 403, 477]"
3707,"[1917, 1619, 1185, 369, 1552]"
3708,"[98, 1638, 1527, 1530, 97]"
3709,"[409, 1516, 1027, 1026, 935]"
3710,"[1158, 1028, 1874, 361, 1750]"
3711,"[1846, 1075, 1861, 1817, 1816]"
3712,"[1202, 410, 1704, 1073, 1617]"
3713,"[1753, 1880, 1705, 1704, 990]"
3714,"[1936, 925, 1746, 409, 102]"
3715,"[287, 819, 913, 147, 145]"
3716,"[98, 97, 96, 449, 1269]"
3717,"[89, 395, 1025, 937, 159]"
3718,"[1677, 1076, 1250, 915, 97]"
3719,"[1925, 97, 98, 96, 1516]"
3720,"[1290, 1705, 1704, 1776, 1757]"
3721,"[1073, 292, 1603, 979, 1025]"
3722,"[1837, 1833, 1828, 1865, 163]"
3723,"[1147, 455, 1050, 416, 989]"
3724,"[89, 1272, 102, 1746, 126]"
3725,"[676, 1829, 1827, 1068, 1116]"
3726,"[1915, 1748, 1921, 1705, 1704]"
3727,"[89, 1907, 409, 1068, 1627]"
3728,"[89, 1774, 937, 1025, 159]"
3729,"[98, 1193, 1910, 113, 1909]"
3730,"[89, 1907, 1924, 113, 1677]"
3731,"[1922, 1897, 1907, 175, 166]"
3732,"[1704, 1705, 530, 1627, 1753]"
3733,"[164, 89, 1526, 166, 1025]"
3734,"[1922, 1897, 166, 1526, 465]"
3735,"[966, 618, 332, 1761, 1760]"
3736,"[89, 164, 1025, 937, 159]"
3737,"[409, 89, 920, 113, 1627]"
3738,"[89, 98, 415, 1753, 1910]"
3739,"[1924, 1068, 1063, 1922, 1897]"
3740,"[409, 270, 924, 1922, 1897]"
3741,"[1909, 1071, 113, 1193, 1025]"
3742,"[1068, 1762, 1118, 1795, 220]"
3743,"[409, 1627, 89, 1907, 112]"
3744,"[89, 1526, 1705, 1753, 1704]"
3745,"[89, 165, 1750, 1300, 926]"
3746,"[1915, 1526, 1064, 919, 929]"
3747,"[1907, 927, 1704, 1705, 89]"
3748,"[1587, 463, 465, 467, 1771]"
3749,"[1907, 89, 164, 921, 1526]"
3750,"[1526, 113, 920, 164, 89]"
3751,"[1922, 1897, 1907, 1526, 1627]"
3752,"[113, 165, 878, 89, 1677]"
3753,"[1922, 1897, 98, 97, 96]"
3754,"[166, 1907, 938, 1526, 925]"
3755,"[332, 1790, 435, 1758, 1761]"
3756,"[89, 1907, 165, 98, 409]"
3757,"[956, 1905, 1627, 1527, 1118]"
3758,"[1775, 1769, 1753, 113, 1774]"
3759,"[1899, 1526, 1907, 89, 1887]"
3760,"[89, 1753, 1704, 1910, 1096]"
3761,"[89, 1526, 98, 1704, 1705]"
3762,"[98, 97, 96, 102, 1526]"
3763,"[828, 1768, 1570, 1761, 1760]"
3764,"[435, 1795, 89, 1760, 1118]"
3765,"[1071, 1068, 1063, 929, 1896]"
3766,"[1613, 1025, 937, 159, 165]"
3767,"[1025, 937, 159, 89, 165]"
3768,"[1753, 1705, 1704, 1752, 214]"
3769,"[435, 89, 113, 1915, 677]"
3770,"[1071, 878, 1627, 1899, 1613]"
3771,"[1924, 1904, 289, 1899, 1192]"
3772,"[989, 1627, 1704, 1705, 314]"
3773,"[98, 920, 97, 96, 89]"
3774,"[1545, 113, 60, 1244, 423]"
3775,"[1540, 97, 98, 96, 1654]"
3776,"[1064, 289, 692, 1705, 1704]"
3777,"[878, 415, 1704, 1705, 435]"
3778,"[1627, 1899, 1638, 1704, 1705]"
3779,"[862, 1064, 819, 1775, 1147]"
3780,"[1924, 878, 98, 451, 60]"
3781,"[409, 97, 96, 98, 102]"
3782,"[89, 1907, 926, 435, 1297]"
3783,"[335, 1040, 341, 1705, 1704]"
3784,"[1746, 878, 1070, 1704, 1705]"
3785,"[1899, 1147, 1627, 1758, 1705]"
3786,"[435, 1070, 1638, 1192, 1188]"
3787,"[584, 1800, 1780, 1708, 1705]"
3788,"[1899, 1704, 1705, 1904, 455]"
3789,"[1936, 650, 1671, 464, 688]"
3790,"[1704, 1705, 1899, 89, 1025]"
3791,"[1924, 1704, 1705, 409, 678]"
3792,"[1705, 1704, 451, 989, 1800]"
3793,"[334, 1654, 1704, 1705, 1910]"
3794,"[1705, 1704, 413, 989, 1762]"
3795,"[1795, 89, 1907, 1202, 410]"
3796,"[1147, 116, 1610, 1705, 1704]"
3797,"[926, 171, 1638, 1299, 1904]"
3798,"[1899, 1299, 692, 1904, 1910]"
3799,"[1705, 1704, 1064, 1062, 1803]"
3800,"[1746, 1030, 165, 781, 1070]"
3801,"[1069, 924, 164, 1636, 438]"
3802,"[289, 1705, 1704, 1741, 1713]"
3803,"[710, 1676, 433, 1734, 1298]"
3804,"[165, 164, 89, 692, 98]"
3805,"[1746, 1705, 1704, 289, 1160]"
3806,"[688, 90, 1202, 410, 1025]"
3807,"[789, 1887, 1885, 98, 925]"
3808,"[1704, 1705, 1070, 291, 890]"
3809,"[1885, 1654, 1202, 410, 98]"
3810,"[1627, 1905, 113, 1638, 1070]"
3811,"[1746, 102, 97, 96, 98]"
3812,"[1704, 1705, 291, 1070, 451]"
3813,"[1772, 1064, 1704, 1705, 451]"
3814,"[1041, 1753, 140, 333, 145]"
3815,"[349, 1193, 97, 96, 1907]"
3816,"[89, 98, 1762, 455, 1705]"
3817,"[782, 1738, 1907, 1178, 1147]"
3818,"[1922, 1897, 1526, 1899, 89]"
3819,"[1304, 207, 978, 971, 970]"
3820,"[1552, 116, 412, 89, 1147]"
3821,"[203, 1566, 1769, 989, 1570]"
3822,"[1758, 1762, 587, 677, 590]"
3823,"[1071, 1025, 937, 159, 1193]"
3824,"[435, 618, 1299, 403, 1317]"
3825,"[1907, 1033, 1052, 1025, 937]"
3826,"[1202, 1916, 1926, 98, 97]"
3827,"[164, 1202, 410, 1907, 98]"
3828,"[1775, 1768, 1041, 956, 1704]"
3829,"[1297, 1907, 1705, 1704, 1910]"
3830,"[89, 920, 98, 97, 101]"
3831,"[1936, 290, 441, 828, 440]"
3832,"[1526, 409, 1627, 1907, 166]"
3833,"[165, 1705, 1704, 207, 328]"
3834,"[1202, 410, 1297, 328, 89]"
3835,"[1025, 937, 159, 919, 163]"
3836,"[1907, 1746, 1025, 937, 159]"
3837,"[203, 63, 341, 1705, 761]"
3838,"[1922, 1897, 1526, 928, 1064]"
3839,"[1526, 89, 1899, 1907, 1922]"
3840,"[98, 97, 96, 1746, 89]"
3841,"[207, 978, 209, 208, 971]"
3842,"[1069, 164, 1905, 165, 938]"
3843,"[1907, 89, 1025, 937, 159]"
3844,"[1772, 1866, 1703, 1709, 1704]"
3845,"[113, 165, 1065, 1193, 98]"
3846,"[166, 165, 89, 1297, 1907]"
3847,"[890, 112, 1907, 165, 1526]"
3848,"[1171, 1166, 389, 1727, 320]"
3849,"[1915, 620, 470, 171, 920]"
3850,"[165, 1566, 79, 926, 1659]"
3851,"[1033, 465, 1616, 1671, 1745]"
3852,"[1907, 89, 620, 470, 165]"
3853,"[328, 1713, 1705, 1704, 435]"
3854,"[1907, 1727, 349, 365, 1178]"
3855,"[1897, 1922, 409, 1320, 1934]"
3856,"[1733, 706, 739, 164, 165]"
3857,"[1727, 165, 1907, 1728, 89]"
3858,"[190, 1202, 410, 1025, 937]"
3859,"[749, 1670, 882, 793, 102]"
3860,"[435, 1085, 1762, 1758, 154]"
3861,"[749, 760, 762, 1746, 102]"
3862,"[171, 1675, 902, 985, 1320]"
3863,"[1705, 1704, 403, 1675, 902]"
3864,"[409, 165, 164, 98, 97]"
3865,"[1085, 73, 154, 1918, 979]"
3866,"[203, 1795, 1705, 136, 192]"
3867,"[1670, 867, 1616, 171, 985]"
3868,"[403, 749, 980, 862, 1704]"
3869,"[1076, 1550, 985, 956, 171]"
3870,"[211, 111, 980, 1918, 979]"
3871,"[606, 1915, 16, 1068, 1063]"
3872,"[192, 1761, 435, 618, 2]"
3873,"[1713, 1746, 102, 1025, 937]"
3874,"[1713, 663, 656, 653, 642]"
3875,"[628, 925, 923, 161, 1704]"
3876,"[73, 102, 1746, 985, 1675]"
3877,"[961, 1705, 1704, 1477, 1826]"
3878,"[1118, 172, 919, 1704, 1705]"
3879,"[73, 1742, 1096, 1761, 1752]"
3880,"[1937, 1705, 1704, 435, 1758]"
3881,"[1076, 1118, 1068, 1746, 102]"
3882,"[73, 1758, 1705, 816, 87]"
3883,"[1742, 280, 192, 1649, 314]"
3884,"[961, 1758, 435, 1085, 1705]"
3885,"[171, 1670, 749, 170, 1795]"
3886,"[961, 1705, 1762, 1758, 192]"
3887,"[628, 749, 1670, 923, 161]"
3888,"[275, 280, 346, 961, 136]"
3889,"[29, 435, 1762, 1758, 802]"
3890,"[923, 1746, 102, 96, 97]"
3891,"[163, 165, 164, 102, 1746]"
3892,"[96, 98, 97, 1746, 102]"
3893,"[1611, 466, 455, 1746, 621]"
3894,"[1713, 1631, 882, 881, 880]"
3895,"[749, 4, 63, 1836, 420]"
3896,"[794, 4, 126, 1313, 1762]"
3897,"[361, 1705, 1704, 1091, 349]"
3898,"[1916, 1202, 410, 794, 1299]"
3899,"[118, 1649, 361, 1320, 424]"
3900,"[1525, 893, 108, 211, 1752]"
3901,"[1202, 410, 1704, 1750, 1616]"
3902,"[1192, 862, 1611, 1747, 865]"
3903,"[1885, 1746, 102, 1795, 1677]"
3904,"[165, 1155, 98, 97, 96]"
3905,"[462, 464, 171, 1311, 1936]"
3906,"[89, 890, 112, 1843, 1842]"
3907,"[1655, 409, 1746, 102, 1721]"
3908,"[1030, 89, 165, 1196, 1202]"
3909,"[1520, 1817, 1816, 172, 1045]"
3910,"[165, 1041, 1196, 96, 97]"
3911,"[920, 171, 165, 89, 97]"
3912,"[89, 1885, 954, 1887, 165]"
3913,"[165, 1025, 937, 159, 758]"
3914,"[1676, 1675, 1299, 902, 98]"
3915,"[956, 97, 96, 676, 409]"
3916,"[928, 166, 985, 98, 97]"
3917,"[1202, 410, 695, 161, 1540]"
3918,"[126, 904, 344, 1752, 647]"
3919,"[1025, 937, 159, 165, 1746]"
3920,"[1885, 920, 1887, 1704, 409]"
3921,"[1924, 124, 620, 470, 98]"
3922,"[89, 1196, 98, 97, 96]"
3923,"[1202, 1704, 161, 1540, 1713]"
3924,"[98, 97, 96, 1073, 1885]"
3925,"[1810, 247, 97, 98, 96]"
3926,"[290, 1122, 121, 136, 332]"
3927,"[1025, 937, 159, 165, 1041]"
3928,"[670, 926, 1202, 410, 165]"
3929,"[121, 1073, 1119, 643, 638]"
3930,"[165, 1202, 410, 926, 1196]"
3931,"[165, 171, 89, 164, 1202]"
3932,"[1073, 878, 1627, 1025, 937]"
3933,"[1040, 1776, 1757, 628, 956]"
3934,"[1924, 459, 163, 461, 1309]"
3935,"[1168, 1146, 332, 1924, 1699]"
3936,"[1025, 937, 159, 1202, 410]"
3937,"[985, 925, 1193, 1299, 165]"
3938,"[1458, 1705, 1704, 1025, 1202]"
3939,"[1025, 937, 159, 165, 925]"
3940,"[437, 1648, 731, 925, 866]"
3941,"[89, 435, 1746, 1025, 937]"
3942,"[788, 1299, 1885, 695, 165]"
3943,"[98, 97, 96, 1699, 1299]"
3944,"[1298, 670, 1261, 1260, 1259]"
3945,"[1025, 937, 1202, 410, 165]"
3946,"[1040, 670, 1043, 1290, 1762]"
3947,"[1666, 985, 212, 984, 983]"
3948,"[1666, 1026, 1676, 1675, 1299]"
3949,"[1257, 1746, 165, 289, 1250]"
3950,"[782, 1064, 692, 1738, 1746]"
3951,"[1666, 1073, 292, 1676, 1675]"
3952,"[1915, 1651, 408, 1055, 921]"
3953,"[728, 902, 1255, 1299, 292]"
3954,"[1042, 1026, 914, 928, 1202]"
3955,"[408, 620, 470, 670, 1042]"
3956,"[1915, 737, 719, 1202, 410]"
3957,"[925, 921, 1875, 670, 1704]"
3958,"[1666, 1649, 1638, 615, 1920]"
3959,"[1044, 1043, 1041, 1039, 1038]"
3960,"[1705, 1704, 972, 969, 206]"
3961,"[1927, 1616, 128, 925, 1118]"
3962,"[1026, 1202, 410, 1027, 979]"
3963,"[1026, 286, 1008, 303, 926]"
3964,"[408, 1299, 403, 902, 1344]"
3965,"[808, 1042, 1073, 403, 985]"
3966,"[408, 410, 1202, 1675, 1299]"
3967,"[1026, 1820, 1819, 1818, 1817]"
3968,"[1915, 1030, 1705, 1704, 925]"
3969,"[1632, 408, 1185, 1025, 937]"
3970,"[165, 89, 98, 97, 96]"
3971,"[1626, 759, 1159, 1081, 1918]"
3972,"[1666, 1649, 1026, 1271, 728]"
3973,"[1672, 1915, 165, 1029, 1202]"
3974,"[851, 1836, 1865, 1823, 1873]"
3975,"[1666, 1042, 1202, 410, 737]"
3976,"[1865, 1098, 450, 1298, 1027]"
3977,"[937, 159, 1025, 1026, 1590]"
3978,"[731, 1649, 89, 1196, 773]"
3979,"[1150, 1099, 165, 971, 1753]"
3980,"[918, 1075, 358, 971, 1014]"
3981,"[1092, 1753, 34, 1133, 376]"
3982,"[1185, 1029, 1675, 1041, 290]"
3983,"[1659, 1053, 727, 1885, 1839]"
3984,"[1915, 1030, 408, 926, 1032]"
3985,"[925, 1202, 410, 1196, 175]"
3986,"[692, 333, 1147, 1915, 926]"
3987,"[1026, 149, 1516, 980, 969]"
3988,"[925, 175, 1029, 1041, 1030]"
3989,"[1041, 692, 1907, 1087, 165]"
3990,"[1098, 450, 1086, 902, 1298]"
3991,"[1915, 926, 1044, 1043, 1039]"
3992,"[692, 1746, 102, 762, 758]"
3993,"[926, 1617, 1073, 1695, 1297]"
3994,"[165, 125, 1677, 1202, 410]"
3995,"[165, 171, 603, 920, 1659]"
3996,"[1299, 410, 1202, 789, 736]"
3997,"[980, 1916, 1704, 937, 159]"
3998,"[60, 165, 125, 408, 1204]"
3999,"[171, 670, 1659, 1135, 165]"
4000,"[1915, 259, 670, 79, 1680]"
4001,"[1202, 410, 670, 926, 1793]"
4002,"[1051, 1520, 1135, 1043, 670]"
4003,"[1148, 1077, 1829, 1827, 998]"
4004,"[1915, 165, 171, 1677, 98]"
4005,"[1037, 1030, 1035, 1672, 168]"
4006,"[410, 1202, 670, 984, 980]"
4007,"[1055, 108, 1630, 959, 1680]"
4008,"[728, 1051, 98, 97, 96]"
4009,"[1924, 670, 380, 1037, 1135]"
4010,"[1066, 1746, 728, 670, 1202]"
4011,"[1054, 222, 408, 211, 998]"
4012,"[1321, 165, 403, 1697, 670]"
4013,"[926, 125, 1618, 1066, 1202]"
4014,"[125, 960, 1793, 1792, 215]"
4015,"[171, 128, 125, 929, 175]"
4016,"[1041, 1028, 1027, 1044, 1043]"
4017,"[1915, 1748, 868, 171, 128]"
4018,"[1918, 1075, 1079, 221, 1548]"
4019,"[959, 1592, 688, 1913, 751]"
4020,"[409, 1549, 629, 60, 408]"
4021,"[1677, 89, 1202, 410, 1297]"
4022,"[1141, 1014, 164, 260, 175]"
4023,"[1133, 1184, 1158, 1924, 670]"
4024,"[1131, 1310, 1130, 1077, 1518]"
4025,"[925, 97, 98, 96, 410]"
4026,"[1344, 199, 958, 149, 79]"
4027,"[408, 1344, 1299, 159, 158]"
4028,"[152, 1041, 360, 1299, 1025]"
4029,"[1025, 937, 159, 165, 1035]"
4030,"[1549, 1520, 924, 176, 919]"
4031,"[197, 165, 1202, 410, 773]"
4032,"[98, 97, 96, 1064, 449]"
4033,"[1753, 403, 1705, 1704, 1037]"
4034,"[1676, 89, 1677, 1196, 1297]"
4035,"[926, 1659, 1936, 1907, 1202]"
4036,"[1916, 1807, 921, 165, 1025]"
4037,"[1301, 164, 1025, 937, 159]"
4038,"[165, 1025, 937, 159, 164]"
4039,"[165, 773, 89, 410, 1202]"
4040,"[265, 1133, 377, 1105, 915]"
4041,"[1753, 1865, 1836, 1873, 1832]"
4042,"[1025, 159, 937, 165, 163]"
4043,"[1766, 1704, 677, 922, 1672]"
4044,"[175, 1899, 1526, 164, 1922]"
4045,"[1875, 165, 620, 470, 1907]"
4046,"[1025, 937, 159, 164, 165]"
4047,"[165, 1025, 937, 159, 677]"
4048,"[984, 211, 985, 983, 982]"
4049,"[1762, 1914, 737, 719, 971]"
4050,"[1915, 1297, 1344, 171, 1676]"
4051,"[219, 952, 728, 1073, 416]"
4052,"[165, 920, 1659, 1025, 937]"
4053,"[1030, 1536, 1825, 403, 926]"
4054,"[1915, 1135, 1310, 1672, 1749]"
4055,"[1202, 410, 1025, 937, 159]"
4056,"[993, 365, 1936, 1892, 403]"
4057,"[1025, 937, 159, 165, 1526]"
4058,"[165, 615, 403, 1202, 410]"
4059,"[171, 1676, 89, 920, 1202]"
4060,"[938, 934, 931, 928, 925]"
4061,"[260, 926, 1746, 1297, 1907]"
4062,"[1916, 1906, 615, 1676, 1920]"
4063,"[1936, 1277, 1025, 937, 159]"
4064,"[937, 159, 1025, 165, 921]"
4065,"[165, 926, 1025, 937, 159]"
4066,"[102, 921, 1193, 409, 1909]"
4067,"[1202, 410, 1025, 1936, 937]"
4068,"[1906, 1528, 1676, 1928, 675]"
4069,"[1915, 677, 171, 923, 161]"
4070,"[1321, 760, 958, 918, 1752]"
4071,"[1906, 1043, 1086, 615, 1920]"
4072,"[1915, 1041, 1825, 1916, 1810]"
4073,"[98, 97, 96, 926, 1885]"
4074,"[377, 915, 1105, 964, 952]"
4075,"[926, 1202, 410, 675, 89]"
4076,"[956, 1704, 1018, 136, 1171]"
4077,"[1651, 707, 1705, 334, 1037]"
4078,"[1043, 1638, 1920, 1025, 937]"
4079,"[1033, 924, 985, 149, 980]"
4080,"[1917, 1050, 207, 408, 1566]"
4081,"[1733, 578, 1033, 1050, 1792]"
4082,"[959, 728, 1760, 931, 1761]"
4083,"[165, 408, 1915, 128, 1676]"
4084,"[929, 172, 892, 1118, 956]"
4085,"[1033, 1746, 98, 1202, 410]"
4086,"[25, 1068, 1063, 195, 28]"
4087,"[207, 935, 978, 976, 974]"
4088,"[165, 920, 164, 1196, 409]"
4089,"[270, 272, 136, 274, 273]"
4090,"[165, 959, 211, 984, 980]"
4091,"[165, 1750, 1727, 1907, 1677]"
4092,"[164, 985, 1160, 1202, 410]"
4093,"[902, 165, 937, 159, 935]"
4094,"[409, 1704, 1705, 318, 1748]"
4095,"[1050, 408, 165, 1675, 1659]"
4096,"[319, 728, 1648, 731, 985]"
4097,"[259, 175, 1118, 1258, 1065]"
4098,"[1750, 1202, 410, 1659, 1299]"
4099,"[1001, 1033, 165, 1746, 98]"
4100,"[165, 89, 985, 408, 126]"
4101,"[1756, 821, 1916, 1721, 1793]"
4102,"[300, 63, 441, 442, 1630]"
4103,"[165, 408, 1659, 1017, 126]"
4104,"[692, 1721, 1724, 216, 688]"
4105,"[1193, 165, 1036, 929, 172]"
4106,"[1068, 1063, 694, 1001, 861]"
4107,"[207, 165, 408, 956, 920]"
4108,"[175, 408, 1033, 1746, 1907]"
4109,"[98, 97, 96, 1193, 985]"
4110,"[1049, 1019, 1756, 408, 125]"
4111,"[408, 1675, 165, 60, 89]"
4112,"[1916, 297, 1033, 1273, 1269]"
4113,"[959, 931, 172, 929, 1646]"
4114,"[728, 1648, 731, 738, 1068]"
4115,"[165, 164, 89, 920, 408]"
4116,"[1915, 128, 1064, 878, 1552]"
4117,"[151, 165, 1299, 190, 408]"
4118,"[165, 1750, 151, 408, 979]"
4119,"[211, 980, 1752, 1753, 1887]"
4120,"[728, 959, 408, 297, 1746]"
4121,"[1750, 1675, 408, 1637, 890]"
4122,"[1649, 728, 1648, 731, 1651]"
4123,"[171, 165, 878, 920, 670]"
4124,"[1915, 1619, 60, 98, 692]"
4125,"[1197, 619, 1014, 265, 1147]"
4126,"[1037, 670, 1202, 410, 1705]"
4127,"[408, 165, 1675, 1677, 1915]"
4128,"[1915, 408, 1916, 1344, 1592]"
4129,"[1933, 1727, 1202, 410, 926]"
4130,"[171, 920, 165, 1042, 1677]"
4131,"[1042, 34, 1030, 1704, 211]"
4132,"[1916, 116, 408, 1675, 112]"
4133,"[165, 98, 97, 96, 1202]"
4134,"[985, 1680, 929, 172, 932]"
4135,"[165, 171, 1659, 1272, 1677]"
4136,"[1041, 1753, 34, 1030, 918]"
4137,"[166, 1705, 1704, 265, 1261]"
4138,"[60, 1916, 1676, 1272, 1202]"
4139,"[1133, 34, 1344, 1488, 1920]"
4140,"[1917, 1042, 408, 1902, 1926]"
4141,"[1915, 98, 1042, 624, 1907]"
4142,"[223, 1915, 128, 197, 408]"
4143,"[1721, 1592, 1853, 773, 759]"
4144,"[116, 408, 1926, 171, 1907]"
4145,"[618, 424, 344, 1752, 1050]"
4146,"[1030, 1704, 165, 89, 670]"
4147,"[1299, 1820, 1819, 1818, 1817]"
4148,"[1659, 670, 165, 1705, 1244]"
4149,"[98, 96, 97, 1677, 1704]"
4150,"[1560, 1561, 1133, 1704, 1921]"
4151,"[670, 1704, 1705, 989, 959]"
4152,"[165, 1677, 1202, 410, 1297]"
4153,"[926, 670, 1659, 1042, 1043]"
4154,"[1915, 618, 1705, 424, 1704]"
4155,"[1619, 1042, 98, 97, 96]"
4156,"[1202, 410, 165, 773, 926]"
4157,"[1706, 1915, 165, 89, 60]"
4158,"[1915, 165, 890, 112, 60]"
4159,"[1026, 1257, 1133, 286, 1919]"
4160,"[219, 359, 1705, 1704, 1077]"
4161,"[1680, 60, 856, 1259, 1253]"
4162,"[1705, 98, 1068, 1063, 1916]"
4163,"[1061, 1030, 1536, 165, 1916]"
4164,"[1193, 1915, 1536, 1677, 60]"
4165,"[1915, 1344, 1721, 1488, 1704]"
4166,"[1041, 165, 1536, 1520, 1042]"
4167,"[1014, 692, 410, 1202, 165]"
4168,"[1014, 765, 1131, 675, 1723]"
4169,"[1705, 1704, 912, 1915, 66]"
4170,"[1915, 1676, 1202, 410, 692]"
4171,"[1014, 692, 1648, 98, 97]"
4172,"[978, 976, 974, 973, 972]"
4173,"[989, 1762, 440, 1758, 1273]"
4174,"[43, 526, 1723, 594, 530]"
4175,"[1014, 1046, 410, 1202, 758]"
4176,"[692, 165, 164, 98, 97]"
4177,"[1592, 1338, 1706, 98, 1680]"
4178,"[1014, 89, 165, 1025, 937]"
4179,"[1250, 1298, 1076, 955, 386]"
4180,"[1014, 1659, 97, 96, 900]"
4181,"[722, 1666, 1014, 1649, 657]"
4182,"[1738, 207, 978, 209, 208]"
4183,"[1014, 1042, 1272, 900, 1261]"
4184,"[1929, 1592, 98, 1014, 670]"
4185,"[1769, 1820, 1815, 1814, 1813]"
4186,"[862, 1705, 1704, 886, 1083]"
4187,"[1723, 1705, 1704, 480, 108]"
4188,"[1705, 1704, 1014, 1723, 243]"
4189,"[1014, 138, 89, 692, 1831]"
4190,"[408, 1750, 1915, 692, 60]"
4191,"[1042, 886, 1025, 937, 159]"
4192,"[1705, 1704, 211, 480, 1043]"
4193,"[1915, 408, 171, 1552, 1706]"
4194,"[455, 408, 1676, 60, 171]"
4195,"[1014, 350, 1677, 1835, 1831]"
4196,"[98, 1014, 97, 96, 1042]"
4197,"[604, 722, 1014, 739, 771]"
4198,"[1014, 926, 125, 410, 603]"
4199,"[1014, 692, 1250, 1025, 937]"
4200,"[1915, 773, 455, 920, 159]"
4201,"[98, 1014, 480, 97, 96]"
4202,"[1042, 862, 1014, 1592, 920]"
4203,"[1704, 929, 172, 1014, 896]"
4204,"[1193, 1909, 89, 985, 929]"
4205,"[175, 921, 1592, 1014, 1304]"
4206,"[255, 1661, 626, 1705, 1577]"
4207,"[97, 96, 1014, 1649, 419]"
4208,"[98, 1014, 1272, 97, 96]"
4209,"[165, 164, 1249, 677, 1611]"
4210,"[1936, 98, 1677, 1915, 1704]"
4211,"[1052, 1055, 980, 271, 1205]"
4212,"[165, 222, 1810, 1706, 1105]"
4213,"[985, 290, 149, 403, 886]"
4214,"[922, 981, 980, 979, 213]"
4215,"[922, 1193, 985, 290, 980]"
4216,"[1750, 1924, 165, 613, 1617]"
4217,"[259, 211, 1055, 1052, 1049]"
4218,"[408, 1750, 1299, 101, 165]"
4219,"[990, 1873, 1836, 922, 122]"
4220,"[171, 165, 920, 726, 1536]"
4221,"[165, 164, 995, 985, 89]"
4222,"[408, 965, 442, 1748, 868]"
4223,"[1053, 995, 1205, 990, 989]"
4224,"[211, 1055, 259, 1202, 410]"
4225,"[408, 1299, 222, 1698, 1676]"
4226,"[1042, 920, 165, 1299, 211]"
4227,"[1055, 928, 1299, 403, 1727]"
4228,"[998, 1202, 410, 1299, 1754]"
4229,"[1193, 353, 615, 728, 1080]"
4230,"[259, 1052, 998, 408, 1153]"
4231,"[1705, 1704, 1299, 403, 990]"
4232,"[1053, 1050, 286, 922, 1038]"
4233,"[1053, 1202, 410, 995, 1705]"
4234,"[728, 1051, 985, 984, 983]"
4235,"[222, 1299, 1676, 1298, 165]"
4236,"[259, 165, 984, 211, 408]"
4237,"[60, 607, 408, 603, 1279]"
4238,"[1007, 998, 260, 259, 222]"
4239,"[995, 1007, 246, 1704, 1705]"
4240,"[164, 1034, 922, 1193, 985]"
4241,"[408, 165, 164, 1859, 1862]"
4242,"[259, 130, 1680, 912, 205]"
4243,"[408, 1047, 222, 1279, 1185]"
4244,"[1042, 1038, 1666, 1193, 995]"
4245,"[1916, 256, 1649, 66, 985]"
4246,"[259, 1153, 1249, 165, 657]"
4247,"[271, 1205, 1055, 197, 1299]"
4248,"[1075, 1052, 211, 259, 1054]"
4249,"[985, 922, 1299, 1727, 1666]"
4250,"[271, 1205, 255, 1154, 126]"
4251,"[259, 1046, 1048, 1061, 1055]"
4252,"[1055, 408, 984, 212, 211]"
4253,"[1299, 403, 1297, 60, 670]"
4254,"[353, 1648, 731, 1651, 922]"
4255,"[1915, 171, 1676, 1916, 60]"
4256,"[1037, 1916, 670, 1202, 1915]"
4257,"[1302, 1825, 1831, 1809, 1820]"
4258,"[1054, 1043, 1936, 1920, 1269]"
4259,"[1202, 410, 1659, 1030, 926]"
4260,"[1918, 979, 211, 972, 969]"
4261,"[408, 433, 930, 1915, 1651]"
4262,"[921, 925, 938, 919, 928]"
4263,"[408, 1915, 1344, 1916, 1649]"
4264,"[408, 1185, 350, 1756, 433]"
4265,"[724, 1704, 1705, 211, 737]"
4266,"[921, 925, 1026, 928, 159]"
4267,"[851, 1729, 774, 765, 758]"
4268,"[1202, 410, 1675, 692, 926]"
4269,"[1030, 60, 1137, 1885, 89]"
4270,"[297, 1916, 1637, 692, 1030]"
4271,"[624, 435, 1916, 1299, 1915]"
4272,"[1026, 1659, 415, 165, 1299]"
4273,"[1916, 1705, 1637, 670, 692]"
4274,"[990, 1008, 925, 928, 1705]"
4275,"[1651, 408, 1592, 1921, 1299]"
4276,"[415, 1676, 1916, 1147, 1299]"
4277,"[1676, 1915, 1659, 216, 1196]"
4278,"[719, 737, 1705, 1704, 972]"
4279,"[1916, 1038, 1030, 306, 670]"
4280,"[1061, 206, 972, 969, 976]"
4281,"[1915, 1705, 1704, 408, 1025]"
4282,"[140, 148, 145, 916, 913]"
4283,"[408, 1853, 1637, 1077, 433]"
4284,"[408, 1915, 1675, 1026, 1344]"
4285,"[297, 1202, 410, 1025, 937]"
4286,"[1666, 1721, 368, 985, 984]"
4287,"[990, 822, 122, 1705, 1704]"
4288,"[1014, 1073, 1690, 928, 1026]"
4289,"[926, 219, 165, 670, 1279]"
4290,"[1915, 921, 937, 175, 670]"
4291,"[1704, 1705, 211, 403, 1918]"
4292,"[1915, 773, 408, 171, 920]"
4293,"[1077, 1865, 265, 1136, 219]"
4294,"[1649, 1666, 1705, 1704, 1795]"
4295,"[197, 1041, 1025, 159, 937]"
4296,"[1915, 1649, 670, 921, 1300]"
4297,"[1026, 1705, 1704, 929, 211]"
4298,"[1915, 408, 1344, 116, 1704]"
4299,"[616, 310, 7, 618, 1674]"
4300,"[1526, 1866, 922, 1936, 98]"
4301,"[616, 642, 346, 379, 1187]"
4302,"[1272, 1705, 1704, 98, 1070]"
4303,"[1918, 979, 783, 1317, 211]"
4304,"[1704, 1705, 1070, 1627, 1899]"
4305,"[1705, 1760, 480, 1675, 902]"
4306,"[1070, 1025, 937, 159, 164]"
4307,"[739, 658, 637, 701, 409]"
4308,"[692, 1144, 1705, 60, 1704]"
4309,"[1070, 1638, 1899, 1904, 1192]"
4310,"[435, 440, 1760, 113, 961]"
4311,"[310, 1705, 1704, 1907, 1760]"
4312,"[408, 692, 1344, 60, 1704]"
4313,"[1242, 1760, 1761, 1704, 1705]"
4314,"[466, 1702, 1309, 424, 1604]"
4315,"[856, 441, 692, 1192, 455]"
4316,"[1147, 1273, 447, 1275, 449]"
4317,"[411, 1282, 1129, 1064, 1029]"
4318,"[1704, 1705, 1760, 1761, 1899]"
4319,"[1902, 1705, 1704, 408, 1552]"
4320,"[1249, 783, 1068, 1064, 928]"
4321,"[1144, 783, 706, 455, 1899]"
4322,"[114, 1619, 455, 449, 116]"
4323,"[1704, 1705, 1760, 1761, 1638]"
4324,"[1728, 1187, 344, 1695, 369]"
4325,"[339, 714, 1037, 713, 338]"
4326,"[108, 1918, 979, 911, 1761]"
4327,"[1924, 1610, 1275, 455, 1192]"
4328,"[1030, 1916, 1043, 1636, 438]"
4329,"[1147, 1762, 1758, 1705, 1704]"
4330,"[1704, 1705, 1070, 1760, 1761]"
4331,"[1899, 1704, 1761, 1760, 1904]"
4332,"[137, 275, 136, 272, 1016]"
4333,"[449, 1147, 1067, 1913, 691]"
4334,"[1144, 692, 1704, 455, 1899]"
4335,"[1704, 1705, 1104, 1638, 1899]"
4336,"[1924, 102, 1910, 1904, 1025]"
4337,"[346, 1164, 291, 289, 1273]"
4338,"[441, 1908, 1147, 3, 2]"
4339,"[919, 154, 739, 706, 259]"
4340,"[1147, 1275, 692, 447, 1273]"
4341,"[1130, 1056, 1248, 1698, 265]"
4342,"[1277, 440, 1274, 1599, 379]"
4343,"[333, 692, 1926, 1070, 1040]"
4344,"[1627, 1899, 1904, 98, 97]"
4345,"[1833, 1828, 1837, 1754, 1795]"
4346,"[1713, 1070, 1560, 1040, 1915]"
4347,"[290, 1654, 86, 1546, 281]"
4348,"[1704, 1705, 350, 273, 136]"
4349,"[922, 272, 1758, 1704, 1705]"
4350,"[1746, 102, 1073, 290, 1155]"
4351,"[98, 97, 96, 89, 1915]"
4352,"[1167, 281, 290, 1155, 1824]"
4353,"[1843, 1842, 433, 1654, 1704]"
4354,"[290, 203, 1756, 1705, 1704]"
4355,"[165, 1750, 1202, 410, 89]"
4356,"[361, 136, 276, 275, 274]"
4357,"[629, 1627, 1070, 102, 1746]"
4358,"[1915, 1706, 98, 1631, 882]"
4359,"[1746, 102, 98, 97, 96]"
4360,"[1865, 1823, 1616, 923, 161]"
4361,"[281, 665, 409, 1550, 1704]"
4362,"[281, 277, 1762, 1758, 1141]"
4363,"[281, 435, 1704, 1627, 1155]"
4364,"[1924, 1746, 454, 1704, 1705]"
4365,"[275, 280, 281, 862, 1793]"
4366,"[1202, 410, 415, 126, 98]"
4367,"[290, 1202, 410, 1070, 98]"
4368,"[1746, 102, 97, 96, 98]"
4369,"[442, 749, 433, 923, 1704]"
4370,"[276, 1552, 1064, 1526, 1560]"
4371,"[1746, 102, 1185, 165, 1202]"
4372,"[923, 161, 171, 1843, 1845]"
4373,"[1025, 937, 159, 124, 1746]"
4374,"[203, 1704, 1770, 1762, 1758]"
4375,"[1073, 1885, 1865, 1540, 1823]"
4376,"[1192, 114, 890, 112, 116]"
4377,"[1007, 998, 260, 259, 222]"
4378,"[1910, 1070, 1704, 1705, 1068]"
4379,"[665, 658, 1704, 1705, 66]"
4380,"[1740, 290, 273, 1073, 1202]"
4381,"[102, 1746, 98, 665, 1704]"
4382,"[1528, 1866, 1592, 108, 1297]"
4383,"[281, 98, 1638, 113, 1704]"
4384,"[1147, 1705, 1704, 1163, 332]"
4385,"[333, 1627, 1299, 1193, 1899]"
4386,"[333, 1147, 707, 319, 1695]"
4387,"[1022, 1145, 618, 863, 1747]"
4388,"[435, 1704, 1758, 1705, 961]"
4389,"[863, 1747, 865, 111, 1649]"
4390,"[118, 865, 1747, 863, 314]"
4391,"[1747, 865, 863, 313, 314]"
4392,"[102, 1746, 692, 870, 1901]"
4393,"[1923, 313, 314, 1770, 863]"
4394,"[967, 1799, 1798, 1782, 1781]"
4395,"[314, 1036, 863, 1761, 290]"
4396,"[1747, 865, 863, 314, 444]"
4397,"[1747, 865, 863, 314, 111]"
4398,"[1747, 863, 865, 1036, 314]"
4399,"[314, 1272, 108, 98, 1297]"
4400,"[899, 1627, 1299, 1073, 1910]"
4401,"[1115, 314, 819, 1929, 1923]"
4402,"[1275, 1747, 865, 863, 1081]"
4403,"[663, 633, 666, 654, 1693]"
4404,"[863, 865, 98, 97, 96]"
4405,"[1747, 863, 865, 920, 878]"
4406,"[1747, 865, 863, 314, 1196]"
4407,"[1627, 1299, 1073, 1739, 863]"
4408,"[1747, 865, 863, 164, 922]"
4409,"[1747, 314, 865, 863, 126]"
4410,"[954, 1762, 1758, 1299, 468]"
4411,"[314, 313, 1073, 1028, 290]"
4412,"[171, 1677, 89, 1196, 1202]"
4413,"[416, 89, 126, 314, 1705]"
4414,"[1747, 865, 863, 449, 1275]"
4415,"[926, 289, 60, 1147, 692]"
4416,"[1923, 865, 864, 1693, 863]"
4417,"[314, 165, 878, 1747, 863]"
4418,"[313, 1747, 865, 863, 314]"
4419,"[313, 1747, 865, 863, 73]"
4420,"[865, 1073, 1196, 773, 1081]"
4421,"[290, 1073, 1936, 1116, 314]"
4422,"[1747, 863, 865, 314, 89]"
4423,"[1747, 863, 865, 1638, 615]"
4424,"[863, 1747, 865, 1275, 1025]"
4425,"[1747, 865, 863, 1272, 1073]"
4426,"[1115, 314, 313, 1742, 865]"
4427,"[1747, 865, 863, 314, 313]"
4428,"[314, 865, 1747, 863, 1910]"
4429,"[165, 926, 878, 1617, 1073]"
4430,"[1936, 1752, 1753, 1837, 1828]"
4431,"[1567, 1705, 16, 1611, 1907]"
4432,"[455, 454, 1746, 102, 165]"
4433,"[1202, 410, 1067, 1896, 1113]"
4434,"[1924, 114, 16, 455, 1896]"
4435,"[1526, 1567, 114, 1636, 89]"
4436,"[16, 1636, 1567, 455, 114]"
4437,"[1907, 1761, 1704, 1760, 16]"
4438,"[1636, 455, 454, 16, 1277]"
4439,"[1299, 1025, 937, 159, 467]"
4440,"[16, 1896, 455, 1627, 1192]"
4441,"[1924, 455, 114, 1636, 438]"
4442,"[535, 1705, 1704, 1567, 16]"
4443,"[114, 890, 112, 1064, 1070]"
4444,"[1567, 16, 114, 455, 1192]"
4445,"[535, 1035, 862, 1040, 1705]"
4446,"[16, 114, 1611, 454, 455]"
4447,"[1636, 1899, 455, 454, 102]"
4448,"[455, 454, 1705, 1147, 1760]"
4449,"[16, 1567, 1910, 1705, 1704]"
4450,"[1750, 1202, 410, 1025, 937]"
4451,"[455, 454, 114, 1192, 1899]"
4452,"[1567, 1299, 1896, 1727, 1070]"
4453,"[16, 455, 114, 454, 1627]"
4454,"[455, 454, 1567, 114, 16]"
4455,"[1611, 1705, 16, 463, 454]"
4456,"[16, 922, 455, 1567, 98]"
4457,"[114, 1567, 16, 878, 455]"
4458,"[16, 455, 454, 114, 1705]"
4459,"[114, 467, 811, 1157, 455]"
4460,"[1071, 1748, 922, 868, 921]"
4461,"[1567, 455, 454, 16, 1726]"
4462,"[375, 1704, 1772, 1705, 1567]"
4463,"[1705, 1704, 16, 1567, 114]"
4464,"[98, 97, 96, 455, 1070]"
4465,"[455, 454, 1567, 1899, 1627]"
4466,"[455, 454, 451, 114, 125]"
4467,"[1705, 1067, 1704, 1769, 1526]"
4468,"[1924, 16, 1611, 1192, 1769]"
4469,"[1705, 1704, 461, 931, 924]"
4470,"[1899, 1910, 1299, 455, 454]"
4471,"[1627, 89, 1070, 922, 455]"
4472,"[878, 114, 1637, 16, 1907]"
4473,"[1705, 1567, 16, 467, 1113]"
4474,"[455, 454, 1762, 291, 1758]"
4475,"[1613, 692, 102, 1904, 409]"
4476,"[705, 765, 1704, 1723, 403]"
4477,"[1746, 98, 97, 96, 102]"
4478,"[455, 1042, 102, 878, 1750]"
4479,"[1607, 1659, 98, 779, 97]"
4480,"[692, 1627, 1070, 455, 454]"
4481,"[1705, 1872, 1704, 1835, 1795]"
4482,"[1567, 1705, 890, 112, 1069]"
4483,"[98, 97, 96, 124, 1904]"
4484,"[1907, 1705, 1704, 1761, 1910]"
4485,"[89, 113, 920, 435, 1567]"
4486,"[1567, 16, 1705, 1192, 455]"
4487,"[1705, 1704, 1753, 374, 990]"
4488,"[1636, 372, 1613, 438, 1638]"
4489,"[1704, 1761, 1769, 1705, 1567]"
4490,"[1704, 1769, 1760, 1761, 1567]"
4491,"[1249, 1904, 1907, 106, 1618]"
4492,"[98, 97, 96, 1157, 1269]"
4493,"[1896, 97, 96, 98, 1705]"
4494,"[900, 97, 96, 1909, 1160]"
4495,"[1613, 1530, 291, 1904, 1636]"
4496,"[435, 97, 96, 1607, 692]"
4497,"[1924, 108, 692, 773, 1249]"
4498,"[1704, 1567, 409, 1910, 1921]"
4499,"[124, 165, 1042, 1724, 1157]"
4500,"[1085, 1704, 372, 1758, 424]"
4501,"[165, 1249, 60, 435, 926]"
4502,"[1705, 1704, 1762, 1273, 447]"
4503,"[259, 1277, 1637, 435, 1705]"
4504,"[1705, 1704, 1762, 1936, 290]"
4505,"[481, 1249, 1750, 926, 1760]"
4506,"[1896, 97, 96, 89, 164]"
4507,"[372, 677, 1753, 1792, 1791]"
4508,"[760, 136, 1677, 901, 1557]"
4509,"[1277, 432, 435, 1091, 1196]"
4510,"[1896, 1613, 409, 1904, 102]"
4511,"[1613, 164, 859, 1636, 1270]"
4512,"[1042, 1157, 1907, 102, 455]"
4513,"[60, 1750, 410, 1202, 1299]"
4514,"[102, 1904, 1627, 1025, 937]"
4515,"[1705, 1704, 435, 1607, 98]"
4516,"[688, 1526, 1705, 98, 89]"
4517,"[89, 1025, 937, 159, 165]"
4518,"[688, 677, 1907, 102, 98]"
4519,"[774, 775, 1065, 427, 1575]"
4520,"[1788, 1787, 1786, 769, 767]"
4521,"[1695, 603, 39, 19, 918]"
4522,"[50, 98, 1544, 1638, 97]"
4523,"[328, 393, 1134, 1037, 310]"
4524,"[435, 28, 98, 412, 955]"
4525,"[23, 28, 27, 955, 969]"
4526,"[1936, 1863, 1240, 418, 1828]"
4527,"[28, 1627, 1638, 17, 1899]"
4528,"[359, 98, 1617, 692, 367]"
4529,"[961, 1085, 435, 1803, 1758]"
4530,"[1022, 700, 1121, 605, 435]"
4531,"[1762, 441, 108, 1794, 346]"
4532,"[1627, 1899, 441, 976, 972]"
4533,"[938, 934, 931, 928, 919]"
4534,"[1730, 792, 533, 49, 1718]"
4535,"[1705, 1082, 303, 435, 1880]"
4536,"[1704, 641, 1758, 1120, 646]"
4537,"[449, 1064, 440, 1112, 1020]"
4538,"[36, 9, 28, 474, 17]"
4539,"[1102, 28, 1627, 17, 1899]"
4540,"[1277, 1761, 1760, 1578, 1274]"
4541,"[1102, 1627, 1638, 306, 1899]"
4542,"[120, 28, 17, 603, 15]"
4543,"[739, 1553, 758, 692, 762]"
4544,"[618, 222, 7, 1795, 989]"
4545,"[1068, 1063, 976, 978, 974]"
4546,"[618, 1155, 1790, 1789, 1788]"
4547,"[443, 1750, 1039, 304, 1021]"
4548,"[1936, 28, 878, 806, 611]"
4549,"[28, 1291, 1102, 1188, 25]"
4550,"[359, 1761, 1762, 692, 284]"
4551,"[1795, 285, 1796, 1082, 303]"
4552,"[128, 673, 1704, 1726, 655]"
4553,"[285, 1022, 1029, 1175, 751]"
4554,"[1720, 751, 666, 663, 633]"
4555,"[126, 1320, 985, 1697, 1733]"
4556,"[437, 349, 1786, 304, 1704]"
4557,"[1762, 1627, 125, 1899, 1157]"
4558,"[1203, 1697, 34, 435, 7]"
4559,"[1750, 692, 98, 97, 96]"
4560,"[1023, 116, 114, 1697, 1022]"
4561,"[98, 1662, 1083, 1275, 287]"
4562,"[774, 1733, 441, 1788, 1787]"
4563,"[1704, 1705, 1760, 1761, 1787]"
4564,"[1902, 199, 408, 1766, 692]"
4565,"[98, 1249, 1704, 657, 823]"
4566,"[1071, 124, 1748, 868, 1704]"
4567,"[1675, 1915, 1638, 1676, 1303]"
4568,"[1915, 1064, 112, 1552, 1543]"
4569,"[1913, 878, 1795, 424, 676]"
4570,"[1528, 1526, 1489, 1527, 1554]"
4571,"[1929, 408, 369, 926, 1299]"
4572,"[408, 1675, 1910, 890, 112]"
4573,"[1750, 1263, 1636, 438, 1255]"
4574,"[1147, 98, 1202, 410, 782]"
4575,"[1907, 1924, 1075, 1051, 163]"
4576,"[1750, 1640, 1202, 410, 1299]"
4577,"[1675, 408, 1750, 125, 1676]"
4578,"[1675, 1185, 1900, 408, 1676]"
4579,"[1627, 1899, 1904, 1025, 937]"
4580,"[440, 427, 634, 441, 1760]"
4581,"[1907, 1041, 1588, 1529, 1899]"
4582,"[1675, 1185, 408, 1915, 890]"
4583,"[1014, 1066, 60, 1202, 410]"
4584,"[1924, 1274, 113, 1064, 449]"
4585,"[424, 1795, 1073, 116, 1675]"
4586,"[1064, 440, 101, 643, 1112]"
4587,"[1025, 937, 159, 919, 96]"
4588,"[1915, 165, 890, 112, 1300]"
4589,"[1030, 618, 1705, 1704, 937]"
4590,"[1926, 1675, 1344, 1915, 112]"
4591,"[140, 148, 145, 147, 1865]"
4592,"[1637, 449, 1659, 165, 1676]"
4593,"[424, 1752, 347, 1753, 1072]"
4594,"[451, 615, 1638, 440, 1637]"
4595,"[1185, 1902, 1001, 455, 289]"
4596,"[101, 112, 1910, 102, 1746]"
4597,"[1526, 1915, 1899, 409, 98]"
4598,"[97, 96, 98, 379, 1607]"
4599,"[409, 1904, 1526, 106, 95]"
4600,"[403, 1030, 1178, 1916, 1066]"
4601,"[438, 89, 1202, 410, 926]"
4602,"[1536, 60, 98, 890, 112]"
4603,"[1675, 408, 1915, 1552, 890]"
4604,"[1030, 1066, 1612, 1299, 1915]"
4605,"[46, 296, 1705, 1704, 1147]"
4606,"[890, 112, 1904, 878, 1192]"
4607,"[98, 1915, 1675, 890, 112]"
4608,"[431, 1087, 1522, 1279, 1637]"
4609,"[1269, 1073, 1690, 1299, 1807]"
4610,"[34, 1831, 1825, 1810, 1706]"
4611,"[1653, 97, 98, 96, 1925]"
4612,"[294, 90, 1299, 1649, 1160]"
4613,"[1750, 1636, 438, 1915, 1676]"
4614,"[1081, 431, 1087, 294, 433]"
4615,"[1916, 615, 1279, 1193, 1299]"
4616,"[1272, 900, 449, 1298, 1261]"
4617,"[1185, 1344, 1676, 89, 408]"
4618,"[441, 1899, 1704, 1705, 1638]"
4619,"[128, 66, 282, 1915, 904]"
4620,"[938, 921, 1100, 1256, 402]"
4621,"[97, 96, 98, 692, 1202]"
4622,"[1936, 1257, 1295, 1277, 1638]"
4623,"[379, 1915, 326, 692, 1202]"
4624,"[1139, 1753, 1934, 1186, 855]"
4625,"[1269, 294, 1279, 1133, 1086]"
4626,"[1279, 603, 1299, 722, 902]"
4627,"[1915, 1811, 1810, 1818, 1812]"
4628,"[1202, 410, 1921, 1915, 1807]"
4629,"[1750, 1279, 125, 1915, 926]"
4630,"[1202, 410, 1916, 1904, 1627]"
4631,"[73, 1742, 985, 1023, 840]"
4632,"[1819, 1814, 1812, 1815, 1811]"
4633,"[1915, 1611, 851, 698, 1533]"
4634,"[1550, 1677, 1704, 1832, 1616]"
4635,"[1659, 1279, 1299, 902, 1202]"
4636,"[1193, 615, 1638, 1807, 1920]"
4637,"[1185, 1915, 1752, 1077, 1690]"
4638,"[1936, 1295, 1638, 433, 1087]"
4639,"[1030, 296, 1704, 440, 1147]"
4640,"[1128, 1549, 1915, 1040, 1014]"
4641,"[1915, 1638, 773, 455, 125]"
4642,"[1438, 1552, 1561, 1579, 1412]"
4643,"[1102, 306, 1659, 1299, 449]"
4644,"[435, 89, 1202, 410, 1196]"
4645,"[1677, 1676, 1675, 1746, 892]"
4646,"[412, 1750, 415, 1659, 416]"
4647,"[435, 97, 96, 1202, 410]"
4648,"[603, 125, 410, 1202, 60]"
4649,"[1695, 603, 466, 1299, 1279]"
4650,"[1795, 1135, 1098, 450, 433]"
4651,"[1118, 1705, 1704, 1552, 1516]"
4652,"[284, 1671, 1745, 1616, 1727]"
4653,"[98, 818, 1519, 1915, 1733]"
4654,"[1902, 451, 616, 1758, 427]"
4655,"[1865, 1027, 1117, 1135, 1041]"
4656,"[938, 1761, 215, 643, 1781]"
4657,"[663, 656, 653, 642, 1616]"
4658,"[1552, 1273, 447, 1746, 1118]"
4659,"[1076, 823, 1098, 450, 1279]"
4660,"[1028, 98, 41, 423, 1244]"
4661,"[415, 126, 1659, 677, 1299]"
4662,"[575, 571, 511, 568, 1936]"
4663,"[1790, 1789, 1791, 1792, 1705]"
4664,"[1055, 705, 97, 302, 902]"
4665,"[922, 1937, 1705, 1704, 749]"
4666,"[435, 618, 98, 1627, 1727]"
4667,"[46, 1097, 126, 34, 1918]"
4668,"[1796, 1803, 1916, 297, 1758]"
4669,"[1185, 1902, 1866, 408, 1344]"
4670,"[98, 164, 97, 96, 692]"
4671,"[1116, 788, 1887, 46, 1677]"
4672,"[1796, 1704, 1705, 748, 844]"
4673,"[128, 1915, 97, 96, 1536]"
4674,"[1704, 677, 1705, 314, 1758]"
4675,"[98, 1915, 60, 449, 1632]"
4676,"[435, 618, 1261, 1260, 1259]"
4677,"[403, 1073, 60, 1516, 624]"
4678,"[1700, 60, 126, 1320, 1704]"
4679,"[1202, 1916, 902, 1299, 956]"
4680,"[1820, 1815, 1814, 1813, 1819]"
4681,"[128, 46, 409, 1063, 1068]"
4682,"[435, 1753, 1705, 1704, 1727]"
4683,"[98, 97, 435, 675, 1607]"
4684,"[1075, 1096, 1073, 284, 1036]"
4685,"[142, 271, 1705, 1704, 1186]"
4686,"[1795, 1705, 1704, 170, 1368]"
4687,"[1300, 642, 1620, 657, 1655]"
4688,"[1900, 1675, 1791, 1793, 1792]"
4689,"[1313, 1875, 1705, 1704, 1918]"
4690,"[878, 1915, 89, 101, 113]"
4691,"[1659, 676, 663, 1100, 307]"
4692,"[1649, 1611, 403, 1522, 1704]"
4693,"[1900, 745, 958, 1795, 1638]"
4694,"[671, 1649, 664, 657, 1750]"
4695,"[1764, 1759, 205, 154, 152]"
4696,"[739, 935, 168, 709, 331]"
4697,"[1877, 1704, 1570, 1710, 1705]"
4698,"[1895, 1936, 1287, 1935, 1837]"
4699,"[1630, 432, 675, 959, 604]"
4700,"[1570, 1877, 1015, 1705, 1704]"
4701,"[1916, 442, 1675, 125, 1907]"
4702,"[113, 920, 89, 878, 165]"
4703,"[397, 1167, 1178, 1011, 1910]"
4704,"[1638, 1914, 1909, 296, 1910]"
4705,"[89, 921, 935, 168, 98]"
4706,"[1727, 34, 1728, 1570, 1769]"
4707,"[290, 441, 1895, 343, 1936]"
4708,"[1570, 1705, 677, 793, 1704]"
4709,"[1914, 125, 1530, 1536, 677]"
4710,"[911, 670, 1297, 165, 175]"
4711,"[1697, 1727, 1699, 1696, 605]"
4712,"[441, 1727, 931, 924, 934]"
4713,"[435, 935, 168, 934, 931]"
4714,"[108, 1727, 1019, 1246, 1721]"
4715,"[1044, 702, 379, 1064, 1752]"
4716,"[1134, 454, 678, 185, 1042]"
4717,"[934, 931, 924, 920, 176]"
4718,"[441, 442, 959, 1918, 979]"
4719,"[966, 367, 191, 1662, 323]"
4720,"[111, 1570, 1759, 793, 1028]"
4721,"[1015, 1785, 107, 1570, 1875]"
4722,"[1273, 447, 816, 326, 802]"
4723,"[950, 927, 189, 73, 949]"
4724,"[441, 290, 442, 959, 1081]"
4725,"[1877, 1895, 1287, 1570, 1015]"
4726,"[1773, 30, 1164, 705, 621]"
4727,"[1607, 379, 1650, 727, 726]"
4728,"[1570, 108, 935, 168, 34]"
4729,"[73, 1705, 1704, 618, 468]"
4730,"[1570, 928, 675, 1303, 761]"
4731,"[188, 935, 168, 1895, 931]"
4732,"[1785, 828, 1570, 1705, 1704]"
4733,"[415, 441, 442, 1737, 1299]"
4734,"[1936, 1210, 1213, 527, 1403]"
4735,"[1677, 97, 96, 98, 692]"
4736,"[1570, 1704, 398, 793, 135]"
4737,"[82, 1877, 945, 379, 943]"
4738,"[441, 116, 1705, 1676, 1704]"
4739,"[919, 478, 1761, 1760, 1762]"
4740,"[1704, 1705, 1270, 106, 1803]"
4741,"[455, 890, 112, 1698, 116]"
4742,"[408, 116, 1695, 1917, 1639]"
4743,"[1750, 1710, 618, 370, 220]"
4744,"[1675, 408, 60, 906, 603]"
4745,"[1704, 449, 296, 116, 1924]"
4746,"[1185, 1902, 408, 1915, 1552]"
4747,"[1750, 116, 455, 114, 919]"
4748,"[660, 1803, 1761, 1760, 1884]"
4749,"[1746, 102, 1924, 1297, 1275]"
4750,"[1761, 1760, 1704, 1705, 163]"
4751,"[1761, 1924, 1760, 1064, 1750]"
4752,"[297, 619, 1889, 1927, 1300]"
4753,"[919, 163, 1753, 619, 1761]"
4754,"[116, 455, 619, 114, 1662]"
4755,"[1924, 98, 97, 96, 1746]"
4756,"[455, 1924, 16, 1192, 454]"
4757,"[116, 1924, 455, 1750, 114]"
4758,"[1637, 455, 454, 1610, 44]"
4759,"[1750, 1924, 116, 114, 1695]"
4760,"[1752, 1030, 1073, 1705, 1704]"
4761,"[1762, 1758, 1760, 1761, 1924]"
4762,"[455, 1761, 619, 125, 938]"
4763,"[175, 164, 921, 1552, 128]"
4764,"[1746, 98, 97, 96, 102]"
4765,"[1750, 1552, 408, 60, 692]"
4766,"[1924, 455, 1695, 114, 116]"
4767,"[455, 1761, 1704, 1705, 1760]"
4768,"[1761, 1760, 1705, 1704, 1924]"
4769,"[1526, 1924, 1746, 1750, 124]"
4770,"[455, 116, 114, 60, 1610]"
4771,"[1727, 1676, 1071, 124, 1244]"
4772,"[438, 1636, 619, 199, 455]"
4773,"[89, 1064, 396, 60, 925]"
4774,"[1112, 1705, 1704, 346, 1761]"
4775,"[619, 1884, 1772, 1704, 16]"
4776,"[455, 1773, 116, 438, 1636]"
4777,"[116, 408, 165, 60, 1676]"
4778,"[455, 1636, 438, 1112, 966]"
4779,"[1753, 1368, 175, 1825, 898]"
4780,"[116, 455, 114, 1705, 1916]"
4781,"[1831, 675, 1073, 116, 852]"
4782,"[116, 455, 440, 1762, 1758]"
4783,"[1275, 1614, 1521, 449, 1611]"
4784,"[1773, 1900, 1704, 1705, 1761]"
4785,"[1704, 1705, 449, 688, 1761]"
4786,"[1704, 361, 1772, 314, 333]"
4787,"[1147, 1614, 1521, 1275, 454]"
4788,"[1695, 1192, 618, 116, 1762]"
4789,"[368, 1750, 1297, 1761, 1147]"
4790,"[441, 1758, 1762, 108, 327]"
4791,"[619, 1884, 438, 1636, 1197]"
4792,"[1038, 1705, 1704, 359, 1772]"
4793,"[455, 1900, 108, 1695, 1638]"
4794,"[1761, 116, 1536, 125, 1760]"
4795,"[1727, 314, 290, 1699, 1675]"
4796,"[1638, 410, 1202, 921, 165]"
4797,"[116, 692, 1192, 455, 449]"
4798,"[368, 692, 890, 112, 1704]"
4799,"[1521, 1614, 1038, 1704, 45]"
4800,"[1704, 377, 379, 1639, 1188]"
4801,"[1704, 1881, 380, 800, 501]"
4802,"[438, 1636, 455, 619, 114]"
4803,"[890, 98, 97, 96, 1306]"
4804,"[1761, 1297, 1614, 1760, 1762]"
4805,"[440, 1773, 1761, 1704, 1705]"
4806,"[379, 438, 1636, 1038, 1704]"
4807,"[435, 1313, 849, 1753, 1627]"
4808,"[1924, 455, 454, 438, 1600]"
4809,"[1761, 1760, 1758, 938, 1636]"
4810,"[1704, 435, 961, 1727, 1705]"
4811,"[619, 438, 1636, 1884, 1197]"
4812,"[692, 919, 1025, 937, 159]"
4813,"[1636, 438, 1704, 1761, 1760]"
4814,"[1746, 102, 1297, 360, 1607]"
4815,"[618, 435, 1758, 1704, 113]"
4816,"[441, 1038, 1704, 380, 619]"
4817,"[1695, 1907, 1273, 1269, 274]"
4818,"[435, 1085, 1753, 1053, 618]"
4819,"[1704, 441, 1762, 1758, 1761]"
4820,"[389, 1727, 96, 98, 97]"
4821,"[435, 1915, 1704, 1705, 16]"
4822,"[1924, 675, 1273, 1269, 439]"
4823,"[440, 435, 1695, 1704, 1705]"
4824,"[441, 1038, 1704, 1800, 1780]"
4825,"[379, 361, 1023, 1760, 1761]"
4826,"[440, 1704, 1761, 346, 619]"
4827,"[365, 322, 1915, 1071, 1807]"
4828,"[1760, 1758, 1761, 718, 1762]"
4829,"[1249, 1705, 1185, 1344, 1704]"
4830,"[204, 203, 198, 197, 196]"
4831,"[1202, 410, 1473, 1066, 1636]"
4832,"[1915, 408, 112, 1677, 1299]"
4833,"[128, 1825, 741, 1616, 925]"
4834,"[165, 1025, 937, 410, 159]"
4835,"[1761, 1760, 961, 435, 1617]"
4836,"[1185, 1675, 408, 1746, 926]"
4837,"[1344, 1807, 1185, 1910, 1193]"
4838,"[125, 1927, 892, 1690, 408]"
4839,"[1202, 410, 906, 1068, 1927]"
4840,"[1014, 410, 1202, 1079, 1825]"
4841,"[1915, 408, 1014, 848, 1029]"
4842,"[1202, 410, 1185, 1344, 1676]"
4843,"[102, 409, 1025, 937, 159]"
4844,"[1186, 353, 395, 1155, 1135]"
4845,"[409, 1746, 890, 112, 102]"
4846,"[1909, 1193, 165, 1552, 1543]"
4847,"[408, 125, 128, 1675, 920]"
4848,"[1041, 1675, 289, 1185, 1202]"
4849,"[1924, 890, 112, 1675, 1618]"
4850,"[1915, 1344, 1193, 1675, 1030]"
4851,"[1915, 925, 1713, 1746, 98]"
4852,"[1202, 410, 1659, 1300, 1812]"
4853,"[342, 1825, 403, 1704, 1705]"
4854,"[1760, 1758, 441, 1099, 1687]"
4855,"[1677, 925, 346, 1824, 1550]"
4856,"[257, 1915, 292, 1655, 1528]"
4857,"[165, 921, 408, 159, 937]"
4858,"[102, 1899, 1076, 1904, 1775]"
4859,"[1071, 851, 1914, 1807, 890]"
4860,"[398, 1250, 1079, 1014, 1907]"
4861,"[165, 1915, 408, 1185, 1344]"
4862,"[1618, 1066, 1887, 1068, 1773]"
4863,"[1915, 925, 410, 926, 1202]"
4864,"[702, 1030, 1916, 921, 1041]"
4865,"[408, 1185, 1344, 890, 112]"
4866,"[365, 125, 408, 692, 1721]"
4867,"[409, 1750, 102, 98, 97]"
4868,"[102, 1025, 937, 159, 409]"
4869,"[1915, 1185, 1202, 410, 926]"
4870,"[1915, 1675, 937, 159, 1025]"
4871,"[1549, 1608, 693, 654, 1662]"
4872,"[60, 1733, 1750, 603, 1275]"
4873,"[60, 926, 1727, 1639, 1924]"
4874,"[849, 1727, 449, 120, 618]"
4875,"[1028, 409, 1116, 121, 863]"
4876,"[1636, 438, 1087, 1750, 1080]"
4877,"[804, 328, 653, 30, 332]"
4878,"[1924, 60, 1273, 447, 694]"
4879,"[466, 455, 87, 468, 1924]"
4880,"[826, 666, 85, 1875, 1665]"
4881,"[1161, 1022, 120, 618, 347]"
4882,"[120, 618, 65, 1062, 87]"
4883,"[125, 165, 60, 603, 1272]"
4884,"[603, 435, 449, 1272, 1637]"
4885,"[60, 408, 603, 1750, 165]"
4886,"[16, 934, 931, 924, 920]"
4887,"[216, 89, 30, 1611, 401]"
4888,"[1788, 1875, 1792, 1791, 1789]"
4889,"[772, 618, 30, 661, 185]"
4890,"[67, 449, 120, 603, 87]"
4891,"[1924, 60, 1275, 466, 1141]"
4892,"[67, 603, 678, 60, 408]"
4893,"[120, 165, 1022, 1727, 603]"
4894,"[653, 120, 645, 389, 739]"
4895,"[455, 692, 1157, 1705, 16]"
4896,"[1750, 120, 1727, 449, 603]"
4897,"[67, 693, 60, 682, 678]"
4898,"[435, 165, 98, 89, 67]"
4899,"[1732, 388, 1549, 1918, 979]"
4900,"[29, 1001, 60, 688, 1665]"
4901,"[1750, 455, 454, 1275, 692]"
4902,"[603, 1697, 30, 396, 1076]"
4903,"[1549, 1677, 1119, 861, 125]"
4904,"[408, 401, 1191, 1137, 1134]"
4905,"[1924, 440, 60, 1604, 692]"
4906,"[804, 1647, 1727, 610, 1660]"
4907,"[1662, 692, 165, 164, 455]"
4908,"[1924, 692, 1275, 1726, 1662]"
4909,"[618, 1116, 1022, 125, 1726]"
4910,"[1681, 1272, 1187, 114, 67]"
4911,"[290, 1119, 1028, 1073, 314]"
4912,"[1536, 1275, 116, 449, 60]"
4913,"[1924, 1182, 314, 466, 1192]"
4914,"[1549, 1626, 928, 1119, 1705]"
4915,"[175, 711, 715, 1277, 1118]"
4916,"[125, 408, 101, 112, 1676]"
4917,"[1795, 1705, 1704, 1531, 211]"
4918,"[1073, 89, 98, 97, 96]"
4919,"[1025, 937, 921, 159, 164]"
4920,"[868, 1915, 112, 1071, 408]"
4921,"[175, 1193, 98, 782, 1738]"
4922,"[1704, 1705, 1085, 1727, 1795]"
4923,"[920, 171, 89, 165, 113]"
4924,"[170, 1704, 398, 1705, 1320]"
4925,"[867, 1616, 1805, 1825, 1745]"
4926,"[1704, 1769, 1810, 925, 1851]"
4927,"[89, 435, 920, 1915, 356]"
4928,"[1727, 1704, 1705, 1299, 1795]"
4929,"[1202, 410, 692, 1135, 1073]"
4930,"[1873, 1836, 1867, 1832, 1753]"
4931,"[164, 1025, 937, 921, 985]"
4932,"[1690, 1299, 1704, 1705, 1916]"
4933,"[170, 211, 980, 985, 172]"
4934,"[919, 1025, 937, 159, 921]"
4935,"[371, 1546, 1927, 1073, 1155]"
4936,"[1638, 97, 96, 1030, 1299]"
4937,"[170, 1704, 176, 175, 164]"
4938,"[862, 480, 403, 1704, 1918]"
4939,"[165, 403, 1185, 89, 1828]"
4940,"[692, 1030, 1102, 98, 96]"
4941,"[211, 1753, 1704, 1053, 1873]"
4942,"[1704, 1705, 1858, 1795, 1918]"
4943,"[1907, 1046, 1041, 89, 101]"
4944,"[165, 862, 1914, 819, 211]"
4945,"[1520, 988, 1659, 1771, 925]"
4946,"[1185, 1865, 165, 1823, 1746]"
4947,"[1659, 98, 165, 1196, 1676]"
4948,"[1118, 1762, 116, 878, 1795]"
4949,"[164, 1025, 937, 921, 159]"
4950,"[164, 1025, 937, 921, 159]"
4951,"[165, 164, 159, 1025, 937]"
4952,"[140, 1704, 403, 148, 911]"
4953,"[985, 980, 878, 1704, 1705]"
4954,"[170, 931, 1872, 172, 1835]"
4955,"[692, 403, 1810, 1706, 1704]"
4956,"[1727, 220, 379, 1705, 1771]"
4957,"[89, 416, 1239, 1753, 1704]"
4958,"[1257, 1915, 1068, 403, 128]"
4959,"[32, 13, 26, 40, 22]"
4960,"[1126, 1690, 1124, 1136, 1244]"
4961,"[1244, 423, 125, 174, 98]"
4962,"[125, 423, 1244, 365, 902]"
4963,"[423, 1244, 125, 165, 920]"
4964,"[1759, 1675, 1344, 591, 1260]"
4965,"[1169, 1126, 1924, 1672, 168]"
4966,"[1915, 98, 1659, 125, 762]"
4967,"[1855, 320, 1676, 1675, 1299]"
4968,"[677, 1281, 1269, 1630, 1098]"
4969,"[125, 423, 1244, 1690, 603]"
4970,"[1244, 423, 125, 1690, 902]"
4971,"[125, 1676, 1677, 1825, 1831]"
4972,"[28, 1705, 1704, 1344, 911]"
4973,"[960, 1705, 1704, 913, 1626]"
4974,"[614, 1244, 423, 165, 1705]"
4975,"[1705, 125, 1704, 1690, 397]"
4976,"[423, 1244, 125, 1690, 1705]"
4977,"[140, 145, 916, 148, 913]"
4978,"[1244, 423, 265, 1695, 412]"
4979,"[423, 1244, 1916, 1705, 1704]"
4980,"[1690, 125, 1705, 1704, 1189]"
4981,"[322, 1705, 1704, 365, 1626]"
4982,"[423, 1244, 125, 1690, 1705]"
4983,"[1244, 423, 125, 902, 1690]"
4984,"[1762, 435, 1705, 1704, 1317]"
4985,"[125, 124, 1637, 60, 1690]"
4986,"[1746, 409, 1299, 613, 1666]"
4987,"[97, 928, 1705, 1847, 1845]"
4988,"[365, 1727, 994, 1344, 1675]"
4989,"[125, 1690, 1244, 423, 1792]"
4990,"[140, 145, 916, 148, 913]"
4991,"[423, 1244, 125, 1915, 920]"
4992,"[423, 1244, 125, 1690, 1677]"
4993,"[125, 423, 1244, 1690, 1124]"
4994,"[125, 1677, 878, 165, 1244]"
4995,"[423, 1244, 125, 1705, 1918]"
4996,"[1858, 1705, 1704, 677, 1758]"
4997,"[1244, 423, 125, 1690, 1705]"
4998,"[1827, 1836, 930, 1105, 1100]"
4999,"[125, 1189, 322, 128, 1637]"
5000,"[1670, 1705, 677, 1690, 1704]"
5001,"[423, 1244, 920, 1193, 1638]"
5002,"[125, 423, 1244, 365, 1690]"
5003,"[1924, 1761, 692, 98, 124]"
5004,"[1915, 124, 408, 89, 890]"
5005,"[1915, 124, 408, 890, 112]"
5006,"[1704, 1762, 1758, 1795, 851]"
5007,"[1030, 1924, 1066, 1147, 1137]"
5008,"[692, 1165, 1869, 1766, 333]"
5009,"[692, 408, 97, 96, 124]"
5010,"[1257, 1171, 1066, 1073, 926]"
5011,"[116, 408, 114, 60, 1910]"
5012,"[717, 1752, 677, 1098, 1273]"
5013,"[329, 1344, 1626, 1018, 1066]"
5014,"[124, 60, 695, 900, 663]"
5015,"[925, 164, 1915, 921, 175]"
5016,"[1924, 478, 385, 466, 1761]"
5017,"[1704, 1705, 1249, 848, 102]"
5018,"[278, 274, 1921, 1560, 1147]"
5019,"[1066, 928, 1068, 1560, 1561]"
5020,"[1704, 1753, 1766, 1755, 1752]"
5021,"[528, 1507, 749, 1704, 1921]"
5022,"[1902, 1921, 344, 408, 1552]"
5023,"[1761, 848, 1752, 433, 1777]"
5024,"[171, 926, 1610, 60, 98]"
5025,"[478, 1705, 1924, 1907, 125]"
5026,"[1884, 1309, 455, 454, 1702]"
5027,"[1705, 1766, 1064, 116, 1704]"
5028,"[692, 290, 890, 112, 1560]"
5029,"[1924, 1753, 60, 688, 1249]"
5030,"[170, 1310, 1936, 1705, 1704]"
5031,"[98, 478, 1764, 455, 454]"
5032,"[789, 1766, 1147, 1704, 1934]"
5033,"[89, 1675, 1761, 1704, 1875]"
5034,"[1885, 408, 1675, 1344, 1193]"
5035,"[1753, 1705, 1704, 1752, 1524]"
5036,"[1550, 1704, 1705, 171, 1344]"
5037,"[1073, 1257, 1921, 928, 1705]"
5038,"[98, 1526, 1924, 97, 1764]"
5039,"[294, 1761, 443, 1750, 1705]"
5040,"[1704, 341, 528, 1507, 1761]"
5041,"[1536, 926, 125, 257, 79]"
5042,"[289, 1073, 165, 926, 1677]"
5043,"[175, 938, 921, 164, 1915]"
5044,"[478, 1924, 1705, 60, 1536]"
5045,"[98, 1915, 1704, 1705, 922]"
5046,"[116, 1915, 1147, 114, 1752]"
5047,"[1761, 1758, 1762, 1760, 1721]"
5048,"[856, 1921, 451, 1526, 289]"
5049,"[1929, 1705, 1636, 1721, 1704]"
5050,"[1618, 102, 1025, 937, 159]"
5051,"[1704, 1705, 390, 1273, 447]"
5052,"[1705, 1704, 1758, 1636, 1799]"
5053,"[339, 1724, 1721, 108, 692]"
5054,"[1157, 1098, 379, 1762, 110]"
5055,"[379, 1157, 1098, 1824, 110]"
5056,"[1024, 361, 108, 1202, 410]"
5057,"[1592, 1043, 438, 1202, 410]"
5058,"[1610, 451, 449, 1639, 1192]"
5059,"[853, 1829, 1827, 305, 361]"
5060,"[1098, 1024, 368, 1752, 372]"
5061,"[1761, 1760, 1617, 849, 1762]"
5062,"[1617, 1760, 1761, 1758, 1762]"
5063,"[878, 1753, 1875, 926, 1907]"
5064,"[878, 1192, 116, 890, 449]"
5065,"[60, 1523, 466, 1536, 440]"
5066,"[1617, 1761, 1760, 16, 1523]"
5067,"[1761, 1760, 1762, 108, 1617]"
5068,"[1617, 1760, 1761, 1550, 1758]"
5069,"[1722, 692, 1655, 1617, 455]"
5070,"[1761, 1760, 1617, 961, 1246]"
5071,"[441, 193, 189, 950, 191]"
5072,"[98, 1617, 1523, 1758, 1249]"
5073,"[1141, 1746, 1771, 1907, 1202]"
5074,"[1722, 1761, 1760, 1655, 1762]"
5075,"[441, 1899, 1627, 1884, 1025]"
5076,"[441, 1112, 455, 1899, 989]"
5077,"[1760, 1761, 1758, 94, 1896]"
5078,"[1722, 441, 1899, 455, 1627]"
5079,"[1722, 1655, 1760, 1761, 1758]"
5080,"[1655, 1713, 1762, 1761, 1705]"
5081,"[1567, 1705, 1769, 1617, 1760]"
5082,"[1761, 1760, 1762, 1758, 1705]"
5083,"[102, 1746, 96, 97, 98]"
5084,"[292, 1705, 1704, 1760, 1761]"
5085,"[1192, 811, 1656, 1638, 98]"
5086,"[1617, 98, 454, 1704, 16]"
5087,"[1884, 1550, 1746, 1025, 937]"
5088,"[1617, 1070, 455, 1567, 1627]"
5089,"[1762, 1617, 1758, 1760, 1761]"
5090,"[98, 1899, 1638, 116, 441]"
5091,"[1722, 1899, 1638, 455, 454]"
5092,"[1722, 1655, 1760, 1761, 1758]"
5093,"[441, 1070, 454, 1899, 1910]"
5094,"[98, 292, 1617, 1758, 16]"
5095,"[1705, 1760, 1761, 1704, 1758]"
5096,"[292, 900, 1705, 1760, 1761]"
5097,"[188, 1085, 193, 441, 189]"
5098,"[1617, 98, 1760, 1761, 1762]"
5099,"[116, 1112, 465, 16, 1697]"
5100,"[1617, 1722, 1762, 1758, 1761]"
5101,"[705, 441, 1627, 1899, 1070]"
5102,"[1617, 292, 98, 1760, 1705]"
5103,"[440, 1070, 16, 89, 60]"
5104,"[1112, 1617, 1070, 1760, 1761]"
5105,"[1904, 335, 1899, 1025, 937]"
5106,"[1567, 1125, 1896, 922, 89]"
5107,"[1025, 937, 159, 102, 409]"
5108,"[1905, 1904, 1627, 1025, 937]"
5109,"[1523, 455, 1704, 919, 899]"
5110,"[1892, 1627, 1899, 43, 1904]"
5111,"[1299, 1073, 98, 96, 97]"
5112,"[1071, 1627, 1899, 1025, 937]"
5113,"[43, 1904, 1627, 1025, 937]"
5114,"[1627, 1025, 937, 159, 1904]"
5115,"[1655, 341, 1758, 819, 1705]"
5116,"[291, 924, 1627, 1025, 937]"
5117,"[1070, 1133, 1538, 711, 1068]"
5118,"[113, 335, 1064, 1904, 43]"
5119,"[1924, 98, 1910, 1550, 1705]"
5120,"[1067, 1896, 439, 1899, 16]"
5121,"[1627, 919, 1904, 1064, 1905]"
5122,"[1567, 455, 113, 1627, 1899]"
5123,"[1627, 1899, 1892, 43, 1904]"
5124,"[1899, 1025, 937, 159, 1910]"
5125,"[1627, 1899, 440, 1025, 937]"
5126,"[455, 1627, 1904, 1899, 1025]"
5127,"[409, 1904, 102, 455, 1025]"
5128,"[1627, 1904, 455, 124, 113]"
5129,"[1904, 1899, 1638, 1192, 455]"
5130,"[1745, 341, 1713, 1913, 819]"
5131,"[1899, 1638, 1904, 1521, 1192]"
5132,"[1899, 1704, 1705, 1147, 615]"
5133,"[1762, 1758, 1273, 447, 454]"
5134,"[1937, 1924, 1704, 1705, 1758]"
5135,"[442, 1636, 1758, 1273, 447]"
5136,"[1899, 116, 455, 1913, 1112]"
5137,"[1758, 1924, 1704, 1761, 1705]"
5138,"[1824, 890, 112, 1192, 113]"
5139,"[1637, 454, 455, 1070, 465]"
5140,"[97, 1638, 1192, 1761, 1760]"
5141,"[1073, 1627, 1638, 1904, 887]"
5142,"[1746, 1192, 1750, 613, 102]"
5143,"[1070, 465, 461, 1758, 1704]"
5144,"[98, 1746, 1550, 442, 292]"
5145,"[1746, 171, 89, 101, 1202]"
5146,"[697, 439, 1273, 447, 1275]"
5147,"[291, 98, 1904, 409, 441]"
5148,"[860, 291, 1192, 1904, 997]"
5149,"[1762, 1758, 1704, 1705, 291]"
5150,"[1638, 89, 1904, 1910, 1275]"
5151,"[1192, 29, 435, 1746, 412]"
5152,"[1297, 1747, 865, 863, 454]"
5153,"[1776, 1757, 679, 1879, 1744]"
5154,"[1704, 1705, 1085, 1760, 1761]"
5155,"[1705, 1762, 1758, 1085, 1704]"
5156,"[465, 454, 1913, 455, 1192]"
5157,"[1705, 60, 1704, 455, 454]"
5158,"[1762, 1758, 1705, 1697, 961]"
5159,"[1912, 1705, 1704, 379, 113]"
5160,"[454, 888, 1070, 1760, 1761]"
5161,"[1762, 1758, 291, 1705, 46]"
5162,"[297, 1795, 1758, 679, 171]"
5163,"[1750, 297, 1762, 1758, 1299]"
5164,"[455, 112, 1533, 102, 1192]"
5165,"[1705, 1704, 1762, 1758, 441]"
5166,"[424, 1746, 1704, 1705, 1246]"
5167,"[1070, 1758, 291, 1704, 1705]"
5168,"[890, 112, 1533, 1070, 920]"
5169,"[1758, 112, 1746, 1704, 1904]"
5170,"[1913, 1758, 584, 1246, 1705]"
5171,"[1192, 809, 1610, 1762, 1758]"
5172,"[1913, 676, 1025, 937, 159]"
5173,"[1904, 291, 455, 454, 1704]"
5174,"[1758, 1705, 1704, 1727, 1649]"
5175,"[1705, 1704, 454, 1523, 455]"
5176,"[29, 435, 1192, 291, 1758]"
5177,"[1758, 1904, 291, 112, 1704]"
5178,"[1610, 116, 449, 451, 1275]"
5179,"[410, 925, 102, 171, 1713]"
5180,"[440, 1656, 125, 1924, 1677]"
5181,"[1776, 1757, 1796, 679, 829]"
5182,"[454, 1924, 1745, 1671, 1616]"
5183,"[856, 572, 540, 552, 560]"
5184,"[675, 98, 1299, 164, 773]"
5185,"[114, 440, 1695, 1916, 60]"
5186,"[1705, 1704, 1504, 1761, 297]"
5187,"[1790, 1789, 441, 1769, 1705]"
5188,"[1705, 1761, 1758, 165, 385]"
5189,"[164, 921, 1761, 528, 1507]"
5190,"[1750, 613, 415, 599, 593]"
5191,"[1924, 462, 464, 1070, 461]"
5192,"[1674, 164, 165, 159, 1025]"
5193,"[807, 455, 1913, 116, 114]"
5194,"[1042, 1758, 175, 921, 1924]"
5195,"[164, 921, 1761, 297, 1916]"
5196,"[1760, 175, 1758, 1761, 297]"
5197,"[441, 1272, 1434, 1299, 1257]"
5198,"[1756, 1193, 1724, 692, 164]"
5199,"[1507, 528, 1758, 1761, 175]"
5200,"[1776, 1757, 1879, 1752, 1744]"
5201,"[817, 62, 1752, 1265, 679]"
5202,"[1924, 1306, 462, 467, 1070]"
5203,"[98, 409, 89, 676, 1887]"
5204,"[1761, 441, 1299, 1257, 1750]"
5205,"[60, 1915, 788, 108, 1300]"
5206,"[1761, 297, 1916, 1299, 1300]"
5207,"[126, 1310, 688, 462, 460]"
5208,"[165, 409, 926, 919, 98]"
5209,"[297, 1750, 1912, 1761, 1916]"
5210,"[1077, 878, 1135, 925, 1616]"
5211,"[1120, 454, 462, 461, 1924]"
5212,"[1727, 1761, 1760, 98, 1070]"
5213,"[1915, 98, 1677, 171, 89]"
5214,"[1705, 1762, 1758, 1704, 1760]"
5215,"[331, 1865, 1862, 1863, 379]"
5216,"[1760, 1758, 175, 164, 921]"
5217,"[164, 921, 1761, 1916, 297]"
5218,"[1244, 423, 60, 1306, 1924]"
5219,"[1796, 1803, 961, 1085, 1705]"
5220,"[1758, 175, 164, 921, 1761]"
5221,"[1704, 1705, 1753, 1755, 1524]"
5222,"[1674, 1705, 1783, 1317, 1704]"
5223,"[163, 116, 919, 1704, 1705]"
5224,"[1758, 1705, 1704, 1762, 1936]"
5225,"[314, 1705, 1704, 1504, 663]"
5226,"[43, 44, 439, 440, 692]"
5227,"[695, 1202, 410, 925, 1808]"
5228,"[97, 96, 98, 409, 1746]"
5229,"[1526, 1064, 1155, 409, 890]"
5230,"[862, 1042, 1567, 1753, 1761]"
5231,"[1733, 89, 440, 773, 435]"
5232,"[799, 1753, 1704, 985, 1705]"
5233,"[1025, 937, 159, 1907, 89]"
5234,"[1528, 1526, 925, 1616, 1646]"
5235,"[1746, 102, 1910, 1907, 112]"
5236,"[1030, 928, 919, 175, 98]"
5237,"[1904, 1025, 937, 159, 1899]"
5238,"[1916, 1025, 937, 159, 1746]"
5239,"[922, 1904, 124, 1257, 819]"
5240,"[1904, 89, 919, 922, 175]"
5241,"[1587, 1899, 1627, 962, 1145]"
5242,"[878, 1627, 890, 1613, 1899]"
5243,"[1904, 98, 96, 102, 922]"
5244,"[1904, 922, 1025, 937, 159]"
5245,"[1907, 165, 409, 1746, 102]"
5246,"[1915, 409, 102, 1526, 1202]"
5247,"[1904, 919, 922, 89, 1899]"
5248,"[1904, 919, 922, 1192, 1910]"
5249,"[1904, 922, 919, 175, 1909]"
5250,"[113, 89, 1907, 890, 435]"
5251,"[1655, 1704, 1550, 164, 1752]"
5252,"[666, 654, 663, 633, 920]"
5253,"[89, 1025, 937, 159, 1899]"
5254,"[1904, 1909, 1025, 937, 159]"
5255,"[1904, 919, 922, 819, 1746]"
5256,"[919, 175, 124, 1904, 922]"
5257,"[937, 159, 164, 165, 921]"
5258,"[89, 113, 878, 1904, 171]"
5259,"[919, 1904, 1746, 1672, 1899]"
5260,"[1904, 919, 89, 922, 175]"
5261,"[96, 97, 171, 89, 98]"
5262,"[1907, 113, 89, 1025, 937]"
5263,"[1300, 165, 1612, 926, 1907]"
5264,"[925, 934, 931, 928, 1550]"
5265,"[1273, 447, 1761, 1760, 1769]"
5266,"[1534, 1907, 171, 89, 409]"
5267,"[1155, 1907, 171, 1275, 1610]"
5268,"[1924, 1196, 405, 165, 1750]"
5269,"[1904, 89, 1783, 175, 819]"
5270,"[60, 922, 124, 102, 101]"
5271,"[1866, 922, 759, 752, 1837]"
5272,"[1915, 1698, 408, 1001, 125]"
5273,"[60, 1073, 789, 1036, 1193]"
5274,"[749, 165, 171, 926, 1202]"
5275,"[148, 145, 913, 916, 921]"
5276,"[1820, 1815, 1814, 1813, 1819]"
5277,"[1552, 1543, 1637, 171, 98]"
5278,"[98, 97, 96, 1034, 1130]"
5279,"[749, 1872, 1867, 1776, 1757]"
5280,"[1130, 102, 1746, 96, 98]"
5281,"[462, 1638, 1899, 1904, 1192]"
5282,"[1646, 1040, 1704, 893, 1705]"
5283,"[1646, 97, 98, 102, 1746]"
5284,"[97, 98, 96, 102, 1746]"
5285,"[1700, 98, 1706, 925, 1677]"
5286,"[1915, 1118, 171, 1121, 675]"
5287,"[1902, 102, 1746, 98, 96]"
5288,"[1713, 1887, 102, 1746, 760]"
5289,"[1698, 1130, 878, 124, 1070]"
5290,"[102, 1746, 96, 98, 97]"
5291,"[1130, 102, 1746, 1040, 124]"
5292,"[1676, 1675, 1299, 902, 1133]"
5293,"[1915, 60, 408, 1202, 410]"
5294,"[1746, 98, 96, 97, 102]"
5295,"[1746, 102, 98, 97, 96]"
5296,"[98, 1040, 1030, 716, 1746]"
5297,"[629, 60, 408, 1202, 410]"
5298,"[1915, 124, 922, 1130, 1025]"
5299,"[1130, 102, 1746, 1040, 1676]"
5300,"[171, 1073, 98, 97, 96]"
5301,"[1810, 1706, 1817, 1816, 98]"
5302,"[1040, 1130, 1746, 917, 98]"
5303,"[98, 96, 97, 102, 1746]"
5304,"[1750, 692, 97, 676, 878]"
5305,"[124, 922, 1299, 1746, 1904]"
5306,"[1746, 102, 98, 97, 96]"
5307,"[126, 98, 125, 773, 1299]"
5308,"[1700, 1040, 126, 265, 1829]"
5309,"[1704, 1705, 1810, 1936, 1755]"
5310,"[1902, 408, 1552, 341, 1185]"
5311,"[124, 716, 125, 1900, 890]"
5312,"[1902, 98, 97, 96, 102]"
5313,"[663, 656, 653, 642, 637]"
5314,"[1915, 60, 926, 408, 125]"
5315,"[924, 920, 1193, 164, 922]"
5316,"[1202, 410, 1068, 1257, 924]"
5317,"[1675, 112, 890, 1748, 1030]"
5318,"[924, 165, 728, 408, 1018]"
5319,"[1915, 1133, 1520, 259, 1051]"
5320,"[761, 1193, 1257, 1920, 1025]"
5321,"[1705, 1704, 1775, 1768, 341]"
5322,"[408, 1676, 1185, 171, 1675]"
5323,"[1338, 921, 919, 1706, 1299]"
5324,"[914, 1202, 410, 201, 199]"
5325,"[79, 67, 782, 1666, 1637]"
5326,"[851, 1915, 1098, 450, 1704]"
5327,"[112, 101, 408, 89, 890]"
5328,"[924, 1659, 1202, 410, 415]"
5329,"[1672, 1202, 410, 1916, 1006]"
5330,"[1043, 165, 920, 410, 1202]"
5331,"[1202, 410, 97, 96, 98]"
5332,"[728, 1648, 731, 1651, 1650]"
5333,"[1915, 1185, 433, 89, 449]"
5334,"[1666, 1911, 1659, 1158, 1006]"
5335,"[980, 925, 1025, 937, 159]"
5336,"[1044, 106, 1907, 1620, 890]"
5337,"[288, 1051, 1520, 1620, 164]"
5338,"[1913, 424, 1536, 409, 1277]"
5339,"[1676, 1675, 1299, 902, 179]"
5340,"[1592, 408, 1680, 1705, 1704]"
5341,"[728, 1648, 731, 663, 656]"
5342,"[1659, 1915, 1488, 1202, 410]"
5343,"[154, 1758, 1705, 1704, 1068]"
5344,"[924, 302, 297, 294, 1746]"
5345,"[924, 1202, 410, 1046, 1270]"
5346,"[782, 98, 1073, 1202, 410]"
5347,"[1915, 1526, 89, 878, 165]"
5348,"[165, 1820, 1819, 1818, 1817]"
5349,"[1746, 937, 980, 409, 919]"
5350,"[1915, 265, 1865, 236, 237]"
5351,"[728, 270, 773, 165, 207]"
5352,"[956, 1066, 938, 925, 1704]"
5353,"[924, 334, 1659, 154, 89]"
5354,"[920, 1706, 408, 922, 1552]"
5355,"[1915, 112, 890, 1064, 676]"
5356,"[1915, 1592, 125, 773, 60]"
5357,"[408, 920, 1185, 1733, 1675]"
5358,"[1274, 440, 1899, 1627, 1638]"
5359,"[435, 1705, 1704, 1758, 1085]"
5360,"[1249, 1775, 1697, 1798, 1799]"
5361,"[455, 449, 116, 451, 1639]"
5362,"[1638, 116, 1070, 455, 390]"
5363,"[692, 1202, 410, 440, 89]"
5364,"[371, 435, 1704, 1705, 98]"
5365,"[1769, 1270, 1705, 917, 966]"
5366,"[1705, 435, 149, 1932, 1704]"
5367,"[1900, 890, 112, 60, 1915]"
5368,"[862, 1894, 886, 1094, 1798]"
5369,"[1055, 1705, 1704, 1723, 480]"
5370,"[1272, 98, 97, 96, 449]"
5371,"[65, 1735, 1936, 756, 755]"
5372,"[1705, 1917, 149, 1753, 1280]"
5373,"[164, 1025, 937, 159, 165]"
5374,"[1704, 1746, 108, 1721, 1557]"
5375,"[928, 78, 1705, 1704, 453]"
5376,"[435, 692, 440, 89, 1297]"
5377,"[1900, 1705, 1185, 878, 1675]"
5378,"[1705, 1769, 1704, 149, 388]"
5379,"[440, 1894, 692, 98, 1255]"
5380,"[165, 435, 89, 1875, 692]"
5381,"[435, 1187, 1271, 1760, 1638]"
5382,"[114, 1921, 1275, 445, 449]"
5383,"[1157, 1536, 440, 89, 478]"
5384,"[97, 96, 926, 1659, 435]"
5385,"[1705, 1704, 1731, 1762, 375]"
5386,"[1814, 1813, 928, 1491, 1272]"
5387,"[1304, 1086, 1104, 438, 1637]"
5388,"[1617, 1662, 435, 1727, 1799]"
5389,"[1705, 1704, 435, 1761, 1760]"
5390,"[1900, 1762, 1675, 101, 890]"
5391,"[1185, 1137, 1159, 1760, 1761]"
5392,"[116, 1790, 1697, 1789, 588]"
5393,"[1705, 1704, 1866, 1766, 856]"
5394,"[440, 451, 616, 1125, 1762]"
5395,"[361, 1753, 1035, 101, 994]"
5396,"[1752, 1753, 1769, 1887, 1704]"
5397,"[1762, 1792, 1793, 435, 1791]"
5398,"[1131, 98, 1550, 1558, 292]"
5399,"[1344, 112, 1552, 171, 890]"
5400,"[1723, 1880, 1097, 1704, 111]"
5401,"[1603, 165, 409, 89, 341]"
5402,"[435, 1085, 1758, 192, 1803]"
5403,"[168, 1118, 1705, 1704, 980]"
5404,"[125, 409, 410, 1202, 926]"
5405,"[1025, 937, 159, 165, 89]"
5406,"[1764, 1759, 1649, 946, 949]"
5407,"[890, 1746, 102, 410, 1196]"
5408,"[1526, 1527, 922, 98, 97]"
5409,"[112, 890, 113, 89, 171]"
5410,"[1025, 937, 159, 89, 100]"
5411,"[1924, 409, 98, 97, 96]"
5412,"[1025, 937, 159, 1907, 1913]"
5413,"[890, 89, 435, 1533, 1202]"
5414,"[675, 584, 1758, 1705, 1704]"
5415,"[89, 113, 1297, 165, 1750]"
5416,"[1764, 1759, 896, 1118, 458]"
5417,"[1759, 973, 955, 209, 208]"
5418,"[1196, 1746, 409, 102, 1533]"
5419,"[89, 1677, 1586, 1297, 1727]"
5420,"[98, 97, 96, 1036, 165]"
5421,"[1696, 113, 1526, 171, 98]"
5422,"[1903, 926, 1533, 890, 1907]"
5423,"[1202, 410, 125, 920, 1677]"
5424,"[1795, 292, 291, 1533, 890]"
5425,"[1070, 409, 1746, 1025, 937]"
5426,"[407, 406, 788, 693, 45]"
5427,"[1705, 1704, 862, 1912, 1023]"
5428,"[89, 1202, 410, 1909, 165]"
5429,"[1768, 1775, 1760, 1769, 1224]"
5430,"[451, 1926, 1610, 1192, 449]"
5431,"[89, 1907, 171, 1899, 1275]"
5432,"[1705, 722, 1704, 1915, 1766]"
5433,"[1924, 60, 1586, 1523, 451]"
5434,"[1899, 1920, 1603, 1147, 615]"
5435,"[1033, 1034, 1036, 1031, 148]"
5436,"[407, 406, 1025, 937, 921]"
5437,"[852, 1758, 403, 1705, 1704]"
5438,"[1733, 408, 171, 1677, 1924]"
5439,"[1768, 1899, 1627, 1704, 1769]"
5440,"[1299, 1617, 1160, 410, 1202]"
5441,"[98, 1705, 1704, 1030, 1029]"
5442,"[693, 1068, 1063, 44, 16]"
5443,"[1638, 1899, 1070, 1904, 1739]"
5444,"[920, 113, 1610, 1534, 410]"
5445,"[922, 1185, 1075, 1148, 921]"
5446,"[1727, 1908, 1277, 89, 1704]"
5447,"[348, 116, 843, 1705, 1704]"
5448,"[928, 170, 1704, 911, 403]"
5449,"[382, 1030, 1029, 1028, 1027]"
5450,"[1768, 1627, 1527, 1924, 1775]"
5451,"[1536, 89, 164, 921, 1025]"
5452,"[1536, 1909, 1533, 1193, 1558]"
5453,"[1704, 1705, 1890, 98, 97]"
5454,"[98, 1617, 1638, 1899, 692]"
5455,"[101, 89, 112, 890, 124]"
5456,"[1025, 98, 96, 97, 425]"
5457,"[98, 980, 1758, 1704, 1705]"
5458,"[89, 1025, 937, 159, 165]"
5459,"[1041, 1713, 843, 1516, 1441]"
5460,"[407, 406, 454, 1647, 455]"
5461,"[98, 762, 760, 757, 756]"
5462,"[1032, 1920, 1899, 1666, 455]"
5463,"[1025, 937, 921, 159, 425]"
5464,"[451, 1713, 425, 175, 102]"
5465,"[1907, 97, 96, 124, 98]"
5466,"[1924, 60, 1586, 1523, 451]"
5467,"[1025, 164, 937, 159, 921]"
5468,"[1041, 338, 692, 703, 1202]"
5469,"[1677, 1202, 410, 1750, 451]"
5470,"[98, 1536, 496, 125, 1275]"
5471,"[922, 1904, 1705, 1704, 409]"
5472,"[1627, 1567, 1899, 1910, 1904]"
5473,"[1904, 922, 1705, 1704, 409]"
5474,"[1921, 449, 1695, 1610, 605]"
5475,"[1904, 1277, 435, 97, 96]"
5476,"[1904, 698, 1896, 455, 1627]"
5477,"[116, 1904, 1899, 1147, 1705]"
5478,"[1904, 819, 922, 1704, 1705]"
5479,"[1070, 1904, 455, 102, 96]"
5480,"[1907, 819, 211, 1705, 1704]"
5481,"[1526, 289, 1704, 1705, 1192]"
5482,"[451, 1705, 1704, 1921, 211]"
5483,"[1769, 176, 931, 1045, 1042]"
5484,"[1526, 1567, 1905, 1627, 1527]"
5485,"[1907, 1275, 449, 1192, 819]"
5486,"[1627, 1904, 1899, 1191, 1638]"
5487,"[124, 922, 1025, 937, 159]"
5488,"[928, 819, 1068, 1758, 1907]"
5489,"[1704, 1705, 379, 945, 82]"
5490,"[922, 1904, 1705, 1704, 409]"
5491,"[846, 1277, 451, 1192, 926]"
5492,"[124, 1904, 676, 1040, 1758]"
5493,"[124, 1704, 1705, 116, 1904]"
5494,"[124, 1025, 937, 159, 819]"
5495,"[920, 1070, 1272, 113, 112]"
5496,"[819, 1758, 1762, 1705, 922]"
5497,"[819, 1904, 862, 211, 1775]"
5498,"[1904, 116, 1705, 1704, 1899]"
5499,"[1726, 1705, 692, 1899, 1910]"
5500,"[1705, 1704, 1526, 1921, 451]"
5501,"[124, 922, 819, 1904, 1924]"
5502,"[116, 114, 112, 890, 692]"
5503,"[1713, 1040, 1536, 1070, 676]"
5504,"[116, 96, 409, 98, 97]"
5505,"[1704, 1705, 435, 1762, 1758]"
5506,"[819, 1762, 1705, 1704, 928]"
5507,"[1907, 102, 98, 96, 97]"
5508,"[377, 1032, 980, 111, 211]"
5509,"[1910, 1299, 1899, 1913, 1250]"
5510,"[1704, 1758, 1762, 1705, 1760]"
5511,"[922, 819, 1904, 1025, 937]"
5512,"[1704, 435, 1705, 1649, 961]"
5513,"[1762, 1758, 1567, 1705, 1704]"
5514,"[1158, 971, 1344, 925, 1041]"
5515,"[1272, 98, 449, 1298, 938]"
5516,"[1299, 1853, 1255, 1160, 925]"
5517,"[1131, 98, 97, 96, 971]"
5518,"[393, 1001, 203, 332, 1273]"
5519,"[1853, 1299, 1540, 1837, 1833]"
5520,"[1159, 1019, 971, 1022, 1637]"
5521,"[695, 1893, 164, 1025, 937]"
5522,"[1042, 1025, 165, 1131, 420]"
5523,"[1131, 1019, 1022, 98, 971]"
5524,"[1915, 1310, 165, 1837, 1833]"
5525,"[306, 1320, 1704, 1705, 925]"
5526,"[760, 1704, 1536, 1775, 1926]"
5527,"[98, 1638, 1659, 97, 96]"
5528,"[140, 148, 145, 147, 913]"
5529,"[1523, 1192, 98, 97, 1277]"
5530,"[148, 140, 145, 916, 147]"
5531,"[440, 692, 1695, 603, 1299]"
5532,"[359, 1168, 111, 1177, 911]"
5533,"[140, 145, 913, 147, 916]"
5534,"[165, 1676, 1299, 1298, 1025]"
5535,"[1820, 1819, 1818, 1817, 1816]"
5536,"[97, 98, 96, 170, 1704]"
5537,"[98, 1269, 731, 60, 918]"
5538,"[148, 1704, 1075, 911, 403]"
5539,"[98, 435, 692, 97, 96]"
5540,"[327, 1792, 1791, 1790, 1789]"
5541,"[70, 971, 1875, 926, 1344]"
5542,"[98, 1638, 97, 96, 1102]"
5543,"[98, 1193, 1073, 97, 96]"
5544,"[616, 443, 468, 368, 1679]"
5545,"[297, 1269, 1916, 1025, 937]"
5546,"[971, 1047, 306, 1704, 1705]"
5547,"[1843, 1842, 925, 923, 1098]"
5548,"[862, 1664, 886, 1022, 1704]"
5549,"[1310, 1197, 409, 1522, 923]"
5550,"[140, 916, 145, 913, 147]"
5551,"[371, 1148, 145, 140, 147]"
5552,"[1676, 1675, 1299, 902, 1925]"
5553,"[1915, 98, 913, 145, 147]"
5554,"[1547, 1159, 1721, 419, 957]"
5555,"[1076, 125, 973, 955, 209]"
5556,"[1148, 1041, 1861, 1865, 1823]"
5557,"[1285, 911, 605, 136, 1690]"
5558,"[89, 1907, 1526, 1627, 1753]"
5559,"[89, 98, 782, 1738, 207]"
5560,"[980, 1753, 1752, 1705, 1704]"
5561,"[1035, 1907, 89, 1027, 1926]"
5562,"[1025, 937, 159, 165, 1627]"
5563,"[409, 921, 89, 113, 435]"
5564,"[1753, 1567, 1704, 1705, 1118]"
5565,"[966, 1272, 1065, 1046, 1178]"
5566,"[89, 1907, 98, 1526, 1202]"
5567,"[921, 937, 159, 1025, 97]"
5568,"[1627, 878, 1526, 1064, 1905]"
5569,"[1627, 409, 1905, 1527, 919]"
5570,"[1927, 1677, 920, 423, 1244]"
5571,"[1907, 1526, 89, 1897, 1899]"
5572,"[1627, 1907, 318, 927, 1753]"
5573,"[1627, 89, 1025, 937, 159]"
5574,"[211, 1752, 980, 985, 1753]"
5575,"[165, 98, 415, 89, 1659]"
5576,"[1907, 89, 465, 1627, 1033]"
5577,"[89, 1926, 1761, 1760, 1627]"
5578,"[1655, 113, 692, 1627, 1899]"
5579,"[1464, 1441, 1436, 1451, 1456]"
5580,"[1529, 510, 1273, 1269, 1916]"
5581,"[1907, 89, 1526, 98, 1193]"
5582,"[89, 1907, 98, 125, 1526]"
5583,"[1704, 1705, 89, 98, 415]"
5584,"[97, 96, 98, 1909, 1608]"
5585,"[409, 318, 1064, 1536, 1922]"
5586,"[1907, 1025, 937, 159, 927]"
5587,"[89, 415, 1926, 1627, 1705]"
5588,"[166, 1907, 1526, 1050, 1897]"
5589,"[1025, 937, 159, 1627, 1613]"
5590,"[1907, 166, 1526, 1050, 465]"
5591,"[165, 415, 1193, 113, 927]"
5592,"[1907, 1910, 928, 89, 98]"
5593,"[1905, 89, 1627, 166, 465]"
5594,"[60, 1705, 1704, 1064, 1915]"
5595,"[1675, 920, 1704, 1705, 171]"
5596,"[1704, 1705, 1193, 165, 1526]"
5597,"[89, 164, 1910, 921, 1025]"
5598,"[89, 113, 470, 620, 670]"
5599,"[89, 1907, 1627, 1905, 1527]"
5600,"[89, 302, 297, 294, 1926]"
5601,"[89, 113, 921, 937, 1705]"
5602,"[1907, 1297, 926, 1704, 1705]"
5603,"[1746, 1713, 16, 455, 878]"
5604,"[1705, 1704, 1071, 1160, 714]"
5605,"[1178, 989, 1705, 1704, 1064]"
5606,"[175, 1202, 410, 1915, 1646]"
5607,"[89, 1899, 1610, 1904, 1924]"
5608,"[165, 926, 920, 410, 1202]"
5609,"[460, 1310, 758, 98, 60]"
5610,"[409, 1025, 937, 159, 89]"
5611,"[289, 1627, 989, 1800, 928]"
5612,"[289, 1030, 1147, 291, 928]"
5613,"[1746, 1704, 1654, 1070, 1121]"
5614,"[1627, 1204, 1899, 1904, 1299]"
5615,"[688, 1051, 289, 291, 292]"
5616,"[1071, 291, 289, 1910, 1070]"
5617,"[409, 1750, 89, 112, 1924]"
5618,"[1147, 1899, 455, 1627, 1638]"
5619,"[1147, 116, 1775, 1704, 1705]"
5620,"[1705, 1704, 297, 1916, 1889]"
5621,"[114, 1610, 171, 116, 878]"
5622,"[1907, 89, 291, 1705, 1704]"
5623,"[435, 113, 89, 921, 878]"
5624,"[1905, 1627, 1899, 1904, 1025]"
5625,"[338, 335, 906, 1655, 1147]"
5626,"[1704, 1705, 154, 435, 1803]"
5627,"[1147, 1273, 447, 1705, 1704]"
5628,"[1030, 1147, 1705, 1704, 1762]"
5629,"[292, 451, 1915, 1041, 1157]"
5630,"[1181, 348, 1169, 1132, 1154]"
5631,"[1746, 1070, 1704, 1705, 136]"
5632,"[216, 1907, 1705, 1704, 1073]"
5633,"[435, 1627, 1527, 1905, 89]"
5634,"[1704, 1705, 154, 435, 1803]"
5635,"[1775, 1147, 1705, 1704, 1677]"
5636,"[1924, 98, 692, 773, 60]"
5637,"[1704, 1705, 211, 111, 1147]"
5638,"[89, 98, 1704, 1705, 435]"
5639,"[333, 1178, 1030, 1142, 344]"
5640,"[1915, 60, 1610, 605, 451]"
5641,"[688, 1272, 773, 782, 1738]"
5642,"[291, 1704, 1705, 989, 16]"
5643,"[1704, 1705, 1147, 1758, 1762]"
5644,"[1926, 1899, 1904, 615, 1025]"
5645,"[98, 97, 96, 1713, 692]"
5646,"[1907, 1627, 1899, 782, 89]"
5647,"[1025, 937, 159, 89, 165]"
5648,"[1727, 89, 1297, 171, 890]"
5649,"[1526, 1907, 98, 895, 97]"
5650,"[1899, 1627, 1299, 1879, 1273]"
5651,"[1907, 89, 1526, 1025, 937]"
5652,"[1526, 1907, 1926, 1066, 1713]"
5653,"[1659, 165, 460, 1193, 409]"
5654,"[203, 341, 1270, 808, 989]"
5655,"[1907, 89, 190, 782, 424]"
5656,"[1907, 89, 1025, 937, 159]"
5657,"[1905, 1527, 106, 1297, 1526]"
5658,"[1907, 782, 165, 1738, 1910]"
5659,"[1705, 1704, 1758, 89, 1926]"
5660,"[1907, 349, 782, 89, 165]"
5661,"[1178, 440, 207, 972, 971]"
5662,"[1704, 1705, 937, 159, 1025]"
5663,"[166, 175, 1052, 1671, 1922]"
5664,"[89, 98, 782, 165, 1202]"
5665,"[89, 927, 166, 1044, 409]"
5666,"[1526, 929, 172, 1045, 1042]"
5667,"[1078, 1936, 1026, 1705, 1853]"
5668,"[1922, 1897, 1526, 98, 97]"
5669,"[314, 692, 1529, 926, 382]"
5670,"[1077, 1250, 1253, 1630, 223]"
5671,"[1118, 1616, 97, 1745, 1671]"
5672,"[113, 1746, 920, 171, 1907]"
5673,"[98, 171, 165, 620, 470]"
5674,"[1897, 1922, 1907, 116, 1526]"
5675,"[1659, 442, 441, 1841, 1840]"
5676,"[1116, 1907, 89, 106, 1926]"
5677,"[1690, 171, 1038, 920, 165]"
5678,"[1028, 1027, 1026, 935, 934]"
5679,"[162, 1670, 1313, 664, 749]"
5680,"[1742, 1937, 1715, 1096, 1778]"
5681,"[1118, 1065, 1201, 1752, 1675]"
5682,"[1631, 882, 881, 880, 879]"
5683,"[96, 1835, 1872, 1832, 211]"
5684,"[435, 171, 1299, 1746, 1303]"
5685,"[102, 1746, 165, 164, 692]"
5686,"[73, 628, 102, 1746, 98]"
5687,"[1085, 961, 435, 192, 1705]"
5688,"[118, 749, 898, 1853, 1843]"
5689,"[171, 1675, 902, 749, 1670]"
5690,"[1704, 1705, 172, 171, 1320]"
5691,"[171, 403, 73, 911, 1918]"
5692,"[1073, 1119, 866, 1036, 1925]"
5693,"[1085, 192, 435, 961, 946]"
5694,"[919, 165, 60, 1541, 98]"
5695,"[1746, 102, 98, 97, 96]"
5696,"[1803, 1085, 1705, 1704, 5]"
5697,"[1670, 1705, 956, 1299, 1675]"
5698,"[1713, 915, 1025, 937, 159]"
5699,"[1937, 961, 618, 1758, 1762]"
5700,"[1742, 1675, 902, 985, 1118]"
5701,"[628, 923, 1705, 1697, 1758]"
5702,"[435, 961, 1085, 154, 1705]"
5703,"[329, 1677, 409, 666, 1575]"
5704,"[1670, 749, 923, 161, 793]"
5705,"[1085, 192, 435, 961, 946]"
5706,"[1918, 979, 211, 1783, 1795]"
5707,"[1670, 923, 1320, 1936, 628]"
5708,"[1700, 170, 96, 403, 911]"
5709,"[1118, 904, 1076, 618, 985]"
5710,"[170, 677, 1705, 1320, 1704]"
5711,"[1704, 480, 862, 1793, 1594]"
5712,"[961, 108, 1915, 1762, 1758]"
5713,"[96, 1700, 60, 980, 893]"
5714,"[1700, 126, 1030, 1029, 1028]"
5715,"[848, 89, 1803, 1758, 851]"
5716,"[643, 73, 640, 1649, 946]"
5717,"[961, 1762, 1758, 1085, 435]"
5718,"[961, 1758, 435, 1085, 1705]"
5719,"[1742, 60, 928, 27, 979]"
5720,"[1887, 882, 1201, 480, 1249]"
5721,"[1742, 1937, 1118, 136, 1705]"
5722,"[98, 97, 96, 1202, 410]"
5723,"[1586, 1070, 1699, 1160, 1740]"
5724,"[696, 695, 98, 97, 96]"
5725,"[97, 98, 96, 1841, 1843]"
5726,"[1202, 410, 124, 165, 1677]"
5727,"[290, 1538, 98, 97, 96]"
5728,"[1924, 1041, 1907, 1740, 762]"
5729,"[925, 1041, 1035, 1202, 410]"
5730,"[1746, 102, 1193, 409, 1907]"
5731,"[1025, 937, 159, 1040, 175]"
5732,"[1041, 164, 1202, 410, 165]"
5733,"[1672, 1030, 156, 1040, 1032]"
5734,"[1041, 165, 1202, 937, 1025]"
5735,"[924, 1025, 937, 159, 165]"
5736,"[925, 1025, 937, 159, 410]"
5737,"[1183, 1166, 360, 265, 1136]"
5738,"[98, 97, 96, 165, 425]"
5739,"[98, 97, 96, 1202, 410]"
5740,"[919, 1035, 937, 159, 925]"
5741,"[98, 97, 96, 1025, 937]"
5742,"[297, 1689, 1086, 460, 1277]"
5743,"[169, 1033, 1030, 1032, 156]"
5744,"[1586, 1041, 1699, 1025, 937]"
5745,"[1040, 1130, 893, 897, 1776]"
5746,"[1041, 1202, 410, 171, 1704]"
5747,"[152, 620, 470, 165, 1196]"
5748,"[165, 925, 1029, 1041, 670]"
5749,"[1025, 937, 159, 1034, 165]"
5750,"[98, 97, 96, 164, 165]"
5751,"[1025, 937, 159, 1885, 1041]"
5752,"[670, 692, 220, 403, 1166]"
5753,"[98, 97, 96, 1885, 1202]"
5754,"[1671, 1745, 1746, 102, 409]"
5755,"[125, 920, 165, 171, 1746]"
5756,"[1202, 410, 165, 1746, 409]"
5757,"[670, 675, 98, 97, 96]"
5758,"[289, 866, 1025, 937, 159]"
5759,"[938, 934, 1898, 923, 1705]"
5760,"[174, 175, 164, 919, 176]"
5761,"[692, 98, 1618, 1690, 1202]"
5762,"[1077, 1690, 1073, 1269, 1757]"
5763,"[358, 1102, 902, 1303, 302]"
5764,"[1705, 1704, 1799, 1798, 1782]"
5765,"[1030, 1885, 1917, 190, 902]"
5766,"[1810, 1706, 749, 1516, 670]"
5767,"[1202, 410, 89, 1885, 925]"
5768,"[1705, 1704, 1026, 1777, 1765]"
5769,"[920, 1666, 1193, 1250, 1920]"
5770,"[1043, 89, 1149, 1017, 1202]"
5771,"[361, 1079, 1029, 1202, 410]"
5772,"[89, 1073, 1690, 98, 292]"
5773,"[1632, 437, 1077, 1106, 1690]"
5774,"[1026, 1054, 737, 719, 1046]"
5775,"[956, 120, 1666, 1603, 1841]"
5776,"[1609, 164, 1025, 937, 159]"
5777,"[395, 1659, 358, 1202, 410]"
5778,"[1030, 1915, 1042, 1025, 937]"
5779,"[1865, 1280, 437, 1705, 1704]"
5780,"[1649, 1041, 1030, 1035, 1077]"
5781,"[1649, 1666, 1638, 1299, 1920]"
5782,"[1025, 1921, 926, 410, 1202]"
5783,"[1676, 1299, 902, 773, 1202]"
5784,"[1915, 408, 1049, 1041, 1675]"
5785,"[1705, 1704, 670, 1149, 1344]"
5786,"[343, 788, 159, 1025, 937]"
5787,"[1052, 1299, 1193, 435, 1202]"
5788,"[306, 1047, 1077, 1178, 1042]"
5789,"[1865, 1705, 1704, 1749, 677]"
5790,"[1030, 1193, 1043, 1885, 1746]"
5791,"[1030, 670, 1037, 1026, 403]"
5792,"[197, 1075, 1038, 221, 928]"
5793,"[1677, 451, 1676, 1921, 605]"
5794,"[1202, 410, 197, 670, 1695]"
5795,"[361, 670, 1073, 1041, 376]"
5796,"[89, 920, 410, 1202, 1677]"
5797,"[125, 60, 98, 670, 1025]"
5798,"[1915, 319, 1066, 141, 1037]"
5799,"[1030, 670, 1915, 1705, 1704]"
5800,"[170, 642, 1739, 628, 656]"
5801,"[1268, 591, 149, 911, 918]"
5802,"[1054, 165, 1659, 1911, 197]"
5803,"[1704, 1705, 1038, 85, 51]"
5804,"[125, 781, 165, 1697, 603]"
5805,"[98, 97, 1662, 171, 978]"
5806,"[605, 670, 1344, 1916, 1921]"
5807,"[1933, 1046, 361, 920, 618]"
5808,"[98, 97, 171, 1662, 978]"
5809,"[1202, 410, 435, 1297, 1746]"
5810,"[1030, 1041, 1257, 139, 1659]"
5811,"[1680, 1915, 1592, 1202, 410]"
5812,"[1727, 1133, 1043, 89, 165]"
5813,"[1014, 258, 1704, 1705, 615]"
5814,"[1299, 1244, 423, 1193, 1899]"
5815,"[137, 273, 408, 1696, 1202]"
5816,"[731, 1677, 1202, 410, 165]"
5817,"[918, 212, 213, 1054, 1907]"
5818,"[1008, 920, 197, 212, 1193]"
5819,"[1915, 1066, 410, 1202, 368]"
5820,"[1137, 89, 165, 164, 1536]"
5821,"[958, 1297, 670, 171, 1037]"
5822,"[273, 276, 272, 1016, 605]"
5823,"[926, 1344, 1014, 329, 1659]"
5824,"[670, 971, 1130, 98, 97]"
5825,"[1202, 410, 1041, 1060, 152]"
5826,"[1592, 1046, 1666, 604, 165]"
5827,"[1026, 670, 1202, 410, 1297]"
5828,"[1705, 116, 113, 1704, 989]"
5829,"[1705, 211, 1918, 979, 159]"
5830,"[1133, 1066, 424, 1536, 89]"
5831,"[1026, 1038, 1705, 1704, 197]"
5832,"[197, 1038, 1244, 423, 1299]"
5833,"[1202, 410, 1169, 98, 670]"
5834,"[212, 89, 1704, 1705, 1043]"
5835,"[1133, 1135, 1018, 1137, 1073]"
5836,"[1077, 1795, 265, 1104, 1021]"
5837,"[165, 920, 1659, 1875, 1907]"
5838,"[164, 1025, 937, 159, 165]"
5839,"[921, 164, 165, 937, 1025]"
5840,"[1825, 1704, 1257, 902, 925]"
5841,"[1526, 1025, 937, 159, 165]"
5842,"[1844, 1843, 1842, 1851, 1850]"
5843,"[926, 1032, 1906, 419, 1528]"
5844,"[165, 1025, 937, 159, 1638]"
5845,"[164, 1920, 403, 937, 1025]"
5846,"[1936, 1277, 1638, 1916, 1025]"
5847,"[1906, 1528, 79, 1249, 1557]"
5848,"[1704, 1705, 1025, 937, 159]"
5849,"[1909, 1638, 1193, 1160, 1920]"
5850,"[1344, 1832, 1873, 1836, 341]"
5851,"[1025, 937, 159, 1249, 425]"
5852,"[89, 1915, 1916, 1588, 1899]"
5853,"[1025, 937, 159, 1916, 1904]"
5854,"[1825, 1675, 165, 125, 79]"
5855,"[1915, 1202, 89, 410, 1676]"
5856,"[165, 1915, 1552, 89, 1885]"
5857,"[1014, 141, 1008, 1086, 902]"
5858,"[171, 89, 1081, 603, 1733]"
5859,"[1638, 171, 408, 1676, 1193]"
5860,"[89, 985, 165, 1202, 410]"
5861,"[89, 1915, 1863, 128, 925]"
5862,"[1202, 89, 410, 1750, 440]"
5863,"[1638, 1676, 1936, 920, 1255]"
5864,"[140, 916, 1160, 89, 145]"
5865,"[937, 159, 1025, 165, 164]"
5866,"[1086, 1148, 1169, 1178, 1928]"
5867,"[1202, 410, 437, 1907, 926]"
5868,"[89, 1202, 410, 403, 1705]"
5869,"[1029, 211, 980, 1148, 1936]"
5870,"[1202, 1066, 1030, 1916, 1907]"
5871,"[1528, 1906, 257, 1299, 125]"
5872,"[164, 921, 1066, 165, 1025]"
5873,"[1733, 688, 774, 765, 758]"
5874,"[164, 1029, 1837, 1833, 1828]"
5875,"[164, 1759, 1836, 1873, 1249]"
5876,"[79, 848, 1916, 1202, 410]"
5877,"[1906, 1528, 410, 1202, 79]"
5878,"[937, 159, 1025, 165, 1202]"
5879,"[409, 1025, 937, 159, 1904]"
5880,"[151, 165, 956, 1202, 410]"
5881,"[1650, 727, 734, 726, 164]"
5882,"[1118, 1539, 1627, 1527, 1905]"
5883,"[151, 190, 728, 1049, 165]"
5884,"[1536, 925, 848, 385, 1045]"
5885,"[1042, 1724, 1025, 937, 159]"
5886,"[165, 164, 170, 408, 1299]"
5887,"[1068, 1063, 1033, 1050, 1792]"
5888,"[730, 98, 152, 271, 1205]"
5889,"[164, 1193, 985, 408, 165]"
5890,"[409, 89, 920, 1746, 98]"
5891,"[1021, 1727, 1077, 269, 1761]"
5892,"[1695, 466, 1752, 1793, 694]"
5893,"[1062, 284, 759, 1011, 1052]"
5894,"[1046, 150, 989, 943, 190]"
5895,"[451, 1192, 905, 1792, 1793]"
5896,"[1750, 1025, 937, 159, 922]"
5897,"[728, 1648, 731, 1651, 1650]"
5898,"[89, 1627, 1033, 113, 1899]"
5899,"[164, 113, 165, 89, 171]"
5900,"[924, 1752, 927, 1761, 1760]"
5901,"[1027, 1033, 1044, 1050, 985]"
5902,"[1033, 409, 929, 318, 1118]"
5903,"[1120, 653, 1796, 651, 1082]"
5904,"[175, 165, 925, 166, 125]"
5905,"[1727, 1202, 410, 1035, 1299]"
5906,"[728, 199, 190, 1018, 738]"
5907,"[1038, 924, 1823, 1851, 1850]"
5908,"[1029, 89, 926, 620, 470]"
5909,"[408, 1917, 1185, 1675, 190]"
5910,"[1704, 409, 1705, 1914, 985]"
5911,"[492, 1044, 1924, 985, 1436]"
5912,"[1727, 213, 1566, 1299, 1272]"
5913,"[1579, 190, 108, 730, 1058]"
5914,"[165, 1750, 1907, 1727, 89]"
5915,"[165, 164, 1025, 937, 921]"
5916,"[1025, 937, 921, 159, 164]"
5917,"[728, 1705, 1704, 403, 401]"
5918,"[164, 1705, 165, 98, 1907]"
5919,"[937, 159, 165, 1202, 410]"
5920,"[924, 318, 929, 1025, 937]"
5921,"[1202, 410, 920, 1196, 165]"
5922,"[195, 1018, 675, 223, 915]"
5923,"[1016, 1705, 1704, 274, 350]"
5924,"[371, 1202, 410, 692, 1704]"
5925,"[1902, 116, 1042, 344, 165]"
5926,"[1752, 1042, 1762, 1617, 1758]"
5927,"[1915, 171, 408, 98, 1675]"
5928,"[1768, 1921, 1030, 346, 1071]"
5929,"[34, 1705, 1704, 1218, 1058]"
5930,"[1915, 692, 60, 408, 165]"
5931,"[286, 1042, 1916, 1147, 1030]"
5932,"[1552, 1915, 1334, 1042, 1704]"
5933,"[1044, 1043, 1039, 1038, 1036]"
5934,"[1073, 424, 958, 1146, 1926]"
5935,"[1916, 670, 163, 919, 938]"
5936,"[1704, 1926, 370, 1753, 917]"
5937,"[408, 1552, 1915, 128, 1742]"
5938,"[317, 1041, 165, 1026, 670]"
5939,"[1916, 165, 1147, 1030, 164]"
5940,"[34, 906, 60, 1916, 1704]"
5941,"[670, 1030, 1037, 1043, 1916]"
5942,"[1137, 60, 1932, 670, 1915]"
5943,"[1049, 408, 1030, 1915, 1552]"
5944,"[1915, 408, 60, 1675, 89]"
5945,"[165, 89, 98, 124, 1042]"
5946,"[34, 1193, 789, 1042, 165]"
5947,"[1915, 1064, 1752, 344, 424]"
5948,"[862, 1488, 1705, 1704, 1042]"
5949,"[937, 159, 1025, 1102, 938]"
5950,"[603, 1202, 410, 1659, 125]"
5951,"[1042, 211, 1030, 980, 34]"
5952,"[1272, 125, 926, 958, 1916]"
5953,"[408, 1018, 1916, 1054, 1675]"
5954,"[1902, 1042, 408, 112, 1017]"
5955,"[1592, 165, 1936, 1915, 89]"
5956,"[1915, 1193, 165, 1536, 1902]"
5957,"[97, 96, 1677, 1135, 1133]"
5958,"[89, 1041, 1916, 1027, 1030]"
5959,"[1042, 112, 1902, 890, 1552]"
5960,"[931, 929, 928, 925, 1592]"
5961,"[1049, 164, 377, 1603, 1030]"
5962,"[728, 320, 375, 1924, 1705]"
5963,"[1885, 1043, 1026, 1659, 902]"
5964,"[1037, 1133, 975, 1030, 374]"
5965,"[670, 1030, 389, 97, 96]"
5966,"[125, 1915, 926, 1907, 1704]"
5967,"[1561, 408, 1030, 1915, 1202]"
5968,"[1014, 283, 900, 98, 1607]"
5969,"[698, 175, 1875, 89, 591]"
5970,"[165, 1202, 410, 164, 781]"
5971,"[972, 1149, 1592, 1048, 197]"
5972,"[98, 97, 96, 1157, 1193]"
5973,"[788, 1451, 1014, 480, 1723]"
5974,"[1704, 1705, 1014, 1043, 980]"
5975,"[1705, 1704, 1014, 1577, 737]"
5976,"[1042, 1272, 1014, 98, 97]"
5977,"[692, 89, 1750, 333, 1557]"
5978,"[1705, 1014, 1704, 66, 1841]"
5979,"[1014, 1043, 1592, 410, 1202]"
5980,"[1014, 692, 1042, 928, 1272]"
5981,"[1705, 1704, 440, 929, 172]"
5982,"[1014, 97, 96, 449, 1659]"
5983,"[1704, 1705, 1014, 990, 1753]"
5984,"[657, 1014, 1557, 258, 1722]"
5985,"[1705, 1014, 1704, 1723, 821]"
5986,"[1014, 1051, 1046, 1705, 1704]"
5987,"[218, 1632, 258, 992, 1011]"
5988,"[1567, 165, 692, 1014, 401]"
5989,"[1795, 1014, 875, 985, 984]"
5990,"[304, 454, 1272, 441, 1565]"
5991,"[926, 1118, 329, 670, 1659]"
5992,"[1014, 1042, 1724, 1638, 98]"
5993,"[98, 125, 692, 1202, 410]"
5994,"[1705, 334, 1795, 97, 1704]"
5995,"[1721, 692, 1014, 1722, 1043]"
5996,"[1705, 1704, 1014, 911, 1723]"
5997,"[1193, 980, 1014, 1835, 1841]"
5998,"[1723, 1014, 480, 1675, 902]"
5999,"[783, 1647, 1166, 385, 1171]"
6000,"[1705, 1299, 1704, 1014, 435]"
6001,"[1924, 165, 125, 1915, 98]"
6002,"[1723, 480, 1705, 1704, 1014]"
6003,"[1638, 435, 1070, 1627, 1157]"
6004,"[886, 1014, 164, 480, 1052]"
6005,"[1590, 1705, 98, 543, 302]"
6006,"[1038, 1061, 1915, 994, 591]"
6007,"[1318, 259, 1916, 1662, 848]"
6008,"[98, 79, 97, 96, 257]"
6009,"[1014, 1042, 900, 271, 1205]"
6010,"[1042, 1724, 1014, 1025, 937]"
6011,"[350, 1677, 1014, 1831, 1723]"
6012,"[403, 1299, 1704, 1705, 211]"
6013,"[261, 1009, 1013, 253, 1632]"
6014,"[141, 165, 886, 1042, 211]"
6015,"[408, 101, 1272, 878, 165]"
6016,"[1055, 165, 980, 984, 211]"
6017,"[1055, 862, 731, 999, 886]"
6018,"[862, 1055, 210, 999, 1042]"
6019,"[1249, 79, 153, 1849, 1844]"
6020,"[165, 984, 980, 211, 985]"
6021,"[922, 164, 165, 1025, 937]"
6022,"[1915, 1907, 618, 1704, 1705]"
6023,"[1053, 922, 1705, 1704, 995]"
6024,"[922, 211, 980, 985, 1836]"
6025,"[270, 912, 275, 1737, 137]"
6026,"[222, 261, 997, 403, 911]"
6027,"[971, 984, 980, 211, 983]"
6028,"[282, 1055, 66, 812, 604]"
6029,"[164, 1025, 937, 921, 159]"
6030,"[255, 1037, 1874, 207, 976]"
6031,"[964, 952, 915, 1911, 1677]"
6032,"[1050, 286, 922, 211, 1053]"
6033,"[1153, 720, 350, 952, 278]"
6034,"[985, 126, 1073, 1299, 403]"
6035,"[408, 1055, 1052, 980, 1079]"
6036,"[988, 1076, 1705, 1704, 1049]"
6037,"[1055, 980, 1193, 1025, 937]"
6038,"[1007, 998, 260, 259, 261]"
6039,"[1659, 165, 1202, 410, 1299]"
6040,"[959, 952, 1205, 271, 1724]"
6041,"[408, 985, 984, 983, 981]"
6042,"[98, 97, 96, 164, 403]"
6043,"[1104, 1135, 1077, 1704, 66]"
6044,"[1750, 25, 1239, 1617, 416]"
6045,"[408, 956, 937, 159, 1025]"
6046,"[261, 1007, 998, 260, 259]"
6047,"[922, 164, 920, 165, 1632]"
6048,"[922, 211, 1193, 995, 985]"
6049,"[259, 207, 1043, 1038, 727]"
6050,"[211, 1205, 271, 1055, 259]"
6051,"[259, 224, 408, 1632, 265]"
6052,"[162, 408, 1810, 164, 920]"
6053,"[403, 408, 1301, 1185, 1300]"
6054,"[165, 164, 1193, 985, 980]"
6055,"[408, 1047, 1917, 1185, 1087]"
6056,"[902, 985, 984, 983, 982]"
6057,"[604, 1666, 1911, 1742, 985]"
6058,"[408, 1185, 1077, 1675, 1344]"
6059,"[496, 403, 1705, 1704, 1014]"
6060,"[1752, 1766, 171, 920, 1603]"
6061,"[1705, 1704, 1026, 1918, 979]"
6062,"[1875, 1753, 1705, 1704, 358]"
6063,"[1792, 1791, 1790, 1789, 1865]"
6064,"[1915, 1528, 1906, 1706, 1704]"
6065,"[926, 1202, 410, 1659, 670]"
6066,"[1705, 1704, 1026, 211, 980]"
6067,"[1675, 1303, 1250, 1041, 1025]"
6068,"[920, 408, 1915, 1025, 937]"
6069,"[920, 408, 1915, 60, 1299]"
6070,"[297, 211, 1193, 1025, 937]"
6071,"[737, 719, 1049, 408, 286]"
6072,"[1637, 1077, 1651, 1053, 1037]"
6073,"[926, 1025, 937, 159, 98]"
6074,"[1073, 1690, 938, 919, 1053]"
6075,"[1915, 1865, 1281, 1035, 1936]"
6076,"[1202, 410, 1030, 89, 1910]"
6077,"[496, 1909, 1705, 1297, 165]"
6078,"[1026, 1202, 410, 1193, 165]"
6079,"[1705, 1704, 1026, 1918, 979]"
6080,"[164, 98, 97, 96, 1907]"
6081,"[1202, 410, 1042, 1746, 102]"
6082,"[265, 1637, 1077, 223, 1086]"
6083,"[1915, 1560, 128, 1516, 1298]"
6084,"[1810, 1706, 1659, 108, 670]"
6085,"[145, 1873, 916, 1836, 140]"
6086,"[1128, 435, 1026, 1202, 410]"
6087,"[1202, 410, 1042, 1746, 102]"
6088,"[1924, 1713, 1746, 1758, 1702]"
6089,"[1304, 172, 929, 1028, 1027]"
6090,"[1704, 1705, 1761, 1760, 1899]"
6091,"[1541, 1607, 98, 97, 96]"
6092,"[1926, 615, 1899, 1638, 1739]"
6093,"[1775, 1762, 1758, 275, 912]"
6094,"[124, 164, 98, 454, 455]"
6095,"[1926, 1899, 615, 1760, 1761]"
6096,"[1040, 310, 320, 1136, 1133]"
6097,"[692, 1924, 102, 124, 289]"
6098,"[1926, 1899, 1638, 1704, 1761]"
6099,"[1675, 902, 1916, 1705, 1704]"
6100,"[1926, 1704, 783, 862, 1705]"
6101,"[1704, 1705, 1675, 1344, 1030]"
6102,"[439, 116, 449, 1147, 454]"
6103,"[1112, 1070, 1899, 1273, 447]"
6104,"[1750, 112, 890, 1275, 60]"
6105,"[98, 165, 1740, 1304, 97]"
6106,"[1030, 1705, 1704, 615, 1926]"
6107,"[112, 692, 890, 878, 171]"
6108,"[1704, 1639, 1705, 692, 1760]"
6109,"[1824, 696, 410, 1202, 915]"
6110,"[1275, 449, 451, 440, 1521]"
6111,"[1304, 290, 442, 1910, 1019]"
6112,"[618, 36, 9, 616, 1134]"
6113,"[1704, 409, 1627, 1899, 1761]"
6114,"[1610, 60, 1275, 451, 449]"
6115,"[1521, 1899, 692, 1528, 455]"
6116,"[116, 171, 1147, 1145, 1536]"
6117,"[1705, 1704, 673, 1655, 815]"
6118,"[1704, 438, 783, 1275, 692]"
6119,"[1273, 447, 1637, 1186, 440]"
6120,"[1772, 1210, 1924, 1611, 1752]"
6121,"[98, 1659, 97, 96, 435]"
6122,"[1618, 60, 89, 165, 1025]"
6123,"[455, 888, 884, 454, 1746]"
6124,"[346, 616, 1762, 108, 1704]"
6125,"[1704, 1705, 1760, 1761, 1899]"
6126,"[435, 1695, 1760, 113, 1638]"
6127,"[320, 124, 1904, 1133, 317]"
6128,"[258, 435, 1538, 97, 96]"
6129,"[1695, 1773, 1273, 447, 1147]"
6130,"[165, 1750, 1924, 1677, 1676]"
6131,"[1030, 1705, 1704, 1924, 60]"
6132,"[281, 1073, 1904, 441, 1527]"
6133,"[1025, 937, 159, 165, 164]"
6134,"[1697, 758, 762, 1740, 656]"
6135,"[878, 1926, 1071, 1835, 347]"
6136,"[1907, 281, 1146, 1018, 1795]"
6137,"[1758, 379, 921, 1025, 937]"
6138,"[1713, 628, 1670, 749, 290]"
6139,"[290, 1547, 922, 1528, 1915]"
6140,"[1022, 1166, 367, 403, 395]"
6141,"[98, 97, 96, 1025, 937]"
6142,"[281, 1546, 408, 665, 1654]"
6143,"[1028, 18, 1246, 286, 966]"
6144,"[1627, 1196, 1899, 1904, 692]"
6145,"[98, 97, 96, 628, 1795]"
6146,"[341, 676, 1560, 314, 696]"
6147,"[1704, 1705, 46, 1627, 1073]"
6148,"[86, 1866, 136, 1936, 281]"
6149,"[1704, 1147, 1594, 1584, 111]"
6150,"[1016, 274, 290, 281, 276]"
6151,"[86, 290, 433, 1737, 1098]"
6152,"[441, 1240, 418, 828, 1762]"
6153,"[171, 911, 136, 73, 403]"
6154,"[1552, 112, 925, 1750, 1272]"
6155,"[1521, 1610, 281, 1740, 1924]"
6156,"[1299, 98, 97, 96, 1901]"
6157,"[281, 665, 1704, 1705, 749]"
6158,"[332, 274, 1143, 616, 279]"
6159,"[1902, 1915, 101, 408, 128]"
6160,"[1550, 1610, 98, 97, 96]"
6161,"[665, 749, 1616, 1705, 1550]"
6162,"[1705, 1064, 1073, 310, 1147]"
6163,"[1654, 281, 170, 1098, 450]"
6164,"[175, 510, 1750, 1837, 1833]"
6165,"[98, 97, 96, 1746, 102]"
6166,"[1146, 281, 347, 1705, 1704]"
6167,"[441, 1904, 102, 1746, 124]"
6168,"[1536, 113, 1192, 890, 112]"
6169,"[1546, 1540, 931, 928, 925]"
6170,"[1547, 97, 98, 96, 1550]"
6171,"[1865, 1823, 140, 1616, 916]"
6172,"[1750, 101, 922, 165, 124]"
6173,"[629, 1746, 102, 96, 98]"
6174,"[98, 97, 96, 126, 1616]"
6175,"[1704, 1705, 451, 1560, 1202]"
6176,"[314, 313, 1747, 865, 863]"
6177,"[865, 1747, 863, 1733, 128]"
6178,"[313, 1747, 865, 863, 1923]"
6179,"[314, 313, 1627, 1115, 1899]"
6180,"[863, 865, 1747, 125, 1740]"
6181,"[1566, 773, 1081, 1299, 1676]"
6182,"[1116, 314, 1923, 1693, 121]"
6183,"[1924, 1747, 863, 865, 1606]"
6184,"[314, 313, 1747, 865, 863]"
6185,"[1747, 865, 863, 314, 451]"
6186,"[618, 1182, 73, 959, 332]"
6187,"[314, 1875, 83, 92, 1202]"
6188,"[1923, 863, 865, 1747, 1649]"
6189,"[314, 1747, 863, 865, 73]"
6190,"[314, 118, 1693, 865, 1923]"
6191,"[1747, 865, 863, 1639, 692]"
6192,"[1027, 994, 1916, 1147, 1921]"
6193,"[335, 1298, 1040, 1915, 1761]"
6194,"[1747, 863, 865, 1746, 409]"
6195,"[364, 480, 1799, 1798, 1782]"
6196,"[920, 878, 113, 116, 865]"
6197,"[73, 863, 1747, 865, 1649]"
6198,"[314, 1923, 1116, 1693, 1117]"
6199,"[1275, 863, 1747, 865, 1627]"
6200,"[1747, 865, 863, 1611, 451]"
6201,"[1747, 865, 863, 314, 313]"
6202,"[126, 878, 1750, 1677, 165]"
6203,"[313, 1925, 1676, 1299, 1298]"
6204,"[1817, 1915, 1934, 265, 1875]"
6205,"[1713, 409, 1544, 1746, 102]"
6206,"[313, 1747, 865, 863, 314]"
6207,"[164, 98, 865, 863, 1747]"
6208,"[1747, 865, 863, 451, 440]"
6209,"[989, 1704, 655, 1795, 958]"
6210,"[1147, 1916, 1921, 1273, 447]"
6211,"[89, 1275, 97, 96, 920]"
6212,"[1073, 926, 928, 1626, 341]"
6213,"[1747, 865, 863, 314, 1627]"
6214,"[314, 111, 1717, 911, 1918]"
6215,"[1747, 865, 863, 59, 673]"
6216,"[863, 865, 1747, 314, 60]"
6217,"[73, 819, 1598, 865, 863]"
6218,"[1747, 865, 863, 1676, 1299]"
6219,"[878, 314, 466, 60, 1570]"
6220,"[455, 454, 98, 97, 96]"
6221,"[1727, 455, 878, 1192, 114]"
6222,"[1567, 455, 454, 878, 114]"
6223,"[455, 454, 16, 1523, 46]"
6224,"[454, 455, 16, 114, 466]"
6225,"[16, 1611, 1702, 1769, 1604]"
6226,"[455, 454, 1567, 1177, 16]"
6227,"[1705, 16, 114, 454, 1113]"
6228,"[407, 406, 1299, 1824, 1147]"
6229,"[1705, 1887, 1567, 1704, 106]"
6230,"[1636, 455, 16, 114, 454]"
6231,"[455, 454, 878, 114, 89]"
6232,"[884, 98, 97, 96, 102]"
6233,"[441, 692, 455, 1636, 454]"
6234,"[114, 455, 1192, 1627, 1899]"
6235,"[1526, 455, 454, 1567, 1705]"
6236,"[1567, 454, 16, 455, 692]"
6237,"[292, 692, 455, 454, 102]"
6238,"[114, 1705, 1064, 890, 112]"
6239,"[1627, 467, 1899, 1904, 1025]"
6240,"[16, 1277, 455, 454, 1125]"
6241,"[114, 455, 1064, 454, 1192]"
6242,"[1636, 455, 1705, 1704, 16]"
6243,"[16, 1567, 1113, 114, 467]"
6244,"[102, 1636, 438, 165, 98]"
6245,"[1192, 114, 1064, 1070, 461]"
6246,"[455, 454, 1636, 1277, 375]"
6247,"[1705, 1704, 903, 1145, 1758]"
6248,"[926, 114, 16, 878, 455]"
6249,"[114, 116, 1907, 89, 455]"
6250,"[1636, 455, 454, 1705, 1704]"
6251,"[455, 454, 1636, 438, 440]"
6252,"[1769, 1705, 1710, 106, 1192]"
6253,"[16, 114, 98, 97, 96]"
6254,"[16, 1762, 1760, 1064, 45]"
6255,"[1705, 16, 1704, 1113, 467]"
6256,"[1866, 1829, 409, 1884, 1904]"
6257,"[114, 1567, 16, 455, 535]"
6258,"[375, 455, 454, 16, 1705]"
6259,"[1704, 1705, 16, 467, 1567]"
6260,"[1617, 114, 878, 455, 16]"
6261,"[114, 455, 1610, 878, 60]"
6262,"[114, 116, 455, 1277, 454]"
6263,"[1064, 455, 454, 1705, 1910]"
6264,"[1705, 1704, 1062, 1916, 451]"
6265,"[1896, 1607, 97, 96, 1704]"
6266,"[699, 372, 1257, 292, 1062]"
6267,"[1021, 379, 1766, 347, 1750]"
6268,"[164, 1025, 937, 159, 165]"
6269,"[1907, 1035, 1904, 102, 124]"
6270,"[1758, 1567, 1769, 1753, 1705]"
6271,"[1259, 1253, 1620, 1659, 338]"
6272,"[1567, 1704, 1769, 1705, 1753]"
6273,"[361, 1273, 1704, 60, 926]"
6274,"[321, 1025, 937, 159, 1636]"
6275,"[1567, 1907, 1746, 89, 451]"
6276,"[1761, 1567, 1025, 937, 159]"
6277,"[1750, 1202, 410, 165, 920]"
6278,"[368, 890, 112, 1705, 1704]"
6279,"[361, 1768, 1775, 1570, 1704]"
6280,"[1607, 1608, 98, 1272, 1638]"
6281,"[1157, 992, 1627, 1070, 102]"
6282,"[368, 1705, 1704, 937, 159]"
6283,"[1627, 1527, 1905, 1907, 928]"
6284,"[98, 97, 96, 102, 1567]"
6285,"[1015, 1768, 1775, 1705, 1704]"
6286,"[1705, 1704, 310, 1162, 1137]"
6287,"[1770, 1760, 1758, 1762, 1705]"
6288,"[1705, 1704, 1761, 372, 1098]"
6289,"[1042, 1557, 1705, 1704, 368]"
6290,"[97, 96, 102, 409, 1025]"
6291,"[1557, 1567, 1704, 1769, 403]"
6292,"[627, 741, 1719, 765, 1835]"
6293,"[1916, 1795, 902, 1202, 410]"
6294,"[463, 392, 1157, 1549, 1040]"
6295,"[1567, 1192, 106, 878, 1769]"
6296,"[97, 96, 1705, 1676, 1299]"
6297,"[108, 1705, 1704, 1068, 1063]"
6298,"[1704, 1705, 1618, 1557, 102]"
6299,"[164, 1704, 1705, 1875, 1249]"
6300,"[1567, 1557, 1705, 1704, 1185]"
6301,"[1724, 368, 372, 455, 692]"
6302,"[1724, 1272, 108, 455, 1025]"
6303,"[1704, 1705, 1872, 1835, 1795]"
6304,"[1705, 1704, 1567, 1157, 1025]"
6305,"[1025, 937, 159, 1618, 1896]"
6306,"[1896, 1157, 1704, 1705, 1567]"
6307,"[1705, 1704, 1721, 901, 1249]"
6308,"[1704, 1705, 435, 675, 114]"
6309,"[1022, 1146, 1699, 605, 1120]"
6310,"[188, 435, 1011, 193, 946]"
6311,"[89, 1297, 60, 603, 926]"
6312,"[435, 1695, 1275, 603, 98]"
6313,"[435, 1858, 1705, 1704, 98]"
6314,"[1915, 854, 1697, 120, 920]"
6315,"[1875, 480, 223, 1704, 831]"
6316,"[1704, 1762, 1758, 1705, 285]"
6317,"[1627, 1899, 89, 1188, 692]"
6318,"[1638, 435, 1627, 1899, 455]"
6319,"[1788, 1787, 1786, 304, 443]"
6320,"[1059, 1758, 374, 298, 349]"
6321,"[1062, 1188, 1726, 692, 1059]"
6322,"[28, 206, 209, 208, 955]"
6323,"[1627, 1899, 89, 1904, 1299]"
6324,"[27, 269, 812, 285, 1039]"
6325,"[1157, 1112, 310, 1705, 1113]"
6326,"[1023, 1705, 310, 1649, 1161]"
6327,"[961, 1493, 1479, 1464, 751]"
6328,"[1627, 1299, 1899, 358, 435]"
6329,"[1050, 286, 1793, 1792, 1704]"
6330,"[972, 976, 974, 978, 968]"
6331,"[1102, 1627, 306, 1899, 1299]"
6332,"[89, 1761, 390, 1758, 1704]"
6333,"[1023, 1769, 310, 383, 298]"
6334,"[1795, 972, 976, 974, 978]"
6335,"[1863, 1786, 1790, 1789, 1788]"
6336,"[25, 28, 24, 614, 878]"
6337,"[28, 17, 7, 435, 27]"
6338,"[1697, 346, 1762, 1717, 668]"
6339,"[443, 970, 968, 955, 972]"
6340,"[1704, 1705, 285, 978, 968]"
6341,"[408, 1750, 402, 433, 1196]"
6342,"[1900, 250, 443, 1102, 297]"
6343,"[455, 1884, 16, 694, 454]"
6344,"[435, 98, 992, 1659, 1915]"
6345,"[1762, 1758, 285, 1705, 1760]"
6346,"[1022, 605, 723, 1059, 603]"
6347,"[1297, 694, 675, 1249, 1875]"
6348,"[269, 1934, 25, 221, 7]"
6349,"[1102, 1627, 28, 1274, 1899]"
6350,"[1165, 1081, 1699, 1733, 361]"
6351,"[7, 618, 101, 25, 878]"
6352,"[81, 1116, 1758, 1097, 1518]"
6353,"[1185, 676, 890, 112, 1746]"
6354,"[112, 890, 878, 409, 1907]"
6355,"[1534, 1536, 890, 112, 1543]"
6356,"[265, 675, 1772, 1704, 1067]"
6357,"[1875, 438, 856, 1619, 1760]"
6358,"[321, 46, 1926, 1899, 1758]"
6359,"[1536, 1137, 890, 112, 1030]"
6360,"[1753, 1704, 1705, 1879, 1723]"
6361,"[615, 1926, 1066, 1899, 1627]"
6362,"[1255, 438, 1025, 937, 159]"
6363,"[409, 102, 98, 97, 96]"
6364,"[1344, 1297, 926, 403, 125]"
6365,"[919, 1526, 113, 1897, 1922]"
6366,"[890, 409, 1277, 677, 1907]"
6367,"[1185, 692, 890, 112, 435]"
6368,"[102, 1025, 937, 159, 425]"
6369,"[1915, 1030, 1066, 1907, 1926]"
6370,"[1675, 1750, 408, 101, 1915]"
6371,"[409, 112, 1536, 1064, 171]"
6372,"[116, 1192, 101, 112, 440]"
6373,"[920, 164, 171, 98, 1907]"
6374,"[1674, 1160, 1900, 455, 454]"
6375,"[451, 1298, 370, 1037, 1762]"
6376,"[1185, 424, 408, 1300, 1746]"
6377,"[409, 1795, 1926, 1662, 1627]"
6378,"[424, 878, 1913, 676, 1064]"
6379,"[1769, 1752, 937, 1025, 159]"
6380,"[1536, 116, 1618, 125, 1202]"
6381,"[1788, 1787, 1786, 1677, 1753]"
6382,"[1675, 1900, 101, 1676, 408]"
6383,"[101, 112, 1753, 1900, 1746]"
6384,"[1915, 409, 1192, 106, 1594]"
6385,"[1077, 1704, 1675, 902, 1705]"
6386,"[1705, 211, 1918, 979, 1704]"
6387,"[1030, 1766, 347, 92, 1831]"
6388,"[1705, 1704, 1913, 676, 478]"
6389,"[101, 116, 1926, 112, 1705]"
6390,"[147, 918, 1044, 1609, 848]"
6391,"[424, 848, 1835, 1872, 1704]"
6392,"[1536, 1137, 890, 112, 1030]"
6393,"[424, 676, 1118, 878, 1096]"
6394,"[101, 112, 1926, 890, 1118]"
6395,"[112, 921, 1025, 937, 159]"
6396,"[1279, 1299, 959, 1646, 1795]"
6397,"[1690, 812, 1077, 1250, 1106]"
6398,"[1766, 1752, 73, 148, 1335]"
6399,"[1279, 1918, 979, 911, 73]"
6400,"[1936, 1277, 773, 902, 1299]"
6401,"[1750, 1158, 1135, 1536, 1616]"
6402,"[1675, 902, 925, 1076, 403]"
6403,"[1536, 1178, 1910, 386, 1603]"
6404,"[773, 1202, 410, 435, 1704]"
6405,"[1752, 823, 1296, 257, 628]"
6406,"[1285, 365, 1006, 861, 1137]"
6407,"[1875, 1677, 440, 165, 113]"
6408,"[126, 1295, 433, 1550, 1098]"
6409,"[1279, 1086, 1106, 1299, 902]"
6410,"[1178, 1273, 447, 615, 692]"
6411,"[1279, 346, 1250, 1099, 431]"
6412,"[1279, 435, 1102, 1272, 1087]"
6413,"[1193, 615, 1638, 1899, 1275]"
6414,"[408, 306, 1704, 1094, 1185]"
6415,"[1705, 1704, 1262, 347, 283]"
6416,"[170, 586, 1863, 29, 501]"
6417,"[1915, 1750, 1907, 1904, 1536]"
6418,"[1807, 663, 1581, 1704, 1705]"
6419,"[1104, 1279, 1077, 296, 1285]"
6420,"[1636, 442, 1899, 1638, 1807]"
6421,"[939, 1270, 1750, 1257, 1706]"
6422,"[297, 1927, 1025, 937, 159]"
6423,"[1196, 409, 165, 98, 97]"
6424,"[451, 890, 112, 1662, 692]"
6425,"[367, 1799, 1798, 1782, 1781]"
6426,"[1147, 1169, 1705, 1704, 211]"
6427,"[97, 96, 435, 1275, 449]"
6428,"[1164, 432, 359, 1916, 367]"
6429,"[466, 855, 1279, 67, 1705]"
6430,"[25, 24, 36, 9, 1649]"
6431,"[675, 1807, 985, 403, 728]"
6432,"[1279, 1753, 73, 1317, 911]"
6433,"[73, 1758, 435, 911, 1717]"
6434,"[1285, 365, 1299, 960, 73]"
6435,"[164, 1158, 1677, 1637, 1295]"
6436,"[1086, 978, 976, 974, 973]"
6437,"[1279, 444, 1081, 1936, 902]"
6438,"[1279, 435, 1695, 603, 1750]"
6439,"[615, 1603, 432, 1138, 1204]"
6440,"[435, 97, 96, 440, 98]"
6441,"[1271, 440, 1936, 1758, 372]"
6442,"[89, 60, 408, 1690, 475]"
6443,"[992, 1023, 840, 985, 128]"
6444,"[379, 678, 330, 427, 116]"
6445,"[451, 675, 890, 112, 618]"
6446,"[1112, 455, 454, 1070, 1899]"
6447,"[1791, 1790, 1789, 1536, 1925]"
6448,"[916, 140, 913, 145, 147]"
6449,"[1752, 1313, 923, 161, 1098]"
6450,"[1545, 89, 409, 112, 101]"
6451,"[98, 435, 344, 1274, 1173]"
6452,"[1758, 1070, 866, 1762, 1761]"
6453,"[435, 412, 618, 411, 89]"
6454,"[338, 97, 96, 435, 675]"
6455,"[97, 96, 344, 435, 1275]"
6456,"[1746, 97, 98, 1924, 478]"
6457,"[435, 98, 1627, 618, 1727]"
6458,"[1630, 666, 664, 657, 654]"
6459,"[338, 435, 618, 98, 1627]"
6460,"[1921, 1638, 451, 171, 920]"
6461,"[1262, 344, 616, 1121, 402]"
6462,"[98, 97, 96, 1275, 440]"
6463,"[985, 1704, 1795, 1918, 979]"
6464,"[1083, 1077, 1075, 1086, 1280]"
6465,"[917, 1762, 1800, 1780, 1779]"
6466,"[98, 97, 96, 435, 1262]"
6467,"[1758, 676, 1145, 1783, 440]"
6468,"[455, 98, 97, 96, 1306]"
6469,"[435, 961, 1053, 1087, 1727]"
6470,"[408, 101, 1675, 1750, 60]"
6471,"[435, 98, 1627, 618, 1727]"
6472,"[341, 447, 1270, 441, 98]"
6473,"[1085, 98, 618, 1762, 1803]"
6474,"[435, 344, 1275, 98, 956]"
6475,"[435, 1799, 1798, 1782, 1781]"
6476,"[1262, 1675, 902, 1158, 424]"
6477,"[203, 1705, 1704, 1086, 147]"
6478,"[618, 112, 890, 116, 113]"
6479,"[629, 1746, 98, 96, 97]"
6480,"[424, 284, 302, 367, 515]"
6481,"[1795, 350, 1262, 283, 1750]"
6482,"[435, 1275, 1651, 1274, 1313]"
6483,"[1649, 347, 302, 90, 728]"
6484,"[290, 1592, 165, 1936, 409]"
6485,"[919, 175, 173, 169, 168]"
6486,"[1895, 1704, 1877, 1705, 950]"
6487,"[863, 1747, 699, 865, 175]"
6488,"[1772, 959, 1146, 1147, 111]"
6489,"[987, 963, 205, 154, 152]"
6490,"[1570, 1895, 191, 1287, 945]"
6491,"[1769, 1570, 175, 1705, 699]"
6492,"[1727, 693, 801, 615, 1737]"
6493,"[1924, 1275, 116, 926, 440]"
6494,"[935, 168, 1636, 1916, 1769]"
6495,"[1705, 1704, 1877, 1570, 793]"
6496,"[1287, 980, 1704, 211, 985]"
6497,"[106, 1196, 168, 935, 409]"
6498,"[1915, 1936, 927, 1760, 1761]"
6499,"[1877, 1570, 1785, 188, 1895]"
6500,"[435, 1727, 1011, 727, 726]"
6501,"[73, 1764, 1918, 979, 959]"
6502,"[205, 1759, 1764, 468, 111]"
6503,"[949, 435, 1727, 931, 924]"
6504,"[1907, 165, 1916, 773, 1298]"
6505,"[221, 928, 1030, 468, 125]"
6506,"[1772, 1936, 290, 314, 1895]"
6507,"[171, 89, 165, 125, 1619]"
6508,"[1895, 1287, 1936, 1762, 1758]"
6509,"[1758, 133, 1676, 1298, 779]"
6510,"[442, 1727, 1141, 1566, 615]"
6511,"[856, 1916, 291, 1705, 1704]"
6512,"[1768, 1895, 1570, 816, 1015]"
6513,"[773, 1916, 1727, 1907, 1202]"
6514,"[1907, 89, 1187, 1636, 438]"
6515,"[1895, 1287, 1704, 1936, 950]"
6516,"[1721, 1705, 1150, 1704, 381]"
6517,"[1705, 191, 193, 1758, 1704]"
6518,"[1290, 1570, 1785, 1877, 1936]"
6519,"[1270, 1705, 1704, 440, 1020]"
6520,"[1753, 73, 284, 1603, 911]"
6521,"[447, 1273, 361, 1705, 1704]"
6522,"[1676, 1299, 1298, 931, 924]"
6523,"[1727, 1650, 1728, 179, 1758]"
6524,"[1877, 1287, 1015, 1705, 1704]"
6525,"[1727, 631, 692, 714, 338]"
6526,"[1936, 1772, 442, 441, 1895]"
6527,"[1895, 370, 441, 693, 1727]"
6528,"[1761, 1147, 1760, 163, 1705]"
6529,"[1761, 1705, 1704, 1760, 1752]"
6530,"[124, 1750, 1746, 1762, 102]"
6531,"[114, 116, 455, 878, 1916]"
6532,"[455, 438, 1636, 1761, 116]"
6533,"[1915, 675, 1064, 438, 1636]"
6534,"[455, 163, 116, 1924, 144]"
6535,"[478, 1924, 451, 60, 440]"
6536,"[1760, 1761, 1704, 1705, 906]"
6537,"[455, 1761, 619, 938, 175]"
6538,"[619, 1690, 1307, 1884, 16]"
6539,"[1915, 397, 1169, 510, 365]"
6540,"[16, 455, 116, 619, 114]"
6541,"[455, 1113, 1705, 1704, 16]"
6542,"[1749, 1924, 1746, 1750, 1704]"
6543,"[1915, 216, 1246, 1746, 1748]"
6544,"[1915, 337, 1550, 40, 774]"
6545,"[1186, 1750, 1038, 1705, 1704]"
6546,"[438, 1636, 1129, 455, 323]"
6547,"[408, 455, 1910, 1675, 906]"
6548,"[619, 1884, 165, 938, 175]"
6549,"[1753, 619, 1924, 116, 455]"
6550,"[455, 116, 114, 603, 1695]"
6551,"[938, 1915, 165, 1044, 291]"
6552,"[1704, 1705, 1924, 199, 1312]"
6553,"[1924, 1753, 466, 455, 60]"
6554,"[1761, 1924, 1884, 1704, 1760]"
6555,"[1761, 1760, 1773, 1710, 1704]"
6556,"[1924, 116, 449, 451, 1275]"
6557,"[1924, 1750, 1761, 478, 1760]"
6558,"[455, 369, 116, 125, 1924]"
6559,"[966, 386, 959, 1246, 958]"
6560,"[1884, 438, 1636, 455, 98]"
6561,"[619, 199, 106, 455, 1884]"
6562,"[116, 455, 114, 692, 1916]"
6563,"[878, 1536, 922, 175, 619]"
6564,"[454, 1147, 1705, 1704, 439]"
6565,"[1761, 1760, 1705, 1704, 1924]"
6566,"[1924, 455, 116, 1610, 1192]"
6567,"[455, 1924, 1309, 1020, 1521]"
6568,"[1710, 1183, 1275, 1614, 1521]"
6569,"[455, 1761, 1704, 1760, 1705]"
6570,"[116, 114, 455, 60, 16]"
6571,"[1746, 675, 919, 1749, 465]"
6572,"[441, 97, 98, 96, 1727]"
6573,"[1750, 1761, 1921, 1704, 1147]"
6574,"[1704, 1705, 1761, 1758, 1273]"
6575,"[441, 1038, 1704, 1761, 1760]"
6576,"[1913, 1704, 1637, 1705, 1803]"
6577,"[435, 1704, 1705, 1727, 1773]"
6578,"[1704, 1761, 1762, 1758, 441]"
6579,"[1704, 1762, 1758, 441, 1760]"
6580,"[97, 96, 1607, 1272, 1196]"
6581,"[1639, 1695, 455, 114, 440]"
6582,"[116, 1924, 451, 1784, 1275]"
6583,"[455, 1704, 919, 1113, 1147]"
6584,"[1704, 786, 1913, 16, 1915]"
6585,"[1761, 1704, 1112, 1113, 165]"
6586,"[386, 1760, 116, 1761, 1704]"
6587,"[1761, 1921, 449, 1112, 1275]"
6588,"[1695, 1147, 440, 1704, 1705]"
6589,"[1704, 1705, 440, 1758, 1773]"
6590,"[653, 1704, 643, 1915, 1705]"
6591,"[1147, 1204, 692, 60, 1249]"
6592,"[320, 1614, 1521, 1038, 1204]"
6593,"[1617, 1727, 346, 1521, 1536]"
6594,"[102, 1746, 409, 1752, 396]"
6595,"[1550, 511, 1812, 1825, 898]"
6596,"[1617, 1760, 1761, 1915, 98]"
6597,"[1202, 410, 1915, 1831, 1825]"
6598,"[1202, 410, 89, 164, 902]"
6599,"[1185, 1675, 408, 1344, 848]"
6600,"[1277, 114, 89, 1536, 1704]"
6601,"[1257, 1025, 937, 159, 165]"
6602,"[1185, 1675, 1344, 408, 1676]"
6603,"[292, 1762, 1760, 1761, 919]"
6604,"[902, 1086, 1636, 438, 1185]"
6605,"[1927, 165, 937, 159, 1025]"
6606,"[98, 409, 97, 96, 410]"
6607,"[1025, 937, 159, 165, 1202]"
6608,"[1704, 1705, 1068, 372, 1344]"
6609,"[102, 1750, 89, 410, 1275]"
6610,"[164, 1025, 937, 159, 165]"
6611,"[1705, 1704, 1257, 1202, 410]"
6612,"[1825, 1705, 1704, 902, 1298]"
6613,"[368, 1915, 1762, 1077, 346]"
6614,"[1705, 108, 1759, 1831, 1704]"
6615,"[1761, 1760, 1704, 1705, 1762]"
6616,"[97, 96, 938, 102, 773]"
6617,"[1086, 1344, 1185, 1636, 438]"
6618,"[921, 164, 919, 163, 408]"
6619,"[1915, 920, 171, 1675, 890]"
6620,"[1185, 408, 1675, 1202, 410]"
6621,"[868, 1748, 408, 1071, 1344]"
6622,"[1193, 1636, 615, 438, 1160]"
6623,"[1704, 1705, 926, 1185, 290]"
6624,"[1125, 165, 89, 906, 1618]"
6625,"[1185, 408, 1675, 1202, 410]"
6626,"[924, 1025, 937, 159, 165]"
6627,"[1193, 408, 1185, 1025, 937]"
6628,"[926, 1915, 1202, 410, 1185]"
6629,"[1915, 396, 1675, 410, 1202]"
6630,"[760, 1025, 937, 159, 165]"
6631,"[1910, 409, 924, 1675, 1185]"
6632,"[102, 1915, 409, 1746, 1025]"
6633,"[1677, 1066, 925, 758, 762]"
6634,"[1185, 1202, 410, 408, 1344]"
6635,"[408, 1202, 410, 1550, 1185]"
6636,"[1705, 16, 1704, 1769, 1098]"
6637,"[216, 812, 840, 855, 356]"
6638,"[1001, 1270, 692, 1650, 727]"
6639,"[1924, 60, 603, 1275, 408]"
6640,"[1022, 1116, 618, 332, 89]"
6641,"[385, 1162, 331, 383, 1124]"
6642,"[16, 455, 1070, 730, 692]"
6643,"[1536, 706, 1549, 701, 106]"
6644,"[1924, 1141, 60, 440, 1272]"
6645,"[1697, 603, 1275, 1677, 440]"
6646,"[906, 1910, 1705, 1704, 1536]"
6647,"[849, 1690, 1727, 1101, 449]"
6648,"[1920, 175, 670, 1590, 1706]"
6649,"[1275, 112, 878, 692, 1910]"
6650,"[460, 211, 1317, 1918, 979]"
6651,"[1526, 408, 1899, 112, 1627]"
6652,"[1704, 289, 692, 1915, 1901]"
6653,"[102, 1746, 98, 97, 96]"
6654,"[98, 455, 1636, 102, 922]"
6655,"[1904, 919, 1905, 1627, 1705]"
6656,"[442, 749, 433, 923, 1704]"
6657,"[1907, 1762, 1705, 1704, 1758]"
6658,"[1647, 1761, 1594, 1584, 1312]"
6659,"[395, 403, 1931, 1030, 1795]"
6660,"[1929, 1073, 1695, 1899, 455]"
6661,"[1924, 124, 1750, 603, 878]"
6662,"[403, 1085, 1704, 452, 1301]"
6663,"[1907, 819, 96, 98, 409]"
6664,"[1526, 1922, 1897, 1921, 112]"
6665,"[1055, 108, 1630, 959, 1680]"
6666,"[1768, 1769, 1705, 1704, 919]"
6667,"[1607, 1675, 692, 1915, 1196]"
6668,"[1042, 1159, 377, 265, 1704]"
6669,"[925, 904, 1313, 1616, 1118]"
6670,"[1044, 1690, 1077, 849, 1076]"
6671,"[1057, 849, 1040, 991, 1677]"
6672,"[1627, 318, 1905, 927, 1160]"
6673,"[1768, 1704, 1775, 1723, 1795]"
6674,"[865, 863, 1747, 1275, 878]"
6675,"[1915, 290, 922, 1552, 1269]"
6676,"[1762, 1904, 1758, 409, 102]"
6677,"[114, 1908, 1192, 314, 815]"
6678,"[1937, 663, 1705, 126, 1924]"
6679,"[694, 1063, 1068, 1786, 1762]"
6680,"[370, 603, 165, 1915, 1704]"
6681,"[1915, 669, 1750, 116, 408]"
6682,"[1747, 865, 863, 1639, 692]"
6683,"[125, 423, 1244, 902, 1927]"
6684,"[1795, 60, 1704, 749, 1705]"
6685,"[1680, 1073, 175, 116, 920]"
6686,"[291, 1758, 1085, 667, 435]"
6687,"[451, 455, 449, 60, 1907]"
6688,"[1774, 1773, 1887, 1761, 1760]"
6689,"[665, 1746, 102, 1533, 629]"
6690,"[1750, 1158, 1135, 1536, 1616]"
6691,"[16, 114, 1704, 116, 455]"
6692,"[314, 890, 112, 1916, 60]"
6693,"[915, 911, 952, 980, 1918]"
6694,"[1704, 1617, 663, 687, 696]"
6695,"[1799, 1798, 1782, 1781, 284]"
6696,"[1075, 1649, 403, 1816, 1814]"
6697,"[1133, 1651, 808, 1030, 1135]"
6698,"[1810, 1706, 1816, 1815, 1814]"
6699,"[175, 1202, 410, 1810, 1706]"
6700,"[1064, 1536, 112, 1141, 1904]"
6701,"[125, 1915, 1244, 423, 259]"
6702,"[1915, 1137, 108, 1924, 925]"
6703,"[32, 13, 1264, 1106, 1758]"
6704,"[125, 423, 1244, 1124, 408]"
6705,"[1915, 925, 1025, 937, 159]"
6706,"[98, 1193, 171, 1202, 410]"
6707,"[164, 929, 172, 935, 934]"
6708,"[1049, 410, 1202, 1041, 1060]"
6709,"[1193, 1638, 292, 1025, 937]"
6710,"[1924, 1705, 1704, 1870, 1874]"
6711,"[116, 455, 1761, 1924, 125]"
6712,"[165, 1036, 1704, 1746, 102]"
6713,"[454, 455, 102, 291, 1070]"
6714,"[1014, 692, 1250, 1025, 937]"
6715,"[1704, 1064, 1273, 447, 1705]"
6716,"[1918, 979, 211, 441, 1704]"
6717,"[1155, 1529, 1588, 1030, 1202]"
6718,"[1746, 98, 97, 96, 102]"
6719,"[455, 163, 116, 1924, 144]"
6720,"[1053, 1705, 1704, 1058, 1787]"
6721,"[1040, 897, 1660, 1725, 1740]"
6722,"[438, 1636, 1637, 291, 455]"
6723,"[1761, 848, 1752, 433, 1777]"
6724,"[1896, 1638, 1627, 409, 102]"
6725,"[60, 1771, 1915, 1495, 1936]"
6726,"[60, 1202, 410, 923, 1915]"
6727,"[455, 454, 16, 98, 97]"
6728,"[924, 926, 1202, 410, 1659]"
6729,"[1733, 688, 774, 765, 758]"
6730,"[1758, 618, 424, 338, 1065]"
6731,"[692, 1907, 116, 1610, 1275]"
6732,"[1924, 926, 60, 1528, 98]"
6733,"[1675, 408, 125, 165, 1676]"
6734,"[1727, 961, 1762, 1758, 1796]"
6735,"[670, 620, 470, 405, 125]"
6736,"[1915, 1706, 1592, 1552, 890]"
6737,"[629, 926, 1704, 278, 60]"
6738,"[1098, 108, 1753, 1705, 1704]"
6739,"[16, 114, 1772, 1760, 1702]"
6740,"[165, 1297, 435, 1202, 410]"
6741,"[1026, 1133, 1147, 1705, 1704]"
6742,"[1705, 1704, 1884, 1803, 16]"
6743,"[259, 1152, 480, 1875, 1317]"
6744,"[1133, 376, 1027, 361, 343]"
6745,"[1770, 961, 1085, 1889, 1918]"
6746,"[438, 1636, 1637, 291, 1192]"
6747,"[815, 1704, 1705, 89, 703]"
6748,"[1902, 124, 60, 890, 112]"
6749,"[114, 16, 1760, 1761, 106]"
6750,"[455, 454, 16, 60, 1567]"
6751,"[1915, 60, 89, 926, 1202]"
6752,"[1536, 1927, 455, 290, 424]"
6753,"[1924, 165, 164, 1627, 1025]"
6754,"[749, 1040, 172, 1133, 925]"
6755,"[1019, 1075, 1753, 1704, 1705]"
6756,"[1244, 423, 125, 1690, 265]"
6757,"[1907, 1066, 166, 1052, 1033]"
6758,"[615, 1899, 966, 1147, 1191]"
6759,"[1603, 1916, 670, 1202, 410]"
6760,"[102, 1746, 97, 96, 98]"
6761,"[1747, 865, 863, 451, 440]"
6762,"[938, 1704, 925, 79, 928]"
6763,"[97, 1130, 1135, 1073, 320]"
6764,"[120, 1681, 1000, 1683, 60]"
6765,"[290, 281, 1546, 1016, 275]"
6766,"[922, 981, 980, 979, 213]"
6767,"[1025, 937, 159, 165, 89]"
6768,"[175, 1758, 1760, 1761, 164]"
6769,"[175, 124, 98, 97, 96]"
6770,"[1611, 1704, 1705, 46, 277]"
6771,"[30, 1895, 34, 1705, 1704]"
6772,"[28, 1025, 937, 159, 1299]"
6773,"[318, 1696, 1069, 1797, 1697]"
6774,"[338, 1133, 1146, 347, 321]"
6775,"[408, 773, 1915, 1902, 1552]"
6776,"[411, 1695, 1761, 605, 1760]"
6777,"[1924, 455, 454, 773, 1705]"
6778,"[1552, 216, 1674, 1915, 1704]"
6779,"[1704, 164, 197, 1052, 1025]"
6780,"[125, 165, 670, 408, 365]"
6781,"[275, 281, 665, 273, 272]"
6782,"[281, 290, 931, 924, 1627]"
6783,"[692, 848, 1742, 1724, 165]"
6784,"[902, 628, 1674, 928, 925]"
6785,"[1299, 692, 1270, 447, 1833]"
6786,"[380, 435, 1875, 1800, 1780]"
6787,"[1025, 937, 159, 1904, 102]"
6788,"[769, 767, 766, 764, 763]"
6789,"[1705, 1704, 1765, 1777, 1761]"
6790,"[1745, 1671, 1616, 1705, 1704]"
6791,"[1704, 1131, 1073, 1202, 1817]"
6792,"[124, 629, 165, 125, 1659]"
6793,"[291, 1073, 1627, 409, 314]"
6794,"[423, 1244, 125, 1690, 1705]"
6795,"[409, 1713, 773, 165, 164]"
6796,"[124, 1885, 98, 97, 96]"
6797,"[1148, 1030, 1531, 1056, 327]"
6798,"[1750, 1924, 408, 96, 98]"
6799,"[361, 1795, 1754, 925, 1135]"
6800,"[1902, 116, 408, 114, 1038]"
6801,"[455, 454, 461, 114, 89]"
6802,"[1272, 60, 408, 116, 1675]"
6803,"[1704, 1705, 1567, 1761, 980]"
6804,"[899, 1627, 1299, 1073, 1910]"
6805,"[1749, 925, 1704, 1746, 102]"
6806,"[435, 1638, 1705, 1704, 361]"
6807,"[1911, 985, 212, 984, 983]"
6808,"[781, 409, 1740, 692, 773]"
6809,"[1567, 1705, 16, 1907, 1896]"
6810,"[693, 1068, 1063, 44, 16]"
6811,"[171, 1676, 112, 140, 1202]"
6812,"[1902, 1746, 102, 124, 408]"
6813,"[1098, 1185, 98, 97, 96]"
6814,"[314, 339, 1152, 1672, 1758]"
6815,"[1025, 937, 159, 1202, 410]"
6816,"[1567, 1769, 1145, 1705, 1157]"
6817,"[1766, 347, 676, 1831, 1835]"
6818,"[1764, 1759, 1649, 946, 949]"
6819,"[124, 60, 164, 98, 97]"
6820,"[1085, 435, 1649, 1705, 1704]"
6821,"[1897, 1907, 1529, 89, 1526]"
6822,"[676, 1536, 1263, 1073, 1629]"
6823,"[706, 1762, 1758, 116, 164]"
6824,"[1295, 1279, 1936, 675, 1277]"
6825,"[920, 1567, 1753, 1907, 878]"
6826,"[374, 1704, 372, 1042, 435]"
6827,"[1627, 1275, 1899, 1904, 1758]"
6828,"[1070, 455, 454, 1617, 116]"
6829,"[692, 1531, 98, 96, 409]"
6830,"[1918, 979, 1758, 1762, 89]"
6831,"[408, 1675, 1910, 890, 112]"
6832,"[1073, 281, 290, 277, 275]"
6833,"[164, 98, 1025, 937, 159]"
6834,"[1807, 1025, 937, 878, 1638]"
6835,"[1705, 1704, 1636, 1904, 435]"
6836,"[216, 1606, 1742, 101, 1275]"
6837,"[1727, 398, 1710, 1791, 1790]"
6838,"[1040, 1885, 1746, 102, 1202]"
6839,"[1752, 359, 971, 1182, 1021]"
6840,"[922, 1843, 930, 1670, 1520]"
6841,"[1057, 853, 1248, 108, 216]"
6842,"[164, 1202, 410, 165, 920]"
6843,"[409, 1746, 102, 692, 762]"
6844,"[1561, 1299, 395, 433, 1344]"
6845,"[1096, 433, 1105, 1100, 308]"
6846,"[1904, 819, 1627, 1899, 1025]"
6847,"[1918, 979, 1803, 1800, 1780]"
6848,"[435, 455, 164, 1202, 410]"
6849,"[1042, 1724, 730, 1025, 1193]"
6850,"[1746, 1713, 409, 692, 163]"
6851,"[1896, 97, 96, 98, 1567]"
6852,"[1910, 1112, 291, 1921, 1275]"
6853,"[1835, 1831, 1830, 1872, 140]"
6854,"[272, 274, 170, 1936, 1705]"
6855,"[1148, 1077, 1829, 1827, 998]"
6856,"[210, 862, 1052, 699, 221]"
6857,"[89, 98, 165, 866, 97]"
6858,"[1705, 1800, 1780, 1779, 1880]"
6859,"[1613, 1530, 291, 1904, 1636]"
6860,"[1750, 451, 60, 1638, 1277]"
6861,"[1626, 1124, 1244, 423, 125]"
6862,"[28, 206, 208, 209, 972]"
6863,"[1750, 1279, 1676, 408, 165]"
6864,"[971, 165, 1025, 937, 159]"
6865,"[1924, 692, 165, 952, 915]"
6866,"[125, 423, 1244, 603, 1659]"
6867,"[259, 1014, 1659, 1907, 1257]"
6868,"[1680, 1202, 925, 929, 172]"
6869,"[1761, 1760, 1705, 703, 1924]"
6870,"[291, 925, 1143, 1616, 97]"
6871,"[357, 681, 1875, 1081, 1087]"
6872,"[1118, 124, 1130, 1040, 1704]"
6873,"[124, 60, 1915, 408, 1675]"
6874,"[149, 971, 386, 1019, 1073]"
6875,"[1304, 290, 442, 1910, 1019]"
6876,"[937, 159, 1025, 1909, 1202]"
6877,"[1769, 1704, 135, 1762, 793]"
6878,"[1185, 89, 890, 112, 1705]"
6879,"[16, 1704, 1705, 1762, 1758]"
6880,"[1130, 1676, 1675, 1299, 902]"
6881,"[1752, 1754, 1758, 1814, 1813]"
6882,"[1705, 1704, 1677, 1675, 990]"
6883,"[409, 1746, 102, 1070, 1740]"
6884,"[1042, 1902, 408, 344, 1762]"
6885,"[1070, 1627, 1527, 1905, 1705]"
6886,"[413, 1705, 1704, 866, 1675]"
6887,"[441, 1899, 1025, 937, 159]"
6888,"[1753, 1755, 1705, 1752, 1704]"
6889,"[692, 1157, 1277, 1636, 89]"
6890,"[1567, 1096, 1704, 409, 102]"
6891,"[1526, 1064, 409, 258, 97]"
6892,"[60, 1915, 788, 108, 1300]"
6893,"[1042, 175, 1073, 1690, 292]"
6894,"[1924, 1536, 116, 1758, 1762]"
6895,"[849, 653, 1022, 1727, 618]"
6896,"[102, 97, 96, 1896, 98]"
6897,"[1064, 408, 1902, 344, 1042]"
6898,"[878, 1704, 1705, 1758, 1246]"
6899,"[277, 1303, 1250, 1202, 410]"
6900,"[1157, 862, 1567, 211, 1761]"
6901,"[1567, 89, 409, 1025, 937]"
6902,"[341, 1073, 1926, 878, 1560]"
6903,"[1704, 1762, 1758, 815, 1705]"
6904,"[1705, 1704, 3, 2, 6]"
6905,"[90, 1738, 692, 98, 1073]"
6906,"[408, 1742, 1138, 1248, 409]"
6907,"[900, 921, 1025, 937, 159]"
6908,"[1525, 718, 749, 1249, 1752]"
6909,"[314, 1747, 865, 863, 1073]"
6910,"[89, 60, 171, 113, 451]"
6911,"[1547, 97, 98, 96, 1550]"
6912,"[128, 211, 980, 1753, 985]"
6913,"[1014, 692, 1042, 928, 1272]"
6914,"[1746, 1299, 1916, 1915, 60]"
6915,"[1526, 1915, 1705, 108, 878]"
6916,"[1567, 1193, 985, 920, 165]"
6917,"[1049, 1054, 152, 1037, 980]"
6918,"[1904, 1899, 455, 1638, 409]"
6919,"[1915, 719, 727, 1650, 726]"
6920,"[140, 145, 916, 148, 171]"
6921,"[862, 1309, 1082, 441, 1783]"
6922,"[1704, 1317, 211, 1918, 979]"
6923,"[1157, 921, 1746, 165, 164]"
6924,"[722, 1666, 1014, 1649, 657]"
6925,"[89, 1924, 1557, 1277, 1567]"
6926,"[125, 1244, 423, 1690, 1029]"
6927,"[920, 1026, 1677, 675, 211]"
6928,"[108, 98, 97, 96, 102]"
6929,"[1636, 1188, 1272, 1062, 114]"
6930,"[1627, 1905, 1527, 866, 409]"
6931,"[1920, 1066, 759, 1255, 1919]"
6932,"[60, 102, 1746, 98, 97]"
6933,"[1902, 1185, 890, 112, 433]"
6934,"[375, 1705, 1704, 1147, 327]"
6935,"[1034, 89, 435, 1649, 1297]"
6936,"[1760, 1761, 1758, 1070, 291]"
6937,"[70, 1729, 1025, 937, 159]"
6938,"[1761, 297, 1525, 1889, 1025]"
6939,"[1041, 338, 692, 703, 1202]"
6940,"[938, 1924, 112, 60, 692]"
6941,"[1675, 98, 1705, 1824, 60]"
6942,"[1705, 961, 1704, 1880, 1144]"
6943,"[739, 60, 620, 470, 1720]"
6944,"[1704, 1705, 1753, 480, 1675]"
6945,"[629, 60, 408, 1297, 124]"
6946,"[1752, 1269, 1758, 1762, 478]"
6947,"[1902, 60, 1552, 408, 125]"
6948,"[1773, 1085, 1705, 1758, 1704]"
6949,"[165, 1073, 1202, 410, 164]"
6950,"[1666, 1193, 1202, 410, 1592]"
6951,"[171, 1705, 1704, 175, 60]"
6952,"[1118, 1041, 922, 1021, 1077]"
6953,"[1773, 440, 860, 1147, 618]"
6954,"[1042, 1025, 165, 1131, 420]"
6955,"[1025, 937, 159, 165, 1193]"
6956,"[1937, 1924, 1704, 1705, 1758]"
6957,"[170, 403, 1918, 979, 911]"
6958,"[165, 164, 170, 408, 1299]"
6959,"[1516, 98, 97, 96, 1746]"
6960,"[89, 1922, 1897, 1526, 113]"
6961,"[443, 970, 968, 955, 972]"
6962,"[1526, 1627, 409, 776, 1922]"
6963,"[878, 1696, 455, 454, 60]"
6964,"[966, 618, 332, 1761, 1760]"
6965,"[409, 318, 929, 172, 1914]"
6966,"[1915, 1869, 569, 328, 540]"
6967,"[1924, 1904, 1071, 1025, 937]"
6968,"[89, 1070, 291, 1746, 1705]"
6969,"[1746, 98, 97, 96, 102]"
6970,"[1627, 1071, 1904, 1899, 1025]"
6971,"[924, 409, 410, 1202, 1899]"
6972,"[124, 164, 1025, 937, 159]"
6973,"[1746, 102, 60, 165, 175]"
6974,"[1527, 1905, 773, 1676, 1298]"
6975,"[98, 1014, 97, 96, 1202]"
6976,"[1761, 1072, 1704, 1760, 1775]"
6977,"[1636, 432, 438, 1935, 1924]"
