q_id,web_list
1,"[1567, 135, 16, 1607, 901]"
2,"[372, 368, 862, 1607, 1615]"
3,"[116, 110, 691, 1192, 1705]"
4,"[1043, 1051, 282, 1013, 1009]"
5,"[926, 1620, 1659, 1903, 1924]"
6,"[1495, 108, 138, 1887, 1831]"
7,"[1906, 1528, 1901, 1592, 1526]"
8,"[282, 480, 403, 1723, 111]"
9,"[1896, 1608, 1620, 1894, 1607]"
10,"[116, 1246, 1197, 1192, 1772]"
11,"[114, 1599, 1192, 102, 1202]"
12,"[1192, 114, 1712, 1611, 1523]"
13,"[1915, 1886, 1890, 919, 1887]"
14,"[372, 1567, 926, 762, 901]"
15,"[1904, 403, 1317, 1878, 1707]"
16,"[1915, 1193, 1617, 408, 926]"
17,"[372, 368, 1607, 745, 1894]"
18,"[1607, 1903, 1249, 1904, 403]"
19,"[1082, 1073, 1900, 926, 1279]"
20,"[1915, 926, 1249, 1060, 1906]"
21,"[1915, 114, 1610, 1192, 464]"
22,"[1748, 1766, 868, 587, 349]"
23,"[73, 511, 1704, 403, 1705]"
24,"[749, 1670, 73, 1541, 403]"
25,"[1915, 1641, 114, 1192, 1897]"
26,"[372, 368, 455, 1248, 862]"
27,"[26, 1615, 1246, 1006, 1586]"
28,"[1072, 922, 95, 857, 1887]"
29,"[1915, 1193, 216, 89, 1534]"
30,"[1884, 1924, 1043, 1887, 1604]"
31,"[1915, 1733, 149, 1911, 926]"
32,"[116, 1915, 1561, 408, 114]"
33,"[1915, 1246, 1197, 1922, 1897]"
34,"[16, 1607, 901, 898, 1499]"
35,"[1607, 1704, 455, 1617, 1628]"
36,"[1063, 442, 1705, 1704, 504]"
37,"[1725, 608, 1723, 403, 111]"
38,"[1607, 1608, 432, 1615, 1659]"
39,"[478, 1924, 1704, 922, 1705]"
40,"[1915, 1071, 437, 1193, 1564]"
41,"[73, 1524, 403, 1525, 1752]"
42,"[372, 1192, 1191, 1904, 1193]"
43,"[511, 501, 1872, 1835, 1832]"
44,"[1299, 1197, 403, 749, 1320]"
45,"[1063, 739, 1613, 1182, 423]"
46,"[1620, 1037, 1615, 1049, 403]"
47,"[1627, 1905, 1907, 113, 1899]"
48,"[1896, 455, 1588, 1922, 1897]"
49,"[1919, 543, 16, 1590, 1249]"
50,"[73, 432, 162, 403, 480]"
51,"[511, 1809, 1835, 1872, 1873]"
52,"[1915, 1900, 1543, 1902, 408]"
53,"[1567, 135, 16, 1607, 901]"
54,"[1924, 28, 1592, 926, 1249]"
55,"[511, 1809, 1835, 1872, 1873]"
56,"[1904, 1922, 1897, 43, 1896]"
57,"[455, 1607, 1628, 1704, 1666]"
58,"[1697, 1249, 480, 432, 403]"
59,"[1068, 114, 1192, 18, 89]"
60,"[1178, 1191, 1600, 1904, 1192]"
61,"[1157, 432, 1567, 511, 1704]"
62,"[1924, 1457, 1832, 898, 1836]"
63,"[1071, 868, 692, 1915, 1748]"
64,"[1567, 1891, 1562, 1532, 1489]"
65,"[1567, 16, 1592, 403, 257]"
66,"[1924, 1902, 1299, 408, 1832]"
67,"[1733, 1905, 1705, 1604, 1906]"
68,"[1915, 97, 96, 1550, 1547]"
69,"[1915, 403, 1302, 1580, 1825]"
70,"[1896, 1607, 1608, 1157, 691]"
71,"[1534, 89, 1586, 1890, 1892]"
72,"[1904, 403, 749, 1626, 1700]"
73,"[1855, 232, 236, 1003, 237]"
74,"[1612, 113, 1915, 1193, 1906]"
75,"[1588, 1899, 926, 1526, 1592]"
76,"[1915, 1598, 1193, 1620, 926]"
77,"[1915, 1917, 408, 1902, 1666]"
78,"[1884, 1924, 1617, 478, 102]"
79,"[37, 1914, 403, 823, 1762]"
80,"[1906, 903, 1307, 1302, 114]"
81,"[1273, 1581, 44, 1926, 1608]"
82,"[1915, 1249, 823, 1832, 1575]"
83,"[1915, 368, 408, 862, 442]"
84,"[368, 372, 216, 1915, 862]"
85,"[1079, 1077, 1043, 403, 1670]"
86,"[1192, 1615, 1586, 1772, 338]"
87,"[1742, 1320, 884, 650, 749]"
88,"[1896, 1607, 1192, 1567, 1705]"
89,"[1570, 1557, 1900, 468, 111]"
90,"[1251, 430, 1261, 1298, 1676]"
91,"[1713, 1543, 1533, 667, 1534]"
92,"[114, 16, 1192, 1604, 1567]"
93,"[903, 677, 480, 648, 1542]"
94,"[16, 1924, 116, 1904, 860]"
95,"[1915, 114, 890, 113, 112]"
96,"[478, 811, 1763, 1317, 501]"
97,"[1863, 403, 1670, 72, 749]"
98,"[887, 1014, 408, 219, 1193]"
99,"[1717, 1246, 1878, 1707, 758]"
100,"[1906, 1615, 1567, 1538, 321]"
101,"[1902, 283, 1279, 1104, 1928]"
102,"[1705, 1316, 1607, 1904, 403]"
103,"[1197, 1670, 1620, 930, 749]"
104,"[1617, 926, 1884, 1567, 455]"
105,"[1772, 110, 599, 1904, 595]"
106,"[408, 1014, 1915, 125, 1008]"
107,"[1002, 232, 236, 1003, 240]"
108,"[1772, 903, 828, 1704, 468]"
109,"[1638, 116, 1694, 1677, 1619]"
110,"[1607, 1659, 511, 74, 1299]"
111,"[1915, 624, 403, 1080, 1197]"
112,"[1193, 933, 1666, 1705, 1885]"
113,"[73, 1246, 1878, 1707, 82]"
114,"[1900, 1915, 101, 1917, 1074]"
115,"[443, 1495, 478, 1030, 289]"
116,"[1193, 1620, 1894, 408, 1029]"
117,"[1671, 1745, 1616, 1907, 1116]"
118,"[765, 403, 480, 1723, 1873]"
119,"[1915, 1924, 478, 1536, 1704]"
120,"[1772, 828, 1646, 16, 903]"
121,"[455, 421, 1607, 1617, 1628]"
122,"[1772, 1490, 749, 1811, 1815]"
123,"[1192, 1604, 735, 1670, 938]"
124,"[468, 1570, 73, 111, 135]"
125,"[372, 58, 57, 54, 1249]"
126,"[216, 1746, 1249, 1433, 1611]"
127,"[1915, 1617, 1025, 919, 1618]"
128,"[114, 1567, 884, 16, 1307]"
129,"[455, 1607, 1704, 1628, 1255]"
130,"[1762, 292, 1758, 1617, 1761]"
131,"[1246, 471, 1744, 684, 685]"
132,"[1907, 1885, 1887, 1892, 901]"
133,"[1924, 478, 1884, 1192, 1521]"
134,"[1924, 1906, 1249, 432, 1598]"
135,"[511, 1704, 1511, 1705, 403]"
136,"[1878, 1707, 45, 73, 1717]"
137,"[1607, 1191, 1615, 468, 111]"
138,"[1567, 1607, 1885, 1618, 1705]"
139,"[1607, 165, 1666, 1659, 1193]"
140,"[930, 1901, 1592, 1536, 1591]"
141,"[1666, 1299, 1904, 1885, 1607]"
142,"[1906, 1070, 455, 1922, 1897]"
143,"[1924, 1299, 1899, 1906, 1249]"
144,"[368, 1192, 1042, 698, 1772]"
145,"[1630, 1287, 828, 660, 82]"
146,"[1246, 1317, 453, 73, 403]"
147,"[1901, 930, 1670, 903, 933]"
148,"[1567, 95, 1894, 37, 93]"
149,"[372, 1070, 368, 1613, 454]"
150,"[1567, 53, 901, 480, 1063]"
151,"[1915, 930, 1906, 1528, 1620]"
152,"[114, 1113, 1072, 1172, 1581]"
153,"[1915, 1620, 478, 823, 1924]"
154,"[1704, 1705, 1760, 1317, 1758]"
155,"[1726, 1604, 1601, 1705, 1704]"
156,"[73, 1317, 468, 1717, 111]"
157,"[372, 511, 1835, 1534, 1607]"
158,"[1071, 1567, 1807, 1896, 1884]"
159,"[1277, 1726, 1662, 1601, 1521]"
160,"[1029, 1042, 1026, 938, 1590]"
161,"[1884, 1922, 1897, 1899, 1924]"
162,"[1896, 1567, 1193, 1894, 95]"
163,"[1567, 16, 1896, 1887, 1191]"
164,"[1599, 1772, 349, 587, 590]"
165,"[1773, 1768, 1030, 1317, 1762]"
166,"[1287, 828, 1895, 1570, 1785]"
167,"[663, 637, 102, 749, 1670]"
168,"[288, 1590, 824, 97, 96]"
169,"[136, 97, 96, 275, 1696]"
170,"[1772, 1299, 1511, 1832, 511]"
171,"[892, 872, 1536, 898, 1673]"
172,"[1922, 1897, 1567, 1899, 16]"
173,"[1636, 1897, 1192, 1904, 1523]"
174,"[1891, 1899, 1526, 1922, 1897]"
175,"[794, 1746, 97, 1534, 922]"
176,"[1915, 1612, 1620, 1193, 437]"
177,"[511, 1831, 262, 1009, 1013]"
178,"[1536, 1554, 1523, 1192, 1489]"
179,"[1795, 749, 403, 1320, 110]"
180,"[1915, 1617, 403, 926, 1197]"
181,"[1192, 1570, 1615, 1607, 468]"
182,"[372, 368, 454, 1915, 1113]"
183,"[1915, 1902, 101, 1917, 1620]"
184,"[1915, 926, 446, 1197, 403]"
185,"[1582, 1380, 88, 49, 1704]"
186,"[1894, 368, 1191, 1567, 1613]"
187,"[113, 1899, 1526, 1922, 1897]"
188,"[116, 114, 1600, 377, 1192]"
189,"[1246, 1878, 1707, 1708, 1203]"
190,"[1915, 1902, 926, 1612, 1906]"
191,"[1915, 1704, 1753, 1758, 1705]"
192,"[1809, 926, 1612, 1704, 403]"
193,"[1104, 1889, 1073, 1072, 1581]"
194,"[1567, 95, 37, 1904, 93]"
195,"[1900, 1924, 1299, 403, 1302]"
196,"[16, 1071, 1896, 884, 1567]"
197,"[1705, 1704, 403, 1511, 511]"
198,"[926, 1915, 1903, 1598, 357]"
199,"[865, 1747, 863, 885, 1249]"
200,"[1604, 1192, 1884, 114, 687]"
201,"[1705, 1704, 892, 1914, 66]"
202,"[1900, 1620, 95, 93, 1904]"
203,"[1317, 878, 73, 480, 1723]"
204,"[1607, 1517, 1532, 1564, 1534]"
205,"[1915, 114, 1618, 478, 1604]"
206,"[1317, 1758, 1704, 1705, 1762]"
207,"[16, 1772, 1457, 1461, 1210]"
208,"[1705, 111, 1249, 860, 1600]"
209,"[587, 862, 1924, 1894, 1603]"
210,"[823, 737, 719, 824, 1666]"
211,"[1704, 1884, 478, 1705, 1924]"
212,"[408, 114, 890, 112, 1904]"
213,"[114, 1904, 1192, 1610, 860]"
214,"[1924, 1904, 1611, 1604, 1887]"
215,"[1063, 1897, 1762, 1192, 1705]"
216,"[1523, 114, 1906, 1899, 1926]"
217,"[1878, 1707, 1570, 1246, 1708]"
218,"[1899, 1526, 1885, 1567, 1705]"
219,"[1733, 480, 493, 468, 501]"
220,"[165, 1915, 1617, 1924, 926]"
221,"[1613, 1157, 1607, 108, 138]"
222,"[1013, 1488, 1607, 1298, 430]"
223,"[1704, 551, 106, 1887, 1705]"
224,"[1567, 1192, 135, 16, 1896]"
225,"[1906, 1825, 1705, 1528, 1704]"
226,"[1613, 1666, 926, 1904, 1248]"
227,"[432, 1924, 1885, 464, 1592]"
228,"[1705, 114, 375, 1704, 687]"
229,"[1728, 1732, 1192, 1904, 1704]"
230,"[892, 1929, 1889, 1072, 1607]"
231,"[1878, 1707, 1761, 1038, 412]"
232,"[1599, 440, 1192, 95, 1704]"
233,"[114, 1192, 16, 1610, 1611]"
234,"[884, 74, 1533, 107, 111]"
235,"[1620, 1249, 1043, 1592, 677]"
236,"[16, 114, 1636, 110, 1604]"
237,"[1832, 1401, 1887, 1358, 1363]"
238,"[1249, 1592, 677, 1511, 1836]"
239,"[1704, 1887, 1908, 432, 1746]"
240,"[1902, 1592, 1302, 1030, 1249]"
241,"[368, 372, 454, 1613, 1606]"
242,"[1906, 1887, 624, 1889, 1588]"
243,"[1567, 135, 16, 1607, 1887]"
244,"[1556, 1746, 1114, 1554, 1915]"
245,"[478, 1924, 1886, 1887, 1704]"
246,"[1900, 1902, 1917, 368, 890]"
247,"[403, 1670, 1759, 1320, 1764]"
248,"[1192, 1157, 368, 372, 1191]"
249,"[455, 692, 114, 1192, 1904]"
250,"[1878, 1707, 73, 1246, 1317]"
251,"[1601, 1604, 1606, 1249, 1523]"
252,"[1906, 1043, 1915, 1528, 257]"
253,"[1792, 443, 1192, 807, 114]"
254,"[1902, 114, 116, 1900, 1924]"
255,"[687, 1701, 1704, 749, 1705]"
256,"[1157, 368, 1113, 1613, 1067]"
257,"[1894, 1885, 748, 1607, 1704]"
258,"[1260, 1861, 430, 501, 1256]"
259,"[1915, 1924, 1887, 926, 1192]"
260,"[406, 1317, 111, 407, 474]"
261,"[453, 1525, 1704, 1705, 111]"
262,"[1249, 1886, 1890, 1529, 1904]"
263,"[419, 1914, 159, 937, 455]"
264,"[1705, 1704, 901, 1607, 1825]"
265,"[1924, 478, 1457, 898, 1249]"
266,"[1915, 1704, 1567, 1887, 1885]"
267,"[1555, 1617, 1902, 1900, 1758]"
268,"[1924, 1884, 478, 1922, 1897]"
269,"[1556, 368, 1891, 862, 1598]"
270,"[1772, 334, 1896, 1567, 587]"
271,"[1929, 1592, 1590, 1894, 218]"
272,"[1733, 1667, 1659, 1052, 964]"
273,"[1915, 1929, 926, 1299, 1303]"
274,"[1607, 1896, 1608, 1033, 1598]"
275,"[1249, 363, 1607, 1570, 1636]"
276,"[290, 118, 749, 403, 1320]"
277,"[1611, 1604, 1511, 53, 66]"
278,"[114, 1607, 1517, 527, 1188]"
279,"[1491, 1555, 1772, 1412, 480]"
280,"[403, 903, 1317, 480, 1723]"
281,"[1896, 1608, 1607, 1567, 1904]"
282,"[530, 1904, 113, 1899, 1192]"
283,"[372, 368, 1113, 1191, 1904]"
284,"[1607, 1612, 432, 1705, 1534]"
285,"[594, 1772, 1513, 542, 1246]"
286,"[1900, 1917, 892, 1902, 872]"
287,"[1157, 28, 1113, 368, 1192]"
288,"[1904, 403, 1317, 73, 1246]"
289,"[1675, 1915, 216, 862, 1604]"
290,"[125, 1902, 408, 1924, 1677]"
291,"[1915, 1861, 1561, 493, 1560]"
292,"[113, 409, 102, 1904, 1533]"
293,"[420, 749, 1887, 1885, 1873]"
294,"[933, 1885, 1887, 1892, 1836]"
295,"[1900, 1917, 478, 692, 1924]"
296,"[1620, 1915, 1906, 1793, 408]"
297,"[1917, 1612, 1599, 890, 1620]"
298,"[1904, 1192, 114, 1890, 116]"
299,"[1884, 432, 1562, 1887, 171]"
300,"[1249, 1607, 901, 885, 1626]"
301,"[1249, 885, 1873, 1836, 1832]"
302,"[1772, 349, 1516, 1317, 1705]"
303,"[677, 1249, 1792, 1197, 1832]"
304,"[1761, 1758, 1112, 1312, 1192]"
305,"[1795, 403, 1320, 749, 1006]"
306,"[135, 1636, 1727, 1728, 16]"
307,"[1257, 1363, 501, 1306, 1068]"
308,"[933, 1705, 419, 1887, 1009]"
309,"[1193, 110, 1733, 114, 1192]"
310,"[135, 1768, 468, 111, 60]"
311,"[1659, 501, 1531, 1904, 403]"
312,"[749, 1887, 1670, 1525, 933]"
313,"[1825, 493, 511, 501, 1363]"
314,"[441, 66, 1320, 1295, 82]"
315,"[162, 403, 1723, 749, 282]"
316,"[608, 403, 511, 480, 1723]"
317,"[114, 1610, 1922, 1897, 1192]"
318,"[1915, 1900, 890, 1902, 922]"
319,"[114, 455, 1900, 1902, 1604]"
320,"[1932, 1704, 403, 1009, 1013]"
321,"[1924, 1915, 890, 1604, 1746]"
322,"[1072, 886, 372, 480, 37]"
323,"[823, 988, 736, 149, 1049]"
324,"[16, 1610, 114, 1611, 1614]"
325,"[1772, 1878, 1707, 1886, 1246]"
326,"[1607, 1737, 1733, 1894, 768]"
327,"[1063, 1899, 1599, 1922, 1897]"
328,"[926, 1915, 1617, 885, 1906]"
329,"[409, 1359, 688, 1063, 1704]"
330,"[1915, 1528, 922, 1902, 1552]"
331,"[446, 468, 1197, 1772, 361]"
332,"[1618, 114, 926, 1592, 1885]"
333,"[1192, 1607, 1615, 1704, 403]"
334,"[1607, 1517, 1192, 1896, 1904]"
335,"[1604, 216, 432, 926, 1249]"
336,"[1028, 1717, 111, 403, 1428]"
337,"[1902, 1924, 1704, 403, 1699]"
338,"[1526, 1899, 1924, 1534, 1536]"
339,"[1192, 1570, 1615, 1607, 468]"
340,"[1884, 114, 1922, 1897, 16]"
341,"[1192, 114, 1534, 372, 89]"
342,"[1902, 1713, 1552, 102, 1561]"
343,"[114, 1192, 1307, 1875, 1705]"
344,"[1570, 413, 372, 1878, 1707]"
345,"[1607, 1659, 1269, 403, 1666]"
346,"[1915, 1192, 1617, 97, 96]"
347,"[1604, 1601, 1523, 109, 1192]"
348,"[1915, 1249, 1302, 1825, 1363]"
349,"[114, 1604, 1922, 1897, 1192]"
350,"[114, 1561, 1536, 1619, 661]"
351,"[1884, 478, 1924, 1705, 1758]"
352,"[368, 1192, 372, 455, 1567]"
353,"[472, 1701, 1006, 277, 861]"
354,"[1612, 1704, 1620, 1567, 432]"
355,"[1915, 368, 409, 1299, 1617]"
356,"[1915, 1249, 1832, 823, 1836]"
357,"[1924, 1922, 1897, 1884, 114]"
358,"[1670, 403, 1320, 677, 72]"
359,"[890, 1904, 112, 114, 1704]"
360,"[1599, 1917, 1904, 1891, 1746]"
361,"[1900, 1620, 1891, 1885, 1887]"
362,"[1904, 1599, 1891, 1746, 1887]"
363,"[1900, 113, 112, 890, 43]"
364,"[1915, 1899, 1620, 95, 1646]"
365,"[432, 919, 403, 282, 480]"
366,"[1795, 403, 1320, 749, 667]"
367,"[1270, 1896, 1636, 1592, 1611]"
368,"[1316, 1836, 1809, 1832, 1887]"
369,"[1023, 514, 1903, 511, 135]"
370,"[1932, 1844, 1704, 1851, 1850]"
371,"[511, 1809, 857, 1872, 1835]"
372,"[73, 171, 403, 1320, 749]"
373,"[446, 655, 412, 403, 1320]"
374,"[1915, 116, 1924, 1884, 478]"
375,"[73, 1524, 282, 111, 468]"
376,"[1599, 1899, 1887, 1922, 1897]"
377,"[1902, 1704, 442, 1104, 1620]"
378,"[1316, 1461, 561, 1457, 480]"
379,"[478, 1904, 1887, 1646, 1588]"
380,"[1612, 884, 1615, 1904, 1620]"
381,"[1, 368, 1607, 1704, 1659]"
382,"[478, 1924, 1899, 1299, 1704]"
383,"[1567, 1705, 1733, 1704, 1607]"
384,"[1193, 1613, 1612, 1909, 1666]"
385,"[1017, 1536, 1599, 110, 349]"
386,"[590, 587, 597, 595, 599]"
387,"[1567, 1249, 1611, 16, 1884]"
388,"[1070, 1628, 98, 425, 78]"
389,"[1704, 1873, 1836, 1885, 1073]"
390,"[1915, 1557, 1903, 1279, 1662]"
391,"[1521, 1904, 1192, 1523, 1760]"
392,"[1922, 1897, 1526, 890, 1905]"
393,"[1488, 1705, 1704, 403, 824]"
394,"[878, 892, 1613, 110, 480]"
395,"[1567, 1192, 1896, 16, 135]"
396,"[1894, 590, 593, 597, 587]"
397,"[1899, 114, 1147, 1636, 375]"
398,"[1906, 1302, 926, 446, 1825]"
399,"[1587, 1887, 1746, 1607, 1646]"
400,"[1894, 1567, 1884, 1887, 1886]"
401,"[930, 1670, 936, 165, 1701]"
402,"[1915, 1246, 116, 1924, 1197]"
403,"[1884, 1758, 1705, 1804, 1801]"
404,"[347, 403, 73, 990, 1006]"
405,"[511, 111, 468, 1704, 480]"
406,"[1157, 368, 862, 901, 1613]"
407,"[1900, 1620, 1543, 403, 1259]"
408,"[1902, 165, 1713, 1900, 890]"
409,"[1655, 339, 1705, 1760, 1761]"
410,"[1745, 1671, 1616, 1074, 96]"
411,"[1592, 1675, 1249, 1302, 1699]"
412,"[1726, 692, 1601, 926, 1604]"
413,"[204, 140, 195, 200, 952]"
414,"[625, 1670, 1855, 1701, 163]"
415,"[135, 1711, 468, 73, 111]"
416,"[1904, 1532, 1489, 1529, 175]"
417,"[930, 933, 93, 1809, 478]"
418,"[1592, 1915, 165, 408, 1659]"
419,"[1157, 1067, 432, 1186, 1607]"
420,"[1148, 1620, 897, 1520, 924]"
421,"[1590, 256, 1592, 1666, 1658]"
422,"[1587, 1627, 1037, 1031, 480]"
423,"[594, 1513, 1772, 542, 1340]"
424,"[1607, 511, 1615, 1628, 1885]"
425,"[1607, 1666, 1705, 1704, 1733]"
426,"[446, 688, 1197, 365, 625]"
427,"[1192, 114, 408, 1248, 1611]"
428,"[1157, 276, 1319, 1318, 1896]"
429,"[1549, 1551, 165, 1698, 102]"
430,"[1590, 1042, 1249, 1026, 1809]"
431,"[933, 398, 1809, 72, 1832]"
432,"[478, 1924, 1884, 919, 1604]"
433,"[1915, 376, 1620, 1259, 1261]"
434,"[1193, 1613, 862, 164, 1904]"
435,"[1567, 372, 135, 1607, 16]"
436,"[926, 1809, 403, 1704, 1906]"
437,"[933, 511, 1809, 1887, 1835]"
438,"[478, 1924, 1030, 1887, 1901]"
439,"[1772, 66, 1363, 1317, 1580]"
440,"[1917, 1612, 1599, 890, 1620]"
441,"[1555, 1915, 1192, 587, 216]"
442,"[660, 1887, 1885, 1904, 639]"
443,"[372, 1249, 1063, 660, 1567]"
444,"[372, 368, 1896, 1894, 455]"
445,"[1363, 1825, 1831, 1832, 1302]"
446,"[1900, 1902, 114, 868, 408]"
447,"[1249, 511, 1809, 1825, 1607]"
448,"[125, 116, 1704, 1924, 1249]"
449,"[1071, 1587, 113, 1904, 89]"
450,"[1193, 1836, 1873, 1832, 1885]"
451,"[1, 1894, 1607, 511, 1666]"
452,"[1917, 1074, 1891, 1887, 1114]"
453,"[1900, 1902, 1552, 1917, 890]"
454,"[95, 93, 162, 749, 1249]"
455,"[267, 266, 239, 238, 235]"
456,"[1915, 1922, 1897, 1192, 1526]"
457,"[1915, 1916, 125, 1928, 1906]"
458,"[1900, 1676, 128, 402, 1915]"
459,"[926, 1617, 1906, 1659, 1095]"
460,"[1836, 1915, 1873, 1832, 1590]"
461,"[1192, 727, 726, 1650, 82]"
462,"[425, 432, 1551, 1901, 1620]"
463,"[1924, 1556, 163, 1884, 1713]"
464,"[1915, 1924, 408, 1299, 1249]"
465,"[468, 1570, 111, 73, 403]"
466,"[926, 885, 1158, 335, 1617]"
467,"[73, 1759, 1764, 468, 111]"
468,"[1900, 18, 1704, 1709, 413]"
469,"[1192, 412, 1570, 1904, 1615]"
470,"[811, 1192, 1071, 413, 415]"
471,"[1255, 1617, 1304, 1904, 1677]"
472,"[110, 1772, 1062, 1063, 16]"
473,"[1924, 1592, 1929, 1042, 1659]"
474,"[853, 276, 1130, 1929, 1902]"
475,"[1915, 1598, 872, 1746, 1249]"
476,"[594, 1513, 542, 1772, 595]"
477,"[403, 1832, 901, 1825, 892]"
478,"[1900, 1543, 1927, 1620, 1074]"
479,"[1599, 112, 890, 1904, 1762]"
480,"[455, 368, 1607, 1255, 1628]"
481,"[1667, 1659, 1617, 1197, 403]"
482,"[1617, 292, 455, 1610, 1924]"
483,"[1607, 1608, 1733, 432, 1157]"
484,"[1884, 1902, 114, 1924, 1552]"
485,"[103, 1705, 1069, 901, 1905]"
486,"[1607, 1517, 1608, 1534, 1613]"
487,"[1567, 901, 16, 114, 1636]"
488,"[1612, 1620, 749, 1666, 1891]"
489,"[425, 1666, 1552, 78, 1902]"
490,"[1915, 1917, 1924, 114, 1561]"
491,"[1549, 1901, 216, 1547, 1604]"
492,"[1608, 1607, 368, 372, 403]"
493,"[1543, 216, 1900, 1618, 1746]"
494,"[1792, 1192, 1599, 884, 1191]"
495,"[1894, 1890, 1884, 1562, 1896]"
496,"[1735, 1737, 1733, 1705, 739]"
497,"[455, 1607, 1613, 1192, 1704]"
498,"[1924, 1598, 1887, 1618, 1892]"
499,"[1192, 1712, 114, 1604, 692]"
500,"[1767, 403, 73, 111, 78]"
501,"[1191, 1523, 1581, 1599, 1192]"
502,"[1536, 1370, 1358, 1363, 1511]"
503,"[1762, 679, 111, 480, 1600]"
504,"[1620, 1074, 1536, 1887, 1885]"
505,"[1889, 1822, 1841, 1840, 1839]"
506,"[1246, 1901, 1772, 110, 1617]"
507,"[1936, 357, 823, 1666, 824]"
508,"[1906, 1528, 903, 1607, 432]"
509,"[1063, 1899, 1620, 1746, 1906]"
510,"[1902, 1552, 1917, 757, 798]"
511,"[114, 16, 1915, 1192, 1636]"
512,"[410, 1202, 372, 1607, 368]"
513,"[1338, 1370, 1584, 282, 1363]"
514,"[1613, 1056, 1607, 1894, 1249]"
515,"[216, 113, 1604, 165, 1733]"
516,"[408, 114, 1592, 1604, 216]"
517,"[1906, 1607, 455, 926, 1904]"
518,"[1620, 1902, 1074, 1917, 95]"
519,"[220, 16, 135, 1058, 1922]"
520,"[788, 787, 1884, 464, 1887]"
521,"[1878, 1707, 1570, 1246, 73]"
522,"[1825, 1592, 1836, 1363, 1873]"
523,"[1809, 1832, 1873, 1836, 823]"
524,"[885, 1752, 1666, 823, 1590]"
525,"[408, 98, 1544, 97, 96]"
526,"[1705, 1924, 1713, 289, 1704]"
527,"[926, 1906, 824, 432, 1666]"
528,"[1613, 1530, 1554, 1191, 257]"
529,"[1772, 594, 212, 639, 749]"
530,"[165, 1191, 1904, 1192, 1705]"
531,"[1915, 1906, 1302, 357, 1104]"
532,"[1607, 1659, 74, 66, 1903]"
533,"[862, 1567, 368, 16, 114]"
534,"[304, 478, 1030, 1074, 443]"
535,"[1307, 1924, 1592, 1887, 1885]"
536,"[73, 37, 1428, 1207, 403]"
537,"[455, 1924, 1884, 114, 1604]"
538,"[478, 1924, 926, 335, 1705]"
539,"[1317, 135, 808, 480, 809]"
540,"[18, 1619, 1709, 1742, 89]"
541,"[1131, 452, 97, 96, 749]"
542,"[1192, 114, 16, 1604, 1600]"
543,"[1915, 1906, 432, 165, 1528]"
544,"[1705, 1899, 1567, 1193, 478]"
545,"[1906, 1873, 1836, 1832, 432]"
546,"[1906, 926, 1528, 432, 1666]"
547,"[1607, 432, 1586, 1836, 885]"
548,"[1924, 478, 1561, 1607, 606]"
549,"[16, 1924, 1884, 860, 1600]"
550,"[605, 1906, 371, 1299, 723]"
551,"[1659, 1915, 1906, 1043, 1302]"
552,"[1567, 368, 1113, 1192, 1896]"
553,"[1607, 432, 765, 1733, 1666]"
554,"[511, 1192, 1607, 1608, 1885]"
555,"[1536, 1772, 1899, 18, 1489]"
556,"[114, 1307, 1192, 1924, 16]"
557,"[1567, 135, 1607, 1885, 1191]"
558,"[478, 1924, 114, 890, 1904]"
559,"[811, 1071, 1899, 1599, 1922]"
560,"[1704, 1705, 1073, 857, 1887]"
561,"[114, 1915, 216, 1192, 1917]"
562,"[1900, 1915, 1902, 890, 922]"
563,"[1704, 834, 527, 1317, 1705]"
564,"[1924, 478, 114, 919, 1610]"
565,"[1620, 1890, 1520, 1887, 515]"
566,"[811, 114, 1924, 1899, 413]"
567,"[628, 1887, 749, 1670, 1886]"
568,"[1915, 1746, 922, 420, 874]"
569,"[1899, 1526, 1567, 1193, 1904]"
570,"[1607, 403, 1249, 1904, 926]"
571,"[1906, 1528, 1191, 1899, 1588]"
572,"[1915, 408, 89, 1746, 1620]"
573,"[1915, 113, 890, 1604, 1924]"
574,"[1567, 135, 1607, 1611, 901]"
575,"[1915, 868, 1903, 1748, 1363]"
576,"[66, 1814, 1813, 903, 1811]"
577,"[1772, 594, 649, 739, 401]"
578,"[1922, 1897, 1249, 1526, 113]"
579,"[1899, 1894, 1904, 1884, 1887]"
580,"[223, 1338, 1590, 1332, 1584]"
581,"[1567, 1604, 259, 1915, 1620]"
582,"[98, 1550, 1620, 1619, 1534]"
583,"[1671, 1745, 1616, 1924, 1534]"
584,"[1705, 1884, 16, 1704, 114]"
585,"[1904, 403, 892, 1723, 282]"
586,"[1592, 1924, 926, 1901, 1915]"
587,"[1899, 1904, 1536, 1924, 114]"
588,"[1809, 403, 624, 1612, 1906]"
589,"[926, 1659, 1193, 1903, 624]"
590,"[1915, 1560, 857, 1302, 655]"
591,"[1884, 116, 1704, 1604, 1249]"
592,"[1613, 1901, 1903, 1535, 1894]"
593,"[420, 1887, 749, 1249, 480]"
594,"[1915, 125, 97, 96, 1638]"
595,"[501, 1900, 1555, 1917, 18]"
596,"[1884, 1064, 1312, 464, 1916]"
597,"[1904, 1567, 1915, 95, 1246]"
598,"[1865, 1929, 1670, 1906, 514]"
599,"[1825, 1705, 403, 1249, 1826]"
600,"[1924, 1705, 1915, 1561, 1617]"
601,"[511, 1832, 1299, 1825, 1901]"
602,"[1836, 1832, 1873, 930, 625]"
603,"[1878, 1707, 1246, 73, 692]"
604,"[1461, 1521, 660, 1704, 1772]"
605,"[1915, 1900, 1917, 408, 1620]"
606,"[1900, 1620, 1074, 1887, 1885]"
607,"[1756, 1607, 901, 748, 844]"
608,"[16, 58, 57, 54, 1604]"
609,"[1924, 114, 478, 1705, 1515]"
610,"[425, 930, 1670, 1901, 1321]"
611,"[58, 54, 57, 828, 440]"
612,"[1726, 692, 1712, 1191, 1523]"
613,"[114, 16, 890, 1604, 1636]"
614,"[1704, 73, 1619, 1705, 480]"
615,"[1915, 1873, 1836, 1832, 677]"
616,"[1279, 926, 125, 1928, 1705]"
617,"[115, 135, 624, 132, 1203]"
618,"[749, 1887, 480, 862, 1554]"
619,"[1906, 1556, 1936, 1086, 1536]"
620,"[835, 1317, 1758, 1704, 1705]"
621,"[102, 409, 97, 96, 1599]"
622,"[1903, 1615, 1617, 1076, 1612]"
623,"[368, 379, 455, 111, 1113]"
624,"[1772, 1704, 480, 1555, 1192]"
625,"[1915, 1618, 890, 114, 1617]"
626,"[1915, 1659, 371, 408, 1906]"
627,"[1772, 1457, 1561, 1932, 501]"
628,"[1677, 363, 898, 1645, 1226]"
629,"[82, 527, 468, 73, 1317]"
630,"[114, 1307, 1192, 1875, 454]"
631,"[1612, 1620, 1074, 1927, 1072]"
632,"[1915, 1917, 114, 478, 1924]"
633,"[677, 1836, 1887, 933, 1768]"
634,"[1915, 1924, 1902, 114, 1552]"
635,"[1193, 1659, 1612, 933, 1620]"
636,"[1878, 1707, 1570, 372, 1246]"
637,"[1772, 594, 542, 1513, 595]"
638,"[1915, 1001, 1193, 368, 1612]"
639,"[1302, 1885, 1490, 903, 1906]"
640,"[1902, 1074, 443, 861, 650]"
641,"[1915, 926, 1618, 1202, 410]"
642,"[1043, 1620, 289, 1906, 823]"
643,"[793, 1313, 749, 1887, 1541]"
644,"[114, 216, 16, 890, 1611]"
645,"[1490, 1705, 403, 1723, 480]"
646,"[1607, 511, 1608, 432, 1705]"
647,"[1511, 351, 1924, 823, 1338]"
648,"[530, 1904, 1192, 113, 1899]"
649,"[1607, 1894, 1608, 1904, 1613]"
650,"[372, 1607, 1613, 1157, 1904]"
651,"[455, 1600, 1192, 1884, 1523]"
652,"[432, 195, 885, 73, 990]"
653,"[114, 1192, 1704, 1705, 1772]"
654,"[1618, 18, 587, 588, 1249]"
655,"[511, 1705, 901, 1704, 1612]"
656,"[1567, 114, 455, 16, 1192]"
657,"[1896, 1567, 1615, 1157, 1608]"
658,"[116, 1249, 114, 1604, 454]"
659,"[455, 1210, 535, 1457, 903]"
660,"[16, 1611, 1884, 1896, 1604]"
661,"[73, 1717, 480, 1225, 111]"
662,"[1191, 1192, 1904, 1523, 1924]"
663,"[114, 1604, 1726, 1192, 1662]"
664,"[114, 1889, 116, 1191, 1704]"
665,"[114, 1924, 216, 1600, 1611]"
666,"[1086, 1936, 1906, 1928, 926]"
667,"[341, 1915, 72, 650, 276]"
668,"[1536, 1591, 1534, 765, 1543]"
669,"[445, 1581, 114, 697, 1273]"
670,"[1404, 501, 1915, 493, 1363]"
671,"[1906, 1904, 511, 514, 599]"
672,"[1072, 282, 1620, 1805, 1778]"
673,"[1192, 1615, 1121, 1011, 1896]"
674,"[1607, 1666, 1617, 1704, 1885]"
675,"[1786, 1320, 749, 1887, 1670]"
676,"[1273, 1246, 1878, 1707, 1931]"
677,"[1900, 114, 1902, 1917, 588]"
678,"[48, 165, 114, 1704, 1204]"
679,"[18, 28, 1733, 125, 1792]"
680,"[1567, 1885, 1607, 1192, 901]"
681,"[1904, 454, 660, 1521, 997]"
682,"[108, 480, 468, 111, 37]"
683,"[408, 216, 442, 150, 28]"
684,"[1705, 111, 688, 480, 687]"
685,"[1608, 1899, 1607, 1526, 1775]"
686,"[1915, 1604, 1620, 1666, 823]"
687,"[1915, 1352, 493, 494, 1363]"
688,"[925, 1592, 938, 403, 1042]"
689,"[1628, 1906, 1070, 1615, 78]"
690,"[468, 111, 511, 432, 1114]"
691,"[1586, 1615, 1607, 1613, 1608]"
692,"[1902, 1924, 1704, 1592, 403]"
693,"[1924, 1884, 1521, 1614, 1610]"
694,"[1192, 1773, 1772, 447, 1744]"
695,"[1902, 1511, 1302, 570, 403]"
696,"[455, 114, 1896, 1613, 1607]"
697,"[1666, 823, 403, 66, 1320]"
698,"[1607, 165, 748, 844, 1746]"
699,"[478, 1924, 1704, 1192, 1401]"
700,"[1192, 1617, 1567, 16, 413]"
701,"[368, 1567, 1157, 862, 1607]"
702,"[480, 73, 1704, 903, 1570]"
703,"[511, 1704, 403, 575, 749]"
704,"[197, 1890, 1592, 1924, 1042]"
705,"[1915, 749, 66, 1249, 446]"
706,"[441, 1922, 1897, 165, 1901]"
707,"[1197, 1831, 1832, 66, 1592]"
708,"[1607, 1659, 432, 1620, 926]"
709,"[291, 1533, 1713, 1550, 1556]"
710,"[1667, 1659, 1617, 1197, 403]"
711,"[1915, 1261, 1901, 420, 1547]"
712,"[1567, 1192, 1896, 16, 135]"
713,"[113, 1192, 1615, 1620, 1903]"
714,"[1551, 421, 1901, 124, 1547]"
715,"[1772, 1899, 1193, 1891, 625]"
716,"[1894, 1592, 1704, 588, 787]"
717,"[926, 1659, 1903, 624, 468]"
718,"[926, 901, 432, 1906, 1528]"
719,"[1112, 478, 1312, 1758, 1884]"
720,"[1191, 861, 1666, 1489, 1554]"
721,"[114, 390, 1115, 1192, 1610]"
722,"[1626, 1746, 681, 1705, 887]"
723,"[1900, 1704, 560, 443, 890]"
724,"[1570, 468, 111, 73, 403]"
725,"[1607, 1191, 372, 1157, 1613]"
726,"[1193, 1612, 1927, 1889, 1525]"
727,"[1188, 677, 1666, 1885, 1894]"
728,"[1896, 455, 1567, 368, 1922]"
729,"[1592, 1628, 1063, 1147, 1249]"
730,"[511, 1809, 1835, 1872, 1873]"
731,"[1607, 1608, 511, 1, 1873]"
732,"[1608, 1636, 1157, 778, 1607]"
733,"[1772, 594, 1513, 542, 878]"
734,"[1900, 1902, 1915, 1917, 1552]"
735,"[1832, 933, 1836, 1873, 1885]"
736,"[1246, 1708, 1613, 1878, 1707]"
737,"[1904, 1607, 1587, 1599, 1527]"
738,"[1098, 114, 466, 1191, 808]"
739,"[1567, 135, 1889, 16, 1072]"
740,"[1705, 1704, 1601, 1726, 582]"
741,"[455, 1113, 1922, 1897, 1896]"
742,"[163, 1036, 925, 423, 1244]"
743,"[468, 1570, 111, 73, 403]"
744,"[1612, 113, 1915, 1193, 530]"
745,"[1113, 992, 368, 1894, 1613]"
746,"[368, 862, 455, 1113, 403]"
747,"[1896, 114, 890, 1072, 1604]"
748,"[1900, 1902, 1915, 1917, 1561]"
749,"[1752, 1043, 1832, 1831, 1887]"
750,"[135, 1799, 1798, 1781, 1782]"
751,"[1620, 1901, 1299, 1887, 1891]"
752,"[114, 1733, 1742, 1878, 1707]"
753,"[116, 1924, 114, 455, 478]"
754,"[409, 1902, 1924, 339, 1889]"
755,"[1299, 1080, 749, 111, 1249]"
756,"[1567, 1588, 16, 1884, 1896]"
757,"[1630, 232, 1003, 236, 237]"
758,"[1789, 1790, 1317, 1793, 1791]"
759,"[1904, 1666, 1620, 164, 926]"
760,"[1074, 1620, 1900, 403, 1831]"
761,"[933, 1809, 1705, 72, 1873]"
762,"[1529, 1192, 1885, 1536, 1070]"
763,"[1608, 1607, 1811, 1885, 749]"
764,"[1192, 1611, 1523, 16, 1601]"
765,"[1900, 1902, 93, 1302, 677]"
766,"[443, 1772, 1088, 349, 1763]"
767,"[594, 1899, 1762, 1193, 595]"
768,"[749, 692, 102, 409, 1746]"
769,"[1612, 1659, 1733, 113, 1193]"
770,"[1878, 1707, 1570, 372, 1246]"
771,"[1193, 1612, 293, 1525, 368]"
772,"[73, 1887, 749, 1742, 403]"
773,"[267, 266, 239, 238, 235]"
774,"[1567, 1746, 1896, 16, 1192]"
775,"[1192, 608, 1600, 451, 1270]"
776,"[1620, 1917, 1902, 1193, 1074]"
777,"[363, 1542, 1613, 1249, 257]"
778,"[1607, 1615, 1608, 1157, 441]"
779,"[149, 915, 347, 964, 966]"
780,"[1915, 926, 403, 1733, 1302]"
781,"[372, 368, 1070, 454, 1192]"
782,"[1915, 408, 1592, 97, 96]"
783,"[1155, 857, 1822, 1842, 892]"
784,"[1733, 73, 1704, 1705, 1006]"
785,"[1761, 1704, 1705, 1760, 1892]"
786,"[1591, 1911, 1592, 270, 1590]"
787,"[1570, 479, 1566, 1785, 828]"
788,"[114, 860, 1523, 1746, 1611]"
789,"[1317, 660, 1704, 480, 1705]"
790,"[885, 1520, 1556, 1620, 1538]"
791,"[16, 1760, 884, 1762, 1705]"
792,"[372, 1894, 368, 454, 1788]"
793,"[1929, 1082, 442, 1902, 403]"
794,"[165, 614, 875, 1130, 1666]"
795,"[368, 1072, 372, 1607, 1604]"
796,"[372, 1636, 292, 1619, 1191]"
797,"[1617, 292, 114, 1192, 1312]"
798,"[1555, 1742, 364, 480, 1192]"
799,"[903, 114, 1705, 1317, 474]"
800,"[1915, 1906, 1638, 1193, 408]"
801,"[412, 1192, 1615, 1903, 113]"
802,"[1620, 1534, 1885, 1887, 1892]"
803,"[1924, 454, 1677, 1592, 464]"
804,"[1915, 1861, 408, 1543, 1620]"
805,"[856, 624, 1772, 1246, 97]"
806,"[114, 1192, 1275, 1405, 1704]"
807,"[1762, 1884, 1904, 1192, 1613]"
808,"[114, 16, 1604, 1192, 1611]"
809,"[216, 441, 1204, 1901, 1025]"
810,"[1070, 692, 1192, 684, 16]"
811,"[1929, 114, 1614, 884, 1192]"
812,"[408, 165, 926, 1911, 60]"
813,"[1070, 1904, 289, 890, 114]"
814,"[1899, 1526, 1063, 1922, 1897]"
815,"[1772, 1922, 1897, 1193, 1905]"
816,"[1030, 1193, 1917, 1338, 1916]"
817,"[1712, 1705, 1704, 1246, 471]"
818,"[1704, 1705, 480, 1063, 1567]"
819,"[1760, 1704, 553, 1605, 1192]"
820,"[1922, 1897, 1526, 1899, 1906]"
821,"[114, 930, 1924, 1929, 1592]"
822,"[1191, 1523, 1904, 1562, 1924]"
823,"[692, 1191, 693, 1601, 1192]"
824,"[165, 1677, 1192, 1901, 1659]"
825,"[339, 718, 1567, 1562, 1655]"
826,"[113, 890, 1922, 1897, 112]"
827,"[1071, 1705, 43, 1904, 1887]"
828,"[1630, 1901, 930, 1592, 425]"
829,"[1567, 530, 1704, 1899, 113]"
830,"[1922, 1897, 1899, 1587, 113]"
831,"[116, 1904, 1191, 289, 455]"
832,"[1671, 1616, 1745, 1071, 1025]"
833,"[116, 114, 1192, 1899, 1724]"
834,"[1924, 1904, 1192, 1785, 1606]"
835,"[925, 1904, 1746, 1924, 928]"
836,"[1902, 206, 969, 955, 970]"
837,"[1636, 693, 1604, 1907, 114]"
838,"[1063, 216, 478, 1924, 749]"
839,"[1899, 1922, 1897, 1526, 1588]"
840,"[478, 1612, 1924, 823, 1885]"
841,"[1615, 1538, 1556, 1924, 1534]"
842,"[1055, 153, 978, 925, 403]"
843,"[1636, 1172, 114, 1069, 1188]"
844,"[1037, 836, 807, 114, 110]"
845,"[1193, 1615, 1607, 1538, 1620]"
846,"[1915, 1590, 1836, 1832, 1197]"
847,"[468, 927, 73, 111, 1588]"
848,"[1627, 1905, 1884, 89, 1904]"
849,"[1878, 1707, 1704, 1761, 1708]"
850,"[1891, 1887, 1511, 484, 1914]"
851,"[95, 1922, 1897, 922, 1620]"
852,"[1905, 1896, 165, 1904, 1526]"
853,"[1261, 1253, 1676, 1298, 1259]"
854,"[280, 1016, 69, 281, 912]"
855,"[114, 626, 1661, 1705, 403]"
856,"[408, 1902, 1917, 1915, 455]"
857,"[250, 1246, 1878, 1707, 1922]"
858,"[1887, 1073, 749, 1891, 1885]"
859,"[1307, 1406, 650, 892, 884]"
860,"[1526, 1899, 1905, 1556, 1538]"
861,"[478, 1077, 1929, 787, 443]"
862,"[1620, 1612, 1587, 1891, 1904]"
863,"[1248, 1666, 1904, 110, 624]"
864,"[1902, 409, 1197, 1915, 1192]"
865,"[1855, 1861, 1915, 1873, 1320]"
866,"[1705, 1612, 1704, 1904, 530]"
867,"[1193, 28, 1536, 1612, 164]"
868,"[1924, 111, 1317, 860, 1904]"
869,"[1904, 1618, 1899, 113, 1887]"
870,"[731, 730, 350, 386, 1729]"
871,"[1246, 1878, 1707, 1705, 1708]"
872,"[113, 890, 112, 1745, 1534]"
873,"[89, 681, 113, 1615, 1620]"
874,"[927, 1905, 1627, 1924, 1922]"
875,"[262, 1013, 1248, 1632, 408]"
876,"[1677, 114, 1248, 219, 1192]"
877,"[1697, 111, 44, 480, 1717]"
878,"[624, 263, 1032, 1193, 110]"
879,"[409, 164, 96, 97, 1746]"
880,"[1922, 1897, 1526, 1899, 1896]"
881,"[1526, 1529, 1192, 1922, 1897]"
882,"[1587, 1615, 1607, 1904, 1906]"
883,"[692, 693, 1726, 1523, 1192]"
884,"[291, 113, 1904, 1073, 1612]"
885,"[1192, 1884, 1312, 1896, 1863]"
886,"[1533, 291, 1312, 1192, 1605]"
887,"[1556, 1538, 1534, 1193, 1745]"
888,"[1713, 121, 1531, 1201, 1701]"
889,"[409, 667, 102, 749, 1887]"
890,"[1904, 860, 1191, 1705, 16]"
891,"[1904, 1307, 113, 1915, 1889]"
892,"[1705, 1704, 1612, 1063, 37]"
893,"[1878, 1707, 1705, 1708, 1246]"
894,"[785, 1167, 1319, 1168, 901]"
895,"[1922, 1897, 1627, 1905, 1896]"
896,"[1193, 1904, 1887, 1077, 1889]"
897,"[1915, 1666, 1193, 1809, 823]"
898,"[1922, 1897, 1905, 1887, 95]"
899,"[1907, 1191, 1523, 1601, 926]"
900,"[1006, 403, 66, 73, 282]"
901,"[1627, 1905, 1193, 1526, 1922]"
902,"[408, 1917, 1676, 1561, 1915]"
903,"[1659, 1592, 262, 1632, 1248]"
904,"[1592, 784, 919, 1014, 1590]"
905,"[1671, 1745, 1616, 1070, 1041]"
906,"[1905, 1587, 1904, 1887, 1922]"
907,"[1193, 403, 1809, 1666, 66]"
908,"[403, 1561, 1193, 66, 930]"
909,"[1904, 1617, 1567, 1899, 890]"
910,"[1704, 1889, 1890, 1705, 1887]"
911,"[1878, 1707, 1191, 1904, 1192]"
912,"[1903, 1922, 1897, 166, 926]"
913,"[403, 1666, 66, 1809, 823]"
914,"[1113, 368, 1613, 1896, 1904]"
915,"[1915, 1526, 1922, 1897, 1899]"
916,"[403, 1902, 1279, 1552, 1821]"
917,"[828, 479, 1768, 837, 1836]"
918,"[1704, 1705, 289, 1772, 1581]"
919,"[1761, 1887, 1885, 1646, 933]"
920,"[113, 1586, 1615, 1538, 1904]"
921,"[113, 612, 1904, 1885, 613]"
922,"[933, 617, 65, 639, 1670]"
923,"[1193, 1924, 1041, 1885, 1040]"
924,"[1357, 484, 1347, 497, 1588]"
925,"[222, 1047, 930, 270, 504]"
926,"[216, 1591, 1592, 821, 1666]"
927,"[1905, 1922, 1897, 1627, 43]"
928,"[1899, 1922, 1897, 1526, 408]"
929,"[1915, 1246, 1878, 1707, 1066]"
930,"[216, 1915, 113, 1677, 1904]"
931,"[1167, 731, 1069, 730, 386]"
932,"[113, 1025, 164, 937, 159]"
933,"[113, 89, 165, 1620, 1613]"
934,"[1561, 1555, 1902, 1604, 1606]"
935,"[18, 406, 1772, 407, 1709]"
936,"[1612, 1927, 1114, 478, 1620]"
937,"[1899, 1615, 1526, 1915, 113]"
938,"[1516, 1344, 1704, 1302, 1705]"
939,"[1878, 1707, 1704, 1246, 1708]"
940,"[1192, 1523, 1904, 860, 1924]"
941,"[1904, 1890, 1191, 1704, 1899]"
942,"[1192, 1604, 1249, 1550, 1915]"
943,"[1902, 1900, 408, 1552, 114]"
944,"[350, 154, 270, 276, 137]"
945,"[1068, 1904, 1191, 1907, 1724]"
946,"[1567, 37, 95, 1904, 1317]"
947,"[933, 930, 74, 1885, 403]"
948,"[1115, 1617, 1534, 1670, 1924]"
949,"[1063, 677, 1646, 93, 1887]"
950,"[1904, 1705, 1746, 98, 1191]"
951,"[1666, 823, 219, 1590, 1911]"
952,"[1772, 1929, 594, 1592, 1666]"
953,"[484, 1627, 1899, 1922, 1897]"
954,"[1884, 1904, 1598, 1890, 1889]"
955,"[1899, 1526, 1891, 1588, 1887]"
956,"[106, 1704, 1890, 1191, 1887]"
957,"[1071, 1905, 1922, 1897, 1884]"
958,"[1708, 1806, 1878, 1707, 1864]"
959,"[1904, 1899, 1536, 113, 1907]"
960,"[1527, 1556, 1533, 1586, 113]"
961,"[1521, 1523, 1604, 1191, 1532]"
962,"[1772, 1424, 111, 1317, 54]"
963,"[1904, 1532, 1562, 1705, 650]"
964,"[1904, 1191, 1890, 375, 78]"
965,"[1924, 1030, 1592, 1906, 1919]"
966,"[89, 114, 1904, 1924, 110]"
967,"[1314, 446, 1063, 1733, 652]"
968,"[926, 1543, 1534, 1906, 1555]"
969,"[1025, 164, 1618, 409, 423]"
970,"[1902, 1900, 1917, 1299, 835]"
971,"[112, 890, 1070, 1904, 113]"
972,"[1878, 1707, 1349, 1246, 115]"
973,"[1922, 1897, 1905, 1615, 1587]"
974,"[4, 749, 919, 111, 575]"
975,"[1193, 1608, 1890, 432, 1620]"
976,"[927, 441, 1592, 1526, 1528]"
977,"[256, 218, 217, 971, 260]"
978,"[1726, 692, 1192, 1523, 1712]"
979,"[403, 990, 163, 1809, 1666]"
980,"[267, 266, 239, 238, 235]"
981,"[1072, 886, 1490, 1809, 1705]"
982,"[1065, 785, 812, 320, 279]"
983,"[1924, 1586, 1620, 1887, 1608]"
984,"[1677, 408, 1911, 1534, 1193]"
985,"[1063, 890, 113, 1899, 1587]"
986,"[1922, 1897, 1526, 1899, 113]"
987,"[1193, 165, 1536, 1659, 1677]"
988,"[1191, 1904, 1613, 1562, 1523]"
989,"[1915, 1592, 930, 65, 1299]"
990,"[1899, 1526, 113, 1922, 1897]"
991,"[1063, 704, 1762, 1899, 1758]"
992,"[106, 1899, 1926, 1890, 1904]"
993,"[408, 1900, 1543, 749, 1666]"
994,"[1924, 478, 781, 1304, 1646]"
995,"[289, 1592, 1885, 1104, 749]"
996,"[1197, 673, 1247, 787, 788]"
997,"[1671, 927, 1616, 1745, 1025]"
998,"[1904, 1191, 860, 1192, 1523]"
999,"[1566, 1592, 1885, 749, 296]"
1000,"[1386, 1567, 1591, 53, 1733]"
1001,"[1063, 1905, 1627, 1587, 460]"
1002,"[1567, 1887, 1894, 95, 1746]"
1003,"[1567, 1890, 1887, 1889, 1886]"
1004,"[1809, 1620, 796, 1746, 930]"
1005,"[1809, 1363, 1334, 1358, 1352]"
1006,"[1915, 102, 1924, 409, 1610]"
1007,"[933, 1929, 1073, 1010, 225]"
1008,"[1246, 1878, 1707, 909, 1772]"
1009,"[1903, 1620, 403, 892, 1612]"
1010,"[1523, 1521, 890, 113, 1924]"
1011,"[1713, 703, 650, 1536, 1655]"
1012,"[692, 693, 1601, 1192, 1726]"
1013,"[1746, 1905, 1899, 1922, 1897]"
1014,"[1193, 446, 1620, 1197, 625]"
1015,"[1627, 1905, 1615, 1586, 1922]"
1016,"[1915, 113, 1899, 1922, 1897]"
1017,"[1901, 1915, 1592, 1861, 1822]"
1018,"[89, 1904, 165, 1627, 1894]"
1019,"[1922, 1897, 1086, 1894, 150]"
1020,"[650, 1704, 687, 1705, 44]"
1021,"[1523, 1521, 1896, 455, 1904]"
1022,"[113, 1536, 432, 1924, 926]"
1023,"[1521, 1610, 43, 44, 1605]"
1024,"[408, 1659, 1059, 1746, 446]"
1025,"[1904, 1316, 1601, 1191, 1705]"
1026,"[1424, 111, 1317, 1624, 54]"
1027,"[1072, 1704, 1620, 1892, 1885]"
1028,"[1772, 1513, 542, 1708, 1863]"
1029,"[1915, 1560, 1030, 1902, 369]"
1030,"[443, 95, 649, 807, 660]"
1031,"[1836, 1873, 1832, 1825, 1670]"
1032,"[1567, 1904, 95, 37, 93]"
1033,"[1255, 1906, 1536, 1556, 1666]"
1034,"[1924, 275, 16, 1249, 860]"
1035,"[657, 648, 1670, 930, 1320]"
1036,"[165, 1069, 1248, 375, 1193]"
1037,"[1607, 1885, 1536, 1892, 1887]"
1038,"[1726, 1523, 1601, 1192, 1536]"
1039,"[1557, 1555, 1619, 1617, 1890]"
1040,"[964, 1073, 1902, 291, 289]"
1041,"[823, 1649, 824, 286, 258]"
1042,"[442, 1652, 1080, 1733, 1284]"
1043,"[981, 985, 270, 915, 213]"
1044,"[1915, 408, 926, 890, 125]"
1045,"[415, 613, 417, 416, 1247]"
1046,"[1592, 1590, 1299, 1832, 1302]"
1047,"[1915, 1924, 1590, 1592, 1902]"
1048,"[933, 102, 504, 930, 749]"
1049,"[749, 921, 175, 1670, 938]"
1050,"[1192, 1904, 1066, 116, 114]"
1051,"[113, 925, 1534, 1733, 926]"
1052,"[403, 452, 1197, 1670, 1320]"
1053,"[936, 1566, 1885, 1901, 1547]"
1054,"[216, 1359, 786, 527, 1436]"
1055,"[95, 1063, 37, 1762, 1567]"
1056,"[1373, 1338, 1449, 543, 1383]"
1057,"[1620, 1626, 749, 1723, 107]"
1058,"[1536, 289, 1192, 1705, 1249]"
1059,"[1191, 1904, 1600, 860, 1890]"
1060,"[1904, 860, 1191, 1705, 16]"
1061,"[1590, 1705, 1752, 1704, 823]"
1062,"[1704, 1705, 454, 682, 1192]"
1063,"[1733, 113, 165, 739, 89]"
1064,"[1191, 1666, 1193, 1906, 78]"
1065,"[930, 1659, 786, 1592, 1666]"
1066,"[1065, 1927, 1613, 1193, 1612]"
1067,"[1915, 1299, 1676, 165, 926]"
1068,"[1772, 1192, 1878, 1707, 1246]"
1069,"[807, 412, 1792, 24, 28]"
1070,"[164, 113, 1922, 1897, 890]"
1071,"[933, 930, 1825, 1433, 786]"
1072,"[1904, 1705, 1746, 97, 96]"
1073,"[1523, 1904, 1538, 43, 1562]"
1074,"[1892, 1670, 93, 95, 478]"
1075,"[1915, 787, 478, 1934, 1924]"
1076,"[933, 442, 1088, 1855, 286]"
1077,"[1615, 478, 1924, 1884, 290]"
1078,"[1904, 1890, 926, 1556, 1887]"
1079,"[24, 446, 1534, 164, 1924]"
1080,"[1659, 1279, 1299, 403, 1873]"
1081,"[406, 1890, 1061, 1592, 1666]"
1082,"[572, 1761, 1246, 1762, 1878]"
1083,"[1899, 1904, 1193, 113, 1922]"
1084,"[1900, 1543, 1495, 1723, 1831]"
1085,"[265, 1130, 222, 1136, 787]"
1086,"[1904, 1627, 1562, 1191, 1890]"
1087,"[116, 1924, 1904, 1655, 700]"
1088,"[1069, 1567, 114, 1733, 1604]"
1089,"[1014, 1046, 1592, 1929, 1590]"
1090,"[1924, 1620, 1885, 624, 1899]"
1091,"[599, 468, 597, 1690, 593]"
1092,"[959, 965, 1488, 1590, 1704]"
1093,"[1574, 479, 468, 480, 72]"
1094,"[1733, 108, 824, 887, 1773]"
1095,"[1590, 1753, 1809, 885, 1885]"
1096,"[1915, 497, 1887, 1561, 1825]"
1097,"[1924, 1588, 1922, 1561, 1620]"
1098,"[1437, 1215, 37, 1114, 135]"
1099,"[4, 749, 1199, 1201, 1670]"
1100,"[409, 1615, 1713, 1915, 478]"
1101,"[1612, 933, 1891, 1670, 1055]"
1102,"[1924, 1904, 1762, 1775, 1884]"
1103,"[106, 778, 682, 1913, 1908]"
1104,"[1096, 1106, 451, 443, 1691]"
1105,"[1855, 236, 1003, 237, 232]"
1106,"[106, 1600, 1899, 1904, 1704]"
1107,"[28, 1612, 1193, 890, 113]"
1108,"[1253, 1258, 1676, 72, 1260]"
1109,"[1704, 1246, 1878, 1707, 530]"
1110,"[1210, 1704, 111, 1705, 503]"
1111,"[1246, 471, 1744, 1878, 1707]"
1112,"[291, 688, 1538, 1556, 1608]"
1113,"[1046, 702, 1772, 408, 1123]"
1114,"[1192, 471, 114, 18, 1264]"
1115,"[37, 557, 1448, 480, 1723]"
1116,"[1922, 1897, 1907, 1924, 1905]"
1117,"[1922, 1897, 890, 1899, 1526]"
1118,"[1304, 783, 1893, 1607, 1677]"
1119,"[692, 1192, 1726, 1600, 111]"
1120,"[1612, 1620, 1193, 1574, 1927]"
1121,"[1705, 890, 1533, 112, 1704]"
1122,"[276, 1016, 136, 1915, 114]"
1123,"[1073, 1543, 1620, 1076, 1036]"
1124,"[1544, 1915, 1204, 1534, 1607]"
1125,"[1901, 1592, 216, 1746, 930]"
1126,"[1878, 1707, 440, 1904, 324]"
1127,"[1627, 1905, 1587, 819, 1904]"
1128,"[1612, 37, 1762, 403, 1758]"
1129,"[114, 1534, 1192, 89, 1878]"
1130,"[276, 1907, 1905, 1527, 1616]"
1131,"[522, 1885, 593, 595, 597]"
1132,"[990, 403, 408, 1511, 1659]"
1133,"[1902, 1900, 1543, 1552, 1201]"
1134,"[1902, 1924, 1042, 455, 288]"
1135,"[1138, 1705, 1204, 689, 614]"
1136,"[1636, 1614, 1610, 363, 438]"
1137,"[165, 1906, 1911, 1618, 89]"
1138,"[1922, 1897, 1526, 430, 1259]"
1139,"[73, 1087, 75, 1717, 403]"
1140,"[1723, 468, 73, 480, 1101]"
1141,"[1926, 1556, 291, 37, 1887]"
1142,"[1832, 1873, 1836, 1809, 1704]"
1143,"[102, 97, 1915, 112, 1521]"
1144,"[408, 276, 1902, 1255, 1016]"
1145,"[1210, 587, 1511, 1404, 1509]"
1146,"[290, 1122, 1696, 1615, 276]"
1147,"[1070, 339, 1889, 1904, 1892]"
1148,"[149, 723, 1680, 51, 1885]"
1149,"[379, 1704, 1889, 1890, 1191]"
1150,"[1915, 440, 413, 891, 368]"
1151,"[599, 468, 593, 597, 595]"
1152,"[1904, 1192, 1274, 612, 1638]"
1153,"[926, 478, 1155, 1924, 624]"
1154,"[1405, 135, 828, 1705, 16]"
1155,"[739, 1733, 432, 1924, 1592]"
1156,"[1590, 408, 1592, 1915, 1659]"
1157,"[1809, 1885, 926, 933, 1534]"
1158,"[114, 1192, 1705, 1704, 413]"
1159,"[1890, 116, 1704, 113, 1746]"
1160,"[692, 1726, 693, 1604, 1523]"
1161,"[1193, 1612, 1723, 1279, 1885]"
1162,"[1904, 1192, 1532, 110, 1523]"
1163,"[1905, 1588, 1899, 1922, 1897]"
1164,"[885, 1249, 1072, 1592, 926]"
1165,"[735, 1073, 926, 1670, 930]"
1166,"[1006, 1632, 261, 1013, 267]"
1167,"[325, 1495, 707, 499, 922]"
1168,"[1075, 1193, 408, 1255, 403]"
1169,"[1915, 1906, 1592, 408, 1902]"
1170,"[1924, 1705, 1600, 111, 860]"
1171,"[1915, 1592, 1646, 1887, 478]"
1172,"[1904, 1704, 1760, 1536, 111]"
1173,"[113, 28, 890, 1904, 1896]"
1174,"[1904, 1192, 1523, 1191, 1924]"
1175,"[1677, 211, 1911, 212, 213]"
1176,"[1246, 1878, 1707, 250, 1610]"
1177,"[44, 110, 689, 1599, 439]"
1178,"[692, 1890, 1726, 693, 1523]"
1179,"[1750, 1924, 1901, 430, 1746]"
1180,"[412, 110, 1246, 1897, 1733]"
1181,"[1915, 1498, 548, 259, 930]"
1182,"[1889, 1887, 749, 1670, 1201]"
1183,"[403, 1787, 1428, 1791, 907]"
1184,"[275, 1317, 1878, 1707, 413]"
1185,"[1581, 1192, 111, 91, 1317]"
1186,"[1041, 1562, 1489, 1589, 1191]"
1187,"[289, 1135, 1900, 1916, 360]"
1188,"[1204, 265, 403, 284, 865]"
1189,"[1889, 892, 901, 1891, 926]"
1190,"[1247, 930, 522, 613, 1885]"
1191,"[1620, 165, 1604, 1924, 1733]"
1192,"[1896, 455, 1904, 1567, 1192]"
1193,"[1612, 1705, 1704, 1889, 73]"
1194,"[1906, 1916, 1030, 823, 1590]"
1195,"[1575, 1281, 437, 1929, 446]"
1196,"[437, 1575, 216, 402, 1904]"
1197,"[1899, 1526, 1907, 1922, 1897]"
1198,"[114, 890, 1899, 1906, 216]"
1199,"[890, 291, 1604, 113, 926]"
1200,"[1889, 1768, 1904, 1567, 860]"
1201,"[1772, 1363, 650, 927, 276]"
1202,"[1604, 1618, 890, 1536, 1192]"
1203,"[1922, 1897, 1915, 1526, 1746]"
1204,"[1192, 1904, 1704, 1746, 1906]"
1205,"[1610, 1666, 1904, 1733, 605]"
1206,"[1325, 1675, 1677, 1323, 1911]"
1207,"[1836, 211, 153, 915, 270]"
1208,"[1832, 1836, 1873, 1484, 550]"
1209,"[1905, 1627, 1527, 89, 165]"
1210,"[1772, 1299, 18, 1317, 1006]"
1211,"[1890, 1889, 1904, 116, 1768]"
1212,"[1922, 1897, 1905, 1627, 1615]"
1213,"[1704, 110, 319, 1705, 1760]"
1214,"[74, 1619, 403, 70, 1248]"
1215,"[1592, 408, 165, 1659, 97]"
1216,"[1836, 1873, 1832, 1825, 1835]"
1217,"[406, 407, 1906, 1924, 478]"
1218,"[1539, 1891, 1114, 1887, 1617]"
1219,"[1157, 1894, 1613, 1904, 1542]"
1220,"[890, 1533, 1523, 1534, 1610]"
1221,"[1604, 1192, 1601, 1726, 114]"
1222,"[1567, 1620, 901, 1904, 95]"
1223,"[1904, 1191, 1704, 1562, 1746]"
1224,"[1904, 106, 1157, 1899, 1063]"
1225,"[1878, 1707, 73, 1246, 1317]"
1226,"[1197, 1889, 1752, 1524, 339]"
1227,"[1915, 605, 408, 114, 1659]"
1228,"[933, 1809, 1659, 403, 1193]"
1229,"[16, 1192, 1523, 1191, 455]"
1230,"[1760, 447, 1704, 114, 1192]"
1231,"[1523, 860, 1192, 1277, 111]"
1232,"[624, 403, 1006, 1900, 655]"
1233,"[1915, 702, 823, 95, 1887]"
1234,"[1915, 1705, 759, 1885, 1561]"
1235,"[1705, 113, 1704, 412, 1904]"
1236,"[1904, 860, 1191, 1705, 16]"
1237,"[1620, 1520, 1044, 1551, 930]"
1238,"[1049, 1626, 926, 425, 739]"
1239,"[1285, 1279, 1575, 1704, 66]"
1240,"[1704, 291, 1705, 454, 1904]"
1241,"[222, 1047, 1933, 639, 111]"
1242,"[95, 93, 1646, 874, 478]"
1243,"[1063, 1612, 1539, 1891, 59]"
1244,"[1904, 1905, 1527, 811, 1520]"
1245,"[1915, 688, 692, 320, 1091]"
1246,"[97, 96, 1536, 1561, 116]"
1247,"[89, 1613, 113, 165, 1896]"
1248,"[1904, 1600, 111, 44, 73]"
1249,"[1922, 1897, 1899, 1526, 1906]"
1250,"[1878, 1707, 1705, 1246, 1708]"
1251,"[1071, 1587, 1904, 403, 1317]"
1252,"[113, 1904, 114, 1885, 1915]"
1253,"[1924, 478, 1904, 1523, 409]"
1254,"[1246, 1176, 1878, 1707, 1063]"
1255,"[915, 952, 964, 911, 149]"
1256,"[1050, 1033, 1899, 1890, 1119]"
1257,"[1534, 1118, 478, 1924, 1070]"
1258,"[1904, 1587, 1628, 1772, 95]"
1259,"[432, 403, 552, 1836, 885]"
1260,"[1924, 113, 890, 926, 1746]"
1261,"[1899, 43, 1887, 1904, 1922]"
1262,"[260, 1055, 1060, 981, 1049]"
1263,"[1907, 1526, 1899, 1922, 1897]"
1264,"[1258, 1676, 1261, 1259, 1298]"
1265,"[749, 1706, 511, 866, 892]"
1266,"[1924, 478, 1704, 1191, 1904]"
1267,"[1904, 1746, 1890, 1921, 1191]"
1268,"[1533, 1529, 1193, 1191, 1554]"
1269,"[58, 57, 54, 1249, 691]"
1270,"[116, 1704, 1890, 1191, 106]"
1271,"[1567, 1072, 1069, 1613, 37]"
1272,"[350, 1055, 1591, 1666, 1046]"
1273,"[1246, 807, 1204, 606, 790]"
1274,"[113, 1534, 1556, 1521, 1554]"
1275,"[1904, 114, 1192, 1890, 1884]"
1276,"[1899, 1904, 1556, 1599, 1884]"
1277,"[1192, 18, 1863, 652, 1935]"
1278,"[1601, 692, 1726, 1523, 1192]"
1279,"[1906, 1924, 1592, 1928, 1030]"
1280,"[1562, 432, 708, 433, 1599]"
1281,"[1922, 1897, 1615, 1587, 1906]"
1282,"[749, 1701, 1670, 113, 403]"
1283,"[1666, 408, 930, 66, 604]"
1284,"[1924, 1904, 1562, 1890, 1192]"
1285,"[1772, 1924, 527, 468, 630]"
1286,"[1527, 1587, 289, 1620, 1615]"
1287,"[1363, 403, 1197, 1666, 1705]"
1288,"[1899, 1536, 926, 1534, 1193]"
1289,"[1240, 1705, 1904, 289, 1241]"
1290,"[1063, 37, 1733, 1567, 1904]"
1291,"[1915, 1902, 1552, 288, 108]"
1292,"[1125, 692, 1560, 1915, 165]"
1293,"[1924, 484, 930, 933, 1887]"
1294,"[823, 403, 222, 1666, 270]"
1295,"[1246, 1878, 1707, 909, 1513]"
1296,"[1733, 778, 901, 1929, 1887]"
1297,"[261, 222, 408, 1009, 1013]"
1298,"[1922, 1897, 314, 1733, 1070]"
1299,"[1104, 1592, 1902, 1561, 1885]"
1300,"[1071, 1924, 1922, 1897, 1905]"
1301,"[1905, 1922, 1897, 1627, 43]"
1302,"[1929, 1590, 1873, 1836, 1486]"
1303,"[1899, 1922, 1897, 1904, 1887]"
1304,"[1135, 1041, 1073, 1017, 165]"
1305,"[1587, 819, 1191, 1904, 113]"
1306,"[1363, 1836, 1592, 1872, 1590]"
1307,"[1722, 686, 688, 403, 1906]"
1308,"[1904, 1889, 1890, 1562, 1705]"
1309,"[1904, 1890, 1887, 1191, 860]"
1310,"[1627, 1905, 1063, 1587, 1904]"
1311,"[926, 1659, 1903, 624, 446]"
1312,"[1191, 1904, 1899, 1598, 1025]"
1313,"[1705, 1704, 1612, 1063, 1887]"
1314,"[261, 262, 252, 1009, 1013]"
1315,"[933, 625, 930, 1666, 1670]"
1316,"[432, 1191, 1607, 1904, 624]"
1317,"[1922, 1897, 1907, 1063, 1697]"
1318,"[159, 937, 1363, 497, 66]"
1319,"[1809, 403, 66, 886, 72]"
1320,"[926, 1618, 1677, 1617, 1906]"
1321,"[790, 872, 723, 898, 739]"
1322,"[1904, 1705, 1890, 1704, 1598]"
1323,"[1193, 1901, 786, 1433, 933]"
1324,"[1692, 903, 403, 1704, 1317]"
1325,"[1612, 749, 1193, 1927, 1114]"
1326,"[1599, 296, 1192, 308, 1581]"
1327,"[403, 1666, 1815, 719, 824]"
1328,"[1904, 1192, 1532, 166, 409]"
1329,"[1906, 1904, 106, 1887, 1885]"
1330,"[1063, 1905, 1627, 1922, 1897]"
1331,"[739, 385, 276, 785, 1733]"
1332,"[1904, 1611, 1191, 116, 1249]"
1333,"[1033, 1905, 1636, 150, 1613]"
1334,"[1192, 1255, 1260, 1298, 1256]"
1335,"[1612, 1620, 1626, 1063, 1615]"
1336,"[216, 806, 28, 625, 40]"
1337,"[656, 637, 657, 1924, 1659]"
1338,"[1666, 823, 403, 1055, 1670]"
1339,"[660, 1704, 1523, 884, 343]"
1340,"[1922, 1897, 1615, 1905, 1587]"
1341,"[43, 1904, 1529, 1587, 1922]"
1342,"[1922, 1897, 1627, 1615, 1905]"
1343,"[919, 934, 924, 938, 925]"
1344,"[1071, 868, 1701, 1063, 413]"
1345,"[1550, 165, 1646, 1771, 1670]"
1346,"[1899, 1588, 478, 1922, 1897]"
1347,"[1890, 1556, 1885, 1598, 1886]"
1348,"[125, 1906, 165, 164, 926]"
1349,"[1924, 1899, 1887, 890, 1526]"
1350,"[113, 1613, 165, 1926, 1620]"
1351,"[408, 1917, 1902, 612, 412]"
1352,"[106, 210, 1889, 1885, 1887]"
1353,"[1590, 1704, 1457, 1511, 1249]"
1354,"[1623, 1907, 1887, 1705, 37]"
1355,"[687, 1581, 692, 1772, 1605]"
1356,"[1358, 1370, 1363, 1338, 1334]"
1357,"[1904, 1567, 860, 1896, 95]"
1358,"[1924, 1193, 1904, 921, 1885]"
1359,"[432, 1607, 1192, 1608, 624]"
1360,"[1901, 1592, 1619, 660, 1721]"
1361,"[1922, 1897, 1905, 1899, 928]"
1362,"[1915, 1620, 901, 478, 1924]"
1363,"[1836, 1873, 1885, 933, 1887]"
1364,"[1112, 692, 116, 454, 1070]"
1365,"[1906, 926, 1607, 1600, 1904]"
1366,"[128, 1899, 95, 892, 1887]"
1367,"[1114, 1733, 74, 892, 1666]"
1368,"[926, 1915, 478, 922, 1902]"
1369,"[885, 1607, 824, 1205, 1666]"
1370,"[1567, 1878, 1707, 37, 73]"
1371,"[1904, 1899, 113, 1193, 1896]"
1372,"[419, 1906, 1890, 1552, 1543]"
1373,"[1914, 1034, 1612, 1902, 1900]"
1374,"[1192, 647, 1742, 650, 1904]"
1375,"[1887, 1567, 1191, 1915, 1904]"
1376,"[1906, 1528, 1255, 1193, 1666]"
1377,"[1884, 1904, 454, 1762, 1192]"
1378,"[1889, 1904, 1567, 1768, 1191]"
1379,"[368, 1054, 320, 1704, 884]"
1380,"[1925, 89, 1073, 1534, 425]"
1381,"[1590, 1488, 1249, 719, 823]"
1382,"[1063, 1646, 37, 216, 1611]"
1383,"[1902, 114, 890, 112, 1899]"
1384,"[1543, 1130, 107, 1893, 650]"
1385,"[1762, 1758, 1612, 1891, 1914]"
1386,"[468, 1901, 1704, 73, 16]"
1387,"[1580, 1157, 1124, 1176, 110]"
1388,"[1904, 1192, 1610, 440, 926]"
1389,"[1612, 114, 110, 1889, 1027]"
1390,"[1705, 1249, 535, 554, 1461]"
1391,"[1192, 1904, 1889, 379, 1896]"
1392,"[1554, 1520, 1518, 1772, 1564]"
1393,"[1197, 114, 1610, 667, 637]"
1394,"[1733, 1307, 903, 1902, 468]"
1395,"[4, 1459, 1679, 468, 14]"
1396,"[1772, 828, 594, 1513, 927]"
1397,"[16, 1192, 1241, 884, 860]"
1398,"[1543, 1552, 408, 737, 1640]"
1399,"[1604, 1192, 1726, 692, 111]"
1400,"[443, 95, 1063, 1922, 1897]"
1401,"[276, 1924, 1319, 1696, 108]"
1402,"[1705, 1896, 1704, 1567, 1601]"
1403,"[1893, 1626, 1713, 98, 1556]"
1404,"[368, 1710, 691, 1604, 1636]"
1405,"[1246, 1772, 509, 513, 1193]"
1406,"[165, 89, 1033, 128, 113]"
1407,"[1021, 575, 564, 567, 566]"
1408,"[1592, 1338, 1484, 550, 1322]"
1409,"[1922, 1897, 1903, 1615, 1905]"
1410,"[1607, 74, 819, 511, 1885]"
1411,"[1192, 1889, 1904, 135, 1191]"
1412,"[1855, 65, 930, 903, 1836]"
1413,"[1191, 1890, 1904, 116, 1600]"
1414,"[1904, 1191, 1890, 1489, 1532]"
1415,"[1902, 114, 408, 454, 624]"
1416,"[403, 1592, 1590, 1666, 1885]"
1417,"[1705, 1613, 1905, 1704, 1914]"
1418,"[408, 97, 171, 1924, 1677]"
1419,"[1659, 1320, 933, 925, 403]"
1420,"[1906, 1887, 1114, 1891, 1354]"
1421,"[1523, 1157, 1192, 109, 811]"
1422,"[1587, 1904, 43, 1613, 1896]"
1423,"[692, 1192, 1604, 1726, 1611]"
1424,"[679, 445, 1204, 1249, 16]"
1425,"[1147, 443, 1692, 1567, 650]"
1426,"[1907, 926, 1618, 1885, 1193]"
1427,"[1612, 1539, 1567, 1617, 1899]"
1428,"[1891, 1063, 1539, 1899, 1617]"
1429,"[1836, 1828, 1837, 1833, 1832]"
1430,"[1904, 1567, 43, 1887, 95]"
1431,"[1929, 1592, 1884, 1555, 1935]"
1432,"[1922, 1897, 89, 1526, 1063]"
1433,"[1534, 113, 114, 1733, 1924]"
1434,"[1878, 1707, 1246, 1705, 1708]"
1435,"[50, 500, 1623, 1192, 1898]"
1436,"[1712, 1889, 1705, 471, 599]"
1437,"[1704, 1885, 1890, 1666, 1025]"
1438,"[1627, 1899, 1905, 1904, 113]"
1439,"[1612, 1620, 1074, 1927, 1891]"
1440,"[1193, 1620, 1612, 926, 901]"
1441,"[1248, 1193, 252, 262, 1009]"
1442,"[1610, 124, 408, 1307, 872]"
1443,"[1704, 1612, 1620, 926, 1587]"
1444,"[478, 1077, 1073, 291, 1706]"
1445,"[1915, 1592, 788, 1511, 1249]"
1446,"[1063, 1899, 1907, 1526, 1922]"
1447,"[1192, 1659, 1903, 643, 1893]"
1448,"[1556, 1904, 1489, 1532, 1562]"
1449,"[1529, 113, 890, 1193, 926]"
1450,"[1677, 273, 1607, 1255, 1893]"
1451,"[1902, 1900, 1552, 1561, 1560]"
1452,"[53, 1119, 1027, 1073, 1925]"
1453,"[1789, 1790, 1792, 114, 1922]"
1454,"[1030, 97, 96, 98, 1526]"
1455,"[1620, 1055, 933, 1885, 930]"
1456,"[1192, 673, 1607, 1924, 1521]"
1457,"[1521, 1887, 43, 884, 1523]"
1458,"[1792, 1922, 1897, 1786, 1904]"
1459,"[1096, 1099, 1082, 498, 282]"
1460,"[1922, 1897, 1615, 1905, 1586]"
1461,"[1924, 408, 1902, 1592, 1929]"
1462,"[113, 530, 1904, 1899, 95]"
1463,"[113, 890, 1618, 1885, 97]"
1464,"[1063, 1922, 1897, 1529, 1887]"
1465,"[1545, 97, 96, 446, 425]"
1466,"[926, 823, 824, 1666, 403]"
1467,"[933, 930, 879, 876, 124]"
1468,"[687, 667, 409, 1192, 884]"
1469,"[1040, 1133, 409, 1885, 898]"
1470,"[720, 988, 1591, 1592, 1590]"
1471,"[1905, 1627, 1587, 43, 1904]"
1472,"[1523, 1192, 926, 1899, 1601]"
1473,"[1915, 408, 1666, 930, 1303]"
1474,"[114, 1317, 403, 1077, 1428]"
1475,"[1915, 1646, 1887, 1899, 1620]"
1476,"[594, 1772, 1580, 1513, 542]"
1477,"[1612, 1519, 1567, 1901, 1891]"
1478,"[1905, 113, 1627, 1526, 1924]"
1479,"[1067, 1904, 1536, 1724, 339]"
1480,"[1613, 113, 1627, 1587, 164]"
1481,"[1915, 1899, 478, 1526, 1536]"
1482,"[1922, 1897, 1607, 1615, 1904]"
1483,"[446, 677, 571, 403, 567]"
1484,"[106, 1704, 1758, 1887, 1889]"
1485,"[1590, 1591, 1919, 1592, 410]"
1486,"[1201, 1628, 665, 1700, 930]"
1487,"[1193, 1915, 1836, 933, 930]"
1488,"[1924, 409, 1677, 1904, 1666]"
1489,"[1636, 438, 901, 1637, 926]"
1490,"[926, 291, 711, 1070, 454]"
1491,"[289, 1600, 1606, 691, 110]"
1492,"[1592, 1836, 933, 1873, 1666]"
1493,"[113, 1904, 1554, 1556, 890]"
1494,"[291, 1904, 166, 1562, 1191]"
1495,"[1071, 1080, 1636, 926, 1733]"
1496,"[1924, 1192, 114, 1521, 1504]"
1497,"[1567, 135, 16, 1607, 901]"
1498,"[1112, 29, 1697, 44, 1640]"
1499,"[1825, 1316, 575, 562, 564]"
1500,"[1761, 1072, 1567, 1705, 1896]"
1501,"[1607, 1517, 1363, 1904, 403]"
1502,"[116, 1915, 1618, 926, 1604]"
1503,"[1157, 368, 1113, 1613, 1896]"
1504,"[1704, 1705, 73, 1317, 1006]"
1505,"[926, 1279, 1666, 1626, 1904]"
1506,"[432, 1705, 1704, 1752, 403]"
1507,"[432, 1607, 1906, 1608, 1191]"
1508,"[1884, 1604, 466, 467, 1924]"
1509,"[1607, 1894, 511, 1599, 1904]"
1510,"[1409, 1466, 1338, 903, 1887]"
1511,"[1836, 1873, 722, 1832, 347]"
1512,"[432, 163, 1072, 1587, 1613]"
1513,"[421, 1620, 432, 1193, 195]"
1514,"[1016, 278, 274, 270, 216]"
1515,"[1521, 361, 16, 818, 1249]"
1516,"[1567, 135, 1607, 901, 403]"
1517,"[1338, 408, 1902, 1561, 1352]"
1518,"[1567, 37, 95, 1705, 93]"
1519,"[114, 1567, 16, 1192, 1604]"
1520,"[637, 1670, 749, 1197, 403]"
1521,"[793, 794, 867, 866, 314]"
1522,"[749, 1861, 1901, 1612, 1889]"
1523,"[890, 112, 1599, 1746, 1904]"
1524,"[1567, 114, 16, 1192, 1772]"
1525,"[1192, 1878, 1707, 329, 1615]"
1526,"[1659, 1332, 824, 823, 1630]"
1527,"[1612, 1890, 1888, 1889, 1887]"
1528,"[409, 102, 1599, 1555, 1618]"
1529,"[749, 1670, 1320, 1541, 403]"
1530,"[1552, 1890, 1887, 1904, 1529]"
1531,"[372, 368, 1896, 1191, 1904]"
1532,"[1704, 403, 111, 1428, 73]"
1533,"[1317, 1344, 403, 73, 1083]"
1534,"[1072, 1792, 1787, 1788, 1896]"
1535,"[1598, 1936, 1904, 926, 1899]"
1536,"[892, 1612, 66, 1114, 927]"
1537,"[1705, 1072, 1567, 1805, 37]"
1538,"[1915, 1567, 114, 16, 110]"
1539,"[164, 1627, 1905, 1922, 1897]"
1540,"[1604, 659, 114, 111, 1600]"
1541,"[1902, 1915, 1620, 1193, 1074]"
1542,"[1567, 16, 114, 1896, 1926]"
1543,"[1721, 1105, 471, 1772, 1605]"
1544,"[1612, 1279, 1620, 403, 1927]"
1545,"[1523, 1192, 1601, 1604, 1712]"
1546,"[1900, 1187, 1917, 798, 587]"
1547,"[468, 1570, 111, 73, 403]"
1548,"[1833, 1828, 1837, 1249, 1192]"
1549,"[1567, 1666, 53, 1013, 267]"
1550,"[1157, 1192, 1704, 1666, 1613]"
1551,"[1302, 447, 72, 1317, 1809]"
1552,"[1592, 408, 926, 1591, 1620]"
1553,"[73, 704, 758, 1114, 135]"
1554,"[135, 1607, 1567, 403, 480]"
1555,"[1567, 135, 16, 1607, 901]"
1556,"[1902, 1924, 1068, 1900, 1552]"
1557,"[1244, 423, 403, 749, 1183]"
1558,"[1924, 1604, 464, 1600, 1884]"
1559,"[1072, 372, 480, 111, 1723]"
1560,"[1567, 1072, 93, 95, 37]"
1561,"[16, 114, 1742, 1896, 884]"
1562,"[1924, 464, 1120, 291, 687]"
1563,"[1567, 368, 372, 862, 95]"
1564,"[1904, 1192, 114, 1705, 1704]"
1565,"[1607, 1613, 1615, 1904, 1608]"
1566,"[468, 111, 527, 1622, 749]"
1567,"[432, 1666, 1488, 1756, 1906]"
1568,"[1670, 749, 1320, 115, 930]"
1569,"[1567, 901, 1884, 1906, 403]"
1570,"[1613, 257, 901, 1072, 1270]"
1571,"[1608, 1607, 1659, 26, 1885]"
1572,"[1636, 1607, 1705, 372, 1906]"
1573,"[73, 229, 111, 1717, 1058]"
1574,"[1772, 927, 468, 73, 1246]"
1575,"[1316, 403, 1904, 1705, 73]"
1576,"[1138, 641, 624, 454, 1523]"
1577,"[432, 242, 1809, 719, 885]"
1578,"[1904, 1428, 73, 171, 111]"
1579,"[114, 1902, 1552, 1385, 1204]"
1580,"[1192, 114, 110, 1884, 1604]"
1581,"[114, 455, 1610, 1192, 1600]"
1582,"[1666, 74, 1704, 1338, 1249]"
1583,"[361, 1246, 116, 1772, 446]"
1584,"[1063, 1249, 442, 114, 408]"
1585,"[1705, 403, 1317, 480, 1592]"
1586,"[446, 412, 612, 417, 1567]"
1587,"[1627, 892, 73, 1612, 1891]"
1588,"[1607, 1587, 1904, 1615, 884]"
1589,"[926, 1924, 890, 1899, 1520]"
1590,"[1192, 114, 608, 18, 480]"
1591,"[1626, 1701, 1556, 667, 1538]"
1592,"[114, 1600, 807, 1889, 1027]"
1593,"[73, 468, 1700, 111, 1723]"
1594,"[124, 880, 877, 882, 869]"
1595,"[793, 749, 1670, 1320, 1541]"
1596,"[1878, 1707, 1704, 1246, 1705]"
1597,"[443, 1917, 1924, 1581, 1021]"
1598,"[1915, 1666, 432, 926, 1733]"
1599,"[1607, 1552, 1887, 1670, 1562]"
1600,"[885, 1758, 1762, 1752, 1705]"
1601,"[1607, 1904, 1906, 432, 1666]"
1602,"[1259, 347, 1298, 885, 357]"
1603,"[1287, 135, 828, 132, 1570]"
1604,"[1157, 432, 1613, 926, 438]"
1605,"[1915, 1900, 1917, 1902, 890]"
1606,"[1896, 1608, 16, 135, 1567]"
1607,"[368, 372, 1896, 1187, 1191]"
1608,"[1733, 1246, 1878, 1707, 1708]"
1609,"[1762, 292, 1758, 1761, 1760]"
1610,"[1320, 1701, 1646, 642, 643]"
1611,"[885, 749, 893, 1723, 403]"
1612,"[1721, 1567, 53, 379, 1269]"
1613,"[309, 1197, 1929, 1541, 1073]"
1614,"[1587, 1904, 321, 467, 1746]"
1615,"[1746, 1541, 102, 98, 97]"
1616,"[1904, 926, 1193, 1627, 1599]"
1617,"[692, 1726, 1601, 1523, 1192]"
1618,"[1899, 1588, 1906, 1528, 341]"
1619,"[454, 1113, 1896, 1192, 1070]"
1620,"[823, 824, 926, 1620, 1911]"
1621,"[1604, 1618, 890, 114, 1192]"
1622,"[1620, 1659, 1608, 1607, 1299]"
1623,"[1567, 135, 1607, 1721, 901]"
1624,"[52, 1863, 1428, 853, 650]"
1625,"[1188, 379, 1545, 884, 687]"
1626,"[1915, 478, 1924, 1618, 1536]"
1627,"[1027, 1607, 432, 765, 1636]"
1628,"[16, 114, 1192, 1567, 1312]"
1629,"[1612, 37, 1899, 1762, 1567]"
1630,"[1073, 937, 159, 1670, 749]"
1631,"[1261, 368, 925, 1249, 1611]"
1632,"[1192, 1611, 1567, 16, 114]"
1633,"[1915, 1924, 1618, 114, 890]"
1634,"[1915, 1604, 1611, 432, 1404]"
1635,"[113, 1890, 901, 1904, 1885]"
1636,"[511, 1705, 1704, 403, 480]"
1637,"[1601, 692, 1191, 1604, 1726]"
1638,"[37, 480, 1607, 1428, 1191]"
1639,"[1906, 1528, 432, 1607, 926]"
1640,"[1762, 1758, 292, 1761, 1617]"
1641,"[1915, 114, 116, 926, 786]"
1642,"[1193, 1889, 1746, 872, 1607]"
1643,"[1902, 1900, 1917, 408, 1561]"
1644,"[1896, 1607, 1615, 1608, 1192]"
1645,"[478, 1924, 884, 1915, 1897]"
1646,"[361, 445, 1159, 1543, 1030]"
1647,"[1889, 860, 1704, 1604, 1191]"
1648,"[692, 1192, 888, 1726, 1523]"
1649,"[1615, 413, 1586, 277, 1202]"
1650,"[1085, 891, 1610, 114, 1064]"
1651,"[372, 368, 1, 432, 862]"
1652,"[1193, 267, 266, 239, 238]"
1653,"[1567, 135, 16, 1607, 901]"
1654,"[1896, 1615, 1192, 1608, 413]"
1655,"[1240, 418, 1241, 1904, 1191]"
1656,"[1915, 1902, 1193, 1620, 408]"
1657,"[1567, 16, 114, 1192, 1617]"
1658,"[1544, 1539, 1607, 1608, 1905]"
1659,"[930, 171, 96, 97, 1670]"
1660,"[1915, 1192, 1599, 1607, 1523]"
1661,"[1590, 403, 823, 1604, 926]"
1662,"[1567, 16, 114, 1192, 1604]"
1663,"[892, 1191, 1887, 933, 1670]"
1664,"[1210, 1461, 1457, 1884, 903]"
1665,"[1617, 1555, 1762, 1884, 292]"
1666,"[1567, 1896, 1922, 1897, 1705]"
1667,"[1316, 403, 1904, 1705, 73]"
1668,"[1906, 885, 926, 403, 289]"
1669,"[478, 1924, 165, 1701, 1902]"
1670,"[1320, 171, 1334, 403, 511]"
1671,"[1884, 1567, 16, 114, 1192]"
1672,"[1607, 1896, 1567, 1904, 95]"
1673,"[1567, 1896, 1899, 1884, 1191]"
1674,"[114, 1902, 890, 1599, 530]"
1675,"[455, 1704, 1607, 1613, 1628]"
1676,"[1567, 95, 1646, 93, 37]"
1677,"[1317, 1567, 1319, 16, 276]"
1678,"[1072, 1567, 1191, 1887, 1904]"
1679,"[1191, 1886, 1885, 1906, 1887]"
1680,"[1922, 1897, 1543, 1192, 1899]"
1681,"[1567, 1929, 1192, 16, 114]"
1682,"[208, 149, 955, 1906, 1251]"
1683,"[114, 1884, 1542, 1613, 1746]"
1684,"[16, 1884, 884, 1192, 464]"
1685,"[1559, 468, 1317, 73, 1246]"
1686,"[216, 1611, 1746, 1063, 1604]"
1687,"[1613, 1894, 1188, 366, 484]"
1688,"[1884, 432, 689, 1904, 1599]"
1689,"[110, 660, 1063, 1317, 16]"
1690,"[1936, 1935, 433, 885, 159]"
1691,"[1249, 1606, 787, 823, 1544]"
1692,"[1630, 1924, 478, 1906, 926]"
1693,"[1193, 1899, 1495, 1620, 1906]"
1694,"[1587, 1604, 1615, 216, 1904]"
1695,"[1713, 1670, 637, 749, 874]"
1696,"[1937, 1513, 542, 594, 1320]"
1697,"[1701, 1559, 1201, 1199, 1746]"
1698,"[1607, 511, 1193, 1638, 455]"
1699,"[96, 1832, 420, 1873, 1836]"
1700,"[511, 1666, 1612, 1704, 403]"
1701,"[1887, 409, 1670, 102, 98]"
1702,"[926, 1738, 1125, 1927, 1613]"
1703,"[643, 737, 607, 466, 1911]"
1704,"[135, 1188, 1187, 468, 73]"
1705,"[403, 1670, 1560, 276, 1320]"
1706,"[1587, 1627, 1612, 1613, 1894]"
1707,"[1884, 98, 1887, 1562, 96]"
1708,"[1915, 1902, 114, 1924, 1552]"
1709,"[432, 1607, 1885, 1887, 1889]"
1710,"[1401, 1658, 1611, 1249, 1924]"
1711,"[314, 1923, 313, 1163, 1117]"
1712,"[1201, 432, 606, 1887, 403]"
1713,"[1574, 1316, 480, 1679, 1428]"
1714,"[1561, 1552, 364, 760, 1543]"
1715,"[1733, 739, 401, 1204, 1138]"
1716,"[114, 807, 1705, 1704, 16]"
1717,"[1899, 1904, 1600, 1192, 1523]"
1718,"[1615, 1192, 468, 1249, 111]"
1719,"[1552, 1904, 1922, 1897, 1887]"
1720,"[114, 1902, 1890, 95, 890]"
1721,"[511, 1704, 1670, 1511, 37]"
1722,"[114, 1604, 1617, 455, 1613]"
1723,"[1704, 1552, 1543, 1705, 1519]"
1724,"[1924, 692, 1249, 1904, 1604]"
1725,"[1666, 1592, 1924, 219, 1591]"
1726,"[1567, 1884, 16, 1896, 114]"
1727,"[1525, 884, 1523, 1191, 624]"
1728,"[1567, 1705, 1899, 1896, 455]"
1729,"[1312, 464, 1884, 1192, 114]"
1730,"[282, 511, 66, 403, 892]"
1731,"[1617, 1762, 1722, 292, 1760]"
1732,"[1620, 1299, 1607, 1873, 1836]"
1733,"[372, 1080, 1570, 1566, 1592]"
1734,"[1528, 1536, 1906, 1561, 1915]"
1735,"[1192, 1704, 16, 73, 1607]"
1736,"[749, 1670, 1541, 511, 403]"
1737,"[1902, 361, 408, 478, 1552]"
1738,"[1612, 1192, 1193, 408, 926]"
1739,"[111, 1704, 468, 73, 1705]"
1740,"[1248, 1906, 432, 1607, 125]"
1741,"[926, 937, 159, 1915, 165]"
1742,"[1670, 749, 425, 1620, 1873]"
1743,"[1560, 749, 66, 1670, 667]"
1744,"[1901, 1287, 59, 16, 1903]"
1745,"[368, 372, 1567, 1607, 901]"
1746,"[1761, 1887, 1191, 93, 1886]"
1747,"[1192, 1615, 1246, 329, 1708]"
1748,"[1666, 1255, 1638, 862, 1904]"
1749,"[73, 403, 1670, 749, 1320]"
1750,"[1607, 1608, 1896, 1191, 885]"
1751,"[37, 1762, 480, 1249, 468]"
1752,"[1523, 1192, 1556, 1899, 1538]"
1753,"[1567, 16, 114, 1604, 1924]"
1754,"[1710, 1604, 1192, 1922, 1897]"
1755,"[1756, 1063, 851, 480, 1249]"
1756,"[865, 1747, 863, 1905, 1598]"
1757,"[1906, 1746, 1528, 1526, 1536]"
1758,"[1915, 1612, 1620, 926, 1889]"
1759,"[1088, 1772, 443, 1605, 1192]"
1760,"[1321, 1626, 1320, 403, 478]"
1761,"[1899, 1586, 1191, 1556, 1884]"
1762,"[1072, 1567, 1887, 95, 93]"
1763,"[594, 1513, 1772, 542, 364]"
1764,"[1059, 392, 357, 225, 245]"
1765,"[412, 1197, 723, 423, 1244]"
1766,"[1745, 1616, 1671, 1071, 925]"
1767,"[1704, 1884, 1760, 1762, 1604]"
1768,"[1915, 1925, 1197, 1825, 1302]"
1769,"[372, 1628, 368, 164, 455]"
1770,"[1247, 468, 661, 652, 111]"
1771,"[73, 1704, 468, 480, 1705]"
1772,"[1549, 1538, 1534, 1547, 102]"
1773,"[457, 1317, 812, 84, 1246]"
1774,"[1567, 135, 1607, 901, 403]"
1775,"[1526, 1193, 102, 1538, 1556]"
1776,"[511, 1157, 403, 480, 749]"
1777,"[1607, 901, 748, 135, 1249]"
1778,"[1705, 1316, 1607, 1904, 403]"
1779,"[511, 514, 1704, 403, 1865]"
1780,"[361, 1249, 468, 446, 18]"
1781,"[1588, 1899, 1890, 1904, 1887]"
1782,"[1655, 1249, 926, 1191, 1890]"
1783,"[1567, 1885, 1887, 1904, 37]"
1784,"[780, 1789, 1792, 1703, 1709]"
1785,"[1607, 1608, 1896, 1599, 78]"
1786,"[276, 1063, 28, 1896, 1613]"
1787,"[1659, 547, 1299, 408, 1338]"
1788,"[511, 599, 1249, 403, 1490]"
1789,"[1704, 403, 1705, 73, 749]"
1790,"[1607, 1896, 1192, 1608, 1599]"
1791,"[1701, 1700, 1889, 124, 403]"
1792,"[1613, 1894, 1188, 1567, 1607]"
1793,"[1775, 1760, 903, 1567, 1705]"
1794,"[1601, 692, 1604, 1726, 1600]"
1795,"[97, 96, 82, 98, 1513]"
1796,"[1887, 660, 794, 1542, 788]"
1797,"[216, 893, 1924, 1677, 1673]"
1798,"[1607, 403, 1904, 1517, 73]"
1799,"[267, 266, 239, 238, 1013]"
1800,"[1607, 1192, 1608, 1567, 110]"
1801,"[52, 1559, 749, 66, 665]"
1802,"[171, 415, 1197, 749, 1885]"
1803,"[1904, 1193, 890, 113, 1532]"
1804,"[124, 1670, 1746, 1701, 98]"
1805,"[1072, 1567, 1705, 1896, 1922]"
1806,"[1608, 1157, 691, 1063, 1249]"
1807,"[483, 1607, 511, 1887, 1324]"
1808,"[48, 28, 1063, 1900, 1159]"
1809,"[1617, 1762, 1758, 1760, 1761]"
1810,"[1610, 1677, 113, 1534, 116]"
1811,"[692, 1601, 1726, 1192, 1604]"
1812,"[411, 455, 1786, 1789, 1063]"
1813,"[862, 368, 403, 1249, 1666]"
1814,"[1072, 1613, 1567, 1891, 1620]"
1815,"[1904, 1193, 1532, 68, 1659]"
1816,"[1884, 1704, 114, 16, 1705]"
1817,"[1705, 114, 1924, 1204, 1604]"
1818,"[1615, 1607, 432, 1626, 1836]"
1819,"[667, 643, 128, 607, 1742]"
1820,"[1080, 898, 434, 893, 441]"
1821,"[1906, 1836, 1873, 823, 1832]"
1822,"[719, 1666, 823, 728, 1041]"
1823,"[1906, 1528, 432, 1928, 1086]"
1824,"[1915, 1613, 1904, 1615, 901]"
1825,"[650, 1197, 413, 443, 647]"
1826,"[478, 660, 1461, 1924, 1552]"
1827,"[101, 1924, 1615, 113, 1527]"
1828,"[1060, 1073, 890, 1534, 1924]"
1829,"[1567, 16, 1574, 1896, 37]"
1830,"[1746, 1886, 927, 1887, 1935]"
1831,"[1613, 257, 1905, 901, 1270]"
1832,"[314, 1073, 793, 403, 466]"
1833,"[379, 1721, 372, 1072, 1040]"
1834,"[403, 1906, 1255, 289, 1528]"
1835,"[1924, 478, 1884, 691, 1610]"
1836,"[1192, 16, 1899, 1611, 1896]"
1837,"[1157, 373, 1704, 1154, 866]"
1838,"[116, 114, 1889, 1192, 1904]"
1839,"[1567, 1906, 1588, 1072, 1891]"
1840,"[1567, 1884, 114, 16, 1249]"
1841,"[1114, 1704, 119, 922, 1705]"
1842,"[1704, 455, 368, 108, 1721]"
1843,"[1887, 1929, 1561, 1620, 1915]"
1844,"[165, 1613, 1636, 1666, 1904]"
1845,"[1915, 1863, 1861, 1902, 1901]"
1846,"[1896, 1704, 1705, 43, 1567]"
1847,"[1607, 478, 1924, 1157, 1191]"
1848,"[1188, 128, 1758, 1761, 1809]"
1849,"[1119, 1071, 749, 874, 1670]"
1850,"[692, 1601, 1726, 1192, 1523]"
1851,"[1114, 1914, 66, 1363, 1511]"
1852,"[1902, 1900, 1279, 296, 1091]"
1853,"[1567, 1193, 1885, 1620, 1607]"
1854,"[1924, 478, 1618, 1887, 1890]"
1855,"[637, 663, 1746, 643, 642]"
1856,"[1615, 1192, 1613, 1570, 412]"
1857,"[73, 1080, 1303, 68, 1759]"
1858,"[1924, 1704, 1705, 788, 1658]"
1859,"[1924, 478, 1884, 1604, 16]"
1860,"[1197, 1884, 1307, 464, 16]"
1861,"[1936, 926, 1255, 1279, 1295]"
1862,"[1670, 749, 1197, 872, 1742]"
1863,"[1915, 1302, 501, 1832, 1825]"
1864,"[1607, 1896, 1517, 1659, 1615]"
1865,"[368, 1607, 1659, 1113, 511]"
1866,"[1705, 1704, 468, 111, 1249]"
1867,"[1607, 1608, 1248, 1659, 1534]"
1868,"[885, 403, 822, 677, 1873]"
1869,"[1915, 96, 97, 455, 16]"
1870,"[1600, 1789, 444, 459, 1788]"
1871,"[1588, 1761, 1887, 1191, 1886]"
1872,"[1915, 114, 1192, 884, 1528]"
1873,"[204, 1592, 956, 151, 1205]"
1874,"[162, 403, 1723, 749, 282]"
1875,"[1746, 4, 1541, 1553, 1199]"
1876,"[286, 1649, 862, 1543, 1541]"
1877,"[933, 930, 758, 66, 72]"
1878,"[511, 567, 562, 1299, 564]"
1879,"[1915, 1905, 113, 89, 890]"
1880,"[1756, 1063, 851, 480, 1249]"
1881,"[1590, 885, 175, 353, 432]"
1882,"[1620, 1520, 1897, 1545, 1704]"
1883,"[1902, 1915, 1917, 1900, 1552]"
1884,"[1072, 1147, 80, 372, 1704]"
1885,"[368, 372, 1157, 1113, 1704]"
1886,"[455, 1704, 1607, 1613, 1628]"
1887,"[1915, 1902, 1552, 1618, 1561]"
1888,"[1605, 314, 111, 841, 689]"
1889,"[1567, 1072, 1620, 901, 1604]"
1890,"[1567, 1896, 1760, 1191, 1887]"
1891,"[749, 1670, 793, 933, 1541]"
1892,"[455, 114, 454, 16, 1534]"
1893,"[292, 1617, 1762, 1761, 1655]"
1894,"[114, 1677, 1607, 1534, 1638]"
1895,"[1601, 692, 1726, 1523, 1521]"
1896,"[1620, 933, 930, 162, 66]"
1897,"[1483, 1338, 1915, 911, 66]"
1898,"[478, 1924, 1696, 1697, 1906]"
1899,"[114, 16, 884, 1611, 1884]"
1900,"[16, 1246, 860, 456, 1744]"
1901,"[478, 1924, 660, 1887, 1704]"
1902,"[408, 442, 1667, 1561, 1592]"
1903,"[1922, 1897, 1899, 1904, 1905]"
1904,"[1590, 885, 823, 1836, 824]"
1905,"[1567, 16, 1922, 1897, 114]"
1906,"[1567, 135, 16, 1607, 901]"
1907,"[892, 898, 1607, 1673, 1733]"
1908,"[1679, 583, 111, 687, 1574]"
1909,"[1902, 922, 455, 1063, 1599]"
1910,"[96, 97, 98, 1670, 749]"
1911,"[511, 1873, 1836, 1832, 1705]"
1912,"[1139, 1140, 443, 1651, 359]"
1913,"[1717, 1028, 403, 646, 111]"
1914,"[853, 1046, 1073, 1667, 403]"
1915,"[1607, 1608, 1517, 1659, 1193]"
1916,"[1193, 441, 403, 1592, 892]"
1917,"[454, 114, 1610, 1192, 890]"
1918,"[1904, 692, 1607, 114, 1204]"
1919,"[1613, 1607, 1666, 1191, 901]"
1920,"[1607, 1202, 410, 1299, 511]"
1921,"[114, 890, 1896, 884, 1604]"
1922,"[1246, 44, 110, 1697, 7]"
1923,"[1705, 1317, 1704, 73, 480]"
1924,"[1855, 1705, 1861, 1670, 749]"
1925,"[1607, 1608, 1894, 1586, 511]"
1926,"[1907, 900, 1892, 1899, 114]"
1927,"[1894, 1607, 1567, 1586, 1904]"
1928,"[1607, 901, 1191, 1885, 1704]"
1929,"[368, 1157, 455, 1567, 480]"
1930,"[1567, 16, 1611, 135, 132]"
1931,"[1192, 1607, 1615, 1906, 1904]"
1932,"[372, 368, 1894, 1613, 1191]"
1933,"[1772, 828, 927, 561, 1457]"
1934,"[478, 1924, 1521, 291, 1614]"
1935,"[1613, 1894, 1666, 110, 1904]"
1936,"[1607, 1896, 1608, 1192, 413]"
1937,"[1670, 1887, 749, 1885, 1892]"
1938,"[118, 1280, 667, 1006, 665]"
1939,"[108, 1721, 1886, 135, 1570]"
1940,"[1915, 1158, 1887, 1612, 1916]"
1941,"[1904, 1902, 408, 890, 1924]"
1942,"[501, 650, 1626, 73, 1279]"
1943,"[511, 1809, 1704, 403, 1705]"
1944,"[1886, 1887, 1891, 432, 1620]"
1945,"[1612, 1193, 1891, 901, 1249]"
1946,"[468, 1570, 111, 403, 108]"
1947,"[408, 128, 171, 1900, 1746]"
1948,"[219, 221, 1075, 1659, 1148]"
1949,"[1332, 1659, 1487, 490, 1207]"
1950,"[454, 455, 1924, 114, 926]"
1951,"[1721, 1906, 1607, 1528, 900]"
1952,"[468, 111, 1612, 73, 631]"
1953,"[97, 96, 1670, 637, 1313]"
1954,"[1611, 16, 1192, 409, 926]"
1955,"[1192, 412, 1615, 446, 113]"
1956,"[1704, 1705, 1457, 1772, 1192]"
1957,"[862, 901, 1620, 1887, 1746]"
1958,"[1279, 1917, 1620, 1080, 1612]"
1959,"[16, 1884, 114, 1924, 1604]"
1960,"[862, 1742, 1603, 1595, 606]"
1961,"[478, 1924, 408, 403, 1249]"
1962,"[1617, 926, 292, 1655, 1555]"
1963,"[926, 1666, 1607, 1659, 1906]"
1964,"[96, 1832, 1302, 1298, 403]"
1965,"[749, 1670, 1541, 403, 511]"
1966,"[1884, 114, 16, 1192, 1604]"
1967,"[1906, 1620, 1193, 1528, 1520]"
1968,"[454, 16, 114, 926, 890]"
1969,"[1192, 727, 726, 1650, 16]"
1970,"[1878, 1707, 1246, 1197, 1708]"
1971,"[1772, 1567, 114, 16, 464]"
1972,"[1608, 1607, 1886, 1191, 1538]"
1973,"[96, 1832, 403, 1723, 1302]"
1974,"[1636, 778, 1157, 1607, 1191]"
1975,"[372, 368, 1070, 454, 1192]"
1976,"[901, 1825, 1607, 1915, 926]"
1977,"[372, 368, 1615, 1607, 1538]"
1978,"[1604, 1896, 16, 1922, 1897]"
1979,"[1613, 1894, 368, 372, 1191]"
1980,"[1555, 1589, 1191, 1712, 109]"
1981,"[468, 808, 111, 1705, 1704]"
1982,"[1193, 1320, 403, 1878, 1707]"
1983,"[113, 1192, 890, 1534, 112]"
1984,"[1607, 1896, 1608, 413, 1517]"
1985,"[1246, 1772, 650, 361, 1210]"
1986,"[1884, 16, 44, 1677, 1878]"
1987,"[925, 1197, 1902, 1073, 403]"
1988,"[1904, 1523, 1896, 1613, 1588]"
1989,"[1915, 1192, 1536, 1746, 1561]"
1990,"[1746, 1705, 1704, 1887, 624]"
1991,"[1601, 692, 1726, 1604, 1277]"
1992,"[1192, 1896, 1606, 16, 1878]"
1993,"[1878, 1707, 73, 1317, 468]"
1994,"[267, 266, 1002, 232, 1003]"
1995,"[216, 1915, 1610, 1604, 1523]"
1996,"[1884, 1924, 114, 116, 1536]"
1997,"[413, 1861, 1246, 1317, 1846]"
1998,"[1804, 1802, 1798, 1704, 1801]"
1999,"[1567, 1896, 135, 1192, 16]"
2000,"[16, 454, 1924, 478, 1604]"
2001,"[1536, 1534, 1618, 1617, 926]"
2002,"[1899, 1526, 1915, 1904, 1922]"
2003,"[420, 1658, 749, 1299, 1249]"
2004,"[1039, 1556, 1554, 1930, 1927]"
2005,"[1567, 1885, 1612, 1618, 1887]"
2006,"[809, 1570, 1187, 1249, 1875]"
2007,"[114, 16, 1611, 455, 1192]"
2008,"[933, 1885, 930, 1902, 1255]"
2009,"[1924, 464, 1772, 1192, 114]"
2010,"[1055, 823, 1666, 1620, 1885]"
2011,"[1613, 1530, 363, 257, 901]"
2012,"[1249, 511, 1873, 1836, 885]"
2013,"[583, 403, 821, 892, 1317]"
2014,"[1884, 163, 926, 1556, 1618]"
2015,"[1915, 116, 1924, 1902, 1900]"
2016,"[430, 1828, 1833, 1837, 1935]"
2017,"[1666, 926, 1080, 1255, 1046]"
2018,"[1915, 1659, 408, 403, 1704]"
2019,"[1192, 1567, 1604, 1896, 1705]"
2020,"[1884, 1521, 114, 1924, 464]"
2021,"[1904, 1192, 1608, 1607, 1586]"
2022,"[114, 16, 1157, 1192, 1567]"
2023,"[1670, 1746, 96, 97, 1313]"
2024,"[1885, 1607, 432, 1704, 872]"
2025,"[926, 1927, 1598, 1191, 1894]"
2026,"[1658, 787, 1592, 1249, 872]"
2027,"[290, 1615, 1556, 1538, 1586]"
2028,"[1936, 1299, 926, 1607, 1666]"
2029,"[408, 1197, 113, 1670, 442]"
2030,"[1032, 1249, 468, 1733, 285]"
2031,"[1907, 1762, 1760, 1761, 1619]"
2032,"[1733, 1192, 890, 114, 1604]"
2033,"[59, 157, 155, 1855, 1513]"
2034,"[1922, 1897, 1536, 1896, 1899]"
2035,"[1884, 1567, 1704, 1887, 1608]"
2036,"[478, 1924, 1887, 1704, 749]"
2037,"[403, 1836, 1873, 1300, 1670]"
2038,"[1199, 1554, 1562, 1533, 1547]"
2039,"[885, 1025, 919, 159, 1618]"
2040,"[1884, 1924, 1592, 1528, 1604]"
2041,"[455, 454, 463, 465, 461]"
2042,"[361, 1884, 478, 1521, 1523]"
2043,"[1246, 1021, 1772, 1878, 1707]"
2044,"[163, 823, 1646, 432, 885]"
2045,"[98, 1550, 749, 1670, 1887]"
2046,"[1607, 1659, 1191, 468, 1903]"
2047,"[1567, 1884, 1887, 1885, 1897]"
2048,"[1287, 828, 1785, 1710, 58]"
2049,"[511, 703, 1607, 1832, 1191]"
2050,"[403, 1809, 1666, 1885, 1832]"
2051,"[1722, 862, 1884, 1312, 614]"
2052,"[171, 403, 749, 1670, 1320]"
2053,"[1904, 1192, 1191, 1204, 624]"
2054,"[1312, 650, 689, 1890, 1599]"
2055,"[1259, 1258, 1261, 1704, 1257]"
2056,"[1193, 1074, 625, 417, 1567]"
2057,"[16, 114, 1924, 454, 1611]"
2058,"[926, 1924, 1617, 1906, 1611]"
2059,"[681, 368, 321, 778, 1906]"
2060,"[1733, 1901, 1617, 1607, 1892]"
2061,"[1187, 468, 135, 111, 73]"
2062,"[1567, 1885, 1894, 1586, 1887]"
2063,"[1836, 1873, 1885, 1666, 1832]"
2064,"[1666, 114, 403, 1906, 89]"
2065,"[1915, 1924, 1884, 478, 1922]"
2066,"[1246, 1795, 403, 1320, 471]"
2067,"[1567, 1704, 1904, 95, 93]"
2068,"[357, 1030, 926, 1620, 914]"
2069,"[114, 1915, 455, 116, 1746]"
2070,"[73, 1207, 403, 1317, 1428]"
2071,"[1701, 1901, 1670, 1320, 667]"
2072,"[116, 1070, 110, 1896, 1922]"
2073,"[16, 116, 114, 1704, 860]"
2074,"[511, 1809, 1873, 1836, 1832]"
2075,"[781, 351, 443, 604, 1670]"
2076,"[1884, 16, 1878, 1707, 1246]"
2077,"[1607, 1567, 926, 1157, 1191]"
2078,"[1924, 898, 1604, 787, 1611]"
2079,"[1902, 1620, 1887, 93, 95]"
2080,"[691, 1608, 1127, 1607, 1063]"
2081,"[1070, 1556, 1758, 292, 1893]"
2082,"[1917, 1900, 1612, 823, 1666]"
2083,"[1896, 138, 1028, 890, 1613]"
2084,"[606, 723, 114, 1746, 336]"
2085,"[1704, 1543, 1900, 114, 1885]"
2086,"[73, 1704, 468, 1705, 111]"
2087,"[446, 1659, 1604, 926, 739]"
2088,"[1884, 16, 114, 1611, 1192]"
2089,"[1001, 1915, 890, 7, 1746]"
2090,"[1613, 257, 901, 1530, 1607]"
2091,"[1071, 1905, 409, 1193, 113]"
2092,"[97, 96, 102, 98, 1670]"
2093,"[1607, 1517, 1896, 1157, 1191]"
2094,"[1523, 114, 1192, 1601, 447]"
2095,"[1899, 1526, 1896, 1904, 1922]"
2096,"[933, 1567, 1885, 1620, 1873]"
2097,"[1607, 1517, 1904, 1587, 1157]"
2098,"[292, 1762, 1617, 1722, 1758]"
2099,"[1773, 1573, 16, 1192, 1306]"
2100,"[1915, 1302, 1193, 1885, 1890]"
2101,"[16, 114, 1924, 478, 1704]"
2102,"[1072, 403, 1249, 903, 748]"
2103,"[114, 1599, 1904, 1085, 1192]"
2104,"[1924, 1915, 125, 165, 1906]"
2105,"[1612, 1027, 1889, 1074, 1119]"
2106,"[152, 1735, 771, 778, 1666]"
2107,"[1915, 113, 1534, 89, 890]"
2108,"[1248, 1666, 926, 29, 403]"
2109,"[1567, 1884, 16, 1896, 1072]"
2110,"[455, 1567, 1617, 114, 16]"
2111,"[1600, 1545, 403, 861, 111]"
2112,"[1922, 1897, 1907, 1899, 1885]"
2113,"[1896, 216, 1915, 1904, 1192]"
2114,"[1607, 1517, 1896, 1608, 1191]"
2115,"[1887, 749, 1670, 102, 1886]"
2116,"[1896, 1922, 1897, 1526, 1536]"
2117,"[1924, 1673, 1536, 464, 930]"
2118,"[368, 1607, 1906, 432, 455]"
2119,"[1677, 872, 926, 1705, 1704]"
2120,"[114, 691, 1192, 1204, 807]"
2121,"[89, 1526, 1899, 1922, 1897]"
2122,"[1915, 1900, 890, 113, 1904]"
2123,"[1555, 1617, 1742, 1762, 1758]"
2124,"[1915, 1899, 1604, 890, 1906]"
2125,"[1922, 1897, 1896, 1705, 1567]"
2126,"[1924, 1904, 478, 98, 16]"
2127,"[1607, 1517, 1611, 480, 1705]"
2128,"[1617, 1567, 1890, 16, 114]"
2129,"[633, 1016, 280, 281, 912]"
2130,"[211, 909, 403, 908, 1307]"
2131,"[1192, 1567, 16, 1615, 1611]"
2132,"[1896, 1613, 455, 1894, 1192]"
2133,"[1627, 892, 1612, 1891, 164]"
2134,"[446, 1607, 1659, 1666, 1299]"
2135,"[16, 114, 1523, 1192, 454]"
2136,"[1612, 1899, 1620, 1746, 1917]"
2137,"[1607, 1886, 432, 1906, 108]"
2138,"[954, 1651, 425, 1538, 1615]"
2139,"[116, 1601, 379, 1904, 1191]"
2140,"[1607, 1608, 1896, 1615, 884]"
2141,"[372, 1072, 1191, 368, 1613]"
2142,"[372, 1567, 1192, 403, 1896]"
2143,"[455, 165, 1906, 1904, 1613]"
2144,"[1772, 1457, 1461, 546, 565]"
2145,"[1513, 1559, 542, 594, 595]"
2146,"[1705, 403, 73, 1320, 1670]"
2147,"[135, 468, 111, 1249, 1570]"
2148,"[1157, 1891, 901, 1607, 1690]"
2149,"[465, 461, 1309, 1308, 1310]"
2150,"[425, 933, 930, 1887, 432]"
2151,"[478, 116, 1884, 1924, 1712]"
2152,"[1567, 16, 1896, 1191, 1887]"
2153,"[1884, 432, 1562, 1887, 782]"
2154,"[1072, 372, 480, 111, 72]"
2155,"[511, 1704, 1705, 403, 1511]"
2156,"[749, 1670, 1887, 1550, 665]"
2157,"[1192, 1246, 329, 1615, 1586]"
2158,"[1896, 1607, 1608, 413, 1517]"
2159,"[114, 1915, 1120, 807, 1733]"
2160,"[1915, 97, 96, 98, 165]"
2161,"[1704, 1761, 1760, 1705, 1191]"
2162,"[1604, 1607, 1608, 1903, 926]"
2163,"[890, 113, 1529, 1534, 114]"
2164,"[368, 1705, 1704, 1762, 1886]"
2165,"[667, 420, 749, 1547, 1746]"
2166,"[1894, 862, 1890, 1249, 1885]"
2167,"[1567, 403, 1249, 926, 903]"
2168,"[1192, 1899, 1193, 1828, 1833]"
2169,"[1617, 292, 1762, 1761, 700]"
2170,"[1936, 1082, 885, 1935, 403]"
2171,"[749, 1670, 1541, 403, 73]"
2172,"[1567, 16, 1896, 1192, 1887]"
2173,"[1513, 594, 542, 1772, 1246]"
2174,"[511, 1157, 1835, 1607, 1538]"
2175,"[1567, 1922, 1897, 1887, 1533]"
2176,"[1193, 1904, 421, 1191, 455]"
2177,"[1607, 901, 135, 372, 368]"
2178,"[1836, 1887, 1873, 1832, 933]"
2179,"[1915, 511, 501, 1831, 1832]"
2180,"[447, 403, 655, 1317, 1902]"
2181,"[1626, 1620, 1901, 1615, 1612]"
2182,"[135, 1567, 901, 1607, 432]"
2183,"[784, 1922, 1897, 1727, 1066]"
2184,"[1705, 1704, 1884, 16, 454]"
2185,"[1926, 1536, 1915, 1249, 1887]"
2186,"[112, 890, 1746, 1705, 1704]"
2187,"[114, 1705, 1679, 807, 1204]"
2188,"[1902, 1915, 1900, 1552, 1543]"
2189,"[455, 1567, 1885, 926, 1887]"
2190,"[1588, 1904, 1899, 890, 112]"
2191,"[110, 605, 7, 1666, 861]"
2192,"[1865, 1901, 1670, 1906, 1626]"
2193,"[624, 808, 1637, 1249, 1885]"
2194,"[1599, 1574, 1133, 1787, 650]"
2195,"[135, 132, 1744, 1567, 1772]"
2196,"[1570, 413, 372, 1878, 1707]"
2197,"[65, 63, 1836, 1855, 1861]"
2198,"[1899, 926, 1904, 1924, 1906]"
2199,"[1924, 114, 890, 1705, 1192]"
2200,"[1904, 1890, 890, 1899, 1914]"
2201,"[1567, 1607, 901, 135, 1562]"
2202,"[1896, 1567, 372, 1884, 1191]"
2203,"[1670, 1559, 667, 874, 66]"
2204,"[1193, 1659, 1299, 1885, 926]"
2205,"[1567, 1922, 1897, 1896, 1192]"
2206,"[1567, 1192, 135, 16, 1896]"
2207,"[372, 368, 455, 1157, 1613]"
2208,"[1772, 440, 892, 47, 441]"
2209,"[1263, 403, 1028, 1320, 1317]"
2210,"[624, 823, 45, 903, 468]"
2211,"[1521, 660, 114, 1533, 1887]"
2212,"[1617, 1555, 16, 114, 1712]"
2213,"[1607, 1613, 1608, 1249, 900]"
2214,"[368, 1157, 1567, 455, 862]"
2215,"[1924, 1902, 1884, 1890, 1598]"
2216,"[1607, 1191, 1885, 1863, 1536]"
2217,"[1536, 1891, 164, 1620, 1887]"
2218,"[4, 794, 1313, 749, 793]"
2219,"[58, 57, 54, 667, 673]"
2220,"[68, 1666, 1733, 403, 964]"
2221,"[1157, 1704, 1613, 1607, 1666]"
2222,"[639, 985, 655, 65, 749]"
2223,"[901, 480, 37, 1249, 1567]"
2224,"[1896, 1192, 1607, 1705, 1567]"
2225,"[668, 1317, 403, 1907, 1878]"
2226,"[1567, 16, 135, 1896, 1191]"
2227,"[165, 216, 1704, 1705, 16]"
2228,"[1772, 1924, 1899, 113, 530]"
2229,"[425, 926, 159, 937, 919]"
2230,"[749, 1670, 1541, 1770, 793]"
2231,"[1915, 1588, 1906, 1899, 1030]"
2232,"[1612, 113, 1193, 1915, 890]"
2233,"[757, 1717, 164, 1882, 1805]"
2234,"[1885, 1528, 425, 1887, 1646]"
2235,"[1904, 1567, 1316, 37, 403]"
2236,"[1607, 1659, 926, 432, 1251]"
2237,"[1191, 1192, 372, 1523, 1599]"
2238,"[1567, 1607, 135, 1193, 1192]"
2239,"[1900, 1915, 890, 1902, 1543]"
2240,"[650, 654, 1887, 749, 1670]"
2241,"[1607, 1612, 1889, 1659, 926]"
2242,"[892, 403, 1006, 1317, 1673]"
2243,"[368, 1157, 1567, 455, 862]"
2244,"[1884, 1312, 1904, 16, 111]"
2245,"[749, 1885, 1670, 874, 66]"
2246,"[1717, 1643, 1428, 66, 647]"
2247,"[606, 723, 1752, 1204, 95]"
2248,"[368, 677, 1761, 108, 1760]"
2249,"[1607, 432, 1191, 372, 1570]"
2250,"[823, 824, 67, 1150, 1659]"
2251,"[292, 1760, 1761, 1762, 1758]"
2252,"[1761, 1762, 454, 1758, 292]"
2253,"[114, 1610, 807, 613, 72]"
2254,"[1717, 480, 1895, 111, 630]"
2255,"[1607, 745, 1193, 432, 1697]"
2256,"[1924, 102, 783, 1884, 1705]"
2257,"[1118, 1700, 1887, 1670, 1320]"
2258,"[1726, 1601, 1604, 1705, 1192]"
2259,"[16, 1567, 1611, 1704, 114]"
2260,"[1620, 1552, 1538, 1556, 1607]"
2261,"[1451, 652, 1853, 632, 403]"
2262,"[1936, 1906, 1295, 1277, 1528]"
2263,"[1607, 363, 1542, 1662, 901]"
2264,"[504, 893, 1249, 749, 1886]"
2265,"[1617, 114, 926, 1899, 16]"
2266,"[964, 914, 915, 271, 149]"
2267,"[368, 1249, 1065, 1885, 898]"
2268,"[1063, 1891, 37, 1762, 1567]"
2269,"[1932, 95, 1924, 93, 903]"
2270,"[1926, 1612, 1556, 1887, 1562]"
2271,"[1428, 282, 403, 480, 1911]"
2272,"[1617, 677, 926, 1536, 1192]"
2273,"[828, 518, 1485, 1468, 1439]"
2274,"[1928, 1936, 1906, 1086, 778]"
2275,"[1157, 368, 141, 1628, 1733]"
2276,"[1904, 16, 1192, 114, 110]"
2277,"[114, 1900, 1924, 1457, 1249]"
2278,"[114, 16, 1611, 1192, 216]"
2279,"[1567, 1704, 37, 1705, 1670]"
2280,"[1711, 1717, 111, 884, 1716]"
2281,"[455, 454, 1899, 1922, 1897]"
2282,"[1025, 113, 937, 159, 1534]"
2283,"[1192, 1604, 1884, 16, 1904]"
2284,"[1043, 1906, 885, 1705, 1831]"
2285,"[1607, 1896, 1608, 1894, 511]"
2286,"[1612, 125, 423, 1244, 1193]"
2287,"[1598, 1746, 1638, 1193, 1556]"
2288,"[1923, 794, 118, 1192, 432]"
2289,"[1610, 116, 1192, 1312, 18]"
2290,"[468, 111, 1570, 73, 282]"
2291,"[1924, 478, 790, 624, 1899]"
2292,"[1063, 1636, 554, 1249, 464]"
2293,"[1192, 1599, 1567, 599, 587]"
2294,"[37, 1114, 135, 108, 111]"
2295,"[1759, 458, 1080, 468, 466]"
2296,"[1063, 1762, 1887, 1758, 1899]"
2297,"[89, 113, 1025, 1746, 165]"
2298,"[1567, 1319, 114, 16, 259]"
2299,"[1567, 1887, 37, 95, 93]"
2300,"[1878, 1707, 1570, 1246, 73]"
2301,"[1896, 413, 1705, 1887, 1554]"
2302,"[1705, 403, 1670, 143, 1626]"
2303,"[98, 1600, 16, 1191, 1884]"
2304,"[1915, 493, 403, 1363, 1370]"
2305,"[1915, 114, 1192, 890, 1604]"
2306,"[1592, 1591, 1929, 1836, 1666]"
2307,"[1778, 126, 1704, 1317, 111]"
2308,"[1192, 1191, 1523, 1536, 1489]"
2309,"[1073, 793, 1116, 1313, 1118]"
2310,"[1915, 926, 1906, 1704, 1659]"
2311,"[1900, 1902, 1917, 359, 114]"
2312,"[478, 1536, 116, 1924, 1618]"
2313,"[403, 1904, 1723, 480, 73]"
2314,"[1567, 135, 1607, 901, 403]"
2315,"[511, 73, 1704, 1317, 403]"
2316,"[1915, 454, 1536, 1526, 114]"
2317,"[1906, 1529, 1701, 93, 1904]"
2318,"[1802, 1801, 480, 1704, 1804]"
2319,"[102, 124, 1670, 97, 96]"
2320,"[926, 925, 1620, 938, 901]"
2321,"[114, 1599, 1758, 1904, 1567]"
2322,"[1896, 1607, 1615, 1608, 1925]"
2323,"[749, 1670, 453, 403, 1561]"
2324,"[438, 1167, 748, 844, 740]"
2325,"[1587, 1607, 1620, 1612, 95]"
2326,"[267, 266, 239, 238, 235]"
2327,"[926, 511, 900, 1157, 1072]"
2328,"[511, 1615, 1825, 1906, 901]"
2329,"[379, 82, 793, 1188, 135]"
2330,"[165, 16, 1611, 1192, 1904]"
2331,"[137, 925, 1592, 1338, 1590]"
2332,"[114, 16, 1192, 1617, 807]"
2333,"[468, 111, 1570, 73, 403]"
2334,"[1555, 1617, 1884, 1762, 1890]"
2335,"[885, 1906, 1607, 1666, 1528]"
2336,"[1192, 1615, 413, 277, 1586]"
2337,"[1062, 1072, 95, 1887, 93]"
2338,"[1072, 363, 1488, 1777, 480]"
2339,"[1599, 1192, 1772, 16, 1896]"
2340,"[1193, 625, 1659, 1607, 446]"
2341,"[1900, 1620, 1543, 1074, 868]"
2342,"[1613, 92, 257, 363, 901]"
2343,"[1700, 102, 642, 1670, 749]"
2344,"[1902, 1900, 408, 406, 407]"
2345,"[997, 1772, 1904, 16, 1614]"
2346,"[1904, 1567, 1316, 37, 403]"
2347,"[1900, 1543, 1632, 443, 1495]"
2348,"[1922, 1897, 98, 1884, 1192]"
2349,"[267, 266, 239, 238, 235]"
2350,"[1924, 1922, 1897, 378, 1921]"
2351,"[116, 1197, 1924, 1611, 1249]"
2352,"[1599, 1581, 860, 409, 102]"
2353,"[1627, 1885, 432, 1906, 1299]"
2354,"[1735, 1733, 739, 1604, 277]"
2355,"[1567, 1885, 1705, 1887, 1886]"
2356,"[1249, 823, 822, 824, 1836]"
2357,"[1733, 1613, 386, 257, 1488]"
2358,"[692, 1601, 1192, 114, 1604]"
2359,"[1604, 1113, 1620, 926, 1598]"
2360,"[1607, 1615, 1191, 468, 111]"
2361,"[1567, 114, 1192, 454, 16]"
2362,"[1617, 1618, 1192, 890, 1534]"
2363,"[692, 1192, 1523, 1604, 693]"
2364,"[898, 785, 1733, 892, 1226]"
2365,"[749, 1670, 164, 98, 163]"
2366,"[1884, 16, 1567, 114, 1611]"
2367,"[1192, 114, 454, 692, 1610]"
2368,"[114, 1904, 1705, 403, 1826]"
2369,"[1746, 1905, 1527, 1044, 466]"
2370,"[443, 7, 1041, 1017, 1878]"
2371,"[164, 1188, 992, 165, 1613]"
2372,"[1902, 1906, 309, 1197, 442]"
2373,"[1550, 1555, 1618, 1192, 677]"
2374,"[1704, 1705, 403, 511, 1511]"
2375,"[1900, 868, 1924, 1552, 681]"
2376,"[1904, 1627, 1884, 1192, 1656]"
2377,"[1907, 1899, 478, 1526, 926]"
2378,"[1894, 1890, 1549, 111, 587]"
2379,"[1620, 933, 164, 1320, 749]"
2380,"[1705, 37, 95, 1646, 1887]"
2381,"[1762, 1899, 95, 1887, 93]"
2382,"[359, 1149, 408, 1080, 1279]"
2383,"[1599, 443, 1192, 1017, 1021]"
2384,"[7, 1192, 114, 1697, 1599]"
2385,"[349, 1317, 1758, 1704, 1772]"
2386,"[1892, 1072, 1894, 1586, 1907]"
2387,"[1704, 1809, 73, 511, 403]"
2388,"[1030, 1560, 688, 410, 1202]"
2389,"[575, 1490, 588, 571, 379]"
2390,"[1607, 432, 1906, 1904, 608]"
2391,"[1536, 1760, 1768, 1769, 1772]"
2392,"[314, 111, 468, 749, 480]"
2393,"[1617, 926, 1655, 409, 1523]"
2394,"[1607, 1517, 1896, 901, 480]"
2395,"[1157, 368, 1613, 1896, 455]"
2396,"[1915, 926, 1615, 1906, 409]"
2397,"[114, 368, 1636, 1567, 16]"
2398,"[1192, 1615, 1538, 1544, 1904]"
2399,"[1567, 511, 1607, 403, 1885]"
2400,"[368, 862, 432, 1607, 1733]"
2401,"[1932, 1931, 349, 95, 1302]"
2402,"[1055, 1061, 267, 266, 239]"
2403,"[1763, 1704, 70, 822, 1428]"
2404,"[1607, 432, 1659, 608, 1666]"
2405,"[1878, 1707, 314, 1772, 1317]"
2406,"[901, 165, 113, 1025, 1604]"
2407,"[455, 1157, 372, 1896, 368]"
2408,"[1932, 661, 1679, 1574, 479]"
2409,"[1758, 1317, 1704, 1705, 1762]"
2410,"[403, 1733, 1825, 432, 1885]"
2411,"[1772, 289, 16, 73, 468]"
2412,"[408, 1666, 1255, 1604, 926]"
2413,"[1896, 455, 1613, 1192, 1567]"
2414,"[1809, 885, 1705, 1704, 886]"
2415,"[372, 368, 1191, 1904, 432]"
2416,"[1192, 1589, 1532, 1489, 1523]"
2417,"[793, 749, 66, 1866, 667]"
2418,"[1924, 1636, 1899, 1906, 1929]"
2419,"[1922, 1897, 1896, 868, 1192]"
2420,"[646, 1317, 111, 480, 468]"
2421,"[933, 1887, 1738, 768, 1511]"
2422,"[511, 1607, 1873, 1836, 1832]"
2423,"[425, 1626, 1620, 926, 1550]"
2424,"[1567, 114, 16, 1192, 1604]"
2425,"[1900, 1917, 890, 1193, 113]"
2426,"[1772, 267, 266, 239, 238]"
2427,"[897, 1887, 888, 1495, 749]"
2428,"[1249, 1752, 1210, 289, 903]"
2429,"[1193, 1899, 1526, 1704, 455]"
2430,"[1617, 432, 1906, 1904, 1607]"
2431,"[926, 1906, 1889, 1125, 1557]"
2432,"[1924, 1704, 1536, 1705, 464]"
2433,"[1607, 1608, 1517, 1896, 1613]"
2434,"[1915, 165, 604, 207, 66]"
2435,"[1670, 1626, 749, 555, 403]"
2436,"[1887, 860, 511, 1914, 903]"
2437,"[114, 1900, 478, 1523, 1521]"
2438,"[926, 374, 823, 1617, 1906]"
2439,"[114, 612, 1001, 618, 403]"
2440,"[1607, 1612, 1193, 74, 1885]"
2441,"[834, 72, 63, 1832, 1511]"
2442,"[1620, 823, 1831, 1825, 1249]"
2443,"[1567, 1157, 1775, 37, 1670]"
2444,"[1704, 1705, 108, 190, 1758]"
2445,"[1192, 884, 1614, 1904, 110]"
2446,"[1615, 292, 1607, 1617, 1666]"
2447,"[594, 1855, 1861, 1670, 749]"
2448,"[1197, 1524, 111, 403, 1249]"
2449,"[290, 1696, 16, 466, 1733]"
2450,"[594, 595, 597, 593, 590]"
2451,"[1608, 1607, 1205, 885, 1586]"
2452,"[1317, 677, 587, 903, 1490]"
2453,"[890, 1538, 1534, 1543, 1193]"
2454,"[1733, 1573, 739, 432, 216]"
2455,"[1521, 1610, 1564, 1614, 1533]"
2456,"[1887, 749, 1886, 1885, 1541]"
2457,"[828, 1287, 1895, 82, 1785]"
2458,"[1600, 1167, 480, 359, 1317]"
2459,"[1904, 1887, 1191, 1612, 1885]"
2460,"[368, 1607, 511, 455, 1704]"
2461,"[1617, 1555, 1762, 1758, 292]"
2462,"[1604, 1606, 1746, 60, 1666]"
2463,"[116, 110, 1249, 114, 1605]"
2464,"[1902, 1074, 1900, 1620, 101]"
2465,"[1917, 1279, 1900, 1207, 403]"
2466,"[1358, 1495, 1705, 497, 1363]"
2467,"[114, 1606, 890, 1915, 1604]"
2468,"[834, 1561, 1768, 1769, 1317]"
2469,"[455, 1192, 368, 1567, 862]"
2470,"[1670, 749, 930, 933, 102]"
2471,"[1915, 926, 823, 289, 403]"
2472,"[1915, 1561, 1256, 1676, 1259]"
2473,"[1588, 1922, 1897, 1899, 1884]"
2474,"[1924, 1592, 1906, 1304, 1249]"
2475,"[511, 1809, 1836, 1873, 1704]"
2476,"[480, 1904, 1317, 111, 808]"
2477,"[1607, 1904, 1915, 1825, 1192]"
2478,"[828, 1710, 1863, 16, 50]"
2479,"[1886, 1890, 1887, 1554, 1489]"
2480,"[114, 377, 1123, 361, 468]"
2481,"[1607, 1608, 1894, 886, 1517]"
2482,"[1567, 16, 114, 1922, 1897]"
2483,"[739, 1607, 432, 926, 824]"
2484,"[1317, 261, 1878, 1707, 238]"
2485,"[1555, 1192, 1617, 1655, 1534]"
2486,"[73, 1428, 911, 1723, 1317]"
2487,"[28, 24, 605, 1875, 1536]"
2488,"[368, 1192, 114, 372, 1522]"
2489,"[1701, 1696, 290, 1670, 102]"
2490,"[1246, 485, 1772, 1904, 903]"
2491,"[372, 368, 1191, 1607, 1904]"
2492,"[412, 1157, 1541, 1560, 1666]"
2493,"[135, 1567, 16, 1611, 1607]"
2494,"[1567, 16, 135, 1191, 1887]"
2495,"[1924, 1204, 16, 114, 1192]"
2496,"[1567, 135, 1570, 16, 1611]"
2497,"[1490, 1255, 403, 749, 1302]"
2498,"[1072, 372, 1567, 1157, 403]"
2499,"[1809, 1887, 1705, 1316, 1704]"
2500,"[1523, 860, 416, 413, 109]"
2501,"[1900, 114, 890, 1555, 1192]"
2502,"[1900, 1915, 1902, 1917, 408]"
2503,"[1809, 501, 1832, 1704, 1825]"
2504,"[82, 1287, 1877, 828, 132]"
2505,"[1900, 1902, 1543, 1552, 425]"
2506,"[886, 1299, 1809, 1042, 432]"
2507,"[1536, 1192, 1064, 24, 114]"
2508,"[468, 111, 1249, 1612, 1620]"
2509,"[749, 1670, 403, 1904, 757]"
2510,"[890, 1899, 1904, 1249, 1746]"
2511,"[1080, 884, 1200, 1566, 1534]"
2512,"[1608, 1607, 1628, 26, 1894]"
2513,"[1901, 1746, 1260, 1592, 1836]"
2514,"[1197, 161, 1524, 403, 749]"
2515,"[1878, 1707, 1246, 1705, 553]"
2516,"[749, 1670, 403, 793, 1320]"
2517,"[420, 1249, 717, 1885, 1887]"
2518,"[1246, 1878, 1707, 1708, 290]"
2519,"[1915, 1861, 1793, 655, 1073]"
2520,"[1905, 1627, 1527, 1884, 1646]"
2521,"[114, 1610, 1614, 1521, 1523]"
2522,"[639, 1705, 708, 1752, 111]"
2523,"[1915, 1673, 1626, 1541, 1906]"
2524,"[1670, 749, 1646, 665, 102]"
2525,"[1924, 1894, 1192, 1534, 1536]"
2526,"[1615, 372, 1192, 1570, 1903]"
2527,"[1074, 1072, 1586, 1887, 93]"
2528,"[1904, 1532, 111, 1612, 52]"
2529,"[408, 1666, 403, 1649, 1142]"
2530,"[73, 1878, 1707, 1317, 1246]"
2531,"[1924, 1705, 1704, 1600, 114]"
2532,"[903, 65, 63, 1836, 1935]"
2533,"[1915, 1906, 1528, 926, 1592]"
2534,"[660, 655, 749, 4, 480]"
2535,"[265, 1178, 682, 1129, 1936]"
2536,"[1915, 1901, 1299, 1865, 1704]"
2537,"[798, 59, 1679, 480, 652]"
2538,"[1915, 885, 1906, 1135, 919]"
2539,"[1900, 388, 443, 1495, 1317]"
2540,"[1567, 1885, 1607, 1904, 95]"
2541,"[1924, 478, 1599, 454, 1884]"
2542,"[1733, 1610, 901, 1600, 1599]"
2543,"[1915, 1344, 1659, 408, 1299]"
2544,"[1670, 403, 665, 1320, 1560]"
2545,"[110, 1878, 1707, 16, 1317]"
2546,"[692, 1726, 1601, 1523, 1192]"
2547,"[478, 1924, 1705, 1516, 1713]"
2548,"[1607, 1608, 1615, 1659, 1538]"
2549,"[1900, 1902, 478, 1561, 1560]"
2550,"[1705, 1704, 1761, 1924, 808]"
2551,"[1670, 1073, 1887, 677, 1320]"
2552,"[933, 1320, 749, 930, 1524]"
2553,"[1562, 687, 1890, 1904, 1523]"
2554,"[1902, 1900, 1133, 408, 1552]"
2555,"[739, 1591, 1670, 604, 1630]"
2556,"[73, 1317, 190, 480, 403]"
2557,"[511, 1193, 1659, 1885, 1704]"
2558,"[63, 655, 933, 65, 930]"
2559,"[478, 1704, 1924, 1705, 114]"
2560,"[1256, 1113, 372, 1191, 430]"
2561,"[739, 1082, 53, 1204, 1581]"
2562,"[663, 1670, 102, 749, 653]"
2563,"[1713, 667, 749, 665, 1701]"
2564,"[1900, 1620, 1074, 1927, 1072]"
2565,"[1915, 97, 96, 165, 1906]"
2566,"[420, 1746, 823, 1201, 96]"
2567,"[390, 1746, 1710, 1924, 1604]"
2568,"[1607, 1157, 1896, 1191, 511]"
2569,"[379, 1555, 443, 1772, 18]"
2570,"[455, 612, 446, 414, 1896]"
2571,"[432, 739, 1733, 824, 765]"
2572,"[1924, 1611, 16, 1884, 1604]"
2573,"[1896, 1586, 1567, 1192, 1615]"
2574,"[1704, 480, 1249, 403, 1705]"
2575,"[1567, 1544, 660, 110, 1760]"
2576,"[1599, 1704, 1705, 432, 689]"
2577,"[1636, 1922, 1897, 1728, 16]"
2578,"[111, 468, 82, 1566, 1534]"
2579,"[916, 1900, 1902, 1543, 965]"
2580,"[1704, 1171, 703, 1910, 111]"
2581,"[455, 1157, 372, 1896, 368]"
2582,"[1607, 1896, 1191, 1613, 1894]"
2583,"[1534, 1922, 1897, 1746, 1526]"
2584,"[1199, 1628, 1201, 872, 930]"
2585,"[164, 165, 927, 1063, 159]"
2586,"[368, 1628, 227, 264, 216]"
2587,"[1249, 1157, 432, 1906, 1606]"
2588,"[1906, 1922, 1897, 1899, 1896]"
2589,"[1615, 1586, 1607, 1915, 1620]"
2590,"[1599, 1612, 1917, 1746, 1906]"
2591,"[372, 368, 454, 1904, 1192]"
2592,"[1900, 114, 1599, 1902, 1917]"
2593,"[1922, 1897, 1312, 1884, 1192]"
2594,"[420, 96, 885, 1887, 1320]"
2595,"[943, 202, 143, 964, 961]"
2596,"[1567, 111, 403, 749, 73]"
2597,"[1904, 1607, 1915, 1193, 1612]"
2598,"[152, 85, 1591, 1592, 146]"
2599,"[212, 885, 1928, 403, 1873]"
2600,"[613, 165, 216, 1197, 1247]"
2601,"[114, 16, 1192, 926, 454]"
2602,"[1607, 403, 1608, 886, 1659]"
2603,"[1915, 723, 1772, 1204, 1603]"
2604,"[1705, 1238, 903, 1704, 535]"
2605,"[446, 113, 1618, 926, 1733]"
2606,"[1915, 1561, 1560, 1543, 1900]"
2607,"[933, 677, 1887, 1832, 1401]"
2608,"[478, 1924, 1705, 783, 1884]"
2609,"[1899, 1612, 1906, 692, 1904]"
2610,"[1701, 1700, 1889, 124, 749]"
2611,"[1705, 73, 1317, 1246, 1878]"
2612,"[1536, 1555, 1541, 1558, 1561]"
2613,"[1567, 16, 1192, 114, 1896]"
2614,"[1924, 114, 1884, 1600, 1610]"
2615,"[1192, 692, 114, 1610, 1523]"
2616,"[128, 1886, 1191, 1607, 1885]"
2617,"[351, 1608, 964, 1607, 1911]"
2618,"[1894, 1618, 1607, 1567, 901]"
2619,"[1809, 72, 479, 550, 822]"
2620,"[1072, 1761, 1567, 1896, 1191]"
2621,"[1636, 114, 1929, 388, 1906]"
2622,"[478, 1924, 464, 1884, 624]"
2623,"[1932, 1723, 480, 111, 1317]"
2624,"[1884, 1604, 114, 16, 1922]"
2625,"[511, 480, 1873, 1836, 1607]"
2626,"[432, 1906, 1936, 926, 1249]"
2627,"[1567, 1904, 1885, 93, 95]"
2628,"[872, 1607, 1704, 425, 1705]"
2629,"[1890, 1030, 292, 1894, 1544]"
2630,"[1902, 1552, 1561, 1299, 1917]"
2631,"[1567, 114, 1604, 16, 1710]"
2632,"[1567, 1884, 901, 1607, 1896]"
2633,"[1929, 1299, 1906, 1249, 1705]"
2634,"[1312, 1599, 1600, 1904, 1884]"
2635,"[1598, 1887, 1249, 1915, 1114]"
2636,"[926, 1799, 1191, 1704, 1802]"
2637,"[1704, 1491, 1555, 857, 1760]"
2638,"[677, 587, 593, 597, 595]"
2639,"[114, 16, 1924, 1604, 1192]"
2640,"[1915, 1620, 1902, 1917, 1193]"
2641,"[1604, 1761, 1618, 1617, 926]"
2642,"[372, 368, 1704, 1607, 1191]"
2643,"[1567, 16, 1896, 1192, 1772]"
2644,"[1915, 1670, 1863, 480, 933]"
2645,"[1900, 890, 1915, 112, 97]"
2646,"[1915, 1905, 1526, 102, 1899]"
2647,"[443, 1030, 478, 1334, 650]"
2648,"[1567, 1607, 1192, 1620, 901]"
2649,"[1559, 111, 1317, 903, 66]"
2650,"[1889, 1887, 1555, 1525, 749]"
2651,"[409, 1746, 98, 97, 96]"
2652,"[1927, 1705, 1704, 1805, 1882]"
2653,"[1615, 1620, 372, 1538, 1556]"
2654,"[1896, 1607, 1613, 1567, 1615]"
2655,"[1670, 1812, 96, 97, 936]"
2656,"[372, 363, 1249, 1299, 1570]"
2657,"[1721, 1802, 468, 111, 1570]"
2658,"[1192, 455, 926, 114, 1604]"
2659,"[1599, 1576, 1581, 1600, 794]"
2660,"[1617, 292, 1722, 1762, 1758]"
2661,"[784, 1924, 478, 160, 155]"
2662,"[1607, 111, 1570, 1659, 1903]"
2663,"[1072, 1567, 1761, 1896, 1191]"
2664,"[443, 1792, 1705, 1878, 1707]"
2665,"[1612, 1072, 1906, 1599, 432]"
2666,"[1302, 212, 403, 501, 1363]"
2667,"[749, 1670, 1524, 874, 665]"
2668,"[1772, 406, 407, 1063, 647]"
2669,"[478, 1385, 1197, 1540, 1552]"
2670,"[1157, 1567, 862, 368, 1113]"
2671,"[1705, 108, 660, 1317, 1026]"
2672,"[1521, 1924, 926, 114, 1192]"
2673,"[1902, 1915, 1917, 1049, 1620]"
2674,"[16, 1607, 1249, 1704, 1906]"
2675,"[1113, 1617, 1618, 926, 455]"
2676,"[128, 480, 66, 403, 892]"
2677,"[1900, 110, 1317, 1619, 1613]"
2678,"[1068, 421, 1197, 1157, 403]"
2679,"[1904, 1246, 110, 692, 1532]"
2680,"[1900, 1543, 443, 408, 95]"
2681,"[1555, 1610, 364, 18, 1192]"
2682,"[1615, 1556, 1538, 113, 1626]"
2683,"[443, 1073, 1704, 403, 66]"
2684,"[114, 165, 28, 1457, 110]"
2685,"[1873, 1836, 1906, 1832, 1861]"
2686,"[1193, 1620, 165, 164, 1554]"
2687,"[1113, 891, 368, 1555, 1617]"
2688,"[1886, 1249, 1704, 403, 1762]"
2689,"[1896, 1539, 1586, 1899, 1891]"
2690,"[267, 266, 239, 238, 235]"
2691,"[371, 68, 1742, 403, 1299]"
2692,"[96, 97, 98, 1887, 1832]"
2693,"[1760, 1768, 72, 1769, 1902]"
2694,"[1543, 1536, 1279, 1255, 926]"
2695,"[1567, 1884, 1896, 16, 114]"
2696,"[749, 1670, 793, 511, 1511]"
2697,"[1932, 480, 72, 403, 903]"
2698,"[1894, 480, 479, 111, 1542]"
2699,"[903, 114, 535, 1503, 1515]"
2700,"[368, 372, 1613, 455, 1896]"
2701,"[1900, 1902, 1917, 408, 1552]"
2702,"[1567, 111, 403, 749, 73]"
2703,"[1561, 1525, 1560, 1073, 857]"
2704,"[1902, 1900, 1552, 344, 1176]"
2705,"[114, 1641, 1192, 1733, 1600]"
2706,"[1929, 1592, 1911, 964, 408]"
2707,"[1567, 16, 114, 1611, 1890]"
2708,"[1555, 1599, 1618, 1704, 890]"
2709,"[1567, 16, 1772, 1249, 58]"
2710,"[1670, 749, 793, 98, 1320]"
2711,"[1620, 1885, 1899, 1892, 933]"
2712,"[1297, 1197, 111, 16, 860]"
2713,"[1894, 1191, 1554, 1489, 1523]"
2714,"[730, 731, 1167, 110, 808]"
2715,"[1028, 866, 1118, 793, 1073]"
2716,"[478, 1704, 1924, 1705, 1552]"
2717,"[271, 211, 270, 952, 964]"
2718,"[1561, 857, 590, 760, 587]"
2719,"[828, 232, 1003, 236, 237]"
2720,"[748, 468, 1065, 1249, 111]"
2721,"[930, 160, 1670, 936, 604]"
2722,"[73, 299, 413, 1317, 1089]"
2723,"[114, 408, 1617, 1676, 890]"
2724,"[114, 1249, 446, 1885, 455]"
2725,"[1149, 885, 823, 1612, 1620]"
2726,"[1915, 952, 964, 271, 408]"
2727,"[1900, 1902, 442, 874, 1552]"
2728,"[1915, 1560, 1704, 857, 660]"
2729,"[1541, 1547, 1533, 1746, 1658]"
2730,"[1066, 1534, 1901, 1556, 1906]"
2731,"[1607, 1608, 511, 1615, 1659]"
2732,"[1915, 624, 1930, 1617, 926]"
2733,"[1666, 564, 403, 216, 749]"
2734,"[97, 96, 1534, 1536, 1562]"
2735,"[1246, 1772, 501, 1878, 1707]"
2736,"[190, 925, 271, 1050, 149]"
2737,"[341, 1246, 471, 1744, 282]"
2738,"[1607, 1608, 432, 1733, 1615]"
2739,"[1861, 71, 1855, 1792, 236]"
2740,"[1547, 681, 1531, 1534, 1533]"
2741,"[1915, 1561, 1536, 857, 1560]"
2742,"[749, 102, 1670, 663, 1646]"
2743,"[1193, 1915, 1809, 1885, 403]"
2744,"[1900, 1902, 1917, 114, 1552]"
2745,"[1063, 1033, 165, 1025, 937]"
2746,"[413, 1904, 1192, 1599, 1896]"
2747,"[1607, 1896, 1608, 1894, 1613]"
2748,"[1617, 1761, 1113, 1567, 1722]"
2749,"[1534, 1620, 1536, 1193, 1556]"
2750,"[1617, 926, 16, 1523, 114]"
2751,"[1896, 1607, 1192, 1567, 1608]"
2752,"[114, 455, 16, 1192, 1884]"
2753,"[1613, 1924, 901, 1620, 1604]"
2754,"[1887, 749, 1197, 98, 1249]"
2755,"[1611, 1924, 1604, 679, 1533]"
2756,"[1320, 403, 366, 480, 594]"
2757,"[1762, 1795, 589, 425, 1543]"
2758,"[368, 1607, 1567, 1894, 1615]"
2759,"[1677, 1705, 1607, 1704, 872]"
2760,"[1607, 1737, 765, 1733, 432]"
2761,"[1894, 1904, 1, 1193, 1666]"
2762,"[262, 1009, 1013, 1010, 66]"
2763,"[1902, 1900, 1104, 1286, 1581]"
2764,"[441, 1192, 421, 692, 1935]"
2765,"[468, 111, 1363, 1334, 511]"
2766,"[1192, 1600, 114, 1604, 1611]"
2767,"[1704, 1043, 1615, 1758, 1798]"
2768,"[1612, 1915, 1899, 1620, 1906]"
2769,"[511, 926, 403, 1704, 1825]"
2770,"[1536, 412, 114, 1192, 110]"
2771,"[926, 1899, 341, 257, 1906]"
2772,"[1899, 1887, 1588, 1762, 95]"
2773,"[478, 454, 1192, 1312, 114]"
2774,"[95, 93, 1137, 1581, 1887]"
2775,"[1567, 480, 1320, 1733, 1723]"
2776,"[1885, 1887, 1892, 1894, 1889]"
2777,"[1902, 408, 1256, 1299, 442]"
2778,"[1192, 73, 1704, 16, 1705]"
2779,"[1896, 1613, 1157, 1894, 1607]"
2780,"[749, 1670, 925, 163, 164]"
2781,"[1900, 1917, 1543, 892, 872]"
2782,"[1199, 103, 1670, 904, 46]"
2783,"[749, 1670, 1197, 1541, 403]"
2784,"[1902, 1552, 1197, 4, 405]"
2785,"[1003, 237, 232, 236, 240]"
2786,"[1192, 1615, 1246, 329, 1586]"
2787,"[135, 16, 216, 1611, 828]"
2788,"[1617, 926, 16, 1555, 114]"
2789,"[368, 891, 1113, 926, 1191]"
2790,"[1192, 216, 16, 1567, 1904]"
2791,"[1646, 930, 1044, 1922, 1897]"
2792,"[125, 1192, 114, 1604, 1613]"
2793,"[1612, 417, 114, 412, 612]"
2794,"[66, 933, 412, 930, 677]"
2795,"[455, 1705, 1704, 1758, 454]"
2796,"[1513, 542, 594, 1723, 1772]"
2797,"[1884, 102, 409, 1604, 1890]"
2798,"[1890, 1612, 1025, 1627, 110]"
2799,"[261, 259, 267, 266, 239]"
2800,"[1922, 1897, 1924, 1899, 1904]"
2801,"[1705, 1704, 415, 412, 113]"
2802,"[938, 1157, 1608, 1607, 403]"
2803,"[1922, 1897, 928, 166, 925]"
2804,"[98, 1527, 164, 778, 165]"
2805,"[1191, 1611, 1606, 1523, 1904]"
2806,"[165, 1620, 1042, 289, 919]"
2807,"[454, 708, 1924, 1904, 478]"
2808,"[1587, 1922, 1897, 1905, 1063]"
2809,"[1922, 1897, 1899, 1904, 1526]"
2810,"[1248, 1204, 1704, 1613, 110]"
2811,"[1610, 114, 1192, 113, 454]"
2812,"[1613, 1019, 903, 403, 860]"
2813,"[1746, 749, 96, 97, 1670]"
2814,"[807, 413, 1610, 1904, 1192]"
2815,"[1073, 793, 659, 1701, 1923]"
2816,"[1704, 1705, 368, 108, 1721]"
2817,"[403, 66, 911, 1363, 1320]"
2818,"[1157, 368, 1192, 1904, 1613]"
2819,"[1523, 1068, 1192, 860, 1536]"
2820,"[965, 964, 952, 862, 1428]"
2821,"[1615, 290, 1538, 1556, 1696]"
2822,"[1904, 1191, 1606, 1242, 1890]"
2823,"[749, 1825, 1902, 667, 1887]"
2824,"[1904, 1191, 1890, 1704, 1562]"
2825,"[1612, 1615, 1907, 952, 1613]"
2826,"[1904, 114, 1926, 890, 1890]"
2827,"[1915, 1592, 1197, 1929, 1363]"
2828,"[1704, 1600, 1604, 1192, 1705]"
2829,"[1896, 1894, 1915, 1192, 1884]"
2830,"[296, 1626, 1518, 885, 1520]"
2831,"[1904, 686, 1608, 1599, 1607]"
2832,"[1924, 926, 164, 1615, 1620]"
2833,"[353, 1176, 1173, 289, 1655]"
2834,"[1612, 1620, 93, 1063, 1574]"
2835,"[1922, 1897, 1905, 1896, 1615]"
2836,"[1618, 901, 1607, 1567, 1892]"
2837,"[1534, 1527, 926, 1924, 1890]"
2838,"[1705, 1889, 1612, 1063, 1704]"
2839,"[1904, 892, 903, 624, 1307]"
2840,"[89, 1922, 1897, 1905, 165]"
2841,"[749, 1701, 1704, 1063, 111]"
2842,"[1922, 1897, 1904, 1063, 1587]"
2843,"[1751, 1317, 667, 803, 471]"
2844,"[1904, 97, 96, 1532, 1562]"
2845,"[291, 1904, 1705, 1746, 1191]"
2846,"[1069, 53, 1636, 785, 1733]"
2847,"[1615, 1746, 1586, 97, 96]"
2848,"[739, 468, 497, 1884, 484]"
2849,"[128, 1887, 1114, 1588, 1927]"
2850,"[1922, 1897, 1246, 166, 37]"
2851,"[1746, 1646, 930, 1901, 1611]"
2852,"[1836, 1832, 500, 823, 1302]"
2853,"[1246, 1922, 1897, 1878, 1707]"
2854,"[1567, 1884, 1885, 1887, 1891]"
2855,"[1899, 1922, 1897, 1772, 1246]"
2856,"[1904, 1889, 860, 1191, 1705]"
2857,"[1904, 1489, 1191, 1521, 43]"
2858,"[1924, 1899, 114, 1890, 1192]"
2859,"[1929, 1666, 1489, 1904, 1554]"
2860,"[1902, 1552, 1887, 749, 1670]"
2861,"[1904, 113, 1915, 1307, 128]"
2862,"[43, 1904, 1887, 464, 1772]"
2863,"[1904, 1899, 1890, 1562, 1191]"
2864,"[1279, 1073, 1807, 1936, 1076]"
2865,"[1249, 1607, 496, 903, 1886]"
2866,"[686, 1249, 1063, 1314, 1722]"
2867,"[403, 1666, 66, 267, 266]"
2868,"[613, 611, 655, 1902, 1203]"
2869,"[964, 267, 266, 239, 238]"
2870,"[1587, 291, 1410, 1887, 1063]"
2871,"[1929, 1592, 926, 55, 1014]"
2872,"[1554, 1891, 933, 1556, 1887]"
2873,"[1170, 1705, 1704, 1063, 1317]"
2874,"[1924, 1030, 1618, 1887, 1556]"
2875,"[216, 267, 266, 239, 238]"
2876,"[1612, 1905, 1885, 927, 624]"
2877,"[1704, 1567, 1705, 478, 1072]"
2878,"[1591, 1193, 408, 66, 1915]"
2879,"[37, 1567, 901, 1904, 403]"
2880,"[1517, 1192, 113, 1556, 1538]"
2881,"[1915, 511, 1592, 926, 1197]"
2882,"[1828, 1837, 1833, 1316, 1664]"
2883,"[1904, 1191, 1521, 116, 860]"
2884,"[1904, 1884, 1890, 1922, 1897]"
2885,"[1917, 125, 408, 1902, 1147]"
2886,"[1922, 1897, 1526, 1192, 1899]"
2887,"[1495, 896, 1865, 1511, 522]"
2888,"[927, 1922, 1897, 1592, 1901]"
2889,"[1340, 1567, 1193, 1885, 1887]"
2890,"[749, 926, 1889, 1581, 1249]"
2891,"[1586, 1705, 1887, 1726, 1886]"
2892,"[1915, 1906, 1193, 677, 66]"
2893,"[1922, 1897, 1526, 1899, 927]"
2894,"[1922, 1897, 1705, 1526, 1598]"
2895,"[1746, 98, 866, 1541, 1887]"
2896,"[464, 467, 812, 706, 749]"
2897,"[113, 1604, 890, 165, 1904]"
2898,"[1612, 1705, 1704, 37, 530]"
2899,"[263, 1249, 1063, 216, 635]"
2900,"[1899, 1906, 1762, 1063, 1588]"
2901,"[408, 964, 1659, 959, 915]"
2902,"[1809, 933, 1620, 1885, 930]"
2903,"[1760, 1922, 1897, 291, 1890]"
2904,"[1890, 114, 1904, 1604, 116]"
2905,"[1002, 232, 1003, 236, 237]"
2906,"[1666, 1907, 165, 446, 624]"
2907,"[1922, 1897, 1899, 1526, 89]"
2908,"[1899, 1922, 1897, 1907, 1539]"
2909,"[1068, 1704, 1066, 478, 1924]"
2910,"[216, 1627, 1587, 1746, 1886]"
2911,"[1607, 1608, 1896, 1615, 1191]"
2912,"[927, 1299, 1906, 1901, 1592]"
2913,"[1627, 1905, 1896, 1899, 1922]"
2914,"[291, 926, 1908, 432, 1604]"
2915,"[1612, 823, 1193, 927, 1887]"
2916,"[1899, 1915, 1526, 1922, 1897]"
2917,"[1659, 1901, 408, 165, 1666]"
2918,"[577, 269, 1709, 285, 592]"
2919,"[1922, 1897, 1904, 1538, 1884]"
2920,"[1902, 114, 1906, 1887, 113]"
2921,"[1924, 1550, 1886, 1885, 1884]"
2922,"[1901, 1885, 1750, 446, 1617]"
2923,"[18, 149, 461, 1915, 478]"
2924,"[1899, 1922, 1897, 1905, 43]"
2925,"[116, 1726, 1904, 1191, 1562]"
2926,"[267, 266, 239, 238, 235]"
2927,"[1399, 1705, 1461, 550, 1210]"
2928,"[1904, 1192, 1523, 1536, 409]"
2929,"[1587, 1896, 1904, 1204, 478]"
2930,"[1904, 1191, 1931, 116, 1604]"
2931,"[1526, 102, 1915, 1922, 1897]"
2932,"[1899, 113, 1526, 1906, 1193]"
2933,"[1620, 1043, 936, 926, 1924]"
2934,"[1034, 1041, 823, 1676, 1620]"
2935,"[823, 1901, 936, 1547, 270]"
2936,"[128, 428, 892, 1887, 1885]"
2937,"[296, 408, 1279, 446, 1733]"
2938,"[1358, 1193, 1363, 1370, 1334]"
2939,"[408, 1902, 274, 278, 1666]"
2940,"[447, 1708, 1878, 1707, 1806]"
2941,"[165, 927, 89, 1587, 1733]"
2942,"[890, 113, 926, 1567, 1885]"
2943,"[1917, 1902, 1543, 1552, 408]"
2944,"[1904, 1067, 860, 1611, 1599]"
2945,"[1191, 1601, 1705, 1600, 1726]"
2946,"[1666, 1620, 933, 1890, 403]"
2947,"[933, 892, 1927, 1887, 1612]"
2948,"[1612, 37, 1620, 1574, 1891]"
2949,"[1887, 594, 1899, 1772, 587]"
2950,"[1902, 420, 96, 98, 102]"
2951,"[1905, 1892, 1618, 113, 89]"
2952,"[1613, 1904, 113, 1192, 1906]"
2953,"[1627, 1612, 73, 1193, 403]"
2954,"[102, 409, 1040, 125, 1555]"
2955,"[1279, 1255, 1807, 403, 1659]"
2956,"[1620, 926, 1915, 774, 823]"
2957,"[276, 1318, 273, 1016, 274]"
2958,"[1922, 1897, 1526, 1899, 1287]"
2959,"[1915, 212, 1438, 1230, 786]"
2960,"[116, 1705, 1191, 1704, 1611]"
2961,"[1191, 1607, 1704, 783, 692]"
2962,"[1915, 291, 1704, 1646, 1805]"
2963,"[1704, 1705, 1892, 1768, 1769]"
2964,"[1915, 1560, 1561, 66, 1552]"
2965,"[1902, 1915, 1900, 114, 890]"
2966,"[1552, 1713, 1904, 1701, 1902]"
2967,"[113, 1924, 890, 1533, 926]"
2968,"[447, 1579, 291, 1273, 1210]"
2969,"[1887, 892, 1701, 903, 1558]"
2970,"[1745, 112, 1671, 1070, 1907]"
2971,"[1915, 1603, 605, 1659, 1299]"
2972,"[1915, 114, 890, 1899, 113]"
2973,"[1045, 1670, 1933, 1034, 1050]"
2974,"[892, 212, 403, 749, 1495]"
2975,"[1201, 102, 749, 1540, 925]"
2976,"[1904, 1526, 1884, 1607, 1899]"
2977,"[1904, 95, 892, 1922, 1897]"
2978,"[1724, 1889, 1068, 860, 1191]"
2979,"[446, 1549, 1197, 1659, 1697]"
2980,"[162, 403, 1670, 749, 919]"
2981,"[1902, 1900, 857, 1074, 1887]"
2982,"[403, 1704, 1705, 1073, 1320]"
2983,"[501, 1334, 590, 587, 597]"
2984,"[1193, 1659, 1065, 403, 1197]"
2985,"[1825, 1836, 501, 1832, 1873]"
2986,"[1607, 403, 1620, 1659, 1906]"
2987,"[478, 1157, 1924, 480, 1249]"
2988,"[1915, 432, 1607, 677, 625]"
2989,"[1705, 1704, 1562, 103, 1894]"
2990,"[1902, 1917, 1900, 1620, 1279]"
2991,"[417, 612, 613, 412, 416]"
2992,"[430, 1260, 1256, 1906, 1659]"
2993,"[1885, 1887, 403, 480, 1723]"
2994,"[1705, 1704, 1896, 1904, 1606]"
2995,"[1041, 1556, 1538, 1615, 1534]"
2996,"[1638, 66, 1904, 37, 1192]"
2997,"[933, 930, 1887, 1670, 897]"
2998,"[1598, 1550, 1746, 1901, 1547]"
2999,"[1659, 1193, 66, 403, 446]"
3000,"[1620, 1041, 1666, 419, 1030]"
3001,"[1861, 1863, 1320, 1704, 403]"
3002,"[474, 1723, 1531, 73, 1317]"
3003,"[66, 1705, 403, 72, 1193]"
3004,"[1620, 933, 1865, 1670, 897]"
3005,"[1620, 1197, 403, 1612, 425]"
3006,"[1151, 1531, 650, 1575, 1723]"
3007,"[478, 1567, 1894, 1249, 1618]"
3008,"[359, 1889, 587, 1548, 599]"
3009,"[1902, 1299, 823, 1511, 1906]"
3010,"[677, 1809, 933, 930, 1670]"
3011,"[403, 625, 1068, 1320, 1612]"
3012,"[452, 403, 1873, 1836, 1832]"
3013,"[1836, 403, 1863, 1873, 1832]"
3014,"[1495, 1076, 1302, 403, 466]"
3015,"[1915, 1836, 1873, 930, 1620]"
3016,"[933, 1855, 1861, 1873, 1836]"
3017,"[454, 478, 368, 862, 455]"
3018,"[1906, 403, 926, 1620, 1704]"
3019,"[1620, 1809, 403, 1299, 1612]"
3020,"[28, 1074, 1620, 1073, 24]"
3021,"[1567, 1901, 403, 1617, 1620]"
3022,"[1705, 1704, 1807, 1924, 1904]"
3023,"[125, 1244, 423, 1690, 1677]"
3024,"[125, 423, 1244, 432, 403]"
3025,"[125, 423, 1244, 1028, 403]"
3026,"[125, 1915, 1511, 408, 1244]"
3027,"[423, 1244, 125, 1126, 1080]"
3028,"[125, 1606, 432, 1659, 1607]"
3029,"[125, 493, 1915, 1363, 1832]"
3030,"[125, 926, 1677, 1255, 1636]"
3031,"[125, 423, 1244, 1690, 1126]"
3032,"[125, 1244, 423, 1038, 721]"
3033,"[125, 1248, 1617, 926, 1677]"
3034,"[125, 423, 1244, 1659, 1299]"
3035,"[125, 408, 1244, 423, 1659]"
3036,"[578, 1317, 73, 403, 1723]"
3037,"[125, 423, 1025, 1244, 926]"
3038,"[125, 408, 1279, 403, 1077]"
3039,"[1370, 1363, 1915, 511, 125]"
3040,"[824, 1612, 1832, 1555, 403]"
3041,"[1126, 376, 362, 360, 1077]"
3042,"[125, 423, 1244, 1915, 898]"
3043,"[125, 1255, 408, 1831, 1900]"
3044,"[216, 125, 423, 1244, 402]"
3045,"[125, 1244, 423, 1915, 408]"
3046,"[125, 1561, 1902, 1812, 930]"
3047,"[408, 926, 1561, 1636, 1924]"
3048,"[125, 1690, 408, 1338, 1014]"
3049,"[125, 1702, 403, 423, 1244]"
3050,"[926, 125, 1617, 1906, 1255]"
3051,"[594, 1864, 542, 1513, 577]"
3052,"[612, 1915, 1197, 613, 1495]"
3053,"[1924, 1702, 1899, 1910, 1192]"
3054,"[125, 1244, 423, 1915, 1607]"
3055,"[125, 1508, 1509, 522, 490]"
3056,"[423, 1244, 1690, 1677, 749]"
3057,"[125, 1690, 1915, 1777, 1765]"
3058,"[1612, 1626, 1301, 1677, 1279]"
3059,"[309, 723, 1617, 125, 1244]"
3060,"[1900, 125, 423, 1244, 1690]"
3061,"[1915, 125, 423, 1244, 1301]"
3062,"[1592, 446, 79, 403, 927]"
3063,"[125, 365, 423, 1244, 403]"
3064,"[1307, 562, 568, 566, 571]"
3065,"[423, 1244, 125, 823, 1592]"
3066,"[1307, 113, 1772, 114, 807]"
3067,"[1924, 478, 114, 408, 1902]"
3068,"[1924, 1915, 1885, 922, 113]"
3069,"[1915, 408, 171, 124, 786]"
3070,"[1924, 478, 1915, 926, 1536]"
3071,"[478, 1030, 1924, 926, 1536]"
3072,"[1560, 1885, 1670, 93, 1511]"
3073,"[1885, 617, 930, 749, 1776]"
3074,"[478, 98, 1924, 1677, 1915]"
3075,"[478, 1924, 615, 1204, 1319]"
3076,"[1902, 1552, 922, 898, 1746]"
3077,"[1915, 1924, 1704, 1677, 478]"
3078,"[478, 1924, 216, 1704, 1677]"
3079,"[1915, 497, 106, 1885, 1561]"
3080,"[1924, 478, 1906, 409, 1915]"
3081,"[485, 1705, 1887, 749, 111]"
3082,"[478, 1924, 98, 96, 97]"
3083,"[1924, 478, 1915, 1906, 926]"
3084,"[1915, 1836, 1832, 1873, 930]"
3085,"[1915, 1561, 1902, 1552, 408]"
3086,"[504, 1755, 1885, 1524, 528]"
3087,"[1915, 97, 96, 165, 1536]"
3088,"[478, 1924, 1704, 1620, 1520]"
3089,"[1744, 817, 677, 1752, 1265]"
3090,"[1924, 1915, 98, 96, 97]"
3091,"[1924, 114, 171, 408, 1307]"
3092,"[926, 528, 1626, 1507, 1128]"
3093,"[922, 1915, 478, 1924, 408]"
3094,"[1915, 1062, 1561, 1552, 1902]"
3095,"[1705, 1760, 552, 1761, 1704]"
3096,"[1915, 1902, 216, 1924, 1192]"
3097,"[1192, 1906, 1592, 926, 890]"
3098,"[289, 1560, 1561, 1704, 1705]"
3099,"[1915, 408, 1536, 1924, 114]"
3100,"[1924, 478, 1705, 1884, 1600]"
3101,"[1560, 1890, 98, 1507, 528]"
3102,"[1924, 1677, 1915, 454, 1307]"
3103,"[1915, 1560, 1924, 1561, 922]"
3104,"[1536, 1556, 1523, 1192, 1924]"
3105,"[1924, 478, 1906, 1536, 926]"
3106,"[528, 1434, 749, 1507, 538]"
3107,"[1915, 1618, 106, 408, 1344]"
3108,"[1901, 1758, 361, 114, 1885]"
3109,"[1515, 561, 1885, 34, 114]"
3110,"[114, 1604, 890, 1521, 1523]"
3111,"[368, 1592, 1645, 455, 1249]"
3112,"[1592, 595, 216, 16, 593]"
3113,"[1024, 1704, 1802, 1798, 1801]"
3114,"[898, 1677, 108, 848, 1024]"
3115,"[1721, 1801, 108, 732, 80]"
3116,"[853, 1008, 329, 1079, 209]"
3117,"[1776, 1757, 972, 911, 823]"
3118,"[1889, 1525, 80, 1193, 403]"
3119,"[1929, 108, 1890, 1592, 1255]"
3120,"[108, 1721, 1705, 403, 1723]"
3121,"[1929, 1592, 108, 1721, 1666]"
3122,"[1618, 1561, 1592, 1590, 1604]"
3123,"[1929, 108, 1592, 1726, 788]"
3124,"[1721, 857, 1617, 1894, 108]"
3125,"[1929, 1592, 108, 1890, 1590]"
3126,"[1705, 108, 1704, 1592, 901]"
3127,"[108, 1721, 552, 480, 1759]"
3128,"[58, 110, 80, 1733, 480]"
3129,"[242, 688, 1024, 1636, 208]"
3130,"[885, 728, 1759, 1760, 1873]"
3131,"[408, 1193, 413, 1592, 60]"
3132,"[380, 1159, 1721, 1769, 857]"
3133,"[1428, 892, 1181, 72, 1317]"
3134,"[1762, 1761, 1756, 885, 1705]"
3135,"[108, 1721, 480, 927, 903]"
3136,"[1929, 387, 1613, 1626, 289]"
3137,"[1592, 1590, 403, 1906, 562]"
3138,"[80, 1024, 403, 108, 1721]"
3139,"[361, 1626, 1299, 926, 1617]"
3140,"[1721, 1024, 108, 1098, 926]"
3141,"[1591, 964, 952, 911, 267]"
3142,"[1024, 108, 1761, 1721, 1072]"
3143,"[42, 70, 555, 903, 1776]"
3144,"[749, 1721, 1885, 403, 930]"
3145,"[1187, 1799, 443, 1798, 1781]"
3146,"[97, 96, 114, 1188, 454]"
3147,"[1491, 1405, 1442, 480, 1723]"
3148,"[1636, 1191, 1704, 1890, 1760]"
3149,"[1705, 403, 1317, 383, 892]"
3150,"[1721, 1024, 1592, 1929, 1924]"
3151,"[1567, 1721, 108, 1889, 339]"
3152,"[114, 1889, 80, 624, 1072]"
3153,"[1721, 108, 80, 1125, 1929]"
3154,"[1915, 1249, 1606, 1746, 1611]"
3155,"[1904, 1705, 1704, 1906, 1890]"
3156,"[1192, 1615, 1517, 1746, 441]"
3157,"[165, 1698, 1611, 1905, 16]"
3158,"[1617, 926, 16, 1884, 1523]"
3159,"[1617, 926, 1626, 811, 1884]"
3160,"[1617, 292, 1762, 1317, 1722]"
3161,"[1610, 1604, 645, 1192, 44]"
3162,"[1617, 1762, 292, 1760, 1758]"
3163,"[1617, 1191, 1567, 1884, 900]"
3164,"[292, 1722, 1762, 692, 1562]"
3165,"[111, 1924, 441, 860, 1600]"
3166,"[1889, 292, 114, 1192, 1617]"
3167,"[1617, 1655, 292, 1712, 16]"
3168,"[926, 1611, 1536, 1562, 1191]"
3169,"[1617, 1762, 1722, 292, 1760]"
3170,"[1924, 1617, 1904, 1192, 1600]"
3171,"[440, 1144, 441, 1599, 454]"
3172,"[292, 1617, 82, 440, 1762]"
3173,"[1555, 1617, 1655, 1746, 926]"
3174,"[1884, 114, 16, 1191, 1617]"
3175,"[1924, 1904, 1192, 1617, 1523]"
3176,"[1617, 1762, 292, 1758, 1722]"
3177,"[1924, 749, 1536, 1655, 1670]"
3178,"[1653, 292, 339, 1758, 1762]"
3179,"[292, 1617, 1762, 1758, 692]"
3180,"[1904, 1906, 624, 778, 1924]"
3181,"[1617, 1555, 1762, 1760, 1758]"
3182,"[292, 1722, 1617, 1758, 1762]"
3183,"[1924, 1887, 884, 1533, 1534]"
3184,"[1617, 1192, 1539, 1629, 621]"
3185,"[114, 1924, 292, 454, 1192]"
3186,"[164, 425, 1626, 1713, 1615]"
3187,"[1617, 926, 1125, 900, 165]"
3188,"[1894, 1192, 441, 648, 480]"
3189,"[1567, 16, 114, 1704, 1192]"
3190,"[1617, 292, 1722, 1762, 1758]"
3191,"[1617, 292, 1762, 1555, 1761]"
3192,"[1722, 292, 425, 673, 1617]"
3193,"[1249, 1604, 1600, 1924, 903]"
3194,"[1617, 1618, 926, 16, 114]"
3195,"[441, 1536, 997, 432, 1604]"
3196,"[292, 1617, 1758, 1722, 1762]"
3197,"[1884, 1562, 1598, 432, 43]"
3198,"[441, 82, 1878, 1707, 1772]"
3199,"[794, 1746, 1313, 1761, 4]"
3200,"[681, 1746, 1705, 1760, 887]"
3201,"[16, 811, 103, 1069, 1905]"
3202,"[1172, 1063, 1836, 1873, 1241]"
3203,"[1071, 1807, 1191, 1704, 1886]"
3204,"[1746, 1191, 1904, 1554, 1489]"
3205,"[454, 706, 711, 324, 1904]"
3206,"[1114, 1558, 1927, 1752, 1525]"
3207,"[1538, 1705, 1704, 1533, 1155]"
3208,"[1693, 1751, 1705, 471, 1246]"
3209,"[1071, 1586, 1587, 103, 901]"
3210,"[321, 1556, 1249, 1612, 900]"
3211,"[1071, 1807, 1705, 1704, 1904]"
3212,"[1887, 1890, 599, 593, 597]"
3213,"[1904, 1896, 1894, 365, 1619]"
3214,"[112, 1904, 432, 291, 113]"
3215,"[1904, 1554, 1598, 1746, 1489]"
3216,"[706, 711, 465, 781, 860]"
3217,"[1905, 1627, 113, 1705, 1606]"
3218,"[1070, 291, 1704, 1761, 926]"
3219,"[409, 1538, 1523, 1556, 1070]"
3220,"[1904, 89, 409, 1627, 460]"
3221,"[1626, 681, 164, 1518, 1531]"
3222,"[1626, 681, 1705, 887, 1760]"
3223,"[1746, 291, 900, 1911, 460]"
3224,"[1071, 1807, 1191, 1533, 1904]"
3225,"[112, 890, 1924, 1070, 1701]"
3226,"[332, 273, 413, 1878, 1707]"
3227,"[1904, 1627, 1523, 1910, 1890]"
3228,"[291, 1533, 1746, 1191, 1523]"
3229,"[112, 113, 1533, 291, 1070]"
3230,"[1746, 291, 1538, 1626, 387]"
3231,"[89, 291, 1904, 1556, 1536]"
3232,"[1605, 291, 706, 781, 1904]"
3233,"[1904, 112, 1191, 291, 1562]"
3234,"[291, 1890, 409, 1904, 1746]"
3235,"[409, 1746, 681, 1538, 1705]"
3236,"[1746, 1705, 1927, 291, 1704]"
3237,"[1533, 112, 1070, 291, 1538]"
3238,"[106, 1704, 1032, 811, 1899]"
3239,"[440, 321, 317, 1246, 1588]"
3240,"[811, 1071, 1807, 1748, 868]"
3241,"[1705, 1704, 1629, 1537, 1908]"
3242,"[1071, 1069, 103, 811, 1317]"
3243,"[1713, 338, 1556, 1626, 1893]"
3244,"[1523, 1906, 291, 1562, 1910]"
3245,"[1562, 1191, 1904, 1890, 1556]"
3246,"[454, 860, 1614, 1192, 1913]"
3247,"[1899, 291, 1904, 1906, 1523]"
3248,"[1760, 1761, 1704, 1924, 1705]"
3249,"[111, 1762, 1704, 1274, 1760]"
3250,"[1063, 1705, 572, 1704, 109]"
3251,"[663, 1937, 1924, 860, 1904]"
3252,"[1924, 321, 1533, 112, 291]"
3253,"[1937, 1761, 1760, 1705, 1924]"
3254,"[432, 1924, 1937, 1705, 860]"
3255,"[1562, 1191, 1904, 1523, 1906]"
3256,"[1924, 1704, 1705, 1600, 1249]"
3257,"[1937, 1705, 1924, 111, 860]"
3258,"[1533, 1528, 1906, 291, 111]"
3259,"[1904, 1627, 1910, 331, 1905]"
3260,"[1924, 1760, 1761, 1705, 1904]"
3261,"[1924, 1899, 1910, 1904, 1523]"
3262,"[1671, 1745, 1616, 1428, 1907]"
3263,"[1191, 1924, 291, 1533, 112]"
3264,"[1924, 1308, 1192, 1604, 1610]"
3265,"[1533, 1924, 1191, 291, 112]"
3266,"[1910, 1890, 1904, 1906, 1249]"
3267,"[1562, 1523, 1191, 1521, 1904]"
3268,"[1606, 291, 1904, 1761, 432]"
3269,"[1192, 1904, 1924, 1608, 1599]"
3270,"[112, 1760, 291, 113, 1924]"
3271,"[1704, 1705, 114, 1600, 111]"
3272,"[572, 1704, 1705, 1761, 860]"
3273,"[1733, 1192, 1606, 1523, 1249]"
3274,"[291, 1761, 1760, 1606, 1249]"
3275,"[1523, 1521, 1890, 1554, 1904]"
3276,"[291, 1904, 1192, 667, 1600]"
3277,"[1904, 1906, 1924, 291, 1523]"
3278,"[1666, 901, 1636, 1063, 1613]"
3279,"[1924, 1556, 111, 1890, 860]"
3280,"[926, 109, 1249, 1523, 1913]"
3281,"[890, 1192, 1904, 1523, 113]"
3282,"[1760, 1761, 1924, 1904, 1191]"
3283,"[1904, 291, 1523, 1627, 1760]"
3284,"[432, 1308, 1192, 1704, 1705]"
3285,"[1906, 1523, 1899, 1904, 1924]"
3286,"[291, 1761, 1937, 1760, 1553]"
3287,"[1915, 1902, 1552, 1073, 1561]"
3288,"[1628, 409, 1553, 1538, 1540]"
3289,"[1915, 692, 1746, 1607, 1617]"
3290,"[291, 454, 112, 1070, 1191]"
3291,"[114, 125, 1677, 454, 1604]"
3292,"[588, 590, 599, 597, 593]"
3293,"[45, 1614, 1192, 1610, 1746]"
3294,"[928, 1277, 1760, 1705, 1704]"
3295,"[1614, 860, 1610, 45, 1636]"
3296,"[1070, 291, 1191, 289, 1656]"
3297,"[1704, 432, 682, 1705, 1760]"
3298,"[1191, 1533, 1615, 1535, 1586]"
3299,"[811, 291, 109, 112, 1523]"
3300,"[1887, 1746, 98, 1025, 97]"
3301,"[468, 599, 597, 590, 111]"
3302,"[692, 1726, 1191, 1523, 846]"
3303,"[1705, 415, 291, 1704, 1807]"
3304,"[1538, 1556, 1534, 1615, 113]"
3305,"[1028, 708, 926, 1638, 1628]"
3306,"[811, 291, 112, 1523, 1070]"
3307,"[291, 1201, 1713, 1865, 1746]"
3308,"[291, 1533, 125, 1704, 1705]"
3309,"[1761, 1705, 1760, 1758, 1704]"
3310,"[1636, 1614, 1746, 809, 1192]"
3311,"[291, 1606, 1904, 455, 1636]"
3312,"[1701, 749, 102, 1746, 98]"
3313,"[454, 409, 1704, 1705, 291]"
3314,"[291, 667, 1246, 468, 599]"
3315,"[1614, 1070, 1636, 1610, 783]"
3316,"[1704, 1924, 1746, 708, 454]"
3317,"[291, 1070, 1191, 1386, 866]"
3318,"[1192, 1523, 1191, 112, 291]"
3319,"[1246, 667, 803, 1878, 1707]"
3320,"[749, 102, 1746, 98, 96]"
3321,"[1192, 1523, 109, 1277, 811]"
3322,"[414, 1192, 612, 1904, 409]"
3323,"[291, 1277, 102, 409, 1192]"
3324,"[1204, 782, 682, 1611, 1704]"
3325,"[1246, 1317, 73, 468, 1708]"
3326,"[291, 1677, 1192, 89, 29]"
3327,"[811, 1192, 1523, 1191, 418]"
3328,"[291, 1070, 112, 1191, 866]"
3329,"[112, 890, 1191, 1193, 1914]"
3330,"[112, 1770, 890, 866, 749]"
3331,"[1750, 111, 468, 4, 577]"
3332,"[16, 1915, 1705, 1924, 216]"
3333,"[1915, 171, 216, 1550, 878]"
3334,"[921, 1885, 528, 749, 1507]"
3335,"[1924, 478, 1884, 786, 1377]"
3336,"[1828, 1837, 1833, 1670, 1821]"
3337,"[655, 1705, 617, 639, 636]"
3338,"[1924, 478, 787, 926, 786]"
3339,"[1884, 403, 480, 1511, 1249]"
3340,"[1204, 216, 1924, 1705, 110]"
3341,"[853, 1704, 72, 639, 403]"
3342,"[114, 1204, 1188, 283, 807]"
3343,"[1915, 128, 786, 484, 1924]"
3344,"[1924, 114, 786, 1902, 1552]"
3345,"[114, 1536, 926, 1255, 1890]"
3346,"[37, 1626, 95, 73, 282]"
3347,"[1717, 1679, 111, 480, 646]"
3348,"[1924, 624, 1192, 1904, 114]"
3349,"[1924, 478, 1884, 464, 1887]"
3350,"[921, 1885, 1550, 1890, 933]"
3351,"[1204, 114, 1915, 1924, 1610]"
3352,"[1573, 1064, 1924, 1704, 1307]"
3353,"[1884, 1924, 1526, 1618, 1746]"
3354,"[1924, 1884, 478, 467, 1922]"
3355,"[1924, 478, 789, 464, 1884]"
3356,"[1771, 1901, 930, 1547, 1885]"
3357,"[1504, 687, 464, 16, 1317]"
3358,"[1924, 1192, 96, 97, 478]"
3359,"[749, 126, 1815, 930, 504]"
3360,"[1884, 16, 1246, 468, 1317]"
3361,"[1929, 1705, 1317, 1733, 1704]"
3362,"[1704, 1705, 565, 1434, 1924]"
3363,"[285, 784, 1550, 1063, 618]"
3364,"[1561, 333, 1543, 528, 749]"
3365,"[114, 1188, 110, 807, 1710]"
3366,"[1504, 687, 111, 1317, 480]"
3367,"[1617, 1863, 1246, 1868, 1856]"
3368,"[892, 898, 1886, 1887, 1191]"
3369,"[1884, 687, 1192, 114, 1489]"
3370,"[749, 528, 1507, 1249, 1511]"
3371,"[478, 1924, 922, 1197, 926]"
3372,"[514, 590, 587, 528, 599]"
3373,"[1915, 787, 1901, 1547, 1299]"
3374,"[1638, 921, 291, 1821, 938]"
3375,"[1904, 1600, 1191, 1884, 1611]"
3376,"[1588, 1890, 1191, 1489, 1193]"
3377,"[1904, 1924, 1887, 1610, 926]"
3378,"[478, 1899, 1526, 1924, 1588]"
3379,"[1904, 1890, 1922, 1897, 1489]"
3380,"[1526, 1905, 1627, 89, 1899]"
3381,"[1904, 1746, 1191, 432, 1886]"
3382,"[1915, 113, 1922, 1897, 89]"
3383,"[1904, 43, 1890, 1191, 1600]"
3384,"[1489, 1558, 650, 639, 636]"
3385,"[216, 1899, 1746, 1887, 677]"
3386,"[1063, 1904, 1924, 1249, 446]"
3387,"[1241, 443, 1699, 687, 1316]"
3388,"[1904, 1615, 1899, 1192, 860]"
3389,"[1904, 1746, 1705, 1890, 1192]"
3390,"[1904, 1192, 1249, 860, 110]"
3391,"[1904, 1760, 114, 1887, 1885]"
3392,"[113, 1904, 1193, 1926, 1587]"
3393,"[1904, 1191, 1890, 1489, 1532]"
3394,"[677, 1904, 1899, 1249, 860]"
3395,"[1519, 1523, 1598, 1890, 1904]"
3396,"[1904, 1191, 1489, 1600, 1192]"
3397,"[432, 1738, 1904, 403, 111]"
3398,"[1904, 1899, 1924, 1607, 1906]"
3399,"[1904, 425, 1909, 1191, 165]"
3400,"[1904, 1890, 1191, 1899, 1588]"
3401,"[1904, 1191, 1192, 44, 687]"
3402,"[1192, 1922, 1897, 1904, 1887]"
3403,"[1926, 1899, 1552, 1526, 454]"
3404,"[1887, 1646, 1904, 1885, 93]"
3405,"[114, 890, 1192, 1924, 1904]"
3406,"[1063, 1899, 1249, 1904, 530]"
3407,"[1924, 1309, 868, 1899, 1655]"
3408,"[1915, 1044, 930, 1670, 933]"
3409,"[1915, 1529, 1890, 1904, 1528]"
3410,"[478, 1890, 1904, 1536, 937]"
3411,"[1904, 1890, 1193, 163, 1909]"
3412,"[1904, 1607, 432, 926, 1646]"
3413,"[1904, 1705, 1887, 1567, 1884]"
3414,"[1904, 1567, 37, 1887, 1114]"
3415,"[454, 1191, 1896, 114, 1704]"
3416,"[1063, 1904, 1899, 1887, 1606]"
3417,"[43, 1071, 1904, 1587, 1896]"
3418,"[1904, 1191, 1890, 1489, 1532]"
3419,"[1201, 1073, 420, 1700, 1670]"
3420,"[1902, 408, 420, 1620, 1592]"
3421,"[464, 1924, 1904, 1592, 467]"
3422,"[1902, 1279, 420, 60, 1809]"
3423,"[1902, 408, 1915, 1552, 1543]"
3424,"[1887, 1552, 1929, 1915, 1885]"
3425,"[420, 1700, 1915, 171, 1885]"
3426,"[1902, 420, 1555, 1543, 1561]"
3427,"[1902, 1552, 716, 1646, 1040]"
3428,"[1902, 408, 1915, 1552, 1197]"
3429,"[1902, 1865, 749, 452, 930]"
3430,"[716, 1040, 1556, 1825, 749]"
3431,"[716, 1029, 109, 1564, 1562]"
3432,"[1924, 925, 749, 1885, 1607]"
3433,"[1902, 1900, 1615, 1628, 1620]"
3434,"[1915, 478, 1924, 1041, 1042]"
3435,"[1902, 1201, 749, 1197, 1887]"
3436,"[1902, 1552, 408, 1197, 749]"
3437,"[1902, 922, 1865, 1901, 1906]"
3438,"[1902, 420, 922, 925, 1700]"
3439,"[97, 96, 102, 749, 409]"
3440,"[1902, 1924, 408, 787, 1592]"
3441,"[409, 102, 98, 96, 97]"
3442,"[1915, 171, 1825, 922, 1536]"
3443,"[171, 716, 1533, 1534, 125]"
3444,"[1902, 409, 102, 1552, 97]"
3445,"[749, 1670, 1118, 425, 893]"
3446,"[749, 1670, 73, 96, 97]"
3447,"[1118, 409, 97, 1197, 1201]"
3448,"[98, 1518, 409, 749, 1887]"
3449,"[1915, 493, 658, 643, 642]"
3450,"[96, 97, 749, 1670, 1887]"
3451,"[1915, 1646, 1197, 1902, 408]"
3452,"[1320, 933, 897, 126, 864]"
3453,"[97, 96, 98, 749, 1887]"
3454,"[1902, 126, 922, 1543, 1552]"
3455,"[1902, 408, 922, 102, 1552]"
3456,"[1902, 1915, 216, 408, 1197]"
3457,"[1902, 409, 1889, 102, 332]"
3458,"[1902, 1915, 408, 1552, 171]"
3459,"[1620, 1130, 116, 650, 408]"
3460,"[1902, 409, 898, 484, 1809]"
3461,"[1887, 1721, 1646, 1411, 1552]"
3462,"[98, 96, 97, 1628, 102]"
3463,"[1935, 430, 1256, 1260, 1630]"
3464,"[1620, 885, 1666, 823, 1885]"
3465,"[1915, 1338, 1872, 1835, 1831]"
3466,"[1299, 1659, 446, 1666, 216]"
3467,"[1917, 1666, 1604, 1299, 1592]"
3468,"[1495, 823, 1924, 1832, 1836]"
3469,"[1617, 926, 446, 1207, 403]"
3470,"[1915, 1899, 1904, 1636, 478]"
3471,"[1902, 1900, 408, 1046, 1632]"
3472,"[1299, 357, 1659, 446, 1666]"
3473,"[1915, 1899, 1904, 1922, 1897]"
3474,"[1915, 1899, 1620, 1587, 901]"
3475,"[1299, 1666, 1592, 1207, 1659]"
3476,"[1915, 890, 926, 823, 1906]"
3477,"[1915, 1299, 1666, 823, 1009]"
3478,"[1915, 972, 968, 408, 1659]"
3479,"[1906, 430, 1901, 1592, 1746]"
3480,"[1915, 1917, 408, 1902, 114]"
3481,"[1915, 408, 329, 1001, 1620]"
3482,"[1915, 430, 1901, 1620, 1630]"
3483,"[1772, 1855, 452, 1320, 1704]"
3484,"[1299, 1915, 1592, 1338, 408]"
3485,"[376, 872, 446, 568, 564]"
3486,"[372, 265, 368, 1205, 1659]"
3487,"[271, 1630, 824, 1659, 1205]"
3488,"[1915, 1550, 930, 1901, 1887]"
3489,"[1915, 347, 725, 972, 357]"
3490,"[1915, 604, 1906, 1901, 930]"
3491,"[1338, 1915, 823, 1666, 1832]"
3492,"[736, 1612, 1887, 823, 1666]"
3493,"[478, 276, 785, 1670, 406]"
3494,"[927, 930, 430, 1828, 604]"
3495,"[1915, 114, 1610, 926, 1192]"
3496,"[1901, 1746, 232, 1003, 930]"
3497,"[1915, 1900, 1917, 1902, 1599]"
3498,"[216, 890, 112, 409, 1922]"
3499,"[1915, 915, 270, 1825, 271]"
3500,"[1556, 778, 1028, 1527, 1025]"
3501,"[1046, 1021, 972, 725, 1754]"
3502,"[1905, 1904, 890, 1615, 1607]"
3503,"[1332, 1498, 1590, 1832, 1885]"
3504,"[927, 165, 1659, 918, 1590]"
3505,"[1915, 1299, 1604, 125, 1733]"
3506,"[1193, 1659, 175, 926, 1618]"
3507,"[1607, 1618, 1249, 1915, 1825]"
3508,"[1906, 886, 1613, 1904, 1666]"
3509,"[1902, 1915, 1917, 408, 1617]"
3510,"[1915, 1900, 408, 926, 1618]"
3511,"[1915, 1538, 1193, 1747, 1556]"
3512,"[1861, 1766, 371, 1104, 1344]"
3513,"[849, 1900, 1698, 265, 1607]"
3514,"[1902, 443, 647, 1847, 1845]"
3515,"[114, 1561, 1917, 588, 1317]"
3516,"[893, 1832, 1915, 933, 1825]"
3517,"[1900, 1915, 1543, 1561, 1894]"
3518,"[1900, 1902, 1536, 1543, 1556]"
3519,"[1900, 1917, 114, 588, 606]"
3520,"[1902, 1900, 1917, 1552, 95]"
3521,"[1900, 1902, 1543, 1561, 692]"
3522,"[1618, 891, 1157, 1555, 409]"
3523,"[1192, 1542, 110, 1489, 1554]"
3524,"[1915, 1902, 408, 890, 1899]"
3525,"[849, 408, 139, 1915, 1781]"
3526,"[930, 1670, 933, 749, 677]"
3527,"[1543, 1915, 101, 1552, 1705]"
3528,"[1900, 1917, 1543, 442, 1021]"
3529,"[885, 1302, 1892, 1836, 1873]"
3530,"[1915, 1592, 1677, 1906, 890]"
3531,"[1932, 587, 588, 1317, 590]"
3532,"[1902, 1552, 1561, 1894, 922]"
3533,"[1902, 1900, 1543, 1552, 377]"
3534,"[1915, 1249, 478, 1560, 926]"
3535,"[807, 443, 478, 197, 349]"
3536,"[1915, 1001, 1894, 1904, 1020]"
3537,"[368, 1915, 926, 1193, 455]"
3538,"[1045, 139, 1544, 1017, 1917]"
3539,"[1902, 1836, 242, 930, 1863]"
3540,"[78, 1192, 110, 1193, 1904]"
3541,"[1902, 1561, 1900, 1917, 587]"
3542,"[1915, 1924, 1560, 1561, 926]"
3543,"[138, 108, 1560, 1302, 141]"
3544,"[1113, 1555, 1617, 368, 926]"
3545,"[406, 1317, 661, 1370, 1363]"
3546,"[1536, 1887, 1554, 438, 1894]"
3547,"[1133, 1915, 1080, 994, 365]"
3548,"[1704, 1555, 1491, 1521, 1550]"
3549,"[605, 1915, 926, 408, 1192]"
3550,"[1915, 1491, 1412, 502, 1555]"
3551,"[873, 870, 73, 1709, 1703]"
3552,"[82, 73, 1246, 111, 1717]"
3553,"[1366, 1246, 446, 1638, 1670]"
3554,"[1913, 1246, 1744, 471, 1878]"
3555,"[95, 1620, 1746, 1626, 1890]"
3556,"[89, 890, 1922, 1897, 1534]"
3557,"[1248, 1080, 1925, 1566, 1659]"
3558,"[1534, 1538, 1543, 1542, 1537]"
3559,"[1246, 1878, 1707, 1708, 471]"
3560,"[1533, 111, 1534, 1192, 1523]"
3561,"[1924, 1899, 1905, 1627, 1527]"
3562,"[1533, 1891, 1887, 1892, 1886]"
3563,"[1627, 1905, 1527, 43, 1899]"
3564,"[22, 1742, 1709, 1703, 18]"
3565,"[1537, 1903, 890, 113, 1905]"
3566,"[135, 1556, 1537, 1555, 1534]"
3567,"[1044, 98, 371, 97, 96]"
3568,"[1770, 291, 93, 1070, 1414]"
3569,"[399, 1556, 1615, 1538, 1626]"
3570,"[1246, 113, 1701, 112, 890]"
3571,"[413, 890, 1705, 1610, 446]"
3572,"[62, 1863, 760, 364, 398]"
3573,"[1618, 1586, 1534, 890, 1533]"
3574,"[220, 1246, 1556, 1538, 1518]"
3575,"[291, 1612, 1620, 1587, 1249]"
3576,"[95, 1063, 1795, 1567, 1705]"
3577,"[890, 1191, 1906, 1904, 113]"
3578,"[1463, 1246, 1795, 1878, 1707]"
3579,"[1612, 624, 1903, 1891, 1533]"
3580,"[1899, 1615, 289, 870, 1538]"
3581,"[1537, 1535, 1746, 1063, 1533]"
3582,"[1905, 1924, 1587, 291, 1904]"
3583,"[1534, 1617, 926, 1903, 890]"
3584,"[89, 926, 403, 29, 1676]"
3585,"[1618, 1746, 97, 96, 98]"
3586,"[1903, 1537, 1535, 1534, 1626]"
3587,"[1567, 1905, 95, 1620, 93]"
3588,"[1704, 95, 1063, 1795, 1705]"
3589,"[1924, 1538, 890, 1534, 1618]"
3590,"[1795, 870, 1887, 1746, 1604]"
3591,"[1705, 1927, 1612, 1891, 1531]"
3592,"[1044, 1927, 862, 371, 102]"
3593,"[1044, 1776, 1757, 97, 96]"
3594,"[62, 1576, 1868, 471, 1744]"
3595,"[1893, 1890, 1666, 344, 647]"
3596,"[1299, 1556, 1538, 1525, 1916]"
3597,"[1556, 1534, 1532, 1536, 926]"
3598,"[1603, 1924, 1534, 781, 165]"
3599,"[440, 1176, 289, 647, 442]"
3600,"[1556, 425, 1697, 1696, 1890]"
3601,"[686, 425, 1655, 1137, 1030]"
3602,"[164, 425, 1628, 1666, 1904]"
3603,"[1071, 1890, 1893, 1704, 1904]"
3604,"[1761, 1457, 480, 1403, 1769]"
3605,"[1705, 1704, 1894, 1890, 1807]"
3606,"[165, 1534, 605, 1193, 1041]"
3607,"[1893, 1626, 885, 1655, 1890]"
3608,"[1768, 1769, 1775, 1556, 1761]"
3609,"[1636, 368, 478, 1604, 1607]"
3610,"[1534, 89, 1890, 1922, 1897]"
3611,"[1561, 78, 1562, 1666, 1536]"
3612,"[1556, 1713, 1893, 650, 687]"
3613,"[1929, 1828, 1833, 1837, 1620]"
3614,"[901, 289, 1906, 783, 1548]"
3615,"[1768, 1769, 1761, 1760, 1904]"
3616,"[1890, 425, 1893, 1891, 933]"
3617,"[1899, 1526, 1527, 1627, 1588]"
3618,"[926, 885, 919, 1025, 289]"
3619,"[408, 1344, 114, 1619, 1617]"
3620,"[1704, 935, 1887, 1457, 1038]"
3621,"[1617, 1523, 1906, 1192, 1904]"
3622,"[89, 1044, 1752, 1534, 1761]"
3623,"[1890, 1894, 1893, 1193, 1562]"
3624,"[933, 1890, 1855, 1697, 639]"
3625,"[1538, 1191, 1556, 1904, 1523]"
3626,"[1618, 1677, 446, 1592, 1037]"
3627,"[1073, 1495, 406, 162, 650]"
3628,"[1204, 406, 407, 1666, 164]"
3629,"[1193, 1890, 165, 1612, 1620]"
3630,"[1071, 1037, 1031, 1080, 1030]"
3631,"[1032, 1680, 1697, 66, 1890]"
3632,"[1666, 1901, 1620, 1909, 425]"
3633,"[1071, 1704, 1890, 1904, 1193]"
3634,"[1893, 89, 650, 66, 667]"
3635,"[1039, 1912, 1040, 1893, 1890]"
3636,"[1899, 1761, 1906, 1705, 1704]"
3637,"[1534, 1556, 933, 1769, 930]"
3638,"[1890, 89, 1193, 1906, 1892]"
3639,"[1924, 1885, 1899, 113, 1887]"
3640,"[1705, 1191, 1567, 1904, 1899]"
3641,"[1904, 860, 1191, 116, 1747]"
3642,"[1191, 1726, 1567, 1904, 1589]"
3643,"[1915, 1904, 409, 1611, 1526]"
3644,"[1567, 1192, 1726, 1904, 1604]"
3645,"[1904, 116, 1191, 1604, 455]"
3646,"[1192, 1896, 1523, 1191, 1567]"
3647,"[114, 1610, 1904, 1924, 1192]"
3648,"[1904, 289, 409, 1901, 1899]"
3649,"[1598, 900, 1704, 1904, 1705]"
3650,"[1904, 1704, 114, 1890, 1606]"
3651,"[1192, 114, 1726, 1604, 1890]"
3652,"[1704, 1904, 1889, 1191, 860]"
3653,"[1724, 1904, 1562, 1191, 289]"
3654,"[1904, 1606, 1191, 379, 116]"
3655,"[1615, 106, 1926, 1916, 1556]"
3656,"[289, 1904, 1606, 1191, 1705]"
3657,"[1191, 1904, 1147, 110, 1523]"
3658,"[1915, 1611, 1646, 1536, 1197]"
3659,"[1890, 1904, 860, 1704, 1705]"
3660,"[106, 368, 1567, 1904, 455]"
3661,"[1904, 289, 1705, 1191, 1704]"
3662,"[1904, 1899, 1608, 1896, 1607]"
3663,"[1904, 1705, 1704, 289, 1191]"
3664,"[1192, 1523, 1604, 1600, 1712]"
3665,"[1705, 1890, 1904, 1567, 1191]"
3666,"[1904, 1890, 1562, 1532, 1556]"
3667,"[1904, 1705, 289, 1567, 1191]"
3668,"[114, 1907, 1191, 1523, 1192]"
3669,"[1904, 289, 1567, 1191, 1705]"
3670,"[1899, 692, 1604, 1523, 1192]"
3671,"[1068, 1192, 1904, 1066, 1536]"
3672,"[1890, 111, 403, 78, 1929]"
3673,"[1915, 1536, 1556, 1561, 926]"
3674,"[106, 1705, 1904, 1890, 1567]"
3675,"[1904, 97, 96, 1068, 1191]"
3676,"[412, 612, 125, 1248, 114]"
3677,"[1904, 1191, 1562, 1532, 1705]"
3678,"[1904, 1704, 1890, 1705, 1611]"
3679,"[289, 1904, 1760, 1191, 860]"
3680,"[1904, 1704, 1705, 1588, 289]"
3681,"[1705, 1878, 1707, 1704, 1246]"
3682,"[1704, 1904, 1705, 1191, 1562]"
3683,"[1902, 1900, 242, 1543, 1104]"
3684,"[1885, 1887, 425, 625, 933]"
3685,"[1915, 1900, 1659, 1193, 1607]"
3686,"[1071, 921, 102, 1202, 410]"
3687,"[1131, 1607, 1608, 928, 1638]"
3688,"[1073, 98, 478, 1560, 1133]"
3689,"[1552, 749, 1885, 788, 84]"
3690,"[1131, 1904, 1019, 1666, 289]"
3691,"[1901, 452, 1009, 1855, 82]"
3692,"[1894, 1613, 1885, 1904, 587]"
3693,"[74, 1286, 1088, 1061, 1705]"
3694,"[1863, 927, 749, 1855, 1320]"
3695,"[242, 1699, 403, 1666, 1723]"
3696,"[1658, 1632, 665, 1666, 1892]"
3697,"[1131, 1202, 410, 1029, 937]"
3698,"[1320, 897, 117, 894, 1670]"
3699,"[1901, 599, 1320, 1321, 1575]"
3700,"[1828, 936, 1837, 1833, 1811]"
3701,"[1073, 1068, 1832, 361, 403]"
3702,"[1863, 1861, 1855, 237, 1003]"
3703,"[65, 222, 1836, 1104, 1873]"
3704,"[1131, 1607, 164, 1638, 1666]"
3705,"[1915, 408, 1607, 1885, 95]"
3706,"[749, 1022, 477, 480, 403]"
3707,"[1619, 1543, 1561, 1552, 1525]"
3708,"[1638, 1554, 1489, 1532, 1555]"
3709,"[1704, 1809, 749, 933, 403]"
3710,"[368, 1121, 1040, 1286, 1934]"
3711,"[1846, 1861, 930, 780, 938]"
3712,"[1617, 1901, 1197, 403, 1915]"
3713,"[838, 403, 1004, 236, 240]"
3714,"[922, 1844, 1851, 1850, 1822]"
3715,"[1861, 1320, 403, 650, 1317]"
3716,"[1608, 1607, 1891, 1725, 1723]"
3717,"[93, 1620, 749, 870, 926]"
3718,"[1620, 66, 930, 1666, 1320]"
3719,"[95, 93, 1900, 425, 872]"
3720,"[1002, 236, 1003, 237, 240]"
3721,"[289, 1560, 1197, 625, 1666]"
3722,"[1828, 936, 1837, 1833, 930]"
3723,"[110, 688, 455, 1666, 1192]"
3724,"[1904, 1197, 1701, 625, 890]"
3725,"[1073, 1286, 1929, 1072, 1581]"
3726,"[1915, 128, 618, 403, 1320]"
3727,"[1922, 1897, 1063, 1899, 530]"
3728,"[1587, 89, 1627, 1905, 165]"
3729,"[1193, 1612, 1114, 1887, 1891]"
3730,"[1899, 1924, 1618, 455, 1604]"
3731,"[1922, 1897, 1526, 1905, 1627]"
3732,"[1922, 1897, 1063, 1192, 1704]"
3733,"[113, 1899, 1897, 1922, 1627]"
3734,"[1922, 1897, 1899, 1905, 1526]"
3735,"[18, 1246, 332, 1772, 1640]"
3736,"[1897, 677, 165, 1905, 1587]"
3737,"[1922, 1897, 89, 1613, 1896]"
3738,"[1567, 1905, 95, 1904, 93]"
3739,"[1063, 1899, 1526, 1922, 1897]"
3740,"[1627, 165, 1905, 1922, 1897]"
3741,"[1193, 113, 1922, 1897, 1526]"
3742,"[1063, 1612, 37, 1896, 1762]"
3743,"[113, 1627, 1587, 890, 1904]"
3744,"[1063, 1705, 1246, 530, 1567]"
3745,"[1063, 113, 530, 1904, 95]"
3746,"[1915, 163, 1899, 1526, 165]"
3747,"[927, 1526, 1922, 1897, 1899]"
3748,"[1627, 1905, 1587, 113, 1904]"
3749,"[1627, 1905, 113, 1527, 467]"
3750,"[1922, 1897, 113, 1526, 1899]"
3751,"[1922, 1897, 1526, 1905, 1899]"
3752,"[89, 113, 794, 927, 1025]"
3753,"[1922, 1897, 1526, 1905, 98]"
3754,"[1922, 1897, 1526, 1905, 89]"
3755,"[1772, 114, 652, 648, 471]"
3756,"[1922, 1897, 89, 1526, 1899]"
3757,"[1887, 1114, 1588, 1892, 1896]"
3758,"[1899, 1526, 113, 1922, 1897]"
3759,"[1526, 1899, 1922, 1897, 1924]"
3760,"[1567, 1887, 1904, 95, 1705]"
3761,"[1922, 1897, 1526, 1063, 1905]"
3762,"[1526, 1884, 1924, 890, 1922]"
3763,"[828, 1785, 1570, 1877, 1863]"
3764,"[1063, 1192, 37, 1762, 1567]"
3765,"[1063, 1914, 1896, 103, 1746]"
3766,"[1613, 1904, 1191, 1894, 1556]"
3767,"[1899, 1907, 341, 1556, 106]"
3768,"[1887, 1892, 1891, 933, 93]"
3769,"[1192, 677, 113, 1567, 1899]"
3770,"[1071, 1705, 1255, 113, 1193]"
3771,"[1924, 1523, 1705, 1904, 1191]"
3772,"[1733, 1705, 111, 1704, 403]"
3773,"[1627, 1905, 1659, 165, 97]"
3774,"[1244, 423, 1543, 1701, 113]"
3775,"[1713, 1628, 1887, 749, 1670]"
3776,"[1704, 110, 1705, 1904, 650]"
3777,"[165, 1772, 1705, 16, 1567]"
3778,"[165, 1704, 164, 1070, 1705]"
3779,"[1704, 1904, 1890, 1892, 95]"
3780,"[1924, 165, 164, 113, 1592]"
3781,"[1899, 1066, 1526, 1606, 102]"
3782,"[926, 1705, 89, 1924, 1704]"
3783,"[165, 1704, 1705, 432, 111]"
3784,"[165, 1701, 749, 1070, 1924]"
3785,"[165, 1008, 1704, 289, 1904]"
3786,"[114, 1192, 413, 1705, 1567]"
3787,"[1708, 1864, 1852, 1857, 1856]"
3788,"[1704, 1904, 1070, 1705, 1192]"
3789,"[1863, 650, 1646, 1935, 647]"
3790,"[1704, 1705, 1899, 1526, 113]"
3791,"[1924, 1604, 388, 786, 1606]"
3792,"[1704, 1705, 16, 1063, 1192]"
3793,"[291, 636, 289, 1705, 1885]"
3794,"[1704, 1705, 413, 652, 648]"
3795,"[1534, 478, 1701, 1924, 1929]"
3796,"[114, 1070, 44, 1705, 1610]"
3797,"[926, 1906, 265, 165, 1705]"
3798,"[165, 1704, 1924, 1906, 1904]"
3799,"[1704, 1705, 1561, 1020, 660]"
3800,"[781, 165, 1070, 1701, 1924]"
3801,"[1069, 1922, 1897, 1775, 1567]"
3802,"[652, 1704, 165, 413, 1701]"
3803,"[74, 1628, 1888, 53, 433]"
3804,"[165, 164, 1204, 1666, 1924]"
3805,"[164, 1889, 1070, 1887, 1701]"
3806,"[930, 936, 165, 1670, 688]"
3807,"[1887, 1886, 1885, 98, 1924]"
3808,"[1704, 1705, 1070, 114, 890]"
3809,"[1885, 1753, 1901, 749, 1755]"
3810,"[165, 1070, 164, 1704, 1904]"
3811,"[164, 165, 60, 446, 1701]"
3812,"[291, 1705, 1704, 1712, 1701]"
3813,"[1772, 884, 1705, 1704, 1924]"
3814,"[1836, 1873, 1832, 1561, 1543]"
3815,"[1907, 1193, 1618, 1526, 1534]"
3816,"[1193, 1074, 1887, 1114, 511]"
3817,"[1179, 1924, 692, 624, 1251]"
3818,"[1922, 1897, 1526, 1899, 1588]"
3819,"[527, 1901, 441, 432, 74]"
3820,"[1552, 1543, 1526, 1902, 1900]"
3821,"[828, 1746, 1922, 1897, 1526]"
3822,"[677, 587, 590, 593, 595]"
3823,"[1071, 1907, 1193, 1887, 276]"
3824,"[1704, 403, 1317, 1659, 624]"
3825,"[1922, 1897, 166, 1899, 1588]"
3826,"[1906, 1885, 1924, 113, 1588]"
3827,"[1907, 1922, 1897, 1526, 1604]"
3828,"[1892, 903, 1316, 1490, 1705]"
3829,"[165, 1922, 1897, 164, 1705]"
3830,"[113, 1193, 1192, 1899, 1526]"
3831,"[1935, 1922, 1897, 1936, 65]"
3832,"[1922, 1897, 1907, 927, 1526]"
3833,"[1772, 964, 915, 1302, 1299]"
3834,"[1922, 1897, 1899, 317, 1567]"
3835,"[1025, 919, 165, 163, 1071]"
3836,"[165, 1924, 1733, 1193, 1534]"
3837,"[927, 63, 65, 1929, 933]"
3838,"[1922, 1897, 927, 903, 1526]"
3839,"[1526, 1899, 1922, 1897, 1618]"
3840,"[89, 1915, 1905, 1627, 1587]"
3841,"[1193, 933, 1885, 1892, 1887]"
3842,"[165, 1627, 1905, 1526, 1922]"
3843,"[1922, 1897, 1598, 1249, 1899]"
3844,"[1772, 42, 1703, 1709, 14]"
3845,"[1922, 1897, 89, 1193, 1890]"
3846,"[1922, 1897, 1899, 1592, 1924]"
3847,"[1926, 114, 1915, 1899, 1922]"
3848,"[739, 1170, 1163, 1733, 1580]"
3849,"[1915, 1907, 165, 1193, 113]"
3850,"[1659, 98, 1915, 430, 1261]"
3851,"[1922, 1897, 1526, 1907, 166]"
3852,"[1907, 89, 165, 1899, 1901]"
3853,"[903, 163, 1659, 114, 807]"
3854,"[1907, 1168, 1580, 1197, 1613]"
3855,"[1922, 1897, 1320, 1670, 667]"
3856,"[739, 1733, 1922, 1897, 1737]"
3857,"[1922, 1897, 1526, 1063, 1899]"
3858,"[1901, 1612, 1302, 1892, 1299]"
3859,"[749, 1670, 102, 98, 73]"
3860,"[73, 111, 1246, 1317, 37]"
3861,"[749, 1670, 1541, 282, 511]"
3862,"[1320, 1704, 749, 403, 111]"
3863,"[1904, 403, 1670, 1320, 111]"
3864,"[1700, 1915, 126, 1746, 1670]"
3865,"[73, 468, 37, 1317, 111]"
3866,"[1704, 1705, 1742, 667, 1320]"
3867,"[1670, 1701, 1320, 171, 749]"
3868,"[1670, 1320, 1885, 403, 749]"
3869,"[66, 667, 1620, 171, 650]"
3870,"[111, 749, 403, 1670, 1320]"
3871,"[606, 723, 862, 16, 1063]"
3872,"[1742, 1878, 1707, 413, 73]"
3873,"[420, 1628, 1700, 1746, 930]"
3874,"[749, 1887, 1670, 1885, 1620]"
3875,"[749, 1670, 1320, 1541, 793]"
3876,"[749, 1670, 73, 1541, 1612]"
3877,"[1246, 1705, 73, 1826, 1704]"
3878,"[103, 1071, 1705, 1887, 933]"
3879,"[73, 1742, 111, 480, 403]"
3880,"[1937, 1317, 1878, 1707, 1246]"
3881,"[1887, 749, 1670, 98, 1541]"
3882,"[73, 282, 468, 111, 403]"
3883,"[1742, 1520, 1543, 82, 1534]"
3884,"[73, 1317, 1246, 282, 111]"
3885,"[171, 1670, 749, 403, 282]"
3886,"[73, 1246, 413, 1006, 282]"
3887,"[749, 1670, 677, 1320, 1855]"
3888,"[277, 1761, 650, 628, 1768]"
3889,"[1246, 803, 802, 1708, 471]"
3890,"[1670, 667, 874, 637, 647]"
3891,"[98, 97, 96, 102, 693]"
3892,"[409, 1746, 1670, 749, 1541]"
3893,"[1611, 1746, 466, 1563, 16]"
3894,"[1560, 171, 1197, 1249, 1646]"
3895,"[749, 4, 65, 1836, 420]"
3896,"[4, 794, 1313, 793, 126]"
3897,"[594, 1772, 542, 1513, 118]"
3898,"[1670, 1887, 794, 403, 1249]"
3899,"[403, 1320, 118, 594, 480]"
3900,"[480, 893, 1428, 1770, 111]"
3901,"[1805, 496, 1320, 1887, 1559]"
3902,"[1192, 1573, 1611, 1863, 16]"
3903,"[1885, 1626, 1892, 1887, 885]"
3904,"[1155, 1556, 1538, 1551, 1029]"
3905,"[1192, 464, 1746, 171, 458]"
3906,"[113, 1534, 1892, 1890, 425]"
3907,"[1655, 159, 937, 96, 1615]"
3908,"[1534, 1733, 1249, 936, 1924]"
3909,"[1771, 1620, 1885, 933, 930]"
3910,"[1924, 1885, 1620, 930, 1040]"
3911,"[1193, 1029, 1885, 1026, 101]"
3912,"[403, 885, 1885, 1887, 1886]"
3913,"[1059, 926, 1041, 1626, 1538]"
3914,"[89, 930, 398, 160, 1077]"
3915,"[1894, 1887, 1891, 1608, 1620]"
3916,"[1620, 1029, 1055, 1885, 1809]"
3917,"[425, 823, 930, 933, 788]"
3918,"[1701, 1670, 1889, 1320, 1752]"
3919,"[926, 1029, 716, 1620, 1670]"
3920,"[1885, 1025, 1809, 1887, 933]"
3921,"[1924, 97, 1885, 787, 1026]"
3922,"[425, 1924, 1885, 1566, 926]"
3923,"[1713, 425, 930, 936, 933]"
3924,"[1073, 1041, 1202, 410, 1029]"
3925,"[642, 658, 1670, 930, 936]"
3926,"[290, 1118, 121, 1696, 1615]"
3927,"[1893, 1885, 425, 1887, 1892]"
3928,"[166, 1924, 1677, 408, 1885]"
3929,"[1586, 1670, 164, 169, 1073]"
3930,"[936, 97, 96, 1025, 930]"
3931,"[1193, 165, 1617, 1040, 1025]"
3932,"[472, 1531, 934, 1538, 1562]"
3933,"[1555, 1626, 1893, 1612, 1776]"
3934,"[478, 1924, 1884, 1646, 425]"
3935,"[432, 1146, 786, 624, 1611]"
3936,"[1202, 410, 1040, 1032, 1029]"
3937,"[1885, 1887, 1892, 1889, 1620]"
3938,"[1458, 1586, 698, 425, 1891]"
3939,"[165, 1026, 1040, 175, 1029]"
3940,"[1928, 66, 428, 1832, 1252]"
3941,"[1626, 1534, 1538, 1903, 1620]"
3942,"[1885, 175, 788, 930, 1887]"
3943,"[647, 1176, 1925, 1145, 289]"
3944,"[849, 1885, 1248, 430, 66]"
3945,"[1924, 164, 928, 166, 159]"
3946,"[1924, 639, 1885, 1193, 749]"
3947,"[1666, 719, 834, 74, 824]"
3948,"[719, 1666, 1649, 403, 885]"
3949,"[1520, 1554, 1538, 1041, 1620]"
3950,"[206, 1590, 1561, 1906, 823]"
3951,"[1666, 719, 403, 74, 1885]"
3952,"[1915, 902, 408, 171, 428]"
3953,"[1649, 823, 728, 1255, 1193]"
3954,"[1042, 1029, 211, 885, 921]"
3955,"[1666, 1046, 1873, 1836, 1832]"
3956,"[1915, 1620, 1193, 926, 1885]"
3957,"[1825, 1836, 1873, 1832, 1302]"
3958,"[1666, 1906, 1649, 1528, 165]"
3959,"[1915, 1592, 1901, 1299, 1906]"
3960,"[969, 403, 1511, 1832, 1302]"
3961,"[1032, 1620, 1670, 938, 1320]"
3962,"[1809, 1832, 1873, 1836, 1885]"
3963,"[1906, 1590, 1666, 1626, 1928]"
3964,"[1666, 403, 1046, 408, 1915]"
3965,"[1825, 1415, 921, 1042, 159]"
3966,"[408, 1299, 1202, 410, 1676]"
3967,"[1836, 1873, 1832, 1590, 1302]"
3968,"[1915, 403, 1832, 1320, 1302]"
3969,"[211, 270, 719, 952, 1666]"
3970,"[97, 96, 425, 1818, 1819]"
3971,"[362, 432, 361, 316, 403]"
3972,"[1666, 719, 1649, 403, 1906]"
3973,"[1915, 1666, 1300, 1906, 1590]"
3974,"[1836, 1873, 1861, 1855, 1832]"
3975,"[719, 1666, 1592, 1046, 1620]"
3976,"[1928, 933, 1836, 1929, 1873]"
3977,"[1590, 885, 1026, 823, 1906]"
3978,"[1666, 1649, 1592, 1659, 1906]"
3979,"[1733, 403, 1723, 1666, 1138]"
3980,"[823, 824, 1079, 358, 403]"
3981,"[1666, 1915, 1042, 403, 1320]"
3982,"[1620, 1809, 1666, 1885, 1889]"
3983,"[1885, 1659, 824, 1666, 1002]"
3984,"[1915, 1906, 1528, 1030, 408]"
3985,"[1915, 1666, 1906, 1900, 410]"
3986,"[110, 1704, 1705, 114, 379]"
3987,"[1046, 1026, 719, 1832, 1873]"
3988,"[1202, 410, 1029, 1885, 1772]"
3989,"[1073, 1659, 1620, 1030, 959]"
3990,"[1915, 1255, 1670, 1666, 1279]"
3991,"[1915, 1620, 1906, 1666, 926]"
3992,"[1666, 823, 1592, 1620, 739]"
3993,"[18, 1618, 1906, 1617, 926]"
3994,"[1924, 1677, 1915, 1604, 165]"
3995,"[1929, 1592, 1659, 1677, 1193]"
3996,"[1299, 433, 1250, 1635, 1820]"
3997,"[1055, 1916, 1666, 1042, 1049]"
3998,"[848, 1204, 432, 1249, 1592]"
3999,"[823, 1135, 1666, 408, 1279]"
4000,"[1915, 1906, 926, 1592, 242]"
4001,"[1906, 1733, 403, 1792, 1590]"
4002,"[1043, 1620, 1051, 1060, 1626]"
4003,"[1148, 885, 403, 1885, 1286]"
4004,"[1915, 1906, 497, 1592, 1901]"
4005,"[1055, 478, 289, 1929, 1924]"
4006,"[1592, 408, 1911, 1043, 1299]"
4007,"[138, 216, 403, 1590, 66]"
4008,"[1659, 1704, 1903, 823, 1666]"
4009,"[478, 1073, 930, 681, 1160]"
4010,"[823, 347, 89, 1733, 1073]"
4011,"[1043, 936, 749, 34, 403]"
4012,"[1321, 1590, 1592, 403, 1670]"
4013,"[1915, 1030, 1066, 1618, 1617]"
4014,"[996, 403, 1733, 1006, 1193]"
4015,"[1825, 1556, 1915, 926, 1885]"
4016,"[1924, 1590, 787, 1592, 739]"
4017,"[1915, 756, 763, 769, 766]"
4018,"[1055, 1918, 980, 1148, 885]"
4019,"[1592, 1590, 1746, 1924, 478]"
4020,"[1299, 898, 927, 165, 1901]"
4021,"[1915, 1604, 1906, 926, 1924]"
4022,"[1592, 1075, 1061, 1929, 1590]"
4023,"[692, 425, 1924, 478, 784]"
4024,"[1130, 1626, 1077, 396, 618]"
4025,"[1721, 1885, 824, 53, 1919]"
4026,"[365, 1344, 1704, 1083, 1705]"
4027,"[1902, 1592, 1561, 485, 403]"
4028,"[725, 823, 1666, 972, 1040]"
4029,"[928, 163, 1025, 1255, 1592]"
4030,"[1044, 1903, 165, 1030, 665]"
4031,"[197, 1911, 1592, 408, 1248]"
4032,"[1924, 1915, 478, 1192, 1560]"
4033,"[403, 1317, 282, 72, 1197]"
4034,"[1248, 113, 1677, 1534, 1193]"
4035,"[926, 1936, 1906, 1659, 1249]"
4036,"[103, 1906, 1528, 930, 1014]"
4037,"[1301, 1906, 1690, 1873, 1836]"
4038,"[1025, 159, 937, 919, 921]"
4039,"[1825, 1607, 1836, 1873, 1832]"
4040,"[377, 1035, 265, 1626, 1082]"
4041,"[1861, 1836, 1873, 1832, 1666]"
4042,"[919, 1025, 165, 926, 159]"
4043,"[1885, 677, 857, 655, 650]"
4044,"[1526, 1906, 1899, 1527, 1922]"
4045,"[1030, 1916, 1666, 1590, 1928]"
4046,"[926, 1620, 900, 1607, 823]"
4047,"[1906, 1915, 1825, 1528, 1299]"
4048,"[1904, 1924, 408, 1666, 1906]"
4049,"[271, 732, 1873, 1836, 1832]"
4050,"[1915, 114, 1543, 1861, 1792]"
4051,"[1197, 403, 446, 1321, 1901]"
4052,"[1915, 1659, 930, 1670, 1620]"
4053,"[1906, 403, 926, 1825, 1832]"
4054,"[933, 1825, 930, 655, 924]"
4055,"[1936, 926, 1598, 1617, 1620]"
4056,"[1892, 1014, 994, 403, 365]"
4057,"[1529, 166, 1904, 1554, 1489]"
4058,"[1906, 1928, 403, 1030, 1588]"
4059,"[1534, 926, 1659, 403, 1825]"
4060,"[930, 1670, 1861, 1528, 122]"
4061,"[377, 926, 165, 1906, 1678]"
4062,"[1086, 1916, 1906, 1528, 1928]"
4063,"[1936, 1598, 1618, 1191, 1904]"
4064,"[926, 1836, 1592, 1590, 1832]"
4065,"[926, 1617, 1906, 1659, 1618]"
4066,"[1905, 165, 164, 919, 1904]"
4067,"[1936, 1906, 403, 1598, 1904]"
4068,"[1906, 1086, 1928, 1302, 1831]"
4069,"[1863, 677, 1610, 1915, 749]"
4070,"[1321, 1752, 1670, 765, 930]"
4071,"[1906, 1920, 1919, 1832, 1928]"
4072,"[823, 1915, 1590, 1809, 1363]"
4073,"[926, 1885, 289, 1887, 1670]"
4074,"[377, 265, 1035, 432, 425]"
4075,"[1906, 926, 1899, 1916, 478]"
4076,"[1626, 1761, 926, 1518, 403]"
4077,"[1142, 1885, 1059, 655, 749]"
4078,"[1043, 1906, 1528, 1915, 1555]"
4079,"[1033, 927, 1587, 66, 1193]"
4080,"[737, 1080, 1666, 150, 719]"
4081,"[1733, 578, 575, 588, 504]"
4082,"[1760, 403, 959, 1670, 480]"
4083,"[1050, 1915, 408, 216, 164]"
4084,"[892, 1114, 1704, 66, 403]"
4085,"[1033, 1612, 872, 624, 790]"
4086,"[1063, 423, 28, 29, 1249]"
4087,"[140, 913, 146, 145, 1002]"
4088,"[1901, 1746, 1659, 1670, 930]"
4089,"[274, 136, 1016, 276, 350]"
4090,"[862, 1788, 1733, 455, 403]"
4091,"[1587, 1063, 113, 1905, 1705]"
4092,"[933, 1666, 1887, 1885, 270]"
4093,"[862, 1670, 1549, 930, 938]"
4094,"[1704, 1705, 164, 1363, 66]"
4095,"[737, 408, 1338, 1666, 823]"
4096,"[1338, 719, 1704, 73, 1363]"
4097,"[1063, 1789, 1612, 58, 57]"
4098,"[1617, 1901, 1659, 403, 1197]"
4099,"[927, 1915, 128, 1033, 1001]"
4100,"[1033, 1193, 1029, 165, 1659]"
4101,"[1789, 1733, 468, 379, 443]"
4102,"[63, 1454, 1213, 1210, 927]"
4103,"[408, 1659, 1248, 1666, 1139]"
4104,"[368, 216, 862, 1157, 1915]"
4105,"[1193, 1025, 164, 930, 165]"
4106,"[1063, 368, 1249, 1113, 1267]"
4107,"[737, 408, 207, 719, 1659]"
4108,"[1063, 1033, 892, 408, 927]"
4109,"[1649, 1607, 1909, 74, 1114]"
4110,"[255, 214, 68, 150, 964]"
4111,"[1902, 408, 1659, 1670, 930]"
4112,"[807, 412, 442, 1035, 1050]"
4113,"[930, 933, 1670, 66, 403]"
4114,"[736, 1063, 145, 149, 152]"
4115,"[408, 1029, 1620, 1915, 446]"
4116,"[1915, 1552, 1887, 1587, 1554]"
4117,"[403, 1704, 1249, 562, 563]"
4118,"[1638, 408, 1277, 1666, 823]"
4119,"[1885, 1887, 1886, 1892, 933]"
4120,"[959, 1338, 68, 1666, 737]"
4121,"[1917, 1900, 1902, 1193, 892]"
4122,"[403, 66, 350, 1458, 1013]"
4123,"[1915, 1193, 1677, 878, 423]"
4124,"[1915, 97, 96, 1551, 1202]"
4125,"[1197, 1307, 501, 1249, 1363]"
4126,"[1906, 926, 1299, 1073, 1885]"
4127,"[408, 1915, 423, 1244, 1902]"
4128,"[1915, 1906, 1592, 1902, 108]"
4129,"[1680, 210, 926, 1659, 1924]"
4130,"[1045, 1193, 1042, 1591, 403]"
4131,"[1042, 1591, 403, 1809, 66]"
4132,"[1900, 1902, 890, 1552, 1543]"
4133,"[1885, 930, 1620, 1670, 933]"
4134,"[927, 1042, 497, 1924, 66]"
4135,"[1915, 408, 1659, 1338, 1193]"
4136,"[1620, 213, 28, 403, 24]"
4137,"[1252, 1338, 1511, 1825, 822]"
4138,"[408, 114, 478, 1924, 624]"
4139,"[419, 1919, 834, 1659, 1043]"
4140,"[1902, 1552, 1561, 1915, 1042]"
4141,"[1915, 624, 97, 96, 1063]"
4142,"[1915, 1299, 165, 408, 925]"
4143,"[1721, 927, 1710, 1915, 1592]"
4144,"[1902, 114, 1193, 1552, 1543]"
4145,"[1915, 1902, 1552, 618, 1317]"
4146,"[1193, 1809, 1906, 1885, 159]"
4147,"[1592, 1924, 1906, 1302, 1560]"
4148,"[1659, 408, 403, 1620, 926]"
4149,"[408, 1592, 1915, 1900, 97]"
4150,"[1560, 1561, 1590, 1915, 1030]"
4151,"[927, 1320, 403, 749, 497]"
4152,"[1248, 410, 1202, 1677, 165]"
4153,"[926, 1809, 796, 922, 1042]"
4154,"[1915, 408, 1902, 618, 1197]"
4155,"[1592, 1619, 1901, 165, 1547]"
4156,"[1677, 1592, 1534, 1193, 1659]"
4157,"[1592, 1915, 1929, 1193, 408]"
4158,"[1915, 1592, 408, 1488, 930]"
4159,"[1590, 1919, 824, 823, 1836]"
4160,"[66, 1704, 403, 749, 72]"
4161,"[1884, 901, 1924, 665, 1249]"
4162,"[1906, 1606, 1063, 861, 425]"
4163,"[419, 1536, 406, 403, 749]"
4164,"[1915, 1193, 1536, 1924, 1543]"
4165,"[1915, 361, 857, 1591, 1765]"
4166,"[1915, 1620, 1604, 1924, 1042]"
4167,"[1592, 1929, 1590, 1014, 1911]"
4168,"[1014, 1406, 1929, 1723, 853]"
4169,"[1466, 1488, 1230, 66, 1398]"
4170,"[1915, 125, 1676, 1607, 890]"
4171,"[1014, 1191, 1607, 692, 1666]"
4172,"[1592, 1590, 1511, 1885, 1508]"
4173,"[1896, 632, 1611, 639, 587]"
4174,"[43, 1723, 594, 1896, 16]"
4175,"[1592, 67, 1911, 1659, 408]"
4176,"[1924, 1592, 1899, 1617, 165]"
4177,"[1592, 1832, 1389, 1885, 1338]"
4178,"[1193, 1592, 1620, 1618, 1042]"
4179,"[1628, 1046, 407, 785, 1204]"
4180,"[1608, 1205, 1607, 1517, 227]"
4181,"[1592, 1590, 1666, 604, 936]"
4182,"[1592, 625, 1929, 48, 1885]"
4183,"[1607, 1586, 1014, 1608, 885]"
4184,"[1929, 1592, 1590, 1014, 1666]"
4185,"[1929, 1592, 1836, 1511, 1873]"
4186,"[869, 882, 880, 1746, 876]"
4187,"[1723, 480, 1704, 1705, 1592]"
4188,"[1723, 1873, 1836, 1705, 903]"
4189,"[1014, 1929, 511, 1592, 926]"
4190,"[1902, 1900, 478, 1592, 1924]"
4191,"[1613, 886, 1042, 1894, 1193]"
4192,"[796, 903, 480, 1705, 403]"
4193,"[408, 1915, 1592, 1543, 1666]"
4194,"[408, 125, 454, 165, 1915]"
4195,"[267, 266, 239, 238, 235]"
4196,"[1608, 1607, 1042, 1894, 1924]"
4197,"[604, 1592, 823, 739, 1575]"
4198,"[926, 1592, 1906, 1929, 1666]"
4199,"[1592, 1607, 1613, 1193, 1666]"
4200,"[1915, 1924, 926, 1592, 1193]"
4201,"[1607, 1608, 480, 1014, 1191]"
4202,"[862, 1592, 368, 1014, 1009]"
4203,"[1612, 37, 1887, 1914, 1898]"
4204,"[1193, 1890, 1885, 933, 1887]"
4205,"[796, 1590, 1042, 1873, 1836]"
4206,"[1784, 1152, 479, 1809, 736]"
4207,"[377, 1929, 408, 778, 1592]"
4208,"[1607, 1894, 1608, 1014, 1592]"
4209,"[677, 796, 1746, 930, 1249]"
4210,"[1592, 1915, 1536, 1836, 1193]"
4211,"[1055, 980, 259, 211, 982]"
4212,"[1836, 1873, 1832, 1809, 1325]"
4213,"[1809, 933, 1055, 403, 1705]"
4214,"[1002, 232, 1003, 236, 237]"
4215,"[933, 267, 266, 239, 238]"
4216,"[1901, 1750, 417, 1239, 613]"
4217,"[1055, 259, 1049, 982, 211]"
4218,"[1902, 408, 1334, 1750, 1915]"
4219,"[1002, 232, 1003, 237, 236]"
4220,"[1915, 1193, 1536, 930, 933]"
4221,"[1809, 933, 74, 930, 1901]"
4222,"[1915, 1900, 408, 1042, 1911]"
4223,"[1873, 1836, 1809, 261, 267]"
4224,"[1055, 259, 1049, 1911, 408]"
4225,"[408, 262, 1009, 1013, 222]"
4226,"[886, 862, 368, 1666, 262]"
4227,"[267, 266, 239, 238, 235]"
4228,"[1055, 964, 1495, 403, 1666]"
4229,"[1836, 1873, 1919, 719, 1832]"
4230,"[1055, 259, 998, 980, 1672]"
4231,"[1299, 575, 403, 1809, 72]"
4232,"[74, 261, 267, 266, 239]"
4233,"[74, 930, 1901, 432, 1632]"
4234,"[1666, 823, 964, 1055, 66]"
4235,"[1809, 74, 1659, 1435, 1666]"
4236,"[261, 267, 266, 239, 262]"
4237,"[408, 1873, 1077, 1632, 74]"
4238,"[261, 268, 267, 266, 239]"
4239,"[261, 267, 266, 239, 238]"
4240,"[933, 1002, 1009, 1885, 262]"
4241,"[267, 266, 239, 238, 235]"
4242,"[837, 1785, 259, 964, 270]"
4243,"[408, 222, 1902, 1049, 1632]"
4244,"[862, 368, 1930, 1038, 1592]"
4245,"[267, 266, 239, 238, 235]"
4246,"[1055, 259, 442, 1249, 1063]"
4247,"[1055, 403, 1666, 885, 1255]"
4248,"[1055, 1061, 1148, 211, 1049]"
4249,"[267, 266, 239, 238, 235]"
4250,"[1873, 1836, 1832, 964, 1363]"
4251,"[1055, 1048, 823, 1498, 259]"
4252,"[1205, 1592, 408, 1915, 959]"
4253,"[403, 1077, 1666, 823, 1249]"
4254,"[1666, 403, 66, 74, 1316]"
4255,"[1915, 114, 749, 1885, 1192]"
4256,"[1666, 114, 624, 1915, 1204]"
4257,"[1302, 1836, 1832, 1873, 1825]"
4258,"[1590, 1592, 1659, 1487, 1863]"
4259,"[823, 403, 1704, 1705, 1286]"
4260,"[403, 969, 976, 1317, 728]"
4261,"[1915, 408, 930, 936, 1670]"
4262,"[159, 937, 938, 1042, 921]"
4263,"[1666, 1900, 1902, 1906, 403]"
4264,"[1666, 66, 1836, 1832, 1873]"
4265,"[885, 543, 1809, 1704, 1026]"
4266,"[159, 937, 1042, 1873, 1836]"
4267,"[1670, 930, 760, 749, 788]"
4268,"[1030, 1809, 1080, 1900, 1104]"
4269,"[1590, 1836, 1885, 1249, 1863]"
4270,"[1612, 1666, 1626, 1030, 403]"
4271,"[1666, 624, 403, 303, 1906]"
4272,"[1659, 1500, 1495, 1026, 403]"
4273,"[1666, 1626, 114, 1030, 403]"
4274,"[1666, 1026, 403, 823, 72]"
4275,"[408, 1902, 1590, 1279, 824]"
4276,"[1248, 114, 1192, 1904, 110]"
4277,"[1915, 1659, 1592, 216, 1307]"
4278,"[885, 969, 403, 976, 1428]"
4279,"[1825, 406, 407, 442, 1704]"
4280,"[1933, 1915, 1061, 1824, 1073]"
4281,"[1915, 271, 270, 1836, 1873]"
4282,"[1855, 1861, 232, 236, 1003]"
4283,"[1915, 1667, 823, 1096, 242]"
4284,"[408, 1676, 1915, 1830, 1026]"
4285,"[1906, 1302, 1080, 1889, 1766]"
4286,"[885, 1666, 1620, 1026, 824]"
4287,"[1002, 822, 1809, 270, 1873]"
4288,"[921, 1042, 1046, 1666, 1197]"
4289,"[1906, 1042, 1055, 823, 1046]"
4290,"[1915, 1025, 1590, 927, 1438]"
4291,"[1705, 1704, 1043, 1753, 403]"
4292,"[1915, 1193, 408, 1659, 1906]"
4293,"[1077, 1861, 1855, 1825, 1079]"
4294,"[1666, 1649, 403, 1317, 1723]"
4295,"[1591, 271, 270, 964, 1918]"
4296,"[1915, 1666, 1620, 677, 749]"
4297,"[1612, 37, 1026, 403, 1723]"
4298,"[1666, 1861, 749, 66, 1855]"
4299,"[616, 443, 7, 1721, 606]"
4300,"[97, 1547, 1901, 430, 1550]"
4301,"[616, 443, 618, 379, 652]"
4302,"[1608, 1539, 126, 1704, 43]"
4303,"[777, 1317, 111, 1723, 480]"
4304,"[1884, 1070, 454, 1312, 16]"
4305,"[1642, 887, 480, 111, 1723]"
4306,"[1890, 1893, 1892, 1885, 1887]"
4307,"[659, 739, 788, 126, 673]"
4308,"[324, 1704, 1191, 1893, 1760]"
4309,"[1924, 1523, 1906, 1556, 1191]"
4310,"[1904, 1192, 37, 110, 413]"
4311,"[1192, 689, 1249, 1904, 697]"
4312,"[1902, 1900, 408, 1917, 478]"
4313,"[1242, 403, 1006, 1317, 749]"
4314,"[1604, 1611, 466, 1924, 478]"
4315,"[1192, 1599, 1523, 1904, 1536]"
4316,"[1705, 44, 1600, 1063, 1704]"
4317,"[478, 1924, 1076, 276, 1077]"
4318,"[1884, 1562, 1191, 1312, 1599]"
4319,"[1902, 1704, 1900, 1552, 1924]"
4320,"[1249, 1906, 900, 926, 1924]"
4321,"[440, 777, 1904, 783, 704]"
4322,"[114, 116, 1604, 1192, 1274]"
4323,"[689, 335, 703, 1191, 1760]"
4324,"[1187, 652, 1030, 387, 1148]"
4325,"[700, 1891, 1655, 703, 1072]"
4326,"[1704, 258, 403, 1317, 673]"
4327,"[1924, 1610, 478, 1523, 1521]"
4328,"[1887, 1591, 1592, 885, 1924]"
4329,"[1705, 111, 78, 1704, 652]"
4330,"[1884, 461, 708, 1890, 454]"
4331,"[1924, 1904, 1523, 1192, 1906]"
4332,"[279, 277, 273, 137, 1016]"
4333,"[1601, 1599, 697, 807, 691]"
4334,"[440, 1191, 1523, 692, 324]"
4335,"[1884, 1562, 1191, 1312, 1608]"
4336,"[1906, 1885, 1904, 926, 778]"
4337,"[616, 1281, 1147, 379, 1581]"
4338,"[1249, 1908, 606, 1063, 790]"
4339,"[790, 164, 163, 165, 739]"
4340,"[1704, 1705, 16, 1063, 1249]"
4341,"[1248, 1130, 1698, 250, 996]"
4342,"[1904, 1599, 1608, 641, 1607]"
4343,"[333, 1562, 1191, 1890, 1884]"
4344,"[1904, 585, 586, 650, 43]"
4345,"[922, 1833, 1837, 1828, 4]"
4346,"[1133, 478, 1915, 333, 1924]"
4347,"[677, 650, 276, 639, 1552]"
4348,"[1885, 749, 66, 1016, 276]"
4349,"[1462, 66, 665, 630, 650]"
4350,"[1902, 1620, 1615, 1556, 665]"
4351,"[1155, 114, 1133, 1615, 276]"
4352,"[1155, 281, 1890, 1896, 1884]"
4353,"[1902, 749, 66, 1866, 1823]"
4354,"[1246, 1772, 1705, 1708, 274]"
4355,"[165, 113, 1534, 1536, 1556]"
4356,"[274, 276, 275, 277, 447]"
4357,"[629, 1100, 409, 335, 102]"
4358,"[1670, 749, 1536, 1901, 1746]"
4359,"[1746, 98, 749, 1887, 1670]"
4360,"[65, 1670, 749, 63, 1279]"
4361,"[665, 403, 1670, 749, 629]"
4362,"[281, 277, 650, 1772, 1926]"
4363,"[1615, 281, 749, 665, 1559]"
4364,"[216, 46, 1705, 1704, 1604]"
4365,"[665, 862, 277, 281, 1603]"
4366,"[1313, 102, 749, 98, 1885]"
4367,"[276, 1915, 884, 1556, 291]"
4368,"[1628, 1538, 1887, 665, 1615]"
4369,"[1902, 925, 749, 4, 874]"
4370,"[1536, 1533, 97, 96, 1926]"
4371,"[1902, 1073, 1670, 749, 665]"
4372,"[749, 1670, 1199, 1746, 1901]"
4373,"[1201, 1700, 1746, 98, 124]"
4374,"[749, 1670, 629, 403, 282]"
4375,"[1073, 1885, 1560, 1887, 749]"
4376,"[1192, 114, 890, 112, 1534]"
4377,"[267, 266, 239, 238, 235]"
4378,"[43, 291, 44, 884, 860]"
4379,"[665, 658, 66, 749, 403]"
4380,"[1925, 281, 1615, 1696, 781]"
4381,"[409, 665, 749, 102, 1885]"
4382,"[1592, 1710, 922, 787, 1552]"
4383,"[1556, 1192, 403, 749, 1670]"
4384,"[1554, 1705, 636, 1733, 1904]"
4385,"[1613, 1666, 1144, 1904, 1884]"
4386,"[333, 334, 707, 1902, 528]"
4387,"[865, 660, 1747, 863, 650]"
4388,"[1317, 803, 1246, 468, 802]"
4389,"[865, 863, 1747, 749, 111]"
4390,"[1747, 863, 865, 1693, 422]"
4391,"[1923, 314, 749, 1659, 1747]"
4392,"[1887, 1608, 1901, 637, 651]"
4393,"[1923, 863, 1747, 865, 111]"
4394,"[267, 266, 239, 238, 235]"
4395,"[1923, 922, 425, 874, 528]"
4396,"[863, 1747, 242, 865, 1923]"
4397,"[863, 1923, 1747, 865, 749]"
4398,"[863, 1923, 749, 865, 1891]"
4399,"[114, 452, 1204, 807, 314]"
4400,"[1923, 314, 118, 1904, 164]"
4401,"[1929, 1923, 1009, 528, 1073]"
4402,"[1747, 863, 865, 1138, 313]"
4403,"[749, 1670, 1646, 667, 930]"
4404,"[749, 1885, 865, 863, 1747]"
4405,"[865, 1747, 863, 441, 314]"
4406,"[1747, 865, 863, 314, 1138]"
4407,"[1923, 314, 118, 1904, 164]"
4408,"[1923, 422, 216, 1747, 863]"
4409,"[863, 865, 1747, 78, 1138]"
4410,"[1923, 468, 863, 624, 111]"
4411,"[314, 1902, 1073, 97, 1925]"
4412,"[865, 863, 1747, 1890, 749]"
4413,"[749, 865, 1138, 1747, 863]"
4414,"[863, 1747, 1923, 313, 1618]"
4415,"[114, 1404, 501, 1484, 1449]"
4416,"[1923, 118, 864, 1693, 314]"
4417,"[313, 1747, 865, 863, 749]"
4418,"[1747, 314, 863, 865, 1608]"
4419,"[313, 1923, 865, 73, 1747]"
4420,"[1747, 314, 863, 865, 1925]"
4421,"[1900, 290, 1543, 430, 1901]"
4422,"[865, 863, 1747, 749, 59]"
4423,"[865, 1747, 863, 1923, 1598]"
4424,"[865, 1747, 863, 59, 1746]"
4425,"[1924, 1618, 1901, 865, 1747]"
4426,"[1115, 313, 314, 1028, 1923]"
4427,"[314, 1923, 1747, 863, 313]"
4428,"[1923, 749, 863, 1747, 865]"
4429,"[1923, 926, 1617, 1659, 1197]"
4430,"[1915, 922, 98, 1766, 1795]"
4431,"[1567, 16, 1611, 1896, 1922]"
4432,"[1899, 1608, 1884, 16, 1636]"
4433,"[1896, 114, 1884, 1887, 1889]"
4434,"[114, 1567, 1924, 16, 1896]"
4435,"[1922, 1897, 114, 1567, 1899]"
4436,"[455, 16, 1567, 114, 1884]"
4437,"[114, 1884, 16, 535, 1461]"
4438,"[455, 1567, 16, 114, 1523]"
4439,"[926, 869, 882, 877, 16]"
4440,"[1704, 16, 1567, 1705, 114]"
4441,"[1924, 1884, 114, 1192, 1604]"
4442,"[535, 1929, 1567, 16, 114]"
4443,"[114, 1636, 926, 1192, 1607]"
4444,"[1191, 1704, 1567, 16, 114]"
4445,"[1567, 535, 1890, 1726, 114]"
4446,"[16, 1567, 114, 1611, 1884]"
4447,"[1929, 455, 1191, 1704, 926]"
4448,"[114, 1307, 464, 1064, 16]"
4449,"[16, 1567, 114, 110, 1611]"
4450,"[1618, 1884, 926, 1604, 1534]"
4451,"[454, 455, 114, 16, 1192]"
4452,"[1567, 1896, 16, 1884, 114]"
4453,"[455, 16, 1567, 114, 1192]"
4454,"[1567, 114, 1618, 16, 1192]"
4455,"[1567, 1611, 114, 16, 1241]"
4456,"[1922, 1897, 16, 114, 1896]"
4457,"[114, 1567, 16, 1604, 1922]"
4458,"[1567, 16, 114, 1611, 1192]"
4459,"[114, 16, 1890, 1070, 1191]"
4460,"[1071, 114, 409, 1899, 102]"
4461,"[1567, 1897, 16, 114, 454]"
4462,"[114, 16, 1192, 1772, 1567]"
4463,"[16, 1704, 1705, 1567, 114]"
4464,"[1192, 1567, 16, 455, 114]"
4465,"[1896, 1906, 1567, 321, 1884]"
4466,"[1567, 1899, 114, 16, 1924]"
4467,"[1567, 1705, 16, 1884, 1072]"
4468,"[114, 276, 1884, 16, 1604]"
4469,"[1567, 16, 114, 1192, 467]"
4470,"[1899, 114, 1192, 1526, 16]"
4471,"[1896, 926, 1904, 1899, 114]"
4472,"[1567, 114, 16, 1899, 1192]"
4473,"[1567, 16, 114, 1705, 888]"
4474,"[1906, 1567, 1758, 1762, 114]"
4475,"[1896, 1613, 1894, 862, 1904]"
4476,"[432, 1490, 765, 1670, 1723]"
4477,"[1896, 1613, 455, 368, 901]"
4478,"[455, 1157, 368, 1896, 1192]"
4479,"[1607, 1608, 511, 1873, 1836]"
4480,"[1157, 368, 1567, 372, 1063]"
4481,"[511, 1809, 1490, 403, 1704]"
4482,"[1567, 1896, 16, 1192, 1922]"
4483,"[1613, 1904, 1896, 368, 455]"
4484,"[1896, 1904, 1705, 95, 1924]"
4485,"[1192, 1567, 1746, 113, 1904]"
4486,"[1567, 16, 114, 1192, 1611]"
4487,"[480, 1705, 748, 1873, 1836]"
4488,"[372, 1636, 1613, 1894, 1607]"
4489,"[1072, 1567, 1063, 1904, 1607]"
4490,"[1072, 1567, 1705, 1885, 1191]"
4491,"[1249, 1607, 1192, 1904, 677]"
4492,"[1607, 1157, 1613, 1894, 1517]"
4493,"[1896, 1608, 1607, 1567, 1885]"
4494,"[1072, 1620, 1607, 1567, 1613]"
4495,"[1613, 1705, 1542, 1607, 1904]"
4496,"[1607, 1924, 1608, 1604, 901]"
4497,"[368, 1204, 1924, 1249, 1592]"
4498,"[1567, 1705, 1191, 1887, 1886]"
4499,"[1896, 455, 1905, 862, 1613]"
4500,"[368, 1721, 372, 1191, 1588]"
4501,"[1249, 1607, 1705, 1704, 403]"
4502,"[1705, 1067, 860, 1704, 1191]"
4503,"[1157, 1567, 1607, 1896, 1608]"
4504,"[594, 1513, 1772, 542, 595]"
4505,"[1607, 1604, 1249, 926, 903]"
4506,"[1896, 1192, 1567, 1922, 1897]"
4507,"[933, 677, 1809, 903, 4]"
4508,"[872, 1065, 1608, 1063, 1607]"
4509,"[1157, 432, 372, 1906, 1607]"
4510,"[1896, 1613, 1904, 1157, 1191]"
4511,"[1613, 1894, 1530, 1542, 1191]"
4512,"[372, 1157, 368, 1113, 1192]"
4513,"[1567, 1604, 1607, 1592, 901]"
4514,"[368, 1896, 1613, 372, 1904]"
4515,"[1607, 901, 135, 403, 1249]"
4516,"[677, 1567, 1899, 1885, 1887]"
4517,"[1613, 1705, 1620, 1193, 1072]"
4518,"[677, 1567, 1896, 1191, 1192]"
4519,"[1575, 1266, 1063, 861, 667]"
4520,"[443, 1733, 1581, 1061, 1082]"
4521,"[605, 616, 445, 1204, 1573]"
4522,"[1517, 1608, 1544, 1638, 1929]"
4523,"[618, 1022, 605, 443, 89]"
4524,"[26, 614, 28, 1544, 1613]"
4525,"[1608, 17, 1544, 1134, 26]"
4526,"[1863, 63, 1828, 65, 1837]"
4527,"[28, 1192, 1638, 1904, 18]"
4528,"[1641, 563, 1377, 504, 564]"
4529,"[1878, 1707, 1708, 1246, 403]"
4530,"[605, 263, 1019, 1155, 1121]"
4531,"[1880, 468, 480, 1314, 1679]"
4532,"[1904, 1523, 1192, 78, 110]"
4533,"[933, 930, 1670, 647, 749]"
4534,"[835, 639, 649, 655, 606]"
4535,"[1878, 1707, 468, 1459, 480]"
4536,"[641, 646, 1697, 889, 480]"
4537,"[1600, 1610, 1705, 1704, 1523]"
4538,"[36, 9, 807, 1314, 805]"
4539,"[611, 1613, 1666, 1904, 1063]"
4540,"[1192, 1599, 285, 1567, 1615]"
4541,"[1904, 1666, 110, 1138, 216]"
4542,"[120, 1599, 28, 18, 40]"
4543,"[739, 692, 790, 1673, 1549]"
4544,"[606, 1288, 652, 388, 304]"
4545,"[969, 1063, 606, 971, 208]"
4546,"[211, 1568, 1283, 1155, 250]"
4547,"[443, 1792, 1789, 1733, 1790]"
4548,"[1192, 1746, 1287, 1610, 1863]"
4549,"[611, 614, 18, 40, 443]"
4550,"[687, 443, 692, 480, 648]"
4551,"[26, 269, 1709, 1703, 285]"
4552,"[660, 655, 1610, 641, 1194]"
4553,"[723, 606, 848, 1292, 639]"
4554,"[1568, 263, 673, 1575, 1610]"
4555,"[1201, 1320, 1670, 1462, 1575]"
4556,"[349, 1632, 1666, 269, 639]"
4557,"[139, 165, 320, 790, 624]"
4558,"[1697, 1679, 413, 662, 337]"
4559,"[28, 1641, 97, 96, 444]"
4560,"[114, 605, 216, 1022, 835]"
4561,"[1608, 1544, 1641, 614, 1599]"
4562,"[468, 769, 1733, 1314, 815]"
4563,"[443, 43, 44, 884, 860]"
4564,"[1902, 1552, 1900, 408, 1317]"
4565,"[1249, 1704, 823, 432, 1906]"
4566,"[1071, 103, 1193, 1613, 124]"
4567,"[1915, 1746, 596, 598, 600]"
4568,"[1900, 1902, 1917, 1543, 1552]"
4569,"[478, 1705, 1904, 1762, 1887]"
4570,"[1523, 1542, 1562, 1489, 1554]"
4571,"[1929, 1592, 408, 1928, 1248]"
4572,"[1252, 1302, 1887, 890, 1890]"
4573,"[432, 1080, 438, 1636, 1263]"
4574,"[478, 926, 1924, 1906, 624]"
4575,"[1900, 478, 425, 420, 1620]"
4576,"[409, 1604, 1620, 95, 1906]"
4577,"[1917, 1915, 408, 890, 125]"
4578,"[1900, 1915, 1917, 408, 309]"
4579,"[1904, 1192, 1587, 43, 1489]"
4580,"[427, 440, 480, 111, 1717]"
4581,"[1588, 478, 1526, 1533, 1529]"
4582,"[1900, 1915, 1193, 1543, 1074]"
4583,"[428, 432, 478, 1924, 1091]"
4584,"[1924, 1746, 1192, 113, 1307]"
4585,"[1915, 1192, 1495, 1825, 1536]"
4586,"[1904, 1523, 1521, 102, 409]"
4587,"[409, 1191, 1904, 102, 1890]"
4588,"[1809, 1902, 1299, 1873, 1836]"
4589,"[1906, 926, 1928, 1825, 1832]"
4590,"[1193, 114, 1536, 106, 890]"
4591,"[1861, 1855, 1549, 1620, 1825]"
4592,"[1607, 1809, 1915, 625, 1667]"
4593,"[1073, 478, 1072, 1825, 1929]"
4594,"[1906, 1607, 1191, 1528, 1638]"
4595,"[1900, 1902, 1917, 289, 1889]"
4596,"[1567, 1599, 1887, 1562, 95]"
4597,"[1899, 1915, 1526, 1922, 1897]"
4598,"[1607, 1896, 1192, 1599, 1608]"
4599,"[1924, 478, 1904, 95, 1922]"
4600,"[1916, 403, 1906, 1249, 1607]"
4601,"[1607, 1893, 1924, 1249, 926]"
4602,"[1915, 1917, 1899, 1536, 1620]"
4603,"[1915, 1592, 1363, 1831, 1825]"
4604,"[1612, 1620, 95, 1906, 113]"
4605,"[1765, 1777, 403, 860, 1809]"
4606,"[1899, 1762, 1526, 1922, 1897]"
4607,"[1915, 1704, 1924, 60, 1705]"
4608,"[446, 433, 1080, 1636, 1279]"
4609,"[1197, 446, 403, 1807, 302]"
4610,"[511, 1832, 1825, 66, 1885]"
4611,"[1279, 425, 66, 647, 703]"
4612,"[1160, 403, 1320, 1575, 749]"
4613,"[1915, 890, 1604, 1534, 926]"
4614,"[1279, 293, 431, 1096, 433]"
4615,"[1928, 1906, 1279, 1178, 432]"
4616,"[1607, 1873, 1836, 1832, 403]"
4617,"[1659, 1928, 1279, 125, 116]"
4618,"[1705, 1191, 624, 1904, 1523]"
4619,"[128, 1915, 904, 1552, 102]"
4620,"[1199, 1746, 294, 1086, 922]"
4621,"[1638, 1607, 1659, 1618, 1193]"
4622,"[1279, 1936, 1277, 1295, 1086]"
4623,"[1915, 1279, 97, 96, 1677]"
4624,"[1279, 852, 749, 403, 1936]"
4625,"[302, 1279, 1104, 1129, 1928]"
4626,"[1279, 1603, 1659, 1255, 1666]"
4627,"[1915, 97, 96, 1670, 1831]"
4628,"[1279, 1807, 403, 1915, 926]"
4629,"[1279, 1915, 926, 1936, 1659]"
4630,"[1906, 1904, 926, 409, 1607]"
4631,"[1742, 1279, 73, 1807, 282]"
4632,"[403, 1705, 66, 1659, 511]"
4633,"[1915, 1611, 1191, 1532, 1555]"
4634,"[1915, 857, 1832, 1873, 1836]"
4635,"[1279, 403, 1659, 824, 1617]"
4636,"[1928, 1178, 1522, 432, 78]"
4637,"[1902, 442, 1690, 1925, 1302]"
4638,"[1279, 1936, 433, 1295, 1277]"
4639,"[777, 1279, 552, 111, 432]"
4640,"[1915, 1197, 1561, 1807, 1670]"
4641,"[1915, 1617, 926, 1638, 1618]"
4642,"[522, 582, 1438, 1412, 1494]"
4643,"[1279, 1607, 1659, 434, 1807]"
4644,"[1617, 926, 1936, 1604, 446]"
4645,"[1677, 1673, 128, 872, 1543]"
4646,"[1247, 412, 1485, 490, 1279]"
4647,"[1279, 1607, 1659, 432, 1906]"
4648,"[1279, 432, 1906, 403, 425]"
4649,"[723, 1915, 1279, 862, 1204]"
4650,"[1543, 360, 617, 1643, 1742]"
4651,"[1313, 1607, 1552, 1887, 1564]"
4652,"[1923, 114, 807, 110, 1888]"
4653,"[1536, 171, 1915, 1677, 1610]"
4654,"[1902, 1543, 1552, 1900, 687]"
4655,"[1915, 1836, 933, 1809, 930]"
4656,"[443, 1428, 46, 1269, 1717]"
4657,"[1900, 1887, 749, 1670, 1885]"
4658,"[1902, 1552, 1543, 1887, 1599]"
4659,"[1029, 618, 1077, 824, 823]"
4660,"[1900, 41, 1244, 423, 33]"
4661,"[568, 563, 566, 571, 564]"
4662,"[575, 571, 568, 511, 42]"
4663,"[1258, 1256, 936, 1863, 430]"
4664,"[1055, 1118, 866, 1255, 1150]"
4665,"[46, 821, 749, 909, 111]"
4666,"[1615, 1192, 1599, 1196, 1904]"
4667,"[46, 1717, 402, 111, 52]"
4668,"[114, 1878, 1707, 807, 1246]"
4669,"[1902, 430, 1901, 1552, 1746]"
4670,"[1885, 1538, 1892, 1887, 1884]"
4671,"[501, 46, 550, 1457, 1497]"
4672,"[1796, 1704, 1705, 748, 842]"
4673,"[1915, 1536, 1550, 1540, 1556]"
4674,"[677, 903, 1320, 625, 72]"
4675,"[1915, 1924, 1610, 688, 478]"
4676,"[1607, 480, 1704, 111, 1723]"
4677,"[403, 624, 1670, 1320, 1502]"
4678,"[1320, 60, 749, 111, 1428]"
4679,"[926, 1279, 1666, 1525, 78]"
4680,"[1902, 1865, 1836, 922, 930]"
4681,"[128, 1187, 386, 1063, 1315]"
4682,"[78, 1753, 1063, 1666, 443]"
4683,"[1608, 1615, 1599, 1607, 78]"
4684,"[1073, 748, 1320, 1925, 844]"
4685,"[1733, 53, 778, 749, 1249]"
4686,"[1809, 1051, 72, 647, 650]"
4687,"[1620, 1655, 452, 1666, 289]"
4688,"[1900, 1543, 1915, 1269, 443]"
4689,"[1704, 403, 111, 1717, 1723]"
4690,"[878, 922, 1915, 101, 1534]"
4691,"[1608, 1599, 485, 687, 860]"
4692,"[824, 1611, 403, 564, 566]"
4693,"[1900, 443, 1543, 1717, 73]"
4694,"[1670, 1, 1249, 1023, 564]"
4695,"[468, 111, 511, 432, 1114]"
4696,"[739, 1620, 1527, 1905, 1545]"
4697,"[1877, 1570, 135, 1710, 132]"
4698,"[1895, 828, 1905, 1627, 1863]"
4699,"[1630, 1611, 432, 468, 73]"
4700,"[1287, 1877, 1785, 135, 132]"
4701,"[89, 484, 1526, 1899, 1922]"
4702,"[89, 165, 1922, 1897, 1193]"
4703,"[276, 1317, 386, 1613, 316]"
4704,"[368, 1192, 1191, 1607, 1556]"
4705,"[1249, 165, 1192, 1620, 1534]"
4706,"[1570, 135, 16, 1756, 828]"
4707,"[1895, 1772, 1192, 430, 828]"
4708,"[1570, 1844, 1851, 1850, 1785]"
4709,"[1915, 1622, 1192, 1517, 1621]"
4710,"[1885, 1929, 1534, 1670, 1659]"
4711,"[1248, 605, 45, 1246, 368]"
4712,"[441, 1746, 1192, 16, 1896]"
4713,"[1615, 1192, 1922, 1897, 1620]"
4714,"[1246, 216, 16, 1708, 1904]"
4715,"[1896, 1072, 884, 1887, 808]"
4716,"[368, 1138, 1063, 455, 1100]"
4717,"[1905, 1627, 1620, 1604, 1903]"
4718,"[441, 403, 73, 1006, 432]"
4719,"[1772, 1246, 1659, 650, 82]"
4720,"[468, 111, 527, 135, 1213]"
4721,"[1785, 135, 828, 1570, 107]"
4722,"[1905, 16, 803, 1627, 471]"
4723,"[73, 927, 468, 1428, 282]"
4724,"[441, 1935, 1936, 828, 65]"
4725,"[82, 828, 1287, 1785, 1877]"
4726,"[401, 468, 621, 703, 73]"
4727,"[1607, 1636, 379, 1894, 1188]"
4728,"[1488, 1604, 1249, 135, 1746]"
4729,"[73, 1704, 1705, 468, 111]"
4730,"[1922, 1897, 468, 1526, 892]"
4731,"[50, 1611, 828, 1681, 468]"
4732,"[828, 1570, 1784, 1863, 1785]"
4733,"[594, 1513, 542, 441, 1246]"
4734,"[1210, 1411, 527, 1213, 1403]"
4735,"[368, 1915, 1618, 1534, 1604]"
4736,"[468, 1570, 135, 1023, 132]"
4737,"[82, 3, 828, 1287, 793]"
4738,"[1192, 828, 1901, 1592, 114]"
4739,"[478, 1924, 1592, 1929, 1704]"
4740,"[1466, 381, 1772, 16, 1457]"
4741,"[1915, 441, 408, 1746, 216]"
4742,"[408, 1902, 114, 116, 1552]"
4743,"[478, 1710, 114, 1772, 1307]"
4744,"[1915, 408, 442, 1924, 216]"
4745,"[1704, 1515, 1610, 1307, 296]"
4746,"[1900, 1915, 1902, 1552, 1543]"
4747,"[1902, 116, 114, 1900, 478]"
4748,"[660, 1197, 1555, 1884, 650]"
4749,"[1884, 478, 1604, 1521, 1610]"
4750,"[1704, 1761, 1705, 1192, 478]"
4751,"[478, 1924, 1197, 291, 1307]"
4752,"[1889, 1555, 1197, 1525, 1915]"
4753,"[1704, 1705, 464, 535, 501]"
4754,"[114, 1604, 1884, 1924, 1192]"
4755,"[478, 1924, 1915, 1884, 1192]"
4756,"[1884, 1924, 114, 16, 1604]"
4757,"[1924, 114, 478, 116, 1192]"
4758,"[1614, 1610, 455, 1521, 462]"
4759,"[1902, 478, 1924, 114, 454]"
4760,"[1916, 1928, 1885, 1704, 1825]"
4761,"[478, 1924, 98, 464, 1296]"
4762,"[1915, 116, 114, 1192, 1604]"
4763,"[116, 1915, 1541, 1552, 320]"
4764,"[478, 1924, 1884, 114, 1617]"
4765,"[1915, 1552, 408, 1924, 1543]"
4766,"[1924, 216, 114, 1604, 1610]"
4767,"[1884, 1521, 114, 1742, 58]"
4768,"[1704, 1761, 1705, 478, 1772]"
4769,"[1924, 1434, 478, 783, 1884]"
4770,"[16, 1924, 114, 116, 1610]"
4771,"[1924, 1080, 423, 1244, 1248]"
4772,"[1246, 1922, 1897, 1604, 1884]"
4773,"[933, 1929, 1885, 1887, 106]"
4774,"[1924, 291, 1192, 1772, 126]"
4775,"[1884, 675, 1197, 1772, 16]"
4776,"[454, 1924, 1922, 1897, 137]"
4777,"[216, 408, 114, 1917, 116]"
4778,"[1246, 454, 466, 1884, 464]"
4779,"[1924, 478, 1592, 787, 1404]"
4780,"[1902, 114, 1924, 1900, 1552]"
4781,"[1197, 1279, 1936, 1536, 432]"
4782,"[1915, 1924, 1704, 1604, 1192]"
4783,"[58, 57, 54, 1611, 691]"
4784,"[1900, 1704, 114, 1192, 687]"
4785,"[447, 1637, 1605, 687, 1457]"
4786,"[1772, 1461, 1552, 1902, 441]"
4787,"[691, 1521, 693, 114, 1249]"
4788,"[1192, 1897, 1922, 114, 116]"
4789,"[478, 1608, 1607, 1924, 1599]"
4790,"[361, 468, 818, 1197, 1307]"
4791,"[1884, 1197, 468, 111, 1249]"
4792,"[361, 116, 1772, 446, 468]"
4793,"[1900, 114, 606, 807, 691]"
4794,"[116, 377, 114, 1192, 1088]"
4795,"[290, 1080, 1204, 1925, 1675]"
4796,"[1192, 1608, 1599, 1607, 1638]"
4797,"[1192, 116, 1610, 1191, 1599]"
4798,"[1607, 1157, 114, 1191, 116]"
4799,"[1063, 1521, 1611, 1461, 1760]"
4800,"[114, 1192, 18, 1581, 1704]"
4801,"[501, 1404, 546, 18, 446]"
4802,"[1915, 114, 1542, 1192, 1314]"
4803,"[1904, 890, 1306, 1599, 1924]"
4804,"[1461, 1521, 1249, 583, 16]"
4805,"[1705, 16, 114, 1204, 1773]"
4806,"[361, 1762, 1038, 1924, 1916]"
4807,"[1192, 1246, 412, 1894, 1904]"
4808,"[1192, 1544, 1607, 1600, 1599]"
4809,"[921, 116, 938, 1581, 1197]"
4810,"[1192, 1705, 16, 1317, 1704]"
4811,"[1884, 1197, 468, 1249, 111]"
4812,"[1915, 1251, 1617, 221, 409]"
4813,"[1772, 1197, 1884, 1246, 1878]"
4814,"[98, 361, 102, 1191, 1607]"
4815,"[1915, 1192, 114, 468, 660]"
4816,"[1307, 1461, 446, 468, 16]"
4817,"[1908, 809, 1924, 790, 1204]"
4818,"[1192, 1246, 1615, 1878, 1707]"
4819,"[1772, 468, 1704, 480, 1760]"
4820,"[96, 97, 1922, 1897, 1613]"
4821,"[1904, 1192, 16, 1915, 114]"
4822,"[478, 1924, 1197, 1204, 1604]"
4823,"[1192, 1705, 1904, 1204, 16]"
4824,"[1307, 446, 468, 1197, 1461]"
4825,"[1929, 1307, 1772, 478, 1640]"
4826,"[786, 561, 1705, 1307, 1704]"
4827,"[926, 1831, 1008, 1825, 1915]"
4828,"[292, 1762, 1617, 1758, 1760]"
4829,"[1249, 926, 1809, 1873, 1836]"
4830,"[926, 1915, 1303, 1525, 1072]"
4831,"[1928, 432, 1906, 289, 1302]"
4832,"[1915, 1906, 1255, 1528, 926]"
4833,"[511, 1835, 1872, 892, 1612]"
4834,"[1617, 409, 937, 159, 926]"
4835,"[1762, 292, 1758, 718, 1761]"
4836,"[1915, 1902, 1620, 1612, 1615]"
4837,"[1890, 1887, 1885, 1071, 852]"
4838,"[408, 1890, 892, 1157, 1887]"
4839,"[289, 1915, 501, 835, 369]"
4840,"[1915, 1825, 1528, 128, 1560]"
4841,"[1915, 408, 1620, 478, 1924]"
4842,"[1825, 1906, 926, 1904, 1887]"
4843,"[97, 96, 1191, 409, 1618]"
4844,"[1155, 1617, 1073, 758, 1560]"
4845,"[926, 1617, 890, 1598, 409]"
4846,"[1193, 1554, 1529, 1543, 1887]"
4847,"[926, 408, 1561, 1279, 1543]"
4848,"[1561, 1902, 1915, 1887, 926]"
4849,"[1924, 890, 926, 1191, 1906]"
4850,"[1915, 1193, 1344, 1561, 1536]"
4851,"[1915, 926, 1191, 1670, 1607]"
4852,"[1915, 926, 432, 1901, 823]"
4853,"[403, 1825, 1670, 1197, 331]"
4854,"[1902, 1618, 1900, 514, 1192]"
4855,"[1550, 1529, 1558, 1607, 460]"
4856,"[926, 1626, 1906, 1618, 901]"
4857,"[165, 1618, 937, 1676, 1025]"
4858,"[1761, 1762, 43, 1899, 980]"
4859,"[1748, 926, 1555, 1807, 1915]"
4860,"[357, 1279, 1255, 1612, 1613]"
4861,"[1915, 1193, 1561, 926, 1543]"
4862,"[1618, 1887, 1885, 1891, 1612]"
4863,"[1915, 926, 1552, 1197, 1556]"
4864,"[1906, 1916, 432, 1030, 778]"
4865,"[1809, 1885, 926, 1887, 1902]"
4866,"[1915, 408, 1302, 749, 926]"
4867,"[1618, 125, 926, 1917, 1607]"
4868,"[926, 331, 165, 1618, 1927]"
4869,"[1915, 1902, 1073, 1561, 1080]"
4870,"[1915, 926, 1618, 1617, 124]"
4871,"[1608, 788, 893, 1746, 898]"
4872,"[739, 785, 605, 1733, 829]"
4873,"[926, 1677, 1610, 1733, 408]"
4874,"[1733, 815, 120, 468, 861]"
4875,"[466, 1923, 401, 739, 477]"
4876,"[438, 1637, 432, 431, 444]"
4877,"[120, 1733, 804, 781, 328]"
4878,"[825, 1249, 1611, 1924, 786]"
4879,"[468, 794, 807, 1314, 1192]"
4880,"[29, 749, 65, 87, 903]"
4881,"[636, 443, 120, 468, 1095]"
4882,"[120, 468, 660, 480, 111]"
4883,"[739, 408, 926, 787, 1307]"
4884,"[114, 1192, 645, 1733, 75]"
4885,"[408, 605, 1659, 1705, 1792]"
4886,"[16, 739, 1608, 1611, 1249]"
4887,"[216, 1249, 1611, 1191, 316]"
4888,"[1875, 403, 815, 1249, 1204]"
4889,"[622, 75, 618, 661, 645]"
4890,"[1733, 790, 75, 120, 1204]"
4891,"[1924, 691, 1733, 1611, 772]"
4892,"[446, 1733, 75, 432, 624]"
4893,"[1733, 120, 468, 403, 605]"
4894,"[785, 636, 120, 645, 739]"
4895,"[1113, 1567, 16, 1192, 114]"
4896,"[1733, 120, 815, 1611, 16]"
4897,"[1314, 1600, 1249, 1204, 790]"
4898,"[1659, 1733, 114, 1604, 723]"
4899,"[861, 1191, 111, 403, 1717]"
4900,"[216, 1611, 1191, 1604, 681]"
4901,"[1733, 114, 815, 1604, 1192]"
4902,"[1733, 1611, 1746, 1899, 892]"
4903,"[653, 861, 1191, 480, 1249]"
4904,"[316, 1191, 408, 861, 1138]"
4905,"[1604, 114, 89, 1611, 1599]"
4906,"[216, 610, 7, 889, 815]"
4907,"[1192, 1904, 1523, 739, 165]"
4908,"[1733, 641, 815, 1611, 781]"
4909,"[1733, 605, 468, 1549, 282]"
4910,"[114, 120, 1733, 1192, 1904]"
4911,"[866, 1117, 1923, 1073, 1028]"
4912,"[1610, 454, 114, 691, 1924]"
4913,"[1117, 1119, 314, 1116, 216]"
4914,"[403, 1191, 111, 1082, 903]"
4915,"[1607, 291, 292, 97, 1141]"
4916,"[114, 408, 1599, 890, 216]"
4917,"[1074, 1037, 1531, 1723, 111]"
4918,"[1659, 1620, 425, 403, 1885]"
4919,"[1620, 1666, 933, 1704, 425]"
4920,"[1071, 868, 1748, 1915, 408]"
4921,"[1885, 1299, 933, 432, 930]"
4922,"[114, 1723, 1705, 111, 1885]"
4923,"[113, 89, 1612, 1193, 1620]"
4924,"[1861, 1855, 1846, 1670, 1320]"
4925,"[1114, 1887, 1825, 896, 1670]"
4926,"[1659, 1002, 1003, 232, 237]"
4927,"[1193, 1586, 1809, 1612, 1659]"
4928,"[1809, 1704, 892, 403, 1723]"
4929,"[823, 1034, 1885, 432, 1480]"
4930,"[1873, 1836, 1832, 1809, 1872]"
4931,"[1193, 1885, 1887, 1670, 1405]"
4932,"[403, 1704, 1197, 625, 1670]"
4933,"[933, 1809, 165, 1836, 1873]"
4934,"[419, 1666, 164, 1193, 1705]"
4935,"[1073, 904, 1615, 371, 1556]"
4936,"[168, 1043, 1607, 1659, 990]"
4937,"[933, 1887, 1646, 1670, 115]"
4938,"[862, 368, 514, 480, 1704]"
4939,"[1253, 1256, 1260, 403, 1258]"
4940,"[289, 1666, 885, 78, 1704]"
4941,"[1809, 1664, 885, 1873, 1836]"
4942,"[1873, 1809, 1704, 1723, 403]"
4943,"[1534, 89, 403, 1885, 926]"
4944,"[1890, 1887, 901, 1894, 1886]"
4945,"[1620, 1659, 1887, 1073, 1670]"
4946,"[1620, 933, 1809, 1074, 1865]"
4947,"[1659, 1607, 165, 446, 1915]"
4948,"[1922, 1897, 1612, 1192, 1539]"
4949,"[1620, 1885, 406, 1666, 933]"
4950,"[1666, 933, 162, 66, 749]"
4951,"[933, 1620, 930, 1666, 1892]"
4952,"[403, 1612, 1705, 1704, 1626]"
4953,"[1620, 1887, 933, 1805, 1670]"
4954,"[933, 165, 162, 1670, 403]"
4955,"[1705, 403, 1836, 1873, 1832]"
4956,"[1896, 1889, 1613, 1037, 95]"
4957,"[612, 613, 403, 416, 1704]"
4958,"[1915, 403, 1320, 1363, 1670]"
4959,"[12, 26, 29, 5, 8]"
4960,"[1690, 1126, 1080, 430, 322]"
4961,"[125, 1495, 1193, 1332, 1299]"
4962,"[125, 1690, 423, 1244, 1126]"
4963,"[423, 1244, 125, 1619, 98]"
4964,"[1873, 1836, 1832, 493, 1901]"
4965,"[1299, 1027, 1901, 1900, 478]"
4966,"[1915, 511, 1825, 1299, 1659]"
4967,"[1855, 1002, 236, 1003, 232]"
4968,"[1002, 236, 930, 677, 66]"
4969,"[125, 1690, 1188, 605, 1126]"
4970,"[1244, 423, 125, 1248, 1677]"
4971,"[1915, 125, 1825, 493, 1534]"
4972,"[28, 5, 23, 585, 1709]"
4973,"[1612, 125, 1317, 1006, 403]"
4974,"[1036, 1063, 423, 1244, 1249]"
4975,"[125, 1705, 1363, 1370, 501]"
4976,"[423, 1244, 125, 1702, 1690]"
4977,"[1855, 1861, 236, 237, 1003]"
4978,"[412, 423, 1244, 446, 1204]"
4979,"[423, 1244, 403, 1900, 1878]"
4980,"[125, 1124, 1317, 1006, 403]"
4981,"[125, 1006, 73, 1317, 403]"
4982,"[423, 1244, 125, 1690, 1702]"
4983,"[125, 1702, 423, 1244, 1690]"
4984,"[1317, 364, 760, 1723, 1709]"
4985,"[125, 423, 1244, 1690, 926]"
4986,"[1746, 926, 1199, 677, 1666]"
4987,"[1197, 1795, 1697, 403, 1130]"
4988,"[1592, 1675, 1181, 1317, 430]"
4989,"[125, 1690, 930, 924, 408]"
4990,"[1855, 1861, 236, 237, 1003]"
4991,"[125, 1244, 423, 1915, 1677]"
4992,"[423, 1244, 125, 1677, 1690]"
4993,"[423, 1244, 1690, 125, 1014]"
4994,"[114, 423, 1244, 1248, 1604]"
4995,"[125, 423, 1244, 1690, 1317]"
4996,"[1855, 677, 599, 597, 593]"
4997,"[125, 1244, 423, 571, 563]"
4998,"[1901, 1592, 1836, 1828, 1837]"
4999,"[125, 309, 1073, 1077, 1659]"
5000,"[1670, 604, 930, 898, 677]"
5001,"[1008, 1612, 1193, 1255, 1904]"
5002,"[125, 423, 1244, 1702, 1077]"
5003,"[1924, 478, 1915, 114, 1536]"
5004,"[1915, 478, 1924, 408, 124]"
5005,"[1915, 114, 890, 1902, 922]"
5006,"[361, 655, 892, 1197, 660]"
5007,"[1924, 478, 1249, 1590, 1906]"
5008,"[1902, 1915, 1552, 1068, 1561]"
5009,"[408, 1924, 1192, 1902, 1885]"
5010,"[265, 926, 1626, 1385, 341]"
5011,"[114, 1924, 116, 1902, 1705]"
5012,"[1192, 590, 135, 1276, 132]"
5013,"[926, 292, 341, 1673, 1626]"
5014,"[478, 1924, 124, 1755, 848]"
5015,"[1915, 1924, 922, 878, 124]"
5016,"[1924, 478, 1704, 1752, 1695]"
5017,"[1924, 478, 1528, 848, 1249]"
5018,"[1560, 276, 528, 275, 749]"
5019,"[1560, 1561, 341, 369, 265]"
5020,"[1704, 1561, 1705, 1525, 1550]"
5021,"[528, 1128, 1507, 333, 1560]"
5022,"[1902, 1552, 1561, 478, 1704]"
5023,"[1755, 1761, 1885, 504, 1316]"
5024,"[926, 1677, 1924, 1525, 1610]"
5025,"[478, 1924, 124, 1792, 926]"
5026,"[1884, 1924, 478, 926, 464]"
5027,"[478, 1924, 1704, 857, 1561]"
5028,"[1915, 1924, 1696, 165, 1905]"
5029,"[927, 1924, 1915, 1511, 1249]"
5030,"[933, 930, 65, 1935, 927]"
5031,"[1915, 1924, 478, 1793, 1526]"
5032,"[789, 1755, 1197, 1763, 1753]"
5033,"[216, 114, 1890, 848, 1249]"
5034,"[1561, 1885, 1915, 1552, 1890]"
5035,"[1704, 1755, 1885, 1705, 1809]"
5036,"[236, 1003, 232, 237, 749]"
5037,"[1705, 926, 265, 1704, 1626]"
5038,"[1924, 478, 216, 1901, 1746]"
5039,"[1761, 443, 528, 339, 1507]"
5040,"[528, 1507, 334, 1249, 538]"
5041,"[1915, 1560, 1561, 926, 1825]"
5042,"[341, 1618, 1536, 926, 1617]"
5043,"[1915, 1924, 921, 1434, 938]"
5044,"[1915, 1924, 478, 1030, 1704]"
5045,"[1915, 97, 96, 1924, 478]"
5046,"[478, 624, 1924, 1915, 1885]"
5047,"[1705, 1704, 1758, 1238, 857]"
5048,"[1721, 1192, 1915, 1592, 1922]"
5049,"[1929, 108, 778, 1721, 1890]"
5050,"[1618, 1024, 926, 97, 96]"
5051,"[1801, 1799, 1491, 1802, 1798]"
5052,"[1491, 1802, 1890, 1799, 552]"
5053,"[339, 1721, 108, 1889, 1191]"
5054,"[1437, 110, 16, 1411, 692]"
5055,"[1760, 110, 1567, 1248, 16]"
5056,"[1024, 1721, 1929, 1072, 108]"
5057,"[1929, 1592, 1890, 80, 1721]"
5058,"[1611, 1610, 1192, 1890, 677]"
5059,"[853, 1873, 1836, 1832, 1704]"
5060,"[1024, 697, 857, 1929, 1072]"
5061,"[700, 692, 1878, 1707, 1617]"
5062,"[1555, 1617, 1762, 1758, 1761]"
5063,"[95, 1904, 441, 1915, 1192]"
5064,"[1618, 1192, 114, 1536, 890]"
5065,"[1617, 926, 1655, 292, 478]"
5066,"[1924, 1617, 1555, 16, 292]"
5067,"[1617, 1761, 1760, 1762, 1758]"
5068,"[1617, 1762, 1555, 1758, 1761]"
5069,"[292, 1722, 1617, 1762, 1761]"
5070,"[292, 1617, 1722, 1246, 412]"
5071,"[441, 82, 73, 1246, 468]"
5072,"[1617, 1906, 900, 1884, 1523]"
5073,"[1617, 1615, 1538, 1626, 1534]"
5074,"[292, 1722, 1617, 1762, 1758]"
5075,"[1890, 1884, 1904, 1599, 1896]"
5076,"[432, 1312, 441, 44, 111]"
5077,"[292, 1762, 1758, 1896, 1562]"
5078,"[1722, 1884, 1312, 1904, 1192]"
5079,"[292, 1762, 1758, 1617, 1722]"
5080,"[1887, 1885, 291, 1536, 1913]"
5081,"[135, 1567, 16, 132, 1192]"
5082,"[700, 1878, 1707, 1617, 292]"
5083,"[164, 749, 1201, 98, 1670]"
5084,"[1655, 1705, 1758, 1704, 1904]"
5085,"[1192, 1611, 292, 1655, 1610]"
5086,"[1617, 926, 16, 1929, 1191]"
5087,"[1617, 124, 1884, 900, 1550]"
5088,"[455, 1617, 1113, 1567, 1761]"
5089,"[1617, 1555, 1762, 787, 1758]"
5090,"[1192, 1564, 1904, 1924, 1523]"
5091,"[1884, 1562, 1555, 1191, 1312]"
5092,"[292, 1758, 1762, 1722, 1617]"
5093,"[441, 454, 16, 1924, 114]"
5094,"[926, 1617, 900, 1884, 16]"
5095,"[1655, 1705, 544, 884, 1704]"
5096,"[1655, 1705, 1704, 1536, 900]"
5097,"[82, 441, 73, 1246, 468]"
5098,"[1617, 478, 1924, 1762, 1884]"
5099,"[466, 16, 1697, 114, 1192]"
5100,"[1617, 1762, 292, 1758, 1761]"
5101,"[1722, 1884, 1562, 1191, 687]"
5102,"[1617, 1906, 16, 900, 1884]"
5103,"[1617, 926, 16, 1618, 114]"
5104,"[292, 1617, 454, 1758, 662]"
5105,"[1904, 1191, 983, 984, 43]"
5106,"[1567, 1896, 1191, 1884, 1887]"
5107,"[409, 1191, 1746, 1904, 1587]"
5108,"[1904, 1587, 1627, 1896, 43]"
5109,"[1192, 1523, 1896, 811, 409]"
5110,"[1892, 43, 1904, 1554, 1489]"
5111,"[96, 97, 409, 98, 102]"
5112,"[1904, 1905, 113, 1193, 1529]"
5113,"[43, 1904, 102, 98, 460]"
5114,"[1904, 1627, 1899, 1613, 43]"
5115,"[693, 291, 1070, 1704, 112]"
5116,"[1904, 1890, 43, 1894, 1554]"
5117,"[1070, 1531, 1615, 1713, 291]"
5118,"[1567, 1904, 43, 1892, 98]"
5119,"[1924, 1705, 1299, 1704, 1249]"
5120,"[1894, 1896, 1884, 1889, 1613]"
5121,"[1904, 1587, 1905, 1627, 1922]"
5122,"[1567, 1892, 43, 1904, 98]"
5123,"[1892, 1915, 43, 1904, 1899]"
5124,"[1746, 409, 1904, 1890, 1192]"
5125,"[1905, 1627, 1899, 1904, 1884]"
5126,"[1904, 43, 1899, 1598, 1567]"
5127,"[1191, 1904, 1523, 409, 1587]"
5128,"[1904, 1906, 1627, 1899, 1613]"
5129,"[1904, 1192, 1599, 1899, 409]"
5130,"[1893, 1626, 1713, 1160, 1556]"
5131,"[1937, 663, 1556, 1523, 1904]"
5132,"[1904, 1192, 1273, 1523, 110]"
5133,"[454, 1273, 456, 1600, 1879]"
5134,"[1761, 1937, 1760, 1924, 1705]"
5135,"[1924, 860, 44, 1600, 1605]"
5136,"[1904, 1192, 44, 1913, 114]"
5137,"[1760, 1705, 1761, 1924, 141]"
5138,"[1890, 1604, 114, 1192, 125]"
5139,"[1614, 1112, 1070, 455, 1636]"
5140,"[1608, 1192, 1191, 888, 1599]"
5141,"[1746, 681, 871, 1589, 1199]"
5142,"[1746, 708, 1761, 1760, 1192]"
5143,"[335, 291, 1070, 1705, 113]"
5144,"[1620, 901, 624, 1550, 1628]"
5145,"[1890, 1887, 171, 1025, 1536]"
5146,"[684, 691, 687, 1604, 1192]"
5147,"[291, 409, 1904, 1192, 928]"
5148,"[860, 1614, 1705, 997, 1192]"
5149,"[1760, 667, 1317, 291, 413]"
5150,"[1536, 1904, 1192, 114, 113]"
5151,"[1192, 682, 1112, 26, 599]"
5152,"[691, 1614, 1521, 860, 1523]"
5153,"[1744, 1412, 1757, 1776, 471]"
5154,"[468, 599, 593, 597, 590]"
5155,"[599, 468, 597, 590, 587]"
5156,"[1192, 1913, 1521, 1614, 16]"
5157,"[1704, 708, 1705, 454, 1562]"
5158,"[415, 7, 1697, 413, 1192]"
5159,"[1525, 600, 598, 580, 596]"
5160,"[454, 1896, 1192, 888, 1606]"
5161,"[291, 46, 860, 1622, 1605]"
5162,"[1712, 1656, 1889, 1406, 1705]"
5163,"[1889, 599, 114, 1192, 590]"
5164,"[1070, 455, 291, 1533, 1705]"
5165,"[1758, 1761, 1762, 1192, 1704]"
5166,"[1614, 1704, 1705, 1611, 216]"
5167,"[1070, 1704, 1386, 1701, 418]"
5168,"[113, 890, 112, 1533, 1701]"
5169,"[1746, 291, 1704, 112, 113]"
5170,"[1913, 1246, 471, 1744, 684]"
5171,"[1614, 1610, 1636, 1192, 1517]"
5172,"[860, 1904, 1599, 1887, 432]"
5173,"[1606, 291, 1904, 1704, 1705]"
5174,"[73, 1246, 1704, 1705, 1192]"
5175,"[1705, 1704, 1614, 1712, 1192]"
5176,"[291, 1192, 26, 667, 599]"
5177,"[291, 1191, 1606, 112, 1904]"
5178,"[1610, 114, 1523, 1614, 1192]"
5179,"[291, 925, 667, 1746, 171]"
5180,"[1677, 454, 1604, 1656, 807]"
5181,"[1757, 1776, 1744, 817, 62]"
5182,"[1924, 650, 687, 636, 1317]"
5183,"[787, 1249, 1544, 1204, 1871]"
5184,"[478, 1924, 1561, 1560, 289]"
5185,"[114, 807, 691, 1604, 1027]"
5186,"[1504, 749, 432, 1889, 403]"
5187,"[480, 1317, 111, 646, 468]"
5188,"[1704, 1761, 1705, 528, 790]"
5189,"[511, 514, 528, 1507, 526]"
5190,"[613, 599, 590, 593, 597]"
5191,"[1924, 786, 1377, 464, 1306]"
5192,"[478, 1924, 165, 786, 1646]"
5193,"[807, 114, 58, 57, 54]"
5194,"[216, 333, 862, 1611, 528]"
5195,"[511, 514, 528, 749, 1507]"
5196,"[1889, 1890, 1612, 1525, 1507]"
5197,"[1434, 538, 1507, 749, 528]"
5198,"[1666, 66, 1733, 1756, 848]"
5199,"[1507, 921, 528, 538, 1704]"
5200,"[1757, 1776, 1864, 1744, 507]"
5201,"[817, 62, 1246, 803, 1795]"
5202,"[1924, 1884, 464, 687, 466]"
5203,"[1886, 1899, 409, 1887, 102]"
5204,"[1885, 921, 749, 528, 504]"
5205,"[1924, 1400, 749, 787, 1433]"
5206,"[921, 1889, 1255, 528, 749]"
5207,"[460, 1937, 667, 688, 467]"
5208,"[1924, 478, 749, 919, 93]"
5209,"[587, 590, 599, 597, 593]"
5210,"[1832, 1809, 1825, 1865, 1704]"
5211,"[464, 1312, 1604, 1884, 687]"
5212,"[1884, 1924, 636, 1704, 1887]"
5213,"[1915, 898, 1677, 1607, 1592]"
5214,"[1704, 1705, 1193, 1889, 114]"
5215,"[655, 1863, 749, 1197, 72]"
5216,"[526, 1507, 528, 749, 624]"
5217,"[514, 1507, 528, 749, 403]"
5218,"[1924, 478, 1704, 1884, 659]"
5219,"[1878, 1707, 1246, 1708, 1317]"
5220,"[528, 1507, 526, 1434, 1889]"
5221,"[1704, 1705, 1755, 504, 1885]"
5222,"[1705, 1704, 1317, 111, 1924]"
5223,"[478, 1915, 1924, 114, 1704]"
5224,"[594, 1513, 1772, 542, 1863]"
5225,"[1712, 1908, 1504, 1523, 1192]"
5226,"[1063, 43, 1904, 44, 1134]"
5227,"[919, 410, 1202, 1808, 1646]"
5228,"[1904, 1887, 1746, 927, 1611]"
5229,"[1899, 1526, 1556, 1063, 1922]"
5230,"[1904, 1567, 368, 1887, 95]"
5231,"[1534, 1733, 114, 1675, 1676]"
5232,"[1567, 1887, 95, 43, 93]"
5233,"[1534, 1536, 165, 1604, 901]"
5234,"[1906, 1528, 1646, 930, 1670]"
5235,"[1556, 1538, 1523, 890, 1534]"
5236,"[43, 163, 425, 937, 159]"
5237,"[1904, 1899, 1704, 1705, 1192]"
5238,"[1890, 1191, 1746, 1251, 1887]"
5239,"[1904, 1626, 425, 1886, 1887]"
5240,"[1904, 43, 1890, 1191, 1588]"
5241,"[1627, 1905, 1587, 1904, 1527]"
5242,"[1905, 1627, 1527, 1613, 1538]"
5243,"[1904, 1906, 1599, 1589, 454]"
5244,"[1904, 1191, 1890, 1489, 1598]"
5245,"[1612, 1620, 1899, 1887, 1906]"
5246,"[1915, 1526, 1899, 1529, 1906]"
5247,"[1904, 43, 1600, 1746, 1063]"
5248,"[1904, 1899, 1192, 1890, 478]"
5249,"[1904, 1191, 1025, 1886, 1746]"
5250,"[113, 1534, 890, 114, 1536]"
5251,"[819, 1774, 1885, 1887, 1892]"
5252,"[425, 665, 659, 610, 1670]"
5253,"[1588, 1899, 1904, 1890, 1612]"
5254,"[1904, 1909, 1191, 1890, 1598]"
5255,"[1904, 43, 89, 1746, 163]"
5256,"[1904, 89, 1746, 1890, 98]"
5257,"[919, 1025, 937, 159, 1556]"
5258,"[113, 1534, 1539, 1536, 1904]"
5259,"[1904, 43, 1899, 1063, 1896]"
5260,"[1904, 43, 1063, 1746, 1600]"
5261,"[890, 1526, 1899, 1536, 1534]"
5262,"[1534, 1489, 1554, 1529, 1519]"
5263,"[1612, 1620, 113, 926, 95]"
5264,"[1915, 1169, 930, 788, 749]"
5265,"[1316, 1043, 1887, 1890, 1191]"
5266,"[1534, 1519, 1539, 1530, 1618]"
5267,"[1534, 1521, 1536, 1922, 1897]"
5268,"[1885, 1890, 1606, 1604, 1733]"
5269,"[1904, 43, 1890, 1567, 1489]"
5270,"[1915, 408, 922, 216, 1646]"
5271,"[922, 1901, 1836, 1746, 1240]"
5272,"[1915, 1698, 408, 216, 125]"
5273,"[96, 1670, 1889, 98, 1028]"
5274,"[749, 171, 403, 1885, 1320]"
5275,"[98, 96, 97, 1855, 1670]"
5276,"[749, 1197, 1670, 420, 1201]"
5277,"[1902, 749, 1543, 1900, 1534]"
5278,"[749, 66, 853, 102, 403]"
5279,"[1863, 1836, 749, 1832, 677]"
5280,"[1902, 102, 408, 409, 898]"
5281,"[1562, 1904, 1192, 437, 876]"
5282,"[1670, 1320, 1012, 66, 893]"
5283,"[98, 97, 96, 1073, 1670]"
5284,"[749, 98, 96, 97, 163]"
5285,"[409, 1812, 1865, 1915, 1827]"
5286,"[1915, 1040, 1902, 1552, 1197]"
5287,"[1902, 1700, 402, 409, 420]"
5288,"[1915, 98, 96, 97, 1924]"
5289,"[102, 1698, 749, 1776, 1757]"
5290,"[1902, 420, 96, 102, 409]"
5291,"[1902, 1620, 1885, 749, 425]"
5292,"[1197, 749, 1746, 1885, 66]"
5293,"[1902, 1915, 408, 922, 124]"
5294,"[1915, 749, 98, 1541, 102]"
5295,"[1746, 102, 1543, 409, 98]"
5296,"[749, 409, 1670, 1700, 1201]"
5297,"[1902, 408, 1646, 898, 1825]"
5298,"[1915, 171, 1592, 165, 409]"
5299,"[102, 409, 1197, 464, 898]"
5300,"[1534, 1924, 97, 171, 1531]"
5301,"[98, 1073, 1626, 1516, 1142]"
5302,"[1130, 104, 102, 409, 1885]"
5303,"[1746, 409, 925, 102, 97]"
5304,"[1670, 1887, 1199, 1628, 1040]"
5305,"[409, 102, 1746, 1040, 164]"
5306,"[1626, 102, 409, 97, 96]"
5307,"[1197, 749, 1041, 1915, 403]"
5308,"[1118, 1700, 1873, 1836, 1811]"
5309,"[340, 1809, 1838, 1822, 1765]"
5310,"[1902, 1543, 1552, 922, 1556]"
5311,"[1902, 408, 114, 1900, 1197]"
5312,"[1902, 420, 102, 922, 409]"
5313,"[749, 1746, 1670, 1885, 66]"
5314,"[1915, 926, 1620, 935, 403]"
5315,"[175, 1193, 1924, 1618, 1886]"
5316,"[1202, 410, 937, 1626, 1612]"
5317,"[890, 1902, 1917, 113, 1904]"
5318,"[1915, 357, 823, 1046, 1630]"
5319,"[1915, 1051, 1060, 408, 1001]"
5320,"[1193, 128, 1191, 1561, 1556]"
5321,"[1299, 1809, 824, 1885, 885]"
5322,"[408, 1676, 1344, 1299, 1248]"
5323,"[1338, 1901, 930, 1511, 51]"
5324,"[1046, 1915, 824, 347, 1590]"
5325,"[1666, 1299, 1590, 824, 1733]"
5326,"[1915, 822, 65, 1836, 1664]"
5327,"[1915, 1063, 890, 1899, 1526]"
5328,"[1332, 1659, 490, 1487, 1207]"
5329,"[1916, 1915, 823, 1666, 216]"
5330,"[1915, 408, 966, 1592, 165]"
5331,"[1915, 97, 96, 1670, 1746]"
5332,"[511, 1363, 1338, 1370, 1835]"
5333,"[1915, 1836, 930, 933, 1873]"
5334,"[1666, 823, 1006, 216, 824]"
5335,"[1620, 1927, 1072, 892, 1891]"
5336,"[925, 1071, 938, 1620, 1191]"
5337,"[1620, 430, 898, 1013, 1792]"
5338,"[320, 1904, 1607, 1924, 1637]"
5339,"[823, 824, 1158, 1630, 1666]"
5340,"[1915, 408, 1592, 1299, 1901]"
5341,"[1836, 1873, 823, 1872, 1338]"
5342,"[1915, 823, 926, 216, 357]"
5343,"[1158, 165, 1809, 823, 1885]"
5344,"[926, 1299, 1887, 1885, 823]"
5345,"[926, 1617, 1279, 1620, 446]"
5346,"[1836, 1873, 1197, 1885, 1906]"
5347,"[1915, 1899, 1613, 1612, 1592]"
5348,"[823, 1836, 1873, 1832, 190]"
5349,"[937, 159, 165, 1924, 1025]"
5350,"[1915, 236, 237, 1003, 232]"
5351,"[511, 1590, 1659, 66, 1865]"
5352,"[1030, 823, 824, 1049, 956]"
5353,"[1299, 1659, 937, 403, 1885]"
5354,"[408, 1915, 1618, 1543, 410]"
5355,"[1915, 890, 1917, 1900, 925]"
5356,"[1915, 408, 1733, 1592, 165]"
5357,"[408, 1915, 930, 1902, 1543]"
5358,"[1894, 1904, 1489, 1542, 1532]"
5359,"[1932, 1317, 1878, 1707, 73]"
5360,"[1705, 1886, 1249, 1704, 1536]"
5361,"[445, 114, 1599, 1192, 1610]"
5362,"[1070, 1676, 1193, 398, 116]"
5363,"[1550, 1607, 1915, 1534, 1604]"
5364,"[1878, 1707, 1555, 1246, 757]"
5365,"[1246, 1772, 468, 261, 73]"
5366,"[349, 413, 1317, 1679, 798]"
5367,"[1915, 1900, 1917, 922, 1924]"
5368,"[1894, 1890, 1542, 1249, 1555]"
5369,"[1932, 1723, 480, 1317, 587]"
5370,"[1607, 1608, 1613, 480, 1894]"
5371,"[65, 63, 1490, 930, 903]"
5372,"[1066, 1560, 1073, 1286, 1561]"
5373,"[1906, 1618, 1704, 1617, 926]"
5374,"[926, 693, 108, 901, 860]"
5375,"[78, 453, 1317, 1918, 403]"
5376,"[1924, 114, 1604, 1192, 110]"
5377,"[1900, 857, 1543, 1902, 1495]"
5378,"[1900, 1619, 1317, 587, 1561]"
5379,"[1607, 1191, 1894, 677, 1885]"
5380,"[1894, 1192, 1906, 95, 1607]"
5381,"[1894, 1192, 1900, 590, 579]"
5382,"[114, 1192, 807, 1636, 1618]"
5383,"[478, 1607, 624, 1636, 926]"
5384,"[1607, 1903, 1659, 926, 1192]"
5385,"[1758, 1704, 1705, 1317, 1762]"
5386,"[442, 1491, 1758, 97, 96]"
5387,"[885, 1299, 1302, 1873, 1836]"
5388,"[1617, 1249, 364, 760, 111]"
5389,"[1705, 648, 18, 1704, 337]"
5390,"[1900, 1917, 807, 1192, 336]"
5391,"[1902, 857, 1299, 1929, 1592]"
5392,"[1249, 588, 862, 455, 1761]"
5393,"[1746, 1863, 110, 588, 1561]"
5394,"[1555, 1761, 1534, 1705, 37]"
5395,"[1894, 1542, 1562, 1532, 1904]"
5396,"[1924, 1887, 1885, 93, 95]"
5397,"[1555, 1733, 18, 648, 652]"
5398,"[1607, 1555, 1885, 1617, 1131]"
5399,"[1552, 1561, 114, 1902, 109]"
5400,"[1723, 852, 111, 468, 630]"
5401,"[1900, 425, 1808, 78, 289]"
5402,"[1878, 1707, 1246, 1708, 1317]"
5403,"[1063, 37, 1762, 1317, 73]"
5404,"[1070, 291, 165, 890, 113]"
5405,"[89, 113, 1618, 1746, 890]"
5406,"[1759, 82, 73, 1717, 52]"
5407,"[1924, 1538, 1615, 890, 113]"
5408,"[1537, 1526, 97, 96, 1922]"
5409,"[1615, 1626, 89, 890, 113]"
5410,"[102, 1924, 1534, 1538, 1892]"
5411,"[1924, 1772, 1746, 1887, 1299]"
5412,"[1534, 1914, 1891, 885, 926]"
5413,"[1537, 890, 1534, 1533, 1044]"
5414,"[95, 1463, 1246, 1795, 1878]"
5415,"[89, 1626, 113, 1586, 890]"
5416,"[1759, 135, 1764, 1114, 37]"
5417,"[870, 165, 276, 1705, 1319]"
5418,"[1735, 890, 1618, 1533, 1904]"
5419,"[89, 1534, 1677, 1733, 605]"
5420,"[1533, 1550, 96, 1538, 1556]"
5421,"[1899, 1526, 1618, 1905, 890]"
5422,"[1537, 1535, 1903, 1533, 926]"
5423,"[1903, 1533, 1618, 1537, 1534]"
5424,"[624, 1533, 1531, 1613, 1762]"
5425,"[890, 1615, 1905, 1531, 1538]"
5426,"[1614, 1521, 788, 44, 884]"
5427,"[1704, 1807, 1890, 1893, 1555]"
5428,"[1890, 89, 752, 421, 759]"
5429,"[1038, 935, 1030, 1039, 552]"
5430,"[1192, 1526, 1906, 1890, 1610]"
5431,"[1534, 1890, 1885, 114, 1892]"
5432,"[655, 1705, 1805, 660, 903]"
5433,"[1618, 1924, 1884, 1586, 1887]"
5434,"[1258, 1746, 611, 1666, 1562]"
5435,"[935, 1039, 1037, 1030, 166]"
5436,"[407, 406, 930, 160, 171]"
5437,"[1705, 403, 1704, 66, 1344]"
5438,"[1543, 171, 216, 930, 160]"
5439,"[1760, 1769, 1761, 1768, 1904]"
5440,"[1618, 1915, 1617, 1906, 1528]"
5441,"[1495, 619, 650, 1320, 1887]"
5442,"[1904, 1063, 44, 16, 43]"
5443,"[1713, 1893, 1556, 1904, 425]"
5444,"[1890, 1534, 1886, 1533, 1610]"
5445,"[1148, 160, 930, 158, 155]"
5446,"[1704, 1610, 872, 1606, 1924]"
5447,"[1913, 1039, 935, 1037, 480]"
5448,"[403, 1320, 1704, 1723, 66]"
5449,"[1073, 1534, 1077, 1887, 1885]"
5450,"[1924, 1905, 1760, 165, 1768]"
5451,"[1906, 823, 926, 1536, 824]"
5452,"[1191, 1536, 1489, 1562, 1554]"
5453,"[1890, 1893, 819, 1884, 1562]"
5454,"[1617, 1893, 1618, 1890, 1548]"
5455,"[113, 1618, 890, 1899, 101]"
5456,"[164, 1893, 1666, 1628, 425]"
5457,"[1671, 866, 96, 1065, 1071]"
5458,"[1890, 928, 926, 1025, 1525]"
5459,"[1841, 1840, 1839, 1838, 1822]"
5460,"[927, 1922, 1897, 406, 407]"
5461,"[1617, 1618, 1761, 1769, 564]"
5462,"[1521, 1666, 1904, 1676, 1261]"
5463,"[673, 919, 425, 1025, 937]"
5464,"[1526, 1548, 1552, 1915, 425]"
5465,"[1924, 478, 1528, 1526, 1532]"
5466,"[1618, 1924, 1884, 1586, 1887]"
5467,"[1046, 937, 159, 1893, 1025]"
5468,"[432, 1890, 1889, 1119, 1620]"
5469,"[406, 407, 1677, 1534, 1604]"
5470,"[1904, 1899, 1536, 1890, 1885]"
5471,"[1191, 1904, 289, 1704, 1705]"
5472,"[1567, 1896, 1191, 368, 1904]"
5473,"[1904, 1705, 1704, 1191, 289]"
5474,"[114, 1066, 1610, 412, 1192]"
5475,"[1904, 1608, 1607, 1191, 1896]"
5476,"[1705, 1067, 1904, 1896, 1724]"
5477,"[116, 1904, 1531, 1523, 860]"
5478,"[1904, 289, 1705, 1890, 1191]"
5479,"[1904, 455, 289, 1191, 1604]"
5480,"[1705, 1567, 1904, 1887, 1890]"
5481,"[1899, 1922, 1897, 1192, 114]"
5482,"[1915, 1066, 1536, 1525, 1555]"
5483,"[1760, 667, 1887, 930, 1249]"
5484,"[1191, 1904, 1567, 1922, 1897]"
5485,"[1904, 860, 1521, 1611, 1192]"
5486,"[1904, 1534, 1191, 1894, 1562]"
5487,"[1904, 1924, 289, 1705, 819]"
5488,"[289, 1904, 752, 1191, 759]"
5489,"[106, 1896, 1904, 1894, 82]"
5490,"[1191, 1904, 289, 1704, 1562]"
5491,"[1523, 1192, 926, 425, 1604]"
5492,"[1904, 289, 339, 1191, 860]"
5493,"[1070, 1904, 116, 1604, 1192]"
5494,"[289, 1904, 1896, 1191, 1606]"
5495,"[1531, 1070, 113, 1904, 1538]"
5496,"[1904, 1890, 1704, 289, 860]"
5497,"[1904, 1890, 1705, 1191, 819]"
5498,"[1191, 692, 1904, 1704, 1562]"
5499,"[1523, 1192, 1904, 624, 1726]"
5500,"[1904, 1899, 1926, 1704, 1890]"
5501,"[1904, 1704, 1899, 1191, 289]"
5502,"[1191, 1904, 114, 890, 1890]"
5503,"[1904, 289, 1899, 1556, 1611]"
5504,"[1191, 1904, 1704, 1534, 1890]"
5505,"[1704, 1246, 1761, 1878, 1707]"
5506,"[1890, 1904, 860, 1704, 1705]"
5507,"[1907, 1192, 1070, 455, 289]"
5508,"[1032, 111, 480, 903, 1723]"
5509,"[110, 1191, 1906, 1705, 926]"
5510,"[1726, 1567, 1704, 1192, 1523]"
5511,"[1904, 289, 1704, 1705, 1746]"
5512,"[1246, 1878, 1707, 1192, 1567]"
5513,"[1904, 1567, 1191, 860, 135]"
5514,"[1073, 1083, 1028, 1705, 749]"
5515,"[1607, 1608, 1659, 1666, 677]"
5516,"[1853, 1915, 1820, 1819, 1818]"
5517,"[1607, 1022, 1019, 1659, 480]"
5518,"[393, 332, 1001, 18, 7]"
5519,"[1853, 1821, 1837, 1833, 1828]"
5520,"[340, 1888, 1516, 1286, 1822]"
5521,"[1891, 289, 1628, 1893, 1892]"
5522,"[175, 1666, 425, 625, 165]"
5523,"[1022, 1607, 749, 1666, 1019]"
5524,"[1915, 1902, 420, 1592, 408]"
5525,"[1320, 1704, 72, 403, 1855]"
5526,"[1561, 1560, 1768, 403, 1760]"
5527,"[1608, 1607, 1638, 1539, 1192]"
5528,"[1704, 1320, 749, 403, 667]"
5529,"[1192, 1896, 1613, 1157, 1191]"
5530,"[236, 237, 1003, 232, 364]"
5531,"[1192, 1606, 1746, 1599, 1904]"
5532,"[468, 111, 360, 329, 73]"
5533,"[1915, 403, 1320, 737, 719]"
5534,"[425, 936, 1, 933, 647]"
5535,"[1836, 1873, 822, 1457, 1832]"
5536,"[1915, 1837, 1833, 1828, 749]"
5537,"[1314, 306, 1888, 812, 723]"
5538,"[1704, 403, 1428, 1723, 1320]"
5539,"[1903, 1192, 1615, 1193, 1896]"
5540,"[1704, 1320, 749, 403, 1002]"
5541,"[70, 1286, 748, 1889, 730]"
5542,"[1607, 1666, 1554, 1138, 78]"
5543,"[1193, 1894, 1042, 1885, 1041]"
5544,"[443, 468, 884, 1679, 1574]"
5545,"[749, 1193, 1612, 1889, 1809]"
5546,"[749, 403, 1904, 1320, 1363]"
5547,"[237, 236, 1861, 933, 1809]"
5548,"[886, 477, 403, 749, 1022]"
5549,"[1077, 1825, 1197, 420, 1041]"
5550,"[677, 1320, 403, 655, 749]"
5551,"[1915, 371, 655, 292, 1320]"
5552,"[1847, 1845, 1849, 1848, 1073]"
5553,"[1915, 376, 1885, 1887, 933]"
5554,"[857, 441, 1592, 1705, 1863]"
5555,"[231, 1620, 245, 1009, 253]"
5556,"[1915, 1861, 1855, 1863, 1560]"
5557,"[302, 732, 1269, 1200, 68]"
5558,"[1063, 1907, 89, 1922, 1897]"
5559,"[63, 1922, 98, 65, 441]"
5560,"[1887, 1809, 1316, 903, 1836]"
5561,"[1922, 1897, 1612, 1899, 1906]"
5562,"[1627, 1191, 1613, 1886, 1904]"
5563,"[89, 1604, 1922, 1897, 1899]"
5564,"[1567, 1890, 1887, 1889, 1886]"
5565,"[1246, 95, 1192, 12, 165]"
5566,"[1612, 823, 1885, 432, 927]"
5567,"[1586, 1615, 1556, 1538, 1191]"
5568,"[1899, 1526, 43, 1904, 1922]"
5569,"[1627, 1905, 113, 1587, 890]"
5570,"[1915, 216, 1677, 165, 1549]"
5571,"[1526, 1922, 1897, 478, 1899]"
5572,"[1904, 1307, 927, 1317, 403]"
5573,"[1905, 1613, 1904, 1922, 1897]"
5574,"[1885, 1887, 1316, 1889, 933]"
5575,"[113, 1885, 89, 1659, 1567]"
5576,"[1587, 1922, 1897, 1612, 1627]"
5577,"[927, 1922, 1897, 1588, 16]"
5578,"[113, 1904, 165, 1613, 1746]"
5579,"[594, 1772, 42, 1922, 1897]"
5580,"[1526, 1588, 478, 1906, 1922]"
5581,"[1907, 1922, 1897, 739, 89]"
5582,"[1526, 1915, 1404, 1885, 571]"
5583,"[1922, 1897, 1899, 1192, 1704]"
5584,"[1607, 1608, 1193, 1890, 1191]"
5585,"[1922, 1897, 1899, 1063, 478]"
5586,"[165, 1746, 1025, 937, 159]"
5587,"[1772, 1922, 1897, 1762, 1193]"
5588,"[1922, 1897, 1526, 1915, 1587]"
5589,"[1613, 1896, 1922, 1897, 1615]"
5590,"[1922, 1897, 1587, 1905, 166]"
5591,"[927, 1193, 113, 165, 1025]"
5592,"[1885, 1892, 1887, 1519, 1901]"
5593,"[1922, 1897, 1905, 1615, 1587]"
5594,"[1915, 478, 1902, 1924, 408]"
5595,"[1705, 1612, 1917, 114, 1193]"
5596,"[1887, 1620, 1899, 1746, 1885]"
5597,"[1905, 165, 1922, 1897, 89]"
5598,"[1587, 113, 1063, 1887, 530]"
5599,"[1922, 1897, 1907, 1063, 89]"
5600,"[1922, 1897, 1063, 927, 1567]"
5601,"[530, 1567, 1891, 1899, 1904]"
5602,"[165, 1924, 478, 926, 1705]"
5603,"[16, 165, 1705, 1704, 1701]"
5604,"[1705, 1704, 37, 413, 111]"
5605,"[1906, 1704, 1705, 860, 1904]"
5606,"[1646, 874, 922, 1915, 930]"
5607,"[1890, 1904, 43, 1529, 106]"
5608,"[1071, 937, 159, 408, 1924]"
5609,"[1746, 165, 1924, 781, 1701]"
5610,"[1905, 113, 890, 1904, 1899]"
5611,"[1701, 1705, 403, 1320, 1704]"
5612,"[926, 1704, 1906, 860, 1705]"
5613,"[165, 43, 1704, 44, 1701]"
5614,"[165, 164, 1204, 1704, 1904]"
5615,"[165, 1701, 1070, 1705, 1320]"
5616,"[16, 291, 1070, 884, 480]"
5617,"[1905, 1896, 113, 890, 1610]"
5618,"[1192, 1904, 1906, 1191, 1523]"
5619,"[413, 1705, 1704, 114, 1890]"
5620,"[1889, 110, 114, 1705, 1904]"
5621,"[114, 1705, 1704, 1610, 1192]"
5622,"[464, 165, 164, 446, 652]"
5623,"[165, 164, 1704, 1070, 1705]"
5624,"[1627, 1905, 1554, 1904, 1191]"
5625,"[1924, 1885, 636, 1889, 1887]"
5626,"[1878, 1707, 1705, 413, 1704]"
5627,"[1579, 447, 1273, 547, 1887]"
5628,"[165, 1705, 1704, 781, 543]"
5629,"[1915, 1020, 442, 1889, 1072]"
5630,"[1224, 1317, 348, 72, 111]"
5631,"[165, 1701, 1070, 1705, 749]"
5632,"[216, 1904, 1705, 1611, 1307]"
5633,"[165, 164, 1704, 1070, 1613]"
5634,"[1878, 1707, 1705, 413, 1704]"
5635,"[1607, 903, 1705, 749, 432]"
5636,"[1924, 165, 164, 163, 1885]"
5637,"[165, 111, 1704, 1717, 650]"
5638,"[165, 1704, 1204, 1705, 1922]"
5639,"[1906, 749, 636, 276, 1705]"
5640,"[1915, 1202, 410, 97, 96]"
5641,"[688, 165, 1885, 692, 1251]"
5642,"[1705, 16, 1704, 1063, 648]"
5643,"[1705, 1704, 860, 111, 432]"
5644,"[1906, 1556, 1529, 1588, 1523]"
5645,"[1885, 788, 1869, 749, 1701]"
5646,"[1193, 1922, 1897, 1899, 1613]"
5647,"[1025, 901, 1733, 1249, 165]"
5648,"[1922, 1897, 114, 113, 1526]"
5649,"[1899, 1924, 927, 1892, 1887]"
5650,"[1523, 1904, 1879, 1192, 1906]"
5651,"[1922, 1897, 1526, 165, 890]"
5652,"[1899, 1929, 113, 1922, 1897]"
5653,"[1519, 1193, 1746, 1670, 1891]"
5654,"[65, 63, 1592, 468, 903]"
5655,"[1907, 1612, 1891, 1899, 37]"
5656,"[1899, 1922, 1897, 1592, 1929]"
5657,"[1922, 1897, 1526, 1905, 1627]"
5658,"[165, 1197, 1705, 1704, 113]"
5659,"[1899, 1612, 1704, 530, 1567]"
5660,"[1907, 1612, 1891, 1899, 1887]"
5661,"[406, 407, 110, 1924, 739]"
5662,"[1302, 749, 1659, 1704, 403]"
5663,"[1899, 1922, 1897, 1906, 1907]"
5664,"[1899, 1299, 1906, 927, 1620]"
5665,"[927, 1907, 113, 1905, 1922]"
5666,"[1922, 1897, 1887, 1554, 1929]"
5667,"[63, 65, 1659, 903, 1580]"
5668,"[1922, 1897, 1899, 1526, 1192]"
5669,"[361, 1922, 1897, 113, 1587]"
5670,"[1873, 1836, 1832, 930, 1670]"
5671,"[1646, 1620, 1927, 749, 1114]"
5672,"[1915, 89, 113, 1922, 1897]"
5673,"[97, 930, 1885, 1620, 1526]"
5674,"[1922, 1897, 1527, 1526, 1905]"
5675,"[1836, 1873, 1832, 1659, 749]"
5676,"[1899, 1926, 37, 1907, 1032]"
5677,"[408, 605, 165, 1666, 1677]"
5678,"[329, 403, 1320, 1133, 571]"
5679,"[1670, 102, 749, 98, 793]"
5680,"[1742, 4, 111, 413, 282]"
5681,"[1201, 480, 111, 1249, 403]"
5682,"[420, 1901, 1549, 1551, 1249]"
5683,"[96, 1873, 1836, 1887, 903]"
5684,"[73, 1607, 171, 403, 1249]"
5685,"[1924, 1746, 1592, 1611, 1604]"
5686,"[73, 749, 1670, 1541, 403]"
5687,"[1878, 1707, 1246, 73, 1708]"
5688,"[118, 1873, 1836, 432, 1498]"
5689,"[171, 749, 1670, 111, 1805]"
5690,"[749, 793, 1670, 1320, 171]"
5691,"[171, 403, 73, 1320, 749]"
5692,"[793, 1925, 1073, 866, 472]"
5693,"[73, 1246, 1878, 1707, 82]"
5694,"[420, 97, 96, 930, 1700]"
5695,"[1670, 749, 1541, 403, 1320]"
5696,"[1878, 1707, 1708, 1246, 1772]"
5697,"[1887, 749, 1670, 667, 1885]"
5698,"[1628, 1887, 1670, 749, 1249]"
5699,"[1937, 413, 82, 73, 111]"
5700,"[1742, 73, 1525, 403, 480]"
5701,"[1701, 749, 1670, 1320, 4]"
5702,"[1878, 1707, 73, 1317, 1708]"
5703,"[1901, 930, 1549, 1575, 659]"
5704,"[1670, 749, 793, 1320, 102]"
5705,"[73, 1246, 1878, 1707, 82]"
5706,"[1705, 73, 1428, 1723, 1317]"
5707,"[1670, 1320, 1863, 403, 1935]"
5708,"[1701, 1700, 1889, 124, 403]"
5709,"[1320, 420, 758, 1891, 96]"
5710,"[677, 1320, 1670, 749, 403]"
5711,"[480, 862, 1194, 1563, 1603]"
5712,"[1246, 216, 1317, 468, 803]"
5713,"[420, 885, 1320, 1723, 480]"
5714,"[1670, 73, 420, 749, 1700]"
5715,"[848, 851, 1246, 1878, 1707]"
5716,"[46, 73, 640, 643, 82]"
5717,"[73, 1246, 1317, 282, 111]"
5718,"[73, 1317, 1246, 282, 111]"
5719,"[1742, 1534, 1554, 282, 1320]"
5720,"[1887, 1886, 1201, 480, 1249]"
5721,"[1742, 1701, 282, 1114, 1320]"
5722,"[1904, 1901, 1559, 1556, 1538]"
5723,"[1713, 1586, 1070, 1893, 96]"
5724,"[96, 97, 425, 1073, 1885]"
5725,"[1201, 1073, 425, 1885, 1670]"
5726,"[1924, 1041, 1193, 1248, 1677]"
5727,"[290, 1073, 1538, 1556, 1615]"
5728,"[169, 1924, 1041, 1586, 1885]"
5729,"[1026, 1040, 1073, 464, 866]"
5730,"[1885, 1809, 933, 930, 885]"
5731,"[1556, 926, 1041, 1191, 1890]"
5732,"[1924, 1025, 1885, 1646, 1202]"
5733,"[1076, 1025, 1036, 169, 1035]"
5734,"[1026, 164, 1809, 1723, 165]"
5735,"[926, 1006, 1041, 885, 1699]"
5736,"[1202, 410, 1041, 1040, 1026]"
5737,"[1658, 265, 778, 1560, 1552]"
5738,"[425, 165, 930, 164, 1670]"
5739,"[1626, 425, 1885, 1704, 1904]"
5740,"[164, 1193, 1040, 165, 1026]"
5741,"[1176, 890, 1620, 425, 1534]"
5742,"[1073, 1885, 1925, 1320, 242]"
5743,"[1029, 1672, 1025, 175, 169]"
5744,"[1586, 1615, 1041, 1193, 289]"
5745,"[1130, 853, 1757, 1776, 66]"
5746,"[1025, 169, 1035, 1670, 1885]"
5747,"[885, 1080, 1809, 1659, 926]"
5748,"[1026, 1885, 936, 1029, 1193]"
5749,"[1885, 1040, 242, 1193, 1591]"
5750,"[1538, 1901, 1547, 1885, 1519]"
5751,"[1885, 1915, 484, 1810, 522]"
5752,"[220, 403, 749, 1885, 1626]"
5753,"[1041, 1040, 1885, 425, 926]"
5754,"[1671, 1745, 1070, 1616, 1041]"
5755,"[165, 1670, 1534, 89, 1193]"
5756,"[1924, 1620, 1592, 926, 1299]"
5757,"[1727, 1924, 1904, 781, 926]"
5758,"[1586, 1556, 926, 1885, 1887]"
5759,"[1667, 1649, 1029, 1666, 1670]"
5760,"[930, 1670, 928, 938, 164]"
5761,"[408, 410, 1202, 1029, 1193]"
5762,"[824, 403, 1757, 1776, 452]"
5763,"[1935, 437, 1659, 1666, 1836]"
5764,"[732, 1026, 822, 403, 66]"
5765,"[1885, 1302, 1252, 1073, 924]"
5766,"[1260, 1256, 1836, 1832, 1873]"
5767,"[1915, 1590, 930, 1885, 1592]"
5768,"[885, 258, 1664, 1511, 1836]"
5769,"[928, 1666, 1193, 1620, 425]"
5770,"[89, 165, 1890, 1025, 1887]"
5771,"[1029, 885, 1906, 164, 921]"
5772,"[1885, 403, 1670, 1888, 930]"
5773,"[1002, 237, 236, 1003, 232]"
5774,"[719, 356, 1590, 823, 1028]"
5775,"[1666, 408, 1853, 1837, 1833]"
5776,"[885, 824, 1076, 758, 926]"
5777,"[824, 823, 403, 1612, 853]"
5778,"[1915, 1049, 1054, 1649, 1029]"
5779,"[1836, 403, 1704, 1320, 1363]"
5780,"[1666, 719, 403, 1649, 66]"
5781,"[885, 1666, 1649, 719, 1906]"
5782,"[1620, 1915, 1666, 1906, 926]"
5783,"[1029, 446, 926, 1255, 1666]"
5784,"[1915, 1561, 1821, 1822, 408]"
5785,"[286, 719, 824, 432, 258]"
5786,"[788, 1555, 1885, 33, 31]"
5787,"[1052, 823, 1055, 885, 719]"
5788,"[1900, 1286, 1104, 1042, 1649]"
5789,"[677, 403, 749, 1667, 1670]"
5790,"[1592, 1590, 1529, 1526, 1885]"
5791,"[403, 1026, 1590, 1320, 823]"
5792,"[197, 1018, 1038, 997, 1918]"
5793,"[1677, 872, 1915, 125, 1192]"
5794,"[197, 1592, 1924, 1929, 1836]"
5795,"[1073, 1495, 1680, 403, 1885]"
5796,"[1924, 405, 1618, 165, 1677]"
5797,"[1915, 408, 1592, 1906, 165]"
5798,"[1915, 1902, 136, 1495, 138]"
5799,"[1915, 1495, 1832, 1825, 1197]"
5800,"[332, 667, 1320, 78, 1002]"
5801,"[583, 403, 821, 892, 1317]"
5802,"[1918, 1911, 408, 1076, 1255]"
5803,"[1590, 51, 847, 403, 1302]"
5804,"[408, 605, 1248, 114, 1677]"
5805,"[165, 781, 1592, 1733, 926]"
5806,"[1344, 114, 1906, 605, 1915]"
5807,"[1046, 1193, 408, 114, 282]"
5808,"[165, 781, 1696, 1592, 692]"
5809,"[927, 1922, 1897, 165, 125]"
5810,"[1076, 1906, 1928, 1528, 1148]"
5811,"[1915, 1299, 1592, 1929, 1924]"
5812,"[1592, 289, 926, 1929, 1193]"
5813,"[1014, 1590, 1592, 980, 258]"
5814,"[1666, 1680, 197, 1255, 1193]"
5815,"[1901, 408, 165, 278, 281]"
5816,"[1666, 1248, 823, 1592, 1677]"
5817,"[1148, 1918, 605, 289, 221]"
5818,"[1055, 165, 408, 1592, 1193]"
5819,"[1915, 368, 1280, 1192, 1066]"
5820,"[1133, 1495, 212, 1536, 749]"
5821,"[89, 403, 1495, 113, 1620]"
5822,"[276, 1016, 273, 1318, 278]"
5823,"[1915, 926, 1249, 408, 403]"
5824,"[1073, 1130, 1626, 478, 605]"
5825,"[1030, 1017, 165, 1060, 1076]"
5826,"[1590, 1592, 1591, 1014, 1666]"
5827,"[114, 1626, 1666, 1030, 1026]"
5828,"[1630, 464, 403, 1320, 1006]"
5829,"[1705, 403, 155, 158, 157]"
5830,"[1899, 1556, 1133, 1536, 1887]"
5831,"[1154, 1018, 197, 1038, 823]"
5832,"[197, 1680, 1666, 1018, 1255]"
5833,"[165, 1906, 605, 408, 478]"
5834,"[1055, 1590, 1592, 212, 885]"
5835,"[1135, 138, 1929, 1133, 1536]"
5836,"[1901, 1836, 930, 1902, 1873]"
5837,"[1659, 1904, 403, 1733, 1792]"
5838,"[919, 1025, 926, 159, 937]"
5839,"[1025, 159, 937, 926, 919]"
5840,"[1836, 1873, 1832, 1825, 823]"
5841,"[1526, 1899, 1906, 1528, 1922]"
5842,"[930, 1771, 1670, 933, 160]"
5843,"[1915, 1344, 1906, 926, 1528]"
5844,"[1193, 926, 1936, 1598, 937]"
5845,"[1906, 1873, 1836, 403, 1528]"
5846,"[1936, 1193, 926, 1191, 1598]"
5847,"[1906, 1873, 1836, 1832, 1872]"
5848,"[1666, 1649, 1620, 1906, 1704]"
5849,"[1906, 1885, 1193, 1746, 1904]"
5850,"[1299, 1836, 1873, 1832, 1676]"
5851,"[1598, 425, 1249, 1670, 930]"
5852,"[1915, 1906, 1899, 1529, 1588]"
5853,"[1904, 1906, 1899, 926, 1598]"
5854,"[1825, 1873, 1836, 1832, 1831]"
5855,"[1906, 1915, 89, 1528, 1592]"
5856,"[1193, 1555, 1915, 1550, 1906]"
5857,"[1590, 823, 885, 1008, 1592]"
5858,"[1928, 1916, 114, 369, 1906]"
5859,"[1193, 1917, 1191, 1536, 1255]"
5860,"[1620, 1080, 926, 403, 95]"
5861,"[1915, 1929, 926, 1809, 1592]"
5862,"[1906, 1592, 926, 114, 1604]"
5863,"[1255, 926, 1936, 1617, 1193]"
5864,"[1861, 1915, 1906, 1887, 1528]"
5865,"[926, 1906, 1193, 1528, 1617]"
5866,"[1086, 1148, 1178, 1928, 1082]"
5867,"[1916, 1885, 1620, 1193, 289]"
5868,"[1936, 1249, 403, 926, 1873]"
5869,"[1936, 1935, 1148, 1892, 885]"
5870,"[1906, 403, 1832, 1873, 1836]"
5871,"[1906, 1528, 432, 1590, 425]"
5872,"[926, 1025, 159, 937, 885]"
5873,"[160, 364, 760, 236, 1003]"
5874,"[1809, 1873, 1836, 1832, 1025]"
5875,"[1836, 1873, 1249, 1832, 432]"
5876,"[1906, 901, 926, 1659, 1704]"
5877,"[1906, 1086, 1528, 1590, 1936]"
5878,"[1915, 926, 1638, 113, 1255]"
5879,"[1904, 926, 1899, 1936, 1612]"
5880,"[1659, 1666, 1248, 403, 1620]"
5881,"[1613, 1033, 731, 928, 736]"
5882,"[1063, 1539, 1114, 1762, 1899]"
5883,"[964, 403, 732, 729, 1666]"
5884,"[892, 1063, 1922, 1897, 1899]"
5885,"[862, 1033, 1029, 937, 159]"
5886,"[1666, 162, 403, 919, 1659]"
5887,"[216, 1063, 1733, 1006, 468]"
5888,"[1205, 1607, 1608, 1911, 885]"
5889,"[1193, 1042, 1620, 1915, 1338]"
5890,"[862, 216, 1915, 901, 1899]"
5891,"[1286, 442, 443, 1588, 790]"
5892,"[606, 807, 862, 1786, 1603]"
5893,"[736, 901, 969, 886, 885]"
5894,"[1915, 1052, 1046, 1924, 1552]"
5895,"[1788, 618, 1192, 1521, 216]"
5896,"[927, 1638, 1618, 1887, 165]"
5897,"[1338, 1584, 66, 282, 1006]"
5898,"[1587, 128, 1788, 43, 1063]"
5899,"[1618, 1193, 164, 113, 165]"
5900,"[1887, 1892, 862, 480, 1403]"
5901,"[925, 408, 1050, 1035, 1733]"
5902,"[1587, 165, 43, 892, 1733]"
5903,"[349, 1878, 1707, 1400, 1670]"
5904,"[925, 165, 408, 1044, 901]"
5905,"[1666, 567, 1197, 1320, 566]"
5906,"[145, 190, 149, 914, 736]"
5907,"[924, 1030, 1704, 1039, 1887]"
5908,"[1063, 1612, 1891, 95, 1519]"
5909,"[1917, 408, 1902, 442, 1604]"
5910,"[1704, 1705, 164, 1914, 66]"
5911,"[927, 1363, 1226, 1924, 1400]"
5912,"[924, 1080, 1248, 964, 403]"
5913,"[1809, 479, 72, 907, 1316]"
5914,"[1587, 1063, 113, 165, 28]"
5915,"[886, 165, 1193, 1620, 164]"
5916,"[1733, 1320, 66, 1013, 74]"
5917,"[1316, 403, 480, 1904, 1670]"
5918,"[1733, 1249, 1666, 749, 930]"
5919,"[1029, 1034, 1887, 737, 1612]"
5920,"[892, 1612, 403, 66, 1670]"
5921,"[964, 408, 1793, 145, 1746]"
5922,"[351, 1018, 1050, 918, 1033]"
5923,"[1016, 278, 274, 1704, 281]"
5924,"[1885, 1906, 1197, 403, 1590]"
5925,"[1902, 1900, 114, 1552, 1543]"
5926,"[1074, 1591, 1904, 1889, 344]"
5927,"[408, 1915, 164, 165, 1617]"
5928,"[1620, 1074, 1907, 1615, 1317]"
5929,"[1704, 1753, 1013, 1705, 885]"
5930,"[1915, 408, 1659, 1488, 1344]"
5931,"[1772, 1561, 1193, 464, 1560]"
5932,"[1592, 1915, 1552, 493, 1561]"
5933,"[1915, 1592, 898, 893, 928]"
5934,"[28, 618, 892, 1073, 125]"
5935,"[1154, 114, 1193, 1885, 1590]"
5936,"[1636, 1069, 1073, 903, 1317]"
5937,"[1561, 1915, 1529, 1560, 1536]"
5938,"[1299, 749, 1666, 1590, 1832]"
5939,"[1030, 341, 344, 1066, 114]"
5940,"[468, 1022, 1307, 497, 66]"
5941,"[1885, 749, 66, 1929, 739]"
5942,"[1915, 419, 1592, 1705, 1249]"
5943,"[1900, 1902, 1915, 1552, 1906]"
5944,"[1915, 1193, 164, 165, 408]"
5945,"[1193, 1915, 1592, 1901, 1620]"
5946,"[1193, 1885, 1887, 625, 1889]"
5947,"[1915, 1902, 1073, 618, 1317]"
5948,"[965, 1591, 964, 1592, 1029]"
5949,"[1041, 1042, 1929, 165, 739]"
5950,"[1592, 1659, 28, 1705, 403]"
5951,"[1042, 1809, 72, 1592, 66]"
5952,"[1193, 28, 1534, 868, 403]"
5953,"[1915, 408, 1917, 114, 1902]"
5954,"[1902, 1900, 1552, 408, 114]"
5955,"[1592, 927, 1915, 1906, 1590]"
5956,"[1902, 1552, 484, 1591, 547]"
5957,"[1885, 1606, 639, 739, 1320]"
5958,"[1561, 1915, 1926, 106, 1560]"
5959,"[1592, 1902, 1543, 1561, 1552]"
5960,"[406, 407, 1924, 1592, 625]"
5961,"[369, 1929, 1602, 289, 1560]"
5962,"[1873, 1836, 478, 1063, 1924]"
5963,"[1836, 1885, 1832, 1873, 1591]"
5964,"[1915, 1667, 1825, 719, 208]"
5965,"[478, 926, 1924, 369, 887]"
5966,"[1915, 921, 164, 938, 926]"
5967,"[1915, 1900, 1902, 1928, 408]"
5968,"[1592, 1157, 1014, 1607, 1608]"
5969,"[1929, 1590, 1592, 857, 1809]"
5970,"[1592, 430, 1659, 1929, 1148]"
5971,"[150, 719, 1592, 1591, 1590]"
5972,"[1750, 1272, 261, 267, 266]"
5973,"[550, 1409, 1497, 480, 1929]"
5974,"[1705, 1511, 1832, 1043, 903]"
5975,"[1043, 1051, 903, 1490, 1836]"
5976,"[1608, 1607, 1894, 1615, 1014]"
5977,"[1666, 1894, 1599, 114, 1607]"
5978,"[1705, 543, 66, 1836, 1873]"
5979,"[1592, 1666, 823, 848, 1249]"
5980,"[1607, 1592, 1157, 1929, 1613]"
5981,"[427, 1705, 543, 1511, 903]"
5982,"[1915, 1620, 1607, 1043, 1659]"
5983,"[1072, 1809, 1704, 72, 1042]"
5984,"[1592, 1906, 1607, 1014, 1929]"
5985,"[1723, 1592, 1704, 903, 1705]"
5986,"[1051, 1043, 823, 824, 403]"
5987,"[218, 1010, 264, 217, 227]"
5988,"[1567, 1542, 1592, 480, 688]"
5989,"[1608, 875, 936, 1666, 959]"
5990,"[1565, 1890, 590, 595, 1617]"
5991,"[1666, 823, 926, 1073, 1929]"
5992,"[1607, 1014, 1157, 1613, 1592]"
5993,"[1915, 165, 408, 1617, 1659]"
5994,"[1704, 1073, 1411, 1320, 637]"
5995,"[1658, 1592, 543, 1628, 1249]"
5996,"[262, 1009, 1805, 1013, 253]"
5997,"[1592, 1890, 1885, 1887, 1511]"
5998,"[1490, 1723, 1474, 55, 480]"
5999,"[785, 1542, 1658, 1929, 363]"
6000,"[1338, 729, 964, 1607, 1014]"
6001,"[1592, 1924, 1677, 1915, 408]"
6002,"[1723, 480, 1014, 55, 1929]"
6003,"[1608, 1615, 413, 1192, 1517]"
6004,"[1033, 1029, 1026, 164, 175]"
6005,"[1511, 543, 1590, 1592, 1929]"
6006,"[1592, 1929, 1915, 837, 778]"
6007,"[478, 1924, 1592, 1884, 823]"
6008,"[1592, 1607, 1608, 165, 1620]"
6009,"[1042, 1607, 885, 1608, 1590]"
6010,"[1894, 1613, 812, 1014, 1191]"
6011,"[89, 29, 1723, 1929, 480]"
6012,"[1873, 1809, 1299, 403, 72]"
6013,"[261, 267, 266, 239, 238]"
6014,"[886, 1042, 368, 1894, 885]"
6015,"[1792, 412, 408, 442, 1192]"
6016,"[1055, 1325, 408, 1911, 446]"
6017,"[965, 862, 886, 885, 1734]"
6018,"[965, 862, 368, 886, 1055]"
6019,"[1249, 930, 504, 1828, 1833]"
6020,"[1911, 952, 408, 1659, 926]"
6021,"[933, 1809, 1193, 1873, 74]"
6022,"[1825, 1249, 1704, 930, 1646]"
6023,"[74, 1053, 261, 267, 266]"
6024,"[933, 1809, 1873, 1836, 1832]"
6025,"[274, 1737, 1009, 1013, 264]"
6026,"[261, 262, 1009, 1013, 253]"
6027,"[1590, 1592, 1911, 1591, 982]"
6028,"[282, 66, 403, 267, 262]"
6029,"[1193, 1042, 1620, 1659, 1666]"
6030,"[1205, 150, 255, 1632, 227]"
6031,"[1055, 1911, 1052, 1592, 403]"
6032,"[933, 1809, 1873, 1836, 1832]"
6033,"[720, 1153, 933, 242, 261]"
6034,"[1809, 933, 1885, 1495, 403]"
6035,"[1055, 980, 259, 211, 403]"
6036,"[1809, 1047, 1867, 1421, 1858]"
6037,"[1055, 1193, 1885, 1598, 1666]"
6038,"[261, 267, 266, 239, 238]"
6039,"[1659, 1055, 1666, 925, 403]"
6040,"[271, 1205, 74, 267, 266]"
6041,"[930, 504, 1666, 1658, 270]"
6042,"[1320, 925, 403, 933, 749]"
6043,"[1873, 1861, 1825, 1809, 66]"
6044,"[417, 1750, 1239, 1617, 612]"
6045,"[964, 916, 1809, 403, 1666]"
6046,"[261, 267, 266, 239, 238]"
6047,"[261, 1659, 267, 266, 239]"
6048,"[1809, 933, 1873, 1836, 930]"
6049,"[1049, 261, 1065, 267, 266]"
6050,"[1055, 259, 1049, 211, 982]"
6051,"[259, 261, 224, 1002, 240]"
6052,"[408, 933, 930, 936, 1193]"
6053,"[403, 1873, 1836, 1832, 1809]"
6054,"[677, 1, 1620, 1890, 933]"
6055,"[1917, 1279, 293, 403, 1076]"
6056,"[1027, 902, 719, 1620, 1076]"
6057,"[1666, 1742, 1592, 959, 66]"
6058,"[1104, 1279, 1080, 1286, 1299]"
6059,"[403, 749, 1320, 1495, 1855]"
6060,"[1561, 1560, 1488, 990, 1536]"
6061,"[1026, 1046, 403, 73, 282]"
6062,"[1832, 1873, 1836, 1667, 1809]"
6063,"[1863, 1861, 236, 237, 1003]"
6064,"[1915, 1528, 1906, 1560, 1935]"
6065,"[1659, 1666, 926, 1861, 403]"
6066,"[885, 1026, 1809, 403, 822]"
6067,"[1832, 1037, 1193, 1303, 1302]"
6068,"[408, 1915, 165, 1746, 60]"
6069,"[408, 1915, 125, 1202, 410]"
6070,"[885, 1193, 1612, 1889, 1890]"
6071,"[719, 1590, 1832, 1873, 1836]"
6072,"[1861, 914, 271, 1667, 1873]"
6073,"[926, 1809, 1659, 403, 1885]"
6074,"[921, 1046, 1197, 1042, 1026]"
6075,"[1915, 1836, 1929, 857, 822]"
6076,"[1029, 926, 1249, 1892, 1202]"
6077,"[1915, 1620, 496, 1607, 1705]"
6078,"[637, 1590, 1620, 1608, 653]"
6079,"[1026, 1046, 403, 73, 282]"
6080,"[1042, 1885, 1873, 1836, 930]"
6081,"[1885, 1590, 719, 1809, 1832]"
6082,"[1077, 1873, 1836, 1832, 933]"
6083,"[1915, 1027, 1560, 1541, 1528]"
6084,"[1299, 1511, 1590, 1232, 786]"
6085,"[1873, 1836, 1832, 898, 823]"
6086,"[1915, 1906, 406, 407, 478]"
6087,"[1885, 1590, 719, 1809, 1832]"
6088,"[1924, 1536, 1306, 1623, 687]"
6089,"[1304, 749, 650, 1670, 933]"
6090,"[1191, 1884, 1562, 1312, 1599]"
6091,"[1536, 1562, 1541, 1547, 1551]"
6092,"[1191, 1523, 1904, 1562, 1528]"
6093,"[275, 350, 16, 1904, 43]"
6094,"[1536, 926, 1607, 1599, 1746]"
6095,"[1191, 1926, 1904, 1523, 1192]"
6096,"[689, 1157, 697, 636, 1705]"
6097,"[1833, 1837, 1828, 1822, 1821]"
6098,"[1191, 1523, 1904, 1192, 1924]"
6099,"[1607, 901, 1704, 480, 403]"
6100,"[1249, 1581, 111, 552, 1316]"
6101,"[1704, 114, 1604, 1924, 1915]"
6102,"[114, 1192, 1924, 1904, 18]"
6103,"[1192, 1904, 1532, 1523, 1521]"
6104,"[114, 1677, 890, 1604, 116]"
6105,"[368, 1924, 98, 1885, 1607]"
6106,"[1556, 1193, 1666, 1929, 1904]"
6107,"[1902, 1900, 890, 112, 1543]"
6108,"[1191, 848, 1666, 1904, 455]"
6109,"[1821, 1822, 1833, 1837, 1655]"
6110,"[332, 454, 114, 1523, 1536]"
6111,"[1772, 777, 16, 1904, 624]"
6112,"[1576, 443, 18, 258, 652]"
6113,"[409, 1904, 1666, 165, 1704]"
6114,"[1610, 275, 1249, 1611, 1192]"
6115,"[687, 1562, 1890, 1489, 1523]"
6116,"[478, 1924, 110, 636, 114]"
6117,"[842, 1705, 884, 1192, 1536]"
6118,"[1704, 706, 1705, 1191, 1523]"
6119,"[383, 1604, 110, 1188, 1610]"
6120,"[1772, 1210, 1403, 1924, 1611]"
6121,"[1608, 1607, 1896, 1138, 1666]"
6122,"[60, 1915, 124, 171, 926]"
6123,"[884, 1899, 478, 1924, 1611]"
6124,"[443, 379, 1721, 1772, 437]"
6125,"[1884, 1562, 1191, 1312, 1599]"
6126,"[1904, 1607, 1192, 18, 1248]"
6127,"[1133, 324, 321, 320, 1128]"
6128,"[1615, 1620, 1538, 1608, 1626]"
6129,"[447, 1192, 717, 687, 1274]"
6130,"[890, 1677, 1924, 114, 216]"
6131,"[1697, 1924, 1063, 478, 862]"
6132,"[1904, 1532, 1556, 1489, 1192]"
6133,"[164, 98, 927, 1901, 1924]"
6134,"[1697, 785, 1924, 1733, 723]"
6135,"[1902, 1552, 1926, 1073, 1071]"
6136,"[1896, 281, 276, 1887, 443]"
6137,"[1192, 1134, 903, 1615, 1586]"
6138,"[665, 1670, 749, 793, 654]"
6139,"[441, 1915, 1901, 1528, 1659]"
6140,"[749, 403, 1516, 477, 1320]"
6141,"[1915, 1541, 848, 1540, 1904]"
6142,"[1902, 281, 276, 625, 408]"
6143,"[137, 154, 138, 18, 1246]"
6144,"[164, 1628, 1666, 409, 1904]"
6145,"[665, 1815, 1795, 1841, 1839]"
6146,"[1902, 1552, 1073, 1646, 1887]"
6147,"[46, 1705, 681, 1531, 1538]"
6148,"[1307, 1863, 1320, 1906, 66]"
6149,"[644, 1194, 1704, 111, 1605]"
6150,"[274, 277, 275, 1319, 279]"
6151,"[903, 665, 749, 1889, 1885]"
6152,"[828, 1772, 1863, 903, 1935]"
6153,"[665, 73, 171, 403, 1320]"
6154,"[1902, 1915, 1552, 890, 406]"
6155,"[46, 1614, 1662, 1521, 1610]"
6156,"[1915, 1901, 1547, 1746, 1551]"
6157,"[1615, 665, 749, 1885, 66]"
6158,"[616, 276, 636, 1717, 710]"
6159,"[1902, 1552, 1915, 408, 878]"
6160,"[1524, 1556, 1559, 478, 1924]"
6161,"[665, 749, 1670, 874, 171]"
6162,"[335, 1275, 1068, 1704, 1249]"
6163,"[1855, 655, 69, 930, 933]"
6164,"[418, 1240, 420, 1201, 1598]"
6165,"[164, 98, 409, 96, 97]"
6166,"[1915, 1155, 1137, 1704, 1904]"
6167,"[277, 1163, 1904, 1727, 454]"
6168,"[1163, 1192, 114, 89, 277]"
6169,"[1901, 1771, 1321, 1837, 1833]"
6170,"[1201, 1701, 667, 749, 1901]"
6171,"[1855, 1861, 65, 1829, 1827]"
6172,"[1924, 1036, 922, 1904, 1915]"
6173,"[1902, 164, 409, 749, 1552]"
6174,"[1201, 97, 96, 409, 1670]"
6175,"[922, 681, 1536, 1746, 1192]"
6176,"[313, 1923, 1693, 314, 863]"
6177,"[865, 863, 1747, 749, 930]"
6178,"[1923, 118, 314, 313, 863]"
6179,"[1119, 1192, 1904, 1531, 1613]"
6180,"[785, 1299, 408, 739, 865]"
6181,"[865, 863, 1747, 749, 314]"
6182,"[1923, 314, 1539, 1554, 1534]"
6183,"[314, 1924, 1606, 1704, 1705]"
6184,"[314, 313, 1887, 1923, 1890]"
6185,"[863, 1747, 865, 313, 1608]"
6186,"[1662, 863, 73, 1900, 1772]"
6187,"[1249, 922, 1915, 903, 1923]"
6188,"[863, 1747, 865, 1923, 1607]"
6189,"[1923, 863, 1747, 73, 865]"
6190,"[118, 314, 1923, 865, 749]"
6191,"[688, 1901, 1547, 692, 53]"
6192,"[114, 110, 1889, 1027, 447]"
6193,"[1929, 1915, 1590, 528, 1197]"
6194,"[1747, 863, 865, 1599, 1138]"
6195,"[1932, 480, 1723, 1574, 1317]"
6196,"[865, 1747, 863, 314, 89]"
6197,"[1747, 863, 865, 73, 111]"
6198,"[1117, 1923, 1116, 1543, 314]"
6199,"[1747, 865, 863, 1598, 314]"
6200,"[1747, 865, 863, 1611, 1655]"
6201,"[314, 1923, 1924, 1618, 865]"
6202,"[1747, 865, 863, 749, 1677]"
6203,"[1923, 313, 314, 1889, 74]"
6204,"[1929, 857, 749, 1302, 1670]"
6205,"[1538, 1885, 1556, 1249, 425]"
6206,"[314, 1923, 1534, 863, 1747]"
6207,"[314, 1887, 1886, 97, 1924]"
6208,"[863, 865, 1747, 1604, 1534]"
6209,"[655, 1900, 1885, 749, 650]"
6210,"[1889, 114, 110, 1902, 447]"
6211,"[904, 865, 1891, 1747, 863]"
6212,"[265, 926, 1626, 341, 1906]"
6213,"[863, 1923, 1747, 865, 314]"
6214,"[314, 111, 1717, 1317, 1428]"
6215,"[59, 1887, 865, 1747, 863]"
6216,"[314, 863, 1747, 865, 1923]"
6217,"[73, 1598, 1574, 863, 1703]"
6218,"[1923, 1598, 314, 1924, 863]"
6219,"[922, 890, 1249, 528, 1611]"
6220,"[455, 926, 1636, 1884, 16]"
6221,"[1567, 1192, 114, 16, 455]"
6222,"[1567, 114, 455, 16, 1192]"
6223,"[455, 1567, 1192, 16, 1611]"
6224,"[16, 114, 454, 1712, 466]"
6225,"[1567, 16, 1611, 1636, 455]"
6226,"[1567, 16, 114, 455, 454]"
6227,"[1567, 16, 114, 1884, 1192]"
6228,"[276, 1929, 650, 829, 639]"
6229,"[1887, 1588, 1567, 16, 1884]"
6230,"[455, 16, 1567, 114, 454]"
6231,"[455, 114, 1567, 1897, 1636]"
6232,"[884, 1614, 1521, 43, 1523]"
6233,"[1726, 390, 114, 16, 1192]"
6234,"[114, 1192, 926, 1904, 1604]"
6235,"[1567, 114, 1555, 1588, 1884]"
6236,"[1567, 16, 114, 454, 1611]"
6237,"[1617, 926, 1611, 1915, 102]"
6238,"[1899, 114, 496, 1887, 16]"
6239,"[1884, 1899, 1922, 1897, 1904]"
6240,"[1617, 16, 926, 919, 1567]"
6241,"[455, 1567, 114, 16, 1191]"
6242,"[1929, 455, 1567, 16, 114]"
6243,"[16, 1567, 1611, 114, 1704]"
6244,"[926, 1617, 1607, 1604, 901]"
6245,"[1191, 1192, 1567, 114, 16]"
6246,"[1567, 455, 1899, 1929, 16]"
6247,"[1704, 390, 1192, 455, 903]"
6248,"[114, 1567, 16, 926, 1922]"
6249,"[1915, 114, 216, 1611, 1604]"
6250,"[455, 1929, 1567, 16, 114]"
6251,"[1884, 454, 692, 455, 1157]"
6252,"[1192, 1567, 828, 114, 16]"
6253,"[16, 1567, 114, 1611, 1704]"
6254,"[16, 1567, 114, 1192, 1880]"
6255,"[1567, 16, 114, 1611, 926]"
6256,"[1795, 1884, 1904, 1562, 1531]"
6257,"[1922, 1897, 1929, 114, 1567]"
6258,"[507, 1567, 16, 114, 1307]"
6259,"[114, 1704, 16, 1896, 1884]"
6260,"[455, 1617, 114, 16, 1567]"
6261,"[114, 455, 1192, 1610, 454]"
6262,"[114, 16, 1192, 1604, 1191]"
6263,"[1899, 1636, 507, 1929, 1191]"
6264,"[1188, 1613, 114, 110, 1192]"
6265,"[1896, 1607, 1608, 1613, 1157]"
6266,"[403, 1607, 1249, 372, 762]"
6267,"[1604, 443, 3, 810, 808]"
6268,"[1301, 1924, 125, 1558, 1607]"
6269,"[1067, 1896, 1526, 1884, 1904]"
6270,"[1567, 1192, 16, 135, 37]"
6271,"[368, 925, 1620, 1636, 703]"
6272,"[1567, 135, 901, 1191, 1887]"
6273,"[361, 447, 1273, 1098, 1404]"
6274,"[1191, 1899, 1904, 1705, 1598]"
6275,"[1567, 1896, 95, 1904, 93]"
6276,"[1705, 1704, 1567, 1769, 1191]"
6277,"[1068, 901, 1607, 1299, 1604]"
6278,"[1567, 1192, 1604, 1636, 480]"
6279,"[1570, 1799, 1798, 135, 1801]"
6280,"[1607, 1608, 1904, 1191, 1192]"
6281,"[1157, 368, 1113, 372, 1896]"
6282,"[1896, 368, 372, 1613, 1567]"
6283,"[1905, 1627, 1527, 1907, 1616]"
6284,"[1896, 478, 901, 1905, 1924]"
6285,"[1015, 468, 135, 111, 73]"
6286,"[1567, 53, 480, 316, 66]"
6287,"[1666, 78, 590, 1191, 587]"
6288,"[1072, 372, 480, 111, 1723]"
6289,"[368, 1042, 216, 886, 1620]"
6290,"[921, 410, 1202, 1608, 1884]"
6291,"[1567, 403, 1249, 16, 903]"
6292,"[511, 1809, 1872, 1835, 1831]"
6293,"[1906, 1904, 1607, 599, 1567]"
6294,"[276, 1604, 1165, 1157, 893]"
6295,"[1567, 1915, 1192, 1896, 114]"
6296,"[1567, 1193, 1607, 1885, 1612]"
6297,"[1063, 1896, 1072, 58, 57]"
6298,"[1063, 1896, 1904, 1613, 1567]"
6299,"[1704, 1249, 1659, 1705, 403]"
6300,"[677, 1567, 1929, 1885, 53]"
6301,"[372, 368, 455, 1567, 1192]"
6302,"[455, 368, 1607, 1704, 1628]"
6303,"[511, 1809, 1835, 1872, 1873]"
6304,"[1896, 1567, 1607, 1191, 1887]"
6305,"[1607, 1896, 1157, 1904, 1618]"
6306,"[1896, 1157, 1192, 1191, 1567]"
6307,"[1607, 901, 1191, 748, 1885]"
6308,"[114, 1615, 1192, 1704, 700]"
6309,"[1022, 605, 78, 1156, 1138]"
6310,"[1615, 1586, 1192, 1903, 82]"
6311,"[1021, 1604, 1733, 289, 785]"
6312,"[1704, 1705, 614, 1204, 1138]"
6313,"[652, 216, 26, 1568, 1575]"
6314,"[862, 1613, 1697, 120, 480]"
6315,"[1704, 480, 1705, 550, 223]"
6316,"[577, 269, 1709, 285, 592]"
6317,"[1904, 1890, 1894, 1887, 1885]"
6318,"[1192, 1615, 1904, 412, 1666]"
6319,"[443, 1568, 1437, 652, 1411]"
6320,"[1059, 1717, 631, 1600, 480]"
6321,"[1191, 1155, 708, 605, 926]"
6322,"[320, 1709, 207, 110, 976]"
6323,"[1904, 1526, 1899, 1587, 1922]"
6324,"[739, 269, 28, 1204, 446]"
6325,"[1704, 16, 114, 111, 639]"
6326,"[1717, 1702, 639, 1691, 630]"
6327,"[1878, 1707, 999, 190, 272]"
6328,"[78, 1904, 110, 1613, 547]"
6329,"[269, 285, 892, 468, 749]"
6330,"[269, 969, 276, 403, 1063]"
6331,"[306, 1666, 1904, 1138, 110]"
6332,"[1887, 92, 927, 930, 1155]"
6333,"[374, 1717, 1161, 639, 480]"
6334,"[969, 276, 403, 1709, 1723]"
6335,"[1828, 1833, 1837, 1772, 1863]"
6336,"[24, 28, 417, 1239, 613]"
6337,"[28, 1063, 29, 614, 1204]"
6338,"[1697, 1717, 668, 661, 630]"
6339,"[969, 443, 639, 636, 1320]"
6340,"[269, 577, 285, 1787, 1709]"
6341,"[1915, 408, 1902, 409, 1906]"
6342,"[1900, 443, 652, 1568, 650]"
6343,"[1884, 1573, 16, 641, 1600]"
6344,"[120, 1659, 1608, 78, 1586]"
6345,"[577, 269, 592, 285, 903]"
6346,"[1022, 723, 1155, 605, 1138]"
6347,"[1733, 1249, 807, 1788, 1197]"
6348,"[613, 28, 1135, 443, 1061]"
6349,"[1613, 1666, 1904, 969, 276]"
6350,"[645, 781, 1627, 652, 861]"
6351,"[7, 114, 412, 1001, 1610]"
6352,"[1116, 111, 1626, 480, 1723]"
6353,"[1607, 1894, 1599, 1891, 1746]"
6354,"[890, 1063, 112, 114, 1899]"
6355,"[1915, 1534, 1536, 1556, 1831]"
6356,"[1299, 1019, 1088, 1772, 1197]"
6357,"[1636, 1915, 110, 1880, 1875]"
6358,"[1899, 1887, 1896, 860, 1219]"
6359,"[409, 102, 901, 1536, 1191]"
6360,"[1490, 1704, 1836, 1873, 1030]"
6361,"[1906, 1528, 110, 1556, 1705]"
6362,"[1255, 1603, 1885, 1636, 1534]"
6363,"[1899, 1904, 1896, 1922, 1897]"
6364,"[403, 1249, 1670, 452, 1575]"
6365,"[1905, 1063, 1899, 1922, 1897]"
6366,"[1620, 1746, 874, 1646, 93]"
6367,"[1612, 1917, 1891, 1887, 1704]"
6368,"[425, 165, 868, 164, 901]"
6369,"[1899, 106, 1249, 1389, 1604]"
6370,"[1900, 1915, 1902, 408, 1279]"
6371,"[102, 113, 1887, 1192, 97]"
6372,"[1607, 1192, 114, 1599, 1746]"
6373,"[1915, 164, 890, 1607, 1906]"
6374,"[1160, 1155, 1900, 1613, 1192]"
6375,"[1249, 1302, 1225, 1252, 1772]"
6376,"[1902, 1620, 95, 1074, 93]"
6377,"[1899, 113, 1526, 1922, 1897]"
6378,"[1612, 1646, 1891, 1887, 1620]"
6379,"[478, 1887, 1890, 1899, 1588]"
6380,"[1636, 1607, 1618, 1536, 1604]"
6381,"[1543, 1832, 1900, 1825, 788]"
6382,"[1902, 1900, 1915, 408, 114]"
6383,"[1902, 1567, 114, 1904, 95]"
6384,"[1063, 1922, 1897, 1899, 1762]"
6385,"[1873, 1836, 1832, 1809, 1835]"
6386,"[1225, 403, 1723, 1705, 111]"
6387,"[454, 1721, 478, 1030, 443]"
6388,"[1705, 1599, 1567, 1904, 1775]"
6389,"[114, 890, 1599, 1536, 1192]"
6390,"[504, 1888, 901, 885, 432]"
6391,"[95, 1809, 515, 1302, 1825]"
6392,"[409, 102, 901, 1536, 1191]"
6393,"[1612, 1891, 1887, 1620, 1074]"
6394,"[114, 1599, 890, 1899, 1192]"
6395,"[425, 1746, 890, 1924, 113]"
6396,"[1279, 652, 1670, 403, 903]"
6397,"[1279, 504, 604, 1670, 1659]"
6398,"[73, 1394, 1317, 1417, 403]"
6399,"[1279, 73, 1317, 1717, 480]"
6400,"[1279, 1807, 1936, 926, 1295]"
6401,"[1534, 1890, 1936, 1807, 1885]"
6402,"[1825, 1873, 403, 1836, 1320]"
6403,"[1787, 1279, 478, 1924, 1603]"
6404,"[1915, 1659, 1704, 1836, 1873]"
6405,"[823, 257, 486, 316, 1006]"
6406,"[257, 1690, 94, 1006, 1279]"
6407,"[1677, 1705, 113, 1704, 926]"
6408,"[930, 617, 1670, 625, 933]"
6409,"[1279, 403, 1666, 446, 1197]"
6410,"[1178, 1637, 1271, 1906, 1928]"
6411,"[1279, 1080, 1099, 346, 1096]"
6412,"[1279, 1080, 1255, 1607, 824]"
6413,"[1928, 1178, 1906, 1193, 1607]"
6414,"[1104, 1902, 1659, 1873, 1836]"
6415,"[1705, 1704, 1607, 901, 1885]"
6416,"[1495, 1902, 586, 501, 1363]"
6417,"[1915, 1904, 926, 1807, 1899]"
6418,"[1807, 1316, 1581, 1523, 1599]"
6419,"[1279, 1088, 1138, 1428, 1717]"
6420,"[1904, 1807, 1191, 1522, 1192]"
6421,"[1607, 1894, 1638, 901, 432]"
6422,"[1612, 1193, 1889, 1705, 1927]"
6423,"[936, 930, 1677, 903, 749]"
6424,"[1279, 1536, 1192, 1887, 1890]"
6425,"[853, 1704, 1705, 70, 1403]"
6426,"[1273, 111, 1317, 1274, 403]"
6427,"[446, 1608, 1607, 1659, 1638]"
6428,"[359, 432, 1006, 861, 860]"
6429,"[808, 1658, 1279, 1611, 1604]"
6430,"[10, 1750, 26, 36, 9]"
6431,"[511, 1873, 1836, 432, 1832]"
6432,"[1279, 73, 1317, 468, 1717]"
6433,"[73, 1717, 1317, 468, 1703]"
6434,"[1285, 1197, 1279, 293, 437]"
6435,"[1279, 926, 1534, 1536, 1555]"
6436,"[1935, 1936, 1302, 1809, 1836]"
6437,"[1279, 1082, 1936, 1659, 309]"
6438,"[1659, 1192, 408, 612, 1603]"
6439,"[1178, 1086, 1906, 432, 1138]"
6440,"[440, 1192, 114, 1599, 1607]"
6441,"[1889, 1863, 1809, 933, 1525]"
6442,"[1249, 408, 60, 926, 1299]"
6443,"[1155, 1320, 1742, 650, 749]"
6444,"[1552, 807, 1581, 639, 478]"
6445,"[1192, 1121, 29, 89, 1599]"
6446,"[1599, 1062, 692, 114, 454]"
6447,"[443, 116, 359, 24, 18]"
6448,"[403, 1742, 1320, 73, 1006]"
6449,"[749, 1889, 4, 1667, 1873]"
6450,"[97, 96, 1924, 98, 1659]"
6451,"[1607, 1599, 37, 1196, 480]"
6452,"[1599, 291, 46, 413, 111]"
6453,"[412, 612, 1192, 1704, 1904]"
6454,"[1615, 1192, 1599, 734, 726]"
6455,"[1607, 1599, 1196, 1904, 1894]"
6456,"[1538, 478, 1646, 1041, 1924]"
6457,"[1615, 1192, 1599, 1196, 1904]"
6458,"[1543, 660, 128, 1825, 1552]"
6459,"[1615, 1192, 1599, 1650, 726]"
6460,"[408, 1279, 1536, 1659, 1890]"
6461,"[1196, 1742, 648, 652, 480]"
6462,"[1894, 1608, 1607, 1904, 1599]"
6463,"[1, 1704, 111, 403, 1717]"
6464,"[309, 1286, 208, 1076, 1052]"
6465,"[443, 231, 784, 1733, 53]"
6466,"[1607, 1599, 1196, 1904, 1894]"
6467,"[91, 409, 102, 648, 652]"
6468,"[739, 454, 1901, 114, 16]"
6469,"[1317, 1646, 1878, 1707, 1615]"
6470,"[1536, 1520, 1525, 1534, 1562]"
6471,"[1615, 1192, 1599, 1196, 1904]"
6472,"[1608, 363, 1100, 307, 1904]"
6473,"[73, 1196, 468, 111, 413]"
6474,"[1607, 1599, 480, 1196, 1894]"
6475,"[1894, 1607, 111, 1313, 480]"
6476,"[1302, 1522, 1832, 1835, 1831]"
6477,"[594, 1855, 1334, 749, 1086]"
6478,"[1192, 1113, 95, 1599, 29]"
6479,"[4, 793, 1313, 1746, 1073]"
6480,"[515, 1245, 464, 1492, 1475]"
6481,"[443, 1608, 1581, 650, 647]"
6482,"[1607, 1599, 1192, 1894, 1904]"
6483,"[464, 403, 320, 1320, 1197]"
6484,"[430, 1897, 1592, 927, 1936]"
6485,"[468, 497, 547, 1497, 1249]"
6486,"[1895, 828, 1570, 82, 1287]"
6487,"[865, 1733, 1747, 863, 1923]"
6488,"[884, 1772, 111, 1192, 73]"
6489,"[1188, 1187, 1114, 468, 111]"
6490,"[1570, 1287, 1895, 82, 828]"
6491,"[828, 1705, 1836, 1895, 135]"
6492,"[441, 1636, 1737, 1733, 58]"
6493,"[1924, 1934, 926, 1904, 1610]"
6494,"[1192, 1906, 1904, 1613, 1536]"
6495,"[1785, 828, 1570, 1877, 1759]"
6496,"[1363, 1287, 1338, 1835, 501]"
6497,"[1905, 1627, 1566, 1901, 1534]"
6498,"[1915, 927, 1528, 962, 89]"
6499,"[828, 216, 1570, 1877, 1287]"
6500,"[1615, 1192, 73, 135, 726]"
6501,"[73, 1759, 1764, 403, 282]"
6502,"[468, 111, 73, 955, 490]"
6503,"[1192, 468, 1607, 111, 73]"
6504,"[1249, 901, 1251, 1892, 1336]"
6505,"[468, 778, 1915, 111, 1900]"
6506,"[1772, 1895, 1863, 660, 650]"
6507,"[114, 1534, 1733, 1613, 379]"
6508,"[1895, 828, 1287, 82, 1863]"
6509,"[1607, 133, 1894, 480, 1251]"
6510,"[624, 692, 615, 1604, 1924]"
6511,"[1533, 107, 1746, 1611, 893]"
6512,"[594, 828, 1895, 542, 1570]"
6513,"[1733, 1251, 1592, 926, 1249]"
6514,"[1924, 615, 110, 884, 1567]"
6515,"[1895, 828, 1570, 82, 1863]"
6516,"[381, 1617, 926, 1613, 1619]"
6517,"[111, 73, 1704, 468, 1705]"
6518,"[1863, 828, 1570, 1785, 1861]"
6519,"[1733, 739, 1705, 785, 1704]"
6520,"[1114, 73, 1917, 263, 403]"
6521,"[447, 687, 1705, 1210, 1249]"
6522,"[1567, 74, 527, 82, 111]"
6523,"[808, 1185, 1731, 135, 809]"
6524,"[1287, 1877, 135, 1785, 132]"
6525,"[631, 884, 1772, 454, 624]"
6526,"[1772, 594, 828, 63, 927]"
6527,"[828, 1895, 1645, 1251, 776]"
6528,"[1924, 478, 1581, 1704, 1705]"
6529,"[1924, 1192, 1296, 1772, 114]"
6530,"[478, 1600, 1924, 1434, 641]"
6531,"[114, 455, 16, 1192, 1733]"
6532,"[116, 1246, 1197, 1192, 1772]"
6533,"[1915, 1197, 1929, 1552, 361]"
6534,"[478, 1924, 1922, 1897, 807]"
6535,"[1924, 478, 1884, 1604, 787]"
6536,"[807, 114, 1704, 1792, 1192]"
6537,"[1197, 1192, 464, 1312, 114]"
6538,"[1307, 1884, 16, 466, 1197]"
6539,"[1915, 114, 1307, 1733, 892]"
6540,"[16, 114, 786, 1203, 1604]"
6541,"[1884, 114, 1922, 1897, 16]"
6542,"[478, 1704, 1924, 16, 687]"
6543,"[1915, 216, 1246, 478, 1708]"
6544,"[18, 1197, 337, 1748, 14]"
6545,"[807, 1929, 114, 1246, 361]"
6546,"[1884, 1604, 1922, 1897, 16]"
6547,"[1915, 1924, 1902, 478, 114]"
6548,"[1884, 1197, 1307, 1246, 1317]"
6549,"[1924, 114, 1604, 464, 1561]"
6550,"[114, 807, 1924, 408, 786]"
6551,"[1884, 1915, 1457, 464, 497]"
6552,"[1761, 1552, 1704, 1924, 1705]"
6553,"[1924, 478, 1314, 1922, 1897]"
6554,"[1884, 1924, 1604, 1600, 361]"
6555,"[1192, 1915, 1710, 1610, 368]"
6556,"[116, 1924, 114, 1600, 1192]"
6557,"[478, 1924, 1614, 1521, 1662]"
6558,"[1915, 1192, 114, 1610, 116]"
6559,"[1246, 1558, 1552, 1878, 1707]"
6560,"[1884, 259, 1600, 1604, 48]"
6561,"[1884, 1604, 16, 1312, 1192]"
6562,"[1900, 1902, 114, 1924, 1552]"
6563,"[478, 1924, 922, 921, 1604]"
6564,"[478, 1924, 1599, 624, 1600]"
6565,"[478, 1924, 1705, 1704, 1192]"
6566,"[1924, 478, 116, 1192, 1600]"
6567,"[478, 1884, 1924, 1610, 1600]"
6568,"[361, 1915, 1521, 1192, 1924]"
6569,"[1604, 1192, 114, 464, 1884]"
6570,"[114, 1884, 1924, 1704, 16]"
6571,"[1884, 98, 102, 1600, 16]"
6572,"[96, 97, 807, 98, 1246]"
6573,"[478, 1924, 114, 1600, 111]"
6574,"[1772, 1192, 1434, 687, 1605]"
6575,"[446, 468, 1307, 1772, 16]"
6576,"[1314, 691, 828, 1929, 1776]"
6577,"[1192, 1705, 16, 1773, 114]"
6578,"[1542, 1884, 480, 1705, 687]"
6579,"[478, 1704, 468, 480, 1760]"
6580,"[1607, 1896, 138, 441, 1608]"
6581,"[114, 809, 445, 3, 18]"
6582,"[1610, 114, 1641, 691, 1192]"
6583,"[1884, 691, 1600, 114, 16]"
6584,"[786, 1604, 1915, 127, 16]"
6585,"[1884, 1600, 114, 16, 860]"
6586,"[18, 1192, 1581, 1705, 1605]"
6587,"[1581, 1610, 1605, 1192, 1704]"
6588,"[1924, 1599, 445, 1705, 790]"
6589,"[114, 1705, 1679, 413, 111]"
6590,"[1915, 1929, 1705, 1704, 468]"
6591,"[1204, 1434, 1063, 1249, 691]"
6592,"[216, 1204, 446, 16, 1063]"
6593,"[1555, 1489, 1554, 1564, 1532]"
6594,"[409, 1884, 102, 1191, 98]"
6595,"[1197, 511, 1873, 1836, 1832]"
6596,"[1762, 1617, 292, 1915, 1607]"
6597,"[926, 511, 1809, 1832, 1825]"
6598,"[1299, 1777, 1765, 885, 1873]"
6599,"[1809, 1832, 1873, 1836, 1825]"
6600,"[114, 926, 1536, 1555, 1887]"
6601,"[1556, 1191, 1885, 1893, 1598]"
6602,"[1906, 432, 1832, 1873, 1836]"
6603,"[1762, 1758, 1655, 1554, 292]"
6604,"[1928, 432, 778, 1104, 1255]"
6605,"[937, 1635, 1887, 892, 823]"
6606,"[1904, 926, 1620, 1746, 98]"
6607,"[1617, 1915, 1612, 937, 1762]"
6608,"[1809, 1104, 885, 1873, 1836]"
6609,"[1249, 926, 1618, 1636, 1598]"
6610,"[926, 1612, 1617, 1915, 1626]"
6611,"[926, 289, 885, 823, 1906]"
6612,"[511, 1809, 501, 1873, 1825]"
6613,"[1915, 1929, 892, 1762, 282]"
6614,"[1915, 511, 501, 1835, 1831]"
6615,"[292, 1762, 403, 903, 1617]"
6616,"[926, 1618, 1705, 1704, 1617]"
6617,"[1928, 289, 1255, 1080, 1279]"
6618,"[926, 1025, 937, 159, 919]"
6619,"[408, 1915, 216, 165, 89]"
6620,"[1902, 1809, 926, 1832, 1299]"
6621,"[868, 1748, 1080, 408, 1279]"
6622,"[926, 885, 1666, 289, 1279]"
6623,"[926, 1612, 1887, 1885, 1891]"
6624,"[926, 1617, 124, 1561, 114]"
6625,"[1902, 1809, 926, 1832, 1299]"
6626,"[1927, 1915, 926, 1886, 925]"
6627,"[1193, 824, 1279, 926, 1612]"
6628,"[1915, 926, 1887, 1618, 1612]"
6629,"[1915, 1618, 1887, 926, 1617]"
6630,"[1677, 926, 1550, 760, 1617]"
6631,"[1618, 1890, 926, 1887, 1299]"
6632,"[409, 1915, 926, 1617, 1598]"
6633,"[926, 1550, 66, 1835, 1885]"
6634,"[926, 1809, 1256, 1618, 1299]"
6635,"[926, 1555, 1550, 1618, 1659]"
6636,"[16, 1611, 480, 1567, 1191]"
6637,"[356, 862, 216, 212, 1733]"
6638,"[1163, 349, 1020, 688, 440]"
6639,"[114, 1192, 1611, 412, 1677]"
6640,"[443, 73, 825, 468, 1717]"
6641,"[1167, 1182, 385, 901, 605]"
6642,"[16, 1191, 1192, 1904, 1523]"
6643,"[739, 1620, 901, 1604, 1249]"
6644,"[1924, 114, 1604, 408, 1204]"
6645,"[1733, 605, 1677, 781, 926]"
6646,"[1924, 1899, 1922, 1897, 1904]"
6647,"[815, 1733, 120, 468, 645]"
6648,"[1832, 1590, 1052, 1302, 1495]"
6649,"[165, 1531, 164, 409, 1526]"
6650,"[1643, 1317, 1355, 468, 111]"
6651,"[1902, 1915, 1899, 1917, 408]"
6652,"[1561, 1915, 1901, 408, 761]"
6653,"[1902, 102, 922, 98, 97]"
6654,"[1636, 1899, 1611, 1884, 1191]"
6655,"[1904, 43, 1905, 1627, 1890]"
6656,"[1902, 925, 749, 4, 874]"
6657,"[1567, 1904, 106, 37, 95]"
6658,"[1647, 480, 648, 785, 1574]"
6659,"[403, 1249, 903, 762, 1607]"
6660,"[1929, 1592, 1890, 1636, 276]"
6661,"[1889, 613, 1192, 114, 110]"
6662,"[403, 452, 1300, 1320, 1723]"
6663,"[1904, 1567, 289, 1191, 1705]"
6664,"[113, 1905, 1526, 1922, 1897]"
6665,"[138, 216, 403, 1590, 66]"
6666,"[511, 1567, 1885, 933, 1887]"
6667,"[1607, 1592, 1746, 1915, 787]"
6668,"[1042, 1590, 380, 1045, 1511]"
6669,"[1670, 749, 98, 102, 97]"
6670,"[1280, 1077, 303, 1104, 403]"
6671,"[1012, 1655, 1781, 853, 1885]"
6672,"[1904, 1887, 927, 1891, 1063]"
6673,"[511, 1723, 1570, 403, 1721]"
6674,"[1747, 863, 865, 314, 59]"
6675,"[1915, 922, 1592, 1746, 1902]"
6676,"[1904, 1889, 1191, 860, 1705]"
6677,"[860, 114, 807, 1610, 1192]"
6678,"[1937, 126, 1924, 1705, 1523]"
6679,"[1063, 1192, 1746, 471, 687]"
6680,"[1915, 1197, 625, 1885, 749]"
6681,"[1915, 408, 1900, 114, 1902]"
6682,"[688, 1901, 1547, 692, 53]"
6683,"[125, 1702, 423, 1244, 1363]"
6684,"[1915, 749, 1885, 493, 66]"
6685,"[823, 824, 89, 1929, 901]"
6686,"[1246, 667, 803, 1878, 1707]"
6687,"[1915, 165, 454, 1899, 1526]"
6688,"[1043, 1887, 933, 1885, 419]"
6689,"[665, 1746, 1533, 1618, 1535]"
6690,"[1534, 1890, 1936, 1807, 1885]"
6691,"[535, 16, 1567, 114, 1496]"
6692,"[1902, 1923, 890, 314, 1073]"
6693,"[73, 1605, 66, 282, 403]"
6694,"[292, 687, 1191, 1617, 1890]"
6695,"[1704, 1709, 1703, 1705, 1742]"
6696,"[403, 902, 885, 66, 824]"
6697,"[1030, 1560, 1137, 138, 1906]"
6698,"[1836, 1825, 1873, 1302, 749]"
6699,"[1929, 1592, 1590, 1677, 823]"
6700,"[114, 1899, 1904, 1588, 890]"
6701,"[125, 1915, 423, 1244, 677]"
6702,"[1915, 1030, 478, 1924, 1901]"
6703,"[431, 1760, 1264, 1081, 1761]"
6704,"[1900, 125, 423, 1244, 1126]"
6705,"[1915, 926, 1670, 930, 1607]"
6706,"[1915, 1536, 165, 1193, 1528]"
6707,"[933, 1666, 1890, 1620, 66]"
6708,"[165, 823, 260, 1046, 1666]"
6709,"[1915, 1906, 1528, 1666, 1299]"
6710,"[1924, 1937, 1705, 1704, 111]"
6711,"[478, 1924, 1915, 116, 114]"
6712,"[1885, 1887, 933, 1193, 1892]"
6713,"[1614, 291, 1070, 455, 454]"
6714,"[1592, 1607, 1613, 1193, 1666]"
6715,"[1904, 1704, 1191, 860, 291]"
6716,"[1317, 1670, 1717, 111, 468]"
6717,"[1887, 1885, 106, 478, 1588]"
6718,"[1884, 677, 1249, 1604, 1314]"
6719,"[478, 1924, 1922, 1897, 807]"
6720,"[261, 267, 266, 239, 238]"
6721,"[1462, 1717, 1428, 650, 474]"
6722,"[291, 1636, 1614, 1192, 1610]"
6723,"[1755, 1761, 1885, 504, 1316]"
6724,"[1896, 1613, 1894, 1608, 1904]"
6725,"[1915, 1827, 1851, 1850, 1771]"
6726,"[749, 1670, 1197, 98, 1915]"
6727,"[455, 1922, 1897, 1899, 16]"
6728,"[926, 938, 1299, 925, 935]"
6729,"[160, 364, 760, 236, 1003]"
6730,"[618, 1073, 1296, 652, 72]"
6731,"[116, 692, 1521, 1610, 1705]"
6732,"[1915, 1924, 478, 926, 1906]"
6733,"[1915, 1659, 408, 1279, 403]"
6734,"[1246, 216, 413, 16, 1708]"
6735,"[1916, 1030, 1906, 615, 1178]"
6736,"[1902, 1915, 1592, 1552, 502]"
6737,"[1155, 1630, 926, 1901, 749]"
6738,"[368, 1098, 1567, 95, 1894]"
6739,"[16, 114, 1772, 1510, 1358]"
6740,"[926, 113, 1025, 1620, 165]"
6741,"[884, 636, 1523, 1192, 687]"
6742,"[1884, 16, 1878, 1707, 1246]"
6743,"[1319, 276, 259, 1875, 1153]"
6744,"[636, 1704, 1885, 1775, 853]"
6745,"[1707, 1889, 1317, 73, 1717]"
6746,"[291, 1606, 1614, 1636, 1746]"
6747,"[926, 1733, 1704, 1734, 1705]"
6748,"[1902, 1197, 1646, 1915, 409]"
6749,"[114, 16, 1567, 1192, 1604]"
6750,"[1922, 1897, 114, 16, 1896]"
6751,"[1885, 1915, 1901, 1906, 1249]"
6752,"[28, 24, 1114, 1536, 1620]"
6753,"[1704, 1627, 1905, 1705, 1527]"
6754,"[749, 66, 72, 1670, 171]"
6755,"[1664, 1861, 267, 266, 239]"
6756,"[125, 423, 1244, 1690, 265]"
6757,"[1922, 1897, 1899, 1905, 1615]"
6758,"[1906, 1246, 1666, 1904, 1600]"
6759,"[114, 289, 1193, 1885, 1042]"
6760,"[164, 1746, 1929, 1902, 1130]"
6761,"[863, 865, 1747, 1604, 1534]"
6762,"[276, 1929, 1704, 1705, 703]"
6763,"[1135, 1546, 1130, 1866, 1829]"
6764,"[120, 1733, 1573, 1307, 739]"
6765,"[1552, 1073, 1670, 420, 665]"
6766,"[1002, 232, 1003, 236, 237]"
6767,"[89, 113, 1618, 1746, 890]"
6768,"[528, 1507, 1924, 1434, 1705]"
6769,"[1924, 922, 921, 1550, 98]"
6770,"[216, 277, 1611, 1904, 1148]"
6771,"[1882, 50, 1009, 401, 66]"
6772,"[1904, 28, 1666, 1255, 78]"
6773,"[1069, 862, 1696, 1591, 1571]"
6774,"[712, 1073, 1915, 291, 478]"
6775,"[1915, 1902, 1552, 1543, 692]"
6776,"[807, 442, 396, 349, 579]"
6777,"[165, 1924, 1701, 1704, 1904]"
6778,"[1552, 216, 1746, 1219, 787]"
6779,"[1055, 1929, 1890, 980, 1885]"
6780,"[408, 165, 919, 616, 1620]"
6781,"[665, 281, 276, 1903, 277]"
6782,"[665, 281, 1905, 290, 1615]"
6783,"[1562, 1536, 1191, 1742, 1592]"
6784,"[1702, 165, 403, 610, 1706]"
6785,"[1746, 430, 1894, 1722, 1613]"
6786,"[1613, 37, 1317, 413, 480]"
6787,"[1705, 1904, 1191, 1613, 1567]"
6788,"[1889, 807, 749, 4, 1559]"
6789,"[1924, 1915, 1885, 922, 113]"
6790,"[1349, 1495, 1219, 1331, 1620]"
6791,"[1902, 1073, 892, 927, 403]"
6792,"[1197, 1646, 749, 1670, 1915]"
6793,"[291, 1627, 1905, 1071, 1063]"
6794,"[125, 423, 1244, 1702, 1704]"
6795,"[165, 1905, 1204, 1922, 1897]"
6796,"[749, 1902, 1885, 1670, 289]"
6797,"[1082, 1148, 1150, 478, 1531]"
6798,"[1924, 408, 96, 97, 216]"
6799,"[1073, 1917, 858, 1071, 1052]"
6800,"[1902, 1900, 114, 116, 1552]"
6801,"[455, 454, 1308, 1922, 1897]"
6802,"[1915, 1924, 478, 1902, 1307]"
6803,"[1567, 1191, 1887, 1894, 1886]"
6804,"[1923, 314, 118, 1904, 164]"
6805,"[1902, 749, 497, 1825, 1832]"
6806,"[1192, 471, 1567, 599, 1903]"
6807,"[267, 1009, 1013, 211, 1705]"
6808,"[1534, 781, 1592, 926, 1901]"
6809,"[1567, 16, 114, 1896, 1113]"
6810,"[1904, 1063, 44, 16, 43]"
6811,"[1534, 890, 1885, 1677, 113]"
6812,"[1902, 102, 749, 97, 96]"
6813,"[1902, 1552, 1543, 1561, 1555]"
6814,"[339, 1696, 978, 350, 1887]"
6815,"[1620, 1885, 926, 1598, 1892]"
6816,"[1567, 1884, 1611, 1072, 1191]"
6817,"[511, 501, 1404, 1192, 1885]"
6818,"[1759, 82, 73, 1717, 52]"
6819,"[96, 97, 98, 164, 1040]"
6820,"[1878, 1707, 1246, 1708, 73]"
6821,"[1922, 1897, 113, 1907, 89]"
6822,"[1536, 1887, 1554, 438, 1894]"
6823,"[706, 711, 860, 1134, 7]"
6824,"[1279, 1936, 403, 282, 1723]"
6825,"[1567, 1618, 37, 95, 1904]"
6826,"[368, 372, 1878, 1707, 455]"
6827,"[1163, 1165, 1758, 1705, 1760]"
6828,"[454, 292, 1722, 455, 692]"
6829,"[89, 1531, 1562, 1894, 1904]"
6830,"[1904, 1600, 111, 44, 73]"
6831,"[1252, 1302, 1887, 890, 1890]"
6832,"[175, 1615, 276, 1244, 423]"
6833,"[1915, 98, 692, 1202, 1531]"
6834,"[1705, 1807, 1915, 1704, 1562]"
6835,"[1890, 1704, 1904, 1705, 1191]"
6836,"[216, 1529, 1544, 1521, 1606]"
6837,"[1901, 1023, 16, 1287, 808]"
6838,"[1885, 749, 1666, 1104, 409]"
6839,"[1073, 443, 1037, 728, 1110]"
6840,"[1901, 930, 1670, 933, 936]"
6841,"[853, 1057, 216, 1138, 650]"
6842,"[1901, 1659, 933, 1620, 1617]"
6843,"[1901, 1586, 1885, 1615, 1626]"
6844,"[857, 1561, 1547, 1592, 1704]"
6845,"[897, 933, 930, 1935, 511]"
6846,"[1904, 1191, 1890, 1899, 43]"
6847,"[1246, 1878, 1707, 276, 1317]"
6848,"[368, 1607, 1896, 1192, 1604]"
6849,"[1929, 862, 368, 1613, 1193]"
6850,"[1915, 165, 409, 1587, 1713]"
6851,"[1896, 1608, 1567, 1539, 1615]"
6852,"[1704, 1705, 860, 807, 1606]"
6853,"[1830, 1495, 403, 79, 1831]"
6854,"[1833, 1837, 1828, 52, 261]"
6855,"[1148, 885, 403, 1885, 1286]"
6856,"[732, 1649, 683, 943, 885]"
6857,"[1193, 1074, 890, 113, 403]"
6858,"[1246, 1459, 1878, 1707, 1772]"
6859,"[1613, 1705, 1542, 1607, 1904]"
6860,"[1638, 1536, 1192, 1659, 1890]"
6861,"[125, 1690, 1126, 365, 1702]"
6862,"[89, 1709, 1703, 414, 18]"
6863,"[1915, 1279, 408, 1902, 1617]"
6864,"[1626, 1704, 425, 926, 1615]"
6865,"[1604, 739, 1606, 1733, 604]"
6866,"[125, 423, 1244, 1915, 1659]"
6867,"[1924, 1590, 1592, 1299, 930]"
6868,"[484, 1299, 497, 165, 1887]"
6869,"[216, 1604, 1924, 58, 57]"
6870,"[1902, 1552, 1701, 291, 749]"
6871,"[1072, 1889, 372, 1723, 72]"
6872,"[1118, 749, 928, 924, 931]"
6873,"[409, 1201, 216, 420, 408]"
6874,"[749, 1073, 477, 403, 1320]"
6875,"[1772, 777, 16, 1904, 624]"
6876,"[1615, 1626, 1586, 289, 1193]"
6877,"[1670, 111, 1249, 135, 754]"
6878,"[1567, 1604, 1192, 1636, 1317]"
6879,"[1567, 16, 114, 1611, 1884]"
6880,"[1197, 749, 102, 409, 1193]"
6881,"[1752, 1753, 1885, 624, 562]"
6882,"[1607, 901, 1704, 1705, 403]"
6883,"[665, 1538, 1699, 1533, 1887]"
6884,"[1902, 1900, 1552, 1543, 344]"
6885,"[165, 1070, 1705, 1567, 1704]"
6886,"[413, 1925, 1642, 648, 37]"
6887,"[1191, 624, 1904, 1523, 1705]"
6888,"[1704, 1755, 1705, 1364, 1915]"
6889,"[1613, 1607, 1191, 1636, 901]"
6890,"[1567, 1904, 1894, 95, 1884]"
6891,"[1899, 1526, 1922, 1897, 1904]"
6892,"[1924, 1400, 749, 787, 1433]"
6893,"[403, 625, 1670, 1620, 1042]"
6894,"[1924, 1704, 114, 113, 478]"
6895,"[815, 1733, 120, 468, 645]"
6896,"[1896, 1157, 1567, 1608, 1599]"
6897,"[1902, 1592, 408, 1552, 1561]"
6898,"[1795, 1463, 1246, 1192, 16]"
6899,"[1113, 1911, 1903, 1612, 1299]"
6900,"[1072, 1567, 1894, 93, 1191]"
6901,"[1567, 1922, 1897, 1604, 1924]"
6902,"[1560, 1552, 1073, 1902, 1202]"
6903,"[1704, 1705, 1908, 1701, 1605]"
6904,"[1864, 1860, 1868, 577, 594]"
6905,"[1924, 625, 898, 1645, 478]"
6906,"[1742, 1138, 1620, 703, 1063]"
6907,"[1592, 1299, 1608, 1607, 1205]"
6908,"[1524, 1887, 1525, 749, 1249]"
6909,"[1923, 865, 1747, 863, 313]"
6910,"[1899, 1915, 1070, 113, 1610]"
6911,"[1201, 1701, 667, 749, 1901]"
6912,"[128, 1704, 933, 894, 111]"
6913,"[1607, 1592, 1157, 1929, 1613]"
6914,"[1915, 922, 1059, 114, 102]"
6915,"[1063, 1899, 1924, 1762, 1192]"
6916,"[1567, 1193, 1620, 1604, 1885]"
6917,"[1615, 1612, 1918, 396, 1666]"
6918,"[1904, 1191, 1489, 1532, 1909]"
6919,"[885, 1915, 66, 1363, 1338]"
6920,"[1915, 232, 849, 165, 1659]"
6921,"[1575, 4, 1197, 1643, 468]"
6922,"[749, 66, 1889, 1317, 655]"
6923,"[1157, 1704, 1613, 1896, 1666]"
6924,"[1592, 1590, 1666, 604, 936]"
6925,"[409, 1924, 1899, 1904, 1906]"
6926,"[1591, 1673, 872, 125, 1592]"
6927,"[1915, 1344, 408, 1676, 403]"
6928,"[455, 368, 1896, 1613, 1157]"
6929,"[368, 1607, 1904, 372, 1636]"
6930,"[1905, 1627, 1907, 1922, 1897]"
6931,"[1556, 1066, 289, 1538, 1547]"
6932,"[1902, 1197, 749, 1552, 1670]"
6933,"[1902, 1865, 1746, 922, 1825]"
6934,"[1699, 1317, 1761, 624, 111]"
6935,"[1666, 823, 1649, 478, 738]"
6936,"[291, 1760, 1070, 1758, 1762]"
6937,"[70, 1080, 731, 1069, 276]"
6938,"[1193, 1889, 1525, 1885, 1612]"
6939,"[432, 1890, 1889, 1119, 1620]"
6940,"[1924, 1561, 926, 216, 1550]"
6941,"[1915, 1704, 1924, 926, 1677]"
6942,"[480, 1636, 111, 1317, 468]"
6943,"[739, 1885, 1677, 771, 1249]"
6944,"[480, 1704, 1705, 1404, 1885]"
6945,"[1902, 1073, 1915, 408, 1906]"
6946,"[1599, 320, 1904, 443, 1896]"
6947,"[1902, 1552, 408, 1915, 1901]"
6948,"[73, 820, 1773, 1910, 1317]"
6949,"[1659, 1915, 1705, 1865, 1197]"
6950,"[1916, 1906, 1030, 1666, 1919]"
6951,"[1560, 1561, 1536, 1890, 926]"
6952,"[1201, 1073, 1643, 749, 1286]"
6953,"[820, 641, 860, 606, 1242]"
6954,"[175, 1666, 425, 625, 165]"
6955,"[1926, 1193, 1531, 1538, 1886]"
6956,"[1761, 1937, 1760, 1924, 1705]"
6957,"[162, 403, 749, 282, 72]"
6958,"[1666, 162, 403, 919, 1659]"
6959,"[97, 96, 98, 1201, 1646]"
6960,"[1922, 1897, 1899, 89, 1526]"
6961,"[969, 443, 639, 636, 1320]"
6962,"[1896, 1922, 1897, 89, 1526]"
6963,"[114, 1696, 1611, 1534, 1192]"
6964,"[18, 1246, 332, 1772, 1640]"
6965,"[1887, 1620, 1612, 66, 37]"
6966,"[1915, 587, 1343, 1438, 1299]"
6967,"[1904, 1924, 43, 1896, 1884]"
6968,"[165, 1070, 1701, 1705, 1904]"
6969,"[478, 1924, 1884, 114, 1617]"
6970,"[1704, 1071, 1904, 1191, 1890]"
6971,"[1612, 1598, 1886, 1887, 1620]"
6972,"[409, 749, 1620, 102, 1670]"
6973,"[1902, 420, 1646, 1040, 1620]"
6974,"[1627, 1905, 1071, 1911, 1527]"
6975,"[1608, 1607, 1592, 408, 1659]"
6976,"[1072, 903, 1191, 1891, 1887]"
6977,"[432, 1249, 926, 403, 1890]"
