q_id,web_list
1,"[1769, 1567, 1880, 1704, 1705]"
2,"[1042, 372, 374, 89, 97]"
3,"[116, 1536, 1704, 386, 392]"
4,"[1051, 1061, 1043, 1762, 1758]"
5,"[1907, 1202, 410, 1041, 1535]"
6,"[878, 688, 108, 347, 149]"
7,"[1936, 1705, 1704, 1906, 1916]"
8,"[221, 1704, 1705, 282, 480]"
9,"[1025, 937, 159, 921, 89]"
10,"[455, 116, 438, 1636, 1761]"
11,"[441, 1676, 1202, 410, 116]"
12,"[1192, 114, 292, 106, 1611]"
13,"[890, 112, 409, 164, 1792]"
14,"[1720, 1185, 765, 390, 374]"
15,"[1704, 1705, 1441, 1904, 1316]"
16,"[677, 138, 956, 68, 1649]"
17,"[1724, 455, 692, 1272, 765]"
18,"[603, 89, 1704, 1875, 1705]"
19,"[1662, 1125, 1277, 1675, 1900]"
20,"[165, 1025, 937, 159, 125]"
21,"[455, 1924, 175, 1899, 1884]"
22,"[1762, 1748, 868, 1662, 1071]"
23,"[1705, 1704, 170, 1872, 480]"
24,"[102, 1746, 1025, 159, 98]"
25,"[1750, 165, 24, 1705, 1192]"
26,"[108, 920, 1042, 1157, 862]"
27,"[1053, 435, 346, 1586, 1704]"
28,"[1833, 1837, 1828, 1936, 1795]"
29,"[89, 116, 455, 1676, 171]"
30,"[1774, 438, 1636, 137, 1064]"
31,"[1746, 1618, 920, 1676, 165]"
32,"[116, 1536, 1760, 1761, 1147]"
33,"[455, 1636, 438, 257, 1306]"
34,"[1704, 897, 1705, 1677, 1567]"
35,"[455, 1750, 1704, 1705, 1299]"
36,"[1705, 1704, 1795, 1068, 1063]"
37,"[1705, 1704, 692, 1729, 758]"
38,"[1607, 1157, 1299, 705, 1659]"
39,"[164, 163, 919, 921, 175]"
40,"[98, 97, 96, 112, 1041]"
41,"[1752, 1525, 1041, 1559, 1524]"
42,"[374, 372, 1721, 1775, 1768]"
43,"[1791, 1790, 1789, 1792, 1793]"
44,"[371, 1299, 430, 1261, 1260]"
45,"[1068, 1063, 964, 1018, 1907]"
46,"[424, 1042, 1030, 1041, 1025]"
47,"[1905, 1627, 1527, 1907, 1526]"
48,"[292, 1704, 1705, 1752, 1758]"
49,"[1178, 1916, 1169, 1344, 1704]"
50,"[170, 914, 1749, 1202, 410]"
51,"[1704, 1705, 1795, 1872, 1835]"
52,"[1900, 292, 1705, 1902, 1675]"
53,"[1769, 1567, 1880, 1704, 1705]"
54,"[1924, 171, 341, 1907, 1699]"
55,"[1704, 1705, 1795, 1835, 1872]"
56,"[1870, 1587, 1758, 1762, 1874]"
57,"[1724, 108, 455, 1042, 1025]"
58,"[675, 97, 96, 1697, 164]"
59,"[455, 1161, 1087, 1169, 113]"
60,"[1926, 1129, 265, 1040, 1936]"
61,"[1704, 1705, 1567, 808, 1299]"
62,"[1924, 919, 1704, 1705, 1753]"
63,"[868, 1748, 1705, 1704, 1071]"
64,"[1076, 1927, 1567, 1609, 1103]"
65,"[1014, 1705, 1704, 1567, 1916]"
66,"[1765, 1777, 1924, 1675, 116]"
67,"[1935, 1704, 1705, 1737, 1733]"
68,"[1866, 922, 1119, 1073, 314]"
69,"[1915, 1580, 1202, 410, 510]"
70,"[1896, 1157, 98, 1608, 1517]"
71,"[1907, 1025, 937, 159, 89]"
72,"[913, 145, 916, 148, 140]"
73,"[140, 145, 916, 148, 913]"
74,"[1704, 1705, 956, 530, 618]"
75,"[341, 1915, 926, 409, 89]"
76,"[1915, 89, 1705, 1704, 211]"
77,"[408, 1675, 1917, 1026, 455]"
78,"[1746, 102, 409, 675, 1750]"
79,"[956, 424, 457, 1718, 1730]"
80,"[1921, 1704, 372, 1705, 1761]"
81,"[1762, 1758, 1761, 124, 1705]"
82,"[1915, 1907, 591, 1704, 1705]"
83,"[455, 1705, 1704, 862, 1915]"
84,"[1042, 374, 920, 1196, 862]"
85,"[265, 677, 141, 1920, 1250]"
86,"[338, 1586, 346, 1053, 1011]"
87,"[1742, 171, 1534, 1564, 1548]"
88,"[1896, 1607, 1157, 1202, 410]"
89,"[1675, 1091, 1543, 1900, 959]"
90,"[1765, 1760, 1924, 1798, 1781]"
91,"[928, 1713, 1025, 937, 159]"
92,"[1704, 1192, 1705, 1567, 114]"
93,"[1799, 1782, 1781, 1798, 677]"
94,"[1750, 124, 1705, 1704, 1526]"
95,"[1910, 1915, 455, 101, 1676]"
96,"[1131, 199, 1763, 1894, 771]"
97,"[1863, 90, 1862, 1936, 1865]"
98,"[887, 368, 372, 1695, 219]"
99,"[618, 1705, 1704, 1753, 154]"
100,"[1615, 1556, 1538, 1070, 1586]"
101,"[1917, 1185, 1675, 359, 1094]"
102,"[1704, 1705, 1795, 1675, 902]"
103,"[692, 1841, 1838, 1842, 1839]"
104,"[1125, 455, 454, 1758, 1762]"
105,"[1772, 1828, 1837, 1833, 1810]"
106,"[1915, 1756, 1075, 322, 125]"
107,"[371, 1148, 1762, 1758, 1058]"
108,"[1705, 1704, 1803, 1779, 1800]"
109,"[380, 1704, 125, 1705, 1694]"
110,"[1704, 1705, 98, 116, 370]"
111,"[1915, 1277, 624, 1796, 965]"
112,"[1025, 937, 921, 159, 164]"
113,"[961, 4, 1704, 1705, 1085]"
114,"[1900, 1915, 437, 1283, 101]"
115,"[396, 1068, 1924, 370, 1766]"
116,"[1041, 1193, 1909, 1752, 1727]"
117,"[1257, 1041, 1745, 1671, 1905]"
118,"[705, 765, 1733, 768, 761]"
119,"[1067, 1705, 1704, 906, 125]"
120,"[442, 290, 693, 398, 852]"
121,"[455, 108, 1750, 1676, 1704]"
122,"[1704, 1705, 886, 1763, 1301]"
123,"[451, 1924, 113, 1705, 116]"
124,"[1775, 1768, 1705, 1704, 1762]"
125,"[372, 1760, 1705, 1704, 1098]"
126,"[60, 1672, 1792, 1793, 1749]"
127,"[1025, 937, 159, 921, 164]"
128,"[406, 407, 1112, 114, 171]"
129,"[1724, 108, 455, 1042, 1025]"
130,"[1762, 1758, 1761, 1760, 1722]"
131,"[2, 3, 4, 471, 584]"
132,"[1907, 1704, 1705, 1609, 372]"
133,"[455, 164, 921, 163, 1924]"
134,"[1043, 1924, 154, 937, 1025]"
135,"[1705, 1704, 1777, 1765, 1795]"
136,"[1649, 1918, 979, 1085, 1099]"
137,"[1607, 1768, 1775, 97, 96]"
138,"[1567, 1040, 1705, 1880, 1704]"
139,"[1724, 349, 98, 1272, 1157]"
140,"[1762, 1041, 1758, 83, 140]"
141,"[1924, 141, 138, 1299, 1256]"
142,"[862, 1926, 1526, 1760, 1910]"
143,"[165, 956, 1924, 426, 457]"
144,"[698, 259, 1188, 856, 439]"
145,"[1705, 1704, 1803, 1779, 1630]"
146,"[1918, 979, 453, 928, 89]"
147,"[1863, 1936, 90, 1862, 1865]"
148,"[1030, 1881, 1795, 1761, 1760]"
149,"[1070, 372, 1613, 1042, 454]"
150,"[1488, 83, 901, 383, 28]"
151,"[1915, 922, 1906, 398, 90]"
152,"[1113, 1066, 993, 1027, 1913]"
153,"[1915, 408, 1752, 1760, 1761]"
154,"[1756, 1795, 298, 1704, 1705]"
155,"[1726, 1705, 1704, 846, 692]"
156,"[1753, 961, 154, 1085, 73]"
157,"[1125, 920, 1704, 1705, 455]"
158,"[1071, 1704, 1705, 1807, 321]"
159,"[1273, 447, 692, 1726, 846]"
160,"[980, 164, 925, 1026, 1202]"
161,"[1071, 868, 938, 1884, 919]"
162,"[97, 96, 1704, 1705, 920]"
163,"[1769, 1567, 1704, 1705, 1147]"
164,"[722, 1766, 1705, 1704, 676]"
165,"[1704, 1705, 1769, 1762, 1773]"
166,"[1936, 1015, 1935, 1785, 1837]"
167,"[651, 653, 628, 656, 663]"
168,"[288, 190, 96, 98, 97]"
169,"[136, 137, 200, 270, 1044]"
170,"[1772, 1758, 328, 1041, 1131]"
171,"[904, 954, 116, 164, 938]"
172,"[1907, 1526, 1567, 1880, 1704]"
173,"[1050, 856, 855, 368, 618]"
174,"[1115, 1907, 1793, 1791, 1790]"
175,"[922, 97, 96, 794, 98]"
176,"[1184, 1637, 79, 1875, 1705]"
177,"[1705, 1704, 116, 113, 455]"
178,"[1704, 1705, 125, 409, 265]"
179,"[1795, 320, 1134, 1130, 318]"
180,"[1915, 1662, 1277, 1705, 1704]"
181,"[1775, 1768, 374, 372, 1704]"
182,"[102, 1042, 454, 1705, 98]"
183,"[1915, 101, 965, 359, 890]"
184,"[1915, 1157, 1134, 1705, 1704]"
185,"[1704, 1705, 108, 211, 1249]"
186,"[1724, 692, 409, 455, 97]"
187,"[1526, 455, 1899, 89, 1762]"
188,"[377, 1760, 116, 455, 1761]"
189,"[1762, 1758, 1704, 1705, 1085]"
190,"[1915, 1185, 1675, 1704, 1705]"
191,"[1710, 1758, 1760, 1761, 1762]"
192,"[971, 1705, 1704, 1727, 170]"
193,"[1752, 1704, 1705, 1130, 1277]"
194,"[1746, 1662, 1927, 1033, 1753]"
195,"[1675, 1924, 119, 1704, 1705]"
196,"[1705, 1704, 16, 1762, 1807]"
197,"[1704, 1705, 705, 1733, 765]"
198,"[1277, 1125, 333, 1662, 1637]"
199,"[699, 1747, 863, 175, 271]"
200,"[1762, 1758, 1760, 1761, 455]"
201,"[1704, 868, 1705, 1748, 318]"
202,"[1675, 408, 848, 1705, 1704]"
203,"[878, 922, 101, 1269, 1704]"
204,"[1607, 1517, 1272, 98, 97]"
205,"[455, 116, 175, 1915, 125]"
206,"[1918, 979, 1753, 1705, 1704]"
207,"[16, 1762, 1758, 116, 380]"
208,"[1705, 1032, 1758, 1100, 1704]"
209,"[862, 1789, 1924, 569, 1793]"
210,"[959, 917, 140, 1018, 1033]"
211,"[1762, 1758, 1760, 1924, 1704]"
212,"[112, 116, 1924, 338, 1913]"
213,"[922, 1040, 1277, 114, 1129]"
214,"[1277, 1924, 1704, 1705, 902]"
215,"[1705, 1766, 1762, 1913, 1758]"
216,"[1926, 292, 1586, 1064, 1910]"
217,"[1704, 961, 1796, 1803, 1762]"
218,"[1041, 1202, 410, 1705, 464]"
219,"[1789, 1787, 1786, 1792, 1793]"
220,"[98, 60, 1721, 1727, 390]"
221,"[141, 1724, 692, 138, 1721]"
222,"[945, 1704, 1705, 1013, 1170]"
223,"[1704, 1705, 1064, 688, 956]"
224,"[1758, 1769, 1567, 1880, 106]"
225,"[1906, 615, 1704, 1705, 410]"
226,"[1627, 1255, 124, 455, 1676]"
227,"[98, 1907, 168, 1672, 89]"
228,"[1174, 1704, 1705, 1760, 1761]"
229,"[1040, 692, 1705, 1877, 1728]"
230,"[1033, 688, 1014, 360, 1762]"
231,"[1907, 1662, 1761, 1760, 1762]"
232,"[1705, 1704, 1599, 1795, 676]"
233,"[289, 114, 454, 455, 1567]"
234,"[107, 1905, 370, 1527, 1633]"
235,"[455, 677, 1676, 1637, 368]"
236,"[1112, 1636, 438, 292, 1705]"
237,"[1704, 1705, 1926, 1064, 1874]"
238,"[677, 1705, 1043, 1704, 796]"
239,"[439, 451, 1704, 137, 938]"
240,"[866, 435, 715, 1592, 1304]"
241,"[1070, 372, 454, 1042, 1705]"
242,"[1529, 1674, 168, 1672, 1090]"
243,"[1769, 1567, 1907, 106, 1705]"
244,"[114, 1704, 1705, 1896, 919]"
245,"[1705, 1704, 1752, 1924, 1064]"
246,"[112, 408, 1721, 116, 359]"
247,"[1795, 1764, 1759, 1756, 1792]"
248,"[368, 372, 1695, 361, 1705]"
249,"[455, 1191, 692, 1119, 1761]"
250,"[961, 1803, 1704, 1758, 1762]"
251,"[1761, 1921, 1762, 1758, 1760]"
252,"[1043, 1917, 1030, 1271, 1906]"
253,"[1187, 1705, 1704, 1792, 1791]"
254,"[116, 455, 938, 1916, 1066]"
255,"[1704, 1705, 440, 1761, 687]"
256,"[1157, 1724, 1035, 1042, 102]"
257,"[1705, 1704, 677, 349, 1894]"
258,"[1863, 1705, 1704, 1936, 1862]"
259,"[1915, 1025, 937, 159, 1921]"
260,"[1079, 1705, 1021, 1704, 406]"
261,"[101, 1795, 1769, 1705, 1704]"
262,"[1760, 1761, 1907, 1762, 1758]"
263,"[419, 722, 1914, 455, 165]"
264,"[1704, 1705, 342, 89, 108]"
265,"[1753, 1924, 919, 175, 165]"
266,"[89, 369, 1915, 1358, 149]"
267,"[203, 1758, 1762, 1760, 1550]"
268,"[1758, 1762, 1924, 98, 1760]"
269,"[1042, 862, 1752, 1727, 1704]"
270,"[379, 108, 1187, 380, 1098]"
271,"[1659, 441, 927, 1043, 1264]"
272,"[1149, 363, 1488, 255, 1705]"
273,"[1915, 333, 365, 881, 1631]"
274,"[1157, 1608, 1758, 921, 97]"
275,"[374, 1875, 1557, 1704, 1705]"
276,"[122, 1693, 1704, 1705, 812]"
277,"[1753, 1567, 1924, 1704, 1705]"
278,"[98, 97, 96, 1637, 1155]"
279,"[1762, 1704, 1705, 1758, 1766]"
280,"[1795, 403, 759, 765, 762]"
281,"[1607, 374, 1608, 97, 96]"
282,"[1705, 1704, 530, 618, 1662]"
283,"[374, 1042, 1721, 1705, 1704]"
284,"[1607, 1704, 1705, 89, 97]"
285,"[1436, 1451, 1753, 370, 1609]"
286,"[1900, 1675, 125, 408, 1543]"
287,"[1724, 455, 1157, 40, 804]"
288,"[1705, 1704, 1904, 1441, 1637]"
289,"[1675, 1676, 455, 141, 1132]"
290,"[1750, 1704, 1705, 1758, 1762]"
291,"[677, 1793, 1764, 1792, 1765]"
292,"[118, 1627, 1676, 1191, 656]"
293,"[420, 1077, 1835, 1793, 862]"
294,"[1704, 1620, 1705, 380, 1520]"
295,"[730, 108, 1637, 339, 216]"
296,"[89, 171, 677, 1704, 1705]"
297,"[956, 1898, 905, 49, 457]"
298,"[1774, 819, 922, 1904, 1704]"
299,"[171, 1874, 1656, 1824, 1705]"
300,"[1257, 221, 1749, 928, 934]"
301,"[1705, 1043, 1704, 1249, 862]"
302,"[1705, 1752, 1766, 1704, 149]"
303,"[677, 1790, 1791, 1765, 1777]"
304,"[1762, 1758, 1760, 1761, 1705]"
305,"[1795, 1132, 1130, 1134, 1913]"
306,"[1875, 1727, 1705, 1704, 1728]"
307,"[1257, 1030, 1065, 1531, 1076]"
308,"[1025, 159, 937, 921, 922]"
309,"[412, 1761, 1760, 1762, 1768]"
310,"[1721, 135, 1570, 374, 1795]"
311,"[116, 1748, 868, 1172, 1531]"
312,"[1746, 102, 98, 96, 97]"
313,"[1721, 1705, 1704, 1777, 1765]"
314,"[441, 442, 300, 1936, 1609]"
315,"[170, 931, 176, 925, 924]"
316,"[741, 773, 770, 669, 1735]"
317,"[811, 1656, 455, 114, 1884]"
318,"[1900, 112, 101, 1676, 200]"
319,"[455, 438, 1636, 116, 114]"
320,"[1705, 1704, 618, 530, 730]"
321,"[1917, 116, 1924, 455, 1884]"
322,"[692, 257, 451, 886, 455]"
323,"[1705, 1704, 1777, 1765, 154]"
324,"[1662, 1789, 1788, 1787, 1705]"
325,"[372, 1763, 1869, 1886, 1301]"
326,"[1724, 692, 1157, 765, 98]"
327,"[1014, 1924, 1705, 1704, 1758]"
328,"[175, 919, 163, 1025, 159]"
329,"[341, 333, 1761, 1760, 1704]"
330,"[1863, 90, 1862, 1936, 398]"
331,"[1038, 380, 1758, 1762, 1760]"
332,"[1636, 438, 390, 1699, 1675]"
333,"[1704, 1705, 435, 98, 412]"
334,"[1607, 98, 1517, 97, 96]"
335,"[1705, 1704, 216, 921, 159]"
336,"[745, 956, 1028, 97, 1795]"
337,"[333, 341, 1761, 1704, 1705]"
338,"[1907, 1925, 1028, 409, 1746]"
339,"[1775, 1768, 374, 372, 1704]"
340,"[455, 466, 454, 1907, 396]"
341,"[113, 116, 455, 89, 1676]"
342,"[1902, 1713, 98, 97, 96]"
343,"[114, 455, 60, 1875, 1761]"
344,"[1727, 116, 1704, 1705, 1105]"
345,"[1157, 1095, 1269, 371, 1079]"
346,"[98, 97, 96, 1915, 455]"
347,"[1726, 1523, 846, 109, 1705]"
348,"[1915, 1921, 677, 900, 125]"
349,"[1064, 1113, 335, 1141, 1724]"
350,"[1768, 1761, 1775, 1798, 1799]"
351,"[1924, 675, 1760, 1761, 1762]"
352,"[372, 379, 374, 1042, 1704]"
353,"[4, 2, 3, 314, 989]"
354,"[164, 1025, 937, 921, 159]"
355,"[98, 97, 96, 1915, 677]"
356,"[670, 1753, 116, 455, 113]"
357,"[455, 116, 1924, 163, 449]"
358,"[677, 170, 688, 376, 990]"
359,"[112, 101, 1705, 1704, 1904]"
360,"[1913, 956, 1269, 1758, 1898]"
361,"[1900, 878, 1068, 1116, 1030]"
362,"[956, 49, 457, 905, 426]"
363,"[1900, 1676, 101, 112, 890]"
364,"[106, 1526, 956, 1520, 1582]"
365,"[1705, 1704, 410, 1202, 1749]"
366,"[1795, 1130, 1124, 1132, 1134]"
367,"[1270, 108, 1916, 1557, 692]"
368,"[211, 1752, 1705, 1704, 1909]"
369,"[398, 1789, 1790, 1792, 1791]"
370,"[371, 1762, 1705, 1704, 971]"
371,"[368, 108, 350, 1137, 1762]"
372,"[73, 171, 1937, 1320, 1936]"
373,"[1705, 1704, 27, 1792, 1793]"
374,"[1761, 1014, 1704, 1705, 1760]"
375,"[1525, 1752, 1041, 1559, 1524]"
376,"[688, 1762, 1637, 324, 1014]"
377,"[1185, 408, 1704, 1705, 902]"
378,"[1760, 561, 1758, 297, 1762]"
379,"[1526, 1907, 1181, 1277, 277]"
380,"[97, 96, 98, 956, 1898]"
381,"[1299, 165, 164, 692, 97]"
382,"[1915, 164, 921, 175, 1924]"
383,"[1762, 1758, 1705, 1704, 165]"
384,"[97, 96, 956, 98, 1025]"
385,"[1017, 1652, 1766, 1705, 1704]"
386,"[1793, 1792, 1789, 1790, 1791]"
387,"[1609, 1567, 1704, 1721, 374]"
388,"[1616, 1745, 1671, 356, 1070]"
389,"[1704, 1705, 1068, 1874, 760]"
390,"[1277, 1125, 1662, 1915, 1638]"
391,"[1705, 1704, 1926, 1761, 1758]"
392,"[188, 881, 1681, 982, 461]"
393,"[331, 1577, 1202, 410, 1133]"
394,"[878, 922, 101, 89, 1269]"
395,"[1758, 1567, 1769, 1762, 1880]"
396,"[440, 1924, 677, 1705, 1704]"
397,"[289, 455, 1177, 375, 1907]"
398,"[1202, 410, 154, 1705, 1704]"
399,"[1033, 1924, 1096, 370, 1790]"
400,"[1072, 1704, 1894, 1705, 1756]"
401,"[162, 1086, 1705, 1704, 102]"
402,"[438, 1636, 455, 1038, 257]"
403,"[1721, 455, 454, 1098, 1636]"
404,"[990, 1774, 1690, 347, 1548]"
405,"[1768, 1775, 374, 1705, 1704]"
406,"[1724, 1042, 455, 692, 862]"
407,"[1900, 1675, 1704, 1705, 149]"
408,"[291, 1704, 1705, 692, 1536]"
409,"[1705, 1704, 1068, 1762, 1761]"
410,"[1257, 98, 1907, 96, 164]"
411,"[1030, 1699, 1675, 1727, 1795]"
412,"[692, 1726, 846, 109, 1601]"
413,"[1066, 1014, 1609, 1632, 175]"
414,"[1908, 3, 2, 59, 780]"
415,"[1804, 1801, 1798, 1799, 1802]"
416,"[175, 163, 164, 919, 454]"
417,"[1704, 211, 688, 1752, 1750]"
418,"[1042, 1154, 1592, 175, 165]"
419,"[1186, 1157, 1636, 438, 1035]"
420,"[1915, 1148, 1651, 1018, 371]"
421,"[1705, 1704, 1183, 1041, 361]"
422,"[919, 1905, 1773, 1627, 1137]"
423,"[1451, 1436, 1456, 1477, 594]"
424,"[1704, 1705, 435, 97, 96]"
425,"[1102, 1025, 937, 1704, 1705]"
426,"[334, 398, 416, 1251, 1248]"
427,"[371, 360, 440, 451, 1040]"
428,"[259, 1924, 98, 368, 1567]"
429,"[1056, 1695, 856, 692, 1727]"
430,"[1875, 1026, 737, 719, 1042]"
431,"[361, 603, 533, 360, 398]"
432,"[1750, 938, 1774, 919, 175]"
433,"[1915, 677, 1704, 1705, 688]"
434,"[1025, 937, 159, 924, 1724]"
435,"[1704, 1567, 1721, 1705, 1792]"
436,"[1659, 1705, 1704, 1202, 410]"
437,"[1705, 1704, 1753, 511, 211]"
438,"[1924, 108, 362, 1769, 1030]"
439,"[1580, 1222, 379, 1054, 23]"
440,"[956, 1898, 905, 49, 457]"
441,"[1915, 108, 1752, 1762, 1766]"
442,"[1804, 1802, 1801, 1799, 1713]"
443,"[372, 1024, 1761, 1705, 1704]"
444,"[108, 1042, 102, 409, 1157]"
445,"[677, 986, 688, 376, 1704]"
446,"[342, 1133, 618, 1662, 868]"
447,"[1915, 1249, 1825, 1536, 1704]"
448,"[1746, 1536, 125, 1704, 1705]"
449,"[1071, 1526, 868, 89, 164]"
450,"[1041, 1025, 937, 159, 1704]"
451,"[1724, 455, 692, 1102, 1704]"
452,"[1185, 1926, 956, 1704, 1705]"
453,"[1917, 1902, 101, 28, 1018]"
454,"[878, 424, 1754, 170, 1705]"
455,"[1317, 261, 1567, 221, 260]"
456,"[1915, 112, 1922, 1897, 98]"
457,"[1750, 125, 1916, 692, 1073]"
458,"[304, 1102, 1099, 677, 98]"
459,"[154, 1704, 1277, 1705, 1202]"
460,"[1866, 1863, 1862, 1936, 1837]"
461,"[188, 189, 946, 193, 951]"
462,"[140, 916, 145, 148, 1041]"
463,"[175, 1713, 163, 938, 919]"
464,"[1750, 163, 455, 1753, 1675]"
465,"[374, 1762, 1704, 1721, 1705]"
466,"[819, 924, 1150, 165, 1609]"
467,"[1792, 1791, 73, 1764, 1759]"
468,"[1762, 1675, 1704, 1900, 1758]"
469,"[1570, 1695, 1793, 1792, 1789]"
470,"[966, 811, 1192, 1071, 1705]"
471,"[1617, 1255, 1304, 1724, 1263]"
472,"[125, 1124, 424, 396, 1694]"
473,"[197, 1042, 402, 138, 886]"
474,"[1147, 1752, 1071, 1130, 1052]"
475,"[1915, 924, 677, 688, 1907]"
476,"[1480, 1456, 1436, 1451, 1477]"
477,"[1753, 1761, 1760, 1704, 1705]"
478,"[1034, 1900, 1025, 937, 159]"
479,"[1269, 1674, 409, 1913, 1758]"
480,"[1724, 108, 455, 1042, 765]"
481,"[1704, 1632, 1705, 1034, 79]"
482,"[1760, 1761, 1617, 1762, 1758]"
483,"[1607, 1724, 98, 1157, 1659]"
484,"[1070, 455, 938, 175, 116]"
485,"[1748, 868, 1705, 1704, 1924]"
486,"[1607, 1517, 1272, 97, 96]"
487,"[888, 1907, 1636, 1705, 1704]"
488,"[1758, 1762, 1612, 1300, 866]"
489,"[356, 1001, 992, 1779, 1795]"
490,"[1185, 1915, 1675, 1042, 455]"
491,"[1937, 1549, 1551, 102, 165]"
492,"[1125, 372, 819, 1608, 1607]"
493,"[922, 101, 1886, 1869, 728]"
494,"[1789, 1788, 1787, 1705, 1704]"
495,"[1795, 1843, 1842, 1817, 1816]"
496,"[1021, 1160, 1737, 780, 1733]"
497,"[1272, 1724, 89, 455, 97]"
498,"[165, 1046, 1033, 1025, 937]"
499,"[116, 1192, 1662, 114, 692]"
500,"[1662, 1767, 329, 1756, 319]"
501,"[1926, 126, 1064, 108, 1704]"
502,"[1536, 1147, 1363, 89, 680]"
503,"[679, 643, 1762, 1910, 1704]"
504,"[424, 1536, 878, 1705, 1704]"
505,"[1022, 360, 477, 1889, 1705]"
506,"[1775, 1761, 1769, 1768, 1760]"
507,"[1295, 357, 1277, 1936, 1182]"
508,"[1760, 1705, 1704, 1528, 1916]"
509,"[956, 1758, 1913, 1582, 1380]"
510,"[757, 98, 408, 1034, 265]"
511,"[114, 1113, 60, 1567, 1880]"
512,"[1724, 410, 1202, 1607, 455]"
513,"[994, 367, 738, 1649, 353]"
514,"[1188, 1056, 773, 998, 89]"
515,"[113, 1746, 1033, 159, 1025]"
516,"[408, 455, 116, 1884, 619]"
517,"[1202, 410, 1255, 1750, 1025]"
518,"[1185, 1752, 408, 1675, 1704]"
519,"[1768, 1015, 1020, 1727, 1728]"
520,"[788, 1705, 1704, 175, 1884]"
521,"[374, 1721, 1704, 1705, 368]"
522,"[1835, 1786, 1790, 1791, 1789]"
523,"[289, 1753, 1704, 1705, 1752]"
524,"[1752, 1766, 89, 1763, 1755]"
525,"[618, 116, 326, 1924, 1017]"
526,"[1704, 1705, 291, 1924, 1907]"
527,"[165, 937, 159, 1025, 79]"
528,"[257, 1704, 1134, 730, 1530]"
529,"[1041, 1202, 1814, 1816, 1820]"
530,"[1899, 1705, 1704, 1904, 440]"
531,"[1915, 773, 1202, 410, 1079]"
532,"[97, 96, 922, 98, 1607]"
533,"[1035, 455, 1567, 1042, 171]"
534,"[1077, 1030, 304, 1705, 1531]"
535,"[1761, 1775, 1704, 1769, 1705]"
536,"[1705, 1704, 1207, 911, 496]"
537,"[163, 175, 455, 919, 1762]"
538,"[395, 1752, 1704, 1705, 1753]"
539,"[130, 1769, 1317, 1567, 1880]"
540,"[113, 116, 455, 1676, 89]"
541,"[98, 1639, 1073, 96, 97]"
542,"[1129, 317, 292, 1040, 371]"
543,"[125, 257, 1277, 1675, 1676]"
544,"[1705, 1704, 302, 297, 294]"
545,"[271, 1205, 97, 96, 1705]"
546,"[1557, 410, 1202, 914, 136]"
547,"[1586, 1303, 98, 1073, 97]"
548,"[928, 453, 1290, 1202, 410]"
549,"[1705, 1704, 1762, 552, 1636]"
550,"[1907, 1866, 1749, 1148, 371]"
551,"[362, 98, 435, 96, 97]"
552,"[1050, 1066, 1793, 1792, 1790]"
553,"[765, 1733, 705, 768, 761]"
554,"[1705, 1704, 97, 96, 1303]"
555,"[1536, 1899, 1116, 1526, 730]"
556,"[1758, 1924, 1761, 1760, 1705]"
557,"[1567, 1704, 1769, 1705, 1880]"
558,"[1071, 1924, 919, 1750, 1746]"
559,"[1071, 1913, 811, 1807, 1758]"
560,"[1768, 1704, 1775, 1705, 1752]"
561,"[114, 116, 60, 125, 455]"
562,"[1900, 1915, 1675, 112, 890]"
563,"[1804, 1802, 1705, 1704, 1799]"
564,"[455, 116, 938, 163, 164]"
565,"[1049, 1185, 1705, 1704, 1520]"
566,"[413, 1071, 1705, 1704, 1269]"
567,"[102, 1746, 96, 97, 98]"
568,"[677, 1900, 108, 376, 868]"
569,"[698, 112, 1042, 862, 439]"
570,"[1607, 603, 1704, 1705, 216]"
571,"[89, 1906, 1030, 1528, 1916]"
572,"[1915, 1695, 408, 101, 1791]"
573,"[1536, 113, 1750, 1676, 1677]"
574,"[1567, 1704, 1880, 1705, 108]"
575,"[868, 1748, 1277, 125, 1662]"
576,"[64, 1753, 1811, 1819, 1820]"
577,"[1580, 23, 441, 383, 510]"
578,"[1897, 1922, 166, 1924, 1025]"
579,"[1924, 956, 1705, 1704, 1638]"
580,"[1649, 353, 725, 736, 165]"
581,"[259, 1153, 1567, 256, 1880]"
582,"[164, 1550, 1025, 937, 159]"
583,"[1257, 1907, 1924, 1752, 1556]"
584,"[1705, 1704, 1758, 1884, 1880]"
585,"[1705, 1704, 1904, 603, 1637]"
586,"[141, 1014, 165, 138, 212]"
587,"[1915, 116, 783, 451, 60]"
588,"[1704, 1705, 395, 89, 1909]"
589,"[1202, 410, 1907, 1041, 165]"
590,"[1041, 371, 1104, 140, 1030]"
591,"[116, 1724, 1636, 438, 1704]"
592,"[982, 188, 881, 1681, 1704]"
593,"[1700, 126, 420, 1793, 862]"
594,"[1704, 1705, 125, 1915, 1750]"
595,"[1875, 408, 1269, 1705, 1704]"
596,"[1704, 1705, 455, 1064, 175]"
597,"[1705, 1704, 1924, 1441, 1904]"
598,"[1651, 1924, 1704, 1705, 1808]"
599,"[141, 1704, 1705, 138, 212]"
600,"[125, 116, 455, 1032, 1758]"
601,"[398, 1705, 1704, 90, 1790]"
602,"[1023, 1742, 89, 1753, 1924]"
603,"[1649, 1705, 1704, 1937, 1758]"
604,"[1762, 1758, 1760, 1761, 1704]"
605,"[1915, 359, 408, 1042, 848]"
606,"[1704, 1705, 1752, 980, 1065]"
607,"[851, 1705, 1704, 1756, 108]"
608,"[677, 1705, 1750, 114, 688]"
609,"[1924, 1704, 1705, 335, 384]"
610,"[148, 140, 145, 916, 147]"
611,"[67, 1014, 440, 58, 57]"
612,"[692, 846, 1726, 1601, 1662]"
613,"[1760, 1761, 455, 114, 1880]"
614,"[1918, 979, 1782, 1781, 1799]"
615,"[376, 677, 1753, 1915, 1637]"
616,"[125, 607, 1936, 1008, 395]"
617,"[398, 1789, 1790, 1791, 1792]"
618,"[862, 1793, 1789, 606, 1695]"
619,"[1928, 1066, 1277, 1936, 372]"
620,"[1705, 1704, 1795, 1918, 979]"
621,"[98, 96, 97, 409, 102]"
622,"[152, 1043, 1257, 1277, 1037]"
623,"[108, 1042, 862, 1157, 455]"
624,"[1705, 1704, 1772, 1799, 1798]"
625,"[455, 1676, 171, 116, 113]"
626,"[1916, 371, 1651, 1148, 171]"
627,"[159, 937, 1025, 1034, 298]"
628,"[1874, 165, 1721, 1870, 851]"
629,"[29, 1704, 1705, 1800, 1780]"
630,"[114, 60, 466, 1761, 1760]"
631,"[1034, 1927, 956, 1065, 265]"
632,"[125, 438, 1636, 116, 455]"
633,"[688, 1775, 1936, 1768, 1769]"
634,"[1915, 1705, 116, 163, 692]"
635,"[956, 98, 49, 426, 457]"
636,"[1727, 1796, 1704, 374, 1705]"
637,"[1772, 1705, 1704, 1436, 395]"
638,"[1915, 165, 455, 1793, 1792]"
639,"[1086, 1147, 375, 1762, 1704]"
640,"[1147, 861, 1148, 1054, 1599]"
641,"[333, 926, 1202, 410, 165]"
642,"[1043, 333, 1026, 1158, 1051]"
643,"[793, 1313, 1746, 102, 749]"
644,"[116, 1769, 1775, 1567, 1760]"
645,"[1704, 1705, 496, 1795, 1675]"
646,"[759, 1704, 1705, 98, 97]"
647,"[165, 1924, 955, 1473, 351]"
648,"[1705, 1704, 530, 618, 1662]"
649,"[98, 1157, 692, 1704, 1705]"
650,"[1070, 1607, 374, 1157, 1608]"
651,"[257, 1636, 438, 692, 1277]"
652,"[902, 1705, 1704, 761, 768]"
653,"[1704, 1761, 1760, 455, 1705]"
654,"[1769, 1768, 1699, 1775, 1675]"
655,"[1705, 1704, 1770, 211, 980]"
656,"[116, 455, 454, 1567, 1880]"
657,"[1896, 1157, 1617, 1761, 1760]"
658,"[116, 455, 1705, 1704, 1760]"
659,"[454, 455, 1762, 1224, 1760]"
660,"[454, 455, 1567, 888, 1880]"
661,"[1918, 979, 1704, 1147, 1705]"
662,"[98, 292, 1636, 442, 1655]"
663,"[1604, 1192, 1726, 1787, 1789]"
664,"[1147, 116, 1705, 1704, 114]"
665,"[1704, 1145, 1705, 1910, 716]"
666,"[1936, 1277, 1705, 1676, 1704]"
667,"[925, 1050, 1915, 1170, 1779]"
668,"[1186, 911, 288, 381, 113]"
669,"[1761, 1056, 1705, 1704, 327]"
670,"[1758, 501, 7, 698, 1068]"
671,"[921, 937, 159, 1025, 164]"
672,"[848, 1705, 911, 1911, 980]"
673,"[946, 951, 189, 949, 948]"
674,"[455, 1704, 1705, 98, 97]"
675,"[1791, 1790, 171, 1792, 1786]"
676,"[1761, 1762, 1758, 1704, 1705]"
677,"[1917, 1900, 408, 116, 359]"
678,"[1907, 1705, 1704, 1695, 1727]"
679,"[1169, 1137, 29, 28, 692]"
680,"[1567, 1704, 1705, 1769, 1880]"
681,"[454, 1761, 1760, 1705, 1704]"
682,"[1705, 1704, 108, 368, 333]"
683,"[150, 1168, 24, 408, 394]"
684,"[1769, 1705, 1147, 1704, 1758]"
685,"[698, 1775, 1768, 1760, 1761]"
686,"[435, 1915, 113, 726, 727]"
687,"[1915, 331, 1133, 1363, 1370]"
688,"[925, 921, 1071, 935, 396]"
689,"[356, 96, 97, 1934, 98]"
690,"[1762, 1704, 1727, 1705, 374]"
691,"[97, 96, 1627, 98, 1905]"
692,"[333, 341, 1761, 1760, 1704]"
693,"[461, 1924, 175, 938, 455]"
694,"[1704, 1773, 1705, 1183, 1700]"
695,"[341, 333, 1761, 1299, 570]"
696,"[1070, 454, 1705, 1704, 455]"
697,"[455, 1666, 125, 116, 113]"
698,"[1705, 1704, 496, 1607, 97]"
699,"[1760, 1761, 1705, 1704, 163]"
700,"[1761, 1760, 1617, 1762, 1758]"
701,"[1157, 1769, 1042, 455, 862]"
702,"[1186, 1171, 1705, 1704, 1779]"
703,"[1704, 1705, 1872, 1835, 480]"
704,"[197, 1043, 1909, 1042, 138]"
705,"[1758, 125, 1793, 1792, 1789]"
706,"[1733, 290, 279, 1935, 1936]"
707,"[438, 1636, 259, 265, 1153]"
708,"[1875, 848, 1705, 1704, 89]"
709,"[1713, 102, 96, 409, 410]"
710,"[1704, 1632, 1705, 1034, 79]"
711,"[1936, 1837, 1833, 1828, 1866]"
712,"[1758, 1567, 1769, 1762, 1880]"
713,"[435, 89, 113, 125, 116]"
714,"[165, 410, 1202, 1749, 421]"
715,"[1773, 1772, 1907, 1762, 1653]"
716,"[1639, 1704, 1705, 165, 1541]"
717,"[1916, 371, 136, 1637, 1704]"
718,"[1758, 1299, 106, 1705, 1704]"
719,"[1750, 1749, 1746, 1197, 675]"
720,"[675, 164, 409, 159, 1124]"
721,"[390, 451, 455, 1758, 1115]"
722,"[887, 1073, 954, 1705, 1704]"
723,"[1900, 890, 112, 1543, 1675]"
724,"[374, 1570, 1721, 1704, 1705]"
725,"[441, 374, 1608, 97, 96]"
726,"[297, 1091, 171, 209, 208]"
727,"[376, 677, 161, 1102, 455]"
728,"[1896, 1040, 98, 97, 96]"
729,"[926, 206, 1046, 902, 693]"
730,"[1704, 1705, 1872, 1835, 1795]"
731,"[1724, 98, 1659, 1704, 1705]"
732,"[1157, 1721, 1704, 1177, 124]"
733,"[1436, 1451, 1477, 1464, 1456]"
734,"[1269, 408, 1915, 965, 688]"
735,"[170, 931, 175, 925, 938]"
736,"[961, 1753, 1790, 1918, 979]"
737,"[98, 1905, 1587, 97, 96]"
738,"[98, 1915, 1113, 1120, 1907]"
739,"[372, 1157, 1769, 1567, 1727]"
740,"[1705, 1704, 846, 1726, 582]"
741,"[455, 1040, 1896, 1192, 1067]"
742,"[1244, 423, 1705, 971, 163]"
743,"[374, 1762, 1721, 1775, 1704]"
744,"[956, 1705, 1704, 530, 618]"
745,"[1042, 1627, 455, 992, 1675]"
746,"[1915, 920, 1042, 862, 1697]"
747,"[1637, 101, 1750, 112, 1157]"
748,"[1748, 108, 868, 116, 1269]"
749,"[1752, 878, 1753, 688, 1754]"
750,"[1800, 1803, 1875, 354, 1758]"
751,"[1924, 1617, 886, 1750, 1909]"
752,"[1793, 1792, 1790, 1791, 1789]"
753,"[455, 116, 163, 938, 175]"
754,"[1750, 676, 60, 116, 451]"
755,"[1727, 1105, 361, 1202, 410]"
756,"[1704, 1705, 1752, 1567, 89]"
757,"[1792, 1789, 1791, 1790, 1863]"
758,"[1704, 643, 1705, 346, 1793]"
759,"[1756, 359, 170, 165, 924]"
760,"[1900, 1116, 350, 1704, 1705]"
761,"[170, 922, 1704, 1705, 164]"
762,"[1917, 60, 1639, 326, 125]"
763,"[1544, 409, 102, 1746, 98]"
764,"[292, 109, 1762, 1523, 1704]"
765,"[677, 408, 1269, 1086, 688]"
766,"[1752, 1705, 1753, 1108, 265]"
767,"[89, 1705, 1704, 1762, 1758]"
768,"[1516, 98, 96, 97, 102]"
769,"[165, 956, 1761, 1760, 1582]"
770,"[1727, 374, 1704, 1705, 1105]"
771,"[431, 293, 920, 1697, 1087]"
772,"[1742, 1541, 1564, 1548, 1489]"
773,"[1704, 1705, 905, 792, 533]"
774,"[1567, 1705, 1704, 409, 1896]"
775,"[1127, 317, 371, 1129, 265]"
776,"[1185, 1025, 937, 159, 408]"
777,"[257, 205, 1052, 1756, 1705]"
778,"[1607, 1157, 1299, 778, 98]"
779,"[914, 962, 924, 961, 959]"
780,"[410, 1202, 1915, 1659, 1796]"
781,"[372, 1070, 1705, 1704, 1042]"
782,"[140, 677, 1049, 1041, 175]"
783,"[1141, 1159, 959, 320, 868]"
784,"[1705, 1704, 1091, 1733, 1775]"
785,"[1705, 1704, 1770, 1761, 1760]"
786,"[210, 67, 985, 984, 983]"
787,"[1704, 1705, 1186, 335, 384]"
788,"[1705, 1910, 1662, 1567, 114]"
789,"[1918, 979, 1704, 360, 1765]"
790,"[1041, 1066, 1025, 937, 159]"
791,"[1773, 455, 1044, 1760, 1761]"
792,"[1070, 455, 1793, 1792, 1789]"
793,"[928, 607, 734, 727, 726]"
794,"[97, 329, 409, 614, 1124]"
795,"[368, 372, 1750, 1185, 1257]"
796,"[321, 1257, 368, 1774, 438]"
797,"[1655, 1761, 1760, 1112, 1722]"
798,"[1662, 1277, 1762, 1705, 1704]"
799,"[1761, 1760, 1762, 1758, 1704]"
800,"[1915, 440, 165, 1787, 1789]"
801,"[1695, 192, 1793, 1792, 1789]"
802,"[89, 1207, 1752, 1618, 886]"
803,"[390, 1773, 1760, 1761, 1612]"
804,"[1915, 140, 1916, 916, 116]"
805,"[97, 96, 98, 856, 954]"
806,"[1704, 1774, 1761, 1183, 137]"
807,"[1762, 1758, 1191, 1119, 1761]"
808,"[1760, 1761, 1786, 1567, 1705]"
809,"[1204, 1630, 1924, 1043, 328]"
810,"[692, 1758, 1760, 1761, 1627]"
811,"[1789, 1788, 1787, 1786, 1458]"
812,"[125, 1792, 1793, 1790, 1791]"
813,"[60, 98, 97, 96, 409]"
814,"[1899, 89, 98, 1926, 1526]"
815,"[1897, 1907, 704, 711, 706]"
816,"[408, 1917, 1675, 1919, 1916]"
817,"[1705, 1704, 558, 584, 1246]"
818,"[1705, 1704, 441, 1762, 1792]"
819,"[1758, 1762, 1761, 1760, 1704]"
820,"[1897, 1922, 1526, 1833, 1837]"
821,"[1039, 1041, 1017, 618, 1280]"
822,"[1636, 1705, 1704, 1761, 1760]"
823,"[692, 1726, 846, 1277, 1601]"
824,"[164, 1793, 1792, 1791, 1790]"
825,"[718, 339, 676, 60, 1704]"
826,"[1704, 1705, 113, 1071, 171]"
827,"[1071, 868, 1704, 1705, 1748]"
828,"[1866, 1811, 1819, 1812, 1820]"
829,"[1183, 1704, 1705, 530, 618]"
830,"[89, 166, 1526, 465, 1899]"
831,"[1636, 438, 1758, 116, 1705]"
832,"[1257, 98, 1907, 924, 1040]"
833,"[116, 289, 451, 1639, 605]"
834,"[89, 1073, 1924, 1785, 1904]"
835,"[1705, 1025, 937, 159, 1746]"
836,"[1094, 978, 976, 974, 973]"
837,"[1907, 1910, 926, 1803, 1779]"
838,"[1752, 1704, 1754, 108, 992]"
839,"[96, 97, 98, 409, 1748]"
840,"[1030, 1916, 1926, 1025, 937]"
841,"[1586, 291, 1037, 866, 1135]"
842,"[153, 928, 988, 978, 1053]"
843,"[314, 1030, 1027, 433, 1041]"
844,"[323, 287, 1174, 360, 965]"
845,"[89, 164, 921, 1025, 937]"
846,"[1148, 1042, 1041, 1630, 1030]"
847,"[1529, 433, 927, 1258, 454]"
848,"[1627, 89, 409, 98, 97]"
849,"[1758, 1762, 1705, 1704, 1726]"
850,"[956, 328, 1041, 1730, 1898]"
851,"[424, 1536, 906, 207, 95]"
852,"[935, 168, 89, 1627, 1897]"
853,"[1032, 1066, 1773, 1920, 1774]"
854,"[1516, 102, 1746, 409, 98]"
855,"[958, 1344, 1705, 1661, 626]"
856,"[455, 408, 1902, 1014, 1042]"
857,"[1727, 250, 89, 1145, 1736]"
858,"[102, 1746, 98, 96, 97]"
859,"[1458, 1406, 1689, 1061, 447]"
860,"[1064, 1526, 102, 409, 1926]"
861,"[330, 1085, 108, 1282, 1014]"
862,"[1025, 937, 159, 1620, 165]"
863,"[1789, 1790, 1791, 415, 1792]"
864,"[60, 124, 1746, 97, 96]"
865,"[140, 677, 1915, 145, 916]"
866,"[1705, 1762, 1758, 530, 1704]"
867,"[1761, 1760, 1762, 1758, 1746]"
868,"[1705, 1924, 478, 442, 1636]"
869,"[1746, 102, 409, 97, 98]"
870,"[260, 1636, 438, 1704, 70]"
871,"[1803, 108, 1796, 1721, 1704]"
872,"[1907, 1905, 1627, 1527, 116]"
873,"[676, 681, 113, 125, 89]"
874,"[927, 1630, 1592, 349, 1046]"
875,"[221, 261, 991, 256, 265]"
876,"[692, 219, 29, 113, 116]"
877,"[1697, 1656, 1344, 862, 1696]"
878,"[1157, 1030, 1032, 1055, 1152]"
879,"[98, 97, 96, 1746, 102]"
880,"[1731, 1922, 1897, 381, 1705]"
881,"[1027, 927, 165, 1043, 1041]"
882,"[97, 96, 89, 98, 1704]"
883,"[692, 1726, 846, 1705, 1704]"
884,"[113, 291, 165, 937, 159]"
885,"[1936, 1935, 1837, 1833, 1828]"
886,"[811, 1758, 1704, 1762, 1705]"
887,"[1907, 1025, 937, 159, 1251]"
888,"[98, 97, 96, 1746, 102]"
889,"[98, 97, 96, 102, 1746]"
890,"[1758, 1762, 1705, 1704, 409]"
891,"[1758, 1915, 1762, 409, 1095]"
892,"[1704, 1705, 144, 956, 424]"
893,"[1705, 1704, 1761, 1760, 1762]"
894,"[1729, 382, 1184, 387, 1183]"
895,"[1907, 1627, 1897, 1922, 1526]"
896,"[878, 89, 920, 670, 124]"
897,"[1046, 1026, 670, 1666, 886]"
898,"[113, 424, 1905, 1627, 1527]"
899,"[451, 1277, 692, 1601, 1636]"
900,"[1006, 1008, 221, 260, 994]"
901,"[1905, 164, 1627, 1191, 1922]"
902,"[1182, 145, 408, 1655, 455]"
903,"[98, 165, 1704, 1705, 97]"
904,"[911, 165, 1046, 1014, 1592]"
905,"[1257, 1907, 1905, 1627, 98]"
906,"[1627, 409, 1905, 1527, 1704]"
907,"[1659, 1705, 1704, 886, 1909]"
908,"[1915, 116, 1818, 1819, 1820]"
909,"[1753, 1694, 1617, 1619, 1762]"
910,"[1704, 1705, 102, 409, 98]"
911,"[1191, 455, 1627, 1638, 1909]"
912,"[175, 696, 917, 1297, 166]"
913,"[902, 1077, 1061, 306, 956]"
914,"[1070, 455, 349, 1727, 1187]"
915,"[1915, 409, 318, 1748, 1762]"
916,"[1848, 1847, 1851, 1844, 1041]"
917,"[1936, 1863, 1769, 1566, 1837]"
918,"[1705, 1704, 1758, 1147, 98]"
919,"[928, 1672, 1749, 1769, 1843]"
920,"[89, 113, 924, 409, 435]"
921,"[875, 1795, 1130, 1135, 1700]"
922,"[767, 746, 744, 742, 769]"
923,"[1041, 670, 1193, 922, 1025]"
924,"[928, 318, 97, 1705, 994]"
925,"[222, 1788, 1787, 1786, 1859]"
926,"[1054, 1030, 1705, 1704, 618]"
927,"[409, 1627, 1527, 1905, 396]"
928,"[1922, 1897, 166, 408, 1526]"
929,"[849, 284, 1704, 961, 1803]"
930,"[1927, 374, 1705, 1704, 153]"
931,"[1729, 924, 164, 1636, 438]"
932,"[451, 924, 164, 409, 1025]"
933,"[89, 1676, 920, 113, 165]"
934,"[1704, 1705, 291, 1760, 1761]"
935,"[1916, 1021, 333, 1014, 437]"
936,"[290, 928, 1913, 1549, 1519]"
937,"[1792, 1793, 1789, 1791, 878]"
938,"[102, 1746, 409, 1516, 1921]"
939,"[1758, 1762, 1705, 1704, 1726]"
940,"[1112, 1705, 478, 1704, 1881]"
941,"[1025, 937, 159, 165, 1746]"
942,"[1192, 1536, 89, 1526, 60]"
943,"[1902, 408, 116, 1032, 1147]"
944,"[271, 1205, 270, 1052, 89]"
945,"[1025, 937, 159, 922, 1746]"
946,"[1567, 1704, 1705, 1769, 1753]"
947,"[933, 1844, 1842, 1843, 1840]"
948,"[125, 1115, 116, 113, 1028]"
949,"[677, 1758, 1762, 688, 376]"
950,"[922, 1904, 919, 1746, 102]"
951,"[270, 219, 1011, 1666, 1704]"
952,"[1933, 989, 203, 1149, 1649]"
953,"[1907, 924, 1704, 1705, 1874]"
954,"[1762, 1758, 1705, 1704, 1032]"
955,"[1899, 1526, 89, 98, 1773]"
956,"[1760, 1761, 1762, 1758, 1704]"
957,"[1071, 868, 1924, 463, 1704]"
958,"[1705, 1704, 1493, 1479, 2]"
959,"[98, 1926, 1762, 1758, 819]"
960,"[1627, 1907, 113, 1746, 819]"
961,"[819, 1788, 1787, 1789, 1705]"
962,"[1760, 1761, 1704, 1705, 1774]"
963,"[1762, 1758, 1705, 1704, 462]"
964,"[441, 1147, 339, 375, 692]"
965,"[1030, 1133, 1704, 1705, 371]"
966,"[125, 410, 1202, 1676, 455]"
967,"[387, 1704, 1793, 1792, 1773]"
968,"[1750, 1277, 438, 164, 921]"
969,"[328, 395, 1771, 361, 323]"
970,"[1185, 906, 408, 116, 89]"
971,"[1533, 1758, 112, 890, 1704]"
972,"[898, 1349, 1224, 1726, 1119]"
973,"[1905, 1627, 465, 166, 1076]"
974,"[1705, 1758, 1762, 1704, 928]"
975,"[1924, 1909, 164, 211, 1705]"
976,"[1536, 1866, 1936, 289, 1837]"
977,"[256, 1757, 1776, 1148, 1796]"
978,"[1726, 846, 1277, 692, 1662]"
979,"[165, 164, 990, 163, 928]"
980,"[1749, 164, 990, 153, 1630]"
981,"[1705, 1704, 372, 211, 886]"
982,"[1731, 1149, 1173, 320, 1065]"
983,"[89, 1752, 1909, 851, 1915]"
984,"[455, 116, 1676, 1924, 1675]"
985,"[1760, 1761, 409, 1694, 171]"
986,"[89, 166, 1526, 1922, 1897]"
987,"[171, 165, 116, 164, 1638]"
988,"[1705, 1704, 1191, 1904, 1025]"
989,"[161, 927, 1936, 1299, 1853]"
990,"[928, 1899, 1526, 1746, 113]"
991,"[98, 1926, 704, 1741, 711]"
992,"[1910, 89, 1899, 1753, 1752]"
993,"[408, 1775, 1095, 395, 522]"
994,"[1304, 1651, 1175, 275, 1705]"
995,"[289, 692, 1704, 1761, 1760]"
996,"[1746, 124, 96, 97, 98]"
997,"[866, 925, 318, 1907, 1070]"
998,"[441, 1175, 1032, 1167, 339]"
999,"[296, 1699, 1675, 1727, 605]"
1000,"[1270, 284, 1705, 1704, 1274]"
1001,"[1905, 465, 409, 1627, 1073]"
1002,"[98, 1875, 1705, 1704, 1769]"
1003,"[1704, 1705, 1753, 298, 1182]"
1004,"[290, 1705, 1704, 886, 921]"
1005,"[1863, 1867, 1862, 90, 1865]"
1006,"[98, 97, 96, 102, 1746]"
1007,"[1041, 1026, 396, 169, 677]"
1008,"[1705, 1704, 961, 139, 1109]"
1009,"[1536, 1076, 419, 424, 125]"
1010,"[166, 1753, 1556, 1538, 1537]"
1011,"[1713, 676, 1752, 1761, 1910]"
1012,"[692, 1726, 846, 1277, 1601]"
1013,"[1704, 1705, 956, 1727, 1761]"
1014,"[878, 1909, 886, 60, 1193]"
1015,"[89, 1905, 164, 113, 98]"
1016,"[1915, 101, 396, 1025, 937]"
1017,"[1863, 1866, 1936, 1828, 1837]"
1018,"[89, 1768, 1775, 1033, 1025]"
1019,"[265, 219, 164, 1659, 1897]"
1020,"[1705, 1704, 1758, 1769, 1032]"
1021,"[1070, 171, 455, 1536, 1907]"
1022,"[1696, 1704, 1705, 1926, 1697]"
1023,"[1784, 1787, 1788, 1789, 1273]"
1024,"[1790, 1789, 1791, 1792, 1793]"
1025,"[1705, 1704, 1726, 846, 1761]"
1026,"[1760, 1704, 1705, 1774, 1761]"
1027,"[164, 1025, 937, 159, 1021]"
1028,"[1758, 1936, 1705, 1704, 1762]"
1029,"[1030, 1560, 1921, 376, 1021]"
1030,"[616, 443, 618, 1029, 1705]"
1031,"[1637, 1916, 843, 451, 1704]"
1032,"[1704, 1705, 1191, 1477, 1904]"
1033,"[615, 1774, 759, 1066, 1255]"
1034,"[1636, 442, 275, 912, 478]"
1035,"[162, 164, 938, 928, 925]"
1036,"[1171, 165, 116, 113, 409]"
1037,"[97, 96, 98, 1705, 1704]"
1038,"[1705, 1677, 846, 1726, 1704]"
1039,"[1024, 98, 1890, 89, 1705]"
1040,"[1073, 441, 98, 97, 96]"
1041,"[928, 911, 175, 729, 732]"
1042,"[279, 1283, 1076, 437, 116]"
1043,"[1076, 952, 265, 1257, 1038]"
1044,"[1750, 60, 125, 1272, 856]"
1045,"[96, 98, 97, 415, 1750]"
1046,"[1592, 1590, 1014, 206, 969]"
1047,"[283, 1915, 1133, 124, 692]"
1048,"[1706, 1810, 1847, 1845, 1848]"
1049,"[166, 175, 921, 1344, 163]"
1050,"[1746, 102, 96, 98, 409]"
1051,"[1746, 409, 1733, 1025, 937]"
1052,"[365, 1156, 1799, 452, 1801]"
1053,"[402, 1196, 1675, 1700, 1699]"
1054,"[1704, 1810, 1706, 1746, 1544]"
1055,"[1627, 1905, 1527, 1762, 1758]"
1056,"[1227, 1230, 1383, 1226, 1054]"
1057,"[1040, 1817, 1816, 1131, 1813]"
1058,"[1704, 1705, 1915, 1760, 1761]"
1059,"[1147, 339, 1705, 1762, 1119]"
1060,"[1758, 1762, 1705, 1704, 102]"
1061,"[1753, 1704, 1705, 1752, 1609]"
1062,"[1705, 1704, 455, 454, 1824]"
1063,"[113, 1746, 924, 1129, 866]"
1064,"[1064, 1910, 1131, 615, 1774]"
1065,"[677, 356, 1924, 688, 1705]"
1066,"[1927, 1065, 904, 1613, 1724]"
1067,"[1915, 677, 1792, 1793, 1791]"
1068,"[1192, 1299, 1637, 260, 1695]"
1069,"[1038, 25, 116, 605, 402]"
1070,"[89, 924, 113, 409, 1907]"
1071,"[1526, 1049, 878, 1924, 1899]"
1072,"[922, 819, 1904, 102, 98]"
1073,"[1025, 937, 159, 124, 1904]"
1074,"[1892, 692, 437, 1029, 328]"
1075,"[1705, 1133, 1753, 1590, 1704]"
1076,"[1660, 791, 259, 988, 727]"
1077,"[290, 919, 1538, 289, 1761]"
1078,"[925, 166, 938, 1907, 89]"
1079,"[629, 171, 98, 96, 1154]"
1080,"[108, 139, 1087, 1675, 1257]"
1081,"[197, 1043, 170, 1909, 1193]"
1082,"[1796, 1803, 1705, 1704, 1760]"
1083,"[1915, 89, 409, 1095, 1627]"
1084,"[1900, 350, 1638, 1705, 1704]"
1085,"[96, 97, 98, 1746, 124]"
1086,"[1904, 1705, 455, 454, 1025]"
1087,"[1724, 1655, 1804, 1924, 1781]"
1088,"[116, 113, 1676, 1675, 89]"
1089,"[1760, 1761, 1592, 1590, 286]"
1090,"[620, 470, 956, 1704, 1705]"
1091,"[1704, 1705, 1690, 125, 1762]"
1092,"[1704, 34, 1705, 1046, 1753]"
1093,"[162, 165, 924, 928, 164]"
1094,"[108, 1721, 141, 212, 136]"
1095,"[1753, 1705, 1704, 886, 1026]"
1096,"[1915, 1363, 1825, 677, 868]"
1097,"[778, 1907, 1041, 773, 165]"
1098,"[1437, 560, 865, 1747, 863]"
1099,"[1810, 1915, 749, 1746, 102]"
1100,"[98, 97, 96, 1915, 1526]"
1101,"[956, 255, 1727, 1582, 1718]"
1102,"[1769, 1758, 1762, 1760, 1761]"
1103,"[1761, 1760, 341, 1185, 290]"
1104,"[1705, 1704, 1689, 1106, 440]"
1105,"[140, 677, 145, 916, 148]"
1106,"[1704, 1762, 1758, 1705, 89]"
1107,"[1694, 1907, 1753, 171, 113]"
1108,"[709, 1853, 1935, 1936, 1828]"
1109,"[189, 193, 946, 192, 618]"
1110,"[1705, 1704, 1758, 1032, 1762]"
1111,"[1246, 1705, 1704, 584, 2]"
1112,"[1070, 440, 676, 1704, 1705]"
1113,"[359, 270, 1244, 370, 1001]"
1114,"[113, 1264, 116, 455, 1111]"
1115,"[1753, 301, 1758, 1762, 1795]"
1116,"[1907, 1897, 1922, 89, 166]"
1117,"[1907, 1526, 1299, 920, 409]"
1118,"[783, 692, 1075, 1380, 905]"
1119,"[692, 1726, 1762, 846, 1704]"
1120,"[1612, 1065, 1299, 1574, 896]"
1121,"[1704, 1705, 112, 890, 1795]"
1122,"[381, 171, 275, 136, 912]"
1123,"[1018, 1758, 1014, 1761, 1760]"
1124,"[1204, 1924, 1900, 1704, 1705]"
1125,"[1936, 1833, 1837, 1828, 1935]"
1126,"[961, 1918, 979, 1134, 1753]"
1127,"[1587, 463, 467, 1771, 465]"
1128,"[1914, 1582, 457, 533, 1380]"
1129,"[116, 455, 1677, 113, 89]"
1130,"[1905, 1627, 1527, 1907, 276]"
1131,"[1054, 1705, 1704, 1188, 1771]"
1132,"[971, 1875, 990, 164, 165]"
1133,"[1902, 60, 1552, 1900, 97]"
1134,"[1147, 108, 1819, 1818, 1817]"
1135,"[333, 1739, 1704, 108, 1705]"
1136,"[1636, 438, 1637, 455, 1192]"
1137,"[1030, 885, 1026, 144, 165]"
1138,"[1897, 1922, 1907, 1769, 1566]"
1139,"[1918, 979, 73, 1106, 1107]"
1140,"[1773, 1776, 1757, 1752, 1101]"
1141,"[1899, 346, 1044, 1758, 1704]"
1142,"[1049, 728, 1705, 1704, 1014]"
1143,"[102, 651, 653, 656, 663]"
1144,"[1770, 1705, 1704, 658, 1040]"
1145,"[1761, 1578, 1758, 1875, 1580]"
1146,"[290, 1586, 1064, 1696, 361]"
1147,"[344, 339, 334, 1781, 1798]"
1148,"[1061, 1188, 374, 149, 1704]"
1149,"[1032, 1704, 1705, 1147, 98]"
1150,"[618, 368, 1131, 317, 1061]"
1151,"[1705, 1762, 1758, 1704, 1760]"
1152,"[1274, 1068, 1904, 89, 1112]"
1153,"[706, 1736, 369, 1907, 1029]"
1154,"[1780, 1779, 1800, 1704, 1705]"
1155,"[706, 995, 745, 739, 1737]"
1156,"[1026, 1014, 1828, 1833, 1837]"
1157,"[1694, 866, 1025, 937, 159]"
1158,"[1705, 1704, 1348, 116, 113]"
1159,"[819, 1704, 409, 98, 97]"
1160,"[692, 1726, 846, 1705, 1704]"
1161,"[1202, 410, 97, 96, 98]"
1162,"[1926, 1695, 1705, 1704, 1164]"
1163,"[317, 1916, 1705, 1924, 1704]"
1164,"[164, 1025, 937, 159, 165]"
1165,"[735, 1672, 168, 1040, 164]"
1166,"[973, 207, 1299, 1006, 260]"
1167,"[370, 345, 1133, 1183, 707]"
1168,"[1014, 259, 959, 455, 1915]"
1169,"[1936, 1833, 1828, 1837, 1935]"
1170,"[663, 1705, 442, 1636, 1924]"
1171,"[1044, 1753, 1526, 1042, 1915]"
1172,"[1762, 1760, 1761, 1704, 1705]"
1173,"[924, 1299, 1160, 113, 409]"
1174,"[1924, 478, 1705, 442, 1636]"
1175,"[408, 165, 1675, 89, 116]"
1176,"[695, 1796, 1705, 1704, 1910]"
1177,"[439, 333, 1274, 455, 1704]"
1178,"[692, 846, 1726, 1705, 1704]"
1179,"[1566, 1833, 1828, 1837, 1866]"
1180,"[1727, 89, 1916, 1297, 1793]"
1181,"[259, 731, 902, 1635, 1792]"
1182,"[97, 98, 96, 1746, 102]"
1183,"[1793, 1788, 1789, 1790, 1791]"
1184,"[275, 912, 961, 277, 137]"
1185,"[362, 447, 1273, 696, 1760]"
1186,"[1025, 937, 159, 1049, 1030]"
1187,"[126, 1202, 410, 1916, 670]"
1188,"[284, 1020, 367, 1001, 265]"
1189,"[990, 999, 348, 1034, 370]"
1190,"[629, 423, 409, 1924, 1705]"
1191,"[937, 159, 1025, 1907, 921]"
1192,"[455, 1239, 1042, 89, 454]"
1193,"[1705, 1704, 1792, 1791, 1753]"
1194,"[1048, 1271, 1916, 1705, 368]"
1195,"[1700, 1106, 79, 928, 1086]"
1196,"[1196, 1102, 402, 216, 1145]"
1197,"[113, 1526, 928, 98, 1627]"
1198,"[1076, 396, 327, 1085, 293]"
1199,"[175, 1041, 113, 112, 1758]"
1200,"[1769, 1760, 1761, 1889, 1705]"
1201,"[1772, 1705, 1704, 370, 1077]"
1202,"[1924, 1202, 410, 1760, 1761]"
1203,"[1922, 1897, 927, 1833, 1837]"
1204,"[819, 102, 96, 97, 98]"
1205,"[1148, 327, 1147, 1030, 1117]"
1206,"[1675, 1298, 1261, 1260, 1259]"
1207,"[1936, 1853, 1935, 1837, 1833]"
1208,"[1885, 98, 371, 328, 318]"
1209,"[1627, 1905, 1907, 164, 1527]"
1210,"[1120, 371, 125, 326, 1772]"
1211,"[1769, 819, 339, 1890, 1760]"
1212,"[89, 113, 164, 937, 159]"
1213,"[1704, 1705, 1104, 989, 1760]"
1214,"[1617, 367, 1792, 1793, 1790]"
1215,"[258, 1911, 985, 984, 982]"
1216,"[1935, 1828, 1833, 1837, 1863]"
1217,"[759, 406, 407, 89, 478]"
1218,"[1700, 1617, 1263, 1750, 1619]"
1219,"[1157, 324, 1924, 340, 334]"
1220,"[113, 97, 96, 1070, 98]"
1221,"[1705, 1704, 1758, 1762, 846]"
1222,"[1750, 1705, 1704, 98, 125]"
1223,"[922, 441, 1705, 1704, 98]"
1224,"[102, 1068, 97, 96, 98]"
1225,"[1704, 1705, 961, 1085, 2]"
1226,"[1752, 1655, 1746, 102, 339]"
1227,"[1915, 60, 171, 1921, 265]"
1228,"[126, 159, 937, 921, 1025]"
1229,"[1523, 1277, 811, 46, 1199]"
1230,"[1758, 1762, 447, 1273, 1705]"
1231,"[1523, 1277, 811, 1157, 455]"
1232,"[624, 1277, 965, 1761, 1760]"
1233,"[924, 1713, 1046, 410, 1202]"
1234,"[922, 928, 1705, 1704, 1752]"
1235,"[1705, 1704, 530, 618, 1795]"
1236,"[1758, 1762, 1705, 1704, 409]"
1237,"[1041, 1520, 1620, 140, 1551]"
1238,"[1049, 1149, 1029, 149, 1025]"
1239,"[1111, 1705, 1704, 1793, 1698]"
1240,"[752, 1365, 1924, 1704, 478]"
1241,"[222, 223, 306, 312, 1933]"
1242,"[1905, 1627, 1527, 95, 289]"
1243,"[168, 1627, 1905, 1527, 670]"
1244,"[1904, 1071, 811, 1924, 868]"
1245,"[1915, 688, 324, 1773, 1762]"
1246,"[1536, 1746, 98, 97, 409]"
1247,"[113, 409, 89, 920, 165]"
1248,"[1918, 979, 89, 1758, 1762]"
1249,"[166, 1925, 1028, 1910, 465]"
1250,"[1705, 1704, 1761, 1760, 1762]"
1251,"[1071, 868, 1705, 1704, 1748]"
1252,"[995, 405, 1033, 265, 1793]"
1253,"[97, 96, 98, 1924, 442]"
1254,"[1705, 1704, 1937, 1649, 1176]"
1255,"[1202, 410, 1073, 914, 924]"
1256,"[1050, 166, 1018, 1066, 1027]"
1257,"[1025, 937, 159, 1907, 773]"
1258,"[675, 1833, 1837, 1828, 1842]"
1259,"[432, 1030, 862, 1081, 296]"
1260,"[165, 1924, 1704, 1705, 956]"
1261,"[409, 928, 419, 924, 862]"
1262,"[981, 223, 1052, 983, 195]"
1263,"[89, 1907, 165, 1526, 1066]"
1264,"[1032, 1758, 1762, 1775, 108]"
1265,"[1720, 749, 426, 1582, 1718]"
1266,"[1704, 1926, 478, 1924, 1752]"
1267,"[819, 922, 1746, 409, 97]"
1268,"[1587, 1771, 409, 1746, 465]"
1269,"[1875, 441, 116, 1748, 868]"
1270,"[116, 1774, 922, 819, 438]"
1271,"[164, 98, 1704, 1694, 1069]"
1272,"[981, 68, 70, 732, 980]"
1273,"[139, 1788, 1790, 1786, 1789]"
1274,"[1746, 1789, 1788, 1787, 1521]"
1275,"[1182, 1022, 1705, 1704, 1904]"
1276,"[97, 96, 98, 455, 287]"
1277,"[1936, 1935, 1837, 1828, 1833]"
1278,"[1726, 846, 692, 451, 109]"
1279,"[1924, 1906, 1528, 1271, 1916]"
1280,"[403, 433, 1656, 1080, 1263]"
1281,"[89, 166, 1905, 1627, 465]"
1282,"[749, 171, 1704, 1070, 1705]"
1283,"[1011, 1205, 271, 1924, 162]"
1284,"[1636, 442, 1924, 478, 1705]"
1285,"[1772, 1924, 326, 1124, 1696]"
1286,"[1907, 1627, 1527, 1905, 904]"
1287,"[688, 1649, 1657, 1704, 1705]"
1288,"[1907, 171, 1299, 926, 89]"
1289,"[1762, 922, 1705, 1704, 676]"
1290,"[1792, 1793, 1789, 1790, 1803]"
1291,"[1915, 200, 408, 145, 146]"
1292,"[1654, 1133, 320, 707, 925]"
1293,"[1924, 354, 1771, 161, 1133]"
1294,"[1076, 255, 1548, 222, 1047]"
1295,"[1705, 1704, 961, 1734, 139]"
1296,"[1062, 175, 48, 1277, 1018]"
1297,"[222, 265, 261, 221, 998]"
1298,"[1052, 1071, 89, 1076, 695]"
1299,"[1049, 410, 1202, 1042, 470]"
1300,"[1071, 1748, 868, 1907, 166]"
1301,"[904, 1070, 1117, 1179, 915]"
1302,"[1149, 1548, 1014, 1049, 440]"
1303,"[409, 1784, 1627, 452, 1301]"
1304,"[410, 1202, 1133, 1183, 388]"
1305,"[1587, 467, 463, 465, 1771]"
1306,"[1936, 1833, 1837, 1828, 1836]"
1307,"[1722, 1257, 333, 688, 1062]"
1308,"[1762, 1758, 1705, 1704, 102]"
1309,"[1774, 819, 922, 1705, 1704]"
1310,"[1905, 1627, 1034, 409, 1186]"
1311,"[1025, 159, 1746, 164, 1907]"
1312,"[921, 1076, 1025, 937, 159]"
1313,"[1705, 1704, 89, 318, 1875]"
1314,"[1659, 997, 265, 261, 221]"
1315,"[1042, 1771, 1251, 416, 1030]"
1316,"[1273, 447, 1705, 442, 403]"
1317,"[1165, 154, 959, 211, 1297]"
1318,"[1049, 921, 919, 938, 1592]"
1319,"[164, 1809, 886, 1705, 1704]"
1320,"[1750, 937, 159, 1025, 164]"
1321,"[1014, 139, 701, 706, 1916]"
1322,"[1704, 1705, 1807, 1191, 170]"
1323,"[1697, 165, 1250, 920, 1253]"
1324,"[1704, 1705, 1692, 340, 718]"
1325,"[1793, 1792, 1790, 1789, 171]"
1326,"[1273, 447, 308, 307, 1100]"
1327,"[1818, 1815, 1817, 1811, 1813]"
1328,"[166, 447, 849, 1191, 1925]"
1329,"[1749, 362, 1064, 126, 357]"
1330,"[1068, 1063, 1905, 1760, 1761]"
1331,"[387, 250, 1705, 1704, 1659]"
1332,"[1924, 1761, 1760, 1769, 1705]"
1333,"[1907, 924, 409, 421, 1699]"
1334,"[1936, 1837, 1833, 1828, 1935]"
1335,"[1612, 896, 318, 1704, 1705]"
1336,"[1770, 1704, 1705, 613, 1795]"
1337,"[658, 634, 653, 638, 633]"
1338,"[725, 255, 1727, 1016, 1649]"
1339,"[1760, 1761, 1705, 1704, 1762]"
1340,"[1905, 166, 89, 1627, 1076]"
1341,"[1627, 1905, 164, 1527, 921]"
1342,"[396, 1035, 1922, 124, 919]"
1343,"[938, 175, 176, 174, 928]"
1344,"[868, 1071, 1748, 1704, 1705]"
1345,"[396, 677, 1733, 1793, 1792]"
1346,"[1704, 1705, 409, 1536, 1064]"
1347,"[1055, 1705, 1704, 1907, 1752]"
1348,"[421, 1758, 1762, 1202, 615]"
1349,"[320, 1121, 1545, 1080, 289]"
1350,"[1244, 423, 914, 1760, 1761]"
1351,"[408, 1750, 1299, 116, 1279]"
1352,"[1032, 1926, 1147, 1761, 1760]"
1353,"[1704, 1705, 34, 1753, 1014]"
1354,"[1907, 1704, 1705, 1769, 1774]"
1355,"[1275, 447, 1273, 449, 692]"
1356,"[408, 1363, 1077, 1704, 306]"
1357,"[424, 1889, 1616, 1671, 1745]"
1358,"[98, 1073, 97, 96, 321]"
1359,"[432, 403, 1924, 1705, 1704]"
1360,"[1936, 1833, 1837, 1828, 1935]"
1361,"[89, 1907, 924, 1308, 937]"
1362,"[396, 327, 1135, 1076, 1085]"
1363,"[928, 1026, 1768, 1775, 1761]"
1364,"[455, 1762, 1758, 1760, 1761]"
1365,"[1926, 126, 1705, 1704, 1761]"
1366,"[928, 1150, 409, 349, 1704]"
1367,"[1793, 1791, 1792, 1759, 1705]"
1368,"[1183, 1042, 707, 1769, 1775]"
1369,"[152, 900, 271, 1205, 972]"
1370,"[1085, 961, 1753, 435, 1758]"
1371,"[1753, 1649, 452, 1301, 1300]"
1372,"[1147, 1064, 1073, 1034, 1639]"
1373,"[1025, 937, 159, 956, 408]"
1374,"[1192, 320, 1115, 1113, 1041]"
1375,"[935, 965, 1905, 1627, 1527]"
1376,"[1916, 1906, 1528, 912, 275]"
1377,"[1904, 1884, 1738, 455, 102]"
1378,"[1889, 1769, 698, 116, 1705]"
1379,"[346, 1285, 1147, 1183, 1752]"
1380,"[1073, 113, 1160, 165, 89]"
1381,"[1752, 1749, 258, 1705, 1704]"
1382,"[1915, 1082, 927, 108, 1705]"
1383,"[408, 952, 1899, 128, 116]"
1384,"[1022, 1746, 1023, 477, 96]"
1385,"[1914, 533, 1898, 49, 1582]"
1386,"[1705, 1704, 1303, 1907, 1768]"
1387,"[89, 1176, 1137, 1038, 455]"
1388,"[1792, 1793, 1789, 1791, 1790]"
1389,"[1027, 1110, 956, 1041, 1914]"
1390,"[1705, 1704, 345, 1761, 1760]"
1391,"[1704, 97, 98, 409, 96]"
1392,"[1537, 1538, 1556, 1752, 1564]"
1393,"[113, 455, 1655, 116, 1705]"
1394,"[1014, 389, 1184, 1166, 125]"
1395,"[1176, 1705, 1880, 558, 1704]"
1396,"[1436, 1464, 455, 1866, 1456]"
1397,"[922, 116, 1705, 1704, 16]"
1398,"[1133, 125, 171, 1030, 1640]"
1399,"[1726, 1760, 1761, 846, 116]"
1400,"[1280, 95, 1704, 1705, 618]"
1401,"[1183, 272, 348, 1762, 707]"
1402,"[1601, 1705, 1704, 1762, 1030]"
1403,"[341, 706, 344, 338, 1713]"
1404,"[1721, 1647, 1727, 727, 726]"
1405,"[1246, 1147, 1705, 1704, 1772]"
1406,"[409, 1033, 128, 1746, 113]"
1407,"[1750, 1774, 1021, 1936, 1705]"
1408,"[1828, 1833, 1837, 1863, 1936]"
1409,"[89, 164, 166, 1526, 465]"
1410,"[819, 1655, 1705, 1704, 97]"
1411,"[1769, 424, 1705, 1704, 116]"
1412,"[919, 1863, 1862, 1706, 1041]"
1413,"[1762, 441, 688, 692, 1704]"
1414,"[922, 1904, 175, 455, 919]"
1415,"[116, 408, 1279, 351, 359]"
1416,"[1026, 670, 902, 1705, 628]"
1417,"[1704, 1705, 1613, 1025, 937]"
1418,"[329, 1677, 409, 1086, 1916]"
1419,"[126, 1042, 925, 866, 1727]"
1420,"[455, 454, 1704, 1705, 1760]"
1421,"[1523, 1277, 1157, 455, 811]"
1422,"[1899, 287, 1065, 1157, 1041]"
1423,"[1726, 846, 692, 1924, 1119]"
1424,"[1204, 2, 3, 1523, 126]"
1425,"[424, 289, 1758, 1147, 1762]"
1426,"[1025, 937, 159, 1907, 1705]"
1427,"[1694, 1617, 1619, 1753, 116]"
1428,"[1617, 711, 1619, 1758, 1741]"
1429,"[1853, 1833, 1828, 1837, 1936]"
1430,"[1660, 791, 1160, 1746, 1036]"
1431,"[677, 1863, 1936, 1866, 1828]"
1432,"[89, 1526, 98, 1907, 1922]"
1433,"[1907, 113, 89, 116, 171]"
1434,"[1762, 1758, 1803, 1796, 108]"
1435,"[1705, 1704, 1924, 457, 49]"
1436,"[1705, 1704, 558, 1795, 1089]"
1437,"[1704, 670, 97, 96, 98]"
1438,"[382, 1727, 411, 89, 1251]"
1439,"[424, 1612, 1050, 1762, 368]"
1440,"[1760, 1761, 956, 171, 1675]"
1441,"[1272, 1248, 1724, 265, 920]"
1442,"[1044, 1910, 1112, 219, 1086]"
1443,"[1795, 1705, 1704, 956, 1675]"
1444,"[922, 1924, 1752, 319, 291]"
1445,"[1592, 1915, 108, 1014, 1149]"
1446,"[1076, 1907, 396, 327, 1085]"
1447,"[643, 1762, 1705, 1761, 1760]"
1448,"[1025, 937, 159, 165, 1909]"
1449,"[1041, 1907, 890, 165, 1746]"
1450,"[1133, 275, 1705, 912, 1144]"
1451,"[1902, 1926, 1073, 1030, 1552]"
1452,"[343, 1736, 1027, 441, 955]"
1453,"[1793, 1792, 1727, 1791, 1789]"
1454,"[405, 1068, 1558, 108, 1125]"
1455,"[290, 886, 1909, 1727, 1752]"
1456,"[862, 1704, 1705, 1172, 1915]"
1457,"[1789, 1787, 1788, 1144, 1705]"
1458,"[318, 424, 1793, 1790, 1791]"
1459,"[1087, 1787, 1788, 1786, 1705]"
1460,"[166, 1907, 89, 1076, 465]"
1461,"[377, 1109, 1086, 1924, 346]"
1462,"[1705, 1704, 530, 618, 1662]"
1463,"[924, 1705, 1299, 1704, 1915]"
1464,"[89, 1076, 1769, 1704, 1705]"
1465,"[1545, 1102, 165, 402, 1649]"
1466,"[292, 164, 921, 926, 1277]"
1467,"[126, 866, 705, 925, 1727]"
1468,"[461, 462, 98, 97, 96]"
1469,"[98, 97, 96, 1677, 102]"
1470,"[720, 988, 149, 1911, 985]"
1471,"[1905, 1527, 1627, 409, 1176]"
1472,"[1762, 109, 692, 1761, 1758]"
1473,"[1915, 215, 1008, 1055, 1916]"
1474,"[1527, 1627, 1905, 317, 296]"
1475,"[125, 1064, 1762, 1077, 406]"
1476,"[704, 705, 326, 711, 706]"
1477,"[1567, 1065, 956, 1549, 1697]"
1478,"[461, 1905, 1627, 1527, 409]"
1479,"[339, 819, 60, 1277, 1724]"
1480,"[89, 920, 1025, 921, 113]"
1481,"[1915, 924, 1748, 1028, 1027]"
1482,"[1526, 1897, 1922, 89, 1907]"
1483,"[677, 98, 96, 97, 688]"
1484,"[106, 1705, 1704, 1761, 1760]"
1485,"[1026, 410, 1202, 1041, 1590]"
1486,"[1700, 779, 1713, 1202, 410]"
1487,"[1837, 1828, 1833, 116, 1786]"
1488,"[1636, 442, 1705, 1924, 124]"
1489,"[1636, 438, 1907, 1695, 1637]"
1490,"[291, 102, 1746, 1144, 454]"
1491,"[289, 338, 1705, 1704, 1758]"
1492,"[925, 972, 971, 970, 969]"
1493,"[1030, 618, 1792, 1793, 1791]"
1494,"[1536, 1746, 928, 291, 102]"
1495,"[438, 1636, 615, 1807, 997]"
1496,"[1921, 1504, 1924, 1814, 171]"
1497,"[1769, 1567, 1880, 1704, 1705]"
1498,"[643, 653, 1070, 1112, 789]"
1499,"[1705, 1704, 692, 510, 848]"
1500,"[1761, 1760, 106, 1704, 1705]"
1501,"[510, 1704, 1705, 1904, 1795]"
1502,"[921, 164, 1705, 1185, 922]"
1503,"[1157, 1724, 1042, 1035, 1746]"
1504,"[1800, 1780, 1779, 1704, 1705]"
1505,"[921, 926, 1066, 811, 1189]"
1506,"[1705, 1704, 211, 1752, 1909]"
1507,"[1768, 1769, 1157, 1035, 432]"
1508,"[1884, 1705, 1704, 1040, 919]"
1509,"[1913, 1607, 1205, 271, 1269]"
1510,"[1705, 1704, 1758, 1762, 211]"
1511,"[728, 1141, 1746, 1733, 823]"
1512,"[1068, 1705, 164, 1587, 1066]"
1513,"[153, 154, 982, 1924, 1770]"
1514,"[350, 279, 1046, 154, 274]"
1515,"[1042, 445, 1762, 1758, 1760]"
1516,"[1769, 130, 1567, 1880, 1704]"
1517,"[1924, 1185, 1917, 265, 408]"
1518,"[698, 1795, 1567, 1704, 438]"
1519,"[114, 1705, 1129, 1704, 1758]"
1520,"[364, 1746, 102, 98, 97]"
1521,"[866, 1119, 314, 793, 1118]"
1522,"[1752, 1793, 1792, 1789, 1791]"
1523,"[1750, 101, 1913, 112, 1269]"
1524,"[396, 1076, 327, 618, 698]"
1525,"[946, 192, 1085, 1156, 1053]"
1526,"[924, 302, 297, 294, 1046]"
1527,"[997, 778, 1705, 1704, 886]"
1528,"[98, 97, 96, 102, 1746]"
1529,"[96, 97, 98, 102, 1746]"
1530,"[1552, 1915, 1705, 1704, 1926]"
1531,"[1025, 937, 159, 1042, 258]"
1532,"[1704, 1705, 1675, 902, 911]"
1533,"[1918, 979, 365, 1344, 211]"
1534,"[424, 346, 292, 1793, 1792]"
1535,"[1936, 1025, 937, 159, 419]"
1536,"[927, 159, 1025, 937, 1914]"
1537,"[374, 1035, 1768, 1775, 1769]"
1538,"[455, 454, 1567, 1277, 259]"
1539,"[1117, 925, 866, 937, 1905]"
1540,"[1064, 1761, 1926, 1705, 1704]"
1541,"[1185, 1752, 1704, 1705, 1025]"
1542,"[1705, 1704, 868, 1071, 1880]"
1543,"[1705, 1802, 1761, 1804, 108]"
1544,"[1119, 1027, 353, 1041, 993]"
1545,"[1726, 846, 1032, 1662, 692]"
1546,"[1917, 408, 1748, 379, 868]"
1547,"[374, 1762, 1704, 1721, 1705]"
1548,"[1818, 1820, 1819, 1837, 1828]"
1549,"[1704, 1705, 1567, 1880, 108]"
1550,"[1157, 1035, 1724, 102, 1704]"
1551,"[1704, 1273, 447, 1001, 992]"
1552,"[165, 212, 164, 1632, 921]"
1553,"[704, 928, 618, 258, 364]"
1554,"[1769, 130, 1567, 1880, 372]"
1555,"[108, 1157, 1769, 1784, 1705]"
1556,"[1068, 1713, 1788, 1787, 1789]"
1557,"[1705, 1704, 1183, 423, 1244]"
1558,"[938, 165, 1066, 1034, 1884]"
1559,"[1761, 372, 1098, 1721, 1704]"
1560,"[1705, 1704, 1758, 1202, 410]"
1561,"[114, 1742, 1533, 1880, 1705]"
1562,"[1120, 919, 175, 163, 1924]"
1563,"[372, 1042, 374, 1704, 862]"
1564,"[1899, 1705, 1704, 1071, 440]"
1565,"[97, 96, 98, 164, 937]"
1566,"[1704, 1705, 1792, 1791, 205]"
1567,"[1488, 1704, 1756, 1705, 1025]"
1568,"[1670, 923, 161, 749, 1320]"
1569,"[1567, 1705, 1704, 1043, 1185]"
1570,"[1134, 319, 699, 1530, 1613]"
1571,"[187, 1299, 98, 1126, 1677]"
1572,"[438, 1038, 1907, 1704, 1919]"
1573,"[1775, 1768, 1058, 1175, 1057]"
1574,"[1772, 1753, 1754, 1705, 1704]"
1575,"[1704, 1705, 1795, 1675, 902]"
1576,"[1138, 1164, 455, 1120, 884]"
1577,"[1705, 1704, 347, 1157, 1150]"
1578,"[1700, 96, 171, 1904, 1232]"
1579,"[440, 1147, 308, 1753, 1171]"
1580,"[116, 1926, 453, 1129, 1935]"
1581,"[114, 60, 1695, 1639, 454]"
1582,"[1488, 1924, 1299, 1676, 1298]"
1583,"[1038, 371, 380, 1705, 116]"
1584,"[321, 915, 28, 964, 1018]"
1585,"[1704, 1918, 979, 1705, 1721]"
1586,"[455, 1704, 1907, 1239, 116]"
1587,"[1627, 409, 1025, 937, 159]"
1588,"[1607, 438, 1636, 432, 1913]"
1589,"[926, 1705, 1704, 1202, 410]"
1590,"[371, 966, 451, 440, 360]"
1591,"[1704, 1705, 1306, 1550, 463]"
1592,"[1043, 1027, 1041, 1256, 1548]"
1593,"[1773, 1700, 1776, 1757, 1705]"
1594,"[409, 1646, 780, 124, 1829]"
1595,"[658, 793, 102, 1746, 96]"
1596,"[1916, 1910, 1704, 1705, 1803]"
1597,"[1704, 379, 1917, 1161, 305]"
1598,"[735, 900, 1750, 1705, 719]"
1599,"[749, 1924, 1544, 408, 1746]"
1600,"[737, 719, 1752, 1761, 1760]"
1601,"[1607, 1157, 441, 1705, 1821]"
1602,"[355, 1257, 971, 357, 347]"
1603,"[1705, 1704, 1287, 1877, 1803]"
1604,"[1157, 1035, 1255, 730, 959]"
1605,"[1915, 408, 1750, 1536, 60]"
1606,"[34, 1157, 1727, 1704, 1728]"
1607,"[1557, 1728, 1916, 1089, 1803]"
1608,"[1793, 1792, 1790, 1791, 958]"
1609,"[1762, 1761, 1758, 1705, 1704]"
1610,"[663, 656, 653, 628, 637]"
1611,"[893, 329, 1793, 862, 1789]"
1612,"[1875, 1704, 368, 1705, 609]"
1613,"[1099, 1833, 1837, 1828, 1321]"
1614,"[467, 98, 96, 97, 409]"
1615,"[102, 1746, 98, 97, 96]"
1616,"[96, 1700, 1627, 116, 1232]"
1617,"[1277, 1726, 846, 692, 1601]"
1618,"[341, 1529, 1916, 1049, 1588]"
1619,"[455, 1910, 1030, 1192, 1768]"
1620,"[728, 352, 1705, 1704, 1257]"
1621,"[1726, 846, 116, 1675, 1676]"
1622,"[1544, 1762, 1875, 1704, 1924]"
1623,"[1775, 1768, 108, 1721, 1769]"
1624,"[1936, 1935, 1833, 1837, 1828]"
1625,"[1164, 125, 331, 1035, 324]"
1626,"[1915, 1750, 163, 125, 164]"
1627,"[1027, 1704, 1609, 1256, 819]"
1628,"[455, 454, 952, 1567, 1269]"
1629,"[1752, 1030, 1926, 1112, 420]"
1630,"[925, 1118, 964, 838, 1776]"
1631,"[1261, 1042, 1705, 1704, 882]"
1632,"[1192, 1704, 455, 1129, 888]"
1633,"[906, 163, 164, 921, 1675]"
1634,"[1915, 1137, 379, 108, 271]"
1635,"[1907, 1147, 165, 1704, 1705]"
1636,"[1705, 1704, 1770, 211, 980]"
1637,"[692, 1726, 846, 1277, 1601]"
1638,"[37, 1778, 479, 480, 1147]"
1639,"[1906, 1528, 362, 808, 1910]"
1640,"[1762, 1760, 1761, 1758, 1617]"
1641,"[116, 1750, 455, 881, 1631]"
1642,"[1750, 1032, 1915, 29, 116]"
1643,"[1185, 1917, 692, 108, 1721]"
1644,"[1607, 1272, 97, 96, 98]"
1645,"[1721, 1746, 338, 675, 1705]"
1646,"[410, 1202, 1041, 323, 926]"
1647,"[116, 1724, 1884, 438, 1636]"
1648,"[116, 692, 1726, 846, 1277]"
1649,"[277, 1157, 1131, 1028, 1925]"
1650,"[255, 1282, 396, 329, 1910]"
1651,"[372, 374, 1704, 1705, 862]"
1652,"[1704, 1705, 886, 1752, 1909]"
1653,"[130, 1784, 108, 1157, 1769]"
1654,"[1070, 1607, 1157, 1704, 1517]"
1655,"[1171, 1705, 1704, 375, 1760]"
1656,"[1675, 408, 125, 1676, 116]"
1657,"[1567, 1727, 1880, 1705, 1704]"
1658,"[1704, 1705, 1748, 868, 1607]"
1659,"[98, 1310, 97, 96, 1866]"
1660,"[1155, 304, 435, 113, 1676]"
1661,"[259, 1153, 1567, 141, 223]"
1662,"[1762, 1567, 1880, 1030, 1758]"
1663,"[1627, 937, 1025, 159, 1914]"
1664,"[1704, 1441, 1705, 718, 102]"
1665,"[1617, 1762, 1760, 1761, 1758]"
1666,"[1896, 98, 97, 96, 1567]"
1667,"[1704, 1705, 1795, 1675, 902]"
1668,"[1066, 926, 1920, 615, 1705]"
1669,"[289, 291, 338, 1792, 1793]"
1670,"[171, 96, 98, 97, 1937]"
1671,"[1705, 1704, 467, 1064, 1884]"
1672,"[97, 96, 1607, 1517, 1608]"
1673,"[783, 440, 455, 454, 1567]"
1674,"[1926, 1704, 1705, 530, 618]"
1675,"[108, 455, 1042, 1025, 937]"
1676,"[223, 1936, 1935, 1833, 1828]"
1677,"[1784, 259, 1317, 278, 1567]"
1678,"[1704, 1761, 1155, 1760, 1567]"
1679,"[1618, 1907, 1763, 1705, 1753]"
1680,"[112, 98, 97, 96, 409]"
1681,"[1866, 290, 1936, 223, 1769]"
1682,"[1654, 1732, 1880, 955, 1935]"
1683,"[1704, 1705, 1924, 116, 1807]"
1684,"[455, 1704, 1761, 1760, 16]"
1685,"[1559, 1795, 1756, 1705, 1704]"
1686,"[420, 125, 1030, 1054, 279]"
1687,"[1613, 1188, 1270, 484, 1056]"
1688,"[1705, 1904, 1559, 1656, 1870]"
1689,"[1875, 1062, 318, 1704, 1705]"
1690,"[1277, 1257, 1936, 1295, 1752]"
1691,"[441, 98, 1924, 1249, 1775]"
1692,"[1742, 954, 212, 1516, 1630]"
1693,"[1202, 410, 1907, 1705, 1704]"
1694,"[1803, 1171, 706, 1705, 1704]"
1695,"[1713, 1746, 102, 921, 97]"
1696,"[1937, 97, 98, 96, 1705]"
1697,"[1201, 126, 1701, 102, 925]"
1698,"[1272, 1157, 89, 1638, 1659]"
1699,"[96, 60, 126, 1700, 1832]"
1700,"[971, 1705, 1704, 1727, 170]"
1701,"[1713, 1118, 923, 1527, 171]"
1702,"[1677, 1157, 1025, 937, 159]"
1703,"[643, 819, 653, 938, 651]"
1704,"[353, 1758, 333, 492, 1705]"
1705,"[350, 1813, 1812, 1815, 1811]"
1706,"[924, 1627, 409, 1914, 164]"
1707,"[96, 97, 98, 1746, 102]"
1708,"[1915, 1675, 60, 455, 289]"
1709,"[1759, 410, 1202, 435, 1764]"
1710,"[1700, 1924, 330, 126, 1704]"
1711,"[314, 1163, 863, 1747, 1014]"
1712,"[1201, 289, 338, 1793, 1789]"
1713,"[821, 1152, 1762, 1758, 301]"
1714,"[108, 98, 1705, 1704, 677]"
1715,"[1204, 1704, 1705, 1091, 361]"
1716,"[1704, 1705, 1477, 1826, 1762]"
1717,"[1132, 1147, 1758, 323, 1066]"
1718,"[1704, 1705, 1768, 1091, 1775]"
1719,"[1064, 1587, 97, 96, 98]"
1720,"[1030, 895, 1207, 1913, 965]"
1721,"[1704, 1705, 1777, 1765, 211]"
1722,"[455, 1676, 692, 1750, 116]"
1723,"[113, 1704, 1705, 289, 409]"
1724,"[1924, 1022, 287, 1021, 1184]"
1725,"[1133, 1592, 928, 90, 304]"
1726,"[1567, 1727, 628, 367, 1880]"
1727,"[292, 1525, 1752, 1041, 1559]"
1728,"[124, 1567, 1760, 455, 454]"
1729,"[1748, 868, 919, 165, 1025]"
1730,"[1704, 1705, 282, 1872, 1835]"
1731,"[1762, 1617, 1758, 1637, 1760]"
1732,"[338, 1752, 356, 727, 1650]"
1733,"[374, 1704, 1705, 1721, 368]"
1734,"[165, 1924, 1875, 1752, 956]"
1735,"[193, 191, 1705, 1704, 1091]"
1736,"[1746, 102, 98, 96, 97]"
1737,"[1774, 1902, 1704, 1705, 1762]"
1738,"[605, 26, 1695, 1639, 114]"
1739,"[1705, 1704, 1042, 1065, 957]"
1740,"[397, 1676, 435, 125, 113]"
1741,"[165, 159, 937, 1025, 921]"
1742,"[140, 916, 677, 688, 1746]"
1743,"[102, 1746, 97, 96, 350]"
1744,"[59, 1895, 1570, 1721, 1704]"
1745,"[368, 1157, 1769, 455, 1042]"
1746,"[1760, 1704, 1705, 1761, 1769]"
1747,"[946, 1156, 1586, 1053, 1021]"
1748,"[1042, 141, 1046, 1705, 1924]"
1749,"[1118, 878, 2, 3, 4]"
1750,"[1607, 98, 1157, 97, 96]"
1751,"[168, 1762, 679, 1704, 1926]"
1752,"[1526, 1049, 98, 97, 96]"
1753,"[1019, 1567, 1098, 1880, 1875]"
1754,"[1344, 1190, 621, 1159, 1183]"
1755,"[1705, 1704, 1762, 1758, 851]"
1756,"[865, 1747, 863, 122, 1693]"
1757,"[1704, 1936, 1705, 1759, 1041]"
1758,"[258, 1027, 1607, 1544, 1170]"
1759,"[994, 1273, 447, 265, 1787]"
1760,"[1713, 1321, 440, 409, 1131]"
1761,"[321, 922, 1134, 1567, 317]"
1762,"[1155, 424, 1704, 1927, 1761]"
1763,"[533, 361, 364, 319, 322]"
1764,"[1662, 392, 1074, 357, 1705]"
1765,"[420, 1249, 423, 1244, 171]"
1766,"[1257, 1907, 935, 1044, 1065]"
1767,"[1760, 1704, 1705, 1758, 1762]"
1768,"[1008, 1030, 1915, 887, 143]"
1769,"[372, 1724, 1157, 108, 1042]"
1770,"[1937, 1773, 1705, 1704, 1247]"
1771,"[1705, 1704, 1768, 1091, 1775]"
1772,"[102, 1746, 98, 97, 96]"
1773,"[1898, 1730, 1718, 1380, 1582]"
1774,"[1769, 130, 89, 1880, 481]"
1775,"[1071, 922, 868, 1627, 291]"
1776,"[1157, 1035, 1768, 1769, 902]"
1777,"[1705, 1704, 496, 1795, 1769]"
1778,"[1704, 1705, 1795, 1675, 902]"
1779,"[1704, 1705, 1795, 1758, 1073]"
1780,"[1038, 371, 1161, 380, 1776]"
1781,"[1926, 862, 1697, 164, 922]"
1782,"[292, 98, 1655, 1636, 442]"
1783,"[159, 937, 921, 1025, 1153]"
1784,"[1737, 1789, 1791, 1790, 1059]"
1785,"[1607, 390, 1272, 1157, 1608]"
1786,"[1179, 1178, 1880, 276, 397]"
1787,"[1753, 297, 1924, 1147, 1157]"
1788,"[902, 599, 595, 593, 597]"
1789,"[1918, 979, 1704, 1705, 1795]"
1790,"[277, 1028, 1925, 346, 97]"
1791,"[1700, 96, 171, 1904, 1232]"
1792,"[1056, 692, 379, 1793, 1792]"
1793,"[1775, 1760, 1761, 1768, 698]"
1794,"[692, 1726, 846, 1277, 1601]"
1795,"[97, 96, 98, 1937, 1133]"
1796,"[420, 794, 1704, 925, 938]"
1797,"[1704, 1705, 1636, 438, 455]"
1798,"[1704, 1705, 510, 1904, 1753]"
1799,"[396, 1837, 1828, 1833, 1936]"
1800,"[1880, 1784, 98, 1157, 1783]"
1801,"[350, 1559, 1286, 1122, 149]"
1802,"[126, 97, 96, 171, 102]"
1803,"[126, 470, 620, 1700, 171]"
1804,"[124, 1746, 159, 937, 1025]"
1805,"[1896, 888, 1760, 1761, 1567]"
1806,"[1062, 401, 385, 1157, 1705]"
1807,"[98, 89, 789, 1704, 1705]"
1808,"[1179, 1051, 276, 1008, 1061]"
1809,"[1617, 1761, 1760, 1758, 1762]"
1810,"[1787, 1788, 1789, 1786, 1705]"
1811,"[692, 1726, 846, 1277, 1601]"
1812,"[28, 1792, 1793, 1789, 1790]"
1813,"[1042, 269, 455, 920, 862]"
1814,"[1756, 205, 144, 620, 470]"
1815,"[126, 96, 1700, 116, 1250]"
1816,"[1601, 1884, 1705, 1704, 1880]"
1817,"[1705, 1704, 675, 1654, 1924]"
1818,"[1068, 779, 153, 1081, 902]"
1819,"[607, 643, 1113, 128, 1639]"
1820,"[1687, 1265, 1264, 434, 442]"
1821,"[1659, 410, 1202, 1704, 1705]"
1822,"[719, 737, 150, 79, 1704]"
1823,"[1906, 1528, 615, 1271, 1091]"
1824,"[97, 96, 164, 1025, 937]"
1825,"[922, 98, 97, 96, 102]"
1826,"[675, 1750, 919, 1746, 1021]"
1827,"[928, 1196, 1533, 921, 1626]"
1828,"[1073, 116, 1924, 89, 1676]"
1829,"[1705, 1704, 1880, 1567, 1914]"
1830,"[165, 1837, 1828, 1833, 1936]"
1831,"[257, 319, 1134, 1270, 1613]"
1832,"[1073, 1115, 1704, 1705, 1119]"
1833,"[1721, 379, 1040, 318, 1758]"
1834,"[926, 452, 403, 1300, 1301]"
1835,"[1924, 1753, 1793, 1792, 1790]"
1836,"[454, 98, 97, 96, 455]"
1837,"[373, 365, 1154, 1704, 1070]"
1838,"[116, 1636, 438, 455, 1183]"
1839,"[1704, 1705, 1072, 1752, 1529]"
1840,"[454, 455, 1824, 1112, 1567]"
1841,"[1705, 1914, 1730, 1718, 1898]"
1842,"[1721, 108, 1705, 1704, 1746]"
1843,"[1529, 164, 408, 1034, 920]"
1844,"[165, 164, 1636, 692, 1742]"
1845,"[1915, 677, 1704, 1837, 1833]"
1846,"[1924, 1704, 1705, 1070, 1025]"
1847,"[1202, 410, 1607, 1924, 478]"
1848,"[363, 1761, 699, 1056, 1705]"
1849,"[1119, 1746, 102, 1926, 98]"
1850,"[692, 1726, 846, 1601, 1277]"
1851,"[409, 318, 1914, 920, 159]"
1852,"[1185, 1344, 1704, 1705, 408]"
1853,"[1705, 1704, 1675, 89, 920]"
1854,"[455, 1924, 1750, 102, 124]"
1855,"[628, 663, 656, 653, 642]"
1856,"[374, 89, 1768, 1775, 1704]"
1857,"[1250, 1259, 1253, 73, 1727]"
1858,"[1721, 108, 1704, 1705, 1924]"
1859,"[1924, 1884, 455, 619, 165]"
1860,"[1690, 165, 175, 938, 164]"
1861,"[1936, 920, 1295, 1638, 1793]"
1862,"[1670, 1742, 1516, 1564, 1541]"
1863,"[1915, 1762, 338, 1704, 1705]"
1864,"[1607, 1299, 1517, 97, 96]"
1865,"[1607, 98, 1740, 1675, 97]"
1866,"[1705, 1704, 601, 1924, 478]"
1867,"[98, 1157, 97, 96, 1299]"
1868,"[677, 206, 972, 969, 976]"
1869,"[454, 1915, 455, 98, 96]"
1870,"[1275, 465, 455, 454, 1910]"
1871,"[1704, 1705, 1760, 1775, 1761]"
1872,"[1760, 1704, 1705, 966, 1762]"
1873,"[973, 974, 206, 978, 968]"
1874,"[170, 931, 176, 925, 924]"
1875,"[664, 119, 666, 862, 1700]"
1876,"[1050, 1649, 415, 273, 1651]"
1877,"[1760, 925, 1704, 1705, 441]"
1878,"[328, 757, 361, 1041, 851]"
1879,"[164, 166, 89, 921, 1025]"
1880,"[1705, 1704, 1762, 1758, 851]"
1881,"[962, 915, 424, 937, 159]"
1882,"[165, 125, 409, 1704, 1705]"
1883,"[1675, 408, 1915, 1050, 1025]"
1884,"[1705, 1704, 387, 379, 1762]"
1885,"[368, 98, 97, 96, 1746]"
1886,"[108, 455, 1042, 1025, 937]"
1887,"[906, 1915, 1185, 1552, 163]"
1888,"[1705, 1704, 863, 1747, 865]"
1889,"[1567, 98, 97, 96, 102]"
1890,"[1761, 1769, 1760, 1775, 1704]"
1891,"[1713, 1746, 102, 1313, 98]"
1892,"[455, 89, 1910, 454, 467]"
1893,"[292, 1760, 1761, 1617, 1762]"
1894,"[125, 455, 1676, 1924, 603]"
1895,"[1277, 1726, 846, 692, 1601]"
1896,"[170, 931, 919, 924, 165]"
1897,"[911, 1483, 1924, 351, 1008]"
1898,"[89, 1202, 410, 1676, 922]"
1899,"[1567, 1880, 1705, 114, 1789]"
1900,"[16, 1762, 1758, 172, 934]"
1901,"[478, 377, 163, 1147, 906]"
1902,"[761, 37, 960, 152, 1652]"
1903,"[120, 1587, 112, 96, 98]"
1904,"[1752, 1705, 1704, 923, 1516]"
1905,"[1705, 1704, 1567, 1880, 1807]"
1906,"[1769, 1567, 1880, 1704, 1705]"
1907,"[1157, 898, 1673, 1626, 1518]"
1908,"[1705, 509, 583, 1761, 1471]"
1909,"[112, 409, 890, 1627, 1527]"
1910,"[1746, 102, 97, 98, 96]"
1911,"[1704, 1705, 1835, 1303, 73]"
1912,"[370, 986, 1139, 1705, 1704]"
1913,"[1745, 1671, 1616, 1036, 60]"
1914,"[1077, 1046, 971, 1021, 197]"
1915,"[1607, 1517, 1272, 1608, 1586]"
1916,"[441, 1031, 221, 1699, 401]"
1917,"[1924, 60, 98, 97, 96]"
1918,"[1705, 1704, 440, 1904, 1756]"
1919,"[1042, 141, 1724, 914, 1025]"
1920,"[97, 96, 98, 1157, 1131]"
1921,"[1750, 1125, 455, 114, 112]"
1922,"[920, 1761, 7, 1705, 1627]"
1923,"[1705, 1918, 979, 1760, 1761]"
1924,"[1705, 1704, 1845, 1851, 1841]"
1925,"[1724, 98, 1608, 97, 96]"
1926,"[1907, 419, 455, 454, 113]"
1927,"[361, 921, 757, 1705, 768]"
1928,"[108, 1705, 1704, 496, 1795]"
1929,"[1762, 1705, 1704, 862, 1042]"
1930,"[1769, 1567, 1880, 1704, 765]"
1931,"[1192, 361, 779, 1053, 368]"
1932,"[1042, 1705, 374, 372, 409]"
1933,"[1436, 1772, 1866, 106, 927]"
1934,"[1704, 1705, 1924, 97, 96]"
1935,"[1613, 1627, 164, 1904, 455]"
1936,"[1607, 946, 1272, 1608, 96]"
1937,"[102, 1746, 97, 98, 96]"
1938,"[1916, 1277, 98, 1280, 97]"
1939,"[374, 368, 361, 1721, 108]"
1940,"[1133, 1916, 1917, 1155, 165]"
1941,"[101, 1704, 1705, 408, 60]"
1942,"[1029, 1116, 361, 1518, 96]"
1943,"[1705, 1704, 1150, 1835, 1037]"
1944,"[1030, 165, 159, 1025, 937]"
1945,"[956, 302, 297, 294, 113]"
1946,"[1704, 1705, 1775, 1768, 1762]"
1947,"[371, 1148, 1651, 1762, 862]"
1948,"[286, 1659, 1649, 395, 1075]"
1949,"[1150, 292, 1008, 165, 1659]"
1950,"[1760, 454, 1704, 1705, 1675]"
1951,"[1557, 1721, 361, 108, 1704]"
1952,"[1727, 1105, 361, 1202, 410]"
1953,"[1713, 915, 663, 656, 653]"
1954,"[98, 97, 96, 1567, 114]"
1955,"[1695, 1793, 1792, 1789, 1790]"
1956,"[1705, 1704, 1761, 1760, 454]"
1957,"[920, 89, 862, 886, 1909]"
1958,"[1185, 359, 408, 1120, 1154]"
1959,"[1705, 1064, 438, 1636, 1704]"
1960,"[862, 1793, 1789, 606, 1695]"
1961,"[906, 455, 163, 175, 921]"
1962,"[1617, 125, 292, 926, 1125]"
1963,"[1659, 165, 1749, 1202, 410]"
1964,"[1918, 979, 1704, 1705, 1300]"
1965,"[364, 102, 1746, 96, 97]"
1966,"[1567, 1880, 1884, 454, 1705]"
1967,"[170, 165, 1202, 410, 164]"
1968,"[456, 454, 461, 463, 465]"
1969,"[189, 946, 948, 193, 192]"
1970,"[961, 1479, 1464, 751, 589]"
1971,"[455, 454, 1041, 1567, 967]"
1972,"[361, 108, 1802, 1705, 1760]"
1973,"[96, 1832, 1704, 1705, 1873]"
1974,"[1636, 1721, 438, 1157, 124]"
1975,"[372, 1070, 1705, 1042, 455]"
1976,"[1924, 848, 901, 1704, 1705]"
1977,"[372, 374, 89, 724, 97]"
1978,"[98, 97, 96, 1567, 1916]"
1979,"[368, 692, 372, 190, 1034]"
1980,"[116, 675, 1724, 1746, 455]"
1981,"[1704, 1705, 1768, 1769, 1775]"
1982,"[1705, 1085, 1704, 1124, 1788]"
1983,"[455, 1727, 1676, 113, 1705]"
1984,"[1607, 1272, 1608, 98, 1157]"
1985,"[1246, 371, 1762, 1758, 1065]"
1986,"[1918, 979, 789, 1870, 1738]"
1987,"[1073, 925, 1066, 1937, 320]"
1988,"[321, 1704, 1705, 291, 1915]"
1989,"[116, 528, 1761, 1936, 1507]"
1990,"[1746, 1705, 1704, 533, 49]"
1991,"[692, 1726, 693, 846, 1705]"
1992,"[1142, 946, 633, 98, 1073]"
1993,"[961, 2, 3, 1705, 1085]"
1994,"[187, 1590, 89, 1680, 1630]"
1995,"[216, 60, 139, 1099, 108]"
1996,"[116, 1762, 1758, 1924, 455]"
1997,"[728, 724, 738, 1293, 1861]"
1998,"[1758, 1762, 1705, 1761, 1760]"
1999,"[1758, 106, 1567, 1705, 1704]"
2000,"[454, 1014, 16, 1762, 455]"
2001,"[1724, 1184, 1742, 437, 287]"
2002,"[1071, 1704, 1705, 1748, 1899]"
2003,"[420, 96, 60, 1700, 1924]"
2004,"[1704, 1705, 980, 1930, 1787]"
2005,"[1567, 920, 165, 1705, 1704]"
2006,"[1875, 1705, 1803, 354, 1800]"
2007,"[60, 114, 1704, 1880, 1567]"
2008,"[1185, 925, 1705, 1704, 408]"
2009,"[1750, 1753, 1924, 675, 1746]"
2010,"[1907, 1705, 1704, 1752, 211]"
2011,"[363, 1530, 1613, 257, 1188]"
2012,"[1257, 1081, 1705, 1704, 1664]"
2013,"[1268, 1022, 327, 1705, 1704]"
2014,"[102, 1746, 1924, 919, 1884]"
2015,"[938, 1915, 455, 175, 1675]"
2016,"[1936, 290, 300, 1833, 1828]"
2017,"[1077, 1761, 1705, 1704, 1281]"
2018,"[1675, 125, 1344, 408, 116]"
2019,"[1192, 106, 1676, 1526, 114]"
2020,"[455, 454, 1704, 1705, 1742]"
2021,"[1587, 1904, 1705, 1704, 1762]"
2022,"[375, 1907, 1147, 1705, 1567]"
2023,"[165, 60, 1540, 1746, 102]"
2024,"[1674, 1727, 1019, 1704, 1705]"
2025,"[1724, 102, 409, 374, 1927]"
2026,"[1674, 1916, 1272, 762, 848]"
2027,"[290, 1615, 1538, 1556, 313]"
2028,"[1936, 1758, 1777, 1765, 1704]"
2029,"[1050, 455, 1052, 915, 1035]"
2030,"[1916, 1014, 1779, 1800, 1780]"
2031,"[1704, 1619, 165, 918, 928]"
2032,"[1915, 1704, 89, 1905, 455]"
2033,"[780, 59, 1705, 1762, 1758]"
2034,"[1704, 1705, 1526, 1897, 1922]"
2035,"[478, 1705, 1704, 1884, 1924]"
2036,"[478, 1924, 119, 1549, 1704]"
2037,"[1705, 1704, 452, 1300, 403]"
2038,"[1199, 1742, 1564, 1541, 1548]"
2039,"[1752, 152, 919, 862, 211]"
2040,"[98, 97, 96, 1636, 438]"
2041,"[455, 454, 461, 467, 463]"
2042,"[1710, 1746, 1297, 1270, 675]"
2043,"[192, 1662, 1704, 1705, 312]"
2044,"[1205, 271, 788, 1913, 1704]"
2045,"[1550, 1760, 1761, 1536, 1705]"
2046,"[1704, 1792, 1793, 1790, 1789]"
2047,"[1705, 1704, 361, 1567, 1880]"
2048,"[30, 1287, 1326, 1895, 1875]"
2049,"[1705, 1704, 1257, 1607, 1185]"
2050,"[1026, 164, 165, 938, 919]"
2051,"[1070, 1769, 335, 1874, 1740]"
2052,"[1118, 97, 1522, 1541, 1073]"
2053,"[692, 846, 1726, 1191, 1119]"
2054,"[1066, 1312, 1705, 1704, 915]"
2055,"[1704, 1705, 1257, 1777, 1765]"
2056,"[1795, 1704, 211, 1907, 1239]"
2057,"[1750, 1762, 16, 679, 682]"
2058,"[1924, 292, 1655, 290, 1704]"
2059,"[368, 455, 1637, 372, 107]"
2060,"[921, 97, 96, 1704, 1705]"
2061,"[353, 1803, 1800, 333, 1187]"
2062,"[1704, 1705, 97, 96, 89]"
2063,"[165, 175, 938, 496, 1724]"
2064,"[116, 113, 455, 89, 1676]"
2065,"[124, 164, 163, 921, 175]"
2066,"[1795, 1134, 1132, 1130, 1124]"
2067,"[1705, 1704, 1792, 1791, 1753]"
2068,"[1030, 165, 1916, 1029, 1915]"
2069,"[455, 114, 1695, 603, 116]"
2070,"[1705, 1704, 1207, 728, 347]"
2071,"[290, 1752, 1936, 1041, 1828]"
2072,"[1157, 390, 1113, 28, 1115]"
2073,"[379, 116, 16, 1762, 1704]"
2074,"[1704, 1705, 1872, 1835, 1648]"
2075,"[351, 359, 125, 781, 1803]"
2076,"[1884, 619, 455, 438, 1636]"
2077,"[440, 783, 102, 1607, 372]"
2078,"[1753, 1704, 1705, 1755, 1924]"
2079,"[1752, 1704, 1705, 211, 676]"
2080,"[1011, 692, 1125, 1637, 401]"
2081,"[291, 346, 1070, 1299, 1762]"
2082,"[1185, 1917, 960, 1675, 200]"
2083,"[138, 692, 98, 97, 96]"
2084,"[1695, 1603, 1704, 1705, 1746]"
2085,"[1704, 1705, 289, 1926, 1905]"
2086,"[1773, 1705, 1704, 1875, 1152]"
2087,"[356, 1030, 165, 116, 1786]"
2088,"[79, 440, 447, 1273, 1100]"
2089,"[314, 128, 856, 1028, 116]"
2090,"[1613, 1530, 257, 1270, 1127]"
2091,"[1627, 1704, 1705, 1071, 164]"
2092,"[97, 96, 98, 1746, 102]"
2093,"[1607, 1517, 97, 96, 692]"
2094,"[1147, 1523, 1726, 390, 1649]"
2095,"[409, 1907, 396, 1526, 1113]"
2096,"[372, 211, 1705, 1704, 1752]"
2097,"[1607, 1517, 89, 98, 1904]"
2098,"[1760, 1761, 1758, 1762, 1112]"
2099,"[1704, 1705, 1773, 1655, 783]"
2100,"[1676, 1253, 116, 1705, 1704]"
2101,"[1760, 906, 163, 116, 919]"
2102,"[1072, 1769, 1705, 1704, 1064]"
2103,"[1269, 440, 1076, 396, 1704]"
2104,"[165, 1924, 79, 164, 113]"
2105,"[1027, 1612, 1065, 1034, 1041]"
2106,"[959, 715, 762, 782, 745]"
2107,"[165, 159, 1025, 937, 1746]"
2108,"[116, 1676, 113, 1675, 89]"
2109,"[1761, 1760, 1567, 1762, 1617]"
2110,"[1617, 1760, 1761, 455, 124]"
2111,"[1545, 618, 214, 1900, 1066]"
2112,"[670, 1897, 1922, 1526, 1907]"
2113,"[1915, 1727, 1771, 1704, 372]"
2114,"[1607, 1517, 1724, 1083, 98]"
2115,"[102, 1746, 97, 96, 98]"
2116,"[451, 1896, 1157, 1922, 1897]"
2117,"[175, 919, 937, 159, 1025]"
2118,"[1724, 455, 692, 765, 1299]"
2119,"[1613, 257, 1677, 1874, 1704]"
2120,"[440, 114, 1792, 1793, 1789]"
2121,"[1526, 113, 116, 1775, 1676]"
2122,"[1676, 1900, 125, 1675, 112]"
2123,"[1762, 1758, 1761, 1760, 1617]"
2124,"[1915, 112, 530, 1704, 509]"
2125,"[1704, 1705, 1896, 106, 1907]"
2126,"[1746, 1297, 1749, 1750, 478]"
2127,"[1788, 1789, 1787, 1790, 1793]"
2128,"[1617, 1761, 1760, 1705, 1704]"
2129,"[102, 1746, 96, 98, 97]"
2130,"[211, 165, 151, 979, 1918]"
2131,"[1192, 1769, 1567, 1704, 1705]"
2132,"[89, 97, 96, 455, 409]"
2133,"[1627, 924, 1073, 409, 1914]"
2134,"[1638, 1704, 1705, 1239, 1875]"
2135,"[1924, 1704, 1705, 1758, 1760]"
2136,"[956, 905, 1718, 1582, 49]"
2137,"[108, 1705, 1724, 1761, 1760]"
2138,"[922, 954, 1073, 681, 609]"
2139,"[1726, 846, 1277, 692, 1705]"
2140,"[928, 1607, 258, 97, 96]"
2141,"[372, 1049, 1147, 1165, 1613]"
2142,"[372, 1557, 1746, 390, 98]"
2143,"[1724, 455, 1746, 79, 102]"
2144,"[361, 1704, 1705, 1758, 1762]"
2145,"[97, 96, 98, 1937, 1559]"
2146,"[1705, 1704, 171, 1477, 1826]"
2147,"[374, 1768, 1704, 1775, 1762]"
2148,"[1704, 1690, 939, 1705, 938]"
2149,"[465, 461, 1310, 459, 1309]"
2150,"[886, 1909, 1025, 159, 921]"
2151,"[1924, 438, 1636, 257, 1746]"
2152,"[1758, 1762, 1567, 1704, 1705]"
2153,"[171, 1874, 1705, 1870, 1824]"
2154,"[1098, 1157, 1761, 1704, 1705]"
2155,"[1704, 1705, 1777, 1765, 480]"
2156,"[1119, 1713, 1313, 1926, 793]"
2157,"[435, 1156, 1053, 1021, 1586]"
2158,"[1607, 946, 1608, 192, 1157]"
2159,"[1790, 1793, 1792, 440, 1027]"
2160,"[1915, 1148, 1762, 1651, 1758]"
2161,"[1705, 1704, 1274, 1758, 1762]"
2162,"[89, 97, 96, 1704, 1705]"
2163,"[1705, 1704, 1750, 112, 113]"
2164,"[1705, 1704, 1762, 1758, 1557]"
2165,"[1693, 121, 1770, 97, 1742]"
2166,"[1697, 862, 455, 920, 1201]"
2167,"[1185, 1567, 1720, 1880, 367]"
2168,"[290, 1866, 1828, 1837, 1833]"
2169,"[1760, 1761, 1617, 1758, 1762]"
2170,"[1935, 1295, 1936, 1277, 1086]"
2171,"[102, 1746, 97, 98, 96]"
2172,"[1758, 106, 1775, 1567, 1762]"
2173,"[1042, 1762, 1705, 1704, 862]"
2174,"[1704, 1705, 1035, 1257, 1607]"
2175,"[341, 1064, 1077, 1102, 438]"
2176,"[1025, 937, 159, 455, 1239]"
2177,"[368, 1700, 1756, 372, 1014]"
2178,"[211, 1705, 1704, 1752, 1909]"
2179,"[1915, 1705, 1704, 1796, 170]"
2180,"[1018, 1770, 361, 1021, 265]"
2181,"[98, 97, 96, 164, 921]"
2182,"[1769, 372, 135, 130, 1567]"
2183,"[455, 1924, 1171, 438, 1636]"
2184,"[1704, 1705, 1761, 1760, 1030]"
2185,"[1915, 1926, 1030, 1907, 1921]"
2186,"[890, 1705, 1704, 112, 1627]"
2187,"[440, 1704, 1705, 1773, 1800]"
2188,"[1902, 438, 1636, 675, 1038]"
2189,"[455, 106, 1721, 1704, 1705]"
2190,"[868, 1748, 1132, 409, 96]"
2191,"[7, 159, 164, 1120, 618]"
2192,"[1866, 1936, 1865, 1863, 90]"
2193,"[1637, 324, 688, 335, 1014]"
2194,"[1176, 1096, 370, 1788, 1705]"
2195,"[1704, 1705, 362, 1758, 1762]"
2196,"[1727, 116, 1704, 1705, 1025]"
2197,"[1863, 1936, 1828, 1833, 1837]"
2198,"[89, 1907, 670, 1705, 1704]"
2199,"[1705, 1704, 116, 1030, 692]"
2200,"[1914, 1913, 1160, 1926, 1067]"
2201,"[368, 1609, 1704, 1775, 1567]"
2202,"[1704, 1705, 455, 629, 628]"
2203,"[98, 96, 97, 102, 1746]"
2204,"[165, 1649, 125, 1705, 1704]"
2205,"[1567, 106, 1896, 1705, 1704]"
2206,"[1758, 1769, 1567, 1880, 106]"
2207,"[1070, 108, 1157, 1042, 1613]"
2208,"[442, 1302, 440, 1649, 1770]"
2209,"[1795, 329, 1770, 922, 1263]"
2210,"[1143, 1753, 1144, 345, 346]"
2211,"[1917, 1636, 438, 455, 1080]"
2212,"[292, 1758, 1762, 1705, 1704]"
2213,"[1558, 1607, 1550, 98, 1704]"
2214,"[1724, 455, 1042, 692, 102]"
2215,"[921, 164, 868, 163, 1748]"
2216,"[203, 989, 1185, 283, 1566]"
2217,"[956, 1761, 1760, 457, 1730]"
2218,"[794, 4, 749, 126, 1313]"
2219,"[606, 607, 781, 723, 643]"
2220,"[1792, 1793, 1790, 1789, 1727]"
2221,"[1157, 1724, 1035, 102, 1746]"
2222,"[1108, 952, 706, 1155, 386]"
2223,"[1488, 83, 901, 28, 1757]"
2224,"[1907, 102, 1567, 750, 98]"
2225,"[1907, 70, 1131, 1115, 341]"
2226,"[1769, 1567, 1758, 211, 1705]"
2227,"[1704, 1705, 1275, 1907, 1204]"
2228,"[1705, 1704, 530, 1924, 618]"
2229,"[1025, 937, 159, 165, 921]"
2230,"[1746, 102, 98, 96, 97]"
2231,"[1916, 1536, 1526, 1588, 1030]"
2232,"[1030, 1910, 956, 1705, 1704]"
2233,"[171, 1717, 1675, 902, 1303]"
2234,"[379, 1186, 1713, 97, 96]"
2235,"[1705, 1704, 1441, 1795, 1904]"
2236,"[1705, 98, 89, 1659, 1704]"
2237,"[321, 447, 1273, 1157, 1275]"
2238,"[1567, 116, 1880, 1727, 171]"
2239,"[1900, 1675, 1750, 1915, 101]"
2240,"[628, 656, 663, 651, 653]"
2241,"[1705, 1207, 1704, 670, 116]"
2242,"[952, 1133, 1626, 892, 1673]"
2243,"[1724, 455, 1042, 692, 102]"
2244,"[1656, 1824, 1705, 1870, 675]"
2245,"[290, 171, 350, 1122, 1286]"
2246,"[1672, 1749, 1795, 1770, 922]"
2247,"[694, 466, 1752, 1776, 1757]"
2248,"[368, 1705, 1704, 688, 1758]"
2249,"[1704, 1372, 368, 1768, 1775]"
2250,"[142, 1102, 914, 435, 201]"
2251,"[692, 1104, 1704, 1705, 1724]"
2252,"[1760, 1761, 693, 1762, 1030]"
2253,"[1040, 368, 1299, 1899, 1011]"
2254,"[1717, 214, 774, 433, 1649]"
2255,"[1127, 1156, 835, 1733, 1609]"
2256,"[1750, 97, 98, 96, 102]"
2257,"[1118, 1700, 1778, 1937, 1773]"
2258,"[1726, 1705, 1704, 846, 1601]"
2259,"[16, 1129, 1910, 1769, 1704]"
2260,"[1032, 922, 618, 1077, 1637]"
2261,"[203, 393, 1705, 1704, 989]"
2262,"[1202, 410, 1277, 1936, 1257]"
2263,"[1157, 1344, 1790, 1704, 1792]"
2264,"[1631, 882, 881, 880, 879]"
2265,"[1760, 98, 97, 292, 1125]"
2266,"[988, 149, 915, 971, 150]"
2267,"[221, 1065, 862, 136, 455]"
2268,"[424, 1907, 470, 620, 1704]"
2269,"[1907, 1358, 1704, 1705, 1924]"
2270,"[424, 1030, 1752, 1064, 956]"
2271,"[911, 1911, 211, 980, 979]"
2272,"[292, 692, 688, 677, 1270]"
2273,"[1936, 1907, 1863, 1566, 1935]"
2274,"[1086, 1936, 1295, 374, 1202]"
2275,"[259, 368, 731, 1705, 454]"
2276,"[1636, 1113, 1704, 1705, 126]"
2277,"[125, 455, 1147, 408, 1753]"
2278,"[1907, 1916, 114, 116, 1113]"
2279,"[1704, 1705, 1753, 1675, 902]"
2280,"[1718, 533, 1380, 1717, 1675]"
2281,"[455, 461, 1526, 454, 467]"
2282,"[1746, 150, 1907, 165, 113]"
2283,"[692, 1761, 1884, 1758, 1762]"
2284,"[1043, 1762, 921, 164, 165]"
2285,"[98, 1607, 1724, 97, 96]"
2286,"[1244, 423, 902, 1612, 124]"
2287,"[706, 709, 1721, 1704, 1705]"
2288,"[314, 1313, 118, 368, 865]"
2289,"[1064, 438, 1636, 455, 116]"
2290,"[1705, 1704, 108, 1775, 1768]"
2291,"[1705, 1924, 1147, 1030, 126]"
2292,"[455, 454, 220, 375, 1068]"
2293,"[1913, 1704, 1705, 1269, 676]"
2294,"[108, 1098, 1705, 1704, 1762]"
2295,"[1764, 1759, 458, 1704, 1705]"
2296,"[1694, 1762, 1758, 1704, 341]"
2297,"[113, 98, 1039, 409, 921]"
2298,"[259, 256, 1567, 1792, 1793]"
2299,"[449, 1275, 94, 1273, 447]"
2300,"[374, 1721, 1704, 1705, 368]"
2301,"[1705, 1704, 1807, 1924, 478]"
2302,"[1764, 1759, 1756, 1792, 1791]"
2303,"[1746, 675, 1749, 1750, 919]"
2304,"[1915, 1705, 1704, 1049, 1134]"
2305,"[292, 1915, 108, 60, 114]"
2306,"[1651, 1026, 604, 1936, 1666]"
2307,"[1705, 1704, 1898, 1058, 1877]"
2308,"[438, 1636, 1277, 1192, 440]"
2309,"[1119, 122, 866, 793, 812]"
2310,"[1915, 451, 1704, 1705, 1034]"
2311,"[381, 1917, 408, 359, 116]"
2312,"[125, 1705, 116, 1073, 455]"
2313,"[1704, 1705, 1577, 1795, 1675]"
2314,"[130, 1769, 89, 1880, 1567]"
2315,"[1795, 1704, 1705, 496, 1675]"
2316,"[1064, 116, 868, 1748, 1924]"
2317,"[1705, 1704, 1916, 93, 1907]"
2318,"[374, 1775, 1768, 1781, 1782]"
2319,"[409, 124, 1313, 1746, 619]"
2320,"[1044, 175, 1041, 1039, 935]"
2321,"[1913, 1269, 440, 1758, 1705]"
2322,"[1607, 1272, 98, 1608, 1586]"
2323,"[1561, 453, 102, 1746, 97]"
2324,"[704, 731, 70, 137, 1636]"
2325,"[1750, 1753, 1705, 1704, 116]"
2326,"[975, 977, 210, 604, 271]"
2327,"[900, 1758, 1704, 1705, 321]"
2328,"[128, 331, 1704, 1705, 441]"
2329,"[1704, 1705, 793, 368, 125]"
2330,"[98, 97, 96, 102, 1746]"
2331,"[137, 1636, 438, 1073, 925]"
2332,"[1617, 126, 1760, 1761, 1458]"
2333,"[1704, 374, 1705, 1775, 1768]"
2334,"[1761, 1760, 1617, 1762, 1758]"
2335,"[1157, 1906, 900, 692, 1909]"
2336,"[946, 192, 1085, 1157, 1202]"
2337,"[878, 1035, 1536, 424, 1072]"
2338,"[1704, 1705, 363, 1765, 1777]"
2339,"[1067, 1704, 1705, 1913, 1053]"
2340,"[1690, 789, 1705, 1704, 1659]"
2341,"[1900, 1543, 1034, 1675, 1927]"
2342,"[1530, 1613, 257, 363, 209]"
2343,"[1700, 866, 628, 663, 656]"
2344,"[1752, 1902, 601, 1704, 1760]"
2345,"[1705, 997, 714, 1112, 1694]"
2346,"[1705, 1704, 1441, 1795, 1904]"
2347,"[347, 1750, 1638, 1704, 1705]"
2348,"[675, 1746, 1636, 438, 914]"
2349,"[356, 153, 911, 1705, 1704]"
2350,"[455, 1038, 438, 1636, 1166]"
2351,"[1750, 424, 116, 1067, 928]"
2352,"[1273, 447, 1639, 359, 1758]"
2353,"[113, 165, 302, 297, 294]"
2354,"[1120, 706, 1910, 782, 1091]"
2355,"[89, 1800, 1779, 1780, 1791]"
2356,"[1753, 1249, 1704, 1752, 211]"
2357,"[257, 1613, 1530, 1875, 89]"
2358,"[116, 692, 693, 1726, 846]"
2359,"[292, 1064, 1113, 1704, 1705]"
2360,"[1607, 441, 1313, 97, 96]"
2361,"[1726, 455, 1191, 441, 454]"
2362,"[1617, 1761, 1760, 1687, 1264]"
2363,"[116, 692, 1726, 846, 1277]"
2364,"[960, 374, 1705, 1037, 752]"
2365,"[102, 1746, 96, 98, 97]"
2366,"[1704, 455, 1884, 1880, 1705]"
2367,"[1192, 1129, 856, 451, 114]"
2368,"[1704, 1705, 410, 1202, 1727]"
2369,"[96, 97, 98, 1557, 1533]"
2370,"[1017, 197, 1086, 1752, 1640]"
2371,"[165, 992, 1056, 1613, 1185]"
2372,"[1185, 340, 992, 327, 361]"
2373,"[98, 97, 96, 677, 1550]"
2374,"[1704, 1705, 1477, 757, 510]"
2375,"[1924, 1549, 890, 112, 1713]"
2376,"[1705, 1904, 455, 454, 1192]"
2377,"[1526, 1035, 1041, 1899, 1117]"
2378,"[862, 1795, 1843, 1842, 906]"
2379,"[164, 921, 159, 1025, 937]"
2380,"[1704, 1705, 424, 1762, 1207]"
2381,"[1705, 379, 1752, 1913, 1758]"
2382,"[359, 1185, 408, 1675, 1207]"
2383,"[1652, 1014, 440, 1705, 1269]"
2384,"[1655, 351, 1186, 862, 1697]"
2385,"[349, 388, 67, 1705, 1795]"
2386,"[89, 97, 96, 1065, 916]"
2387,"[990, 1704, 1705, 340, 162]"
2388,"[688, 1560, 1030, 410, 1202]"
2389,"[588, 402, 678, 42, 771]"
2390,"[1724, 1102, 1729, 778, 692]"
2391,"[1766, 199, 1762, 1768, 1775]"
2392,"[314, 959, 1923, 313, 355]"
2393,"[1617, 670, 1722, 1655, 926]"
2394,"[1607, 1517, 1062, 1705, 1704]"
2395,"[1157, 108, 1042, 1613, 1035]"
2396,"[1277, 1025, 937, 159, 165]"
2397,"[900, 114, 455, 454, 326]"
2398,"[368, 291, 1011, 1586, 1053]"
2399,"[1704, 1705, 692, 403, 1202]"
2400,"[455, 1042, 862, 741, 692]"
2401,"[149, 1030, 1280, 190, 424]"
2402,"[935, 382, 387, 223, 1055]"
2403,"[1704, 1705, 1753, 1763, 1765]"
2404,"[361, 757, 692, 741, 768]"
2405,"[1649, 1923, 314, 959, 1918]"
2406,"[409, 165, 1750, 125, 920]"
2407,"[1042, 455, 1746, 102, 1705]"
2408,"[331, 1113, 1705, 1704, 396]"
2409,"[1763, 1705, 1795, 1704, 1752]"
2410,"[1202, 410, 302, 297, 294]"
2411,"[1277, 1662, 257, 1674, 289]"
2412,"[1792, 1793, 1790, 1789, 1791]"
2413,"[1907, 1896, 124, 98, 97]"
2414,"[1705, 1913, 886, 1704, 1909]"
2415,"[372, 1724, 455, 692, 1705]"
2416,"[856, 855, 1570, 1191, 1636]"
2417,"[533, 1869, 1044, 398, 1135]"
2418,"[361, 1609, 108, 1112, 440]"
2419,"[409, 96, 98, 97, 102]"
2420,"[1790, 1789, 1769, 441, 3]"
2421,"[705, 768, 741, 1753, 1733]"
2422,"[1704, 1705, 98, 97, 96]"
2423,"[1041, 164, 163, 735, 1550]"
2424,"[1567, 928, 1880, 114, 454]"
2425,"[1675, 112, 1676, 1900, 890]"
2426,"[1768, 1775, 1269, 1760, 439]"
2427,"[1315, 1769, 171, 888, 1760]"
2428,"[1753, 1367, 1907, 1147, 1249]"
2429,"[1580, 986, 1256, 1260, 1261]"
2430,"[1705, 108, 1761, 361, 1760]"
2431,"[1202, 410, 1125, 1277, 1557]"
2432,"[1704, 1705, 1753, 1762, 1758]"
2433,"[1607, 438, 98, 1636, 1272]"
2434,"[1753, 971, 207, 969, 728]"
2435,"[1268, 1762, 1761, 1760, 1758]"
2436,"[956, 1300, 424, 1582, 88]"
2437,"[1750, 1761, 1147, 675, 1297]"
2438,"[1202, 410, 125, 926, 341]"
2439,"[618, 1001, 257, 415, 114]"
2440,"[1705, 1704, 116, 1795, 370]"
2441,"[1662, 1705, 63, 1704, 349]"
2442,"[1915, 108, 1044, 1043, 1041]"
2443,"[1035, 1768, 1769, 1157, 1774]"
2444,"[1803, 1776, 1757, 1762, 1705]"
2445,"[455, 291, 1637, 884, 1762]"
2446,"[1762, 1760, 1761, 141, 1758]"
2447,"[611, 780, 293, 431, 1705]"
2448,"[1752, 1525, 1041, 1793, 862]"
2449,"[1696, 116, 125, 1638, 1694]"
2450,"[1066, 1085, 591, 581, 23]"
2451,"[142, 975, 1014, 900, 1704]"
2452,"[677, 688, 361, 986, 376]"
2453,"[112, 890, 1750, 113, 1746]"
2454,"[704, 1733, 1737, 700, 1705]"
2455,"[1112, 1761, 1760, 385, 175]"
2456,"[102, 1746, 921, 97, 98]"
2457,"[1287, 828, 1936, 1895, 1935]"
2458,"[1023, 1881, 1167, 359, 375]"
2459,"[1025, 937, 159, 165, 1914]"
2460,"[108, 1042, 1299, 164, 1705]"
2461,"[1761, 1760, 1762, 1758, 862]"
2462,"[1277, 1748, 868, 1638, 455]"
2463,"[1750, 124, 675, 377, 116]"
2464,"[1185, 359, 965, 408, 79]"
2465,"[1185, 359, 408, 1675, 1154]"
2466,"[698, 1775, 1768, 1760, 1761]"
2467,"[677, 455, 688, 1705, 1704]"
2468,"[1705, 1752, 1762, 1768, 1775]"
2469,"[455, 102, 692, 1567, 1880]"
2470,"[1670, 96, 97, 98, 760]"
2471,"[1560, 1915, 1921, 165, 376]"
2472,"[1705, 1675, 1704, 1863, 89]"
2473,"[1705, 1704, 1752, 1758, 89]"
2474,"[1924, 1037, 969, 972, 206]"
2475,"[862, 1704, 1705, 1249, 1795]"
2476,"[199, 1705, 1704, 1636, 438]"
2477,"[1705, 1704, 97, 96, 98]"
2478,"[188, 1570, 1936, 1705, 1704]"
2479,"[128, 1080, 1795, 1762, 1758]"
2480,"[966, 361, 113, 440, 1129]"
2481,"[1313, 1517, 1608, 1157, 98]"
2482,"[454, 1567, 1880, 289, 274]"
2483,"[1737, 701, 355, 1733, 1750]"
2484,"[1028, 1033, 1027, 934, 1031]"
2485,"[1760, 1761, 1617, 1758, 1550]"
2486,"[1016, 272, 1704, 1705, 296]"
2487,"[125, 1705, 958, 24, 28]"
2488,"[368, 372, 1273, 447, 1536]"
2489,"[290, 1073, 663, 656, 653]"
2490,"[1758, 1704, 1705, 338, 341]"
2491,"[1724, 455, 765, 615, 1272]"
2492,"[411, 1157, 98, 1705, 692]"
2493,"[108, 1769, 1098, 1758, 135]"
2494,"[1769, 1758, 1567, 211, 1705]"
2495,"[1924, 919, 868, 1748, 1704]"
2496,"[1769, 135, 1775, 1768, 1704]"
2497,"[1255, 603, 1769, 1866, 360]"
2498,"[1157, 1098, 1704, 1131, 372]"
2499,"[441, 211, 440, 1705, 1704]"
2500,"[1523, 811, 109, 1704, 1705]"
2501,"[1917, 101, 98, 1269, 408]"
2502,"[408, 1917, 1763, 1046, 108]"
2503,"[1705, 1704, 1030, 1488, 1202]"
2504,"[82, 1287, 454, 1895, 1877]"
2505,"[1900, 295, 1902, 341, 97]"
2506,"[1753, 1026, 886, 1875, 1924]"
2507,"[1915, 1064, 1536, 937, 159]"
2508,"[374, 1727, 1775, 1768, 1704]"
2509,"[108, 1705, 1704, 1637, 625]"
2510,"[386, 1915, 1070, 289, 927]"
2511,"[438, 1070, 1566, 368, 140]"
2512,"[1157, 364, 634, 1023, 1636]"
2513,"[1865, 1866, 1837, 1833, 1828]"
2514,"[1525, 1752, 1041, 1524, 1559]"
2515,"[1705, 1704, 1803, 1796, 1762]"
2516,"[653, 628, 651, 656, 663]"
2517,"[1631, 882, 881, 880, 879]"
2518,"[961, 1085, 1796, 1705, 1704]"
2519,"[1764, 1792, 1789, 1790, 1791]"
2520,"[1746, 1713, 1526, 1627, 1905]"
2521,"[454, 1789, 1787, 1788, 114]"
2522,"[1760, 1762, 1758, 1705, 1704]"
2523,"[1165, 1925, 1028, 1050, 1257]"
2524,"[642, 633, 654, 657, 643]"
2525,"[1704, 1705, 1536, 1544, 1204]"
2526,"[374, 1768, 1775, 1704, 1705]"
2527,"[1705, 1704, 1157, 1752, 211]"
2528,"[126, 96, 116, 1700, 370]"
2529,"[1202, 410, 207, 68, 209]"
2530,"[73, 961, 4, 1705, 1085]"
2531,"[1924, 1760, 1761, 1705, 1727]"
2532,"[1566, 1936, 1935, 440, 200]"
2533,"[1590, 1528, 1677, 442, 938]"
2534,"[677, 688, 376, 1704, 1705]"
2535,"[643, 1936, 360, 346, 265]"
2536,"[1704, 1077, 1924, 1915, 1820]"
2537,"[1827, 1829, 1866, 355, 59]"
2538,"[1915, 1030, 1137, 1652, 1787]"
2539,"[1705, 1917, 1900, 1753, 1638]"
2540,"[1705, 1704, 1030, 1567, 926]"
2541,"[97, 96, 1924, 1916, 781]"
2542,"[291, 296, 1062, 1705, 1726]"
2543,"[1344, 724, 408, 670, 1026]"
2544,"[171, 350, 290, 1814, 1815]"
2545,"[318, 1045, 110, 1783, 1796]"
2546,"[1726, 846, 692, 1277, 125]"
2547,"[1536, 878, 1761, 1760, 1795]"
2548,"[1607, 1299, 1303, 1704, 1705]"
2549,"[478, 1924, 1721, 1185, 1704]"
2550,"[1705, 102, 1272, 1704, 1782]"
2551,"[677, 376, 688, 1704, 1705]"
2552,"[1752, 1041, 1525, 1559, 1524]"
2553,"[1926, 1704, 1705, 441, 1761]"
2554,"[1902, 1917, 1746, 321, 102]"
2555,"[1935, 1936, 1833, 1828, 1837]"
2556,"[1918, 979, 1577, 311, 1796]"
2557,"[1704, 164, 1705, 1727, 116]"
2558,"[1773, 63, 407, 1705, 1704]"
2559,"[906, 116, 1536, 1704, 1705]"
2560,"[1724, 1157, 1083, 1768, 1566]"
2561,"[154, 938, 985, 1761, 1061]"
2562,"[642, 634, 664, 654, 643]"
2563,"[102, 1745, 749, 618, 1559]"
2564,"[1704, 1705, 1752, 1927, 144]"
2565,"[1936, 1043, 1705, 1916, 1704]"
2566,"[1631, 882, 881, 880, 879]"
2567,"[390, 1924, 1675, 1036, 1699]"
2568,"[395, 779, 1607, 1157, 221]"
2569,"[98, 149, 688, 1705, 1704]"
2570,"[1239, 89, 920, 101, 1907]"
2571,"[1186, 705, 761, 1733, 432]"
2572,"[1014, 1924, 1032, 1760, 1761]"
2573,"[1567, 1880, 1705, 1704, 97]"
2574,"[862, 1705, 1704, 372, 699]"
2575,"[692, 1704, 1705, 1907, 1795]"
2576,"[1874, 1870, 1704, 1705, 1824]"
2577,"[1728, 1188, 1731, 257, 108]"
2578,"[82, 701, 175, 454, 1141]"
2579,"[408, 265, 1185, 1034, 1076]"
2580,"[1259, 1253, 1916, 1704, 149]"
2581,"[1042, 455, 1746, 102, 1705]"
2582,"[1896, 1607, 1724, 629, 1157]"
2583,"[1705, 89, 1704, 29, 455]"
2584,"[420, 677, 60, 98, 97]"
2585,"[924, 151, 175, 164, 1637]"
2586,"[1042, 1705, 1704, 1030, 1001]"
2587,"[1249, 900, 125, 902, 1157]"
2588,"[1704, 1705, 1910, 1752, 1758]"
2589,"[1586, 1705, 1704, 1042, 435]"
2590,"[956, 1898, 905, 49, 457]"
2591,"[1070, 372, 1042, 1705, 455]"
2592,"[408, 326, 359, 200, 1269]"
2593,"[1773, 455, 438, 1636, 1884]"
2594,"[96, 1700, 60, 893, 126]"
2595,"[915, 1018, 911, 164, 149]"
2596,"[374, 1704, 318, 1768, 1721]"
2597,"[1586, 1704, 1705, 1915, 886]"
2598,"[959, 165, 151, 911, 692]"
2599,"[1637, 1149, 1704, 1705, 1041]"
2600,"[368, 329, 128, 389, 1899]"
2601,"[1769, 1761, 1760, 1758, 1704]"
2602,"[1157, 1053, 1517, 1915, 452]"
2603,"[1603, 1037, 1915, 1875, 1793]"
2604,"[1171, 1760, 1758, 1761, 1762]"
2605,"[924, 971, 1061, 150, 961]"
2606,"[1560, 1561, 1705, 1900, 1068]"
2607,"[878, 677, 170, 1759, 165]"
2608,"[124, 1750, 1924, 1297, 1746]"
2609,"[89, 1202, 410, 98, 956]"
2610,"[170, 96, 1700, 102, 1746]"
2611,"[1705, 1704, 1477, 1826, 961]"
2612,"[165, 1077, 128, 1269, 1936]"
2613,"[1567, 368, 1011, 1880, 1899]"
2614,"[1762, 1758, 1705, 1704, 1760]"
2615,"[116, 692, 125, 1192, 1726]"
2616,"[1793, 1792, 1790, 1789, 920]"
2617,"[1637, 730, 116, 113, 435]"
2618,"[1924, 773, 89, 1705, 409]"
2619,"[1700, 878, 922, 101, 1705]"
2620,"[1704, 1705, 1064, 1760, 1761]"
2621,"[455, 454, 1030, 1760, 1761]"
2622,"[1750, 1297, 124, 1704, 1924]"
2623,"[1705, 1704, 1116, 1518, 730]"
2624,"[1910, 98, 97, 96, 455]"
2625,"[1704, 1705, 480, 1249, 990]"
2626,"[79, 1257, 1676, 1936, 1299]"
2627,"[1758, 629, 410, 1202, 1618]"
2628,"[657, 1750, 1705, 1704, 1777]"
2629,"[1083, 1544, 692, 1894, 108]"
2630,"[1185, 362, 752, 759, 108]"
2631,"[3, 1604, 116, 1676, 113]"
2632,"[1567, 1705, 1557, 1704, 211]"
2633,"[379, 1269, 1758, 1704, 1705]"
2634,"[1738, 1722, 789, 1112, 1874]"
2635,"[211, 1704, 1705, 1752, 1909]"
2636,"[900, 1637, 1705, 1704, 1068]"
2637,"[857, 1705, 1704, 1913, 1762]"
2638,"[677, 1704, 1705, 1120, 1085]"
2639,"[1662, 1113, 114, 1567, 1758]"
2640,"[1185, 408, 1025, 937, 159]"
2641,"[1558, 692, 1758, 1762, 1526]"
2642,"[1724, 1042, 1705, 1704, 692]"
2643,"[1704, 1705, 375, 1567, 1880]"
2644,"[1936, 1769, 1837, 1828, 1833]"
2645,"[1900, 1915, 1675, 112, 510]"
2646,"[1748, 993, 409, 868, 1915]"
2647,"[1704, 306, 1047, 1068, 1924]"
2648,"[1607, 1705, 1704, 1880, 435]"
2649,"[1704, 1705, 1559, 1756, 1795]"
2650,"[1889, 171, 1746, 60, 102]"
2651,"[921, 1746, 102, 98, 97]"
2652,"[1705, 1704, 1043, 211, 1753]"
2653,"[374, 1768, 1775, 1704, 108]"
2654,"[97, 96, 98, 89, 937]"
2655,"[102, 1746, 409, 97, 98]"
2656,"[374, 1721, 1557, 1609, 1704]"
2657,"[1768, 1775, 1570, 108, 361]"
2658,"[455, 454, 1192, 878, 1704]"
2659,"[1761, 1760, 1273, 447, 1758]"
2660,"[1760, 1761, 1617, 1704, 1762]"
2661,"[706, 1672, 459, 156, 160]"
2662,"[374, 1775, 1768, 1704, 1762]"
2663,"[1072, 1705, 1704, 1761, 1760]"
2664,"[1788, 1705, 1791, 1789, 1790]"
2665,"[1269, 1758, 1676, 1704, 1705]"
2666,"[108, 138, 149, 141, 1773]"
2667,"[1752, 1926, 1041, 1525, 1550]"
2668,"[1705, 1772, 1021, 406, 1748]"
2669,"[1385, 1147, 1753, 308, 1916]"
2670,"[1042, 455, 372, 1769, 1030]"
2671,"[1705, 1704, 108, 1026, 1757]"
2672,"[692, 1379, 126, 1025, 937]"
2673,"[1185, 359, 408, 1025, 937]"
2674,"[1705, 1704, 1760, 1761, 1762]"
2675,"[1113, 455, 454, 1758, 1676]"
2676,"[1704, 1705, 1721, 372, 1760]"
2677,"[1762, 1900, 1768, 1775, 1675]"
2678,"[1075, 140, 145, 148, 916]"
2679,"[1904, 1909, 1207, 1255, 1147]"
2680,"[1900, 1079, 347, 1153, 1277]"
2681,"[1662, 1762, 1705, 1704, 1758]"
2682,"[1556, 112, 890, 1771, 1041]"
2683,"[1795, 1014, 1704, 1705, 1651]"
2684,"[207, 20, 1916, 1704, 1705]"
2685,"[116, 125, 1030, 926, 677]"
2686,"[937, 1025, 159, 921, 920]"
2687,"[1746, 1129, 1270, 455, 1617]"
2688,"[108, 1557, 1781, 1802, 1705]"
2689,"[1131, 328, 1135, 1313, 361]"
2690,"[1704, 1705, 291, 929, 172]"
2691,"[1742, 1690, 1761, 1753, 1760]"
2692,"[102, 1746, 98, 96, 97]"
2693,"[1768, 1761, 1775, 1769, 1760]"
2694,"[89, 920, 1079, 116, 7]"
2695,"[1704, 455, 1567, 1705, 1884]"
2696,"[1936, 1935, 1828, 1833, 1837]"
2697,"[1704, 1705, 730, 1116, 190]"
2698,"[1894, 355, 1758, 1769, 1705]"
2699,"[1762, 1760, 1761, 1705, 1704]"
2700,"[1070, 108, 1042, 1613, 1157]"
2701,"[1917, 1705, 1085, 1753, 408]"
2702,"[374, 1704, 1721, 383, 1705]"
2703,"[1826, 1752, 669, 627, 770]"
2704,"[1176, 1902, 1733, 1900, 1675]"
2705,"[1162, 320, 1034, 1907, 862]"
2706,"[1149, 1043, 902, 212, 259]"
2707,"[1705, 1704, 441, 1880, 1567]"
2708,"[1762, 1125, 101, 1758, 1550]"
2709,"[1705, 1704, 1567, 1769, 1880]"
2710,"[1133, 1541, 1548, 1564, 1489]"
2711,"[1705, 328, 1202, 410, 1041]"
2712,"[1297, 675, 1746, 1066, 1760]"
2713,"[1705, 583, 1471, 509, 1214]"
2714,"[1650, 727, 734, 726, 1729]"
2715,"[1118, 1073, 866, 1119, 793]"
2716,"[1761, 1760, 1704, 1705, 1064]"
2717,"[1936, 1935, 1837, 1833, 1828]"
2718,"[1705, 1795, 1561, 398, 1147]"
2719,"[1936, 1863, 1935, 1895, 1837]"
2720,"[1705, 1704, 904, 136, 1786]"
2721,"[1746, 925, 1310, 160, 156]"
2722,"[299, 1089, 1637, 1937, 1705]"
2723,"[125, 98, 1676, 124, 408]"
2724,"[455, 1676, 89, 1705, 1704]"
2725,"[1704, 1705, 1620, 886, 1909]"
2726,"[1915, 200, 1917, 1675, 1018]"
2727,"[1733, 1746, 102, 98, 97]"
2728,"[1758, 698, 370, 1705, 1762]"
2729,"[420, 1742, 171, 1558, 1533]"
2730,"[1066, 165, 89, 1202, 410]"
2731,"[1659, 98, 1704, 1705, 1299]"
2732,"[1277, 324, 1042, 1915, 965]"
2733,"[1008, 303, 1915, 144, 900]"
2734,"[409, 760, 1534, 762, 98]"
2735,"[332, 1705, 1704, 1172, 360]"
2736,"[999, 911, 989, 207, 204]"
2737,"[341, 1937, 1758, 1762, 1934]"
2738,"[1607, 98, 1659, 1157, 1299]"
2739,"[1793, 1792, 1764, 1789, 1790]"
2740,"[1866, 1936, 926, 1935, 1566]"
2741,"[1560, 1561, 1536, 171, 125]"
2742,"[642, 664, 654, 657, 666]"
2743,"[1193, 1909, 1915, 886, 1752]"
2744,"[1917, 1900, 408, 1733, 116]"
2745,"[1025, 937, 159, 165, 1033]"
2746,"[308, 1586, 435, 1762, 1758]"
2747,"[1607, 98, 97, 96, 1608]"
2748,"[1724, 1617, 1761, 1760, 455]"
2749,"[1750, 455, 89, 419, 1676]"
2750,"[1125, 441, 1704, 1705, 1586]"
2751,"[1607, 1157, 102, 1567, 409]"
2752,"[1112, 454, 455, 1119, 1191]"
2753,"[257, 1530, 1613, 1924, 1488]"
2754,"[1118, 124, 921, 102, 1746]"
2755,"[1758, 1773, 1760, 1761, 1705]"
2756,"[361, 366, 322, 400, 533]"
2757,"[161, 1795, 1775, 1761, 1769]"
2758,"[1042, 1724, 98, 1705, 1704]"
2759,"[1705, 1704, 1677, 1257, 1875]"
2760,"[759, 98, 1733, 757, 97]"
2761,"[409, 1724, 455, 1202, 410]"
2762,"[1705, 1799, 1798, 1782, 1781]"
2763,"[1917, 1185, 1704, 1705, 1770]"
2764,"[165, 1821, 1828, 1837, 1833]"
2765,"[1792, 1791, 205, 154, 152]"
2766,"[371, 440, 360, 451, 317]"
2767,"[878, 1759, 1752, 1620, 1776]"
2768,"[1030, 1066, 1916, 956, 426]"
2769,"[1915, 1488, 1704, 1705, 1202]"
2770,"[1536, 1762, 116, 1775, 1761]"
2771,"[1344, 926, 1269, 1637, 692]"
2772,"[1704, 1705, 1752, 113, 1064]"
2773,"[1750, 1762, 1758, 675, 919]"
2774,"[379, 1137, 1062, 1107, 1705]"
2775,"[334, 1567, 1792, 1793, 1790]"
2776,"[190, 349, 435, 1705, 1704]"
2777,"[1917, 408, 677, 108, 1924]"
2778,"[1704, 1705, 1726, 1091, 1775]"
2779,"[1613, 692, 102, 1157, 1608]"
2780,"[925, 931, 938, 1042, 1030]"
2781,"[1900, 1185, 1675, 165, 408]"
2782,"[1520, 1538, 1518, 164, 924]"
2783,"[1313, 1746, 102, 98, 97]"
2784,"[1902, 1700, 405, 1196, 1197]"
2785,"[1205, 271, 398, 90, 1789]"
2786,"[435, 1156, 1053, 1021, 1586]"
2787,"[1728, 108, 1727, 257, 1731]"
2788,"[292, 1125, 1758, 1705, 1762]"
2789,"[1724, 1129, 1113, 1257, 341]"
2790,"[1727, 116, 1704, 108, 1705]"
2791,"[677, 435, 1915, 688, 376]"
2792,"[125, 1165, 1030, 1760, 1761]"
2793,"[171, 1193, 1762, 1758, 116]"
2794,"[677, 411, 1792, 1793, 412]"
2795,"[454, 1704, 1762, 1758, 1760]"
2796,"[1936, 1134, 1705, 1723, 1704]"
2797,"[1742, 1927, 100, 1549, 1884]"
2798,"[289, 142, 1064, 1927, 1025]"
2799,"[259, 261, 1924, 1318, 222]"
2800,"[165, 924, 166, 89, 962]"
2801,"[1704, 1705, 1750, 89, 620]"
2802,"[938, 1639, 607, 1157, 976]"
2803,"[166, 925, 1040, 1907, 1922]"
2804,"[98, 97, 96, 1904, 126]"
2805,"[1601, 1191, 1760, 1761, 1726]"
2806,"[1202, 410, 1041, 1907, 1030]"
2807,"[454, 1068, 1063, 676, 1014]"
2808,"[1897, 1922, 1068, 1063, 387]"
2809,"[1899, 938, 1925, 166, 1028]"
2810,"[1675, 1697, 89, 862, 1696]"
2811,"[1792, 1793, 1789, 1791, 1790]"
2812,"[257, 1019, 1753, 68, 979]"
2813,"[97, 98, 96, 1746, 102]"
2814,"[1705, 1704, 1752, 45, 1762]"
2815,"[1924, 1299, 258, 42, 332]"
2816,"[1704, 1705, 108, 1721, 455]"
2817,"[925, 1299, 403, 911, 1812]"
2818,"[1157, 455, 454, 862, 1042]"
2819,"[860, 1192, 1758, 1705, 1704]"
2820,"[1488, 862, 920, 1055, 918]"
2821,"[1586, 290, 313, 1615, 1538]"
2822,"[1242, 451, 1904, 1875, 89]"
2823,"[1915, 1775, 667, 171, 409]"
2824,"[922, 441, 819, 102, 409]"
2825,"[149, 89, 1129, 924, 1907]"
2826,"[1705, 1704, 98, 409, 97]"
2827,"[124, 1915, 1746, 496, 1704]"
2828,"[1762, 1758, 1705, 1761, 1760]"
2829,"[1896, 1894, 97, 96, 1586]"
2830,"[159, 937, 1025, 921, 165]"
2831,"[1870, 89, 324, 1637, 688]"
2832,"[1924, 886, 926, 1771, 1909]"
2833,"[289, 710, 1173, 353, 1925]"
2834,"[1612, 1065, 896, 1574, 1762]"
2835,"[89, 113, 921, 920, 164]"
2836,"[1924, 1750, 1705, 1704, 1907]"
2837,"[1907, 1924, 165, 1025, 937]"
2838,"[1704, 1705, 98, 620, 470]"
2839,"[302, 297, 294, 409, 1627]"
2840,"[1907, 89, 1897, 1922, 1526]"
2841,"[1704, 1705, 1761, 1760, 1773]"
2842,"[1904, 1068, 1899, 1627, 1896]"
2843,"[1705, 1752, 455, 1760, 1761]"
2844,"[819, 1746, 102, 98, 96]"
2845,"[1758, 1762, 1704, 1705, 409]"
2846,"[866, 433, 1069, 1705, 1704]"
2847,"[1704, 1705, 1746, 102, 98]"
2848,"[270, 1636, 438, 221, 125]"
2849,"[1113, 1705, 866, 1704, 49]"
2850,"[166, 849, 917, 1297, 97]"
2851,"[956, 1705, 1704, 530, 1924]"
2852,"[1753, 500, 1029, 1133, 1147]"
2853,"[1907, 89, 1922, 1897, 1526]"
2854,"[294, 1069, 1179, 686, 676]"
2855,"[98, 89, 1899, 369, 1758]"
2856,"[1758, 1762, 1705, 1704, 409]"
2857,"[1924, 1705, 1704, 1789, 1787]"
2858,"[1907, 1147, 1924, 60, 451]"
2859,"[1100, 1149, 1147, 440, 1014]"
2860,"[322, 327, 116, 1176, 1746]"
2861,"[1025, 159, 128, 1915, 921]"
2862,"[927, 866, 1705, 1704, 409]"
2863,"[1705, 1704, 922, 102, 98]"
2864,"[1028, 1041, 1277, 1807, 1936]"
2865,"[1775, 1249, 1704, 862, 692]"
2866,"[1705, 1704, 1544, 259, 431]"
2867,"[1649, 1149, 1029, 1683, 359]"
2868,"[1705, 613, 1792, 1791, 1789]"
2869,"[727, 726, 720, 206, 971]"
2870,"[1907, 1704, 1705, 1795, 1771]"
2871,"[1014, 441, 410, 1202, 1662]"
2872,"[1773, 1784, 1760, 1761, 1768]"
2873,"[1704, 1705, 326, 349, 455]"
2874,"[1133, 1030, 324, 89, 357]"
2875,"[108, 34, 1705, 1666, 162]"
2876,"[89, 1526, 956, 165, 457]"
2877,"[1704, 1705, 1753, 1760, 1761]"
2878,"[1147, 1064, 320, 1677, 1042]"
2879,"[1705, 1704, 1257, 1904, 1207]"
2880,"[1705, 1704, 618, 530, 1728]"
2881,"[371, 1148, 914, 1014, 1704]"
2882,"[1851, 1848, 1847, 1828, 1755]"
2883,"[1614, 441, 819, 1904, 1789]"
2884,"[919, 102, 97, 98, 409]"
2885,"[1675, 369, 1147, 971, 408]"
2886,"[947, 1936, 1828, 1833, 1837]"
2887,"[1704, 1705, 328, 618, 1041]"
2888,"[1866, 1936, 1833, 1837, 1828]"
2889,"[492, 361, 328, 1129, 1697]"
2890,"[1101, 980, 1875, 1727, 1699]"
2891,"[759, 125, 692, 928, 1116]"
2892,"[1915, 677, 376, 1899, 1697]"
2893,"[1922, 1897, 1526, 938, 1044]"
2894,"[1907, 455, 454, 1025, 937]"
2895,"[1746, 102, 98, 97, 96]"
2896,"[812, 1309, 98, 467, 310]"
2897,"[1025, 937, 159, 924, 921]"
2898,"[1704, 1705, 424, 166, 956]"
2899,"[1249, 263, 165, 164, 692]"
2900,"[1926, 1705, 1704, 1762, 1758]"
2901,"[1859, 1862, 1858, 1704, 1705]"
2902,"[290, 886, 1909, 1727, 1752]"
2903,"[1653, 1526, 89, 113, 1769]"
2904,"[1147, 116, 1676, 113, 1675]"
2905,"[1637, 1080, 1666, 265, 396]"
2906,"[1527, 1905, 1627, 904, 108]"
2907,"[1907, 938, 1033, 89, 1526]"
2908,"[89, 1907, 98, 1526, 1926]"
2909,"[1704, 1705, 1746, 60, 165]"
2910,"[1627, 409, 1117, 924, 89]"
2911,"[97, 96, 164, 89, 1517]"
2912,"[1837, 1833, 1828, 1924, 1936]"
2913,"[89, 1905, 937, 113, 1025]"
2914,"[1870, 1874, 1704, 1705, 291]"
2915,"[302, 297, 294, 1202, 410]"
2916,"[1915, 1133, 328, 1526, 1907]"
2917,"[1762, 1758, 1760, 1761, 1769]"
2918,"[285, 1762, 1758, 269, 978]"
2919,"[395, 89, 361, 1721, 1193]"
2920,"[1926, 1612, 318, 1675, 455]"
2921,"[98, 97, 96, 1758, 1029]"
2922,"[98, 97, 96, 165, 1619]"
2923,"[149, 1299, 423, 1244, 1829]"
2924,"[409, 424, 1704, 1705, 878]"
2925,"[922, 1762, 1726, 846, 1758]"
2926,"[221, 1014, 1011, 1704, 261]"
2927,"[1705, 1399, 324, 1704, 1178]"
2928,"[1760, 1761, 1762, 1257, 1758]"
2929,"[1748, 868, 1704, 1705, 1071]"
2930,"[1704, 1705, 1758, 1762, 1761]"
2931,"[1529, 89, 1904, 1748, 868]"
2932,"[302, 89, 98, 1124, 1926]"
2933,"[1043, 124, 922, 98, 97]"
2934,"[113, 1659, 956, 125, 116]"
2935,"[1038, 1924, 1617, 166, 1648]"
2936,"[128, 1086, 1080, 937, 1025]"
2937,"[1080, 1793, 607, 294, 368]"
2938,"[1915, 372, 328, 1041, 327]"
2939,"[1016, 1779, 1780, 1800, 408]"
2940,"[1273, 447, 1936, 1933, 1705]"
2941,"[924, 165, 113, 920, 116]"
2942,"[1907, 1771, 1705, 1704, 112]"
2943,"[108, 116, 1721, 681, 112]"
2944,"[1705, 1704, 108, 1057, 1544]"
2945,"[1726, 1705, 1704, 846, 1795]"
2946,"[170, 1041, 1025, 937, 921]"
2947,"[1704, 1705, 1021, 868, 406]"
2948,"[1612, 1065, 1745, 1574, 1762]"
2949,"[1704, 1705, 1674, 1760, 1761]"
2950,"[629, 1746, 102, 98, 96]"
2951,"[89, 1627, 1071, 1027, 1052]"
2952,"[1904, 1627, 1909, 113, 1910]"
2953,"[1627, 1073, 409, 924, 1025]"
2954,"[124, 716, 1704, 1705, 819]"
2955,"[1750, 1185, 1677, 1675, 1807]"
2956,"[1281, 341, 1536, 1149, 108]"
2957,"[137, 272, 276, 136, 1793]"
2958,"[1897, 1922, 1526, 166, 1627]"
2959,"[116, 212, 138, 920, 1268]"
2960,"[102, 97, 96, 98, 409]"
2961,"[1144, 783, 692, 496, 1705]"
2962,"[1760, 1761, 1915, 1281, 291]"
2963,"[286, 866, 1257, 699, 273]"
2964,"[1133, 1921, 1924, 1560, 1030]"
2965,"[1915, 116, 112, 408, 388]"
2966,"[96, 1073, 1700, 97, 291]"
2967,"[1907, 1746, 620, 470, 98]"
2968,"[1705, 1273, 447, 1147, 291]"
2969,"[1558, 409, 1627, 1071, 1899]"
2970,"[1905, 1627, 1527, 112, 1907]"
2971,"[327, 396, 1915, 1076, 1085]"
2972,"[1915, 1064, 113, 1907, 112]"
2973,"[250, 1933, 273, 1050, 1918]"
2974,"[347, 212, 440, 350, 1721]"
2975,"[925, 97, 96, 102, 1746]"
2976,"[1627, 698, 339, 922, 124]"
2977,"[878, 409, 128, 331, 1244]"
2978,"[1257, 1724, 1758, 339, 1704]"
2979,"[1075, 437, 1344, 1028, 416]"
2980,"[170, 928, 174, 175, 931]"
2981,"[1030, 1306, 857, 146, 1924]"
2982,"[1704, 1705, 368, 618, 1899]"
2983,"[42, 1936, 1935, 1828, 1833]"
2984,"[1065, 136, 904, 1690, 1075]"
2985,"[1300, 452, 1704, 1705, 1301]"
2986,"[98, 1202, 410, 97, 96]"
2987,"[454, 478, 1157, 1257, 1924]"
2988,"[1915, 677, 1566, 1936, 1837]"
2989,"[1704, 1705, 1807, 89, 228]"
2990,"[1185, 408, 359, 1025, 937]"
2991,"[455, 89, 1907, 1239, 1795]"
2992,"[1863, 1866, 1837, 1833, 1828]"
2993,"[1065, 1870, 1704, 89, 1874]"
2994,"[1705, 1704, 1807, 1071, 98]"
2995,"[1046, 1927, 1907, 1031, 783]"
2996,"[1752, 1638, 1157, 1659, 1907]"
2997,"[170, 1792, 1789, 1790, 1791]"
2998,"[176, 925, 164, 938, 175]"
2999,"[145, 148, 916, 147, 913]"
3000,"[1042, 164, 1025, 937, 1041]"
3001,"[1704, 1833, 1837, 1828, 1936]"
3002,"[1085, 1918, 979, 1875, 1531]"
3003,"[886, 1909, 1752, 1771, 1704]"
3004,"[170, 159, 1025, 937, 921]"
3005,"[1073, 290, 437, 1075, 60]"
3006,"[195, 1035, 1928, 988, 260]"
3007,"[1249, 441, 819, 98, 97]"
3008,"[1306, 1084, 306, 211, 1548]"
3009,"[1705, 1704, 1043, 1924, 408]"
3010,"[688, 677, 211, 376, 1704]"
3011,"[1041, 437, 1690, 1075, 335]"
3012,"[1704, 1705, 1300, 1818, 1817]"
3013,"[1827, 1829, 1706, 1810, 1837]"
3014,"[1077, 1704, 1705, 1076, 669]"
3015,"[1915, 140, 916, 148, 1927]"
3016,"[140, 145, 1835, 916, 148]"
3017,"[1030, 1042, 1076, 454, 455]"
3018,"[1202, 410, 165, 1674, 886]"
3019,"[1753, 1909, 1705, 886, 1193]"
3020,"[1748, 1775, 125, 868, 24]"
3021,"[1617, 1173, 1095, 1750, 1619]"
3022,"[1705, 1704, 1807, 98, 96]"
3023,"[125, 1244, 423, 1690, 902]"
3024,"[125, 423, 1244, 1626, 1697]"
3025,"[423, 1244, 1705, 125, 1704]"
3026,"[1705, 1704, 125, 1690, 677]"
3027,"[1244, 423, 1690, 125, 1704]"
3028,"[125, 1705, 1244, 423, 435]"
3029,"[125, 1244, 423, 677, 1690]"
3030,"[125, 1244, 423, 1804, 1782]"
3031,"[1126, 125, 902, 1690, 1244]"
3032,"[1244, 423, 721, 1626, 125]"
3033,"[125, 1244, 423, 411, 1705]"
3034,"[1937, 1704, 1705, 677, 1133]"
3035,"[423, 1244, 677, 125, 1690]"
3036,"[1690, 365, 578, 1705, 1704]"
3037,"[423, 1244, 125, 98, 97]"
3038,"[125, 423, 1244, 902, 1626]"
3039,"[1370, 1704, 1705, 1363, 125]"
3040,"[773, 361, 925, 938, 398]"
3041,"[360, 376, 125, 1626, 1690]"
3042,"[125, 1244, 423, 902, 1690]"
3043,"[125, 585, 586, 988, 577]"
3044,"[1157, 34, 1690, 1704, 1705]"
3045,"[125, 333, 1924, 1244, 423]"
3046,"[1937, 1244, 423, 1704, 125]"
3047,"[125, 1244, 423, 922, 1132]"
3048,"[125, 1690, 360, 1626, 423]"
3049,"[913, 147, 145, 148, 140]"
3050,"[423, 1244, 125, 1760, 1758]"
3051,"[1705, 1704, 2, 3, 1762]"
3052,"[125, 613, 1626, 614, 333]"
3053,"[125, 1924, 455, 1626, 856]"
3054,"[1244, 423, 125, 1705, 1704]"
3055,"[365, 423, 1244, 125, 1202]"
3056,"[1244, 423, 1028, 1704, 1705]"
3057,"[365, 125, 1655, 423, 1244]"
3058,"[1344, 1677, 1626, 925, 396]"
3059,"[1244, 423, 125, 1102, 1704]"
3060,"[1244, 423, 125, 1705, 692]"
3061,"[125, 1915, 1690, 1189, 1344]"
3062,"[96, 97, 98, 165, 1835]"
3063,"[1244, 423, 1626, 333, 125]"
3064,"[460, 677, 376, 1144, 954]"
3065,"[1244, 423, 125, 762, 758]"
3066,"[460, 1281, 171, 1772, 1907]"
3067,"[1147, 692, 1753, 1885, 455]"
3068,"[1765, 1777, 1704, 1752, 1761]"
3069,"[171, 116, 1704, 1705, 1915]"
3070,"[1536, 1761, 1507, 1560, 1921]"
3071,"[478, 1030, 1753, 1924, 878]"
3072,"[1536, 1921, 1761, 1760, 1775]"
3073,"[1752, 1776, 1757, 1756, 1754]"
3074,"[938, 165, 164, 1761, 98]"
3075,"[1147, 1752, 1705, 1753, 1704]"
3076,"[1927, 904, 1705, 1752, 1065]"
3077,"[1761, 1272, 1750, 1705, 1917]"
3078,"[1705, 1752, 1704, 385, 1761]"
3079,"[1704, 1775, 1504, 1837, 1828]"
3080,"[1924, 1761, 1758, 1705, 341]"
3081,"[1761, 175, 1752, 921, 1507]"
3082,"[478, 1924, 289, 97, 60]"
3083,"[1924, 1272, 938, 1536, 1030]"
3084,"[175, 921, 1761, 1866, 164]"
3085,"[1915, 692, 1561, 98, 1560]"
3086,"[1761, 528, 1507, 1758, 1755]"
3087,"[128, 165, 1766, 164, 1761]"
3088,"[1705, 165, 1704, 1924, 1909]"
3089,"[1936, 677, 1566, 1862, 1265]"
3090,"[1795, 1924, 1761, 385, 1921]"
3091,"[1675, 126, 1913, 171, 343]"
3092,"[528, 1507, 333, 296, 1761]"
3093,"[1753, 125, 175, 60, 164]"
3094,"[1704, 1705, 1752, 1924, 1299]"
3095,"[1761, 1705, 1760, 1704, 1762]"
3096,"[692, 1921, 116, 1793, 1764]"
3097,"[1936, 1935, 1833, 1828, 1837]"
3098,"[289, 1704, 698, 1752, 1753]"
3099,"[1272, 1924, 1758, 1536, 1746]"
3100,"[1704, 1924, 1705, 453, 1536]"
3101,"[175, 921, 938, 1560, 1921]"
3102,"[1924, 1760, 1761, 938, 1705]"
3103,"[1705, 1704, 677, 1526, 1760]"
3104,"[1924, 1761, 1536, 1910, 1507]"
3105,"[1924, 1761, 1536, 478, 528]"
3106,"[528, 1761, 1507, 1936, 1833]"
3107,"[1915, 966, 89, 1675, 1752]"
3108,"[1762, 1758, 1760, 1752, 441]"
3109,"[1936, 34, 1837, 1828, 1833]"
3110,"[1761, 1760, 1758, 1762, 1064]"
3111,"[1704, 435, 455, 1042, 862]"
3112,"[259, 405, 1727, 1786, 108]"
3113,"[1705, 1704, 1024, 398, 1758]"
3114,"[1721, 331, 898, 441, 1175]"
3115,"[108, 1721, 1799, 1798, 1782]"
3116,"[993, 1344, 365, 1721, 1705]"
3117,"[737, 719, 969, 206, 972]"
3118,"[1704, 297, 171, 208, 209]"
3119,"[1929, 358, 258, 716, 1636]"
3120,"[108, 1931, 1704, 1705, 470]"
3121,"[108, 1695, 1721, 1592, 1637]"
3122,"[1775, 1768, 1769, 108, 116]"
3123,"[1721, 108, 1592, 60, 1758]"
3124,"[108, 1781, 1782, 1798, 1799]"
3125,"[1721, 108, 1592, 1054, 1636]"
3126,"[1705, 1704, 89, 108, 1721]"
3127,"[108, 1758, 1762, 1760, 1761]"
3128,"[108, 292, 1760, 1761, 1792]"
3129,"[361, 688, 1024, 365, 368]"
3130,"[1760, 1758, 1762, 352, 250]"
3131,"[1602, 1748, 413, 1627, 1907]"
3132,"[1721, 380, 1159, 1753, 1704]"
3133,"[1046, 1181, 1057, 108, 1704]"
3134,"[1758, 1754, 343, 1704, 161]"
3135,"[108, 1704, 1705, 959, 1172]"
3136,"[1602, 387, 287, 1121, 1731]"
3137,"[361, 1704, 1705, 729, 736]"
3138,"[108, 1760, 1761, 1721, 1024]"
3139,"[108, 1761, 1760, 1907, 211]"
3140,"[1024, 1721, 108, 857, 1705]"
3141,"[1681, 1633, 1634, 259, 347]"
3142,"[1024, 1344, 343, 1704, 1761]"
3143,"[380, 629, 1936, 42, 1935]"
3144,"[1721, 1277, 374, 19, 39]"
3145,"[379, 1798, 1782, 1557, 333]"
3146,"[28, 692, 1184, 451, 745]"
3147,"[1491, 1705, 1704, 447, 1273]"
3148,"[1781, 1705, 1758, 1762, 1802]"
3149,"[1731, 392, 1129, 1704, 1705]"
3150,"[1024, 1721, 1746, 1705, 1704]"
3151,"[1167, 108, 1705, 1704, 424]"
3152,"[1777, 1765, 1766, 1027, 1774]"
3153,"[1721, 108, 361, 80, 1135]"
3154,"[1024, 1915, 108, 1721, 1086]"
3155,"[1099, 441, 1904, 982, 1705]"
3156,"[950, 193, 1924, 946, 1760]"
3157,"[1793, 1792, 1791, 106, 125]"
3158,"[98, 1617, 292, 1705, 1704]"
3159,"[1655, 292, 1617, 98, 1758]"
3160,"[1760, 1761, 1762, 1617, 1758]"
3161,"[1875, 1704, 1705, 638, 645]"
3162,"[1761, 1760, 1762, 292, 1758]"
3163,"[292, 1758, 1125, 1762, 1705]"
3164,"[339, 692, 1655, 1617, 1761]"
3165,"[1705, 441, 1147, 1636, 442]"
3166,"[1649, 1760, 1761, 297, 1617]"
3167,"[292, 1113, 1705, 1704, 1758]"
3168,"[1793, 1792, 1789, 1791, 1790]"
3169,"[1617, 1762, 1758, 1760, 1761]"
3170,"[1704, 1617, 1760, 1761, 1924]"
3171,"[441, 692, 1112, 706, 1144]"
3172,"[292, 1761, 1760, 1617, 1762]"
3173,"[1617, 718, 1762, 1760, 1761]"
3174,"[811, 1617, 1567, 1880, 1884]"
3175,"[1704, 1617, 1924, 1761, 1760]"
3176,"[1761, 1617, 1758, 1760, 1762]"
3177,"[1924, 1913, 1722, 808, 1730]"
3178,"[692, 1722, 1112, 1617, 1760]"
3179,"[1655, 692, 1761, 1760, 1617]"
3180,"[478, 1030, 1762, 1697, 1705]"
3181,"[1758, 1617, 1760, 1762, 1761]"
3182,"[692, 1722, 1655, 455, 1617]"
3183,"[1746, 102, 98, 97, 96]"
3184,"[98, 97, 96, 621, 1617]"
3185,"[1655, 1760, 1761, 1705, 60]"
3186,"[441, 289, 98, 97, 96]"
3187,"[926, 125, 98, 97, 96]"
3188,"[900, 441, 1619, 1704, 1705]"
3189,"[1120, 1617, 1760, 1761, 1880]"
3190,"[292, 1617, 1722, 1762, 1758]"
3191,"[292, 1762, 1655, 1617, 1758]"
3192,"[339, 1655, 705, 1722, 1104]"
3193,"[1746, 1249, 900, 1752, 1655]"
3194,"[1617, 1070, 438, 1704, 1705]"
3195,"[441, 997, 292, 982, 1536]"
3196,"[1722, 1617, 1112, 1760, 1761]"
3197,"[1760, 1761, 1704, 1705, 868]"
3198,"[1803, 441, 301, 1101, 1269]"
3199,"[794, 1313, 4, 1750, 1705]"
3200,"[1073, 954, 887, 1705, 1704]"
3201,"[1071, 1705, 1704, 16, 811]"
3202,"[440, 1762, 924, 1758, 126]"
3203,"[1071, 1807, 171, 465, 100]"
3204,"[1924, 1191, 1026, 126, 409]"
3205,"[454, 715, 455, 706, 124]"
3206,"[1758, 1041, 1704, 1752, 1065]"
3207,"[409, 692, 165, 164, 1746]"
3208,"[1176, 1705, 1704, 1582, 88]"
3209,"[1071, 1704, 1705, 321, 868]"
3210,"[900, 1550, 920, 1529, 321]"
3211,"[1071, 455, 409, 1191, 1627]"
3212,"[1762, 1758, 291, 1705, 1704]"
3213,"[365, 1056, 289, 329, 1905]"
3214,"[112, 819, 759, 1533, 341]"
3215,"[1191, 1627, 126, 415, 1188]"
3216,"[706, 1705, 715, 692, 1134]"
3217,"[409, 1705, 1704, 1795, 1627]"
3218,"[102, 1746, 1025, 937, 159]"
3219,"[1070, 102, 1704, 1705, 1746]"
3220,"[455, 465, 409, 1904, 171]"
3221,"[681, 441, 1649, 676, 887]"
3222,"[887, 1073, 1705, 954, 1746]"
3223,"[900, 1299, 1160, 291, 1025]"
3224,"[1071, 868, 1789, 1788, 1787]"
3225,"[1705, 1758, 1704, 1762, 291]"
3226,"[1649, 692, 108, 1121, 1108]"
3227,"[1746, 1910, 1025, 937, 159]"
3228,"[291, 121, 1746, 409, 97]"
3229,"[112, 102, 409, 1533, 1025]"
3230,"[291, 1746, 409, 441, 1752]"
3231,"[1627, 1925, 1536, 1745, 1671]"
3232,"[1705, 706, 1758, 715, 291]"
3233,"[112, 102, 291, 1025, 937]"
3234,"[291, 409, 919, 1905, 1527]"
3235,"[954, 1073, 887, 1651, 1704]"
3236,"[1705, 1704, 1746, 291, 702]"
3237,"[1533, 1758, 1704, 102, 1762]"
3238,"[1910, 106, 1704, 1705, 455]"
3239,"[1705, 1704, 121, 321, 291]"
3240,"[811, 1071, 1807, 1748, 997]"
3241,"[1705, 1704, 1752, 1914, 1160]"
3242,"[1071, 1807, 1065, 322, 103]"
3243,"[1144, 338, 341, 701, 1655]"
3244,"[1910, 409, 97, 98, 96]"
3245,"[409, 96, 97, 102, 1562]"
3246,"[1913, 1924, 478, 1908, 3]"
3247,"[1705, 1704, 1926, 1116, 1904]"
3248,"[1910, 1761, 1924, 296, 478]"
3249,"[1760, 291, 1705, 1704, 126]"
3250,"[460, 607, 1704, 1705, 109]"
3251,"[663, 478, 1924, 1705, 442]"
3252,"[1924, 112, 1533, 677, 113]"
3253,"[1705, 1924, 1704, 1761, 478]"
3254,"[1704, 1705, 1147, 1758, 1761]"
3255,"[1705, 1704, 1926, 1636, 442]"
3256,"[1704, 1705, 1924, 1273, 447]"
3257,"[1705, 1913, 1924, 478, 1704]"
3258,"[1030, 1758, 1191, 1704, 112]"
3259,"[409, 1910, 1905, 465, 1904]"
3260,"[1704, 442, 1636, 1761, 1760]"
3261,"[1924, 1910, 409, 98, 97]"
3262,"[1907, 1065, 1030, 1082, 1921]"
3263,"[478, 1910, 1273, 447, 102]"
3264,"[3, 2, 1924, 1192, 1523]"
3265,"[1924, 1758, 1704, 1273, 1705]"
3266,"[1705, 1704, 409, 97, 98]"
3267,"[1705, 1926, 1924, 1704, 1789]"
3268,"[1704, 1758, 1705, 1761, 291]"
3269,"[1705, 478, 1704, 1924, 1636]"
3270,"[112, 1758, 1704, 1924, 1762]"
3271,"[1705, 1704, 478, 1924, 447]"
3272,"[1705, 1758, 1704, 1762, 1761]"
3273,"[1924, 1192, 1792, 1793, 1789]"
3274,"[291, 1705, 111, 1924, 478]"
3275,"[695, 164, 1789, 1788, 1787]"
3276,"[291, 1924, 442, 1636, 667]"
3277,"[1904, 1924, 112, 1758, 1910]"
3278,"[1270, 1704, 1705, 1025, 937]"
3279,"[1924, 1030, 714, 338, 478]"
3280,"[1913, 1908, 1544, 3, 2]"
3281,"[1758, 478, 1070, 1191, 1924]"
3282,"[1924, 1704, 1761, 478, 1904]"
3283,"[291, 409, 1705, 1761, 1924]"
3284,"[1308, 693, 1924, 860, 439]"
3285,"[1704, 1705, 1924, 102, 409]"
3286,"[1924, 1704, 1758, 1705, 1761]"
3287,"[925, 1915, 175, 1552, 1705]"
3288,"[409, 658, 333, 320, 102]"
3289,"[1704, 1705, 618, 291, 98]"
3290,"[112, 291, 455, 1758, 1704]"
3291,"[113, 1750, 125, 1656, 1677]"
3292,"[1750, 1705, 588, 1924, 297]"
3293,"[438, 1636, 1637, 1192, 363]"
3294,"[1705, 1704, 1277, 1259, 1253]"
3295,"[1636, 438, 1637, 455, 1789]"
3296,"[1761, 1760, 1656, 1758, 1704]"
3297,"[289, 1705, 1704, 1656, 432]"
3298,"[97, 96, 1758, 1533, 1704]"
3299,"[112, 1758, 1523, 296, 1533]"
3300,"[1746, 102, 98, 97, 96]"
3301,"[1705, 1704, 1760, 1761, 1758]"
3302,"[1277, 846, 1726, 692, 1191]"
3303,"[1704, 1705, 1807, 1761, 1760]"
3304,"[1746, 1531, 1915, 116, 113]"
3305,"[164, 1028, 1750, 1043, 1697]"
3306,"[112, 291, 1758, 1533, 296]"
3307,"[1746, 102, 98, 97, 96]"
3308,"[291, 113, 1677, 125, 1192]"
3309,"[1704, 1762, 1760, 1761, 1783]"
3310,"[438, 1636, 1637, 1192, 455]"
3311,"[1637, 455, 454, 1904, 291]"
3312,"[102, 1713, 1746, 124, 749]"
3313,"[102, 1704, 60, 1758, 1656]"
3314,"[291, 1752, 667, 1705, 1704]"
3315,"[291, 438, 1636, 1637, 454]"
3316,"[1705, 1924, 1704, 455, 454]"
3317,"[1758, 455, 1704, 291, 1762]"
3318,"[451, 1192, 113, 1758, 1070]"
3319,"[1752, 291, 667, 1937, 1705]"
3320,"[1746, 102, 921, 1073, 409]"
3321,"[1523, 1277, 46, 109, 1192]"
3322,"[341, 409, 97, 96, 1746]"
3323,"[291, 1758, 1070, 1746, 441]"
3324,"[1705, 1611, 432, 454, 1523]"
3325,"[4, 2, 3, 6, 1758]"
3326,"[113, 125, 1677, 1656, 1192]"
3327,"[811, 46, 1192, 1758, 1533]"
3328,"[291, 1758, 1191, 890, 1704]"
3329,"[1758, 1705, 1704, 1762, 692]"
3330,"[1704, 1758, 1705, 1795, 1762]"
3331,"[1705, 1750, 1704, 1760, 1761]"
3332,"[1704, 1760, 1705, 116, 1758]"
3333,"[175, 165, 921, 1761, 164]"
3334,"[1761, 528, 1507, 124, 1934]"
3335,"[1549, 1916, 1066, 1065, 1034]"
3336,"[383, 1760, 1758, 1762, 441]"
3337,"[1753, 1755, 1705, 1934, 1704]"
3338,"[1753, 675, 1030, 1765, 1777]"
3339,"[1884, 1705, 1704, 1752, 1260]"
3340,"[1753, 1705, 1704, 1924, 1755]"
3341,"[1762, 1758, 1760, 1761, 335]"
3342,"[1113, 283, 1704, 1705, 1921]"
3343,"[1915, 1924, 938, 1777, 1765]"
3344,"[1705, 1704, 1924, 478, 116]"
3345,"[175, 938, 1758, 921, 164]"
3346,"[866, 1847, 1848, 1845, 1850]"
3347,"[1790, 1789, 2, 3, 6]"
3348,"[1924, 1761, 164, 1758, 921]"
3349,"[1704, 1705, 163, 124, 1807]"
3350,"[1549, 175, 1753, 1761, 164]"
3351,"[1636, 438, 297, 216, 455]"
3352,"[1704, 1705, 449, 1173, 108]"
3353,"[938, 164, 163, 102, 919]"
3354,"[124, 165, 1924, 919, 98]"
3355,"[464, 1752, 925, 1755, 1705]"
3356,"[1706, 1810, 1866, 1765, 1777]"
3357,"[1704, 789, 1705, 126, 1504]"
3358,"[409, 1705, 97, 1704, 1837]"
3359,"[1761, 124, 528, 1507, 1934]"
3360,"[1758, 1762, 24, 1884, 25]"
3361,"[925, 856, 1704, 175, 1705]"
3362,"[165, 164, 1761, 921, 1705]"
3363,"[198, 326, 1171, 285, 385]"
3364,"[528, 1761, 1507, 675, 1434]"
3365,"[1760, 1762, 1758, 441, 102]"
3366,"[1705, 1704, 1504, 1761, 1760]"
3367,"[1863, 1862, 1936, 90, 1810]"
3368,"[1924, 1676, 124, 892, 1673]"
3369,"[1753, 1113, 1773, 455, 1721]"
3370,"[1758, 921, 164, 1761, 528]"
3371,"[675, 1761, 1760, 1762, 1758]"
3372,"[1761, 528, 1507, 165, 1434]"
3373,"[1368, 629, 1299, 1837, 1828]"
3374,"[441, 333, 164, 921, 291]"
3375,"[1774, 819, 922, 116, 1704]"
3376,"[922, 1025, 937, 159, 1746]"
3377,"[124, 89, 819, 1924, 171]"
3378,"[409, 102, 411, 1924, 1526]"
3379,"[1924, 1526, 89, 922, 1904]"
3380,"[166, 89, 1922, 1897, 922]"
3381,"[1904, 922, 89, 919, 175]"
3382,"[1526, 113, 1025, 159, 937]"
3383,"[1064, 89, 1904, 922, 919]"
3384,"[681, 221, 1926, 1043, 1774]"
3385,"[101, 677, 1924, 688, 376]"
3386,"[175, 89, 455, 1704, 1705]"
3387,"[125, 1726, 1774, 1699, 24]"
3388,"[89, 922, 1910, 124, 1904]"
3389,"[1746, 102, 97, 98, 409]"
3390,"[1762, 1758, 89, 862, 124]"
3391,"[1904, 1774, 1760, 1761, 408]"
3392,"[318, 113, 424, 1907, 1587]"
3393,"[922, 1904, 163, 124, 919]"
3394,"[677, 688, 1915, 1704, 1705]"
3395,"[1519, 1704, 1705, 435, 1924]"
3396,"[1904, 1600, 1789, 1788, 1787]"
3397,"[1705, 1704, 1904, 778, 89]"
3398,"[922, 1904, 175, 1909, 89]"
3399,"[175, 921, 164, 1909, 1025]"
3400,"[1904, 1793, 1792, 1789, 1790]"
3401,"[1705, 1704, 89, 1758, 1904]"
3402,"[203, 1833, 1828, 1837, 989]"
3403,"[1041, 1133, 1064, 408, 1649]"
3404,"[1927, 1704, 1705, 1116, 1766]"
3405,"[1705, 1704, 1914, 1380, 533]"
3406,"[862, 1705, 1704, 530, 1697]"
3407,"[1041, 97, 96, 1309, 396]"
3408,"[398, 90, 1863, 1789, 1792]"
3409,"[688, 677, 1526, 376, 924]"
3410,"[1035, 1536, 125, 1704, 1705]"
3411,"[922, 175, 89, 919, 1904]"
3412,"[1904, 1824, 1704, 1705, 1870]"
3413,"[1073, 922, 175, 1904, 919]"
3414,"[1704, 1705, 1904, 791, 1660]"
3415,"[1761, 1760, 890, 1762, 1758]"
3416,"[1030, 1904, 1046, 1627, 1527]"
3417,"[1071, 868, 43, 1704, 1705]"
3418,"[922, 1904, 919, 1914, 1025]"
3419,"[165, 96, 628, 97, 102]"
3420,"[102, 60, 1757, 1776, 1916]"
3421,"[98, 97, 96, 464, 126]"
3422,"[1700, 1185, 716, 990, 1917]"
3423,"[60, 1750, 1915, 101, 1924]"
3424,"[98, 1746, 102, 629, 1866]"
3425,"[925, 1700, 1746, 1202, 410]"
3426,"[1704, 1705, 124, 1762, 922]"
3427,"[716, 1787, 1788, 1789, 1786]"
3428,"[60, 1746, 102, 1757, 1776]"
3429,"[1902, 1853, 98, 96, 1838]"
3430,"[319, 716, 60, 1071, 334]"
3431,"[716, 1159, 1762, 319, 440]"
3432,"[925, 1202, 410, 125, 1700]"
3433,"[1746, 102, 98, 97, 96]"
3434,"[136, 1244, 423, 124, 138]"
3435,"[1915, 1552, 1746, 102, 97]"
3436,"[1902, 60, 1746, 102, 97]"
3437,"[1902, 1866, 1828, 1837, 1833]"
3438,"[925, 1704, 1705, 1937, 878]"
3439,"[878, 1746, 96, 97, 98]"
3440,"[102, 1746, 96, 98, 97]"
3441,"[102, 1746, 98, 96, 97]"
3442,"[60, 1915, 171, 882, 1788]"
3443,"[125, 164, 716, 1924, 1787]"
3444,"[1902, 60, 1746, 102, 1706]"
3445,"[140, 916, 145, 148, 913]"
3446,"[96, 97, 98, 1746, 102]"
3447,"[1118, 97, 96, 98, 1746]"
3448,"[1746, 102, 1516, 98, 97]"
3449,"[140, 916, 145, 148, 677]"
3450,"[1746, 102, 1313, 98, 97]"
3451,"[60, 716, 171, 124, 1924]"
3452,"[1700, 126, 1117, 60, 864]"
3453,"[126, 98, 97, 96, 1746]"
3454,"[1902, 126, 1040, 60, 1176]"
3455,"[1902, 60, 1552, 116, 124]"
3456,"[60, 1552, 1746, 102, 1915]"
3457,"[1902, 658, 332, 1746, 98]"
3458,"[1073, 60, 171, 396, 890]"
3459,"[116, 124, 1746, 97, 98]"
3460,"[1902, 1776, 1757, 1704, 1705]"
3461,"[1866, 1828, 1837, 1936, 42]"
3462,"[98, 97, 96, 1746, 102]"
3463,"[1704, 1705, 1258, 1298, 1253]"
3464,"[1520, 1620, 965, 1185, 1052]"
3465,"[1915, 1825, 980, 1918, 979]"
3466,"[165, 1705, 1704, 1753, 1763]"
3467,"[1185, 960, 200, 914, 1917]"
3468,"[728, 1924, 1207, 773, 366]"
3469,"[924, 1924, 1207, 1270, 1662]"
3470,"[1915, 164, 409, 102, 919]"
3471,"[408, 1917, 1046, 1763, 1704]"
3472,"[924, 165, 914, 185, 175]"
3473,"[1915, 98, 96, 97, 1526]"
3474,"[1915, 1030, 1704, 1705, 106]"
3475,"[1008, 915, 1049, 995, 165]"
3476,"[1915, 219, 1536, 926, 1202]"
3477,"[1369, 219, 79, 396, 1186]"
3478,"[209, 955, 974, 973, 969]"
3479,"[1936, 1853, 1866, 1566, 1837]"
3480,"[1915, 125, 1675, 408, 1917]"
3481,"[1915, 125, 1704, 1705, 346]"
3482,"[1676, 1299, 1258, 1298, 1704]"
3483,"[1772, 634, 1301, 1705, 1704]"
3484,"[396, 327, 1076, 329, 1085]"
3485,"[677, 688, 376, 164, 1761]"
3486,"[1102, 1150, 986, 1055, 1042]"
3487,"[1150, 302, 297, 294, 1014]"
3488,"[1915, 1704, 1705, 1034, 878]"
3489,"[1915, 1880, 1930, 1800, 1779]"
3490,"[1866, 911, 175, 1566, 1837]"
3491,"[1046, 1704, 1915, 1705, 1753]"
3492,"[165, 920, 164, 459, 1020]"
3493,"[989, 203, 808, 1133, 1273]"
3494,"[1866, 1936, 1566, 1837, 1828]"
3495,"[451, 1915, 333, 1787, 1789]"
3496,"[1764, 1863, 1862, 1793, 1765]"
3497,"[1675, 408, 1915, 1750, 1917]"
3498,"[1176, 1705, 1704, 1627, 216]"
3499,"[1915, 1810, 923, 161, 1706]"
3500,"[1746, 1025, 937, 159, 1028]"
3501,"[722, 1917, 350, 925, 1825]"
3502,"[409, 1638, 921, 97, 96]"
3503,"[207, 978, 976, 974, 973]"
3504,"[165, 270, 1704, 1705, 1833]"
3505,"[165, 455, 1102, 1924, 1676]"
3506,"[924, 165, 1046, 773, 1202]"
3507,"[1705, 1704, 1924, 138, 1915]"
3508,"[165, 1042, 938, 886, 1193]"
3509,"[1185, 125, 108, 408, 1087]"
3510,"[1900, 101, 1609, 79, 1924]"
3511,"[1655, 692, 98, 1915, 411]"
3512,"[398, 1764, 1790, 1792, 1789]"
3513,"[1131, 1776, 1757, 124, 125]"
3514,"[359, 347, 326, 676, 1705]"
3515,"[1775, 1761, 1769, 1768, 1760]"
3516,"[1795, 140, 916, 148, 145]"
3517,"[1704, 60, 455, 453, 89]"
3518,"[1750, 116, 101, 676, 1269]"
3519,"[408, 379, 1269, 1793, 1789]"
3520,"[1917, 108, 408, 101, 1721]"
3521,"[1795, 1765, 1777, 1793, 1753]"
3522,"[98, 1157, 455, 454, 692]"
3523,"[1799, 1798, 1781, 1782, 1705]"
3524,"[849, 692, 1915, 108, 259]"
3525,"[1798, 1781, 1782, 1799, 1753]"
3526,"[677, 1086, 688, 376, 1690]"
3527,"[1017, 1675, 1900, 1746, 102]"
3528,"[1900, 1675, 303, 1543, 149]"
3529,"[1758, 1704, 1705, 1769, 1762]"
3530,"[108, 866, 938, 919, 60]"
3531,"[1705, 1704, 730, 1116, 190]"
3532,"[296, 676, 1269, 1704, 1705]"
3533,"[1185, 408, 362, 108, 359]"
3534,"[1761, 1760, 1915, 1202, 410]"
3535,"[411, 362, 396, 1285, 1077]"
3536,"[440, 1915, 1704, 1705, 1020]"
3537,"[1617, 455, 1676, 89, 171]"
3538,"[1017, 440, 139, 259, 302]"
3539,"[1866, 1185, 1936, 1833, 1828]"
3540,"[453, 1695, 78, 89, 1793]"
3541,"[1917, 440, 1131, 116, 1269]"
3542,"[1272, 1924, 1705, 1753, 1704]"
3543,"[1705, 108, 1721, 338, 1752]"
3544,"[1070, 1704, 1705, 1746, 17]"
3545,"[223, 1705, 986, 1021, 406]"
3546,"[1263, 1636, 438, 1704, 1705]"
3547,"[1705, 1704, 1169, 1758, 496]"
3548,"[1705, 1789, 1788, 1787, 1704]"
3549,"[1915, 283, 1921, 108, 171]"
3550,"[1721, 1936, 1833, 1828, 1837]"
3551,"[873, 870, 1704, 1705, 1769]"
3552,"[947, 188, 950, 948, 949]"
3553,"[1067, 1420, 1366, 492, 809]"
3554,"[1937, 1913, 1242, 118, 584]"
3555,"[1759, 1704, 1705, 1036, 1746]"
3556,"[113, 116, 409, 89, 1676]"
3557,"[677, 1556, 1699, 1618, 1636]"
3558,"[98, 97, 96, 1537, 1924]"
3559,"[2, 3, 584, 1493, 1479]"
3560,"[794, 1699, 1313, 1675, 1727]"
3561,"[1924, 1024, 1926, 510, 1124]"
3562,"[1746, 101, 1516, 878, 922]"
3563,"[1627, 1905, 1924, 209, 163]"
3564,"[40, 26, 806, 22, 23]"
3565,"[677, 1704, 1705, 530, 618]"
3566,"[332, 1705, 1704, 1727, 1295]"
3567,"[1537, 1747, 863, 865, 1130]"
3568,"[1758, 1770, 1762, 1705, 1704]"
3569,"[1556, 1586, 1615, 1538, 1752]"
3570,"[1070, 1704, 1705, 1762, 1758]"
3571,"[1759, 424, 1704, 1705, 1758]"
3572,"[62, 931, 934, 174, 167]"
3573,"[1699, 89, 1675, 1148, 291]"
3574,"[1752, 1537, 1032, 1538, 1556]"
3575,"[291, 1752, 98, 96, 1160]"
3576,"[1769, 1795, 1704, 1705, 1753]"
3577,"[113, 1070, 112, 890, 1704]"
3578,"[1705, 1704, 1759, 1795, 1753]"
3579,"[1044, 1704, 1705, 291, 792]"
3580,"[102, 1025, 937, 159, 424]"
3581,"[97, 96, 98, 1063, 1068]"
3582,"[291, 1041, 1907, 149, 1039]"
3583,"[113, 116, 1676, 1675, 89]"
3584,"[116, 89, 1676, 113, 1675]"
3585,"[1026, 862, 1059, 360, 367]"
3586,"[1903, 1537, 1557, 890, 113]"
3587,"[1044, 303, 335, 216, 384]"
3588,"[1704, 1705, 1795, 620, 470]"
3589,"[1924, 1704, 1705, 1758, 1752]"
3590,"[1759, 1740, 1753, 1757, 1776]"
3591,"[1070, 1653, 1044, 1769, 1704]"
3592,"[113, 1697, 862, 164, 920]"
3593,"[1537, 1705, 1704, 1761, 1752]"
3594,"[62, 1705, 1704, 1277, 1273]"
3595,"[1071, 353, 344, 1075, 1131]"
3596,"[1133, 421, 1761, 1148, 1041]"
3597,"[1704, 1705, 1807, 1907, 1535]"
3598,"[1202, 410, 692, 1775, 171]"
3599,"[441, 1769, 440, 1775, 1760]"
3600,"[890, 112, 1713, 98, 97]"
3601,"[1651, 289, 1925, 425, 887]"
3602,"[1160, 934, 925, 938, 167]"
3603,"[1071, 868, 1627, 1704, 1705]"
3604,"[1768, 1769, 1761, 1760, 1705]"
3605,"[1705, 1704, 692, 1807, 419]"
3606,"[928, 1041, 959, 1740, 1655]"
3607,"[1030, 1071, 341, 1516, 89]"
3608,"[1768, 1775, 1926, 1769, 1761]"
3609,"[1090, 1344, 276, 414, 1149]"
3610,"[89, 116, 819, 125, 410]"
3611,"[1561, 453, 1737, 89, 928]"
3612,"[339, 868, 1748, 1250, 1713]"
3613,"[1536, 1828, 1833, 1837, 424]"
3614,"[1704, 1705, 873, 698, 1067]"
3615,"[1768, 1910, 1899, 1775, 1704]"
3616,"[696, 1890, 425, 1713, 1651]"
3617,"[928, 419, 1526, 1899, 1627]"
3618,"[919, 163, 1637, 175, 1025]"
3619,"[1134, 408, 455, 1733, 116]"
3620,"[1762, 1752, 1760, 1907, 198]"
3621,"[1760, 1761, 1617, 1705, 1704]"
3622,"[89, 1769, 1775, 890, 1134]"
3623,"[1704, 1705, 1160, 1890, 819]"
3624,"[1697, 318, 328, 856, 1553]"
3625,"[338, 1713, 1914, 1160, 159]"
3626,"[89, 1202, 1042, 1028, 987]"
3627,"[1178, 1926, 385, 1917, 979]"
3628,"[329, 1720, 1071, 1135, 386]"
3629,"[1025, 937, 159, 1193, 165]"
3630,"[195, 937, 987, 200, 154]"
3631,"[1680, 920, 108, 990, 1697]"
3632,"[1763, 922, 752, 759, 1909]"
3633,"[1705, 1704, 1748, 868, 1071]"
3634,"[116, 89, 1775, 1131, 1893]"
3635,"[1030, 144, 1031, 1027, 179]"
3636,"[89, 398, 1910, 1760, 1761]"
3637,"[89, 1299, 1909, 321, 1768]"
3638,"[89, 1043, 615, 1704, 1705]"
3639,"[1907, 1761, 1061, 675, 1760]"
3640,"[1907, 1705, 1704, 1761, 1191]"
3641,"[1175, 1147, 1032, 1167, 1760]"
3642,"[441, 1762, 1726, 1064, 688]"
3643,"[1762, 1758, 677, 1704, 1705]"
3644,"[109, 1705, 1907, 1726, 1704]"
3645,"[1070, 454, 1758, 1762, 102]"
3646,"[109, 1726, 846, 692, 1277]"
3647,"[1705, 1704, 1762, 1758, 89]"
3648,"[1704, 1705, 335, 124, 922]"
3649,"[1704, 1705, 1746, 409, 96]"
3650,"[1705, 1704, 1762, 922, 409]"
3651,"[1726, 846, 1761, 1760, 1704]"
3652,"[1758, 1705, 1704, 98, 97]"
3653,"[124, 1746, 102, 96, 97]"
3654,"[692, 1070, 455, 116, 1727]"
3655,"[1916, 1149, 318, 1299, 1026]"
3656,"[1758, 1762, 1705, 1704, 447]"
3657,"[1147, 346, 1907, 1713, 1116]"
3658,"[1769, 1760, 1761, 1775, 411]"
3659,"[819, 1762, 1705, 1704, 97]"
3660,"[124, 1705, 1704, 106, 341]"
3661,"[819, 441, 1762, 1758, 922]"
3662,"[102, 98, 97, 96, 409]"
3663,"[1705, 1704, 922, 1762, 97]"
3664,"[1192, 1662, 692, 846, 1726]"
3665,"[1705, 1704, 819, 1191, 1890]"
3666,"[1705, 1704, 1761, 1760, 1762]"
3667,"[96, 98, 409, 97, 102]"
3668,"[116, 692, 1726, 846, 455]"
3669,"[102, 96, 97, 409, 98]"
3670,"[1726, 846, 692, 1277, 1526]"
3671,"[89, 1704, 1705, 1761, 1760]"
3672,"[1636, 1705, 375, 360, 692]"
3673,"[1704, 1705, 1915, 1760, 1761]"
3674,"[1705, 1704, 1025, 937, 159]"
3675,"[409, 97, 96, 98, 102]"
3676,"[455, 1299, 1637, 920, 1676]"
3677,"[1705, 1704, 1758, 98, 96]"
3678,"[1704, 1705, 96, 97, 98]"
3679,"[1704, 409, 96, 98, 97]"
3680,"[1704, 1705, 1032, 1761, 1760]"
3681,"[1704, 1705, 1761, 1760, 1758]"
3682,"[1705, 1704, 1761, 1760, 1904]"
3683,"[1084, 359, 164, 1025, 937]"
3684,"[136, 904, 89, 895, 1065]"
3685,"[455, 410, 416, 1202, 98]"
3686,"[1071, 1821, 1073, 922, 1746]"
3687,"[98, 1157, 410, 1202, 1753]"
3688,"[758, 1750, 97, 96, 455]"
3689,"[1753, 1795, 1742, 788, 866]"
3690,"[1131, 1022, 360, 1920, 289]"
3691,"[1301, 1617, 925, 452, 1753]"
3692,"[360, 1704, 1705, 220, 1894]"
3693,"[1036, 1704, 1705, 1752, 1699]"
3694,"[1936, 1566, 290, 1833, 1837]"
3695,"[1770, 1699, 1675, 1727, 1036]"
3696,"[701, 1547, 1833, 1828, 1837]"
3697,"[1131, 819, 1075, 395, 1019]"
3698,"[677, 1320, 1704, 1705, 365]"
3699,"[1131, 599, 593, 597, 595]"
3700,"[1853, 1837, 1828, 1833, 1845]"
3701,"[1077, 376, 437, 416, 1704]"
3702,"[1077, 1792, 1791, 1790, 1789]"
3703,"[1935, 1936, 1865, 1863, 1866]"
3704,"[1704, 98, 1829, 1157, 1191]"
3705,"[1750, 677, 455, 1104, 1705]"
3706,"[1022, 477, 1168, 475, 1019]"
3707,"[1917, 369, 98, 1185, 1023]"
3708,"[1704, 455, 98, 1638, 1527]"
3709,"[1704, 409, 1620, 1520, 102]"
3710,"[1158, 1028, 361, 1018, 856]"
3711,"[1846, 1861, 1298, 1075, 1250]"
3712,"[1704, 1617, 1750, 1619, 1263]"
3713,"[1753, 1705, 1770, 1757, 1776]"
3714,"[1936, 290, 1833, 1828, 1837]"
3715,"[287, 819, 1910, 7, 1029]"
3716,"[98, 366, 1157, 1607, 1517]"
3717,"[395, 1933, 1671, 1745, 1616]"
3718,"[1250, 1677, 779, 1102, 915]"
3719,"[359, 1041, 618, 351, 1120]"
3720,"[1290, 1752, 1762, 1758, 1705]"
3721,"[677, 1147, 1921, 323, 99]"
3722,"[1837, 1833, 1828, 1935, 163]"
3723,"[455, 1050, 371, 1147, 1036]"
3724,"[1700, 1239, 96, 1155, 1907]"
3725,"[1705, 1704, 1904, 1041, 271]"
3726,"[359, 1921, 992, 1705, 1704]"
3727,"[89, 1907, 1526, 1704, 1705]"
3728,"[89, 1774, 937, 1025, 159]"
3729,"[98, 1704, 1914, 1705, 1638]"
3730,"[89, 1907, 409, 1676, 455]"
3731,"[175, 1922, 1897, 924, 166]"
3732,"[1704, 1705, 388, 530, 618]"
3733,"[1526, 164, 89, 1025, 937]"
3734,"[166, 1922, 1897, 465, 175]"
3735,"[332, 388, 1280, 1640, 131]"
3736,"[89, 164, 1025, 937, 159]"
3737,"[920, 409, 113, 89, 1627]"
3738,"[89, 98, 995, 1705, 1704]"
3739,"[1924, 98, 97, 96, 441]"
3740,"[270, 924, 149, 1046, 150]"
3741,"[1071, 1705, 1704, 927, 1280]"
3742,"[1705, 1704, 1762, 1758, 1752]"
3743,"[1627, 409, 89, 1160, 920]"
3744,"[89, 1526, 1705, 1704, 530]"
3745,"[89, 1705, 1704, 1750, 1924]"
3746,"[1915, 1526, 223, 165, 409]"
3747,"[927, 1907, 1704, 1705, 166]"
3748,"[1587, 463, 467, 465, 1771]"
3749,"[1907, 463, 467, 89, 866]"
3750,"[1526, 113, 164, 116, 125]"
3751,"[1922, 1897, 1907, 166, 465]"
3752,"[921, 937, 1025, 159, 164]"
3753,"[89, 1922, 1897, 415, 1916]"
3754,"[938, 166, 1907, 89, 465]"
3755,"[296, 332, 317, 394, 329]"
3756,"[89, 1907, 165, 1526, 470]"
3757,"[1760, 1761, 297, 1704, 1705]"
3758,"[1775, 1769, 1774, 1753, 1768]"
3759,"[1899, 1526, 1907, 89, 1924]"
3760,"[89, 1151, 1096, 1769, 1152]"
3761,"[1526, 89, 1704, 1705, 1922]"
3762,"[98, 97, 96, 102, 1526]"
3763,"[1936, 1769, 1935, 1863, 1566]"
3764,"[1795, 1760, 1704, 1758, 1762]"
3765,"[1071, 1705, 1704, 1914, 905]"
3766,"[1613, 1025, 937, 159, 851]"
3767,"[89, 165, 1025, 937, 159]"
3768,"[1753, 1752, 214, 1705, 1704]"
3769,"[677, 688, 376, 1662, 1704]"
3770,"[1071, 1705, 1704, 1914, 1762]"
3771,"[1924, 1705, 1704, 289, 1904]"
3772,"[1627, 1704, 1705, 344, 318]"
3773,"[1627, 1705, 1704, 1118, 98]"
3774,"[1545, 1244, 423, 1704, 1705]"
3775,"[1540, 657, 654, 664, 633]"
3776,"[289, 1705, 1704, 1697, 1064]"
3777,"[1704, 1705, 415, 878, 98]"
3778,"[1705, 1704, 1627, 1638, 878]"
3779,"[1705, 1704, 1064, 862, 819]"
3780,"[1924, 451, 1705, 1704, 98]"
3781,"[1066, 409, 97, 96, 98]"
3782,"[89, 1907, 1705, 1704, 1272]"
3783,"[335, 1705, 1704, 1627, 1040]"
3784,"[1746, 1704, 1705, 1070, 878]"
3785,"[1705, 1704, 1758, 1762, 1147]"
3786,"[1924, 1705, 1704, 435, 1070]"
3787,"[1705, 1704, 1857, 1852, 1856]"
3788,"[1704, 1705, 1899, 1147, 1904]"
3789,"[1936, 1935, 1566, 1837, 1833]"
3790,"[1704, 1705, 1025, 937, 159]"
3791,"[1924, 1704, 1705, 819, 1792]"
3792,"[1705, 1704, 451, 1275, 1907]"
3793,"[334, 1704, 1705, 165, 164]"
3794,"[1705, 1704, 989, 413, 424]"
3795,"[171, 140, 1795, 916, 148]"
3796,"[1705, 1704, 1147, 116, 1610]"
3797,"[1705, 1704, 926, 1904, 171]"
3798,"[1704, 1705, 1924, 692, 1299]"
3799,"[1705, 1704, 1064, 357, 1875]"
3800,"[1746, 1030, 1070, 1036, 781]"
3801,"[1069, 819, 979, 924, 1762]"
3802,"[1713, 1705, 1704, 1727, 289]"
3803,"[370, 1633, 1683, 1618, 68]"
3804,"[165, 164, 692, 1704, 1705]"
3805,"[1746, 289, 1705, 1704, 1160]"
3806,"[90, 174, 928, 934, 924]"
3807,"[1705, 1704, 1887, 789, 1885]"
3808,"[1704, 1705, 291, 1070, 890]"
3809,"[1753, 1754, 481, 1934, 812]"
3810,"[1627, 1704, 1705, 1905, 1040]"
3811,"[1705, 1704, 1746, 102, 656]"
3812,"[1704, 1705, 1070, 291, 451]"
3813,"[1705, 1704, 1772, 1064, 1760]"
3814,"[140, 145, 1753, 148, 916]"
3815,"[349, 190, 1299, 956, 435]"
3816,"[1762, 89, 98, 455, 1705]"
3817,"[1179, 591, 1178, 309, 1916]"
3818,"[388, 1526, 1261, 409, 89]"
3819,"[527, 1788, 247, 1790, 1792]"
3820,"[1147, 1552, 1705, 1704, 116]"
3821,"[203, 989, 1704, 1705, 1936]"
3822,"[677, 1704, 1705, 1135, 688]"
3823,"[1071, 1025, 937, 159, 1704]"
3824,"[435, 618, 1705, 1704, 190]"
3825,"[1907, 1033, 1052, 166, 465]"
3826,"[1202, 1705, 1704, 1916, 1907]"
3827,"[328, 1044, 1052, 1630, 938]"
3828,"[1775, 1795, 1880, 1803, 1768]"
3829,"[1705, 1704, 323, 1297, 1907]"
3830,"[98, 89, 411, 1792, 1793]"
3831,"[290, 1936, 1866, 1566, 1828]"
3832,"[166, 927, 1526, 1924, 1907]"
3833,"[165, 328, 1705, 1704, 1041]"
3834,"[328, 1130, 1135, 361, 1041]"
3835,"[919, 163, 1025, 937, 159]"
3836,"[1746, 1907, 409, 620, 470]"
3837,"[203, 989, 1768, 341, 63]"
3838,"[1922, 1897, 1526, 1907, 962]"
3839,"[1526, 1899, 89, 1907, 165]"
3840,"[89, 1905, 98, 97, 96]"
3841,"[1704, 207, 1041, 211, 978]"
3842,"[454, 1907, 82, 328, 927]"
3843,"[1907, 166, 89, 1704, 1705]"
3844,"[1866, 42, 1936, 629, 1935]"
3845,"[89, 1065, 113, 1132, 116]"
3846,"[166, 1907, 165, 1033, 89]"
3847,"[1705, 1704, 530, 618, 1279]"
3848,"[1046, 1166, 1171, 1705, 1704]"
3849,"[620, 470, 1705, 1704, 89]"
3850,"[165, 1829, 79, 1865, 1833]"
3851,"[1033, 1616, 1671, 1745, 1071]"
3852,"[318, 1033, 165, 1907, 223]"
3853,"[328, 1713, 318, 1705, 1704]"
3854,"[125, 1916, 692, 1727, 1697]"
3855,"[1297, 166, 116, 113, 89]"
3856,"[706, 1035, 995, 116, 1733]"
3857,"[166, 1001, 868, 1748, 1705]"
3858,"[190, 328, 349, 1135, 395]"
3859,"[793, 1313, 97, 96, 98]"
3860,"[2, 3, 4, 73, 961]"
3861,"[1746, 102, 96, 97, 98]"
3862,"[171, 1704, 1705, 1752, 73]"
3863,"[1705, 1704, 1904, 1441, 1637]"
3864,"[1544, 171, 126, 420, 1700]"
3865,"[140, 1803, 1085, 1705, 1704]"
3866,"[97, 98, 96, 1746, 102]"
3867,"[1670, 171, 867, 1616, 998]"
3868,"[862, 1793, 1788, 1787, 1786]"
3869,"[1550, 956, 171, 1705, 1089]"
3870,"[4, 749, 1320, 5, 2]"
3871,"[273, 1915, 862, 1793, 1184]"
3872,"[2, 3, 1803, 1761, 1796]"
3873,"[1713, 1746, 102, 937, 157]"
3874,"[1742, 607, 1564, 1541, 1548]"
3875,"[102, 1746, 98, 97, 96]"
3876,"[102, 1746, 96, 97, 98]"
3877,"[1705, 1704, 1477, 1826, 961]"
3878,"[1704, 1705, 1118, 1807, 1771]"
3879,"[73, 2, 3, 1752, 1761]"
3880,"[1937, 1705, 1704, 583, 961]"
3881,"[1076, 1746, 102, 98, 97]"
3882,"[4, 2, 3, 73, 816]"
3883,"[1742, 280, 1536, 1525, 1548]"
3884,"[4, 961, 73, 1705, 1704]"
3885,"[171, 1936, 1937, 170, 1933]"
3886,"[4, 2, 961, 1705, 203]"
3887,"[677, 1792, 1789, 1790, 1791]"
3888,"[275, 346, 1164, 1769, 1705]"
3889,"[961, 1762, 1758, 192, 1705]"
3890,"[923, 1746, 102, 96, 97]"
3891,"[102, 1746, 163, 165, 164]"
3892,"[96, 98, 97, 1746, 102]"
3893,"[466, 121, 1611, 862, 1793]"
3894,"[1713, 1921, 1631, 882, 881]"
3895,"[749, 4, 420, 171, 1837]"
3896,"[794, 4, 126, 1313, 1730]"
3897,"[1091, 361, 349, 118, 533]"
3898,"[794, 175, 934, 176, 164]"
3899,"[118, 361, 349, 1091, 533]"
3900,"[1525, 893, 1770, 329, 1705]"
3901,"[496, 1037, 1202, 410, 171]"
3902,"[1915, 390, 1936, 1837, 1833]"
3903,"[1705, 1746, 102, 1704, 1770]"
3904,"[1155, 165, 938, 1909, 98]"
3905,"[1936, 1566, 1935, 1828, 1837]"
3906,"[677, 89, 890, 112, 113]"
3907,"[1655, 1721, 409, 1769, 1025]"
3908,"[1030, 1032, 1924, 116, 112]"
3909,"[164, 1704, 1041, 938, 1029]"
3910,"[1041, 1040, 1193, 1909, 1705]"
3911,"[165, 920, 1045, 175, 176]"
3912,"[211, 1704, 1705, 1924, 1752]"
3913,"[165, 1025, 937, 159, 758]"
3914,"[1790, 1792, 1789, 1791, 398]"
3915,"[956, 1040, 1727, 1073, 676]"
3916,"[928, 166, 1029, 952, 1752]"
3917,"[695, 1934, 1909, 1649, 1924]"
3918,"[126, 904, 1752, 398, 1790]"
3919,"[319, 125, 1025, 937, 159]"
3920,"[920, 1041, 1040, 169, 921]"
3921,"[620, 470, 670, 1704, 1705]"
3922,"[165, 920, 1026, 159, 1031]"
3923,"[1713, 925, 1934, 1909, 1924]"
3924,"[1073, 1041, 98, 97, 96]"
3925,"[1810, 247, 1837, 1833, 1828]"
3926,"[122, 121, 290, 477, 812]"
3927,"[1025, 937, 159, 165, 1041]"
3928,"[166, 165, 670, 1027, 1704]"
3929,"[921, 1040, 1030, 169, 1032]"
3930,"[1909, 98, 97, 96, 165]"
3931,"[164, 676, 165, 1193, 1675]"
3932,"[334, 398, 175, 1073, 1115]"
3933,"[1776, 1757, 628, 1853, 1837]"
3934,"[1924, 1041, 677, 1193, 1040]"
3935,"[1146, 1924, 1168, 1299, 273]"
3936,"[1029, 1025, 937, 159, 1040]"
3937,"[1705, 1704, 1299, 925, 211]"
3938,"[1458, 1705, 1704, 1025, 89]"
3939,"[1025, 937, 159, 165, 925]"
3940,"[437, 925, 938, 176, 175]"
3941,"[89, 1752, 116, 113, 1746]"
3942,"[788, 688, 677, 695, 376]"
3943,"[98, 97, 96, 1121, 1713]"
3944,"[165, 164, 670, 159, 937]"
3945,"[1025, 937, 159, 165, 166]"
3946,"[1040, 677, 1041, 1193, 1775]"
3947,"[1666, 1705, 1704, 355, 724]"
3948,"[1026, 1041, 327, 1672, 168]"
3949,"[1257, 289, 165, 1746, 1523]"
3950,"[1064, 1018, 1746, 102, 692]"
3951,"[1666, 1014, 1649, 1042, 327]"
3952,"[1921, 1651, 1915, 935, 437]"
3953,"[728, 352, 729, 1649, 1651]"
3954,"[1042, 914, 209, 1026, 971]"
3955,"[620, 470, 670, 408, 1042]"
3956,"[1915, 737, 719, 724, 1520]"
3957,"[925, 921, 928, 919, 938]"
3958,"[1666, 1649, 1037, 1025, 929]"
3959,"[1704, 1705, 1044, 1043, 1041]"
3960,"[972, 969, 206, 976, 719]"
3961,"[1927, 298, 1616, 925, 928]"
3962,"[1705, 1704, 1770, 1617, 1752]"
3963,"[1008, 303, 327, 925, 1030]"
3964,"[327, 1649, 1046, 116, 1666]"
3965,"[808, 1042, 620, 470, 921]"
3966,"[410, 1202, 1675, 470, 620]"
3967,"[1026, 1862, 1863, 1833, 1837]"
3968,"[724, 1915, 719, 737, 206]"
3969,"[327, 1649, 1632, 408, 911]"
3970,"[165, 98, 97, 96, 921]"
3971,"[1626, 1159, 395, 362, 361]"
3972,"[1649, 1666, 1032, 156, 921]"
3973,"[1029, 1672, 1030, 1043, 1760]"
3974,"[851, 140, 398, 1836, 1862]"
3975,"[1042, 1666, 737, 719, 1705]"
3976,"[1916, 1937, 1789, 1790, 1791]"
3977,"[1026, 1590, 937, 159, 1025]"
3978,"[731, 1649, 440, 729, 355]"
3979,"[1099, 1150, 1173, 1753, 1792]"
3980,"[918, 358, 1014, 971, 1075]"
3981,"[1092, 376, 347, 1042, 1704]"
3982,"[1770, 1705, 1704, 211, 1185]"
3983,"[1659, 1053, 727, 1839, 165]"
3984,"[1030, 1032, 327, 1916, 1649]"
3985,"[925, 175, 919, 934, 167]"
3986,"[1782, 1781, 1798, 1799, 333]"
3987,"[969, 972, 206, 1026, 976]"
3988,"[925, 1672, 1202, 410, 175]"
3989,"[1087, 1651, 1907, 1035, 159]"
3990,"[677, 376, 1086, 688, 1617]"
3991,"[1915, 1926, 168, 1672, 1008]"
3992,"[1649, 348, 728, 724, 738]"
3993,"[1073, 921, 164, 1139, 937]"
3994,"[410, 1202, 165, 1037, 1874]"
3995,"[165, 328, 1936, 290, 125]"
3996,"[1827, 1829, 738, 728, 730]"
3997,"[980, 1704, 1916, 197, 1079]"
3998,"[141, 1705, 1704, 212, 1204]"
3999,"[1135, 1789, 1791, 1788, 1790]"
4000,"[1915, 1936, 1256, 1259, 1298]"
4001,"[1793, 1792, 1791, 1790, 1202]"
4002,"[1051, 1043, 1520, 670, 1037]"
4003,"[1148, 1102, 116, 1704, 303]"
4004,"[1915, 165, 1936, 1837, 1833]"
4005,"[1037, 1032, 1055, 212, 1704]"
4006,"[175, 258, 1054, 919, 670]"
4007,"[108, 1055, 959, 1721, 990]"
4008,"[1705, 1704, 926, 1696, 1793]"
4009,"[380, 1924, 670, 1789, 1787]"
4010,"[1066, 1746, 728, 1135, 347]"
4011,"[211, 1043, 34, 222, 1051]"
4012,"[1321, 165, 1697, 1721, 920]"
4013,"[1066, 1916, 926, 108, 1915]"
4014,"[125, 1793, 1792, 1791, 1789]"
4015,"[924, 97, 96, 98, 1129]"
4016,"[141, 138, 1041, 1028, 1027]"
4017,"[166, 935, 937, 920, 929]"
4018,"[1548, 1079, 980, 1918, 1075]"
4019,"[959, 1936, 290, 1592, 1915]"
4020,"[1178, 1837, 1833, 1828, 1260]"
4021,"[440, 1915, 116, 1026, 1676]"
4022,"[1014, 1141, 260, 175, 164]"
4023,"[1133, 1184, 1158, 670, 751]"
4024,"[1131, 1310, 1130, 1077, 386]"
4025,"[925, 410, 1202, 373, 928]"
4026,"[1344, 199, 958, 79, 848]"
4027,"[159, 158, 157, 929, 935]"
4028,"[360, 1299, 1041, 1676, 1675]"
4029,"[1060, 138, 1133, 165, 759]"
4030,"[360, 323, 605, 1135, 926]"
4031,"[197, 1207, 1924, 138, 1699]"
4032,"[1705, 97, 96, 1147, 98]"
4033,"[1753, 1705, 1704, 1037, 361]"
4034,"[116, 1676, 113, 1675, 1196]"
4035,"[1936, 1277, 1750, 1202, 410]"
4036,"[1807, 1705, 1704, 1071, 211]"
4037,"[1301, 1690, 1025, 937, 159]"
4038,"[164, 165, 921, 1025, 937]"
4039,"[1704, 1705, 1752, 165, 89]"
4040,"[265, 1133, 377, 1105, 964]"
4041,"[1862, 1863, 1752, 1764, 1793]"
4042,"[165, 1025, 159, 937, 163]"
4043,"[677, 1920, 1792, 1790, 1791]"
4044,"[175, 165, 1899, 1526, 1922]"
4045,"[1916, 937, 159, 1025, 1193]"
4046,"[1025, 937, 159, 165, 164]"
4047,"[1705, 677, 1704, 688, 1808]"
4048,"[1705, 455, 1704, 1043, 984]"
4049,"[677, 1065, 1936, 956, 1648]"
4050,"[1915, 171, 1344, 1297, 1921]"
4051,"[219, 952, 728, 1073, 416]"
4052,"[170, 1025, 937, 159, 921]"
4053,"[1030, 1536, 1825, 921, 164]"
4054,"[1761, 1760, 371, 1915, 212]"
4055,"[1936, 1202, 410, 1618, 920]"
4056,"[365, 1892, 993, 1936, 1133]"
4057,"[166, 1025, 937, 159, 1627]"
4058,"[1916, 1588, 1193, 1753, 615]"
4059,"[1936, 171, 677, 367, 1295]"
4060,"[938, 934, 931, 928, 925]"
4061,"[260, 265, 164, 937, 159]"
4062,"[1906, 1008, 1916, 1705, 1704]"
4063,"[1936, 1277, 921, 1025, 937]"
4064,"[1862, 1863, 1866, 165, 937]"
4065,"[1704, 1705, 164, 368, 938]"
4066,"[102, 409, 921, 1924, 1528]"
4067,"[1202, 410, 1936, 1025, 937]"
4068,"[1906, 1528, 1928, 1676, 1916]"
4069,"[677, 1936, 1915, 290, 1192]"
4070,"[1321, 760, 1752, 762, 1705]"
4071,"[1043, 1906, 1086, 1920, 1705]"
4072,"[1825, 823, 1915, 1704, 1041]"
4073,"[98, 97, 96, 922, 165]"
4074,"[377, 1105, 361, 206, 1528]"
4075,"[675, 969, 1529, 1916, 139]"
4076,"[1704, 1018, 1205, 271, 1761]"
4077,"[1651, 707, 990, 1752, 1704]"
4078,"[1043, 1705, 1936, 1029, 1704]"
4079,"[1033, 924, 1050, 959, 159]"
4080,"[1917, 1050, 207, 1033, 959]"
4081,"[1792, 1793, 1790, 1791, 1033]"
4082,"[959, 1761, 1760, 924, 324]"
4083,"[165, 1050, 848, 98, 1048]"
4084,"[956, 1760, 1761, 1380, 49]"
4085,"[1033, 1050, 1914, 1025, 937]"
4086,"[195, 1018, 441, 25, 147]"
4087,"[935, 1766, 1777, 1765, 1793]"
4088,"[165, 1651, 371, 1936, 1148]"
4089,"[272, 275, 912, 137, 270]"
4090,"[959, 1018, 1050, 862, 1793]"
4091,"[1750, 165, 1704, 409, 1907]"
4092,"[1160, 886, 921, 1025, 159]"
4093,"[935, 320, 927, 735, 1549]"
4094,"[409, 1705, 1704, 1748, 1914]"
4095,"[1050, 1033, 1018, 959, 1675]"
4096,"[319, 1705, 1704, 1649, 725]"
4097,"[1793, 1792, 1790, 1789, 956]"
4098,"[695, 1617, 1750, 151, 696]"
4099,"[1033, 1001, 165, 368, 1050]"
4100,"[959, 165, 89, 1033, 886]"
4101,"[1756, 1916, 1793, 1789, 1790]"
4102,"[1936, 1742, 1935, 1566, 1837]"
4103,"[165, 408, 1017, 1792, 1793]"
4104,"[688, 1705, 1704, 1724, 692]"
4105,"[165, 1033, 89, 1193, 1025]"
4106,"[1001, 861, 1697, 739, 862]"
4107,"[207, 209, 968, 208, 976]"
4108,"[175, 1033, 924, 408, 927]"
4109,"[97, 96, 886, 98, 1517]"
4110,"[1049, 1019, 1189, 260, 269]"
4111,"[408, 1837, 1828, 1833, 1675]"
4112,"[1033, 1050, 1035, 959, 1018]"
4113,"[959, 1033, 398, 1790, 1791]"
4114,"[738, 911, 1068, 1063, 199]"
4115,"[165, 959, 1050, 164, 886]"
4116,"[1915, 937, 1025, 159, 928]"
4117,"[151, 211, 441, 772, 1704]"
4118,"[151, 198, 1545, 440, 441]"
4119,"[1637, 1704, 1705, 211, 401]"
4120,"[959, 1792, 1793, 1791, 1789]"
4121,"[1750, 1675, 1637, 408, 890]"
4122,"[151, 198, 772, 441, 1061]"
4123,"[1705, 1704, 1924, 1803, 1800]"
4124,"[1705, 1704, 1915, 60, 1760]"
4125,"[1014, 938, 919, 265, 165]"
4126,"[1705, 670, 1037, 1026, 1617]"
4127,"[1042, 1915, 1014, 7, 116]"
4128,"[1915, 1936, 1935, 1833, 1837]"
4129,"[1933, 1052, 1202, 410, 1154]"
4130,"[165, 1030, 1042, 1916, 1041]"
4131,"[1042, 1030, 34, 1591, 1045]"
4132,"[1916, 1042, 116, 1030, 1041]"
4133,"[165, 670, 620, 470, 211]"
4134,"[1042, 1924, 139, 1680, 886]"
4135,"[165, 212, 108, 138, 1773]"
4136,"[1753, 1041, 125, 34, 618]"
4137,"[1936, 1837, 1828, 1833, 1705]"
4138,"[1272, 1202, 410, 1791, 1793]"
4139,"[1133, 1800, 1780, 1803, 1779]"
4140,"[1917, 1042, 1926, 1030, 1045]"
4141,"[1042, 1915, 98, 624, 1277]"
4142,"[1050, 1042, 1113, 1907, 1033]"
4143,"[1721, 1853, 1566, 927, 1833]"
4144,"[1926, 1042, 1916, 116, 408]"
4145,"[1536, 1154, 116, 1050, 7]"
4146,"[1704, 1030, 1915, 670, 1041]"
4147,"[677, 219, 165, 1045, 376]"
4148,"[1705, 255, 1043, 670, 1704]"
4149,"[1042, 116, 216, 1041, 1045]"
4150,"[1921, 1560, 1561, 1030, 1042]"
4151,"[670, 927, 620, 470, 1705]"
4152,"[165, 116, 226, 244, 268]"
4153,"[1043, 1042, 164, 165, 108]"
4154,"[1915, 1705, 359, 1536, 370]"
4155,"[1042, 165, 116, 1617, 1045]"
4156,"[1704, 323, 605, 1135, 1675]"
4157,"[1915, 1706, 1299, 1042, 165]"
4158,"[1148, 140, 1017, 1042, 677]"
4159,"[1257, 1133, 286, 969, 206]"
4160,"[219, 954, 977, 1705, 1704]"
4161,"[1758, 1705, 1704, 825, 317]"
4162,"[1180, 1705, 437, 1284, 1606]"
4163,"[1030, 1704, 1705, 1061, 116]"
4164,"[1915, 1924, 1793, 920, 1638]"
4165,"[1915, 359, 1170, 1279, 1704]"
4166,"[1041, 1042, 1916, 1536, 125]"
4167,"[1014, 1042, 1149, 440, 97]"
4168,"[1014, 1008, 357, 1066, 1458]"
4169,"[1014, 1705, 1704, 1149, 270]"
4170,"[1313, 116, 368, 1915, 1894]"
4171,"[1014, 1648, 1157, 1637, 165]"
4172,"[1049, 1014, 396, 1762, 1758]"
4173,"[440, 989, 1762, 1896, 1758]"
4174,"[1134, 1723, 395, 309, 1121]"
4175,"[1014, 1154, 1590, 913, 1026]"
4176,"[374, 1924, 1014, 1761, 1760]"
4177,"[1592, 1338, 1706, 1014, 441]"
4178,"[1014, 440, 1042, 886, 1704]"
4179,"[1250, 1298, 1076, 1046, 1649]"
4180,"[1014, 1517, 1705, 440, 1608]"
4181,"[1866, 1936, 1828, 1837, 1833]"
4182,"[978, 209, 208, 976, 974]"
4183,"[1014, 1042, 1272, 98, 440]"
4184,"[1929, 1592, 197, 1014, 108]"
4185,"[1936, 1833, 1828, 1837, 1935]"
4186,"[1041, 862, 1042, 1014, 440]"
4187,"[1723, 1705, 1704, 480, 1760]"
4188,"[1705, 1704, 1014, 543, 1723]"
4189,"[1014, 138, 455, 116, 1704]"
4190,"[1750, 1915, 408, 108, 692]"
4191,"[1042, 886, 1014, 1025, 937]"
4192,"[1705, 1704, 796, 1043, 1014]"
4193,"[1048, 327, 1030, 1014, 1706]"
4194,"[1875, 1760, 1761, 125, 1675]"
4195,"[1014, 455, 1705, 1704, 350]"
4196,"[1042, 1014, 98, 1608, 886]"
4197,"[1014, 604, 1406, 440, 1705]"
4198,"[1014, 926, 125, 410, 1704]"
4199,"[1014, 438, 1636, 1008, 727]"
4200,"[159, 1025, 937, 165, 455]"
4201,"[1014, 1042, 480, 98, 97]"
4202,"[1042, 862, 920, 1014, 1592]"
4203,"[1704, 1014, 956, 1582, 1718]"
4204,"[1025, 937, 159, 921, 164]"
4205,"[175, 1014, 921, 1704, 1705]"
4206,"[1705, 1661, 1086, 626, 1651]"
4207,"[97, 96, 1014, 1132, 419]"
4208,"[98, 1014, 1272, 1157, 1042]"
4209,"[376, 688, 677, 1915, 1014]"
4210,"[1936, 1014, 1148, 371, 1935]"
4211,"[1052, 1055, 980, 271, 1205]"
4212,"[259, 222, 165, 927, 1705]"
4213,"[290, 886, 1909, 1704, 1705]"
4214,"[922, 928, 1705, 1704, 102]"
4215,"[290, 922, 886, 1909, 1727]"
4216,"[165, 1750, 1924, 1617, 384]"
4217,"[211, 1055, 259, 1052, 1049]"
4218,"[408, 1299, 1750, 1924, 1705]"
4219,"[1754, 1727, 1704, 1705, 1205]"
4220,"[165, 1828, 1833, 1862, 1863]"
4221,"[995, 1809, 1053, 1705, 1704]"
4222,"[1907, 408, 291, 969, 1761]"
4223,"[1053, 1205, 990, 989, 988]"
4224,"[211, 1055, 259, 1153, 153]"
4225,"[408, 222, 116, 1924, 261]"
4226,"[1042, 920, 862, 208, 1059]"
4227,"[1055, 928, 1727, 1205, 271]"
4228,"[928, 1055, 1754, 212, 1727]"
4229,"[914, 1299, 1916, 1030, 271]"
4230,"[1052, 259, 1153, 998, 1649]"
4231,"[1705, 1704, 1153, 1299, 162]"
4232,"[1053, 1050, 286, 922, 995]"
4233,"[1053, 1705, 1704, 995, 978]"
4234,"[255, 1924, 988, 1727, 1051]"
4235,"[1809, 1683, 1633, 1859, 1862]"
4236,"[1936, 1837, 1833, 1828, 1935]"
4237,"[995, 607, 1076, 1048, 1917]"
4238,"[1704, 1705, 526, 897, 898]"
4239,"[1704, 1705, 995, 1007, 222]"
4240,"[1034, 922, 290, 921, 937]"
4241,"[408, 988, 1704, 1705, 1859]"
4242,"[259, 1317, 130, 1704, 1705]"
4243,"[408, 1047, 222, 866, 1077]"
4244,"[1042, 1038, 995, 862, 455]"
4245,"[1916, 862, 1697, 1761, 1705]"
4246,"[259, 1153, 737, 1557, 1875]"
4247,"[1055, 271, 1205, 197, 1008]"
4248,"[1052, 211, 259, 1075, 1153]"
4249,"[922, 1727, 211, 866, 255]"
4250,"[271, 1205, 255, 162, 165]"
4251,"[259, 1048, 1046, 1055, 1061]"
4252,"[1055, 1705, 1704, 408, 1205]"
4253,"[1061, 1077, 990, 165, 1659]"
4254,"[143, 1754, 1016, 255, 1727]"
4255,"[1915, 1086, 1147, 343, 1548]"
4256,"[1915, 108, 1030, 216, 65]"
4257,"[1302, 719, 737, 1921, 1862]"
4258,"[1935, 1936, 1758, 1837, 1833]"
4259,"[1705, 1704, 737, 719, 724]"
4260,"[1918, 979, 719, 737, 972]"
4261,"[1041, 408, 1049, 928, 1202]"
4262,"[921, 925, 938, 919, 928]"
4263,"[1649, 1030, 408, 1042, 327]"
4264,"[1649, 1756, 1924, 990, 1666]"
4265,"[1704, 724, 737, 719, 1705]"
4266,"[921, 925, 928, 919, 938]"
4267,"[677, 1649, 1924, 688, 376]"
4268,"[1030, 1560, 1202, 410, 1921]"
4269,"[1936, 1935, 1833, 1837, 1828]"
4270,"[1637, 1030, 297, 168, 1672]"
4271,"[624, 1915, 1277, 965, 1030]"
4272,"[1026, 1014, 108, 206, 972]"
4273,"[1705, 1030, 1637, 1810, 1706]"
4274,"[1008, 925, 928, 108, 1053]"
4275,"[1651, 1921, 408, 969, 972]"
4276,"[1147, 411, 609, 969, 972]"
4277,"[1026, 1704, 1705, 402, 1936]"
4278,"[719, 737, 972, 969, 206]"
4279,"[1921, 1131, 306, 366, 1705]"
4280,"[1061, 206, 972, 969, 976]"
4281,"[1915, 969, 206, 972, 968]"
4282,"[140, 148, 145, 916, 913]"
4283,"[677, 1705, 1034, 1704, 108]"
4284,"[1026, 1924, 1014, 1030, 108]"
4285,"[1766, 1027, 1014, 1041, 1916]"
4286,"[1721, 368, 1666, 954, 141]"
4287,"[1705, 1704, 1756, 969, 972]"
4288,"[1014, 1053, 1026, 928, 919]"
4289,"[219, 1014, 1008, 1026, 197]"
4290,"[1915, 677, 376, 1026, 688]"
4291,"[1704, 1705, 211, 985, 980]"
4292,"[1915, 164, 165, 1916, 1014]"
4293,"[1077, 1828, 1862, 1935, 1833]"
4294,"[1666, 1042, 1649, 327, 1046]"
4295,"[1041, 197, 1918, 1025, 159]"
4296,"[677, 445, 688, 1695, 376]"
4297,"[1026, 1705, 1704, 956, 533]"
4298,"[1915, 116, 1649, 1042, 327]"
4299,"[616, 7, 310, 1721, 108]"
4300,"[1866, 290, 1936, 1526, 1935]"
4301,"[616, 642, 288, 716, 346]"
4302,"[1272, 1070, 1705, 1704, 899]"
4303,"[783, 777, 1718, 1898, 1582]"
4304,"[1704, 1705, 1761, 1760, 1762]"
4305,"[1705, 1760, 258, 1761, 1704]"
4306,"[1699, 421, 1070, 1675, 692]"
4307,"[739, 223, 1030, 1299, 165]"
4308,"[1144, 1705, 1704, 692, 60]"
4309,"[1704, 1705, 1924, 1760, 1761]"
4310,"[1760, 1705, 1704, 1761, 806]"
4311,"[1705, 1704, 699, 704, 705]"
4312,"[1704, 1082, 1761, 1705, 1760]"
4313,"[1242, 1760, 1761, 1704, 1705]"
4314,"[466, 1309, 1760, 677, 688]"
4315,"[1704, 1773, 856, 855, 1275]"
4316,"[1147, 1704, 1705, 1758, 1442]"
4317,"[411, 1129, 1282, 1064, 1029]"
4318,"[1704, 1705, 1760, 1761, 1758]"
4319,"[1705, 1704, 1902, 1147, 1552]"
4320,"[783, 900, 1249, 1068, 98]"
4321,"[1144, 783, 706, 692, 455]"
4322,"[1760, 1761, 116, 455, 113]"
4323,"[1704, 1705, 1760, 1761, 1758]"
4324,"[1187, 1728, 344, 1149, 1157]"
4325,"[1704, 1760, 339, 1761, 806]"
4326,"[108, 1761, 1705, 258, 1704]"
4327,"[618, 1705, 1704, 1787, 1789]"
4328,"[1030, 357, 1761, 1760, 1704]"
4329,"[1147, 1762, 1442, 1705, 1704]"
4330,"[1704, 1705, 1760, 1761, 1758]"
4331,"[1924, 1704, 1705, 1761, 1760]"
4332,"[137, 136, 277, 1016, 275]"
4333,"[449, 657, 1760, 459, 1761]"
4334,"[1144, 1704, 692, 1705, 1762]"
4335,"[1704, 1705, 1104, 1760, 1761]"
4336,"[1924, 478, 102, 1753, 1705]"
4337,"[346, 1164, 289, 310, 1273]"
4338,"[1147, 1760, 441, 1761, 1705]"
4339,"[1704, 1761, 1760, 1705, 1762]"
4340,"[1147, 1705, 1704, 1758, 1442]"
4341,"[1130, 1056, 1760, 370, 1633]"
4342,"[258, 1760, 1761, 440, 1705]"
4343,"[333, 1789, 1788, 1787, 692]"
4344,"[585, 586, 577, 592, 1705]"
4345,"[1833, 1828, 1837, 1866, 1936]"
4346,"[323, 1704, 1705, 1040, 1758]"
4347,"[677, 688, 376, 1704, 1705]"
4348,"[1704, 1705, 1727, 1147, 1145]"
4349,"[1758, 1704, 1705, 1040, 358]"
4350,"[1746, 102, 1073, 1155, 281]"
4351,"[276, 1155, 113, 435, 116]"
4352,"[1155, 1874, 1870, 1824, 1167]"
4353,"[1704, 1705, 1700, 409, 102]"
4354,"[1705, 1704, 290, 1756, 203]"
4355,"[171, 113, 1196, 116, 29]"
4356,"[361, 1001, 447, 1273, 618]"
4357,"[629, 628, 302, 670, 1095]"
4358,"[1915, 1631, 882, 881, 880]"
4359,"[98, 97, 96, 1746, 102]"
4360,"[658, 1705, 1704, 1837, 1828]"
4361,"[1770, 658, 1155, 1036, 629]"
4362,"[1137, 277, 1752, 1017, 281]"
4363,"[1155, 1559, 350, 281, 1053]"
4364,"[1704, 1705, 1746, 1924, 509]"
4365,"[275, 1793, 862, 1789, 606]"
4366,"[102, 1315, 1704, 1705, 221]"
4367,"[171, 1787, 1788, 1789, 1786]"
4368,"[1544, 1746, 102, 97, 96]"
4369,"[983, 171, 1704, 1705, 1700]"
4370,"[1788, 1787, 1789, 1775, 1761]"
4371,"[1746, 102, 1705, 1704, 1185]"
4372,"[1837, 1828, 1833, 1936, 1935]"
4373,"[1025, 937, 159, 124, 96]"
4374,"[102, 1746, 629, 1770, 420]"
4375,"[677, 688, 376, 1704, 1705]"
4376,"[455, 1787, 1788, 1789, 1676]"
4377,"[1781, 1799, 1617, 1683, 1633]"
4378,"[1910, 1070, 1704, 1705, 1787]"
4379,"[658, 665, 1727, 1889, 875]"
4380,"[281, 438, 1699, 922, 1911]"
4381,"[102, 1746, 98, 665, 171]"
4382,"[1866, 1936, 1769, 1828, 1833]"
4383,"[1155, 1704, 1705, 1477, 281]"
4384,"[1147, 1705, 1704, 1163, 1167]"
4385,"[333, 1144, 1639, 1129, 1135]"
4386,"[333, 1147, 707, 319, 1695]"
4387,"[1022, 1145, 863, 1747, 1705]"
4388,"[1758, 1762, 1704, 1705, 29]"
4389,"[863, 1747, 865, 1649, 73]"
4390,"[118, 314, 865, 1747, 863]"
4391,"[1747, 865, 863, 313, 314]"
4392,"[658, 654, 664, 657, 638]"
4393,"[1923, 313, 863, 865, 1747]"
4394,"[967, 367, 265, 1799, 1798]"
4395,"[1761, 338, 314, 528, 1507]"
4396,"[1747, 865, 863, 314, 444]"
4397,"[314, 1747, 865, 863, 1783]"
4398,"[1747, 863, 865, 314, 1036]"
4399,"[98, 314, 1272, 452, 171]"
4400,"[899, 864, 1131, 313, 314]"
4401,"[314, 1115, 1761, 1028, 528]"
4402,"[1275, 1726, 863, 1747, 865]"
4403,"[118, 1770, 619, 1887, 1771]"
4404,"[863, 865, 1747, 118, 1923]"
4405,"[1747, 863, 865, 59, 920]"
4406,"[314, 1747, 865, 863, 1750]"
4407,"[864, 863, 865, 1747, 314]"
4408,"[863, 1923, 865, 1747, 1808]"
4409,"[865, 1747, 863, 314, 126]"
4410,"[954, 865, 1747, 863, 1877]"
4411,"[1028, 1049, 856, 422, 703]"
4412,"[1792, 1790, 1791, 1789, 1786]"
4413,"[1747, 863, 865, 416, 314]"
4414,"[1747, 865, 863, 59, 449]"
4415,"[1133, 926, 1704, 265, 289]"
4416,"[1923, 1073, 313, 863, 864]"
4417,"[314, 865, 1747, 863, 1924]"
4418,"[313, 314, 1747, 865, 863]"
4419,"[313, 1747, 865, 863, 314]"
4420,"[865, 1747, 863, 118, 1693]"
4421,"[290, 1866, 1936, 1935, 1828]"
4422,"[1747, 863, 865, 314, 89]"
4423,"[863, 1747, 865, 615, 1638]"
4424,"[863, 1747, 865, 1275, 1523]"
4425,"[481, 865, 1747, 863, 1924]"
4426,"[1115, 314, 313, 1923, 1742]"
4427,"[314, 1747, 865, 863, 313]"
4428,"[314, 1747, 865, 863, 1910]"
4429,"[1705, 1704, 1239, 320, 314]"
4430,"[1936, 1837, 1828, 1833, 1866]"
4431,"[1907, 1924, 1567, 1880, 1705]"
4432,"[455, 331, 676, 124, 1177]"
4433,"[1202, 410, 1760, 1761, 1705]"
4434,"[1924, 1896, 1567, 321, 455]"
4435,"[1526, 1705, 1704, 1907, 1752]"
4436,"[1636, 455, 16, 1762, 1567]"
4437,"[1907, 1705, 1704, 1761, 1760]"
4438,"[1636, 455, 125, 454, 1191]"
4439,"[1299, 924, 455, 454, 1631]"
4440,"[1705, 1704, 1191, 1896, 1880]"
4441,"[1636, 438, 1924, 1746, 455]"
4442,"[535, 1705, 1704, 455, 1112]"
4443,"[114, 1064, 440, 1631, 1880]"
4444,"[1704, 1705, 1191, 1880, 1119]"
4445,"[535, 1035, 1705, 1704, 1760]"
4446,"[454, 455, 1040, 1116, 1191]"
4447,"[1636, 1705, 1704, 1762, 1760]"
4448,"[455, 454, 1760, 1761, 1064]"
4449,"[16, 1910, 1567, 1129, 1880]"
4450,"[1567, 1618, 1750, 1671, 1616]"
4451,"[455, 454, 1705, 1704, 1567]"
4452,"[1299, 1567, 1556, 1615, 1586]"
4453,"[455, 454, 16, 1191, 1880]"
4454,"[455, 454, 1697, 1567, 1344]"
4455,"[1611, 1567, 1704, 1705, 1924]"
4456,"[1567, 922, 1910, 98, 455]"
4457,"[455, 114, 1880, 1567, 328]"
4458,"[455, 454, 1567, 1880, 116]"
4459,"[1705, 1704, 811, 1091, 1157]"
4460,"[1748, 868, 1704, 1705, 1071]"
4461,"[1726, 455, 454, 1119, 1567]"
4462,"[375, 1768, 1567, 1880, 1704]"
4463,"[1705, 1704, 1129, 16, 1910]"
4464,"[1042, 98, 97, 96, 1070]"
4465,"[455, 454, 1586, 1705, 1704]"
4466,"[455, 454, 125, 1726, 1119]"
4467,"[1567, 1067, 1880, 1704, 114]"
4468,"[1750, 113, 455, 1924, 116]"
4469,"[1705, 1704, 1567, 1880, 1727]"
4470,"[1299, 1637, 1899, 1526, 1910]"
4471,"[1627, 1905, 919, 159, 937]"
4472,"[1637, 1299, 1458, 1567, 333]"
4473,"[1705, 221, 1880, 1567, 465]"
4474,"[1762, 455, 454, 1758, 1705]"
4475,"[1613, 692, 455, 102, 1904]"
4476,"[705, 768, 765, 1733, 761]"
4477,"[1746, 98, 97, 96, 102]"
4478,"[455, 1042, 1070, 102, 1750]"
4479,"[1607, 1659, 779, 98, 1157]"
4480,"[1157, 455, 1042, 692, 1567]"
4481,"[1704, 1705, 1872, 1835, 1675]"
4482,"[1704, 1705, 1567, 1807, 1638]"
4483,"[98, 97, 96, 124, 1896]"
4484,"[1761, 1705, 1704, 1760, 1907]"
4485,"[89, 101, 1746, 1695, 1792]"
4486,"[1567, 1762, 1705, 1704, 1758]"
4487,"[1704, 1705, 1870, 374, 1753]"
4488,"[1636, 372, 1613, 730, 1025]"
4489,"[1761, 1769, 1704, 1705, 629]"
4490,"[1704, 1769, 1760, 1761, 1705]"
4491,"[1904, 368, 1249, 677, 688]"
4492,"[98, 1157, 97, 96, 1517]"
4493,"[1896, 1761, 1760, 1517, 1607]"
4494,"[368, 1705, 1704, 1620, 1520]"
4495,"[1613, 1530, 291, 1704, 1705]"
4496,"[1607, 98, 165, 164, 692]"
4497,"[108, 1924, 1721, 283, 116]"
4498,"[1704, 1705, 1761, 1760, 1907]"
4499,"[165, 1042, 1724, 124, 1157]"
4500,"[1085, 372, 1721, 424, 108]"
4501,"[1705, 1704, 1249, 1765, 1777]"
4502,"[1705, 1704, 1762, 1758, 314]"
4503,"[259, 1607, 1637, 1157, 1896]"
4504,"[1705, 1704, 1762, 290, 1936]"
4505,"[481, 1705, 1704, 1760, 1761]"
4506,"[1896, 97, 96, 1157, 164]"
4507,"[372, 677, 688, 1775, 1769]"
4508,"[136, 760, 1761, 221, 904]"
4509,"[374, 1035, 1792, 1793, 1769]"
4510,"[1896, 1704, 1705, 1613, 409]"
4511,"[1613, 1270, 859, 164, 112]"
4512,"[1042, 1157, 1907, 455, 368]"
4513,"[60, 1750, 89, 1880, 843]"
4514,"[372, 102, 1904, 1025, 937]"
4515,"[1704, 1607, 1705, 496, 1795]"
4516,"[688, 677, 1775, 1768, 1760]"
4517,"[1025, 937, 159, 1556, 1792]"
4518,"[688, 677, 1907, 1567, 98]"
4519,"[775, 774, 1065, 287, 1284]"
4520,"[310, 1792, 1791, 1790, 1297]"
4521,"[332, 1758, 1021, 125, 1705]"
4522,"[50, 1030, 1584, 1594, 1589]"
4523,"[328, 393, 310, 116, 366]"
4524,"[28, 955, 976, 974, 972]"
4525,"[341, 955, 969, 970, 971]"
4526,"[1936, 1863, 1828, 1837, 1833]"
4527,"[28, 206, 208, 973, 972]"
4528,"[359, 1924, 1704, 1705, 367]"
4529,"[961, 1085, 435, 1803, 1758]"
4530,"[700, 1022, 310, 1586, 1166]"
4531,"[1880, 1705, 1704, 1176, 1762]"
4532,"[976, 972, 973, 971, 974]"
4533,"[938, 934, 931, 928, 919]"
4534,"[1172, 835, 256, 1024, 285]"
4535,"[1705, 1880, 1176, 1704, 1082]"
4536,"[1704, 1705, 1758, 1697, 310]"
4537,"[1761, 1020, 1760, 1705, 1924]"
4538,"[474, 693, 1288, 60, 907]"
4539,"[1102, 28, 341, 978, 974]"
4540,"[1578, 1274, 440, 1880, 1053]"
4541,"[1102, 1790, 1791, 306, 1792]"
4542,"[120, 28, 971, 973, 972]"
4543,"[739, 1793, 1792, 341, 955]"
4544,"[995, 7, 358, 1296, 1791]"
4545,"[976, 978, 974, 968, 969]"
4546,"[28, 1155, 700, 1109, 1145]"
4547,"[443, 1750, 1039, 1021, 1792]"
4548,"[1936, 1863, 1837, 1833, 1828]"
4549,"[28, 1291, 1102, 607, 968]"
4550,"[1761, 692, 1758, 1762, 1760]"
4551,"[285, 1053, 968, 209, 970]"
4552,"[455, 613, 116, 1795, 1770]"
4553,"[285, 1705, 1704, 1774, 1022]"
4554,"[751, 185, 1488, 221, 959]"
4555,"[126, 1320, 1697, 452, 1753]"
4556,"[437, 349, 1786, 304, 1727]"
4557,"[125, 1157, 1191, 1762, 455]"
4558,"[1697, 972, 971, 969, 974]"
4559,"[1750, 1134, 917, 149, 918]"
4560,"[1881, 1023, 906, 1059, 349]"
4561,"[1083, 287, 970, 968, 971]"
4562,"[1761, 1760, 1281, 1705, 1296]"
4563,"[1705, 1704, 1787, 1788, 1789]"
4564,"[1902, 199, 1766, 1130, 848]"
4565,"[98, 1704, 1705, 1030, 1518]"
4566,"[1071, 1704, 1748, 1807, 1705]"
4567,"[1675, 1676, 1915, 1705, 1704]"
4568,"[1915, 1064, 1928, 1561, 455]"
4569,"[878, 1704, 1795, 424, 1913]"
4570,"[333, 1158, 440, 1762, 451]"
4571,"[1929, 369, 888, 1149, 408]"
4572,"[1705, 1704, 1253, 1770, 211]"
4573,"[1750, 1263, 1636, 438, 1080]"
4574,"[1147, 1202, 410, 441, 926]"
4575,"[1907, 1075, 1051, 1924, 1285]"
4576,"[1640, 1750, 1202, 410, 1911]"
4577,"[1750, 1675, 408, 125, 359]"
4578,"[1900, 1185, 1675, 112, 890]"
4579,"[1926, 1627, 1905, 1191, 409]"
4580,"[440, 427, 441, 1705, 1704]"
4581,"[1041, 1529, 1907, 1588, 1155]"
4582,"[1185, 1675, 408, 1915, 1752]"
4583,"[1014, 1148, 371, 1080, 1758]"
4584,"[1924, 307, 308, 1100, 367]"
4585,"[424, 116, 1073, 1704, 1705]"
4586,"[1064, 409, 421, 1758, 919]"
4587,"[919, 96, 409, 97, 98]"
4588,"[1915, 1704, 1705, 1924, 1770]"
4589,"[618, 96, 97, 98, 1758]"
4590,"[1926, 1675, 1915, 1344, 956]"
4591,"[148, 140, 145, 916, 1756]"
4592,"[1705, 1704, 1915, 286, 1727]"
4593,"[424, 1752, 347, 848, 1753]"
4594,"[451, 615, 1637, 440, 150]"
4595,"[1185, 455, 1902, 1705, 1704]"
4596,"[101, 1705, 1704, 408, 455]"
4597,"[1915, 1526, 98, 97, 96]"
4598,"[97, 96, 1607, 379, 440]"
4599,"[677, 1924, 409, 688, 1526]"
4600,"[1917, 1705, 1704, 1178, 1926]"
4601,"[680, 1548, 900, 1023, 509]"
4602,"[116, 60, 1536, 106, 956]"
4603,"[1675, 408, 1915, 1758, 618]"
4604,"[1030, 1612, 1066, 1762, 1065]"
4605,"[1705, 1704, 1765, 1777, 902]"
4606,"[112, 890, 102, 98, 97]"
4607,"[1704, 1705, 98, 365, 1675]"
4608,"[1522, 431, 1637, 1087, 1279]"
4609,"[1807, 98, 371, 1936, 96]"
4610,"[1916, 1924, 1704, 1705, 409]"
4611,"[1653, 1750, 409, 1516, 102]"
4612,"[294, 1704, 360, 349, 424]"
4613,"[1750, 1636, 438, 455, 1915]"
4614,"[1081, 1087, 431, 1704, 1705]"
4615,"[1906, 1271, 615, 1279, 1528]"
4616,"[1272, 1157, 1704, 1705, 496]"
4617,"[1185, 1750, 1344, 116, 113]"
4618,"[441, 1704, 1705, 1677, 1899]"
4619,"[128, 223, 1749, 98, 1095]"
4620,"[938, 921, 923, 161, 1776]"
4621,"[1638, 1807, 435, 920, 116]"
4622,"[1936, 1295, 1277, 1257, 1182]"
4623,"[379, 326, 1915, 1652, 339]"
4624,"[1139, 1934, 1279, 448, 1936]"
4625,"[294, 1279, 1177, 1086, 603]"
4626,"[1279, 722, 1638, 396, 1796]"
4627,"[1789, 1792, 1790, 1791, 1764]"
4628,"[1807, 1662, 1277, 1637, 357]"
4629,"[1750, 1279, 1915, 1049, 1277]"
4630,"[125, 433, 1191, 1202, 410]"
4631,"[1742, 1807, 1564, 1548, 1489]"
4632,"[1819, 1814, 1812, 1815, 1811]"
4633,"[1915, 698, 60, 922, 1704]"
4634,"[1764, 1776, 1757, 1793, 1550]"
4635,"[1659, 1279, 1540, 1915, 1104]"
4636,"[1271, 1807, 1916, 1091, 1906]"
4637,"[1752, 1185, 1748, 868, 7]"
4638,"[1936, 1295, 433, 1087, 309]"
4639,"[1030, 1279, 442, 1636, 296]"
4640,"[1807, 1704, 423, 1244, 1128]"
4641,"[1014, 1936, 125, 1915, 1807]"
4642,"[1769, 1705, 1704, 1762, 1758]"
4643,"[306, 1791, 1792, 1793, 1788]"
4644,"[1277, 1936, 116, 435, 113]"
4645,"[1677, 892, 1675, 222, 952]"
4646,"[1659, 302, 297, 294, 1750]"
4647,"[98, 1279, 1676, 435, 113]"
4648,"[1279, 359, 510, 1704, 1705]"
4649,"[1279, 1915, 862, 1793, 1789]"
4650,"[1795, 1742, 1277, 1807, 1561]"
4651,"[688, 1118, 1705, 1704, 1313]"
4652,"[284, 1671, 1745, 1616, 866]"
4653,"[1915, 618, 1092, 302, 1269]"
4654,"[1902, 408, 359, 1704, 1705]"
4655,"[1866, 1833, 1828, 1837, 1936]"
4656,"[938, 643, 1761, 692, 1937]"
4657,"[1796, 1543, 284, 102, 1746]"
4658,"[1273, 447, 1552, 1746, 102]"
4659,"[1076, 1077, 402, 1052, 1617]"
4660,"[423, 1244, 628, 1170, 441]"
4661,"[677, 1704, 1705, 1786, 1790]"
4662,"[1936, 1935, 42, 629, 1837]"
4663,"[1790, 1789, 1791, 1792, 1862]"
4664,"[1055, 705, 97, 866, 1705]"
4665,"[1937, 1705, 1704, 1077, 922]"
4666,"[98, 96, 97, 307, 341]"
4667,"[46, 126, 402, 1269, 1746]"
4668,"[1796, 1803, 1758, 394, 1082]"
4669,"[1866, 1185, 1902, 1936, 1828]"
4670,"[728, 441, 56, 814, 1737]"
4671,"[46, 1937, 1201, 1522, 1269]"
4672,"[1796, 1704, 1705, 748, 844]"
4673,"[97, 96, 128, 171, 116]"
4674,"[677, 688, 376, 441, 1737]"
4675,"[1915, 1740, 478, 1924, 779]"
4676,"[618, 1937, 1705, 1704, 1313]"
4677,"[624, 1522, 625, 610, 125]"
4678,"[1700, 126, 60, 1320, 1704]"
4679,"[610, 624, 1050, 1894, 625]"
4680,"[1828, 1837, 1833, 1936, 1566]"
4681,"[811, 346, 1063, 1068, 128]"
4682,"[1753, 1011, 1788, 1787, 1789]"
4683,"[1607, 675, 97, 1272, 98]"
4684,"[1075, 284, 748, 356, 722]"
4685,"[271, 136, 995, 1916, 900]"
4686,"[1705, 1704, 342, 1795, 328]"
4687,"[1300, 452, 1705, 1704, 1301]"
4688,"[1900, 1675, 1791, 1793, 1792]"
4689,"[1313, 1937, 1705, 1704, 618]"
4690,"[878, 1915, 113, 1924, 125]"
4691,"[1659, 1100, 307, 308, 1157]"
4692,"[1649, 1611, 1522, 125, 395]"
4693,"[745, 1900, 979, 1675, 1638]"
4694,"[398, 1023, 1790, 1792, 1791]"
4695,"[1792, 1791, 1705, 682, 1761]"
4696,"[1042, 1654, 1134, 1130, 1124]"
4697,"[1704, 1710, 1784, 379, 360]"
4698,"[1936, 1935, 1837, 1833, 1828]"
4699,"[1630, 1044, 1705, 1792, 1791]"
4700,"[1570, 1632, 1287, 1877, 1015]"
4701,"[960, 200, 1704, 1705, 808]"
4702,"[113, 116, 409, 920, 89]"
4703,"[397, 1178, 1167, 1916, 1179]"
4704,"[1042, 345, 1143, 614, 1064]"
4705,"[724, 89, 1632, 1544, 618]"
4706,"[1728, 1756, 108, 733, 1782]"
4707,"[1936, 1566, 441, 300, 290]"
4708,"[677, 1570, 371, 726, 1650]"
4709,"[677, 1192, 1705, 1704, 688]"
4710,"[670, 911, 1148, 1705, 286]"
4711,"[1675, 1699, 605, 1036, 1727]"
4712,"[441, 1727, 1570, 931, 924]"
4713,"[364, 934, 931, 924, 920]"
4714,"[108, 1721, 1019, 1915, 216]"
4715,"[265, 1704, 1788, 1787, 1759]"
4716,"[454, 1134, 141, 1042, 1650]"
4717,"[934, 931, 924, 920, 176]"
4718,"[441, 442, 1764, 1759, 1792]"
4719,"[367, 1662, 323, 1167, 1659]"
4720,"[1028, 1705, 1704, 1800, 1803]"
4721,"[1015, 1785, 107, 1317, 1153]"
4722,"[1488, 326, 1273, 447, 1905]"
4723,"[927, 1258, 851, 1117, 984]"
4724,"[441, 1566, 1936, 927, 1935]"
4725,"[1936, 1935, 1828, 1833, 1837]"
4726,"[621, 1269, 30, 364, 1105]"
4727,"[1157, 1192, 95, 1728, 379]"
4728,"[1704, 1705, 1570, 1803, 1779]"
4729,"[1705, 1704, 1091, 1775, 1769]"
4730,"[1570, 928, 1922, 1897, 706]"
4731,"[188, 1681, 881, 982, 1704]"
4732,"[1936, 1863, 1833, 1837, 1828]"
4733,"[441, 442, 1737, 728, 56]"
4734,"[1936, 1566, 290, 1210, 1828]"
4735,"[455, 116, 416, 368, 1549]"
4736,"[398, 1705, 1704, 1790, 1791]"
4737,"[82, 454, 1592, 733, 693]"
4738,"[1705, 1704, 1936, 1837, 1833]"
4739,"[478, 919, 1924, 1761, 1760]"
4740,"[1921, 1704, 1705, 379, 1924]"
4741,"[455, 1936, 1828, 1837, 1833]"
4742,"[408, 1907, 116, 377, 1540]"
4743,"[1750, 1710, 220, 370, 618]"
4744,"[1675, 1704, 408, 906, 455]"
4745,"[1133, 296, 1750, 1924, 1705]"
4746,"[1185, 1902, 1915, 455, 408]"
4747,"[1750, 455, 919, 175, 116]"
4748,"[1761, 1760, 1884, 175, 938]"
4749,"[1746, 102, 1297, 1924, 1750]"
4750,"[1705, 1704, 1761, 1760, 163]"
4751,"[1761, 1924, 1750, 1760, 1758]"
4752,"[297, 619, 303, 1884, 1636]"
4753,"[163, 919, 1753, 1705, 1025]"
4754,"[116, 455, 1884, 175, 165]"
4755,"[1924, 175, 98, 97, 96]"
4756,"[455, 938, 1884, 165, 175]"
4757,"[1750, 1924, 455, 116, 937]"
4758,"[1637, 455, 454, 783, 1787]"
4759,"[1750, 1924, 1705, 1749, 1746]"
4760,"[1752, 1030, 1073, 1705, 1704]"
4761,"[1762, 1758, 1760, 1924, 1761]"
4762,"[455, 1761, 125, 938, 175]"
4763,"[164, 921, 175, 1746, 919]"
4764,"[98, 97, 96, 1746, 102]"
4765,"[1750, 919, 675, 175, 692]"
4766,"[165, 116, 938, 1924, 455]"
4767,"[455, 1704, 1705, 1742, 1761]"
4768,"[1761, 1760, 1705, 1704, 1924]"
4769,"[1526, 1924, 1750, 1746, 124]"
4770,"[455, 114, 116, 1792, 1793]"
4771,"[1924, 1071, 1704, 1699, 1705]"
4772,"[438, 1636, 455, 199, 1910]"
4773,"[1064, 396, 164, 175, 163]"
4774,"[1705, 1704, 1112, 1655, 175]"
4775,"[1884, 619, 1636, 438, 1910]"
4776,"[455, 1773, 116, 438, 1636]"
4777,"[1038, 116, 455, 408, 1793]"
4778,"[455, 1636, 438, 1306, 1112]"
4779,"[1753, 1936, 1866, 1825, 1935]"
4780,"[455, 1705, 116, 163, 164]"
4781,"[675, 1183, 1297, 116, 440]"
4782,"[1762, 1758, 440, 1704, 116]"
4783,"[1275, 449, 1913, 1793, 1792]"
4784,"[1773, 1900, 1704, 1705, 1761]"
4785,"[1875, 688, 324, 319, 1014]"
4786,"[1772, 1121, 361, 1762, 1758]"
4787,"[1147, 1790, 1792, 1793, 1705]"
4788,"[1897, 1922, 113, 116, 1192]"
4789,"[1750, 368, 1297, 478, 1147]"
4790,"[1758, 1762, 1760, 441, 1784]"
4791,"[1884, 1910, 438, 1636, 100]"
4792,"[1038, 371, 380, 116, 1762]"
4793,"[455, 1900, 108, 1695, 1638]"
4794,"[125, 1536, 116, 24, 1761]"
4795,"[314, 290, 1699, 1675, 1727]"
4796,"[1750, 1062, 275, 1163, 348]"
4797,"[116, 1705, 1704, 339, 1662]"
4798,"[368, 116, 692, 1704, 1705]"
4799,"[380, 441, 1038, 1760, 1636]"
4800,"[1762, 1758, 379, 116, 1761]"
4801,"[1704, 380, 800, 1038, 1705]"
4802,"[438, 1636, 1186, 1277, 455]"
4803,"[1599, 1067, 1277, 1705, 1704]"
4804,"[1297, 1761, 1762, 1758, 675]"
4805,"[440, 1704, 1705, 1773, 1662]"
4806,"[438, 1636, 379, 1038, 380]"
4807,"[1313, 1456, 363, 1894, 1064]"
4808,"[959, 1784, 678, 1030, 1748]"
4809,"[938, 1761, 1760, 1758, 1636]"
4810,"[1705, 1704, 1924, 478, 435]"
4811,"[438, 1636, 1884, 455, 1792]"
4812,"[919, 938, 1025, 937, 159]"
4813,"[1636, 438, 1884, 1038, 380]"
4814,"[1746, 1297, 360, 102, 440]"
4815,"[618, 435, 113, 116, 455]"
4816,"[380, 1038, 441, 1760, 1758]"
4817,"[438, 1636, 274, 1544, 1908]"
4818,"[1085, 1053, 435, 346, 1586]"
4819,"[1762, 1758, 1761, 1760, 1704]"
4820,"[96, 98, 97, 1760, 441]"
4821,"[1704, 1705, 1773, 1441, 1904]"
4822,"[675, 1924, 1746, 1749, 124]"
4823,"[440, 1704, 1705, 1773, 1800]"
4824,"[441, 1038, 1760, 380, 1758]"
4825,"[379, 7, 1023, 1760, 1761]"
4826,"[440, 320, 346, 1704, 1705]"
4827,"[1704, 1705, 322, 1626, 926]"
4828,"[1760, 1758, 718, 1761, 1762]"
4829,"[1705, 1704, 677, 1770, 1249]"
4830,"[1927, 288, 200, 204, 203]"
4831,"[1473, 1609, 902, 1202, 410]"
4832,"[1915, 396, 1749, 410, 1202]"
4833,"[128, 1704, 1705, 924, 920]"
4834,"[410, 1617, 165, 1025, 937]"
4835,"[1761, 1760, 1617, 1762, 1758]"
4836,"[1185, 1675, 1025, 937, 159]"
4837,"[1071, 868, 1705, 1704, 1748]"
4838,"[1177, 125, 1690, 937, 159]"
4839,"[1202, 410, 906, 1927, 360]"
4840,"[1014, 1079, 410, 1202, 1915]"
4841,"[1915, 1014, 408, 1065, 1705]"
4842,"[1202, 410, 1561, 200, 1185]"
4843,"[102, 409, 441, 1025, 937]"
4844,"[1186, 1014, 1617, 1281, 341]"
4845,"[924, 1758, 1704, 1705, 937]"
4846,"[1768, 1704, 1705, 862, 280]"
4847,"[938, 1700, 924, 735, 1044]"
4848,"[357, 1651, 1773, 692, 1704]"
4849,"[98, 1924, 1704, 1705, 1041]"
4850,"[1915, 1030, 1344, 1675, 116]"
4851,"[1915, 924, 920, 171, 1713]"
4852,"[108, 1202, 410, 1915, 1609]"
4853,"[342, 1488, 1704, 1705, 1825]"
4854,"[1099, 1618, 1776, 1757, 108]"
4855,"[1905, 346, 1527, 1677, 925]"
4856,"[1915, 292, 1618, 257, 900]"
4857,"[921, 159, 937, 1025, 165]"
4858,"[102, 1076, 1758, 1762, 979]"
4859,"[292, 1558, 1550, 1758, 1125]"
4860,"[398, 1014, 1907, 1250, 331]"
4861,"[670, 165, 1185, 1025, 937]"
4862,"[1618, 1704, 1705, 1758, 1066]"
4863,"[1924, 1202, 410, 333, 1649]"
4864,"[702, 175, 1916, 1030, 937]"
4865,"[1705, 1704, 1770, 1762, 1909]"
4866,"[125, 365, 397, 1024, 1676]"
4867,"[937, 1025, 159, 924, 98]"
4868,"[102, 1025, 937, 159, 165]"
4869,"[1915, 1185, 1202, 410, 1705]"
4870,"[937, 159, 1025, 1915, 926]"
4871,"[1165, 124, 1549, 739, 1570]"
4872,"[1733, 1116, 829, 89, 1118]"
4873,"[89, 1549, 825, 1116, 992]"
4874,"[120, 849, 751, 770, 669]"
4875,"[1924, 477, 120, 365, 1027]"
4876,"[438, 1636, 1087, 1295, 1081]"
4877,"[1021, 89, 653, 803, 802]"
4878,"[1924, 89, 1001, 1116, 750]"
4879,"[794, 1032, 1281, 466, 408]"
4880,"[1875, 332, 1752, 815, 1704]"
4881,"[1161, 120, 1095, 378, 65]"
4882,"[120, 65, 1681, 228, 1683]"
4883,"[125, 395, 371, 1907, 1762]"
4884,"[120, 65, 1681, 228, 751]"
4885,"[408, 1704, 1705, 1018, 1750]"
4886,"[1924, 16, 1762, 1758, 701]"
4887,"[89, 1549, 1697, 1116, 1119]"
4888,"[1875, 815, 1161, 1704, 1705]"
4889,"[618, 1875, 675, 1095, 1549]"
4890,"[120, 65, 1681, 1683, 1000]"
4891,"[1924, 1030, 1762, 466, 1793]"
4892,"[120, 65, 1116, 1681, 1683]"
4893,"[120, 1681, 1116, 65, 1000]"
4894,"[653, 120, 1116, 1681, 65]"
4895,"[1001, 89, 1118, 455, 1116]"
4896,"[120, 1681, 65, 1000, 1683]"
4897,"[1638, 120, 1458, 1705, 1704]"
4898,"[1750, 65, 120, 1681, 116]"
4899,"[1549, 1119, 1191, 270, 1726]"
4900,"[1924, 1549, 1001, 1119, 1191]"
4901,"[815, 67, 1750, 855, 455]"
4902,"[396, 1076, 1924, 327, 1085]"
4903,"[1549, 1119, 1191, 1726, 846]"
4904,"[1191, 89, 1697, 1549, 1119]"
4905,"[89, 1127, 1116, 1924, 113]"
4906,"[618, 120, 7, 804, 744]"
4907,"[1017, 1662, 1924, 815, 855]"
4908,"[1735, 1038, 1573, 1924, 465]"
4909,"[618, 125, 1022, 1726, 1662]"
4910,"[1681, 1683, 1000, 1682, 991]"
4911,"[775, 122, 1720, 477, 1674]"
4912,"[1536, 627, 669, 770, 120]"
4913,"[1182, 314, 1269, 1924, 1704]"
4914,"[1549, 1119, 1191, 1726, 846]"
4915,"[1030, 1147, 1924, 175, 97]"
4916,"[1924, 89, 1269, 1705, 1704]"
4917,"[1795, 1705, 1704, 123, 1531]"
4918,"[1073, 437, 89, 1075, 60]"
4919,"[1025, 937, 921, 159, 164]"
4920,"[868, 1071, 1704, 1705, 1915]"
4921,"[175, 270, 1012, 1068, 349]"
4922,"[1727, 1704, 1705, 1477, 1826]"
4923,"[920, 113, 171, 165, 89]"
4924,"[398, 1792, 1791, 1790, 1789]"
4925,"[1727, 1704, 1705, 1752, 1065]"
4926,"[1769, 1704, 677, 385, 1774]"
4927,"[356, 89, 1768, 1705, 1704]"
4928,"[1704, 1705, 1727, 1299, 1255]"
4929,"[1135, 692, 164, 159, 1025]"
4930,"[1753, 1704, 1705, 1873, 1836]"
4931,"[164, 1025, 937, 921, 159]"
4932,"[1704, 1705, 1690, 403, 1202]"
4933,"[170, 176, 931, 928, 165]"
4934,"[919, 1025, 937, 159, 921]"
4935,"[371, 1135, 79, 1927, 1073]"
4936,"[1011, 1030, 1053, 1928, 992]"
4937,"[170, 176, 175, 164, 167]"
4938,"[862, 1704, 1705, 480, 1303]"
4939,"[1828, 1833, 1837, 1866, 1936]"
4940,"[692, 1030, 1102, 1704, 1705]"
4941,"[1651, 1753, 1752, 886, 1704]"
4942,"[1704, 1705, 1858, 1795, 211]"
4943,"[1041, 1046, 101, 1907, 1913]"
4944,"[165, 862, 1914, 170, 928]"
4945,"[988, 1659, 1520, 1771, 719]"
4946,"[211, 1704, 1705, 1752, 140]"
4947,"[96, 97, 116, 920, 1638]"
4948,"[116, 113, 1617, 1705, 1752]"
4949,"[1160, 164, 1025, 937, 921]"
4950,"[164, 1025, 937, 921, 159]"
4951,"[164, 159, 1025, 937, 921]"
4952,"[1704, 1705, 140, 1752, 148]"
4953,"[878, 246, 244, 226, 241]"
4954,"[170, 931, 934, 928, 925]"
4955,"[1704, 1705, 692, 1810, 1706]"
4956,"[1705, 379, 1771, 220, 1727]"
4957,"[1704, 1705, 89, 1875, 416]"
4958,"[1257, 1068, 1915, 1928, 410]"
4959,"[32, 13, 40, 26, 22]"
4960,"[1126, 1690, 125, 1124, 1705]"
4961,"[423, 1244, 125, 1640, 328]"
4962,"[125, 423, 1244, 902, 365]"
4963,"[1619, 423, 1244, 638, 633]"
4964,"[140, 677, 916, 145, 148]"
4965,"[1169, 634, 658, 638, 633]"
4966,"[677, 1704, 1705, 578, 79]"
4967,"[320, 1130, 1855, 1132, 140]"
4968,"[677, 423, 1244, 862, 1704]"
4969,"[125, 395, 423, 1244, 1704]"
4970,"[125, 1244, 423, 1690, 415]"
4971,"[125, 1825, 1705, 1677, 455]"
4972,"[28, 23, 1344, 1705, 1704]"
4973,"[1626, 125, 1518, 423, 1244]"
4974,"[614, 1705, 1704, 1244, 423]"
4975,"[1705, 125, 1704, 1244, 423]"
4976,"[423, 1244, 125, 1705, 1704]"
4977,"[140, 145, 916, 148, 913]"
4978,"[1244, 423, 265, 1704, 1705]"
4979,"[423, 1244, 1705, 1704, 1799]"
4980,"[125, 1690, 1189, 695, 1760]"
4981,"[1690, 125, 1626, 322, 1518]"
4982,"[1705, 125, 423, 1244, 1777]"
4983,"[1244, 423, 125, 902, 1690]"
4984,"[1762, 1705, 1704, 1758, 1766]"
4985,"[125, 124, 1637, 60, 1626]"
4986,"[875, 677, 688, 1746, 376]"
4987,"[97, 1795, 1130, 1132, 1697]"
4988,"[365, 994, 1344, 1675, 720]"
4989,"[1244, 423, 1761, 1704, 1705]"
4990,"[140, 145, 916, 148, 913]"
4991,"[423, 1244, 125, 1915, 1764]"
4992,"[423, 1244, 125, 1690, 1677]"
4993,"[423, 1244, 125, 1690, 1761]"
4994,"[1924, 125, 116, 113, 1676]"
4995,"[125, 423, 1244, 1705, 1704]"
4996,"[677, 398, 688, 1791, 1792]"
4997,"[1244, 423, 1795, 96, 97]"
4998,"[1936, 1833, 1828, 1837, 1866]"
4999,"[1752, 125, 98, 96, 97]"
5000,"[677, 376, 688, 125, 1705]"
5001,"[1748, 868, 125, 423, 1244]"
5002,"[125, 423, 1244, 902, 1690]"
5003,"[1761, 1924, 921, 164, 1921]"
5004,"[1915, 1704, 1705, 478, 116]"
5005,"[1747, 865, 863, 1915, 1705]"
5006,"[1762, 1758, 1760, 1784, 441]"
5007,"[1030, 1753, 1087, 1924, 478]"
5008,"[692, 1165, 333, 421, 1135]"
5009,"[1754, 1753, 1755, 116, 1580]"
5010,"[142, 1147, 341, 1257, 1062]"
5011,"[116, 1705, 408, 1704, 1924]"
5012,"[677, 1863, 1936, 1276, 1862]"
5013,"[329, 1344, 1626, 1018, 341]"
5014,"[1866, 1936, 1566, 1935, 1833]"
5015,"[164, 175, 921, 925, 1705]"
5016,"[1924, 478, 1761, 385, 466]"
5017,"[1704, 1705, 1761, 528, 1507]"
5018,"[1560, 528, 278, 1921, 1761]"
5019,"[1066, 1560, 1561, 928, 1068]"
5020,"[1704, 1753, 1755, 1766, 1752]"
5021,"[528, 1507, 1761, 1921, 1434]"
5022,"[1902, 1704, 1705, 344, 1921]"
5023,"[1761, 848, 1507, 1752, 528]"
5024,"[98, 97, 96, 1793, 1792]"
5025,"[1705, 478, 1907, 1924, 257]"
5026,"[1924, 1884, 1773, 1704, 1705]"
5027,"[1705, 1921, 1704, 1758, 1753]"
5028,"[1043, 1924, 1761, 938, 528]"
5029,"[1866, 1936, 1828, 1833, 1837]"
5030,"[170, 1936, 1935, 1828, 1833]"
5031,"[98, 1764, 1792, 1789, 1790]"
5032,"[789, 1753, 1934, 1766, 289]"
5033,"[1761, 1793, 1792, 1704, 1789]"
5034,"[1885, 1761, 528, 1705, 1704]"
5035,"[1705, 1704, 1753, 1755, 1752]"
5036,"[1344, 1866, 1865, 1936, 1833]"
5037,"[1705, 1344, 1704, 1924, 1073]"
5038,"[1764, 98, 1761, 1793, 1791]"
5039,"[294, 1761, 1507, 528, 1434]"
5040,"[341, 528, 1704, 1507, 1761]"
5041,"[1014, 1296, 1760, 1761, 1281]"
5042,"[289, 1560, 1073, 1030, 1695]"
5043,"[938, 175, 921, 164, 165]"
5044,"[478, 1705, 1704, 1924, 1030]"
5045,"[1704, 1705, 98, 1866, 1865]"
5046,"[1752, 1766, 1934, 116, 624]"
5047,"[917, 136, 918, 1024, 149]"
5048,"[1721, 856, 1875, 108, 1936]"
5049,"[1929, 1705, 1721, 1704, 1592]"
5050,"[1618, 1024, 1758, 102, 922]"
5051,"[1704, 1705, 390, 1762, 1115]"
5052,"[1705, 1704, 1758, 1760, 1761]"
5053,"[339, 1721, 1724, 108, 1655]"
5054,"[1157, 1098, 1762, 1760, 115]"
5055,"[1157, 1098, 1761, 1824, 1762]"
5056,"[1024, 361, 108, 1705, 618]"
5057,"[1592, 1043, 1824, 1870, 1874]"
5058,"[986, 677, 1580, 361, 1147]"
5059,"[1874, 1704, 1705, 361, 853]"
5060,"[1098, 1024, 368, 1752, 372]"
5061,"[1762, 1761, 1760, 1617, 1758]"
5062,"[1617, 1760, 1761, 1758, 1762]"
5063,"[1875, 441, 629, 108, 1097]"
5064,"[1192, 868, 1748, 920, 1193]"
5065,"[1536, 1277, 1793, 1792, 440]"
5066,"[1617, 1761, 1760, 1762, 1632]"
5067,"[1762, 1761, 1760, 1758, 1617]"
5068,"[1617, 1760, 1761, 1550, 1758]"
5069,"[692, 1722, 1655, 1617, 1761]"
5070,"[1761, 1760, 1617, 1762, 1697]"
5071,"[441, 301, 1101, 1099, 1269]"
5072,"[98, 1617, 1758, 1762, 290]"
5073,"[1141, 1771, 1746, 1761, 1760]"
5074,"[1722, 1655, 1762, 1761, 1760]"
5075,"[441, 1884, 1677, 60, 1705]"
5076,"[441, 789, 1112, 1870, 1677]"
5077,"[1760, 1761, 1758, 1762, 1705]"
5078,"[1722, 441, 789, 1656, 609]"
5079,"[1722, 1655, 1760, 1758, 1761]"
5080,"[1655, 1762, 1759, 1760, 1761]"
5081,"[1760, 1761, 1617, 1567, 1727]"
5082,"[1761, 1760, 1762, 1758, 1617]"
5083,"[102, 1746, 96, 97, 98]"
5084,"[1705, 292, 1704, 1760, 1761]"
5085,"[811, 98, 1810, 1706, 1760]"
5086,"[98, 1617, 292, 454, 1705]"
5087,"[1550, 292, 1884, 1746, 455]"
5088,"[1617, 1070, 455, 1896, 1042]"
5089,"[1617, 1762, 1758, 1760, 1761]"
5090,"[98, 1636, 442, 441, 1924]"
5091,"[1722, 961, 1704, 1705, 1677]"
5092,"[1722, 1655, 1760, 1761, 1758]"
5093,"[441, 1705, 1704, 1699, 1675]"
5094,"[98, 292, 1617, 1758, 1762]"
5095,"[1705, 1760, 1761, 1704, 1758]"
5096,"[900, 292, 1705, 1760, 1761]"
5097,"[188, 1085, 441, 1101, 301]"
5098,"[1617, 98, 1760, 1761, 1762]"
5099,"[1697, 1758, 851, 1704, 1705]"
5100,"[1617, 1762, 1758, 1761, 1760]"
5101,"[705, 441, 789, 782, 1104]"
5102,"[1617, 292, 98, 1758, 1705]"
5103,"[1758, 1704, 1705, 1762, 1760]"
5104,"[1617, 1760, 1761, 1112, 1758]"
5105,"[1904, 335, 1191, 1789, 1787]"
5106,"[1125, 1567, 1896, 1070, 89]"
5107,"[102, 409, 1025, 937, 159]"
5108,"[1905, 1527, 1904, 1926, 455]"
5109,"[1523, 455, 1704, 899, 409]"
5110,"[1892, 1788, 1789, 1787, 1704]"
5111,"[98, 96, 97, 1299, 1073]"
5112,"[1071, 1602, 1025, 937, 159]"
5113,"[43, 1904, 1025, 937, 159]"
5114,"[455, 1025, 937, 159, 1926]"
5115,"[341, 1655, 1758, 112, 102]"
5116,"[924, 291, 409, 440, 1025]"
5117,"[1070, 1133, 711, 1068, 1531]"
5118,"[335, 1064, 113, 455, 1587]"
5119,"[1705, 1704, 1550, 1924, 584]"
5120,"[439, 1759, 1617, 1705, 1704]"
5121,"[1905, 1627, 1904, 919, 1064]"
5122,"[455, 1567, 1069, 335, 440]"
5123,"[1892, 1789, 1787, 1788, 1191]"
5124,"[1191, 455, 1025, 937, 159]"
5125,"[924, 1587, 440, 1905, 455]"
5126,"[455, 113, 1025, 937, 159]"
5127,"[455, 409, 102, 1904, 1191]"
5128,"[455, 113, 1904, 1926, 124]"
5129,"[1904, 1924, 509, 583, 1705]"
5130,"[1745, 1713, 1913, 341, 338]"
5131,"[1924, 478, 1636, 442, 364]"
5132,"[1704, 1705, 1926, 1761, 126]"
5133,"[454, 1241, 456, 1762, 418]"
5134,"[1937, 1705, 1924, 1704, 1758]"
5135,"[442, 1636, 478, 1273, 1924]"
5136,"[1913, 1924, 442, 1636, 478]"
5137,"[1758, 1704, 1924, 1761, 1705]"
5138,"[113, 125, 1677, 409, 116]"
5139,"[1637, 454, 455, 465, 1699]"
5140,"[97, 1761, 1760, 1070, 1192]"
5141,"[1073, 954, 887, 1651, 46]"
5142,"[1746, 613, 216, 1750, 1705]"
5143,"[1758, 1070, 1704, 465, 461]"
5144,"[1550, 1129, 455, 1913, 1089]"
5145,"[171, 1746, 1771, 89, 1696]"
5146,"[1796, 1776, 1757, 1063, 1068]"
5147,"[291, 98, 409, 1752, 1904]"
5148,"[1705, 1704, 860, 922, 997]"
5149,"[1704, 1705, 1762, 1758, 1752]"
5150,"[16, 1762, 402, 171, 116]"
5151,"[1746, 1705, 29, 368, 696]"
5152,"[1796, 1297, 1070, 1705, 1704]"
5153,"[1796, 1776, 1757, 1704, 679]"
5154,"[1705, 1704, 1760, 1761, 1758]"
5155,"[1705, 1704, 1760, 1761, 1758]"
5156,"[1924, 1913, 1704, 1705, 692]"
5157,"[1705, 1704, 60, 1874, 455]"
5158,"[1697, 1762, 1758, 7, 164]"
5159,"[1912, 113, 455, 1676, 116]"
5160,"[888, 454, 1760, 1761, 614]"
5161,"[1199, 291, 422, 216, 46]"
5162,"[297, 171, 968, 955, 208]"
5163,"[1750, 1762, 1758, 291, 667]"
5164,"[102, 455, 341, 1758, 1924]"
5165,"[1705, 1704, 441, 1935, 1758]"
5166,"[1937, 1704, 1705, 1915, 1614]"
5167,"[1070, 1758, 1704, 1705, 1533]"
5168,"[171, 409, 1070, 113, 890]"
5169,"[1758, 112, 1746, 1704, 1762]"
5170,"[1913, 118, 1242, 1705, 1704]"
5171,"[1636, 438, 1924, 435, 113]"
5172,"[1913, 1269, 1758, 1705, 510]"
5173,"[1704, 1705, 291, 1904, 455]"
5174,"[1705, 1704, 1649, 1758, 1762]"
5175,"[1705, 1704, 558, 1523, 454]"
5176,"[29, 291, 667, 1192, 361]"
5177,"[1758, 112, 1704, 1762, 1904]"
5178,"[114, 451, 455, 171, 116]"
5179,"[925, 410, 171, 102, 1713]"
5180,"[1656, 125, 440, 1924, 1677]"
5181,"[1776, 1757, 1796, 679, 1705]"
5182,"[1705, 1924, 1704, 454, 478]"
5183,"[856, 572, 540, 1704, 1705]"
5184,"[675, 1030, 1022, 1777, 1765]"
5185,"[440, 1793, 1792, 1789, 1791]"
5186,"[1705, 1704, 1504, 1761, 126]"
5187,"[1790, 1789, 441, 1769, 3]"
5188,"[1705, 1758, 1761, 165, 175]"
5189,"[164, 921, 1761, 528, 1507]"
5190,"[1750, 297, 171, 415, 208]"
5191,"[1924, 1884, 1705, 1704, 619]"
5192,"[1674, 1549, 164, 1199, 165]"
5193,"[807, 455, 116, 1791, 1790]"
5194,"[1042, 1758, 175, 921, 1761]"
5195,"[164, 921, 1761, 1507, 528]"
5196,"[1760, 175, 1758, 1761, 165]"
5197,"[1434, 538, 938, 1507, 1761]"
5198,"[1756, 1763, 1488, 1705, 1790]"
5199,"[1507, 528, 1758, 175, 1761]"
5200,"[1776, 1757, 677, 1879, 1752]"
5201,"[62, 679, 1570, 1705, 1704]"
5202,"[1924, 1025, 1884, 1916, 1705]"
5203,"[98, 409, 1760, 1761, 676]"
5204,"[1761, 124, 528, 1507, 1934]"
5205,"[584, 1746, 102, 409, 96]"
5206,"[1761, 528, 1507, 1934, 124]"
5207,"[126, 1504, 1310, 789, 1075]"
5208,"[919, 165, 1050, 478, 1705]"
5209,"[1761, 1750, 1912, 1507, 528]"
5210,"[878, 1704, 1705, 1761, 1649]"
5211,"[1120, 383, 454, 1924, 461]"
5212,"[1761, 1760, 1758, 1762, 1036]"
5213,"[1921, 1824, 1924, 1837, 1833]"
5214,"[1705, 1762, 1758, 1704, 1760]"
5215,"[1865, 331, 1862, 1866, 1863]"
5216,"[1760, 1758, 175, 164, 921]"
5217,"[164, 921, 1761, 1507, 528]"
5218,"[1244, 423, 98, 97, 96]"
5219,"[1796, 1803, 961, 1085, 1705]"
5220,"[1758, 175, 164, 921, 1761]"
5221,"[1705, 1704, 1755, 1752, 1524]"
5222,"[1674, 1705, 1704, 873, 124]"
5223,"[163, 919, 1705, 1704, 937]"
5224,"[1758, 1705, 1704, 1762, 1936]"
5225,"[314, 1705, 1704, 1504, 553]"
5226,"[43, 147, 1266, 44, 439]"
5227,"[1808, 695, 1202, 410, 1046]"
5228,"[170, 927, 1914, 1915, 1025]"
5229,"[1526, 1064, 409, 1155, 868]"
5230,"[862, 1042, 319, 1660, 791]"
5231,"[1733, 113, 29, 920, 1907]"
5232,"[799, 1087, 43, 1720, 1769]"
5233,"[165, 1907, 1025, 937, 159]"
5234,"[1866, 1935, 1936, 1528, 1837]"
5235,"[102, 1746, 1910, 1907, 112]"
5236,"[1030, 928, 164, 175, 43]"
5237,"[1904, 1025, 937, 159, 89]"
5238,"[1916, 1746, 409, 102, 97]"
5239,"[922, 124, 1904, 175, 1257]"
5240,"[89, 1904, 922, 175, 919]"
5241,"[1587, 1627, 962, 1145, 113]"
5242,"[692, 165, 1924, 409, 1025]"
5243,"[1904, 98, 96, 102, 922]"
5244,"[1904, 922, 919, 1910, 1025]"
5245,"[956, 1704, 1380, 49, 1582]"
5246,"[1915, 409, 102, 1526, 1914]"
5247,"[1904, 922, 919, 163, 89]"
5248,"[1904, 922, 919, 124, 937]"
5249,"[1904, 922, 919, 175, 1909]"
5250,"[1907, 116, 113, 89, 1676]"
5251,"[1655, 1704, 1774, 1760, 1758]"
5252,"[89, 666, 1936, 1566, 1837]"
5253,"[89, 1742, 341, 1704, 1705]"
5254,"[1904, 922, 1909, 919, 1025]"
5255,"[922, 1746, 175, 819, 1904]"
5256,"[175, 124, 922, 1904, 409]"
5257,"[921, 1025, 937, 159, 165]"
5258,"[89, 1904, 171, 113, 116]"
5259,"[1904, 919, 1672, 1746, 938]"
5260,"[1904, 89, 922, 919, 409]"
5261,"[409, 1748, 868, 1746, 97]"
5262,"[1907, 113, 89, 1752, 1537]"
5263,"[1612, 1065, 1299, 1762, 896]"
5264,"[1915, 1540, 1169, 303, 1704]"
5265,"[1761, 1760, 1774, 1704, 361]"
5266,"[1907, 116, 89, 1538, 1556]"
5267,"[1155, 1907, 1032, 1275, 1537]"
5268,"[1924, 175, 405, 1196, 1026]"
5269,"[89, 175, 1904, 124, 862]"
5270,"[922, 60, 878, 101, 1917]"
5271,"[1866, 1865, 1837, 1828, 1833]"
5272,"[1001, 1915, 618, 1796, 1698]"
5273,"[60, 1073, 126, 1637, 716]"
5274,"[1720, 749, 171, 681, 1117]"
5275,"[148, 913, 145, 921, 147]"
5276,"[1125, 1704, 1705, 96, 98]"
5277,"[1552, 408, 116, 1279, 359]"
5278,"[1518, 124, 1746, 878, 98]"
5279,"[677, 1863, 1936, 1566, 1935]"
5280,"[102, 1746, 96, 98, 97]"
5281,"[462, 1283, 437, 1656, 408]"
5282,"[1040, 124, 1746, 98, 97]"
5283,"[97, 98, 102, 1746, 319]"
5284,"[97, 98, 96, 163, 102]"
5285,"[629, 171, 1866, 1757, 1776]"
5286,"[171, 126, 1176, 716, 334]"
5287,"[1902, 102, 1746, 98, 96]"
5288,"[102, 1746, 1713, 96, 97]"
5289,"[1776, 1757, 96, 98, 97]"
5290,"[102, 1746, 96, 98, 97]"
5291,"[102, 1746, 1130, 1040, 124]"
5292,"[1525, 1752, 97, 96, 102]"
5293,"[60, 1700, 1917, 620, 470]"
5294,"[1746, 102, 98, 97, 96]"
5295,"[1746, 102, 98, 97, 96]"
5296,"[1746, 102, 98, 97, 96]"
5297,"[629, 60, 1757, 1776, 1706]"
5298,"[1915, 124, 171, 1130, 98]"
5299,"[102, 1746, 1757, 1776, 409]"
5300,"[171, 1073, 1752, 670, 1916]"
5301,"[1810, 1706, 1817, 1816, 352]"
5302,"[1040, 1130, 1518, 124, 1746]"
5303,"[98, 925, 96, 97, 102]"
5304,"[1124, 1924, 360, 116, 113]"
5305,"[922, 124, 1746, 409, 102]"
5306,"[1746, 102, 98, 97, 96]"
5307,"[1197, 1041, 1752, 1746, 1525]"
5308,"[1700, 1704, 1705, 1758, 1762]"
5309,"[1863, 1828, 1837, 1833, 1936]"
5310,"[1902, 341, 716, 60, 1029]"
5311,"[1900, 124, 1746, 1034, 96]"
5312,"[98, 97, 96, 102, 1746]"
5313,"[102, 1746, 96, 97, 98]"
5314,"[1915, 60, 1044, 108, 926]"
5315,"[924, 1924, 1907, 159, 1025]"
5316,"[924, 1068, 1202, 410, 1257]"
5317,"[1675, 1748, 112, 890, 409]"
5318,"[924, 165, 1018, 1050, 959]"
5319,"[1133, 1915, 1051, 259, 1488]"
5320,"[761, 1649, 1257, 921, 164]"
5321,"[1102, 1705, 1704, 866, 152]"
5322,"[1129, 1021, 408, 455, 1917]"
5323,"[1697, 442, 1338, 441, 1924]"
5324,"[914, 201, 199, 185, 179]"
5325,"[79, 1014, 67, 1202, 410]"
5326,"[851, 1915, 1705, 1154, 1157]"
5327,"[101, 112, 408, 116, 890]"
5328,"[924, 1659, 1202, 410, 1046]"
5329,"[1916, 1915, 1202, 410, 1672]"
5330,"[1043, 1488, 1762, 1750, 732]"
5331,"[618, 1915, 1541, 1705, 1704]"
5332,"[1704, 1705, 125, 1041, 1648]"
5333,"[1863, 1833, 1837, 1828, 1862]"
5334,"[728, 185, 1158, 108, 1915]"
5335,"[980, 1025, 937, 159, 919]"
5336,"[1044, 935, 1038, 1077, 1704]"
5337,"[1786, 1936, 1790, 1789, 1791]"
5338,"[424, 937, 1025, 159, 1705]"
5339,"[179, 1158, 1630, 162, 165]"
5340,"[1705, 1704, 1936, 1299, 1261]"
5341,"[327, 1076, 1924, 396, 1648]"
5342,"[1659, 1488, 1915, 342, 1704]"
5343,"[154, 1758, 1705, 1704, 1762]"
5344,"[924, 302, 297, 294, 409]"
5345,"[924, 1270, 1046, 1250, 1637]"
5346,"[1550, 924, 108, 140, 1193]"
5347,"[1915, 1526, 165, 409, 159]"
5348,"[1548, 1052, 990, 165, 1131]"
5349,"[1746, 937, 409, 159, 1025]"
5350,"[1915, 265, 398, 1865, 1269]"
5351,"[1705, 270, 1046, 1704, 1924]"
5352,"[956, 1649, 1066, 938, 164]"
5353,"[924, 334, 154, 921, 1034]"
5354,"[1706, 223, 440, 455, 1133]"
5355,"[1915, 112, 1064, 1044, 1073]"
5356,"[1915, 1742, 1936, 1837, 1833]"
5357,"[1148, 371, 1651, 1762, 1775]"
5358,"[440, 1274, 1273, 447, 310]"
5359,"[997, 1705, 1704, 730, 1116]"
5360,"[1798, 1799, 1782, 1781, 1705]"
5361,"[455, 1758, 1676, 449, 116]"
5362,"[390, 1070, 398, 171, 1791]"
5363,"[1637, 1762, 677, 688, 435]"
5364,"[1704, 1705, 98, 1516, 1617]"
5365,"[1270, 1769, 1705, 1007, 998]"
5366,"[1932, 1705, 149, 1704, 1274]"
5367,"[1900, 1543, 1675, 1183, 1924]"
5368,"[1894, 862, 1094, 1798, 1781]"
5369,"[1705, 1704, 730, 1116, 190]"
5370,"[1272, 1662, 856, 1607, 92]"
5371,"[1862, 1936, 1863, 1853, 1935]"
5372,"[1705, 1753, 1917, 1921, 1748]"
5373,"[164, 1025, 937, 159, 165]"
5374,"[1704, 718, 1705, 308, 126]"
5375,"[928, 1934, 453, 1736, 78]"
5376,"[677, 1924, 455, 1157, 612]"
5377,"[1900, 1705, 878, 1185, 1675]"
5378,"[1769, 1900, 1675, 1638, 388]"
5379,"[688, 677, 440, 1926, 1157]"
5380,"[677, 1792, 1793, 1789, 1791]"
5381,"[1638, 1900, 1649, 1757, 1776]"
5382,"[7, 114, 1921, 1705, 1704]"
5383,"[1157, 478, 1536, 1924, 1607]"
5384,"[97, 96, 138, 1157, 141]"
5385,"[1704, 1705, 1516, 1731, 1762]"
5386,"[1491, 1655, 1760, 1761, 1705]"
5387,"[1760, 1761, 1705, 1704, 1758]"
5388,"[1662, 1762, 1705, 1704, 1758]"
5389,"[1705, 1704, 1761, 1760, 435]"
5390,"[1900, 1675, 101, 1676, 1543]"
5391,"[1185, 1760, 1761, 1753, 1704]"
5392,"[1760, 1761, 1758, 1762, 1697]"
5393,"[1705, 1866, 1936, 1833, 1828]"
5394,"[440, 1125, 451, 1762, 1758]"
5395,"[1753, 405, 1771, 1843, 1842]"
5396,"[1752, 1753, 1924, 173, 157]"
5397,"[1792, 1793, 1791, 1789, 1790]"
5398,"[1131, 98, 1148, 366, 1558]"
5399,"[107, 108, 319, 1552, 109]"
5400,"[1880, 1101, 852, 190, 783]"
5401,"[1837, 1833, 1828, 1704, 1705]"
5402,"[1796, 1704, 751, 961, 1803]"
5403,"[168, 1769, 1705, 1704, 1762]"
5404,"[1785, 1758, 112, 890, 1070]"
5405,"[1705, 1025, 937, 159, 1914]"
5406,"[1764, 1759, 1752, 458, 1537]"
5407,"[1924, 1705, 1704, 1586, 1699]"
5408,"[1526, 1866, 106, 1837, 1833]"
5409,"[113, 89, 171, 112, 890]"
5410,"[100, 1907, 89, 1627, 1533]"
5411,"[1924, 956, 1380, 1898, 1582]"
5412,"[1913, 1025, 937, 159, 1753]"
5413,"[116, 1705, 1704, 1533, 112]"
5414,"[675, 1705, 1704, 1759, 1795]"
5415,"[89, 113, 171, 116, 1677]"
5416,"[1764, 1759, 458, 1704, 1705]"
5417,"[1759, 482, 1753, 1704, 1776]"
5418,"[1044, 1924, 924, 1298, 1250]"
5419,"[1586, 89, 116, 890, 113]"
5420,"[98, 97, 96, 124, 437]"
5421,"[1926, 1924, 1705, 1704, 1696]"
5422,"[1903, 1533, 1535, 1537, 112]"
5423,"[1924, 125, 1202, 410, 89]"
5424,"[1705, 1704, 1762, 1758, 1914]"
5425,"[676, 1531, 319, 143, 1124]"
5426,"[407, 406, 1789, 1787, 1788]"
5427,"[1705, 1704, 175, 934, 919]"
5428,"[1909, 89, 1202, 410, 421]"
5429,"[1760, 1768, 1775, 89, 1769]"
5430,"[1916, 1777, 451, 1792, 1791]"
5431,"[89, 171, 1907, 1704, 116]"
5432,"[722, 1065, 1166, 1705, 1704]"
5433,"[1586, 98, 1523, 1753, 1249]"
5434,"[1863, 90, 1935, 1862, 1705]"
5435,"[1033, 1034, 1036, 1031, 148]"
5436,"[407, 406, 1025, 937, 921]"
5437,"[1758, 1344, 1705, 1697, 1704]"
5438,"[1924, 89, 1733, 1705, 1704]"
5439,"[1768, 1704, 1705, 1769, 1775]"
5440,"[1935, 1936, 1617, 1299, 1160]"
5441,"[98, 1705, 1704, 619, 89]"
5442,"[693, 1904, 1068, 1063, 1662]"
5443,"[1131, 1713, 338, 1914, 1041]"
5444,"[1753, 1915, 1924, 171, 455]"
5445,"[922, 1185, 921, 1075, 1148]"
5446,"[1704, 1705, 1908, 1727, 1733]"
5447,"[348, 116, 843, 338, 951]"
5448,"[928, 1704, 728, 1131, 170]"
5449,"[382, 116, 113, 171, 89]"
5450,"[1768, 1769, 1775, 1627, 1527]"
5451,"[1536, 89, 620, 470, 1793]"
5452,"[1924, 1787, 1789, 1788, 1704]"
5453,"[1704, 1705, 1890, 819, 98]"
5454,"[98, 1617, 1548, 406, 341]"
5455,"[1762, 101, 1244, 423, 1915]"
5456,"[289, 341, 165, 928, 175]"
5457,"[98, 59, 1070, 1704, 1705]"
5458,"[1067, 928, 759, 1899, 421]"
5459,"[338, 1672, 938, 939, 178]"
5460,"[1866, 407, 406, 1936, 1837]"
5461,"[98, 1769, 1775, 1704, 1760]"
5462,"[1032, 1774, 1899, 108, 1920]"
5463,"[1025, 937, 921, 159, 425]"
5464,"[451, 410, 1202, 1713, 1742]"
5465,"[1924, 1775, 478, 1769, 1531]"
5466,"[1586, 98, 1523, 1753, 1249]"
5467,"[164, 1025, 937, 159, 921]"
5468,"[1041, 272, 1789, 1787, 1791]"
5469,"[116, 89, 1676, 455, 113]"
5470,"[496, 1758, 1762, 1705, 1704]"
5471,"[922, 1705, 1704, 409, 96]"
5472,"[1157, 698, 454, 455, 1042]"
5473,"[1705, 1704, 922, 409, 96]"
5474,"[605, 108, 1917, 1921, 451]"
5475,"[1758, 1704, 1705, 97, 96]"
5476,"[698, 1896, 1704, 1705, 1904]"
5477,"[1705, 1704, 339, 60, 1191]"
5478,"[819, 922, 1904, 1704, 1705]"
5479,"[1070, 102, 96, 98, 97]"
5480,"[1907, 1705, 1704, 819, 1761]"
5481,"[289, 1704, 1705, 1526, 455]"
5482,"[1705, 1704, 1761, 1760, 1762]"
5483,"[289, 1768, 1760, 1761, 1769]"
5484,"[1526, 1191, 113, 1202, 410]"
5485,"[819, 1705, 1704, 102, 409]"
5486,"[1191, 1904, 1119, 1726, 846]"
5487,"[124, 922, 1025, 937, 159]"
5488,"[928, 819, 96, 409, 98]"
5489,"[1704, 1705, 379, 1771, 1758]"
5490,"[922, 1705, 1704, 409, 96]"
5491,"[89, 1726, 692, 846, 341]"
5492,"[409, 97, 96, 98, 102]"
5493,"[124, 1704, 1705, 1070, 116]"
5494,"[124, 819, 1025, 937, 159]"
5495,"[1070, 862, 1272, 113, 455]"
5496,"[819, 1758, 1762, 922, 1705]"
5497,"[819, 1904, 1705, 1704, 1890]"
5498,"[1705, 1704, 97, 96, 409]"
5499,"[1726, 846, 1704, 1705, 455]"
5500,"[1705, 1704, 102, 97, 98]"
5501,"[819, 124, 922, 98, 96]"
5502,"[116, 1704, 1705, 455, 97]"
5503,"[1040, 1531, 1705, 1704, 96]"
5504,"[96, 409, 98, 97, 102]"
5505,"[1704, 1705, 1760, 1762, 1758]"
5506,"[819, 1762, 1705, 1704, 97]"
5507,"[102, 98, 96, 97, 409]"
5508,"[377, 1032, 1758, 1100, 307]"
5509,"[333, 1704, 1705, 1774, 310]"
5510,"[1704, 1758, 1762, 1705, 1760]"
5511,"[819, 922, 1746, 1904, 102]"
5512,"[2, 3, 1705, 1704, 6]"
5513,"[1762, 1758, 1705, 1704, 819]"
5514,"[971, 1158, 1344, 925, 1041]"
5515,"[677, 688, 376, 1705, 1704]"
5516,"[1299, 1822, 1853, 1706, 1815]"
5517,"[1131, 1272, 1022, 98, 1607]"
5518,"[393, 332, 1086, 7, 1020]"
5519,"[1299, 1821, 1822, 1853, 1819]"
5520,"[1159, 1019, 1022, 477, 1704]"
5521,"[1022, 1924, 1736, 1272, 477]"
5522,"[1042, 1916, 1073, 1025, 925]"
5523,"[1022, 1019, 1131, 1700, 477]"
5524,"[1837, 1833, 1828, 1853, 1863]"
5525,"[1704, 1029, 1079, 163, 409]"
5526,"[1704, 1768, 1775, 760, 1761]"
5527,"[98, 1607, 1659, 692, 1157]"
5528,"[1769, 140, 1774, 1704, 145]"
5529,"[1523, 1192, 811, 1157, 1544]"
5530,"[148, 140, 1791, 1790, 1789]"
5531,"[440, 300, 1936, 1837, 1833]"
5532,"[359, 1177, 1168, 1164, 384]"
5533,"[849, 1705, 1704, 1121, 732]"
5534,"[1250, 165, 1025, 937, 159]"
5535,"[1936, 1828, 1833, 1837, 1935]"
5536,"[1704, 1705, 1936, 1253, 1676]"
5537,"[98, 731, 96, 97, 1269]"
5538,"[1704, 1086, 148, 1746, 102]"
5539,"[98, 692, 1586, 1073, 97]"
5540,"[327, 1792, 1791, 1790, 1789]"
5541,"[70, 620, 470, 1705, 1704]"
5542,"[98, 1157, 366, 1191, 1638]"
5543,"[98, 1042, 862, 97, 96]"
5544,"[1099, 1173, 368, 1899, 440]"
5545,"[1704, 1705, 297, 477, 1916]"
5546,"[1047, 1704, 1705, 1022, 477]"
5547,"[1771, 1752, 1073, 619, 326]"
5548,"[1022, 477, 862, 161, 749]"
5549,"[1522, 437, 1184, 1704, 1705]"
5550,"[677, 688, 140, 916, 376]"
5551,"[1148, 371, 1058, 1651, 368]"
5552,"[1828, 1833, 1837, 1076, 1705]"
5553,"[1915, 913, 145, 147, 140]"
5554,"[1547, 1159, 1935, 1863, 1704]"
5555,"[125, 618, 1001, 79, 396]"
5556,"[1041, 1148, 145, 140, 1861]"
5557,"[911, 1285, 605, 136, 294]"
5558,"[1907, 89, 1526, 1922, 1897]"
5559,"[89, 441, 1526, 1756, 851]"
5560,"[1704, 1705, 211, 1752, 1890]"
5561,"[1035, 1027, 1030, 1044, 1041]"
5562,"[1627, 165, 1025, 937, 159]"
5563,"[921, 113, 409, 1676, 920]"
5564,"[1704, 1705, 1753, 298, 1182]"
5565,"[966, 1046, 1272, 1178, 1065]"
5566,"[89, 1526, 1907, 956, 457]"
5567,"[921, 937, 159, 97, 96]"
5568,"[878, 1526, 1121, 1133, 1064]"
5569,"[1905, 1527, 1627, 409, 919]"
5570,"[1927, 1674, 374, 1526, 89]"
5571,"[1907, 1526, 89, 1899, 1897]"
5572,"[1030, 927, 1907, 332, 409]"
5573,"[89, 1025, 937, 159, 1627]"
5574,"[1752, 211, 1704, 1705, 1618]"
5575,"[165, 98, 1704, 1705, 1907]"
5576,"[1907, 465, 1033, 89, 98]"
5577,"[1674, 1761, 1760, 1529, 618]"
5578,"[1655, 113, 692, 1025, 937]"
5579,"[1464, 1436, 1441, 1451, 1456]"
5580,"[1529, 510, 1273, 1269, 1884]"
5581,"[1907, 89, 1526, 98, 97]"
5582,"[89, 1526, 1915, 1705, 1704]"
5583,"[1704, 1705, 89, 98, 530]"
5584,"[886, 1608, 97, 96, 98]"
5585,"[1922, 1897, 1526, 89, 1536]"
5586,"[1907, 924, 927, 1025, 937]"
5587,"[89, 1705, 1704, 1762, 1758]"
5588,"[1907, 1526, 1050, 1897, 1922]"
5589,"[1025, 937, 159, 921, 409]"
5590,"[1050, 166, 1907, 89, 465]"
5591,"[165, 927, 409, 670, 415]"
5592,"[928, 935, 1754, 987, 1705]"
5593,"[1905, 1627, 465, 166, 1076]"
5594,"[1038, 89, 1064, 60, 1927]"
5595,"[1675, 1704, 1705, 920, 956]"
5596,"[1704, 1705, 1612, 1762, 551]"
5597,"[89, 164, 1033, 1910, 409]"
5598,"[470, 620, 670, 113, 1907]"
5599,"[89, 1907, 989, 1526, 411]"
5600,"[89, 302, 297, 294, 1526]"
5601,"[1705, 1704, 530, 618, 89]"
5602,"[1704, 1705, 1907, 1297, 440]"
5603,"[1713, 1746, 1627, 1704, 1705]"
5604,"[1705, 1071, 1704, 1160, 714]"
5605,"[1705, 1704, 1916, 1178, 1064]"
5606,"[175, 1704, 1705, 677, 1171]"
5607,"[89, 1899, 1910, 1704, 1705]"
5608,"[165, 1014, 1758, 1907, 1344]"
5609,"[460, 1310, 851, 323, 1705]"
5610,"[461, 89, 465, 326, 409]"
5611,"[1627, 1704, 1705, 289, 1800]"
5612,"[289, 1705, 1704, 1030, 1147]"
5613,"[1746, 1704, 1788, 1787, 1789]"
5614,"[1627, 1704, 1705, 1204, 1299]"
5615,"[1705, 1704, 688, 1051, 289]"
5616,"[1071, 291, 289, 1704, 1705]"
5617,"[409, 1750, 1705, 1704, 27]"
5618,"[1147, 1191, 1119, 1726, 846]"
5619,"[1147, 1704, 1705, 116, 449]"
5620,"[1705, 1704, 297, 1916, 1147]"
5621,"[1704, 1705, 1131, 108, 114]"
5622,"[1907, 1705, 1704, 89, 1147]"
5623,"[89, 921, 1704, 1705, 435]"
5624,"[1905, 1713, 1627, 1527, 409]"
5625,"[335, 906, 338, 1705, 1704]"
5626,"[1704, 1705, 1803, 1649, 961]"
5627,"[1147, 1273, 447, 361, 1705]"
5628,"[1705, 1704, 165, 164, 1025]"
5629,"[1704, 1705, 292, 283, 1020]"
5630,"[1181, 348, 1169, 1704, 1705]"
5631,"[1746, 1704, 1705, 1070, 897]"
5632,"[1705, 1704, 216, 868, 1748]"
5633,"[1627, 1527, 1905, 1705, 1704]"
5634,"[1704, 1705, 1803, 1649, 961]"
5635,"[1705, 1704, 677, 1916, 1775]"
5636,"[1924, 1704, 1705, 409, 1746]"
5637,"[1704, 1705, 1769, 1071, 1147]"
5638,"[1704, 1705, 89, 678, 98]"
5639,"[333, 1705, 1704, 1916, 1030]"
5640,"[1651, 1915, 60, 165, 1704]"
5641,"[1705, 1704, 1251, 1272, 1075]"
5642,"[1704, 1705, 291, 318, 1073]"
5643,"[1704, 1705, 1147, 1758, 46]"
5644,"[1926, 1704, 1705, 1916, 1899]"
5645,"[175, 171, 1713, 1869, 1558]"
5646,"[1907, 371, 1050, 1239, 782]"
5647,"[1025, 937, 159, 113, 455]"
5648,"[1748, 1762, 89, 166, 1761]"
5649,"[1907, 419, 1057, 895, 113]"
5650,"[1273, 447, 1879, 642, 1272]"
5651,"[1526, 1907, 1899, 1025, 937]"
5652,"[1526, 1907, 1066, 1488, 455]"
5653,"[460, 319, 1659, 121, 677]"
5654,"[203, 989, 341, 1270, 808]"
5655,"[1907, 190, 349, 1880, 435]"
5656,"[1256, 1258, 1261, 1676, 430]"
5657,"[1905, 1527, 1566, 1785, 1936]"
5658,"[1704, 1705, 1907, 165, 782]"
5659,"[1705, 1704, 1758, 530, 89]"
5660,"[1907, 349, 190, 435, 223]"
5661,"[1178, 440, 1049, 207, 972]"
5662,"[1704, 1705, 618, 530, 1041]"
5663,"[166, 175, 1052, 1671, 1907]"
5664,"[89, 172, 98, 440, 165]"
5665,"[89, 927, 166, 1044, 409]"
5666,"[1526, 1866, 328, 1837, 1828]"
5667,"[1078, 1758, 1875, 1936, 1026]"
5668,"[1922, 1897, 1526, 935, 168]"
5669,"[314, 382, 375, 1653, 1752]"
5670,"[1077, 1792, 1789, 1791, 1790]"
5671,"[1792, 1789, 1790, 1791, 1786]"
5672,"[1746, 113, 409, 1907, 89]"
5673,"[98, 1916, 165, 1773, 140]"
5674,"[1897, 1922, 116, 166, 1526]"
5675,"[1659, 442, 441, 1841, 1840]"
5676,"[1116, 89, 1907, 792, 1582]"
5677,"[1690, 1038, 165, 1793, 1792]"
5678,"[329, 319, 1133, 1137, 1030]"
5679,"[162, 1313, 1670, 664, 97]"
5680,"[1937, 1742, 1525, 1558, 1548]"
5681,"[1118, 1065, 1927, 1201, 1116]"
5682,"[1631, 882, 881, 880, 879]"
5683,"[96, 1832, 1705, 1704, 1873]"
5684,"[171, 1053, 1746, 435, 346]"
5685,"[1695, 1700, 1924, 603, 89]"
5686,"[73, 102, 1746, 98, 96]"
5687,"[1705, 1704, 961, 4, 1803]"
5688,"[118, 749, 361, 1705, 1704]"
5689,"[171, 709, 1875, 591, 583]"
5690,"[171, 361, 366, 322, 400]"
5691,"[171, 1937, 73, 1320, 1936]"
5692,"[1073, 866, 1119, 1727, 1889]"
5693,"[4, 961, 2, 3, 1649]"
5694,"[919, 165, 60, 420, 1700]"
5695,"[98, 97, 96, 1746, 102]"
5696,"[1803, 1085, 1705, 1704, 5]"
5697,"[1705, 1313, 1746, 102, 98]"
5698,"[1713, 915, 1541, 1742, 1525]"
5699,"[1704, 1705, 1937, 1176, 295]"
5700,"[1742, 171, 1564, 1548, 1525]"
5701,"[628, 1697, 923, 1344, 862]"
5702,"[1705, 961, 4, 1704, 1803]"
5703,"[329, 108, 1549, 319, 1030]"
5704,"[1670, 793, 923, 161, 749]"
5705,"[961, 4, 1704, 1705, 1085]"
5706,"[1918, 979, 1795, 1783, 211]"
5707,"[1670, 1566, 1936, 1935, 1828]"
5708,"[1700, 96, 170, 1904, 1232]"
5709,"[1118, 96, 126, 904, 618]"
5710,"[677, 170, 171, 1705, 1704]"
5711,"[862, 1793, 1789, 606, 1695]"
5712,"[108, 1937, 1915, 216, 1762]"
5713,"[96, 1700, 60, 893, 329]"
5714,"[126, 420, 1700, 171, 222]"
5715,"[848, 89, 1803, 851, 60]"
5716,"[643, 642, 640, 1134, 745]"
5717,"[4, 961, 1705, 1704, 1762]"
5718,"[4, 961, 73, 1705, 1704]"
5719,"[60, 1742, 1937, 1534, 1564]"
5720,"[1887, 882, 1201, 1116, 1579]"
5721,"[1937, 1742, 1525, 1564, 1548]"
5722,"[98, 97, 96, 990, 1529]"
5723,"[1586, 1070, 1160, 1727, 1699]"
5724,"[695, 696, 1121, 425, 1559]"
5725,"[878, 98, 1841, 1843, 1842]"
5726,"[1041, 1202, 410, 1193, 89]"
5727,"[290, 265, 1704, 629, 1586]"
5728,"[1041, 925, 937, 1025, 159]"
5729,"[925, 1041, 1035, 1202, 410]"
5730,"[1909, 1746, 102, 124, 921]"
5731,"[175, 1025, 937, 159, 1040]"
5732,"[1041, 164, 920, 937, 1025]"
5733,"[1672, 1030, 156, 1040, 1032]"
5734,"[1041, 165, 1202, 937, 1025]"
5735,"[924, 165, 1025, 937, 159]"
5736,"[925, 410, 1202, 1025, 937]"
5737,"[361, 1705, 1704, 1880, 441]"
5738,"[98, 97, 96, 165, 425]"
5739,"[1202, 410, 1158, 1028, 1196]"
5740,"[919, 1035, 937, 159, 925]"
5741,"[924, 878, 1046, 125, 1746]"
5742,"[1277, 1935, 297, 1172, 1689]"
5743,"[169, 1033, 1030, 1032, 156]"
5744,"[1586, 1041, 875, 1752, 1255]"
5745,"[1040, 1776, 1757, 352, 628]"
5746,"[1041, 1202, 410, 171, 1704]"
5747,"[152, 620, 470, 1651, 732]"
5748,"[925, 1029, 1041, 165, 937]"
5749,"[1025, 937, 159, 1034, 165]"
5750,"[1761, 1704, 1705, 1760, 1617]"
5751,"[1041, 1343, 681, 1025, 937]"
5752,"[1133, 220, 323, 108, 990]"
5753,"[925, 670, 159, 1025, 937]"
5754,"[1671, 1745, 1065, 1041, 1257]"
5755,"[922, 980, 1704, 1705, 165]"
5756,"[1041, 1193, 1202, 1909, 1699]"
5757,"[670, 1270, 1269, 1121, 1073]"
5758,"[1567, 699, 866, 1880, 1064]"
5759,"[956, 1030, 1649, 935, 1666]"
5760,"[174, 175, 164, 919, 176]"
5761,"[692, 410, 1202, 1029, 1705]"
5762,"[1757, 1776, 1077, 1690, 1659]"
5763,"[358, 1863, 1935, 1837, 1833]"
5764,"[1705, 1704, 1052, 1026, 1799]"
5765,"[1672, 168, 1045, 928, 1037]"
5766,"[1810, 1706, 1833, 1837, 1828]"
5767,"[1026, 719, 737, 972, 969]"
5768,"[1705, 1704, 1781, 1782, 1799]"
5769,"[1704, 1705, 935, 1697, 1752]"
5770,"[1043, 89, 1149, 920, 1540]"
5771,"[1029, 1079, 361, 154, 1014]"
5772,"[1193, 1251, 789, 1909, 416]"
5773,"[1077, 437, 371, 1837, 1828]"
5774,"[1026, 737, 719, 1054, 1046]"
5775,"[719, 737, 120, 1705, 1791]"
5776,"[1609, 1030, 1148, 1068, 1076]"
5777,"[395, 358, 1659, 350, 737]"
5778,"[327, 1026, 166, 1042, 219]"
5779,"[1026, 365, 1705, 1704, 1936]"
5780,"[1649, 327, 1041, 1014, 1043]"
5781,"[1649, 1666, 168, 1672, 1037]"
5782,"[1590, 885, 1008, 1924, 1030]"
5783,"[410, 1202, 1196, 446, 402]"
5784,"[1915, 728, 1763, 1049, 408]"
5785,"[1705, 1704, 1590, 1344, 670]"
5786,"[343, 788, 159, 1025, 937]"
5787,"[1052, 728, 1055, 956, 1914]"
5788,"[306, 1042, 1047, 1030, 1053]"
5789,"[677, 1649, 290, 1936, 1935]"
5790,"[1030, 1043, 1529, 1704, 1705]"
5791,"[1030, 1026, 670, 969, 206]"
5792,"[197, 1038, 1075, 351, 1018]"
5793,"[410, 1202, 1673, 440, 1677]"
5794,"[197, 1131, 138, 141, 1207]"
5795,"[361, 670, 376, 1073, 1041]"
5796,"[1046, 165, 1924, 1258, 141]"
5797,"[125, 1793, 1792, 1789, 1791]"
5798,"[1915, 1066, 319, 1202, 410]"
5799,"[1030, 1915, 410, 1202, 1916]"
5800,"[332, 1019, 954, 971, 382]"
5801,"[1268, 1022, 327, 1705, 1704]"
5802,"[197, 1933, 1054, 1154, 1038]"
5803,"[1704, 1046, 1705, 303, 1038]"
5804,"[1193, 125, 1916, 1029, 781]"
5805,"[1662, 1035, 331, 125, 697]"
5806,"[605, 670, 1344, 213, 1916]"
5807,"[1933, 1046, 361, 1156, 1054]"
5808,"[1662, 125, 171, 1035, 331]"
5809,"[1202, 410, 116, 113, 89]"
5810,"[1030, 1041, 1257, 297, 302]"
5811,"[197, 1915, 1680, 1258, 1260]"
5812,"[1133, 1727, 1043, 1721, 89]"
5813,"[1014, 258, 1704, 1705, 980]"
5814,"[197, 1038, 1649, 728, 1254]"
5815,"[1866, 1865, 1863, 1823, 90]"
5816,"[731, 1666, 1672, 168, 1924]"
5817,"[918, 212, 213, 190, 1054]"
5818,"[1008, 197, 212, 271, 1205]"
5819,"[1915, 1066, 410, 1202, 317]"
5820,"[1137, 212, 455, 139, 920]"
5821,"[958, 670, 1202, 410, 89]"
5822,"[273, 272, 276, 605, 1153]"
5823,"[1344, 329, 1014, 1915, 1659]"
5824,"[1130, 971, 1786, 1791, 1790]"
5825,"[1202, 410, 1060, 1041, 260]"
5826,"[1592, 1590, 197, 1046, 1666]"
5827,"[1026, 670, 1030, 116, 1008]"
5828,"[113, 116, 1041, 89, 455]"
5829,"[159, 158, 937, 935, 929]"
5830,"[1133, 1066, 424, 1536, 1042]"
5831,"[1038, 1026, 197, 1154, 1054]"
5832,"[197, 364, 1038, 1657, 1207]"
5833,"[1169, 1133, 1170, 885, 1202]"
5834,"[212, 1704, 1705, 1014, 1043]"
5835,"[1133, 1135, 1018, 1137, 1019]"
5836,"[1077, 1863, 90, 1148, 398]"
5837,"[165, 920, 1907, 1659, 97]"
5838,"[1025, 937, 159, 165, 164]"
5839,"[921, 165, 937, 1025, 159]"
5840,"[1704, 1705, 1825, 1257, 902]"
5841,"[1526, 409, 1764, 1025, 937]"
5842,"[219, 1815, 1811, 1706, 1810]"
5843,"[1032, 419, 1344, 1906, 1249]"
5844,"[165, 1025, 937, 159, 1202]"
5845,"[165, 919, 937, 1025, 159]"
5846,"[1277, 1936, 1916, 211, 1909]"
5847,"[1906, 1528, 1704, 1705, 1249]"
5848,"[1649, 1704, 1705, 211, 1769]"
5849,"[1043, 1705, 1704, 1916, 365]"
5850,"[1344, 1832, 1873, 1836, 1792]"
5851,"[211, 1704, 1705, 1249, 98]"
5852,"[1916, 1915, 1588, 1030, 89]"
5853,"[1916, 1917, 1277, 1025, 937]"
5854,"[1825, 1705, 1704, 1675, 125]"
5855,"[1915, 140, 916, 89, 1025]"
5856,"[1193, 1766, 1915, 164, 1752]"
5857,"[1014, 141, 1008, 1086, 1936]"
5858,"[1906, 1936, 1916, 1081, 615]"
5859,"[408, 116, 171, 1638, 1077]"
5860,"[1916, 89, 1909, 211, 1705]"
5861,"[1863, 1862, 395, 90, 1865]"
5862,"[1704, 1705, 1202, 410, 89]"
5863,"[1936, 1277, 1638, 1295, 1705]"
5864,"[140, 916, 148, 145, 1795]"
5865,"[937, 159, 1025, 165, 921]"
5866,"[1086, 1148, 1169, 1178, 1928]"
5867,"[1202, 410, 437, 372, 1040]"
5868,"[1705, 1704, 1936, 1202, 410]"
5869,"[1029, 1936, 1705, 1704, 1148]"
5870,"[1030, 1916, 1588, 1193, 1025]"
5871,"[447, 1273, 323, 257, 1637]"
5872,"[164, 1066, 921, 165, 1025]"
5873,"[677, 219, 688, 952, 361]"
5874,"[1029, 164, 1764, 1790, 1791]"
5875,"[1759, 164, 1764, 1791, 1790]"
5876,"[79, 1916, 1705, 1704, 1761]"
5877,"[1906, 1202, 410, 1528, 1014]"
5878,"[937, 159, 1025, 165, 921]"
5879,"[409, 1025, 937, 159, 1068]"
5880,"[151, 198, 165, 441, 772]"
5881,"[1650, 727, 734, 726, 164]"
5882,"[1118, 1617, 1926, 1619, 366]"
5883,"[151, 1049, 732, 729, 198]"
5884,"[1536, 848, 1704, 1705, 396]"
5885,"[1042, 1724, 921, 862, 920]"
5886,"[164, 165, 170, 928, 176]"
5887,"[1033, 1050, 1792, 1793, 1790]"
5888,"[730, 734, 142, 152, 1157]"
5889,"[1042, 886, 985, 1043, 1924]"
5890,"[920, 164, 862, 1914, 421]"
5891,"[1021, 1761, 1760, 999, 1727]"
5892,"[366, 1752, 1791, 1790, 1789]"
5893,"[1062, 284, 1030, 943, 1052]"
5894,"[989, 1046, 943, 190, 150]"
5895,"[1792, 1793, 1791, 1790, 451]"
5896,"[1750, 924, 1676, 1025, 937]"
5897,"[1704, 1705, 1649, 353, 1087]"
5898,"[1033, 1792, 1793, 89, 1790]"
5899,"[89, 1675, 164, 421, 165]"
5900,"[924, 1752, 927, 401, 1025]"
5901,"[1050, 1033, 1044, 1792, 1793]"
5902,"[1033, 409, 1792, 1793, 1791]"
5903,"[1120, 653, 651, 366, 349]"
5904,"[1704, 1033, 1760, 1761, 925]"
5905,"[1035, 605, 959, 1649, 170]"
5906,"[1018, 199, 190, 185, 738]"
5907,"[924, 1038, 572, 552, 1705]"
5908,"[1029, 1789, 1790, 1791, 1793]"
5909,"[1917, 1185, 408, 440, 772]"
5910,"[409, 1704, 1705, 1914, 1748]"
5911,"[1044, 1924, 1038, 492, 1035]"
5912,"[213, 1675, 1699, 116, 1727]"
5913,"[190, 222, 1007, 259, 260]"
5914,"[165, 1750, 1907, 441, 409]"
5915,"[165, 886, 164, 1025, 937]"
5916,"[1160, 165, 1025, 937, 921]"
5917,"[1316, 401, 1705, 1704, 943]"
5918,"[1705, 1704, 89, 1792, 1793]"
5919,"[921, 1033, 737, 719, 937]"
5920,"[924, 409, 1025, 937, 159]"
5921,"[1789, 1790, 1791, 979, 212]"
5922,"[959, 709, 351, 1018, 284]"
5923,"[1016, 1705, 1704, 274, 350]"
5924,"[371, 1885, 1617, 1619, 98]"
5925,"[1902, 1916, 1042, 165, 1030]"
5926,"[1042, 1752, 1617, 1030, 1619]"
5927,"[1915, 1148, 371, 116, 125]"
5928,"[1768, 1921, 1281, 125, 1050]"
5929,"[1705, 1704, 1753, 1218, 34]"
5930,"[1915, 1752, 1704, 1705, 1800]"
5931,"[286, 1916, 1030, 1042, 1147]"
5932,"[408, 1915, 1916, 1042, 1924]"
5933,"[1037, 1674, 927, 1042, 1626]"
5934,"[283, 359, 125, 618, 424]"
5935,"[163, 919, 938, 670, 175]"
5936,"[370, 1705, 1704, 1753, 935]"
5937,"[1742, 1917, 1561, 408, 216]"
5938,"[317, 1026, 165, 1041, 938]"
5939,"[1030, 165, 164, 1916, 1147]"
5940,"[906, 1704, 1705, 1753, 34]"
5941,"[670, 1030, 1037, 1043, 978]"
5942,"[1932, 1705, 1704, 1915, 952]"
5943,"[1049, 1915, 1040, 317, 1030]"
5944,"[1915, 1042, 1916, 1269, 141]"
5945,"[1042, 1915, 1909, 886, 1617]"
5946,"[34, 211, 1909, 1041, 1704]"
5947,"[1915, 1536, 116, 1050, 7]"
5948,"[862, 1042, 1488, 317, 259]"
5949,"[1102, 938, 919, 937, 159]"
5950,"[125, 1721, 1202, 410, 28]"
5951,"[1042, 1045, 34, 1030, 165]"
5952,"[125, 283, 603, 367, 24]"
5953,"[1054, 1030, 1047, 992, 1202]"
5954,"[1902, 1042, 1017, 1041, 937]"
5955,"[1592, 1936, 1866, 165, 290]"
5956,"[1042, 116, 1170, 1915, 1045]"
5957,"[1704, 1705, 620, 470, 670]"
5958,"[1916, 1041, 1727, 1077, 1792]"
5959,"[1042, 1916, 1705, 1704, 165]"
5960,"[163, 1026, 919, 938, 1753]"
5961,"[1049, 1030, 1603, 377, 1202]"
5962,"[728, 320, 1873, 1836, 1027]"
5963,"[1704, 1705, 1837, 1828, 1833]"
5964,"[1133, 1915, 692, 975, 1648]"
5965,"[887, 670, 470, 620, 1043]"
5966,"[1915, 342, 1202, 410, 1488]"
5967,"[1561, 1030, 1916, 1202, 410]"
5968,"[1014, 283, 440, 1157, 1042]"
5969,"[698, 1049, 175, 1705, 1704]"
5970,"[165, 1148, 1014, 1651, 371]"
5971,"[1048, 1149, 972, 1488, 1880]"
5972,"[98, 1157, 371, 97, 96]"
5973,"[788, 1014, 1451, 480, 1704]"
5974,"[1704, 1705, 1014, 1043, 796]"
5975,"[1014, 1043, 1705, 1704, 1051]"
5976,"[1042, 1608, 1014, 1607, 1272]"
5977,"[333, 1557, 692, 455, 1188]"
5978,"[1705, 1014, 1704, 543, 440]"
5979,"[1014, 1043, 1924, 1911, 983]"
5980,"[1014, 1042, 928, 692, 1157]"
5981,"[1705, 1704, 440, 543, 1014]"
5982,"[1014, 1043, 1157, 1915, 1042]"
5983,"[1704, 1014, 1042, 886, 1705]"
5984,"[1014, 657, 1557, 1344, 440]"
5985,"[1705, 1014, 1704, 912, 270]"
5986,"[1014, 1046, 1051, 1043, 1520]"
5987,"[261, 1014, 221, 258, 259]"
5988,"[1014, 1792, 1793, 1790, 1788]"
5989,"[1795, 1014, 875, 1274, 272]"
5990,"[440, 1014, 1145, 1727, 1040]"
5991,"[823, 1118, 1649, 329, 347]"
5992,"[1014, 1042, 1049, 1157, 1724]"
5993,"[368, 34, 98, 1014, 1620]"
5994,"[1704, 1705, 1411, 1014, 1795]"
5995,"[692, 1721, 1014, 1722, 1705]"
5996,"[1014, 1704, 230, 351, 1686]"
5997,"[1014, 886, 1704, 1705, 1042]"
5998,"[1014, 1723, 1704, 1705, 1760]"
5999,"[1166, 1654, 346, 675, 385]"
6000,"[1705, 1704, 1014, 1760, 1761]"
6001,"[1915, 1014, 1924, 1042, 1592]"
6002,"[1014, 1723, 1705, 1704, 480]"
6003,"[1070, 1157, 1517, 1608, 1313]"
6004,"[164, 1014, 1202, 410, 1157]"
6005,"[1590, 1705, 543, 1929, 1129]"
6006,"[1038, 1061, 1207, 721, 998]"
6007,"[259, 1318, 1344, 1014, 1662]"
6008,"[257, 98, 692, 1157, 921]"
6009,"[1014, 1042, 900, 1648, 271]"
6010,"[1042, 1724, 1014, 1025, 937]"
6011,"[350, 1014, 455, 116, 113]"
6012,"[162, 1299, 1205, 271, 165]"
6013,"[261, 159, 921, 1025, 937]"
6014,"[141, 1042, 886, 165, 164]"
6015,"[408, 101, 1786, 1272, 1793]"
6016,"[1055, 980, 1052, 259, 165]"
6017,"[1055, 862, 731, 886, 971]"
6018,"[862, 1055, 210, 999, 1042]"
6019,"[1849, 1844, 1851, 1845, 1847]"
6020,"[255, 1055, 1205, 271, 1299]"
6021,"[922, 995, 1053, 1809, 1704]"
6022,"[1915, 618, 1704, 1705, 108]"
6023,"[1053, 1705, 1704, 995, 922]"
6024,"[922, 1704, 1705, 995, 211]"
6025,"[1737, 912, 270, 275, 1049]"
6026,"[222, 1055, 261, 221, 1007]"
6027,"[971, 259, 979, 984, 980]"
6028,"[1055, 1705, 1704, 282, 66]"
6029,"[165, 1915, 1042, 1025, 937]"
6030,"[1037, 1824, 1874, 1870, 1677]"
6031,"[964, 952, 915, 1055, 1699]"
6032,"[1050, 286, 922, 1053, 1840]"
6033,"[1153, 1049, 720, 350, 1299]"
6034,"[126, 1704, 1705, 886, 1909]"
6035,"[1055, 408, 1052, 980, 1079]"
6036,"[988, 1076, 1705, 1704, 1919]"
6037,"[1055, 1043, 1704, 1705, 1909]"
6038,"[235, 261, 1704, 1705, 1007]"
6039,"[1659, 866, 1042, 925, 1705]"
6040,"[959, 915, 1205, 271, 914]"
6041,"[1924, 985, 984, 983, 981]"
6042,"[925, 1727, 866, 1705, 98]"
6043,"[1935, 1837, 1833, 1828, 1936]"
6044,"[340, 734, 1617, 1851, 1850]"
6045,"[408, 1488, 916, 1787, 1788]"
6046,"[1617, 261, 221, 1007, 998]"
6047,"[922, 1617, 164, 1632, 1619]"
6048,"[922, 1809, 995, 1704, 1705]"
6049,"[259, 207, 1065, 1043, 1299]"
6050,"[211, 1205, 271, 1055, 259]"
6051,"[259, 224, 991, 1317, 103]"
6052,"[995, 116, 1053, 1705, 1704]"
6053,"[1300, 1301, 452, 1055, 403]"
6054,"[677, 886, 1042, 376, 688]"
6055,"[1047, 1917, 408, 1282, 1121]"
6056,"[1649, 165, 938, 1516, 1026]"
6057,"[302, 1742, 990, 599, 1046]"
6058,"[1077, 969, 206, 972, 976]"
6059,"[496, 1705, 1704, 1014, 403]"
6060,"[1752, 1766, 1761, 1768, 1775]"
6061,"[1705, 1704, 1026, 719, 737]"
6062,"[979, 728, 1659, 349, 1014]"
6063,"[1863, 90, 398, 1792, 1791]"
6064,"[1915, 1704, 1705, 1528, 1906]"
6065,"[1935, 1863, 1862, 1853, 1833]"
6066,"[1026, 1705, 1704, 211, 724]"
6067,"[1752, 1755, 851, 1763, 89]"
6068,"[677, 163, 990, 1875, 212]"
6069,"[677, 163, 990, 1924, 1875]"
6070,"[165, 1025, 937, 159, 1193]"
6071,"[737, 719, 1041, 1053, 1026]"
6072,"[1269, 1637, 398, 1789, 1790]"
6073,"[371, 1935, 925, 290, 1936]"
6074,"[1053, 938, 919, 1026, 928]"
6075,"[1915, 1863, 1936, 1935, 1828]"
6076,"[1026, 1727, 1202, 410, 1755]"
6077,"[496, 1705, 1909, 1704, 1516]"
6078,"[1026, 657, 664, 658, 663]"
6079,"[1705, 1704, 1026, 719, 737]"
6080,"[1705, 1704, 1907, 164, 1030]"
6081,"[928, 1014, 990, 1042, 921]"
6082,"[1792, 1789, 1791, 1790, 398]"
6083,"[719, 737, 1030, 1183, 1915]"
6084,"[1014, 1026, 990, 1704, 1705]"
6085,"[145, 916, 140, 148, 1705]"
6086,"[1128, 1026, 952, 410, 1202]"
6087,"[928, 1014, 990, 1042, 921]"
6088,"[1758, 1713, 1705, 1704, 1749]"
6089,"[1304, 258, 1825, 1704, 1705]"
6090,"[1704, 1705, 1761, 1760, 1758]"
6091,"[1742, 1704, 1705, 1536, 1533]"
6092,"[1926, 1064, 1704, 1705, 1761]"
6093,"[1775, 275, 912, 478, 1924]"
6094,"[1761, 454, 455, 1705, 258]"
6095,"[1926, 1704, 1760, 1761, 1758]"
6096,"[1040, 1705, 1704, 320, 1136]"
6097,"[1833, 1828, 1837, 102, 1753]"
6098,"[1926, 1924, 1704, 1705, 1761]"
6099,"[1705, 1704, 1916, 1030, 341]"
6100,"[783, 1926, 1705, 1704, 1249]"
6101,"[1704, 1705, 1761, 1760, 1758]"
6102,"[116, 1924, 478, 113, 455]"
6103,"[1112, 1277, 666, 1704, 1761]"
6104,"[1750, 1705, 113, 455, 1676]"
6105,"[98, 97, 96, 165, 1704]"
6106,"[1030, 1705, 1704, 615, 1926]"
6107,"[1750, 692, 1760, 455, 1705]"
6108,"[1704, 1705, 1760, 1761, 1025]"
6109,"[1824, 696, 915, 695, 410]"
6110,"[1704, 1761, 1760, 1705, 1762]"
6111,"[290, 1304, 1019, 783, 206]"
6112,"[1721, 1760, 618, 1761, 36]"
6113,"[1704, 1761, 1760, 1705, 1758]"
6114,"[275, 108, 912, 1792, 1793]"
6115,"[1760, 1704, 1926, 1705, 1761]"
6116,"[1697, 1696, 1698, 1147, 411]"
6117,"[1705, 1704, 673, 1655, 848]"
6118,"[783, 1271, 1704, 706, 692]"
6119,"[1186, 1273, 447, 371, 1637]"
6120,"[1772, 1924, 1210, 777, 783]"
6121,"[1659, 1607, 310, 1157, 98]"
6122,"[1752, 1073, 1160, 992, 1618]"
6123,"[455, 116, 888, 114, 368]"
6124,"[346, 108, 616, 1721, 1142]"
6125,"[1704, 1705, 1760, 1761, 1758]"
6126,"[361, 1760, 1704, 1705, 1761]"
6127,"[320, 317, 1133, 258, 1128]"
6128,"[258, 1064, 1761, 1705, 1704]"
6129,"[1773, 1273, 447, 717, 1758]"
6130,"[165, 1750, 455, 125, 116]"
6131,"[1030, 1705, 1704, 1924, 1761]"
6132,"[1073, 441, 281, 1191, 1255]"
6133,"[1742, 677, 1550, 1536, 1521]"
6134,"[1122, 1924, 1704, 1705, 325]"
6135,"[1071, 1052, 878, 1776, 1757]"
6136,"[1907, 1018, 1146, 1761, 1760]"
6137,"[1163, 1758, 1704, 1192, 614]"
6138,"[628, 656, 651, 663, 653]"
6139,"[1936, 1828, 1837, 1833, 1866]"
6140,"[1022, 477, 1770, 1704, 1705]"
6141,"[1915, 1705, 1704, 441, 402]"
6142,"[408, 116, 455, 454, 1529]"
6143,"[1028, 286, 1246, 18, 966]"
6144,"[1196, 1627, 1046, 1705, 1704]"
6145,"[628, 1795, 1833, 1837, 1819]"
6146,"[341, 1560, 314, 696, 676]"
6147,"[1704, 1705, 46, 887, 609]"
6148,"[86, 1866, 1936, 1935, 1833]"
6149,"[1704, 1147, 272, 108, 318]"
6150,"[272, 290, 1016, 1164, 1189]"
6151,"[1704, 126, 1705, 86, 1758]"
6152,"[1936, 1853, 1833, 1837, 1828]"
6153,"[171, 1155, 382, 1704, 1705]"
6154,"[1552, 925, 1705, 1704, 60]"
6155,"[1704, 1705, 1789, 1787, 1788]"
6156,"[1935, 1837, 1833, 1828, 1936]"
6157,"[171, 1155, 665, 350, 281]"
6158,"[332, 616, 274, 279, 382]"
6159,"[1902, 101, 1552, 1915, 677]"
6160,"[1550, 1752, 1041, 509, 415]"
6161,"[665, 171, 1155, 102, 1746]"
6162,"[1705, 1064, 1073, 1704, 1550]"
6163,"[677, 398, 1789, 1790, 1791]"
6164,"[1936, 1935, 1598, 1566, 98]"
6165,"[98, 97, 96, 1746, 102]"
6166,"[1146, 1705, 1704, 1137, 1155]"
6167,"[441, 952, 1188, 620, 470]"
6168,"[113, 1536, 114, 1192, 1704]"
6169,"[1936, 1865, 1828, 1833, 1837]"
6170,"[1155, 350, 1793, 1046, 1790]"
6171,"[140, 916, 1936, 1566, 1863]"
6172,"[1750, 1795, 1913, 1269, 108]"
6173,"[629, 1746, 102, 96, 98]"
6174,"[1025, 159, 937, 409, 126]"
6175,"[1704, 1705, 1924, 43, 1937]"
6176,"[314, 313, 1747, 865, 863]"
6177,"[865, 1747, 863, 677, 1733]"
6178,"[313, 314, 1923, 1747, 865]"
6179,"[314, 1119, 427, 1120, 1102]"
6180,"[863, 865, 1747, 171, 1740]"
6181,"[1747, 863, 865, 1566, 773]"
6182,"[314, 1116, 1923, 122, 1742]"
6183,"[1705, 1704, 1924, 1747, 863]"
6184,"[313, 314, 1747, 865, 863]"
6185,"[1747, 865, 863, 314, 313]"
6186,"[1182, 819, 627, 1598, 863]"
6187,"[314, 313, 1747, 865, 677]"
6188,"[1923, 863, 865, 1747, 122]"
6189,"[314, 1747, 863, 865, 1792]"
6190,"[118, 314, 1028, 865, 1747]"
6191,"[955, 971, 972, 973, 974]"
6192,"[1027, 361, 265, 1041, 447]"
6193,"[335, 1761, 528, 1507, 1695]"
6194,"[1747, 863, 865, 1924, 1758]"
6195,"[364, 1116, 1064, 1704, 1705]"
6196,"[865, 863, 1747, 920, 113]"
6197,"[863, 1747, 865, 73, 1705]"
6198,"[314, 1116, 1923, 1693, 1118]"
6199,"[863, 1747, 865, 1275, 1627]"
6200,"[1747, 865, 863, 1762, 451]"
6201,"[314, 1747, 865, 863, 313]"
6202,"[865, 863, 1747, 1875, 904]"
6203,"[313, 1925, 314, 1745, 1671]"
6204,"[171, 1837, 1828, 1833, 1936]"
6205,"[1544, 409, 1713, 1746, 102]"
6206,"[313, 1747, 865, 863, 314]"
6207,"[865, 863, 1747, 1598, 175]"
6208,"[1747, 863, 865, 440, 451]"
6209,"[655, 1758, 367, 265, 372]"
6210,"[1147, 1273, 447, 1001, 361]"
6211,"[904, 863, 1747, 865, 620]"
6212,"[1073, 1086, 1148, 341, 1626]"
6213,"[1747, 865, 863, 314, 59]"
6214,"[314, 1936, 1933, 1937, 1649]"
6215,"[59, 1747, 865, 863, 1705]"
6216,"[863, 865, 1747, 314, 165]"
6217,"[819, 865, 863, 1747, 1598]"
6218,"[1747, 865, 863, 1717, 1924]"
6219,"[1924, 313, 1761, 528, 1507]"
6220,"[98, 96, 102, 97, 455]"
6221,"[455, 1192, 1567, 1727, 1880]"
6222,"[455, 454, 1567, 124, 1880]"
6223,"[455, 454, 1567, 1704, 1705]"
6224,"[1758, 1704, 1705, 1762, 292]"
6225,"[124, 1697, 1880, 1567, 1705]"
6226,"[455, 454, 1177, 1745, 1671]"
6227,"[1880, 1567, 1705, 1727, 1704]"
6228,"[1299, 407, 406, 829, 1570]"
6229,"[1705, 1704, 1758, 1760, 1762]"
6230,"[1636, 455, 124, 16, 1880]"
6231,"[455, 454, 1676, 124, 878]"
6232,"[16, 1544, 1722, 1787, 1788]"
6233,"[441, 692, 1636, 688, 455]"
6234,"[1880, 1567, 1705, 16, 1704]"
6235,"[1526, 455, 454, 1125, 926]"
6236,"[454, 1726, 455, 1119, 1567]"
6237,"[292, 692, 1758, 1705, 1704]"
6238,"[1773, 1064, 1704, 1705, 455]"
6239,"[467, 291, 1704, 1705, 321]"
6240,"[1277, 16, 1125, 454, 164]"
6241,"[1064, 1040, 455, 454, 124]"
6242,"[1636, 1705, 455, 1704, 1277]"
6243,"[1113, 16, 1705, 1191, 1119]"
6244,"[1567, 79, 126, 825, 1704]"
6245,"[1704, 1758, 1762, 1705, 1761]"
6246,"[455, 454, 375, 1277, 1705]"
6247,"[1705, 1704, 102, 1760, 1761]"
6248,"[1191, 1119, 1880, 1567, 1705]"
6249,"[114, 89, 1567, 396, 1705]"
6250,"[1636, 1705, 1704, 454, 455]"
6251,"[1636, 438, 455, 454, 440]"
6252,"[1769, 1705, 1710, 106, 1862]"
6253,"[1705, 1129, 1704, 98, 97]"
6254,"[1762, 1760, 1880, 16, 1924]"
6255,"[1880, 1567, 1705, 124, 1799]"
6256,"[1866, 1829, 1795, 409, 1704]"
6257,"[535, 1705, 455, 1704, 114]"
6258,"[375, 455, 454, 1567, 1880]"
6259,"[1758, 1762, 1760, 1761, 718]"
6260,"[1617, 1760, 1761, 455, 1191]"
6261,"[1899, 60, 1526, 116, 114]"
6262,"[114, 1880, 361, 1705, 1567]"
6263,"[1064, 455, 454, 1191, 1704]"
6264,"[1705, 1704, 1062, 1721, 1129]"
6265,"[1896, 1607, 1704, 1705, 97]"
6266,"[699, 313, 363, 1257, 374]"
6267,"[1021, 379, 116, 113, 455]"
6268,"[164, 1558, 1025, 937, 159]"
6269,"[1907, 1035, 1067, 1769, 1768]"
6270,"[1758, 1769, 1567, 1762, 1705]"
6271,"[1899, 108, 368, 1113, 1019]"
6272,"[1769, 1567, 1704, 1705, 1880]"
6273,"[361, 1273, 1705, 1704, 1758]"
6274,"[321, 1025, 937, 159, 1191]"
6275,"[1761, 1907, 1760, 1793, 1792]"
6276,"[1761, 1704, 1705, 1760, 1115]"
6277,"[1068, 1750, 165, 1749, 1924]"
6278,"[368, 455, 116, 1567, 1880]"
6279,"[1775, 1768, 361, 1570, 1773]"
6280,"[1607, 308, 307, 1705, 1704]"
6281,"[1157, 992, 455, 1042, 1880]"
6282,"[1705, 1704, 368, 1769, 372]"
6283,"[1627, 1527, 1905, 1907, 928]"
6284,"[1567, 98, 97, 96, 1618]"
6285,"[1015, 1768, 1775, 1705, 1704]"
6286,"[383, 1704, 1705, 1567, 1274]"
6287,"[1770, 1760, 1758, 1762, 1761]"
6288,"[1761, 372, 1098, 1721, 1704]"
6289,"[1042, 368, 455, 886, 1752]"
6290,"[1157, 920, 102, 409, 455]"
6291,"[1769, 1557, 1705, 1758, 1762]"
6292,"[1875, 627, 1704, 741, 1762]"
6293,"[902, 1916, 1202, 410, 599]"
6294,"[1268, 259, 224, 1567, 441]"
6295,"[1192, 106, 1915, 1567, 878]"
6296,"[1705, 97, 96, 1704, 89]"
6297,"[108, 1068, 1063, 1721, 372]"
6298,"[1704, 1705, 1557, 1769, 819]"
6299,"[1704, 1705, 1765, 1777, 1875]"
6300,"[688, 677, 1567, 1880, 376]"
6301,"[1724, 368, 372, 455, 692]"
6302,"[1724, 1272, 108, 455, 1042]"
6303,"[1704, 1705, 1795, 1872, 1835]"
6304,"[1705, 1704, 1157, 319, 438]"
6305,"[1896, 921, 1627, 924, 1157]"
6306,"[1896, 1157, 1704, 1705, 1761]"
6307,"[1704, 1705, 496, 1795, 1721]"
6308,"[1704, 1705, 675, 1049, 154]"
6309,"[1146, 1022, 1059, 700, 310]"
6310,"[1011, 188, 1615, 1556, 1538]"
6311,"[1627, 113, 209, 972, 970]"
6312,"[1705, 1704, 1348, 1275, 1695]"
6313,"[1858, 1705, 1704, 1053, 358]"
6314,"[1915, 854, 120, 1661, 1697]"
6315,"[223, 1875, 1704, 1705, 269]"
6316,"[1704, 1762, 1758, 285, 1705]"
6317,"[1924, 1627, 310, 1191, 128]"
6318,"[1011, 1257, 455, 1638, 346]"
6319,"[1788, 1787, 1786, 304, 283]"
6320,"[1059, 374, 349, 358, 1161]"
6321,"[1059, 1884, 455, 310, 1636]"
6322,"[320, 206, 209, 208, 955]"
6323,"[1627, 1191, 409, 1899, 358]"
6324,"[269, 285, 470, 620, 1704]"
6325,"[1157, 1758, 1773, 310, 1705]"
6326,"[1705, 310, 1704, 1702, 1881]"
6327,"[961, 1493, 1479, 1464, 751]"
6328,"[358, 547, 306, 1143, 1191]"
6329,"[1050, 286, 976, 285, 209]"
6330,"[341, 972, 976, 974, 978]"
6331,"[1102, 306, 1790, 1791, 1792]"
6332,"[390, 978, 976, 972, 973]"
6333,"[1146, 310, 349, 397, 374]"
6334,"[972, 976, 974, 978, 968]"
6335,"[1863, 1936, 1828, 1833, 1837]"
6336,"[614, 25, 28, 125, 1750]"
6337,"[28, 206, 209, 978, 973]"
6338,"[1697, 1022, 1344, 1184, 273]"
6339,"[443, 970, 968, 955, 972]"
6340,"[285, 978, 968, 970, 973]"
6341,"[455, 1705, 1704, 206, 978]"
6342,"[1900, 297, 443, 1638, 303]"
6343,"[1915, 815, 1884, 1704, 619]"
6344,"[1915, 1586, 999, 1011, 854]"
6345,"[285, 269, 1762, 1758, 978]"
6346,"[1059, 812, 700, 310, 1249]"
6347,"[1297, 675, 1793, 1792, 125]"
6348,"[976, 971, 955, 974, 978]"
6349,"[1102, 1274, 28, 341, 978]"
6350,"[1165, 1627, 955, 208, 209]"
6351,"[7, 1086, 440, 341, 1147]"
6352,"[1116, 81, 1705, 441, 96]"
6353,"[1185, 956, 1043, 676, 1607]"
6354,"[112, 890, 1915, 116, 59]"
6355,"[1285, 1752, 1137, 159, 937]"
6356,"[265, 675, 1788, 1787, 1088]"
6357,"[1875, 1760, 1761, 1924, 1786]"
6358,"[321, 1758, 1040, 1762, 1257]"
6359,"[1536, 409, 98, 96, 890]"
6360,"[1879, 1704, 1881, 1880, 1705]"
6361,"[615, 1926, 1066, 1705, 1704]"
6362,"[1056, 1874, 1116, 327, 440]"
6363,"[1915, 677, 409, 102, 98]"
6364,"[1344, 1297, 1697, 125, 108]"
6365,"[919, 113, 1526, 1705, 1144]"
6366,"[677, 1612, 1762, 1269, 1758]"
6367,"[1185, 1040, 956, 688, 324]"
6368,"[1025, 937, 159, 102, 425]"
6369,"[1915, 1030, 1066, 1907, 509]"
6370,"[1675, 1750, 101, 1915, 1704]"
6371,"[409, 1536, 1064, 112, 618]"
6372,"[677, 1705, 1704, 101, 596]"
6373,"[1915, 125, 1638, 1149, 1748]"
6374,"[1674, 1160, 1900, 1529, 125]"
6375,"[451, 1298, 370, 440, 1704]"
6376,"[1185, 424, 408, 1705, 1704]"
6377,"[409, 1112, 1662, 1910, 1705]"
6378,"[424, 878, 1758, 1064, 956]"
6379,"[937, 1025, 159, 1769, 1752]"
6380,"[1536, 688, 1636, 438, 1516]"
6381,"[1677, 1753, 1788, 1787, 1786]"
6382,"[1900, 1675, 101, 1676, 408]"
6383,"[101, 1900, 1917, 408, 359]"
6384,"[1915, 409, 108, 1704, 1705]"
6385,"[1704, 1705, 1077, 1262, 980]"
6386,"[1705, 1766, 1704, 1364, 1763]"
6387,"[1030, 92, 1268, 1050, 1172]"
6388,"[1705, 1704, 1913, 1014, 1762]"
6389,"[101, 1705, 116, 1926, 1768]"
6390,"[147, 918, 584, 1609, 1704]"
6391,"[424, 848, 1704, 1705, 1721]"
6392,"[1536, 409, 98, 96, 890]"
6393,"[1096, 370, 956, 424, 1574]"
6394,"[101, 112, 1704, 1705, 1269]"
6395,"[1704, 868, 618, 1748, 1662]"
6396,"[1279, 1705, 1704, 1753, 1750]"
6397,"[1272, 1690, 1704, 1875, 669]"
6398,"[1335, 1766, 1330, 1752, 1329]"
6399,"[1279, 1066, 1750, 759, 1165]"
6400,"[1936, 1277, 1807, 1295, 773]"
6401,"[1750, 1158, 1807, 1135, 89]"
6402,"[677, 376, 496, 1705, 1704]"
6403,"[1178, 1536, 1603, 386, 1789]"
6404,"[1704, 1705, 848, 1202, 410]"
6405,"[1752, 628, 1381, 1766, 486]"
6406,"[1285, 365, 1008, 1766, 774]"
6407,"[1677, 1875, 1705, 1704, 440]"
6408,"[1865, 1866, 1705, 1704, 1816]"
6409,"[1279, 1086, 866, 1030, 1705]"
6410,"[1178, 1091, 1916, 688, 1014]"
6411,"[1279, 1163, 1086, 273, 346]"
6412,"[1279, 1816, 1813, 1811, 1814]"
6413,"[1924, 1916, 1906, 1528, 1775]"
6414,"[408, 306, 1279, 1828, 1837]"
6415,"[1705, 1704, 1262, 338, 283]"
6416,"[1863, 1837, 1833, 90, 1862]"
6417,"[1915, 1750, 1655, 1277, 116]"
6418,"[1807, 1544, 688, 1722, 1705]"
6419,"[1279, 1104, 1088, 1282, 1727]"
6420,"[1636, 442, 1807, 1924, 478]"
6421,"[851, 1807, 255, 1651, 205]"
6422,"[1704, 1705, 297, 171, 1927]"
6423,"[677, 688, 376, 1196, 409]"
6424,"[451, 1662, 455, 1884, 1936]"
6425,"[367, 208, 1705, 1704, 1793]"
6426,"[1705, 1704, 1761, 1926, 447]"
6427,"[1807, 128, 387, 1157, 1608]"
6428,"[1164, 359, 432, 997, 1672]"
6429,"[1279, 1773, 862, 1793, 1761]"
6430,"[1750, 1649, 1020, 1277, 1077]"
6431,"[1807, 1916, 1705, 1704, 89]"
6432,"[1279, 1937, 1750, 73, 1792]"
6433,"[73, 154, 1649, 2, 3]"
6434,"[1285, 365, 437, 1156, 1799]"
6435,"[1158, 1279, 1637, 164, 921]"
6436,"[1086, 1807, 978, 976, 974]"
6437,"[1279, 1277, 1936, 444, 113]"
6438,"[1279, 1915, 862, 1793, 1638]"
6439,"[1603, 1204, 1916, 1271, 1775]"
6440,"[440, 97, 96, 1196, 98]"
6441,"[1936, 1828, 1833, 1837, 1935]"
6442,"[475, 60, 1249, 1705, 1704]"
6443,"[992, 347, 1155, 1704, 1705]"
6444,"[678, 379, 330, 1129, 440]"
6445,"[451, 675, 618, 113, 116]"
6446,"[1112, 1262, 320, 1113, 1126]"
6447,"[1791, 1790, 1789, 125, 1536]"
6448,"[916, 140, 147, 913, 145]"
6449,"[1752, 1313, 677, 1522, 46]"
6450,"[1545, 1672, 1029, 1031, 166]"
6451,"[98, 1262, 97, 96, 1313]"
6452,"[1705, 1704, 1762, 1758, 1257]"
6453,"[618, 1705, 1704, 460, 1281]"
6454,"[338, 675, 98, 97, 96]"
6455,"[1259, 1253, 98, 1262, 1064]"
6456,"[1746, 97, 98, 1752, 409]"
6457,"[98, 307, 97, 96, 1262]"
6458,"[1299, 368, 440, 98, 1899]"
6459,"[338, 98, 1011, 97, 96]"
6460,"[1921, 1068, 451, 1638, 116]"
6461,"[368, 1132, 1262, 1196, 98]"
6462,"[338, 1262, 440, 98, 1071]"
6463,"[654, 663, 633, 666, 979]"
6464,"[979, 294, 1704, 1705, 994]"
6465,"[1704, 917, 1762, 1776, 1757]"
6466,"[1262, 98, 97, 96, 1313]"
6467,"[676, 96, 97, 98, 409]"
6468,"[459, 1272, 1309, 1306, 100]"
6469,"[1053, 1087, 358, 346, 995]"
6470,"[1543, 1253, 417, 1561, 1298]"
6471,"[98, 97, 96, 307, 1262]"
6472,"[341, 447, 1270, 441, 1705]"
6473,"[98, 307, 1262, 96, 97]"
6474,"[98, 1262, 1313, 97, 96]"
6475,"[1799, 1798, 1782, 1781, 1650]"
6476,"[1522, 848, 98, 1075, 307]"
6477,"[376, 1086, 1690, 1705, 1704]"
6478,"[618, 112, 113, 1121, 116]"
6479,"[629, 1746, 98, 96, 97]"
6480,"[424, 284, 515, 302, 367]"
6481,"[1795, 350, 1262, 283, 1398]"
6482,"[1651, 1313, 356, 726, 1650]"
6483,"[1649, 347, 1118, 1753, 302]"
6484,"[290, 1828, 1837, 1833, 1936]"
6485,"[1179, 919, 175, 173, 169]"
6486,"[1895, 1936, 1935, 1837, 1833]"
6487,"[863, 1747, 865, 699, 175]"
6488,"[1772, 1065, 959, 1705, 1704]"
6489,"[1705, 987, 963, 205, 154]"
6490,"[1895, 1704, 1705, 1803, 1779]"
6491,"[1936, 1895, 1566, 863, 1747]"
6492,"[801, 1731, 1728, 1155, 108]"
6493,"[1934, 1344, 1275, 1924, 1697]"
6494,"[1769, 727, 1650, 726, 855]"
6495,"[1705, 1704, 1759, 1752, 1764]"
6496,"[1287, 318, 1045, 110, 1704]"
6497,"[1866, 1823, 1627, 1299, 1253]"
6498,"[1915, 1936, 927, 1566, 1866]"
6499,"[1570, 188, 978, 1705, 1704]"
6500,"[356, 727, 726, 1650, 338]"
6501,"[1759, 1764, 1792, 1791, 1096]"
6502,"[205, 1792, 1791, 955, 1277]"
6503,"[949, 1704, 1705, 705, 1091]"
6504,"[1907, 1704, 1705, 1760, 1765]"
6505,"[221, 116, 351, 977, 468]"
6506,"[1772, 1936, 290, 300, 1566]"
6507,"[29, 273, 113, 455, 1659]"
6508,"[1936, 1935, 1828, 1833, 1837]"
6509,"[133, 1158, 1799, 1802, 1804]"
6510,"[442, 1705, 1704, 1699, 1803]"
6511,"[1705, 1704, 1756, 107, 733]"
6512,"[1936, 1935, 1837, 1833, 1828]"
6513,"[1733, 780, 1737, 773, 782]"
6514,"[1187, 1907, 438, 1636, 1030]"
6515,"[1936, 1935, 1837, 1828, 1833]"
6516,"[1705, 1150, 1704, 1721, 259]"
6517,"[1705, 1704, 1042, 1065, 957]"
6518,"[1936, 1863, 677, 1566, 1862]"
6519,"[1705, 1704, 1270, 1020, 1737]"
6520,"[1753, 1119, 998, 1603, 284]"
6521,"[361, 1704, 1705, 1760, 1761]"
6522,"[1250, 370, 1676, 1299, 1298]"
6523,"[1727, 1731, 1190, 383, 381]"
6524,"[1287, 746, 1877, 1015, 1875]"
6525,"[692, 631, 714, 1275, 1727]"
6526,"[1936, 1772, 290, 442, 927]"
6527,"[1895, 1875, 762, 758, 996]"
6528,"[1147, 1761, 163, 1705, 1704]"
6529,"[1761, 1705, 1704, 1760, 1752]"
6530,"[124, 1750, 1746, 102, 1762]"
6531,"[1733, 114, 1567, 455, 1704]"
6532,"[455, 438, 1636, 116, 1761]"
6533,"[1915, 675, 438, 1636, 371]"
6534,"[163, 455, 144, 938, 116]"
6535,"[478, 1924, 163, 938, 175]"
6536,"[1704, 1705, 199, 906, 1760]"
6537,"[455, 1761, 938, 921, 175]"
6538,"[1690, 1884, 438, 1636, 619]"
6539,"[1792, 1793, 1790, 1789, 397]"
6540,"[1636, 438, 455, 16, 1762]"
6541,"[455, 1113, 1768, 1774, 108]"
6542,"[1749, 1924, 1746, 1750, 1025]"
6543,"[1915, 1246, 1746, 1750, 108]"
6544,"[677, 1750, 1704, 1705, 1746]"
6545,"[1186, 1750, 1760, 1038, 992]"
6546,"[438, 1636, 1129, 1758, 455]"
6547,"[455, 163, 175, 164, 116]"
6548,"[165, 1884, 938, 175, 163]"
6549,"[1753, 116, 1755, 1704, 1705]"
6550,"[455, 114, 116, 1915, 408]"
6551,"[938, 165, 164, 163, 1924]"
6552,"[1705, 1704, 1924, 478, 199]"
6553,"[1924, 1753, 1705, 1704, 175]"
6554,"[1761, 675, 1884, 1758, 1762]"
6555,"[1710, 1761, 1760, 1704, 1773]"
6556,"[1924, 455, 478, 175, 116]"
6557,"[1924, 1750, 1761, 478, 1746]"
6558,"[455, 369, 125, 438, 1636]"
6559,"[386, 966, 959, 1246, 958]"
6560,"[1884, 438, 1636, 1910, 98]"
6561,"[455, 438, 1636, 1884, 619]"
6562,"[455, 116, 1705, 163, 175]"
6563,"[878, 175, 922, 938, 1536]"
6564,"[1704, 1705, 1753, 1755, 1147]"
6565,"[1750, 1924, 1761, 1760, 1704]"
6566,"[1924, 1746, 675, 1884, 1526]"
6567,"[1924, 1020, 1793, 1789, 1792]"
6568,"[1710, 1183, 1275, 1137, 108]"
6569,"[1704, 455, 1705, 1761, 1760]"
6570,"[116, 1705, 1704, 455, 114]"
6571,"[1746, 675, 919, 1749, 1750]"
6572,"[441, 1758, 1760, 97, 98]"
6573,"[1750, 1761, 1921, 919, 1746]"
6574,"[190, 1704, 1758, 1762, 1705]"
6575,"[1038, 380, 441, 1758, 1762]"
6576,"[1879, 1785, 1038, 1488, 1731]"
6577,"[1704, 1705, 1773, 1297, 1746]"
6578,"[441, 1762, 1758, 1731, 919]"
6579,"[1762, 1758, 1760, 1761, 1704]"
6580,"[1607, 97, 96, 1272, 1196]"
6581,"[455, 25, 1639, 1713, 1704]"
6582,"[1784, 1924, 451, 678, 1275]"
6583,"[919, 165, 159, 1025, 937]"
6584,"[1915, 1913, 1924, 1704, 1705]"
6585,"[1761, 163, 165, 919, 175]"
6586,"[386, 1704, 101, 116, 1077]"
6587,"[1705, 1704, 1761, 449, 1921]"
6588,"[1704, 1705, 1773, 89, 1800]"
6589,"[1704, 1705, 440, 1773, 1001]"
6590,"[653, 1705, 1704, 643, 1915]"
6591,"[1147, 1544, 692, 1768, 1775]"
6592,"[380, 441, 1038, 1760, 1758]"
6593,"[1727, 1617, 1728, 1917, 784]"
6594,"[1752, 102, 396, 1746, 409]"
6595,"[140, 148, 916, 145, 90]"
6596,"[1617, 1760, 1761, 98, 1704]"
6597,"[1202, 410, 1705, 1704, 170]"
6598,"[1202, 410, 1777, 1765, 164]"
6599,"[1185, 1675, 408, 1344, 848]"
6600,"[1705, 1277, 89, 116, 1704]"
6601,"[1257, 165, 1025, 937, 159]"
6602,"[1185, 1675, 159, 937, 1025]"
6603,"[292, 1762, 1760, 1761, 1617]"
6604,"[1086, 902, 1528, 1906, 1185]"
6605,"[165, 937, 159, 1025, 1927]"
6606,"[102, 1636, 1536, 409, 98]"
6607,"[1761, 1760, 1617, 1025, 937]"
6608,"[1704, 1705, 372, 1068, 1770]"
6609,"[102, 1705, 1750, 1704, 1765]"
6610,"[164, 1025, 937, 159, 165]"
6611,"[1705, 1704, 1257, 289, 1202]"
6612,"[1705, 1704, 1298, 1825, 737]"
6613,"[368, 1915, 1762, 1077, 1758]"
6614,"[108, 1759, 1705, 1704, 1766]"
6615,"[1704, 1705, 1761, 1760, 1762]"
6616,"[97, 96, 938, 102, 1637]"
6617,"[1086, 1637, 164, 921, 1277]"
6618,"[164, 921, 919, 163, 165]"
6619,"[1915, 116, 408, 455, 1793]"
6620,"[1185, 396, 1675, 408, 455]"
6621,"[1748, 868, 365, 1156, 1071]"
6622,"[1704, 1705, 438, 1636, 1637]"
6623,"[1704, 1705, 1185, 938, 1044]"
6624,"[1125, 1618, 1602, 1299, 1758]"
6625,"[1185, 396, 1675, 408, 455]"
6626,"[924, 921, 938, 164, 1746]"
6627,"[737, 719, 1915, 1705, 1704]"
6628,"[1618, 1915, 924, 935, 1029]"
6629,"[1915, 396, 1704, 159, 937]"
6630,"[760, 1025, 937, 159, 165]"
6631,"[924, 1627, 1905, 165, 1527]"
6632,"[1915, 102, 1746, 409, 1905]"
6633,"[1202, 410, 163, 919, 1742]"
6634,"[1185, 1202, 410, 1618, 1704]"
6635,"[116, 1185, 1704, 1705, 408]"
6636,"[89, 1567, 1116, 1118, 992]"
6637,"[812, 356, 359, 862, 1627]"
6638,"[1001, 257, 108, 1794, 384]"
6639,"[1697, 89, 1924, 1116, 124]"
6640,"[1022, 1116, 866, 1118, 89]"
6641,"[385, 1185, 1162, 1183, 383]"
6642,"[1070, 16, 1762, 692, 455]"
6643,"[1118, 1326, 89, 1116, 1704]"
6644,"[120, 455, 1924, 116, 1676]"
6645,"[1875, 120, 1924, 65, 1681]"
6646,"[1924, 1705, 1704, 409, 290]"
6647,"[120, 65, 1681, 228, 751]"
6648,"[1920, 175, 670, 1590, 1705]"
6649,"[1032, 811, 1066, 681, 1915]"
6650,"[460, 1281, 281, 311, 1310]"
6651,"[1526, 1899, 408, 1536, 89]"
6652,"[1837, 1833, 1828, 1704, 289]"
6653,"[102, 1746, 98, 97, 96]"
6654,"[455, 98, 1636, 1567, 102]"
6655,"[919, 1904, 1905, 1527, 1627]"
6656,"[983, 171, 1704, 1705, 1700]"
6657,"[1907, 1705, 1704, 1762, 1758]"
6658,"[1647, 785, 1746, 1729, 1728]"
6659,"[395, 1931, 1030, 692, 403]"
6660,"[1929, 1592, 1636, 1191, 1695]"
6661,"[1705, 1704, 1924, 1750, 124]"
6662,"[1301, 1771, 452, 403, 1300]"
6663,"[819, 96, 98, 409, 97]"
6664,"[1526, 928, 1922, 1897, 1899]"
6665,"[108, 1055, 959, 1721, 990]"
6666,"[1768, 1769, 1705, 1704, 1727]"
6667,"[1936, 1837, 1833, 1828, 1935]"
6668,"[1042, 377, 1159, 1041, 265]"
6669,"[904, 1313, 925, 937, 1118]"
6670,"[361, 1281, 79, 341, 669]"
6671,"[1798, 1781, 1782, 849, 1799]"
6672,"[1905, 927, 1044, 1627, 409]"
6673,"[1768, 1775, 1704, 1781, 1804]"
6674,"[865, 863, 1747, 1275, 451]"
6675,"[1936, 1915, 1566, 1828, 1837]"
6676,"[1762, 1758, 1705, 1704, 409]"
6677,"[1788, 1789, 1787, 1786, 1908]"
6678,"[663, 1705, 1937, 126, 1924]"
6679,"[1063, 1068, 1758, 1011, 380]"
6680,"[370, 1183, 345, 707, 360]"
6681,"[669, 1915, 1750, 359, 116]"
6682,"[955, 971, 972, 973, 974]"
6683,"[423, 1244, 125, 902, 1705]"
6684,"[1795, 140, 916, 145, 148]"
6685,"[116, 920, 108, 918, 451]"
6686,"[1752, 291, 667, 1937, 1705]"
6687,"[1705, 1704, 1764, 1776, 1757]"
6688,"[1774, 1773, 819, 1704, 1705]"
6689,"[665, 629, 1028, 658, 1705]"
6690,"[1750, 1158, 1807, 1135, 89]"
6691,"[1307, 1880, 1567, 1705, 1704]"
6692,"[314, 1761, 1507, 528, 339]"
6693,"[915, 952, 150, 1039, 1754]"
6694,"[1704, 1617, 1705, 339, 1760]"
6695,"[1799, 1798, 1782, 1781, 1705]"
6696,"[1075, 1649, 1816, 1814, 1813]"
6697,"[1133, 1135, 1721, 1102, 1030]"
6698,"[1705, 1810, 1706, 1936, 290]"
6699,"[1202, 410, 1042, 175, 1866]"
6700,"[1064, 1141, 1536, 112, 1068]"
6701,"[125, 902, 1915, 677, 1244]"
6702,"[1915, 108, 1916, 1137, 1704]"
6703,"[32, 13, 1264, 1106, 1262]"
6704,"[125, 1124, 423, 1244, 1705]"
6705,"[924, 1915, 1924, 925, 1025]"
6706,"[1917, 1536, 171, 367, 116]"
6707,"[164, 1733, 1042, 1727, 1675]"
6708,"[1049, 410, 1202, 1060, 1041]"
6709,"[1704, 1705, 455, 1239, 292]"
6710,"[1705, 1924, 1704, 1870, 1874]"
6711,"[455, 1761, 116, 1924, 919]"
6712,"[1041, 1193, 1795, 1909, 677]"
6713,"[454, 455, 102, 291, 1758]"
6714,"[1014, 438, 1636, 1008, 727]"
6715,"[1705, 1704, 1762, 1758, 1760]"
6716,"[1918, 979, 211, 351, 64]"
6717,"[1030, 1704, 1705, 89, 289]"
6718,"[677, 1746, 98, 97, 96]"
6719,"[163, 455, 144, 938, 116]"
6720,"[1053, 1787, 1786, 1788, 1705]"
6721,"[1040, 358, 301, 126, 116]"
6722,"[438, 1636, 1637, 291, 455]"
6723,"[1761, 848, 1507, 1752, 528]"
6724,"[1896, 1608, 1157, 409, 102]"
6725,"[1863, 1936, 1700, 1866, 1935]"
6726,"[60, 98, 96, 97, 102]"
6727,"[455, 1191, 454, 98, 97]"
6728,"[924, 938, 1202, 410, 1044]"
6729,"[677, 219, 688, 952, 361]"
6730,"[1758, 1125, 1761, 1760, 1014]"
6731,"[1910, 1705, 1704, 692, 1907]"
6732,"[1760, 1761, 1762, 1758, 1705]"
6733,"[1675, 125, 408, 165, 1676]"
6734,"[1727, 116, 1704, 921, 159]"
6735,"[302, 294, 1528, 1906, 320]"
6736,"[1915, 203, 1866, 1837, 1833]"
6737,"[629, 350, 1155, 1030, 281]"
6738,"[1098, 108, 862, 1042, 455]"
6739,"[1772, 1567, 1907, 1880, 1021]"
6740,"[165, 164, 1032, 113, 116]"
6741,"[1026, 1133, 636, 1705, 1704]"
6742,"[1884, 619, 455, 438, 1636]"
6743,"[259, 1153, 1875, 1697, 1152]"
6744,"[1133, 1027, 376, 1705, 1704]"
6745,"[1770, 961, 1085, 1889, 1118]"
6746,"[438, 1636, 1637, 291, 455]"
6747,"[1704, 1705, 815, 89, 703]"
6748,"[1902, 98, 97, 96, 1552]"
6749,"[114, 1880, 1567, 1705, 1704]"
6750,"[455, 454, 1567, 1273, 447]"
6751,"[371, 1529, 1934, 1026, 60]"
6752,"[1536, 455, 1704, 1705, 125]"
6753,"[1627, 165, 164, 1704, 1924]"
6754,"[749, 171, 1776, 1757, 1704]"
6755,"[1019, 1075, 919, 1041, 819]"
6756,"[1244, 423, 125, 1757, 1776]"
6757,"[1907, 1033, 1052, 166, 1745]"
6758,"[615, 966, 1191, 455, 1627]"
6759,"[1603, 1202, 410, 670, 1916]"
6760,"[102, 1746, 97, 96, 98]"
6761,"[1747, 863, 865, 440, 451]"
6762,"[1704, 911, 344, 1516, 938]"
6763,"[1130, 97, 320, 1132, 1073]"
6764,"[120, 1681, 1000, 1683, 1116]"
6765,"[925, 1543, 1556, 1538, 1537]"
6766,"[922, 928, 1705, 1704, 102]"
6767,"[1705, 1025, 937, 159, 1914]"
6768,"[1760, 1758, 164, 1761, 175]"
6769,"[164, 938, 175, 98, 97]"
6770,"[1704, 1705, 314, 651, 1120]"
6771,"[34, 1705, 1704, 1727, 1131]"
6772,"[28, 1904, 89, 1191, 175]"
6773,"[318, 1024, 1797, 1069, 1044]"
6774,"[709, 1705, 1704, 338, 1133]"
6775,"[1068, 1561, 1924, 1128, 1902]"
6776,"[411, 605, 396, 1695, 1705]"
6777,"[1705, 1704, 1924, 773, 455]"
6778,"[1552, 1746, 102, 97, 96]"
6779,"[1704, 197, 1052, 164, 1079]"
6780,"[1184, 670, 1269, 1704, 405]"
6781,"[665, 1910, 182, 875, 68]"
6782,"[1705, 1704, 1164, 1189, 1167]"
6783,"[1742, 138, 141, 1564, 1548]"
6784,"[628, 902, 1014, 440, 1815]"
6785,"[1853, 290, 1936, 1833, 1828]"
6786,"[380, 1875, 1530, 1613, 1157]"
6787,"[1025, 937, 159, 1909, 102]"
6788,"[1559, 769, 767, 766, 764]"
6789,"[1765, 1777, 1704, 1752, 1761]"
6790,"[311, 1117, 1745, 1671, 1616]"
6791,"[1091, 1704, 1131, 7, 1073]"
6792,"[629, 1700, 1915, 124, 925]"
6793,"[291, 409, 1073, 1752, 314]"
6794,"[423, 1244, 125, 1705, 1704]"
6795,"[1713, 1905, 1527, 1627, 1705]"
6796,"[1118, 1700, 1022, 925, 477]"
6797,"[1030, 1148, 1531, 1056, 1257]"
6798,"[1750, 96, 98, 97, 1649]"
6799,"[1795, 361, 925, 1135, 1071]"
6800,"[1902, 1038, 116, 114, 371]"
6801,"[455, 461, 454, 1310, 467]"
6802,"[175, 1761, 164, 1272, 1434]"
6803,"[1761, 1760, 1704, 449, 1275]"
6804,"[899, 864, 1131, 313, 314]"
6805,"[1746, 102, 98, 96, 97]"
6806,"[1053, 361, 1032, 368, 1134]"
6807,"[782, 913, 140, 985, 212]"
6808,"[1119, 1699, 1202, 410, 1740]"
6809,"[1567, 1042, 1907, 1705, 1880]"
6810,"[693, 1904, 1068, 1063, 1662]"
6811,"[140, 916, 145, 148, 1704]"
6812,"[1902, 1746, 102, 877, 880]"
6813,"[1098, 1185, 98, 97, 96]"
6814,"[314, 339, 1758, 1704, 1705]"
6815,"[1705, 1704, 1909, 1770, 211]"
6816,"[1163, 1145, 1567, 372, 1769]"
6817,"[1766, 347, 1704, 1705, 676]"
6818,"[1764, 1759, 1752, 458, 1537]"
6819,"[124, 98, 97, 96, 716]"
6820,"[1705, 1704, 1803, 1085, 2]"
6821,"[1897, 89, 1907, 1529, 465]"
6822,"[1263, 1636, 438, 1704, 1705]"
6823,"[706, 164, 1762, 1758, 1697]"
6824,"[1279, 1295, 1936, 1277, 116]"
6825,"[920, 1618, 1907, 1793, 1792]"
6826,"[374, 372, 1704, 1042, 1775]"
6827,"[1705, 1275, 1758, 1163, 1704]"
6828,"[1070, 455, 1617, 454, 1675]"
6829,"[98, 96, 409, 97, 102]"
6830,"[1918, 979, 89, 1758, 1762]"
6831,"[1705, 1704, 1253, 1770, 211]"
6832,"[1073, 290, 467, 465, 281]"
6833,"[1705, 1704, 171, 1915, 1102]"
6834,"[1807, 1915, 1704, 1705, 1025]"
6835,"[1705, 1704, 819, 1762, 1758]"
6836,"[1001, 1742, 1030, 618, 83]"
6837,"[1727, 398, 1791, 1790, 1789]"
6838,"[1040, 925, 1130, 1795, 1700]"
6839,"[1752, 993, 1182, 359, 1021]"
6840,"[398, 90, 1863, 1791, 1790]"
6841,"[108, 1915, 216, 1746, 102]"
6842,"[164, 1617, 1042, 1263, 1750]"
6843,"[409, 692, 1746, 102, 124]"
6844,"[1705, 1704, 1764, 1863, 1793]"
6845,"[1936, 1935, 1828, 1837, 1833]"
6846,"[819, 1904, 1890, 1191, 1627]"
6847,"[1918, 979, 1803, 1800, 1780]"
6848,"[455, 1704, 164, 1705, 98]"
6849,"[1042, 1724, 1025, 730, 862]"
6850,"[1746, 1713, 692, 409, 1704]"
6851,"[1896, 1517, 1608, 1157, 1607]"
6852,"[1704, 1705, 1910, 1112, 291]"
6853,"[1705, 1704, 122, 1835, 1830]"
6854,"[1936, 1837, 1828, 1833, 1866]"
6855,"[1148, 1102, 116, 1704, 303]"
6856,"[210, 1052, 862, 221, 107]"
6857,"[866, 1795, 89, 1907, 1239]"
6858,"[1705, 1880, 1800, 1780, 1779]"
6859,"[1613, 1530, 291, 1704, 1705]"
6860,"[1750, 451, 60, 1271, 440]"
6861,"[1124, 1244, 423, 125, 902]"
6862,"[206, 208, 209, 972, 971]"
6863,"[1750, 1936, 1279, 455, 1676]"
6864,"[971, 165, 1025, 937, 159]"
6865,"[952, 915, 995, 709, 1924]"
6866,"[125, 1690, 423, 1244, 1626]"
6867,"[1153, 1014, 1116, 1704, 1924]"
6868,"[1924, 1042, 175, 886, 1041]"
6869,"[1705, 1761, 1760, 703, 1762]"
6870,"[97, 98, 96, 102, 1746]"
6871,"[1705, 1704, 681, 1081, 1087]"
6872,"[1118, 1746, 170, 1518, 96]"
6873,"[97, 98, 96, 60, 1746]"
6874,"[1022, 477, 1170, 1019, 360]"
6875,"[290, 1304, 1019, 783, 206]"
6876,"[937, 159, 1025, 1909, 1202]"
6877,"[754, 398, 90, 1789, 1790]"
6878,"[1185, 368, 455, 1317, 116]"
6879,"[1191, 1880, 1119, 1705, 1567]"
6880,"[96, 98, 97, 1129, 1746]"
6881,"[1752, 1754, 1758, 1814, 1813]"
6882,"[1704, 1705, 1677, 1675, 990]"
6883,"[98, 1746, 102, 1787, 1788]"
6884,"[1042, 1902, 1916, 1030, 165]"
6885,"[1705, 1704, 1070, 1627, 1527]"
6886,"[1705, 1704, 866, 1176, 993]"
6887,"[441, 1704, 1705, 1677, 1251]"
6888,"[1753, 1755, 1704, 1705, 1752]"
6889,"[1157, 1277, 692, 1636, 455]"
6890,"[1096, 1151, 1152, 1793, 1045]"
6891,"[258, 409, 102, 97, 98]"
6892,"[584, 1746, 102, 409, 96]"
6893,"[175, 1042, 1073, 1690, 292]"
6894,"[1536, 1758, 1762, 1704, 1760]"
6895,"[653, 120, 65, 1681, 228]"
6896,"[1896, 102, 1157, 97, 96]"
6897,"[1064, 1042, 1902, 320, 1133]"
6898,"[1704, 1705, 1759, 1795, 1753]"
6899,"[277, 1202, 410, 1113, 1303]"
6900,"[1157, 1769, 1768, 1705, 1704]"
6901,"[1704, 1705, 1567, 89, 455]"
6902,"[341, 1073, 692, 1147, 878]"
6903,"[1704, 1705, 1760, 1761, 815]"
6904,"[1705, 3, 1704, 2, 6]"
6905,"[90, 1549, 1282, 1081, 851]"
6906,"[1742, 1534, 1564, 1548, 1489]"
6907,"[1936, 1828, 1833, 1837, 1935]"
6908,"[1525, 1752, 1041, 692, 1524]"
6909,"[314, 865, 1747, 863, 1073]"
6910,"[89, 60, 1704, 1705, 171]"
6911,"[1155, 350, 1793, 1046, 1790]"
6912,"[128, 1796, 1753, 1760, 1761]"
6913,"[1014, 1042, 928, 692, 1157]"
6914,"[1746, 1921, 1299, 98, 96]"
6915,"[1915, 1526, 1705, 108, 116]"
6916,"[1567, 886, 1752, 1909, 1705]"
6917,"[1049, 1054, 1130, 152, 605]"
6918,"[455, 1909, 175, 1255, 124]"
6919,"[719, 727, 1650, 726, 729]"
6920,"[140, 145, 916, 148, 1863]"
6921,"[1102, 1084, 1807, 1086, 904]"
6922,"[1704, 1705, 1147, 1145, 794]"
6923,"[1157, 1035, 921, 1746, 98]"
6924,"[1866, 1936, 1828, 1837, 1833]"
6925,"[89, 1704, 1705, 1567, 677]"
6926,"[125, 1244, 423, 97, 96]"
6927,"[1026, 920, 1676, 1651, 1697]"
6928,"[108, 377, 98, 97, 96]"
6929,"[1636, 1704, 1705, 1272, 89]"
6930,"[1627, 1905, 1527, 866, 1907]"
6931,"[759, 1066, 761, 1534, 1920]"
6932,"[102, 1746, 98, 97, 96]"
6933,"[1902, 1936, 1866, 1837, 1833]"
6934,"[1907, 335, 1147, 384, 1699]"
6935,"[1034, 1649, 724, 738, 728]"
6936,"[1758, 1760, 1761, 1762, 1705]"
6937,"[70, 1022, 1156, 470, 620]"
6938,"[1761, 1507, 528, 297, 1434]"
6939,"[1041, 272, 1789, 1787, 1791]"
6940,"[938, 1434, 1924, 1761, 528]"
6941,"[1705, 1675, 1704, 98, 60]"
6942,"[1705, 961, 1880, 1144, 1704]"
6943,"[739, 1171, 385, 726, 727]"
6944,"[1705, 1704, 480, 1924, 478]"
6945,"[629, 60, 1776, 1757, 171]"
6946,"[1752, 1269, 1705, 1704, 1014]"
6947,"[1902, 1552, 1704, 1705, 60]"
6948,"[1773, 1794, 1705, 1085, 1704]"
6949,"[1617, 1828, 1837, 1833, 1866]"
6950,"[1030, 1041, 1592, 1916, 328]"
6951,"[175, 921, 1761, 164, 1133]"
6952,"[922, 1021, 126, 60, 1184]"
6953,"[1773, 1705, 1704, 219, 1762]"
6954,"[1042, 1916, 1073, 1025, 925]"
6955,"[1025, 937, 159, 165, 409]"
6956,"[1937, 1705, 1924, 1704, 1758]"
6957,"[170, 176, 925, 931, 924]"
6958,"[164, 165, 170, 928, 176]"
6959,"[1516, 98, 97, 96, 1746]"
6960,"[89, 1922, 1897, 1526, 113]"
6961,"[443, 970, 968, 955, 972]"
6962,"[1526, 776, 89, 171, 1922]"
6963,"[1567, 878, 114, 1880, 1705]"
6964,"[332, 388, 1280, 1640, 131]"
6965,"[409, 318, 1914, 937, 1025]"
6966,"[1915, 328, 1704, 1705, 1256]"
6967,"[922, 1904, 919, 89, 1924]"
6968,"[1705, 1704, 89, 1070, 1746]"
6969,"[98, 97, 96, 1746, 102]"
6970,"[922, 819, 1704, 1705, 1071]"
6971,"[924, 97, 96, 1558, 409]"
6972,"[1025, 937, 159, 124, 702]"
6973,"[1746, 102, 60, 716, 165]"
6974,"[1527, 1905, 313, 372, 1071]"
6975,"[1014, 98, 1042, 1157, 1705]"
6976,"[1761, 1760, 1775, 1072, 1704]"
6977,"[1636, 432, 1935, 438, 403]"
